# Blender 4.5.1 LTS
# www.blender.org
mtllib plant.mtl
o Trashcan.001
v -0.602833 -0.594285 0.014454
v -0.707008 -0.698460 2.014453
v -0.602833 0.594285 0.014454
v -0.707008 0.698460 2.014453
v 0.585737 -0.594285 0.014454
v 0.689912 -0.698460 2.014453
v 0.585737 0.594285 0.014454
v 0.689912 0.698460 2.014453
v -1.008548 -1.000000 2.014453
v -1.008548 1.000000 2.014453
v 0.991452 1.000000 2.014453
v 0.991452 -1.000000 2.014453
v -0.707008 -0.698460 1.825415
v -0.707008 0.698460 1.825415
v 0.689912 0.698460 1.825415
v 0.689912 -0.698460 1.825415
v -0.944578 0.796225 5.944674
v -0.944578 1.046751 5.694149
v -0.944578 1.182335 5.366820
v -0.944578 1.199782 5.189672
v -0.944578 1.182335 5.012524
v -0.944578 1.046751 4.685196
v -0.910018 0.465494 6.080258
v -0.876786 0.632562 6.028585
v -0.846159 0.786532 5.944674
v -0.819314 0.921488 5.831748
v -0.797284 1.032244 5.694149
v -0.780914 1.114543 5.537162
v -0.770833 1.165222 5.366820
v -0.767429 1.182335 5.189672
v -0.770833 1.165222 5.012524
v -0.780914 1.114543 4.842183
v -0.797284 1.032244 4.685196
v -0.819314 0.921488 4.547596
v -0.846159 0.786532 4.434670
v -0.876786 0.632562 4.350759
v -0.910018 0.465494 4.299087
v -0.876786 0.455413 6.080258
v -0.811599 0.612788 6.028585
v -0.751523 0.757824 5.944674
v -0.698865 0.884951 5.831748
v -0.655651 0.989280 5.694149
v -0.623539 1.066804 5.537162
v -0.603766 1.114543 5.366820
v -0.597088 1.130662 5.189672
v -0.603766 1.114543 5.012524
v -0.623539 1.066804 4.842183
v -0.655651 0.989280 4.685196
v -0.698865 0.884951 4.547596
v -0.751523 0.757824 4.434670
v -0.811599 0.612788 4.350759
v -0.876786 0.455413 4.299087
v -0.846159 0.439043 6.080258
v -0.751523 0.580676 6.028585
v -0.664305 0.711206 5.944674
v -0.587859 0.825616 5.831748
v -0.525121 0.919510 5.694149
v -0.478502 0.989280 5.537162
v -0.449795 1.032244 5.366820
v -0.440101 1.046751 5.189672
v -0.449795 1.032244 5.012524
v -0.478502 0.989280 4.842183
v -0.525121 0.919510 4.685196
v -0.587859 0.825616 4.547596
v -0.664305 0.711206 4.434670
v -0.751523 0.580676 4.350759
v -0.846159 0.439043 4.299087
v -0.819314 0.417012 6.080258
v -0.698865 0.537461 6.028585
v -0.587859 0.648468 5.944674
v -0.490561 0.745766 5.831748
v -0.410711 0.825616 5.694149
v -0.351376 0.884951 5.537162
v -0.314839 0.921488 5.366820
v -0.302501 0.933826 5.189672
v -0.314839 0.921488 5.012524
v -0.351376 0.884951 4.842183
v -0.410711 0.825616 4.685196
v -0.490561 0.745766 4.547596
v -0.587859 0.648468 4.434670
v -0.698865 0.537461 4.350759
v -0.819314 0.417012 4.299087
v -0.797284 0.390168 6.080258
v -0.655651 0.484804 6.028585
v -0.525121 0.572021 5.944674
v -0.410711 0.648468 5.831748
v -0.316817 0.711206 5.694149
v -0.247046 0.757825 5.537162
v -0.204082 0.786532 5.366820
v -0.189576 0.796225 5.189672
v -0.204082 0.786532 5.012524
v -0.247046 0.757825 4.842183
v -0.316817 0.711206 4.685196
v -0.410711 0.648468 4.547596
v -0.525121 0.572021 4.434670
v -0.655651 0.484804 4.350759
v -0.797284 0.390168 4.299087
v -0.944578 0.291749 6.097705
v -0.780914 0.359541 6.080258
v -0.623539 0.424728 6.028585
v -0.478502 0.484804 5.944674
v -0.351376 0.537461 5.831748
v -0.247046 0.580676 5.694149
v -0.169523 0.612788 5.537162
v -0.121784 0.632562 5.366820
v -0.105664 0.639238 5.189672
v -0.121784 0.632562 5.012524
v -0.169523 0.612788 4.842183
v -0.247046 0.580676 4.685196
v -0.351376 0.537461 4.547596
v -0.478502 0.484804 4.434670
v -0.623539 0.424728 4.350759
v -0.780914 0.359541 4.299087
v -0.770833 0.326309 6.080258
v -0.603766 0.359541 6.028585
v -0.449795 0.390168 5.944674
v -0.314839 0.417012 5.831748
v -0.204083 0.439043 5.694149
v -0.121784 0.455413 5.537162
v -0.071104 0.465494 5.366820
v -0.053992 0.468898 5.189672
v -0.071104 0.465494 5.012524
v -0.121784 0.455413 4.842183
v -0.204083 0.439043 4.685196
v -0.314839 0.417012 4.547596
v -0.449795 0.390168 4.434670
v -0.603766 0.359541 4.350759
v -0.770833 0.326309 4.299087
v -0.767429 0.291749 6.080258
v -0.597088 0.291749 6.028585
v -0.440102 0.291749 5.944674
v -0.302501 0.291749 5.831748
v -0.189576 0.291749 5.694149
v -0.105664 0.291749 5.537162
v -0.053992 0.291749 5.366820
v -0.036544 0.291749 5.189672
v -0.053992 0.291749 5.012524
v -0.105664 0.291749 4.842183
v -0.189576 0.291749 4.685196
v -0.302501 0.291749 4.547596
v -0.440102 0.291749 4.434670
v -0.597088 0.291749 4.350759
v -0.767429 0.291749 4.299087
v -0.770833 0.257189 6.080258
v -0.603766 0.223957 6.028585
v -0.449795 0.193331 5.944674
v -0.314839 0.166486 5.831748
v -0.204083 0.144456 5.694149
v -0.121784 0.128085 5.537162
v -0.071104 0.118005 5.366820
v -0.053993 0.114601 5.189672
v -0.071104 0.118005 5.012524
v -0.121784 0.128085 4.842183
v -0.204083 0.144456 4.685196
v -0.314839 0.166486 4.547596
v -0.449795 0.193331 4.434670
v -0.603766 0.223957 4.350759
v -0.770833 0.257189 4.299087
v -0.780914 0.223957 6.080258
v -0.623539 0.158771 6.028585
v -0.478502 0.098695 5.944674
v -0.351376 0.046037 5.831748
v -0.247046 0.002822 5.694149
v -0.169523 -0.029289 5.537162
v -0.121784 -0.049063 5.366820
v -0.105665 -0.055740 5.189672
v -0.121784 -0.049063 5.012524
v -0.169523 -0.029289 4.842183
v -0.247046 0.002822 4.685196
v -0.351376 0.046037 4.547596
v -0.478502 0.098695 4.434670
v -0.623539 0.158771 4.350759
v -0.780914 0.223957 4.299087
v -0.797284 0.193331 6.080258
v -0.655651 0.098695 6.028585
v -0.525121 0.011477 5.944674
v -0.410711 -0.064969 5.831748
v -0.316817 -0.127707 5.694149
v -0.247046 -0.174326 5.537162
v -0.204083 -0.203034 5.366820
v -0.189576 -0.212727 5.189672
v -0.204083 -0.203034 5.012524
v -0.247046 -0.174326 4.842183
v -0.316817 -0.127707 4.685196
v -0.410711 -0.064969 4.547596
v -0.525121 0.011477 4.434670
v -0.655651 0.098695 4.350759
v -0.797284 0.193331 4.299087
v -0.819314 0.166486 6.080258
v -0.698865 0.046037 6.028585
v -0.587859 -0.064969 5.944674
v -0.490561 -0.162267 5.831748
v -0.410711 -0.242118 5.694149
v -0.351376 -0.301452 5.537162
v -0.314839 -0.337990 5.366820
v -0.302501 -0.350327 5.189672
v -0.314839 -0.337990 5.012524
v -0.351376 -0.301452 4.842183
v -0.410711 -0.242118 4.685196
v -0.490561 -0.162267 4.547596
v -0.587859 -0.064969 4.434670
v -0.698865 0.046037 4.350759
v -0.819314 0.166486 4.299087
v -0.846159 0.144456 6.080258
v -0.751523 0.002822 6.028585
v -0.664306 -0.127707 5.944674
v -0.587859 -0.242118 5.831748
v -0.525121 -0.336012 5.694149
v -0.478502 -0.405781 5.537162
v -0.449795 -0.448746 5.366820
v -0.440102 -0.463252 5.189672
v -0.449795 -0.448746 5.012524
v -0.478502 -0.405781 4.842183
v -0.525121 -0.336012 4.685196
v -0.587859 -0.242118 4.547596
v -0.664306 -0.127707 4.434670
v -0.751523 0.002822 4.350759
v -0.846159 0.144456 4.299087
v -0.876786 0.128085 6.080258
v -0.811599 -0.029289 6.028585
v -0.751523 -0.174326 5.944674
v -0.698865 -0.301452 5.831748
v -0.655651 -0.405781 5.694149
v -0.623539 -0.483305 5.537162
v -0.603766 -0.531044 5.366820
v -0.597089 -0.547164 5.189672
v -0.603766 -0.531044 5.012524
v -0.623539 -0.483305 4.842183
v -0.655651 -0.405781 4.685196
v -0.698865 -0.301452 4.547596
v -0.751523 -0.174326 4.434670
v -0.811599 -0.029289 4.350759
v -0.876786 0.128085 4.299087
v -0.910018 0.118005 6.080258
v -0.876786 -0.049063 6.028585
v -0.846159 -0.203033 5.944674
v -0.819314 -0.337990 5.831748
v -0.797284 -0.448745 5.694149
v -0.780914 -0.531044 5.537162
v -0.770833 -0.581724 5.366820
v -0.767429 -0.598836 5.189672
v -0.770833 -0.581724 5.012524
v -0.780914 -0.531044 4.842183
v -0.797284 -0.448745 4.685196
v -0.819314 -0.337990 4.547596
v -0.846159 -0.203033 4.434670
v -0.876786 -0.049063 4.350759
v -0.910018 0.118005 4.299087
v -0.944578 0.114601 6.080258
v -0.944578 -0.055740 6.028585
v -0.944578 -0.212727 5.944674
v -0.944578 -0.350327 5.831748
v -0.944578 -0.463252 5.694149
v -0.944578 -0.547164 5.537162
v -0.944578 -0.598836 5.366820
v -0.944578 -0.616283 5.189672
v -0.944578 -0.598836 5.012524
v -0.944578 -0.547164 4.842183
v -0.944578 -0.463252 4.685196
v -0.944578 -0.350327 4.547596
v -0.944578 -0.212727 4.434670
v -0.944578 -0.055740 4.350759
v -0.944578 0.114601 4.299087
v -0.979137 0.118005 6.080258
v -1.012369 -0.049063 6.028585
v -1.042996 -0.203033 5.944674
v -1.069841 -0.337990 5.831748
v -1.091871 -0.448745 5.694149
v -1.108241 -0.531044 5.537162
v -1.118322 -0.581724 5.366820
v -1.121726 -0.598836 5.189672
v -1.118322 -0.581724 5.012524
v -1.108241 -0.531044 4.842183
v -1.091871 -0.448745 4.685196
v -1.069841 -0.337990 4.547596
v -1.042996 -0.203033 4.434670
v -1.012369 -0.049063 4.350759
v -0.979137 0.118005 4.299087
v -1.012369 0.128086 6.080258
v -1.077556 -0.029289 6.028585
v -1.137632 -0.174326 5.944674
v -1.190290 -0.301452 5.831748
v -1.233504 -0.405781 5.694149
v -1.265615 -0.483305 5.537162
v -1.285390 -0.531044 5.366820
v -1.292067 -0.547163 5.189672
v -1.285390 -0.531044 5.012524
v -1.265615 -0.483305 4.842183
v -1.233504 -0.405781 4.685196
v -1.190290 -0.301452 4.547596
v -1.137632 -0.174326 4.434670
v -1.077556 -0.029289 4.350759
v -1.012369 0.128086 4.299087
v -1.042996 0.144456 6.080258
v -1.137632 0.002823 6.028585
v -1.224850 -0.127707 5.944674
v -1.301296 -0.242118 5.831748
v -1.364034 -0.336012 5.694149
v -1.410653 -0.405781 5.537162
v -1.439360 -0.448745 5.366820
v -1.449053 -0.463252 5.189672
v -1.439360 -0.448745 5.012524
v -1.410653 -0.405781 4.842183
v -1.364034 -0.336012 4.685196
v -1.301296 -0.242118 4.547596
v -1.224850 -0.127707 4.434670
v -1.137632 0.002823 4.350759
v -1.042996 0.144456 4.299087
v -1.069841 0.166486 6.080258
v -1.190290 0.046037 6.028585
v -1.301296 -0.064969 5.944674
v -1.398594 -0.162267 5.831748
v -1.478444 -0.242117 5.694149
v -1.537779 -0.301452 5.537162
v -1.574316 -0.337990 5.366820
v -1.586654 -0.350326 5.189672
v -1.574316 -0.337990 5.012524
v -1.537779 -0.301452 4.842183
v -1.478444 -0.242117 4.685196
v -1.398594 -0.162267 4.547596
v -1.301296 -0.064969 4.434670
v -1.190290 0.046037 4.350759
v -1.069841 0.166486 4.299087
v -0.944578 0.291749 4.281639
v -1.091871 0.193331 6.080258
v -1.233504 0.098695 6.028585
v -1.364034 0.011478 5.944674
v -1.478444 -0.064969 5.831748
v -1.572338 -0.127707 5.694149
v -1.642108 -0.174326 5.537162
v -1.685072 -0.203033 5.366820
v -1.699580 -0.212726 5.189672
v -1.685072 -0.203033 5.012524
v -1.642108 -0.174326 4.842183
v -1.572338 -0.127707 4.685196
v -1.478444 -0.064969 4.547596
v -1.364034 0.011478 4.434670
v -1.233504 0.098695 4.350759
v -1.091871 0.193331 4.299087
v -1.108241 0.223958 6.080258
v -1.265615 0.158771 6.028585
v -1.410653 0.098695 5.944674
v -1.537779 0.046037 5.831748
v -1.642108 0.002823 5.694149
v -1.719632 -0.029289 5.537162
v -1.767371 -0.049063 5.366820
v -1.783490 -0.055739 5.189672
v -1.767371 -0.049063 5.012524
v -1.719632 -0.029289 4.842183
v -1.642108 0.002823 4.685196
v -1.537779 0.046037 4.547596
v -1.410653 0.098695 4.434670
v -1.265615 0.158771 4.350759
v -1.108241 0.223958 4.299087
v -1.118322 0.257189 6.080258
v -1.285390 0.223958 6.028585
v -1.439360 0.193331 5.944674
v -1.574316 0.166486 5.831748
v -1.685072 0.144456 5.694149
v -1.767371 0.128085 5.537162
v -1.818051 0.118005 5.366820
v -1.835162 0.114601 5.189672
v -1.818051 0.118005 5.012524
v -1.767371 0.128085 4.842183
v -1.685072 0.144456 4.685196
v -1.574316 0.166486 4.547596
v -1.439360 0.193331 4.434670
v -1.285390 0.223958 4.350759
v -1.118322 0.257189 4.299087
v -1.121726 0.291749 6.080258
v -1.292066 0.291749 6.028585
v -1.449053 0.291749 5.944674
v -1.586654 0.291749 5.831748
v -1.699580 0.291749 5.694149
v -1.783490 0.291749 5.537162
v -1.835162 0.291750 5.366820
v -1.852610 0.291750 5.189672
v -1.835162 0.291750 5.012524
v -1.783490 0.291749 4.842183
v -1.699580 0.291749 4.685196
v -1.586654 0.291749 4.547596
v -1.449053 0.291749 4.434670
v -1.292066 0.291749 4.350759
v -1.121726 0.291749 4.299087
v -1.118322 0.326309 6.080258
v -1.285390 0.359541 6.028585
v -1.439360 0.390168 5.944674
v -1.574316 0.417012 5.831748
v -1.685072 0.439043 5.694149
v -1.767371 0.455413 5.537162
v -1.818050 0.465494 5.366820
v -1.835162 0.468898 5.189672
v -1.818050 0.465494 5.012524
v -1.767371 0.455413 4.842183
v -1.685072 0.439043 4.685196
v -1.574316 0.417012 4.547596
v -1.439360 0.390168 4.434670
v -1.285390 0.359541 4.350759
v -1.118322 0.326309 4.299087
v -1.108241 0.359541 6.080258
v -1.265615 0.424728 6.028585
v -1.410653 0.484804 5.944674
v -1.537779 0.537461 5.831748
v -1.642108 0.580676 5.694149
v -1.719632 0.612787 5.537162
v -1.767371 0.632562 5.366820
v -1.783490 0.639238 5.189672
v -1.767371 0.632562 5.012524
v -1.719632 0.612787 4.842183
v -1.642108 0.580676 4.685196
v -1.537779 0.537461 4.547596
v -1.410653 0.484804 4.434670
v -1.265615 0.424728 4.350759
v -1.108241 0.359541 4.299087
v -1.091871 0.390168 6.080258
v -1.233504 0.484804 6.028585
v -1.364033 0.572021 5.944674
v -1.478444 0.648468 5.831748
v -1.572338 0.711206 5.694149
v -1.642108 0.757824 5.537162
v -1.685072 0.786532 5.366820
v -1.699579 0.796225 5.189672
v -1.685072 0.786532 5.012524
v -1.642108 0.757824 4.842183
v -1.572338 0.711206 4.685196
v -1.478444 0.648468 4.547596
v -1.364033 0.572021 4.434670
v -1.233504 0.484804 4.350759
v -1.091871 0.390168 4.299087
v -1.069841 0.417012 6.080258
v -1.190289 0.537461 6.028585
v -1.301296 0.648468 5.944674
v -1.398594 0.745766 5.831748
v -1.478444 0.825616 5.694149
v -1.537779 0.884950 5.537162
v -1.574316 0.921488 5.366820
v -1.586653 0.933825 5.189672
v -1.574316 0.921488 5.012524
v -1.537779 0.884950 4.842183
v -1.478444 0.825616 4.685196
v -1.398594 0.745766 4.547596
v -1.301296 0.648468 4.434670
v -1.190289 0.537461 4.350759
v -1.069841 0.417012 4.299087
v -1.042996 0.439043 6.080258
v -1.137632 0.580676 6.028585
v -1.224849 0.711206 5.944674
v -1.301296 0.825616 5.831748
v -1.364033 0.919510 5.694149
v -1.410653 0.989280 5.537162
v -1.439360 1.032244 5.366820
v -1.449053 1.046751 5.189672
v -1.439360 1.032244 5.012524
v -1.410653 0.989280 4.842183
v -1.364033 0.919510 4.685196
v -1.301296 0.825616 4.547596
v -1.224849 0.711206 4.434670
v -1.137632 0.580676 4.350759
v -1.042996 0.439043 4.299087
v -1.012369 0.455413 6.080258
v -1.077556 0.612787 6.028585
v -1.137632 0.757824 5.944674
v -1.190289 0.884950 5.831748
v -1.233504 0.989280 5.694149
v -1.265615 1.066804 5.537162
v -1.285390 1.114542 5.366820
v -1.292066 1.130662 5.189672
v -1.285390 1.114542 5.012524
v -1.265615 1.066804 4.842183
v -1.233504 0.989280 4.685196
v -1.190289 0.884950 4.547596
v -1.137632 0.757824 4.434670
v -1.077556 0.612787 4.350759
v -1.012369 0.455413 4.299087
v -0.979137 0.465494 6.080258
v -1.012369 0.632561 6.028585
v -1.042996 0.786532 5.944674
v -1.069841 0.921488 5.831748
v -1.091871 1.032243 5.694149
v -1.108241 1.114542 5.537162
v -1.118322 1.165222 5.366820
v -1.121725 1.182334 5.189672
v -1.118322 1.165222 5.012524
v -1.108241 1.114542 4.842183
v -1.091871 1.032243 4.685196
v -1.069841 0.921488 4.547596
v -1.042996 0.786532 4.434670
v -1.012369 0.632561 4.350759
v -0.979137 0.465494 4.299087
v -0.944578 0.468898 6.080258
v -0.944578 0.639238 6.028585
v -0.944578 0.933826 5.831748
v -0.944578 1.130662 5.537162
v -0.944578 1.130662 4.842183
v -0.944578 0.933826 4.547596
v -0.944578 0.796225 4.434670
v -0.944578 0.639238 4.350759
v -0.944578 0.468898 4.299087
v 0.809848 0.322199 4.446641
v 0.809848 0.598099 4.170742
v 0.809848 0.747414 3.810262
v 0.809848 0.766629 3.615171
v 0.809848 0.747414 3.420081
v 0.809848 0.598099 3.059601
v 0.847908 -0.042029 4.595957
v 0.884505 0.141959 4.539051
v 0.918234 0.311524 4.446641
v 0.947798 0.460149 4.322278
v 0.972059 0.582122 4.170742
v 0.990087 0.672756 3.997855
v 1.001189 0.728569 3.810262
v 1.004938 0.747414 3.615171
v 1.001189 0.728569 3.420081
v 0.990087 0.672756 3.232488
v 0.972059 0.582122 3.059601
v 0.947798 0.460149 2.908064
v 0.918234 0.311524 2.783702
v 0.884505 0.141959 2.691292
v 0.847908 -0.042029 2.634386
v 0.884505 -0.053131 4.595957
v 0.956294 0.120182 4.539051
v 1.022455 0.279909 4.446641
v 1.080446 0.419910 4.322278
v 1.128037 0.534807 4.170742
v 1.163401 0.620182 3.997855
v 1.185178 0.672756 3.810262
v 1.192531 0.690508 3.615171
v 1.185178 0.672756 3.420081
v 1.163401 0.620182 3.232488
v 1.128037 0.534807 3.059601
v 1.080446 0.419910 2.908064
v 1.022455 0.279909 2.783702
v 0.956294 0.120182 2.691292
v 0.884505 -0.053131 2.634386
v 0.918234 -0.071159 4.595957
v 1.022455 0.084819 4.539051
v 1.118506 0.228569 4.446641
v 1.202695 0.354567 4.322278
v 1.271787 0.457971 4.170742
v 1.323128 0.534807 3.997855
v 1.354743 0.582122 3.810262
v 1.365418 0.598099 3.615171
v 1.354743 0.582122 3.420081
v 1.323128 0.534807 3.232488
v 1.271787 0.457971 3.059601
v 1.202695 0.354567 2.908064
v 1.118506 0.228569 2.783702
v 1.022455 0.084819 2.691292
v 0.918234 -0.071159 2.634386
v 0.947798 -0.095421 4.595957
v 1.080446 0.037227 4.539051
v 1.202695 0.159476 4.446641
v 1.309848 0.266629 4.322278
v 1.397785 0.354567 4.170742
v 1.463129 0.419910 3.997855
v 1.503367 0.460149 3.810262
v 1.516954 0.473736 3.615171
v 1.503367 0.460149 3.420081
v 1.463129 0.419910 3.232488
v 1.397785 0.354567 3.059601
v 1.309848 0.266629 2.908064
v 1.202695 0.159476 2.783702
v 1.080446 0.037227 2.691292
v 0.947798 -0.095421 2.634386
v 0.972059 -0.124985 4.595957
v 1.128037 -0.020763 4.539051
v 1.271787 0.075287 4.446641
v 1.397785 0.159476 4.322278
v 1.501189 0.228569 4.170742
v 1.578026 0.279909 3.997855
v 1.625341 0.311524 3.810262
v 1.641317 0.322199 3.615171
v 1.625341 0.311524 3.420081
v 1.578026 0.279909 3.232488
v 1.501189 0.228569 3.059601
v 1.397785 0.159476 2.908064
v 1.271787 0.075287 2.783702
v 1.128037 -0.020763 2.691292
v 0.972059 -0.124985 2.634386
v 0.809848 -0.233371 4.615171
v 0.990087 -0.158713 4.595957
v 1.163401 -0.086924 4.539051
v 1.323128 -0.020764 4.446641
v 1.463129 0.037227 4.322278
v 1.578026 0.084819 4.170742
v 1.663400 0.120182 3.997855
v 1.715975 0.141959 3.810262
v 1.733727 0.149312 3.615171
v 1.715975 0.141959 3.420081
v 1.663400 0.120182 3.232488
v 1.578026 0.084819 3.059601
v 1.463129 0.037227 2.908064
v 1.323128 -0.020764 2.783702
v 1.163401 -0.086924 2.691292
v 0.990087 -0.158713 2.634386
v 1.001189 -0.195311 4.595957
v 1.185178 -0.158713 4.539051
v 1.354743 -0.124985 4.446641
v 1.503367 -0.095421 4.322278
v 1.625340 -0.071159 4.170742
v 1.715975 -0.053131 3.997855
v 1.771787 -0.042029 3.810262
v 1.790633 -0.038281 3.615171
v 1.771787 -0.042029 3.420081
v 1.715975 -0.053131 3.232488
v 1.625340 -0.071159 3.059601
v 1.503367 -0.095421 2.908064
v 1.354743 -0.124985 2.783702
v 1.185178 -0.158713 2.691292
v 1.001189 -0.195311 2.634386
v 1.004938 -0.233371 4.595957
v 1.192531 -0.233371 4.539051
v 1.365417 -0.233371 4.446641
v 1.516954 -0.233371 4.322278
v 1.641317 -0.233371 4.170742
v 1.733727 -0.233371 3.997855
v 1.790633 -0.233371 3.810262
v 1.809848 -0.233371 3.615171
v 1.790633 -0.233371 3.420081
v 1.733727 -0.233371 3.232488
v 1.641317 -0.233371 3.059601
v 1.516954 -0.233371 2.908064
v 1.365417 -0.233371 2.783702
v 1.192531 -0.233371 2.691292
v 1.004938 -0.233371 2.634386
v 1.001189 -0.271431 4.595957
v 1.185178 -0.308029 4.539051
v 1.354743 -0.341757 4.446641
v 1.503367 -0.371321 4.322278
v 1.625340 -0.395583 4.170742
v 1.715975 -0.413611 3.997855
v 1.771787 -0.424713 3.810262
v 1.790632 -0.428461 3.615171
v 1.771787 -0.424713 3.420081
v 1.715975 -0.413611 3.232488
v 1.625340 -0.395583 3.059601
v 1.503367 -0.371321 2.908064
v 1.354743 -0.341757 2.783702
v 1.185178 -0.308029 2.691292
v 1.001189 -0.271431 2.634386
v 0.990087 -0.308029 4.595957
v 1.163401 -0.379818 4.539051
v 1.323128 -0.445979 4.446641
v 1.463129 -0.503969 4.322278
v 1.578026 -0.551561 4.170742
v 1.663400 -0.586924 3.997855
v 1.715975 -0.608701 3.810262
v 1.733726 -0.616054 3.615171
v 1.715975 -0.608701 3.420081
v 1.663400 -0.586924 3.232488
v 1.578026 -0.551561 3.059601
v 1.463129 -0.503969 2.908064
v 1.323128 -0.445979 2.783702
v 1.163401 -0.379818 2.691292
v 0.990087 -0.308029 2.634386
v 0.972059 -0.341757 4.595957
v 1.128037 -0.445979 4.539051
v 1.271787 -0.542029 4.446641
v 1.397785 -0.626218 4.322278
v 1.501189 -0.695311 4.170742
v 1.578026 -0.746651 3.997855
v 1.625340 -0.778266 3.810262
v 1.641317 -0.788941 3.615171
v 1.625340 -0.778266 3.420081
v 1.578026 -0.746651 3.232488
v 1.501189 -0.695311 3.059601
v 1.397785 -0.626218 2.908064
v 1.271787 -0.542029 2.783702
v 1.128037 -0.445979 2.691292
v 0.972059 -0.341757 2.634386
v 0.947798 -0.371321 4.595957
v 1.080446 -0.503969 4.539051
v 1.202695 -0.626218 4.446641
v 1.309848 -0.733371 4.322278
v 1.397785 -0.821309 4.170742
v 1.463129 -0.886652 3.997855
v 1.503367 -0.926891 3.810262
v 1.516954 -0.940478 3.615171
v 1.503367 -0.926891 3.420081
v 1.463129 -0.886652 3.232488
v 1.397785 -0.821309 3.059601
v 1.309848 -0.733371 2.908064
v 1.202695 -0.626218 2.783702
v 1.080446 -0.503969 2.691292
v 0.947798 -0.371321 2.634386
v 0.918234 -0.395583 4.595957
v 1.022455 -0.551561 4.539051
v 1.118505 -0.695311 4.446641
v 1.202695 -0.821309 4.322278
v 1.271787 -0.924713 4.170742
v 1.323128 -1.001549 3.997855
v 1.354743 -1.048864 3.810262
v 1.365417 -1.064840 3.615171
v 1.354743 -1.048864 3.420081
v 1.323128 -1.001549 3.232488
v 1.271787 -0.924713 3.059601
v 1.202695 -0.821309 2.908064
v 1.118505 -0.695311 2.783702
v 1.022455 -0.551561 2.691292
v 0.918234 -0.395583 2.634386
v 0.884505 -0.413611 4.595957
v 0.956294 -0.586924 4.539051
v 1.022455 -0.746651 4.446641
v 1.080446 -0.886652 4.322278
v 1.128037 -1.001549 4.170742
v 1.163401 -1.086924 3.997855
v 1.185178 -1.139498 3.810262
v 1.192530 -1.157250 3.615171
v 1.185178 -1.139498 3.420081
v 1.163401 -1.086924 3.232488
v 1.128037 -1.001549 3.059601
v 1.080446 -0.886652 2.908064
v 1.022455 -0.746651 2.783702
v 0.956294 -0.586924 2.691292
v 0.884505 -0.413611 2.634386
v 0.847908 -0.424713 4.595957
v 0.884505 -0.608701 4.539051
v 0.918234 -0.778266 4.446641
v 0.947798 -0.926891 4.322278
v 0.972059 -1.048864 4.170742
v 0.990087 -1.139498 3.997855
v 1.001189 -1.195310 3.810262
v 1.004938 -1.214156 3.615171
v 1.001189 -1.195310 3.420081
v 0.990087 -1.139498 3.232488
v 0.972059 -1.048864 3.059601
v 0.947798 -0.926891 2.908064
v 0.918234 -0.778266 2.783702
v 0.884505 -0.608701 2.691292
v 0.847908 -0.424713 2.634386
v 0.809848 -0.428461 4.595957
v 0.809848 -0.616054 4.539051
v 0.809848 -0.788941 4.446641
v 0.809848 -0.940478 4.322278
v 0.809848 -1.064840 4.170742
v 0.809848 -1.157250 3.997855
v 0.809848 -1.214156 3.810262
v 0.809848 -1.233370 3.615171
v 0.809848 -1.214156 3.420081
v 0.809848 -1.157250 3.232488
v 0.809848 -1.064840 3.059601
v 0.809848 -0.940478 2.908064
v 0.809848 -0.788941 2.783702
v 0.809848 -0.616054 2.691292
v 0.809848 -0.428461 2.634386
v 0.771787 -0.424713 4.595957
v 0.735190 -0.608701 4.539051
v 0.701462 -0.778266 4.446641
v 0.671898 -0.926891 4.322278
v 0.647636 -1.048864 4.170742
v 0.629608 -1.139498 3.997855
v 0.618506 -1.195310 3.810262
v 0.614757 -1.214156 3.615171
v 0.618506 -1.195310 3.420081
v 0.629608 -1.139498 3.232488
v 0.647636 -1.048864 3.059601
v 0.671898 -0.926891 2.908064
v 0.701462 -0.778266 2.783702
v 0.735190 -0.608701 2.691292
v 0.771787 -0.424713 2.634386
v 0.735190 -0.413611 4.595957
v 0.663401 -0.586924 4.539051
v 0.597240 -0.746651 4.446641
v 0.539249 -0.886652 4.322278
v 0.491658 -1.001548 4.170742
v 0.456295 -1.086924 3.997855
v 0.434518 -1.139498 3.810262
v 0.427164 -1.157250 3.615171
v 0.434518 -1.139498 3.420081
v 0.456295 -1.086924 3.232488
v 0.491658 -1.001548 3.059601
v 0.539249 -0.886652 2.908064
v 0.597240 -0.746651 2.783702
v 0.663401 -0.586924 2.691292
v 0.735190 -0.413611 2.634386
v 0.701462 -0.395583 4.595957
v 0.597240 -0.551561 4.539051
v 0.501189 -0.695310 4.446641
v 0.417001 -0.821309 4.322278
v 0.347908 -0.924712 4.170742
v 0.296568 -1.001549 3.997855
v 0.264952 -1.048864 3.810262
v 0.254278 -1.064840 3.615171
v 0.264952 -1.048864 3.420081
v 0.296568 -1.001549 3.232488
v 0.347908 -0.924712 3.059601
v 0.417001 -0.821309 2.908064
v 0.501189 -0.695310 2.783702
v 0.597240 -0.551561 2.691292
v 0.701462 -0.395583 2.634386
v 0.671898 -0.371321 4.595957
v 0.539249 -0.503969 4.539051
v 0.417001 -0.626218 4.446641
v 0.309848 -0.733371 4.322278
v 0.221910 -0.821308 4.170742
v 0.156566 -0.886652 3.997855
v 0.116328 -0.926890 3.810262
v 0.102741 -0.940477 3.615171
v 0.116328 -0.926890 3.420081
v 0.156566 -0.886652 3.232488
v 0.221910 -0.821308 3.059601
v 0.309848 -0.733371 2.908064
v 0.417001 -0.626218 2.783702
v 0.539249 -0.503969 2.691292
v 0.671898 -0.371321 2.634386
v 0.809848 -0.233371 2.615171
v 0.647636 -0.341757 4.595957
v 0.491658 -0.445978 4.539051
v 0.347908 -0.542029 4.446641
v 0.221910 -0.626218 4.322278
v 0.118506 -0.695310 4.170742
v 0.041671 -0.746651 3.997855
v -0.005645 -0.778266 3.810262
v -0.021622 -0.788940 3.615171
v -0.005645 -0.778266 3.420081
v 0.041671 -0.746651 3.232488
v 0.118506 -0.695310 3.059601
v 0.221910 -0.626218 2.908064
v 0.347908 -0.542029 2.783702
v 0.491658 -0.445978 2.691292
v 0.647636 -0.341757 2.634386
v 0.629608 -0.308029 4.595957
v 0.456295 -0.379818 4.539051
v 0.296568 -0.445978 4.446641
v 0.156566 -0.503969 4.322278
v 0.041671 -0.551560 4.170742
v -0.043705 -0.586924 3.997855
v -0.096279 -0.608701 3.810262
v -0.114031 -0.616054 3.615171
v -0.096279 -0.608701 3.420081
v -0.043705 -0.586924 3.232488
v 0.041671 -0.551560 3.059601
v 0.156566 -0.503969 2.908064
v 0.296568 -0.445978 2.783702
v 0.456295 -0.379818 2.691292
v 0.629608 -0.308029 2.634386
v 0.618506 -0.271431 4.595957
v 0.434518 -0.308029 4.539051
v 0.264953 -0.341757 4.446641
v 0.116328 -0.371321 4.322278
v -0.005645 -0.395582 4.170742
v -0.096279 -0.413611 3.997855
v -0.152092 -0.424712 3.810262
v -0.170937 -0.428461 3.615171
v -0.152092 -0.424712 3.420081
v -0.096279 -0.413611 3.232488
v -0.005645 -0.395582 3.059601
v 0.116328 -0.371321 2.908064
v 0.264953 -0.341757 2.783702
v 0.434518 -0.308029 2.691292
v 0.618506 -0.271431 2.634386
v 0.614757 -0.233371 4.595957
v 0.427165 -0.233371 4.539051
v 0.254278 -0.233371 4.446641
v 0.102741 -0.233371 4.322278
v -0.021622 -0.233371 4.170742
v -0.114031 -0.233371 3.997855
v -0.170937 -0.233371 3.810262
v -0.190151 -0.233371 3.615171
v -0.170937 -0.233371 3.420081
v -0.114031 -0.233371 3.232488
v -0.021622 -0.233371 3.059601
v 0.102741 -0.233371 2.908064
v 0.254278 -0.233371 2.783702
v 0.427165 -0.233371 2.691292
v 0.614757 -0.233371 2.634386
v 0.618506 -0.195311 4.595957
v 0.434518 -0.158713 4.539051
v 0.264953 -0.124985 4.446641
v 0.116328 -0.095421 4.322278
v -0.005645 -0.071159 4.170742
v -0.096279 -0.053131 3.997855
v -0.152091 -0.042029 3.810262
v -0.170937 -0.038280 3.615171
v -0.152091 -0.042029 3.420081
v -0.096279 -0.053131 3.232488
v -0.005645 -0.071159 3.059601
v 0.116328 -0.095421 2.908064
v 0.264953 -0.124985 2.783702
v 0.434518 -0.158713 2.691292
v 0.618506 -0.195311 2.634386
v 0.629608 -0.158713 4.595957
v 0.456295 -0.086924 4.539051
v 0.296568 -0.020764 4.446641
v 0.156566 0.037227 4.322278
v 0.041671 0.084819 4.170742
v -0.043705 0.120182 3.997855
v -0.096279 0.141959 3.810262
v -0.114031 0.149312 3.615171
v -0.096279 0.141959 3.420081
v -0.043705 0.120182 3.232488
v 0.041671 0.084819 3.059601
v 0.156566 0.037227 2.908064
v 0.296568 -0.020764 2.783702
v 0.456295 -0.086924 2.691292
v 0.629608 -0.158713 2.634386
v 0.647636 -0.124985 4.595957
v 0.491658 -0.020764 4.539051
v 0.347909 0.075287 4.446641
v 0.221910 0.159476 4.322278
v 0.118506 0.228569 4.170742
v 0.041671 0.279909 3.997855
v -0.005645 0.311524 3.810262
v -0.021621 0.322199 3.615171
v -0.005645 0.311524 3.420081
v 0.041671 0.279909 3.232488
v 0.118506 0.228569 3.059601
v 0.221910 0.159476 2.908064
v 0.347909 0.075287 2.783702
v 0.491658 -0.020764 2.691292
v 0.647636 -0.124985 2.634386
v 0.671898 -0.095421 4.595957
v 0.539250 0.037227 4.539051
v 0.417001 0.159476 4.446641
v 0.309848 0.266629 4.322278
v 0.221910 0.354567 4.170742
v 0.156566 0.419910 3.997855
v 0.116328 0.460149 3.810262
v 0.102742 0.473735 3.615171
v 0.116328 0.460149 3.420081
v 0.156566 0.419910 3.232488
v 0.221910 0.354567 3.059601
v 0.309848 0.266629 2.908064
v 0.417001 0.159476 2.783702
v 0.539250 0.037227 2.691292
v 0.671898 -0.095421 2.634386
v 0.701462 -0.071159 4.595957
v 0.597240 0.084819 4.539051
v 0.501190 0.228568 4.446641
v 0.417001 0.354567 4.322278
v 0.347909 0.457970 4.170742
v 0.296568 0.534806 3.997855
v 0.264953 0.582122 3.810262
v 0.254278 0.598098 3.615171
v 0.264953 0.582122 3.420081
v 0.296568 0.534806 3.232488
v 0.347909 0.457970 3.059601
v 0.417001 0.354567 2.908064
v 0.501190 0.228568 2.783702
v 0.597240 0.084819 2.691292
v 0.701462 -0.071159 2.634386
v 0.735190 -0.053131 4.595957
v 0.663401 0.120182 4.539051
v 0.597240 0.279909 4.446641
v 0.539250 0.419910 4.322278
v 0.491658 0.534806 4.170742
v 0.456295 0.620182 3.997855
v 0.434518 0.672756 3.810262
v 0.427165 0.690508 3.615171
v 0.434518 0.672756 3.420081
v 0.456295 0.620182 3.232488
v 0.491658 0.534806 3.059601
v 0.539250 0.419910 2.908064
v 0.597240 0.279909 2.783702
v 0.663401 0.120182 2.691292
v 0.735190 -0.053131 2.634386
v 0.771787 -0.042030 4.595957
v 0.735190 0.141959 4.539051
v 0.701462 0.311524 4.446641
v 0.671898 0.460149 4.322278
v 0.647636 0.582122 4.170742
v 0.629608 0.672756 3.997855
v 0.618506 0.728568 3.810262
v 0.614758 0.747413 3.615171
v 0.618506 0.728568 3.420081
v 0.629608 0.672756 3.232488
v 0.647636 0.582122 3.059601
v 0.671898 0.460149 2.908064
v 0.701462 0.311524 2.783702
v 0.735190 0.141959 2.691292
v 0.771787 -0.042030 2.634386
v 0.809848 -0.038281 4.595957
v 0.809848 0.149312 4.539051
v 0.809848 0.473736 4.322278
v 0.809848 0.690508 3.997855
v 0.809848 0.690508 3.232488
v 0.809848 0.473736 2.908064
v 0.809848 0.322199 2.783702
v 0.809848 0.149312 2.691292
v 0.809848 -0.038281 2.634386
v 0.042717 0.302366 0.700275
v 0.042717 0.302366 6.114279
v 0.101705 0.296556 0.700275
v 0.101705 0.296556 6.114279
v 0.158427 0.279350 0.700275
v 0.158427 0.279350 6.114279
v 0.210703 0.251408 0.700275
v 0.210703 0.251408 6.114279
v 0.256522 0.213805 0.700275
v 0.256522 0.213805 6.114279
v 0.294124 0.167986 0.700275
v 0.294124 0.167986 6.114279
v 0.322066 0.115710 0.700275
v 0.322066 0.115710 6.114279
v 0.339272 0.058989 0.700275
v 0.339272 0.058989 6.114279
v 0.345083 0.000000 0.700275
v 0.345083 0.000000 6.114279
v 0.339272 -0.058989 0.700275
v 0.339272 -0.058989 6.114279
v 0.322066 -0.115710 0.700275
v 0.322066 -0.115710 6.114279
v 0.294124 -0.167986 0.700275
v 0.294124 -0.167986 6.114279
v 0.256522 -0.213805 0.700275
v 0.256522 -0.213805 6.114279
v 0.210703 -0.251408 0.700275
v 0.210703 -0.251408 6.114279
v 0.158427 -0.279350 0.700275
v 0.158427 -0.279350 6.114279
v 0.101705 -0.296556 0.700275
v 0.101705 -0.296556 6.114279
v 0.042717 -0.302366 0.700275
v 0.042717 -0.302366 6.114279
v -0.016272 -0.296556 0.700275
v -0.016272 -0.296556 6.114279
v -0.072994 -0.279350 0.700275
v -0.072994 -0.279350 6.114279
v -0.125269 -0.251408 0.700275
v -0.125269 -0.251408 6.114279
v -0.171088 -0.213805 0.700275
v -0.171088 -0.213805 6.114279
v -0.208692 -0.167986 0.700275
v -0.208692 -0.167986 6.114279
v -0.236633 -0.115710 0.700275
v -0.236633 -0.115710 6.114279
v -0.253840 -0.058989 0.700275
v -0.253840 -0.058989 6.114279
v -0.259649 0.000000 0.700275
v -0.259649 0.000000 6.114279
v -0.253840 0.058989 0.700275
v -0.253840 0.058989 6.114279
v -0.236633 0.115710 0.700275
v -0.236633 0.115710 6.114279
v -0.208692 0.167986 0.700275
v -0.208692 0.167986 6.114279
v -0.171088 0.213805 0.700275
v -0.171088 0.213805 6.114279
v -0.125269 0.251408 0.700275
v -0.125269 0.251408 6.114279
v -0.072994 0.279350 0.700275
v -0.072994 0.279350 6.114279
v -0.016272 0.296556 0.700275
v -0.016272 0.296556 6.114279
vn -0.5182 -0.5182 -0.6803
vn 0.3015 0.3015 0.9045
vn -0.5183 0.5182 -0.6803
vn 0.3015 -0.3015 0.9045
vn 0.5183 -0.5182 -0.6803
vn -0.3015 0.3015 0.9045
vn 0.5182 0.5182 -0.6803
vn -0.3015 -0.3015 0.9045
vn -0.6228 -0.6228 0.4735
vn -0.6228 0.6228 0.4735
vn 0.6228 0.6228 0.4735
vn 0.6228 -0.6228 0.4735
vn 0.5774 0.5774 0.5774
vn 0.5773 -0.5773 0.5774
vn -0.5774 -0.5774 0.5774
vn -0.5773 0.5773 0.5774
vn -0.0000 0.5598 0.8286
vn -0.0000 0.8333 0.5528
vn -0.0000 0.9810 0.1939
vn -0.0000 1.0000 -0.0000
vn -0.0000 0.9810 -0.1939
vn -0.0000 0.8333 -0.5528
vn 0.0392 0.1971 0.9796
vn 0.0757 0.3804 0.9217
vn 0.1092 0.5490 0.8286
vn 0.1385 0.6965 0.7041
vn 0.1626 0.8173 0.5528
vn 0.1804 0.9070 0.3805
vn 0.1914 0.9622 0.1939
vn 0.1951 0.9808 -0.0000
vn 0.1914 0.9622 -0.1939
vn 0.1804 0.9070 -0.3805
vn 0.1626 0.8173 -0.5528
vn 0.1385 0.6965 -0.7041
vn 0.1092 0.5490 -0.8286
vn 0.0757 0.3804 -0.9217
vn 0.0392 0.1971 -0.9796
vn 0.0769 0.1857 0.9796
vn 0.1484 0.3584 0.9217
vn 0.2142 0.5172 0.8286
vn 0.2718 0.6561 0.7041
vn 0.3189 0.7699 0.5528
vn 0.3539 0.8544 0.3805
vn 0.3754 0.9063 0.1939
vn 0.3827 0.9239 -0.0000
vn 0.3754 0.9063 -0.1939
vn 0.3539 0.8544 -0.3805
vn 0.3189 0.7699 -0.5528
vn 0.2718 0.6561 -0.7041
vn 0.2142 0.5172 -0.8286
vn 0.1484 0.3584 -0.9217
vn 0.0769 0.1857 -0.9796
vn 0.1116 0.1671 0.9796
vn 0.2155 0.3225 0.9217
vn 0.3110 0.4654 0.8286
vn 0.3945 0.5905 0.7041
vn 0.4630 0.6929 0.5528
vn 0.5138 0.7689 0.3805
vn 0.5450 0.8157 0.1939
vn 0.5556 0.8315 -0.0000
vn 0.5450 0.8157 -0.1939
vn 0.5138 0.7689 -0.3805
vn 0.4630 0.6929 -0.5528
vn 0.3945 0.5905 -0.7041
vn 0.3110 0.4654 -0.8286
vn 0.2155 0.3225 -0.9217
vn 0.1117 0.1671 -0.9796
vn 0.1421 0.1421 0.9796
vn 0.2743 0.2743 0.9217
vn 0.3958 0.3958 0.8286
vn 0.5021 0.5021 0.7041
vn 0.5893 0.5893 0.5528
vn 0.6539 0.6539 0.3805
vn 0.6937 0.6937 0.1939
vn 0.7071 0.7071 -0.0000
vn 0.6937 0.6937 -0.1939
vn 0.6539 0.6539 -0.3805
vn 0.5893 0.5893 -0.5528
vn 0.5021 0.5021 -0.7041
vn 0.3958 0.3958 -0.8286
vn 0.2743 0.2743 -0.9217
vn 0.1421 0.1421 -0.9796
vn 0.1671 0.1116 0.9796
vn 0.3225 0.2155 0.9217
vn 0.4654 0.3110 0.8286
vn 0.5905 0.3945 0.7041
vn 0.6929 0.4630 0.5528
vn 0.7689 0.5138 0.3805
vn 0.8157 0.5450 0.1939
vn 0.8315 0.5556 -0.0000
vn 0.8157 0.5450 -0.1939
vn 0.7689 0.5138 -0.3805
vn 0.6929 0.4630 -0.5528
vn 0.5905 0.3945 -0.7041
vn 0.4654 0.3110 -0.8286
vn 0.3225 0.2155 -0.9217
vn 0.1671 0.1116 -0.9796
vn -0.0000 -0.0000 1.0000
vn 0.1857 0.0769 0.9796
vn 0.3584 0.1484 0.9217
vn 0.5172 0.2142 0.8286
vn 0.6561 0.2718 0.7041
vn 0.7699 0.3189 0.5528
vn 0.8544 0.3539 0.3805
vn 0.9063 0.3754 0.1939
vn 0.9239 0.3827 -0.0000
vn 0.9063 0.3754 -0.1939
vn 0.8544 0.3539 -0.3805
vn 0.7699 0.3189 -0.5528
vn 0.6561 0.2718 -0.7041
vn 0.5172 0.2142 -0.8286
vn 0.3584 0.1484 -0.9217
vn 0.1857 0.0769 -0.9796
vn 0.1971 0.0392 0.9796
vn 0.3804 0.0757 0.9217
vn 0.5490 0.1092 0.8286
vn 0.6965 0.1385 0.7041
vn 0.8173 0.1626 0.5528
vn 0.9070 0.1804 0.3805
vn 0.9622 0.1914 0.1939
vn 0.9808 0.1951 -0.0000
vn 0.9622 0.1914 -0.1939
vn 0.9070 0.1804 -0.3805
vn 0.8173 0.1626 -0.5528
vn 0.6965 0.1385 -0.7041
vn 0.5490 0.1092 -0.8286
vn 0.3804 0.0757 -0.9217
vn 0.1971 0.0392 -0.9796
vn 0.2010 -0.0000 0.9796
vn 0.3879 -0.0000 0.9217
vn 0.5598 -0.0000 0.8286
vn 0.7101 -0.0000 0.7041
vn 0.8333 -0.0000 0.5528
vn 0.9248 -0.0000 0.3805
vn 0.9810 -0.0000 0.1939
vn 1.0000 -0.0000 -0.0000
vn 0.9810 -0.0000 -0.1939
vn 0.9248 -0.0000 -0.3805
vn 0.8333 -0.0000 -0.5528
vn 0.7101 -0.0000 -0.7041
vn 0.5598 -0.0000 -0.8286
vn 0.3879 -0.0000 -0.9217
vn 0.2010 -0.0000 -0.9796
vn 0.1971 -0.0392 0.9796
vn 0.3804 -0.0757 0.9217
vn 0.5490 -0.1092 0.8286
vn 0.6965 -0.1385 0.7041
vn 0.8173 -0.1626 0.5528
vn 0.9070 -0.1804 0.3805
vn 0.9622 -0.1914 0.1939
vn 0.9808 -0.1951 -0.0000
vn 0.9622 -0.1914 -0.1939
vn 0.9070 -0.1804 -0.3805
vn 0.8173 -0.1626 -0.5528
vn 0.6965 -0.1385 -0.7041
vn 0.5490 -0.1092 -0.8286
vn 0.3804 -0.0757 -0.9217
vn 0.1971 -0.0392 -0.9796
vn 0.1857 -0.0769 0.9796
vn 0.3584 -0.1484 0.9217
vn 0.5172 -0.2142 0.8286
vn 0.6561 -0.2718 0.7041
vn 0.7699 -0.3189 0.5528
vn 0.8544 -0.3539 0.3805
vn 0.9063 -0.3754 0.1939
vn 0.9239 -0.3827 -0.0000
vn 0.9063 -0.3754 -0.1939
vn 0.8544 -0.3539 -0.3805
vn 0.7699 -0.3189 -0.5528
vn 0.6561 -0.2718 -0.7041
vn 0.5172 -0.2142 -0.8286
vn 0.3584 -0.1484 -0.9217
vn 0.1857 -0.0769 -0.9796
vn 0.1671 -0.1116 0.9796
vn 0.3225 -0.2155 0.9217
vn 0.4654 -0.3110 0.8286
vn 0.5905 -0.3945 0.7041
vn 0.6929 -0.4630 0.5528
vn 0.7689 -0.5138 0.3805
vn 0.8157 -0.5450 0.1939
vn 0.8315 -0.5556 -0.0000
vn 0.8157 -0.5450 -0.1939
vn 0.7689 -0.5138 -0.3805
vn 0.6929 -0.4630 -0.5528
vn 0.5905 -0.3945 -0.7041
vn 0.4654 -0.3110 -0.8286
vn 0.3225 -0.2155 -0.9217
vn 0.1671 -0.1116 -0.9796
vn 0.1421 -0.1421 0.9796
vn 0.2743 -0.2743 0.9217
vn 0.3958 -0.3958 0.8286
vn 0.5021 -0.5021 0.7041
vn 0.5893 -0.5893 0.5528
vn 0.6539 -0.6539 0.3805
vn 0.6937 -0.6937 0.1939
vn 0.7071 -0.7071 -0.0000
vn 0.6937 -0.6937 -0.1939
vn 0.6539 -0.6539 -0.3805
vn 0.5893 -0.5893 -0.5528
vn 0.5021 -0.5021 -0.7041
vn 0.3958 -0.3958 -0.8286
vn 0.2743 -0.2743 -0.9217
vn 0.1421 -0.1421 -0.9796
vn 0.1116 -0.1671 0.9796
vn 0.2155 -0.3225 0.9217
vn 0.3110 -0.4654 0.8286
vn 0.3945 -0.5905 0.7041
vn 0.4630 -0.6929 0.5528
vn 0.5138 -0.7689 0.3805
vn 0.5450 -0.8157 0.1939
vn 0.5556 -0.8315 -0.0000
vn 0.5450 -0.8157 -0.1939
vn 0.5138 -0.7689 -0.3805
vn 0.4630 -0.6929 -0.5528
vn 0.3945 -0.5905 -0.7041
vn 0.3110 -0.4654 -0.8286
vn 0.2155 -0.3225 -0.9217
vn 0.1117 -0.1671 -0.9796
vn 0.0769 -0.1857 0.9796
vn 0.1484 -0.3584 0.9217
vn 0.2142 -0.5172 0.8286
vn 0.2718 -0.6561 0.7041
vn 0.3189 -0.7699 0.5528
vn 0.3539 -0.8544 0.3805
vn 0.3754 -0.9063 0.1939
vn 0.3827 -0.9239 -0.0000
vn 0.3754 -0.9063 -0.1939
vn 0.3539 -0.8544 -0.3805
vn 0.3189 -0.7699 -0.5528
vn 0.2718 -0.6561 -0.7041
vn 0.2142 -0.5172 -0.8286
vn 0.1484 -0.3584 -0.9217
vn 0.0769 -0.1857 -0.9796
vn 0.0392 -0.1971 0.9796
vn 0.0757 -0.3804 0.9217
vn 0.1092 -0.5490 0.8286
vn 0.1385 -0.6965 0.7041
vn 0.1626 -0.8173 0.5528
vn 0.1804 -0.9070 0.3805
vn 0.1914 -0.9622 0.1939
vn 0.1951 -0.9808 -0.0000
vn 0.1914 -0.9622 -0.1939
vn 0.1804 -0.9070 -0.3805
vn 0.1626 -0.8173 -0.5528
vn 0.1385 -0.6965 -0.7041
vn 0.1092 -0.5490 -0.8286
vn 0.0757 -0.3804 -0.9217
vn 0.0392 -0.1971 -0.9796
vn -0.0000 -0.2010 0.9796
vn -0.0000 -0.3879 0.9217
vn -0.0000 -0.5598 0.8286
vn -0.0000 -0.7101 0.7041
vn -0.0000 -0.8333 0.5528
vn -0.0000 -0.9248 0.3805
vn -0.0000 -0.9810 0.1939
vn -0.0000 -1.0000 -0.0000
vn -0.0000 -0.9810 -0.1939
vn -0.0000 -0.9248 -0.3805
vn -0.0000 -0.8333 -0.5528
vn -0.0000 -0.7101 -0.7041
vn -0.0000 -0.5598 -0.8286
vn -0.0000 -0.3879 -0.9217
vn -0.0000 -0.2010 -0.9796
vn -0.0392 -0.1971 0.9796
vn -0.0757 -0.3804 0.9217
vn -0.1092 -0.5490 0.8286
vn -0.1385 -0.6965 0.7041
vn -0.1626 -0.8173 0.5528
vn -0.1804 -0.9070 0.3805
vn -0.1914 -0.9622 0.1939
vn -0.1951 -0.9808 -0.0000
vn -0.1914 -0.9622 -0.1939
vn -0.1804 -0.9070 -0.3805
vn -0.1626 -0.8173 -0.5528
vn -0.1385 -0.6965 -0.7041
vn -0.1092 -0.5490 -0.8286
vn -0.0757 -0.3804 -0.9217
vn -0.0392 -0.1971 -0.9796
vn -0.0769 -0.1857 0.9796
vn -0.1484 -0.3584 0.9217
vn -0.2142 -0.5172 0.8286
vn -0.2718 -0.6561 0.7041
vn -0.3189 -0.7699 0.5528
vn -0.3539 -0.8544 0.3805
vn -0.3754 -0.9063 0.1939
vn -0.3827 -0.9239 -0.0000
vn -0.3754 -0.9063 -0.1939
vn -0.3539 -0.8544 -0.3805
vn -0.3189 -0.7699 -0.5528
vn -0.2718 -0.6561 -0.7041
vn -0.2142 -0.5172 -0.8286
vn -0.1484 -0.3584 -0.9217
vn -0.0769 -0.1857 -0.9796
vn -0.1117 -0.1671 0.9796
vn -0.2155 -0.3225 0.9217
vn -0.3110 -0.4654 0.8286
vn -0.3945 -0.5905 0.7041
vn -0.4630 -0.6929 0.5528
vn -0.5138 -0.7689 0.3805
vn -0.5450 -0.8157 0.1939
vn -0.5556 -0.8315 -0.0000
vn -0.5450 -0.8157 -0.1939
vn -0.5138 -0.7689 -0.3805
vn -0.4630 -0.6929 -0.5528
vn -0.3945 -0.5905 -0.7041
vn -0.3110 -0.4654 -0.8286
vn -0.2155 -0.3225 -0.9217
vn -0.1116 -0.1671 -0.9796
vn -0.1421 -0.1421 0.9796
vn -0.2743 -0.2743 0.9217
vn -0.3958 -0.3958 0.8286
vn -0.5021 -0.5021 0.7041
vn -0.5893 -0.5893 0.5528
vn -0.6539 -0.6539 0.3805
vn -0.6937 -0.6937 0.1939
vn -0.7071 -0.7071 -0.0000
vn -0.6937 -0.6937 -0.1939
vn -0.6539 -0.6539 -0.3805
vn -0.5893 -0.5893 -0.5528
vn -0.5021 -0.5021 -0.7041
vn -0.3958 -0.3958 -0.8286
vn -0.2743 -0.2743 -0.9217
vn -0.1421 -0.1421 -0.9796
vn -0.0000 -0.0000 -1.0000
vn -0.1671 -0.1116 0.9796
vn -0.3225 -0.2155 0.9217
vn -0.4654 -0.3110 0.8286
vn -0.5905 -0.3945 0.7041
vn -0.6929 -0.4630 0.5528
vn -0.7689 -0.5138 0.3805
vn -0.8157 -0.5450 0.1939
vn -0.8315 -0.5556 -0.0000
vn -0.8157 -0.5450 -0.1939
vn -0.7689 -0.5138 -0.3805
vn -0.6929 -0.4630 -0.5528
vn -0.5905 -0.3945 -0.7041
vn -0.4654 -0.3110 -0.8286
vn -0.3225 -0.2155 -0.9217
vn -0.1671 -0.1116 -0.9796
vn -0.1857 -0.0769 0.9796
vn -0.3584 -0.1484 0.9217
vn -0.5172 -0.2142 0.8286
vn -0.6561 -0.2718 0.7041
vn -0.7699 -0.3189 0.5528
vn -0.8544 -0.3539 0.3805
vn -0.9063 -0.3754 0.1939
vn -0.9239 -0.3827 -0.0000
vn -0.9063 -0.3754 -0.1939
vn -0.8544 -0.3539 -0.3805
vn -0.7699 -0.3189 -0.5528
vn -0.6561 -0.2718 -0.7041
vn -0.5172 -0.2142 -0.8286
vn -0.3584 -0.1484 -0.9217
vn -0.1857 -0.0769 -0.9796
vn -0.1971 -0.0392 0.9796
vn -0.3804 -0.0757 0.9217
vn -0.5490 -0.1092 0.8286
vn -0.6965 -0.1385 0.7041
vn -0.8173 -0.1626 0.5528
vn -0.9070 -0.1804 0.3805
vn -0.9622 -0.1914 0.1939
vn -0.9808 -0.1951 -0.0000
vn -0.9622 -0.1914 -0.1939
vn -0.9070 -0.1804 -0.3805
vn -0.8173 -0.1626 -0.5528
vn -0.6965 -0.1385 -0.7041
vn -0.5490 -0.1092 -0.8286
vn -0.3804 -0.0757 -0.9217
vn -0.1971 -0.0392 -0.9796
vn -0.2010 -0.0000 0.9796
vn -0.3879 -0.0000 0.9217
vn -0.5598 -0.0000 0.8286
vn -0.7101 -0.0000 0.7041
vn -0.8333 -0.0000 0.5528
vn -0.9248 -0.0000 0.3805
vn -0.9810 -0.0000 0.1939
vn -1.0000 -0.0000 -0.0000
vn -0.9810 -0.0000 -0.1939
vn -0.9248 -0.0000 -0.3805
vn -0.8333 -0.0000 -0.5528
vn -0.7101 -0.0000 -0.7041
vn -0.5598 -0.0000 -0.8286
vn -0.3879 -0.0000 -0.9217
vn -0.2010 -0.0000 -0.9796
vn -0.1971 0.0392 0.9796
vn -0.3804 0.0757 0.9217
vn -0.5490 0.1092 0.8286
vn -0.6965 0.1385 0.7041
vn -0.8173 0.1626 0.5528
vn -0.9070 0.1804 0.3805
vn -0.9622 0.1914 0.1939
vn -0.9808 0.1951 -0.0000
vn -0.9622 0.1914 -0.1939
vn -0.9070 0.1804 -0.3805
vn -0.8173 0.1626 -0.5528
vn -0.6965 0.1385 -0.7041
vn -0.5490 0.1092 -0.8286
vn -0.3804 0.0757 -0.9217
vn -0.1971 0.0392 -0.9796
vn -0.1857 0.0769 0.9796
vn -0.3584 0.1484 0.9217
vn -0.5172 0.2142 0.8286
vn -0.6561 0.2718 0.7041
vn -0.7699 0.3189 0.5528
vn -0.8544 0.3539 0.3805
vn -0.9063 0.3754 0.1939
vn -0.9239 0.3827 -0.0000
vn -0.9063 0.3754 -0.1939
vn -0.8544 0.3539 -0.3805
vn -0.7699 0.3189 -0.5528
vn -0.6561 0.2718 -0.7041
vn -0.5172 0.2142 -0.8286
vn -0.3584 0.1484 -0.9217
vn -0.1857 0.0769 -0.9796
vn -0.1671 0.1116 0.9796
vn -0.3225 0.2155 0.9217
vn -0.4654 0.3110 0.8286
vn -0.5905 0.3945 0.7041
vn -0.6929 0.4630 0.5528
vn -0.7689 0.5138 0.3805
vn -0.8157 0.5450 0.1939
vn -0.8315 0.5556 -0.0000
vn -0.8157 0.5450 -0.1939
vn -0.7689 0.5138 -0.3805
vn -0.6929 0.4630 -0.5528
vn -0.5905 0.3945 -0.7041
vn -0.4654 0.3110 -0.8286
vn -0.3225 0.2155 -0.9217
vn -0.1671 0.1116 -0.9796
vn -0.1421 0.1421 0.9796
vn -0.2743 0.2743 0.9217
vn -0.3958 0.3958 0.8286
vn -0.5021 0.5021 0.7041
vn -0.5893 0.5893 0.5528
vn -0.6539 0.6539 0.3805
vn -0.6937 0.6937 0.1939
vn -0.7071 0.7071 -0.0000
vn -0.6937 0.6937 -0.1939
vn -0.6539 0.6539 -0.3805
vn -0.5893 0.5893 -0.5528
vn -0.5021 0.5021 -0.7041
vn -0.3958 0.3958 -0.8286
vn -0.2743 0.2743 -0.9217
vn -0.1421 0.1421 -0.9796
vn -0.1116 0.1671 0.9796
vn -0.2155 0.3225 0.9217
vn -0.3110 0.4654 0.8286
vn -0.3945 0.5905 0.7041
vn -0.4630 0.6929 0.5528
vn -0.5138 0.7689 0.3805
vn -0.5450 0.8157 0.1939
vn -0.5556 0.8315 -0.0000
vn -0.5450 0.8157 -0.1939
vn -0.5138 0.7689 -0.3805
vn -0.4630 0.6929 -0.5528
vn -0.3945 0.5905 -0.7041
vn -0.3110 0.4654 -0.8286
vn -0.2155 0.3225 -0.9217
vn -0.1116 0.1671 -0.9796
vn -0.0769 0.1857 0.9796
vn -0.1484 0.3584 0.9217
vn -0.2142 0.5172 0.8286
vn -0.2718 0.6561 0.7041
vn -0.3189 0.7699 0.5528
vn -0.3539 0.8544 0.3805
vn -0.3754 0.9063 0.1939
vn -0.3827 0.9239 -0.0000
vn -0.3754 0.9063 -0.1939
vn -0.3539 0.8544 -0.3805
vn -0.3189 0.7699 -0.5528
vn -0.2718 0.6561 -0.7041
vn -0.2142 0.5172 -0.8286
vn -0.1484 0.3584 -0.9217
vn -0.0769 0.1857 -0.9796
vn -0.0392 0.1971 0.9796
vn -0.0757 0.3804 0.9217
vn -0.1092 0.5490 0.8286
vn -0.1385 0.6965 0.7041
vn -0.1626 0.8173 0.5528
vn -0.1804 0.9070 0.3805
vn -0.1914 0.9622 0.1939
vn -0.1951 0.9808 -0.0000
vn -0.1914 0.9622 -0.1939
vn -0.1804 0.9070 -0.3805
vn -0.1626 0.8173 -0.5528
vn -0.1385 0.6965 -0.7041
vn -0.1092 0.5490 -0.8286
vn -0.0757 0.3804 -0.9217
vn -0.0392 0.1971 -0.9796
vn -0.0000 0.2010 0.9796
vn -0.0000 0.3879 0.9217
vn -0.0000 0.7101 0.7041
vn -0.0000 0.9248 0.3805
vn -0.0000 0.9248 -0.3805
vn -0.0000 0.7101 -0.7041
vn -0.0000 0.5598 -0.8286
vn -0.0000 0.3879 -0.9217
vn -0.0000 0.2010 -0.9796
vn 0.1116 0.1671 -0.9796
vn 0.1117 -0.1671 0.9796
vn -0.1116 -0.1671 0.9796
vn -0.1117 -0.1671 -0.9796
vn -0.1117 0.1671 -0.9796
vn -0.0000 0.7279 -0.6857
vn -0.0000 0.7279 0.6857
vn 0.1420 0.7139 -0.6857
vn 0.1420 0.7139 0.6857
vn 0.2785 0.6725 -0.6857
vn 0.2786 0.6725 0.6857
vn 0.4044 0.6052 -0.6857
vn 0.4044 0.6052 0.6857
vn 0.5147 0.5147 -0.6857
vn 0.5147 0.5147 0.6857
vn 0.6052 0.4044 -0.6857
vn 0.6052 0.4044 0.6857
vn 0.6725 0.2785 -0.6857
vn 0.6725 0.2786 0.6857
vn 0.7139 0.1420 -0.6857
vn 0.7139 0.1420 0.6857
vn 0.7279 -0.0000 -0.6857
vn 0.7279 -0.0000 0.6857
vn 0.7139 -0.1420 -0.6857
vn 0.7139 -0.1420 0.6857
vn 0.6725 -0.2785 -0.6857
vn 0.6725 -0.2786 0.6857
vn 0.6052 -0.4044 -0.6857
vn 0.6052 -0.4044 0.6857
vn 0.5147 -0.5147 -0.6857
vn 0.5147 -0.5147 0.6857
vn 0.4044 -0.6052 -0.6857
vn 0.4044 -0.6052 0.6857
vn 0.2785 -0.6725 -0.6857
vn 0.2786 -0.6725 0.6857
vn 0.1420 -0.7139 -0.6857
vn 0.1420 -0.7139 0.6857
vn -0.0000 -0.7279 -0.6857
vn -0.0000 -0.7279 0.6857
vn -0.1420 -0.7139 -0.6857
vn -0.1420 -0.7139 0.6857
vn -0.2785 -0.6725 -0.6857
vn -0.2786 -0.6725 0.6857
vn -0.4044 -0.6052 -0.6857
vn -0.4044 -0.6052 0.6857
vn -0.5147 -0.5147 -0.6857
vn -0.5147 -0.5147 0.6857
vn -0.6052 -0.4044 -0.6857
vn -0.6052 -0.4044 0.6857
vn -0.6725 -0.2785 -0.6857
vn -0.6725 -0.2786 0.6857
vn -0.7139 -0.1420 -0.6857
vn -0.7139 -0.1420 0.6857
vn -0.7279 -0.0000 -0.6857
vn -0.7279 -0.0000 0.6857
vn -0.7139 0.1420 -0.6857
vn -0.7139 0.1420 0.6857
vn -0.6725 0.2785 -0.6857
vn -0.6725 0.2786 0.6857
vn -0.6052 0.4044 -0.6857
vn -0.6052 0.4044 0.6857
vn -0.5147 0.5147 -0.6857
vn -0.5147 0.5147 0.6857
vn -0.4044 0.6052 -0.6857
vn -0.4044 0.6052 0.6857
vn -0.2785 0.6725 -0.6857
vn -0.2786 0.6725 0.6857
vn -0.1420 0.7139 -0.6857
vn -0.1420 0.7139 0.6857
vt 0.188759 0.308362
vt 0.117088 0.380034
vt 0.117088 0.308362
vt 0.188759 0.380034
vt 0.117088 0.451705
vt 0.188759 0.451705
vt 0.117088 0.523376
vt 0.188759 0.523376
vt 0.117088 0.595048
vt 0.045416 0.523376
vt 0.045416 0.451705
vt 0.199565 0.462511
vt 0.199565 0.512571
vt 0.249625 0.512571
vt 0.260430 0.451705
vt 0.260430 0.523376
vt 0.249625 0.462511
vt 0.191130 0.868340
vt 0.186168 0.858416
vt 0.191130 0.858416
vt 0.191130 0.927880
vt 0.186168 0.937803
vt 0.186168 0.927880
vt 0.191130 0.848493
vt 0.186168 0.848493
vt 0.186168 0.917957
vt 0.191130 0.917957
vt 0.186168 0.838569
vt 0.191130 0.838569
vt 0.191130 0.908033
vt 0.186168 0.908033
vt 0.186168 0.828646
vt 0.191130 0.828646
vt 0.186168 0.898110
vt 0.191130 0.898110
vt 0.186168 0.818723
vt 0.191130 0.818723
vt 0.191130 0.888186
vt 0.186168 0.888186
vt 0.191130 0.957650
vt 0.188649 0.967573
vt 0.186168 0.957650
vt 0.188649 0.808799
vt 0.186168 0.878263
vt 0.191130 0.878263
vt 0.191130 0.947727
vt 0.186168 0.947727
vt 0.186168 0.868340
vt 0.191130 0.937803
vt 0.181207 0.947727
vt 0.181207 0.878263
vt 0.181207 0.868340
vt 0.181207 0.937803
vt 0.181207 0.858416
vt 0.181207 0.927880
vt 0.181207 0.848493
vt 0.181207 0.917957
vt 0.181207 0.838569
vt 0.181207 0.908033
vt 0.181207 0.828646
vt 0.181207 0.898110
vt 0.181207 0.818723
vt 0.181207 0.888186
vt 0.183688 0.967573
vt 0.181207 0.957650
vt 0.183688 0.808799
vt 0.176245 0.917957
vt 0.176245 0.908033
vt 0.176245 0.828646
vt 0.176245 0.898110
vt 0.176245 0.818723
vt 0.176245 0.888186
vt 0.178726 0.967573
vt 0.176245 0.957650
vt 0.178726 0.808799
vt 0.176245 0.878263
vt 0.176245 0.947727
vt 0.176245 0.868340
vt 0.176245 0.937803
vt 0.176245 0.858416
vt 0.176245 0.927880
vt 0.176245 0.848493
vt 0.176245 0.838569
vt 0.171283 0.878263
vt 0.171283 0.868340
vt 0.171283 0.947727
vt 0.171283 0.937803
vt 0.171283 0.858416
vt 0.171283 0.927880
vt 0.171283 0.848493
vt 0.171283 0.917957
vt 0.171283 0.838569
vt 0.171283 0.908033
vt 0.171283 0.828646
vt 0.171283 0.898110
vt 0.171283 0.818723
vt 0.171283 0.888186
vt 0.173764 0.967573
vt 0.171283 0.957650
vt 0.173764 0.808799
vt 0.166322 0.838569
vt 0.166322 0.828646
vt 0.166322 0.908033
vt 0.166322 0.898110
vt 0.166322 0.818723
vt 0.166322 0.888186
vt 0.168802 0.967573
vt 0.166322 0.957650
vt 0.168802 0.808799
vt 0.166322 0.878263
vt 0.166322 0.947727
vt 0.166322 0.868340
vt 0.166322 0.937803
vt 0.166322 0.858416
vt 0.166322 0.927880
vt 0.166322 0.848493
vt 0.166322 0.917957
vt 0.161360 0.868340
vt 0.161360 0.858416
vt 0.161360 0.927880
vt 0.161360 0.848493
vt 0.161360 0.917957
vt 0.161360 0.838569
vt 0.161360 0.908033
vt 0.161360 0.828646
vt 0.161360 0.898110
vt 0.161360 0.818723
vt 0.161360 0.888186
vt 0.163841 0.967573
vt 0.161360 0.957650
vt 0.163841 0.808799
vt 0.161360 0.878263
vt 0.161360 0.947727
vt 0.161360 0.937803
vt 0.156398 0.828646
vt 0.156398 0.818723
vt 0.156398 0.898110
vt 0.156398 0.888186
vt 0.158879 0.967573
vt 0.156398 0.957650
vt 0.158879 0.808799
vt 0.156398 0.878263
vt 0.156398 0.947727
vt 0.156398 0.868340
vt 0.156398 0.937803
vt 0.156398 0.858416
vt 0.156398 0.927880
vt 0.156398 0.848493
vt 0.156398 0.917957
vt 0.156398 0.838569
vt 0.156398 0.908033
vt 0.151436 0.927880
vt 0.151436 0.848493
vt 0.151436 0.917957
vt 0.151436 0.838569
vt 0.151436 0.908033
vt 0.151436 0.828646
vt 0.151436 0.898110
vt 0.151436 0.818723
vt 0.151436 0.888186
vt 0.153917 0.967573
vt 0.151436 0.957650
vt 0.153917 0.808799
vt 0.151436 0.878263
vt 0.151436 0.947727
vt 0.151436 0.868340
vt 0.151436 0.937803
vt 0.151436 0.858416
vt 0.146475 0.888186
vt 0.148956 0.967573
vt 0.146475 0.957650
vt 0.148956 0.808799
vt 0.146475 0.818723
vt 0.146475 0.878263
vt 0.146475 0.947727
vt 0.146475 0.868340
vt 0.146475 0.937803
vt 0.146475 0.858416
vt 0.146475 0.927880
vt 0.146475 0.848493
vt 0.146475 0.917957
vt 0.146475 0.838569
vt 0.146475 0.908033
vt 0.146475 0.828646
vt 0.146475 0.898110
vt 0.141513 0.848493
vt 0.141513 0.927880
vt 0.141513 0.917957
vt 0.141513 0.838569
vt 0.141513 0.908033
vt 0.141513 0.828646
vt 0.141513 0.898110
vt 0.141513 0.818723
vt 0.141513 0.888186
vt 0.143994 0.967573
vt 0.141513 0.957650
vt 0.143994 0.808799
vt 0.141513 0.878263
vt 0.141513 0.947727
vt 0.141513 0.868340
vt 0.141513 0.937803
vt 0.141513 0.858416
vt 0.139032 0.967573
vt 0.136551 0.957650
vt 0.139032 0.808799
vt 0.136551 0.818723
vt 0.136551 0.888186
vt 0.136551 0.878263
vt 0.136551 0.947727
vt 0.136551 0.868340
vt 0.136551 0.937803
vt 0.136551 0.858416
vt 0.136551 0.927880
vt 0.136551 0.848493
vt 0.136551 0.917957
vt 0.136551 0.838569
vt 0.136551 0.908033
vt 0.136551 0.828646
vt 0.136551 0.898110
vt 0.131590 0.927880
vt 0.131590 0.917957
vt 0.131590 0.838569
vt 0.131590 0.908033
vt 0.131590 0.828646
vt 0.131590 0.898110
vt 0.131590 0.818723
vt 0.131590 0.888186
vt 0.134071 0.967573
vt 0.131590 0.957650
vt 0.134071 0.808799
vt 0.131590 0.878263
vt 0.131590 0.947727
vt 0.131590 0.868340
vt 0.131590 0.937803
vt 0.131590 0.858416
vt 0.131590 0.848493
vt 0.126628 0.878263
vt 0.126628 0.947727
vt 0.126628 0.868340
vt 0.126628 0.937803
vt 0.126628 0.858416
vt 0.126628 0.927880
vt 0.126628 0.848493
vt 0.126628 0.917957
vt 0.126628 0.838569
vt 0.126628 0.908033
vt 0.126628 0.828646
vt 0.126628 0.898110
vt 0.126628 0.818723
vt 0.126628 0.888186
vt 0.129109 0.967573
vt 0.126628 0.957650
vt 0.129109 0.808799
vt 0.121666 0.838569
vt 0.121666 0.908033
vt 0.121666 0.828646
vt 0.121666 0.898110
vt 0.121666 0.818723
vt 0.121666 0.888186
vt 0.124147 0.967573
vt 0.121666 0.957650
vt 0.124147 0.808799
vt 0.121666 0.878263
vt 0.121666 0.947727
vt 0.121666 0.868340
vt 0.121666 0.937803
vt 0.121666 0.858416
vt 0.121666 0.927880
vt 0.121666 0.848493
vt 0.121666 0.917957
vt 0.116705 0.868340
vt 0.116705 0.937803
vt 0.116705 0.858416
vt 0.116705 0.927880
vt 0.116705 0.848493
vt 0.116705 0.917957
vt 0.116705 0.838569
vt 0.116705 0.908033
vt 0.116705 0.828646
vt 0.116705 0.898110
vt 0.116705 0.818723
vt 0.116705 0.888186
vt 0.119185 0.967573
vt 0.116705 0.957650
vt 0.119185 0.808799
vt 0.116705 0.878263
vt 0.116705 0.947727
vt 0.111743 0.838569
vt 0.111743 0.828646
vt 0.111743 0.908033
vt 0.111743 0.898110
vt 0.111743 0.818723
vt 0.111743 0.888186
vt 0.114224 0.967573
vt 0.111743 0.957650
vt 0.114224 0.808799
vt 0.111743 0.878263
vt 0.111743 0.947727
vt 0.111743 0.868340
vt 0.111743 0.937803
vt 0.111743 0.858416
vt 0.111743 0.927880
vt 0.111743 0.848493
vt 0.111743 0.917957
vt 0.106781 0.947727
vt 0.106781 0.937803
vt 0.106781 0.868340
vt 0.106781 0.858416
vt 0.106781 0.927880
vt 0.106781 0.848493
vt 0.106781 0.917957
vt 0.106781 0.838569
vt 0.106781 0.908033
vt 0.106781 0.828646
vt 0.106781 0.898110
vt 0.106781 0.818723
vt 0.106781 0.888186
vt 0.109262 0.967573
vt 0.106781 0.957650
vt 0.109262 0.808799
vt 0.106781 0.878263
vt 0.101820 0.908033
vt 0.101820 0.898110
vt 0.101820 0.828646
vt 0.101820 0.818723
vt 0.101820 0.888186
vt 0.104300 0.967573
vt 0.101820 0.957650
vt 0.104300 0.808799
vt 0.101820 0.878263
vt 0.101820 0.947727
vt 0.101820 0.868340
vt 0.101820 0.937803
vt 0.101820 0.858416
vt 0.101820 0.927880
vt 0.101820 0.848493
vt 0.101820 0.917957
vt 0.101820 0.838569
vt 0.096858 0.868340
vt 0.096858 0.858416
vt 0.096858 0.937803
vt 0.096858 0.927880
vt 0.096858 0.848493
vt 0.096858 0.917957
vt 0.096858 0.838569
vt 0.096858 0.908033
vt 0.096858 0.828646
vt 0.096858 0.898110
vt 0.096858 0.818723
vt 0.096858 0.888186
vt 0.099339 0.967573
vt 0.096858 0.957650
vt 0.099339 0.808799
vt 0.096858 0.878263
vt 0.096858 0.947727
vt 0.091896 0.818723
vt 0.091896 0.888186
vt 0.094377 0.967573
vt 0.091896 0.957650
vt 0.094377 0.808799
vt 0.091896 0.878263
vt 0.091896 0.947727
vt 0.091896 0.868340
vt 0.091896 0.937803
vt 0.091896 0.858416
vt 0.091896 0.927880
vt 0.091896 0.848493
vt 0.091896 0.917957
vt 0.091896 0.838569
vt 0.091896 0.908033
vt 0.091896 0.828646
vt 0.091896 0.898110
vt 0.086934 0.937803
vt 0.086934 0.927880
vt 0.086934 0.858416
vt 0.086934 0.848493
vt 0.086934 0.917957
vt 0.086934 0.838569
vt 0.086934 0.908033
vt 0.086934 0.828646
vt 0.086934 0.898110
vt 0.086934 0.818723
vt 0.086934 0.888186
vt 0.089415 0.967573
vt 0.086934 0.957650
vt 0.089415 0.808799
vt 0.086934 0.878263
vt 0.086934 0.947727
vt 0.086934 0.868340
vt 0.081973 0.898110
vt 0.081973 0.888186
vt 0.084454 0.967573
vt 0.081973 0.957650
vt 0.084454 0.808799
vt 0.081973 0.818723
vt 0.081973 0.878263
vt 0.081973 0.947727
vt 0.081973 0.868340
vt 0.081973 0.937803
vt 0.081973 0.858416
vt 0.081973 0.927880
vt 0.081973 0.848493
vt 0.081973 0.917957
vt 0.081973 0.838569
vt 0.081973 0.908033
vt 0.081973 0.828646
vt 0.077011 0.848493
vt 0.077011 0.927880
vt 0.077011 0.917957
vt 0.077011 0.838569
vt 0.077011 0.908033
vt 0.077011 0.828646
vt 0.077011 0.898110
vt 0.077011 0.818723
vt 0.077011 0.888186
vt 0.079492 0.967573
vt 0.077011 0.957650
vt 0.079492 0.808799
vt 0.077011 0.878263
vt 0.077011 0.947727
vt 0.077011 0.868340
vt 0.077011 0.937803
vt 0.077011 0.858416
vt 0.074530 0.808799
vt 0.072049 0.818723
vt 0.072049 0.878263
vt 0.072049 0.957650
vt 0.072049 0.947727
vt 0.072049 0.868340
vt 0.072049 0.937803
vt 0.072049 0.858416
vt 0.072049 0.927880
vt 0.072049 0.848493
vt 0.072049 0.917957
vt 0.072049 0.838569
vt 0.072049 0.908033
vt 0.072049 0.828646
vt 0.072049 0.898110
vt 0.072049 0.888186
vt 0.074530 0.967573
vt 0.230824 0.838569
vt 0.225862 0.848493
vt 0.225862 0.838569
vt 0.230824 0.917957
vt 0.225862 0.908033
vt 0.230824 0.908033
vt 0.230824 0.828646
vt 0.225862 0.828646
vt 0.230824 0.898110
vt 0.225862 0.898110
vt 0.230824 0.818723
vt 0.225862 0.818723
vt 0.230824 0.888186
vt 0.225862 0.888186
vt 0.230824 0.957650
vt 0.228343 0.967573
vt 0.225862 0.957650
vt 0.228343 0.808799
vt 0.225862 0.878263
vt 0.230824 0.878263
vt 0.225862 0.947727
vt 0.230824 0.947727
vt 0.225862 0.868340
vt 0.230824 0.868340
vt 0.225862 0.937803
vt 0.230824 0.937803
vt 0.230824 0.858416
vt 0.225862 0.858416
vt 0.225862 0.927880
vt 0.230824 0.927880
vt 0.230824 0.848493
vt 0.225862 0.917957
vt 0.220900 0.947727
vt 0.220900 0.868340
vt 0.220900 0.937803
vt 0.220900 0.858416
vt 0.220900 0.927880
vt 0.220900 0.848493
vt 0.220900 0.917957
vt 0.220900 0.838569
vt 0.220900 0.908033
vt 0.220900 0.828646
vt 0.220900 0.898110
vt 0.220900 0.818723
vt 0.220900 0.888186
vt 0.223381 0.967573
vt 0.220900 0.957650
vt 0.223381 0.808799
vt 0.220900 0.878263
vt 0.215939 0.908033
vt 0.215939 0.838569
vt 0.215939 0.828646
vt 0.215939 0.898110
vt 0.215939 0.818723
vt 0.215939 0.888186
vt 0.218419 0.967573
vt 0.215939 0.957650
vt 0.218419 0.808799
vt 0.215939 0.878263
vt 0.215939 0.947727
vt 0.215939 0.868340
vt 0.215939 0.937803
vt 0.215939 0.858416
vt 0.215939 0.927880
vt 0.215939 0.848493
vt 0.215939 0.917957
vt 0.210977 0.868340
vt 0.210977 0.937803
vt 0.210977 0.858416
vt 0.210977 0.927880
vt 0.210977 0.848493
vt 0.210977 0.917957
vt 0.210977 0.838569
vt 0.210977 0.908033
vt 0.210977 0.828646
vt 0.210977 0.898110
vt 0.210977 0.818723
vt 0.210977 0.888186
vt 0.213458 0.967573
vt 0.210977 0.957650
vt 0.213458 0.808799
vt 0.210977 0.878263
vt 0.210977 0.947727
vt 0.206015 0.828646
vt 0.206015 0.908033
vt 0.206015 0.898110
vt 0.206015 0.818723
vt 0.206015 0.888186
vt 0.208496 0.967573
vt 0.206015 0.957650
vt 0.208496 0.808799
vt 0.206015 0.878263
vt 0.206015 0.947727
vt 0.206015 0.868340
vt 0.206015 0.937803
vt 0.206015 0.858416
vt 0.206015 0.927880
vt 0.206015 0.848493
vt 0.206015 0.917957
vt 0.206015 0.838569
vt 0.201053 0.937803
vt 0.201053 0.868340
vt 0.201053 0.858416
vt 0.201053 0.927880
vt 0.201053 0.848493
vt 0.201053 0.917957
vt 0.201053 0.838569
vt 0.201053 0.908033
vt 0.201053 0.828646
vt 0.201053 0.898110
vt 0.201053 0.818723
vt 0.201053 0.888186
vt 0.203534 0.967573
vt 0.201053 0.957650
vt 0.203534 0.808799
vt 0.201053 0.878263
vt 0.201053 0.947727
vt 0.196092 0.898110
vt 0.196092 0.818723
vt 0.196092 0.888186
vt 0.198573 0.967573
vt 0.196092 0.957650
vt 0.198573 0.808799
vt 0.196092 0.878263
vt 0.196092 0.947727
vt 0.196092 0.868340
vt 0.196092 0.937803
vt 0.196092 0.858416
vt 0.196092 0.927880
vt 0.196092 0.848493
vt 0.196092 0.917957
vt 0.196092 0.838569
vt 0.196092 0.908033
vt 0.196092 0.828646
vt 0.193611 0.967573
vt 0.193611 0.808799
vt 0.935792 0.980850
vt 0.917311 0.685154
vt 0.935792 0.685154
vt 0.917311 0.980850
vt 0.898830 0.685154
vt 0.898830 0.980850
vt 0.880349 0.685154
vt 0.880349 0.980850
vt 0.861868 0.685154
vt 0.861868 0.980850
vt 0.843387 0.685154
vt 0.843387 0.980850
vt 0.824906 0.685154
vt 0.824906 0.980850
vt 0.806425 0.685154
vt 0.806425 0.980850
vt 0.787944 0.685154
vt 0.787944 0.980850
vt 0.769463 0.685154
vt 0.769463 0.980850
vt 0.750982 0.685154
vt 0.750982 0.980850
vt 0.732501 0.685154
vt 0.732501 0.980850
vt 0.714020 0.685154
vt 0.714020 0.980850
vt 0.695539 0.685154
vt 0.695539 0.980850
vt 0.677058 0.685154
vt 0.677058 0.980850
vt 0.658577 0.685154
vt 0.658577 0.980850
vt 0.640096 0.685154
vt 0.640096 0.980850
vt 0.621615 0.685154
vt 0.621615 0.980850
vt 0.603134 0.685154
vt 0.603134 0.980850
vt 0.584653 0.685154
vt 0.584653 0.980850
vt 0.566172 0.685154
vt 0.566172 0.980850
vt 0.547691 0.685154
vt 0.547691 0.980850
vt 0.529210 0.685154
vt 0.529210 0.980850
vt 0.510729 0.685154
vt 0.510729 0.980850
vt 0.492248 0.685154
vt 0.492248 0.980850
vt 0.473767 0.685154
vt 0.473767 0.980850
vt 0.455286 0.685154
vt 0.455286 0.980850
vt 0.436805 0.685154
vt 0.436805 0.980850
vt 0.418324 0.685154
vt 0.418324 0.980850
vt 0.399843 0.685154
vt 0.399843 0.980850
vt 0.381362 0.685154
vt 0.732466 0.404445
vt 0.917911 0.481260
vt 0.841097 0.666705
vt 0.381362 0.980850
vt 0.362881 0.685154
vt 0.362881 0.980850
vt 0.344400 0.685154
vt 0.815634 0.398099
vt 0.648737 0.509616
vt 0.760254 0.676513
vt 0.188759 0.595048
vt 0.814471 0.674782
vt 0.786781 0.677510
vt 0.759091 0.674782
vt 0.732466 0.666705
vt 0.707927 0.653589
vt 0.686419 0.635938
vt 0.668768 0.614430
vt 0.655651 0.589891
vt 0.647575 0.563265
vt 0.644847 0.535575
vt 0.647575 0.507885
vt 0.655651 0.481260
vt 0.668768 0.456721
vt 0.686419 0.435213
vt 0.707927 0.417562
vt 0.759091 0.396369
vt 0.786781 0.393641
vt 0.814471 0.396369
vt 0.841097 0.404445
vt 0.865636 0.417562
vt 0.887144 0.435213
vt 0.904795 0.456721
vt 0.925988 0.507885
vt 0.928716 0.535575
vt 0.925988 0.563265
vt 0.917911 0.589891
vt 0.904795 0.614430
vt 0.887144 0.635938
vt 0.865636 0.653589
vt 0.344400 0.980850
vt 0.787944 0.679240
vt 0.815634 0.676513
vt 0.842260 0.668436
vt 0.866798 0.655320
vt 0.888306 0.637668
vt 0.905958 0.616160
vt 0.919074 0.591622
vt 0.927151 0.564996
vt 0.929878 0.537306
vt 0.927151 0.509616
vt 0.919074 0.482990
vt 0.905958 0.458452
vt 0.888306 0.436943
vt 0.866798 0.419292
vt 0.842260 0.406176
vt 0.787944 0.395372
vt 0.760254 0.398099
vt 0.733628 0.406176
vt 0.709090 0.419292
vt 0.687581 0.436943
vt 0.669930 0.458452
vt 0.656814 0.482990
vt 0.646010 0.537306
vt 0.648737 0.564996
vt 0.656814 0.591622
vt 0.669930 0.616160
vt 0.687581 0.637668
vt 0.709090 0.655320
vt 0.733628 0.668436
s 1
usemtl Material.030
f 9/1/9 3/2/3 1/3/1
f 10/4/10 7/5/7 3/2/3
f 11/6/11 5/7/5 7/5/7
f 12/8/12 1/9/1 5/7/5
f 7/5/7 1/10/1 3/11/3
f 8/12/8 16/13/16 6/13/6
f 2/14/2 10/15/10 9/16/9
f 4/17/4 11/6/11 10/15/10
f 8/12/8 12/8/12 11/6/11
f 6/13/6 9/16/9 12/8/12
f 14/17/14 16/13/16 15/12/15
f 2/14/2 14/17/14 4/17/4
f 6/13/6 13/14/13 2/14/2
f 4/17/4 15/12/15 8/12/8
f 494/18/494 33/19/33 22/20/22
f 492/21/492 25/22/25 26/23/26
f 495/24/495 33/19/33 34/25/34
f 492/21/492 27/26/27 18/27/18
f 495/24/495 35/28/35 496/29/496
f 493/30/493 27/26/27 28/31/28
f 496/29/496 36/32/36 497/33/497
f 493/30/493 29/34/29 19/35/19
f 497/33/497 37/36/37 498/37/498
f 20/38/20 29/34/29 30/39/30
f 490/40/490 98/41/98 23/42/23
f 324/43/324 498/37/498 37/36/37
f 20/38/20 31/44/31 21/45/21
f 491/46/491 23/42/23 24/47/24
f 494/18/494 31/44/31 32/48/32
f 17/49/17 24/47/24 25/22/25
f 23/42/23 39/50/39 24/47/24
f 32/48/32 46/51/46 47/52/47
f 25/22/25 39/50/39 40/53/40
f 32/48/32 48/54/48 33/19/33
f 26/23/26 40/53/40 41/55/41
f 34/25/34 48/54/48 49/56/49
f 26/23/26 42/57/42 27/26/27
f 34/25/34 50/58/50 35/28/35
f 28/31/28 42/57/42 43/59/43
f 35/28/35 51/60/51 36/32/36
f 28/31/28 44/61/44 29/34/29
f 36/32/36 52/62/52 37/36/37
f 30/39/30 44/61/44 45/63/45
f 23/42/23 98/64/98 38/65/38
f 324/66/324 37/36/37 52/62/52
f 30/39/30 46/51/46 31/44/31
f 43/59/43 57/67/57 58/68/58
f 50/58/50 66/69/66 51/60/51
f 43/59/43 59/70/59 44/61/44
f 51/60/51 67/71/67 52/62/52
f 45/63/45 59/70/59 60/72/60
f 38/65/38 98/73/98 53/74/53
f 324/75/324 52/62/52 67/71/67
f 45/63/45 61/76/61 46/51/46
f 39/50/39 53/74/53 54/77/54
f 47/52/47 61/76/61 62/78/62
f 40/53/40 54/77/54 55/79/55
f 47/52/47 63/80/63 48/54/48
f 40/53/40 56/81/56 41/55/41
f 49/56/49 63/80/63 64/82/64
f 41/55/41 57/67/57 42/57/42
f 50/58/50 64/82/64 65/83/65
f 62/78/62 76/84/76 77/85/77
f 55/79/55 69/86/69 70/87/70
f 62/78/62 78/88/78 63/80/63
f 55/79/55 71/89/71 56/81/56
f 63/80/63 79/90/79 64/82/64
f 57/67/57 71/89/71 72/91/72
f 65/83/65 79/90/79 80/92/80
f 57/67/57 73/93/73 58/68/58
f 66/69/66 80/92/80 81/94/81
f 58/68/58 74/95/74 59/70/59
f 66/69/66 82/96/82 67/71/67
f 60/72/60 74/95/74 75/97/75
f 53/74/53 98/98/98 68/99/68
f 324/100/324 67/71/67 82/96/82
f 60/72/60 76/84/76 61/76/61
f 54/77/54 68/99/68 69/86/69
f 81/94/81 95/101/95 96/102/96
f 74/95/74 88/103/88 89/104/89
f 82/96/82 96/102/96 97/105/97
f 74/95/74 90/106/90 75/97/75
f 68/99/68 98/107/98 83/108/83
f 324/109/324 82/96/82 97/105/97
f 76/84/76 90/106/90 91/110/91
f 68/99/68 84/111/84 69/86/69
f 76/84/76 92/112/92 77/85/77
f 69/86/69 85/113/85 70/87/70
f 77/85/77 93/114/93 78/88/78
f 71/89/71 85/113/85 86/115/86
f 78/88/78 94/116/94 79/90/79
f 72/91/72 86/115/86 87/117/87
f 80/92/80 94/116/94 95/101/95
f 73/93/73 87/117/87 88/103/88
f 93/114/93 108/118/108 109/119/109
f 85/113/85 102/120/102 86/115/86
f 93/114/93 110/121/110 94/116/94
f 87/117/87 102/120/102 103/122/103
f 94/116/94 111/123/111 95/101/95
f 87/117/87 104/124/104 88/103/88
f 95/101/95 112/125/112 96/102/96
f 89/104/89 104/124/104 105/126/105
f 96/102/96 113/127/113 97/105/97
f 89/104/89 106/128/106 90/106/90
f 83/108/83 98/129/98 99/130/99
f 324/131/324 97/105/97 113/127/113
f 90/106/90 107/132/107 91/110/91
f 84/111/84 99/130/99 100/133/100
f 91/110/91 108/118/108 92/112/92
f 85/113/85 100/133/100 101/134/101
f 113/127/113 127/135/127 128/136/128
f 106/128/106 120/137/120 121/138/121
f 99/130/99 98/139/98 114/140/114
f 324/141/324 113/127/113 128/136/128
f 106/128/106 122/142/122 107/132/107
f 99/130/99 115/143/115 100/133/100
f 107/132/107 123/144/123 108/118/108
f 100/133/100 116/145/116 101/134/101
f 109/119/109 123/144/123 124/146/124
f 101/134/101 117/147/117 102/120/102
f 110/121/110 124/146/124 125/148/125
f 102/120/102 118/149/118 103/122/103
f 111/123/111 125/148/125 126/150/126
f 103/122/103 119/151/119 104/124/104
f 112/125/112 126/150/126 127/135/127
f 105/126/105 119/151/119 120/137/120
f 116/145/116 132/152/132 117/147/117
f 124/146/124 140/153/140 125/148/125
f 118/149/118 132/152/132 133/154/133
f 126/150/126 140/153/140 141/155/141
f 119/151/119 133/154/133 134/156/134
f 126/150/126 142/157/142 127/135/127
f 120/137/120 134/156/134 135/158/135
f 127/135/127 143/159/143 128/136/128
f 121/138/121 135/158/135 136/160/136
f 114/140/114 98/161/98 129/162/129
f 324/163/324 128/136/128 143/159/143
f 121/138/121 137/164/137 122/142/122
f 115/143/115 129/162/129 130/165/130
f 122/142/122 138/166/138 123/144/123
f 116/145/116 130/165/130 131/167/131
f 123/144/123 139/168/139 124/146/124
f 135/158/135 151/169/151 136/160/136
f 129/162/129 98/170/98 144/171/144
f 324/172/324 143/159/143 158/173/158
f 136/160/136 152/174/152 137/164/137
f 129/162/129 145/175/145 130/165/130
f 138/166/138 152/174/152 153/176/153
f 130/165/130 146/177/146 131/167/131
f 139/168/139 153/176/153 154/178/154
f 132/152/132 146/177/146 147/179/147
f 140/153/140 154/178/154 155/180/155
f 132/152/132 148/181/148 133/154/133
f 140/153/140 156/182/156 141/155/141
f 133/154/133 149/183/149 134/156/134
f 142/157/142 156/182/156 157/184/157
f 134/156/134 150/185/150 135/158/135
f 143/159/143 157/184/157 158/173/158
f 154/178/154 170/186/170 155/180/155
f 148/181/148 162/187/162 163/188/163
f 155/180/155 171/189/171 156/182/156
f 149/183/149 163/188/163 164/190/164
f 156/182/156 172/191/172 157/184/157
f 150/185/150 164/190/164 165/192/165
f 157/184/157 173/193/173 158/173/158
f 151/169/151 165/192/165 166/194/166
f 144/171/144 98/195/98 159/196/159
f 324/197/324 158/173/158 173/193/173
f 151/169/151 167/198/167 152/174/152
f 145/175/145 159/196/159 160/199/160
f 152/174/152 168/200/168 153/176/153
f 146/177/146 160/199/160 161/201/161
f 153/176/153 169/202/169 154/178/154
f 147/179/147 161/201/161 162/187/162
f 159/196/159 98/203/98 174/204/174
f 324/205/324 173/193/173 188/206/188
f 167/198/167 181/207/181 182/208/182
f 159/196/159 175/209/175 160/199/160
f 167/198/167 183/210/183 168/200/168
f 160/199/160 176/211/176 161/201/161
f 169/202/169 183/210/183 184/212/184
f 162/187/162 176/211/176 177/213/177
f 170/186/170 184/212/184 185/214/185
f 162/187/162 178/215/178 163/188/163
f 171/189/171 185/214/185 186/216/186
f 163/188/163 179/217/179 164/190/164
f 172/191/172 186/216/186 187/218/187
f 165/192/165 179/217/179 180/219/180
f 173/193/173 187/218/187 188/206/188
f 165/192/165 181/207/181 166/194/166
f 178/215/178 192/220/192 193/221/193
f 185/214/185 201/222/201 186/216/186
f 178/215/178 194/223/194 179/217/179
f 186/216/186 202/224/202 187/218/187
f 180/219/180 194/223/194 195/225/195
f 187/218/187 203/226/203 188/206/188
f 180/219/180 196/227/196 181/207/181
f 174/204/174 98/228/98 189/229/189
f 324/230/324 188/206/188 203/226/203
f 182/208/182 196/227/196 197/231/197
f 175/209/175 189/229/189 190/232/190
f 182/208/182 198/233/198 183/210/183
f 176/211/176 190/232/190 191/234/191
f 184/212/184 198/233/198 199/235/199
f 176/211/176 192/220/192 177/213/177
f 185/214/185 199/235/199 200/236/200
f 196/227/196 212/237/212 197/231/197
f 189/229/189 205/238/205 190/232/190
f 197/231/197 213/239/213 198/233/198
f 191/234/191 205/238/205 206/240/206
f 199/235/199 213/239/213 214/241/214
f 191/234/191 207/242/207 192/220/192
f 200/236/200 214/241/214 215/243/215
f 192/220/192 208/244/208 193/221/193
f 201/222/201 215/243/215 216/245/216
f 193/221/193 209/246/209 194/223/194
f 202/224/202 216/245/216 217/247/217
f 195/225/195 209/246/209 210/248/210
f 203/226/203 217/247/217 218/249/218
f 196/227/196 210/248/210 211/250/211
f 189/229/189 98/251/98 204/252/204
f 324/253/324 203/226/203 218/249/218
f 215/243/215 231/254/231 216/245/216
f 208/244/208 224/255/224 209/246/209
f 216/245/216 232/256/232 217/247/217
f 210/248/210 224/255/224 225/257/225
f 218/249/218 232/256/232 233/258/233
f 211/250/211 225/257/225 226/259/226
f 204/252/204 98/260/98 219/261/219
f 324/262/324 218/249/218 233/258/233
f 211/250/211 227/263/227 212/237/212
f 204/252/204 220/264/220 205/238/205
f 212/237/212 228/265/228 213/239/213
f 205/238/205 221/266/221 206/240/206
f 214/241/214 228/265/228 229/267/229
f 206/240/206 222/268/222 207/242/207
f 214/241/214 230/269/230 215/243/215
f 208/244/208 222/268/222 223/270/223
f 227/263/227 243/271/243 228/265/228
f 220/264/220 236/272/236 221/266/221
f 229/267/229 243/271/243 244/273/244
f 221/266/221 237/274/237 222/268/222
f 229/267/229 245/275/245 230/269/230
f 223/270/223 237/274/237 238/276/238
f 231/254/231 245/275/245 246/277/246
f 223/270/223 239/278/239 224/255/224
f 232/256/232 246/277/246 247/279/247
f 225/257/225 239/278/239 240/280/240
f 232/256/232 248/281/248 233/258/233
f 225/257/225 241/282/241 226/259/226
f 219/261/219 98/283/98 234/284/234
f 324/285/324 233/258/233 248/281/248
f 227/263/227 241/282/241 242/286/242
f 219/261/219 235/287/235 220/264/220
f 247/279/247 261/288/261 262/289/262
f 240/280/240 254/290/254 255/291/255
f 247/279/247 263/292/263 248/281/248
f 240/280/240 256/293/256 241/282/241
f 234/284/234 98/294/98 249/295/249
f 324/296/324 248/281/248 263/292/263
f 242/286/242 256/293/256 257/297/257
f 235/287/235 249/295/249 250/298/250
f 242/286/242 258/299/258 243/271/243
f 235/287/235 251/300/251 236/272/236
f 243/271/243 259/301/259 244/273/244
f 236/272/236 252/302/252 237/274/237
f 244/273/244 260/303/260 245/275/245
f 238/276/238 252/302/252 253/304/253
f 246/277/246 260/303/260 261/288/261
f 239/278/239 253/304/253 254/290/254
f 251/300/251 265/305/265 266/306/266
f 259/301/259 273/307/273 274/308/274
f 252/302/252 266/306/266 267/309/267
f 260/303/260 274/308/274 275/310/275
f 252/302/252 268/311/268 253/304/253
f 260/303/260 276/312/276 261/288/261
f 253/304/253 269/313/269 254/290/254
f 261/288/261 277/314/277 262/289/262
f 254/290/254 270/315/270 255/291/255
f 263/292/263 277/314/277 278/316/278
f 256/293/256 270/315/270 271/317/271
f 249/295/249 98/318/98 264/319/264
f 324/320/324 263/292/263 278/316/278
f 256/293/256 272/321/272 257/297/257
f 249/295/249 265/305/265 250/298/250
f 257/297/257 273/307/273 258/299/258
f 270/315/270 284/322/284 285/323/285
f 278/316/278 292/324/292 293/325/293
f 271/317/271 285/323/285 286/326/286
f 264/319/264 98/327/98 279/328/279
f 324/329/324 278/316/278 293/325/293
f 271/317/271 287/330/287 272/321/272
f 264/319/264 280/331/280 265/305/265
f 272/321/272 288/332/288 273/307/273
f 266/306/266 280/331/280 281/333/281
f 274/308/274 288/332/288 289/334/289
f 267/309/267 281/333/281 282/335/282
f 275/310/275 289/334/289 290/336/290
f 267/309/267 283/337/283 268/311/268
f 275/310/275 291/338/291 276/312/276
f 268/311/268 284/322/284 269/313/269
f 276/312/276 292/324/292 277/314/277
f 289/334/289 303/339/303 304/340/304
f 282/335/282 296/341/296 297/342/297
f 289/334/289 305/343/305 290/336/290
f 282/335/282 298/344/298 283/337/283
f 291/338/291 305/343/305 306/345/306
f 283/337/283 299/346/299 284/322/284
f 291/338/291 307/347/307 292/324/292
f 285/323/285 299/346/299 300/348/300
f 292/324/292 308/349/308 293/325/293
f 285/323/285 301/350/301 286/326/286
f 279/328/279 98/351/98 294/352/294
f 324/353/324 293/325/293 308/349/308
f 286/326/286 302/354/302 287/330/287
f 279/328/279 295/355/295 280/331/280
f 287/330/287 303/339/303 288/332/288
f 281/333/281 295/355/295 296/341/296
f 307/347/307 323/356/323 308/349/308
f 300/348/300 316/357/316 301/350/301
f 294/352/294 98/358/98 309/359/309
f 324/360/324 308/349/308 323/356/323
f 301/350/301 317/361/317 302/354/302
f 295/355/295 309/359/309 310/362/310
f 302/354/302 318/363/318 303/339/303
f 296/341/296 310/362/310 311/364/311
f 304/340/304 318/363/318 319/365/319
f 296/341/296 312/366/312 297/342/297
f 304/340/304 320/367/320 305/343/305
f 298/344/298 312/366/312 313/368/313
f 305/343/305 321/369/321 306/345/306
f 298/344/298 314/370/314 299/346/299
f 307/347/307 321/369/321 322/371/322
f 299/346/299 315/372/315 300/348/300
f 312/366/312 327/373/327 328/374/328
f 320/367/320 335/375/335 336/376/336
f 312/366/312 329/377/329 313/368/313
f 321/369/321 336/376/336 337/378/337
f 313/368/313 330/379/330 314/370/314
f 322/371/322 337/378/337 338/380/338
f 315/372/315 330/379/330 331/381/331
f 323/356/323 338/380/338 339/382/339
f 316/357/316 331/381/331 332/383/332
f 309/359/309 98/384/98 325/385/325
f 324/386/324 323/356/323 339/382/339
f 316/357/316 333/387/333 317/361/317
f 309/359/309 326/388/326 310/362/310
f 317/361/317 334/389/334 318/363/318
f 310/362/310 327/373/327 311/364/311
f 319/365/319 334/389/334 335/375/335
f 332/383/332 346/390/346 347/391/347
f 325/385/325 98/392/98 340/393/340
f 324/394/324 339/382/339 354/395/354
f 332/383/332 348/396/348 333/387/333
f 325/385/325 341/397/341 326/388/326
f 333/387/333 349/398/349 334/389/334
f 326/388/326 342/399/342 327/373/327
f 335/375/335 349/398/349 350/400/350
f 327/373/327 343/401/343 328/374/328
f 336/376/336 350/400/350 351/402/351
f 329/377/329 343/401/343 344/403/344
f 337/378/337 351/402/351 352/404/352
f 329/377/329 345/405/345 330/379/330
f 338/380/338 352/404/352 353/406/353
f 331/381/331 345/405/345 346/390/346
f 339/382/339 353/406/353 354/395/354
f 350/400/350 366/407/366 351/402/351
f 344/403/344 358/408/358 359/409/359
f 352/404/352 366/407/366 367/410/367
f 344/403/344 360/411/360 345/405/345
f 353/406/353 367/410/367 368/412/368
f 346/390/346 360/411/360 361/413/361
f 353/406/353 369/414/369 354/395/354
f 347/391/347 361/413/361 362/415/362
f 340/393/340 98/416/98 355/417/355
f 324/418/324 354/395/354 369/414/369
f 347/391/347 363/419/363 348/396/348
f 341/397/341 355/417/355 356/420/356
f 348/396/348 364/421/364 349/398/349
f 341/397/341 357/422/357 342/399/342
f 350/400/350 364/421/364 365/423/365
f 342/399/342 358/408/358 343/401/343
f 324/424/324 369/414/369 384/425/384
f 362/415/362 378/426/378 363/419/363
f 356/420/356 370/427/370 371/428/371
f 363/419/363 379/429/379 364/421/364
f 356/420/356 372/430/372 357/422/357
f 365/423/365 379/429/379 380/431/380
f 358/408/358 372/430/372 373/432/373
f 365/423/365 381/433/381 366/407/366
f 359/409/359 373/432/373 374/434/374
f 366/407/366 382/435/382 367/410/367
f 359/409/359 375/436/375 360/411/360
f 368/412/368 382/435/382 383/437/383
f 361/413/361 375/436/375 376/438/376
f 368/412/368 384/425/384 369/414/369
f 362/415/362 376/438/376 377/439/377
f 355/417/355 98/440/98 370/427/370
f 382/441/382 396/442/396 397/443/397
f 374/444/374 390/445/390 375/446/375
f 383/447/383 397/443/397 398/448/398
f 376/449/376 390/445/390 391/450/391
f 384/451/384 398/448/398 399/452/399
f 377/453/377 391/450/391 392/454/392
f 370/455/370 98/456/98 385/457/385
f 324/458/324 384/451/384 399/452/399
f 377/453/377 393/459/393 378/460/378
f 370/455/370 386/461/386 371/462/371
f 378/460/378 394/463/394 379/464/379
f 371/462/371 387/465/387 372/466/372
f 380/467/380 394/463/394 395/468/395
f 372/466/372 388/469/388 373/470/373
f 381/471/381 395/468/395 396/442/396
f 374/444/374 388/469/388 389/472/389
f 385/457/385 401/473/401 386/461/386
f 393/459/393 409/474/409 394/463/394
f 387/465/387 401/473/401 402/475/402
f 395/468/395 409/474/409 410/476/410
f 388/469/388 402/475/402 403/477/403
f 396/442/396 410/476/410 411/478/411
f 388/469/388 404/479/404 389/472/389
f 396/442/396 412/480/412 397/443/397
f 389/472/389 405/481/405 390/445/390
f 397/443/397 413/482/413 398/448/398
f 391/450/391 405/481/405 406/483/406
f 398/448/398 414/484/414 399/452/399
f 392/454/392 406/483/406 407/485/407
f 385/457/385 98/486/98 400/487/400
f 324/488/324 399/452/399 414/484/414
f 392/454/392 408/489/408 393/459/393
f 404/479/404 420/490/420 405/481/405
f 413/482/413 427/491/427 428/492/428
f 406/483/406 420/490/420 421/493/421
f 413/482/413 429/494/429 414/484/414
f 406/483/406 422/495/422 407/485/407
f 400/487/400 98/496/98 415/497/415
f 324/498/324 414/484/414 429/494/429
f 407/485/407 423/499/423 408/489/408
f 401/473/401 415/497/415 416/500/416
f 408/489/408 424/501/424 409/474/409
f 401/473/401 417/502/417 402/475/402
f 410/476/410 424/501/424 425/503/425
f 402/475/402 418/504/418 403/477/403
f 410/476/410 426/505/426 411/478/411
f 403/477/403 419/506/419 404/479/404
f 412/480/412 426/505/426 427/491/427
f 423/499/423 439/507/439 424/501/424
f 416/500/416 432/508/432 417/502/417
f 425/503/425 439/507/439 440/509/440
f 418/504/418 432/508/432 433/510/433
f 425/503/425 441/511/441 426/505/426
f 418/504/418 434/512/434 419/506/419
f 426/505/426 442/513/442 427/491/427
f 419/506/419 435/514/435 420/490/420
f 428/492/428 442/513/442 443/515/443
f 421/493/421 435/514/435 436/516/436
f 428/492/428 444/517/444 429/494/429
f 422/495/422 436/516/436 437/518/437
f 415/497/415 98/519/98 430/520/430
f 324/521/324 429/494/429 444/517/444
f 422/495/422 438/522/438 423/499/423
f 416/500/416 430/520/430 431/523/431
f 442/513/442 458/524/458 443/515/443
f 436/516/436 450/525/450 451/526/451
f 444/517/444 458/524/458 459/527/459
f 437/518/437 451/526/451 452/528/452
f 430/520/430 98/529/98 445/530/445
f 324/531/324 444/517/444 459/527/459
f 437/518/437 453/532/453 438/522/438
f 430/520/430 446/533/446 431/523/431
f 438/522/438 454/534/454 439/507/439
f 432/508/432 446/533/446 447/535/447
f 440/509/440 454/534/454 455/536/455
f 432/508/432 448/537/448 433/510/433
f 440/509/440 456/538/456 441/511/441
f 434/512/434 448/537/448 449/539/449
f 442/513/442 456/538/456 457/540/457
f 434/512/434 450/525/450 435/514/435
f 446/533/446 462/541/462 447/535/447
f 455/536/455 469/542/469 470/543/470
f 448/537/448 462/541/462 463/544/463
f 456/538/456 470/543/470 471/545/471
f 448/537/448 464/546/464 449/539/449
f 456/538/456 472/547/472 457/540/457
f 449/539/449 465/548/465 450/525/450
f 458/524/458 472/547/472 473/549/473
f 451/526/451 465/548/465 466/550/466
f 459/527/459 473/549/473 474/551/474
f 451/526/451 467/552/467 452/528/452
f 445/530/445 98/553/98 460/554/460
f 324/555/324 459/527/459 474/551/474
f 453/532/453 467/552/467 468/556/468
f 445/530/445 461/557/461 446/533/446
f 454/534/454 468/556/468 469/542/469
f 465/548/465 481/558/481 466/550/466
f 473/549/473 489/559/489 474/551/474
f 467/552/467 481/558/481 482/560/482
f 460/554/460 98/561/98 475/562/475
f 324/563/324 474/551/474 489/559/489
f 467/552/467 483/564/483 468/556/468
f 461/557/461 475/562/475 476/565/476
f 469/542/469 483/564/483 484/566/484
f 461/557/461 477/567/477 462/541/462
f 469/542/469 485/568/485 470/543/470
f 463/544/463 477/567/477 478/569/478
f 470/543/470 486/570/486 471/545/471
f 463/544/463 479/571/479 464/546/464
f 472/547/472 486/570/486 487/572/487
f 465/548/465 479/571/479 480/573/480
f 473/549/473 487/572/487 488/574/488
f 484/566/484 22/20/22 485/568/485
f 477/567/477 492/21/492 478/569/478
f 485/568/485 495/24/495 486/570/486
f 479/571/479 492/21/492 18/27/18
f 487/572/487 495/24/495 496/29/496
f 480/573/480 18/27/18 493/30/493
f 488/574/488 496/29/496 497/33/497
f 481/558/481 493/30/493 19/35/19
f 488/574/488 498/37/498 489/559/489
f 482/560/482 19/35/19 20/38/20
f 475/562/475 98/575/98 490/40/490
f 324/576/324 489/559/489 498/37/498
f 482/560/482 21/45/21 483/564/483
f 475/562/475 491/46/491 476/565/476
f 483/564/483 494/18/494 484/566/484
f 477/567/477 491/46/491 17/49/17
f 976/18/494 513/44/31 514/48/32
f 499/49/17 506/47/24 507/22/25
f 976/18/494 515/19/33 504/20/22
f 974/21/492 507/22/25 508/23/26
f 977/24/495 515/19/33 516/25/34
f 974/21/492 509/26/27 500/27/18
f 977/24/495 517/28/35 978/29/496
f 975/30/493 509/26/27 510/31/28
f 978/29/496 518/32/36 979/33/497
f 975/30/493 511/34/29 501/35/19
f 979/33/497 519/36/37 980/37/498
f 502/38/20 511/34/29 512/39/30
f 972/40/490 580/41/98 505/42/23
f 806/43/324 980/37/498 519/36/37
f 502/38/20 513/44/31 503/45/21
f 973/46/491 505/42/23 506/47/24
f 505/42/23 580/64/98 520/65/38
f 806/66/324 519/36/37 534/62/52
f 512/39/30 528/51/46 513/44/31
f 505/42/23 521/50/39 506/47/24
f 514/48/32 528/51/46 529/52/47
f 507/22/25 521/50/39 522/53/40
f 514/48/32 530/54/48 515/19/33
f 508/23/26 522/53/40 523/55/41
f 516/25/34 530/54/48 531/56/49
f 508/23/26 524/57/42 509/26/27
f 516/25/34 532/58/50 517/28/35
f 510/31/28 524/57/42 525/59/43
f 517/28/35 533/60/51 518/32/36
f 510/31/28 526/61/44 511/34/29
f 519/36/37 533/60/51 534/62/52
f 512/39/30 526/61/44 527/63/45
f 523/55/41 539/67/57 524/57/42
f 532/58/50 546/82/64 547/83/65
f 524/57/42 540/68/58 525/59/43
f 532/58/50 548/69/66 533/60/51
f 525/59/43 541/70/59 526/61/44
f 533/60/51 549/71/499 534/62/52
f 527/63/45 541/70/59 542/72/60
f 520/65/38 580/73/98 535/74/53
f 806/75/324 534/62/52 549/71/499
f 527/63/45 543/76/61 528/51/46
f 521/50/39 535/74/53 536/77/54
f 529/52/47 543/76/61 544/78/62
f 522/53/40 536/77/54 537/79/55
f 529/52/47 545/80/63 530/54/48
f 522/53/40 538/81/56 523/55/41
f 531/56/49 545/80/63 546/82/64
f 543/76/61 557/97/75 558/84/76
f 536/77/54 550/99/68 551/86/69
f 544/78/62 558/84/76 559/85/77
f 536/77/54 552/87/70 537/79/55
f 545/80/63 559/85/77 560/88/78
f 537/79/55 553/89/71 538/81/56
f 546/82/64 560/88/78 561/90/79
f 539/67/57 553/89/71 554/91/72
f 547/83/65 561/90/79 562/92/80
f 539/67/57 555/93/73 540/68/58
f 547/83/65 563/94/81 548/69/66
f 540/68/58 556/95/74 541/70/59
f 548/69/66 564/96/82 549/71/499
f 541/70/59 557/97/75 542/72/60
f 535/74/53 580/98/98 550/99/68
f 806/100/324 549/71/499 564/96/82
f 561/90/79 577/101/95 562/92/80
f 555/93/73 569/117/87 570/103/88
f 563/94/81 577/101/95 578/102/96
f 556/95/74 570/103/88 571/104/89
f 564/96/82 578/102/96 579/105/97
f 556/95/74 572/106/90 557/97/75
f 550/99/68 580/107/98 565/108/83
f 806/109/324 564/96/82 579/105/97
f 557/97/75 573/110/91 558/84/76
f 550/99/68 566/111/84 551/86/69
f 558/84/76 574/112/92 559/85/77
f 551/86/69 567/113/85 552/87/70
f 559/85/77 575/114/93 560/88/78
f 552/87/70 568/115/86 553/89/71
f 561/90/79 575/114/93 576/116/94
f 553/89/71 569/117/87 554/91/72
f 574/112/92 589/132/107 590/118/108
f 567/113/85 582/133/100 583/134/101
f 575/114/93 590/118/108 591/119/109
f 567/113/85 584/120/102 568/115/86
f 575/114/93 592/121/110 576/116/94
f 569/117/87 584/120/102 585/122/103
f 577/101/95 592/121/110 593/123/111
f 569/117/87 586/124/104 570/103/88
f 577/101/95 594/125/112 578/102/96
f 570/103/88 587/126/105 571/104/89
f 578/102/96 595/127/113 579/105/97
f 572/106/90 587/126/105 588/128/106
f 565/108/83 580/129/98 581/130/99
f 806/131/324 579/105/97 595/127/113
f 572/106/90 589/132/107 573/110/91
f 566/111/84 581/130/99 582/133/100
f 594/125/112 608/150/126 609/135/127
f 587/126/105 601/151/119 602/137/120
f 595/127/113 609/135/127 610/136/128
f 588/128/106 602/137/120 603/138/121
f 581/130/99 580/139/98 596/140/114
f 806/141/324 595/127/113 610/136/128
f 588/128/106 604/142/122 589/132/107
f 581/130/99 597/143/115 582/133/100
f 589/132/107 605/144/123 590/118/108
f 582/133/100 598/145/116 583/134/101
f 591/119/109 605/144/123 606/146/124
f 583/134/101 599/147/117 584/120/102
f 592/121/110 606/146/124 607/148/125
f 584/120/102 600/149/118 585/122/103
f 593/123/111 607/148/125 608/150/126
f 585/122/103 601/151/119 586/124/104
f 598/145/116 612/165/130 613/167/131
f 605/144/123 621/168/139 606/146/124
f 598/145/116 614/152/132 599/147/117
f 606/146/124 622/153/140 607/148/125
f 600/149/118 614/152/132 615/154/133
f 608/150/126 622/153/140 623/155/141
f 601/151/119 615/154/133 616/156/134
f 608/150/126 624/157/142 609/135/127
f 602/137/120 616/156/134 617/158/135
f 609/135/127 625/159/143 610/136/128
f 603/138/121 617/158/135 618/160/136
f 596/140/114 580/161/98 611/162/129
f 806/163/324 610/136/128 625/159/143
f 603/138/121 619/164/137 604/142/122
f 597/143/115 611/162/129 612/165/130
f 604/142/122 620/166/138 605/144/123
f 617/158/135 631/183/149 632/185/150
f 625/159/143 639/184/157 640/173/158
f 617/158/135 633/169/151 618/160/136
f 611/162/129 580/170/98 626/171/144
f 806/172/324 625/159/143 640/173/158
f 619/164/137 633/169/151 634/174/152
f 611/162/129 627/175/145 612/165/130
f 619/164/137 635/176/153 620/166/138
f 612/165/130 628/177/146 613/167/131
f 621/168/139 635/176/153 636/178/154
f 614/152/132 628/177/146 629/179/147
f 622/153/140 636/178/154 637/180/155
f 614/152/132 630/181/148 615/154/133
f 622/153/140 638/182/156 623/155/141
f 615/154/133 631/183/149 616/156/134
f 624/157/142 638/182/156 639/184/157
f 635/176/153 651/202/169 636/178/154
f 629/179/147 643/201/161 644/187/162
f 636/178/154 652/186/170 637/180/155
f 630/181/148 644/187/162 645/188/163
f 637/180/155 653/189/171 638/182/156
f 631/183/149 645/188/163 646/190/164
f 638/182/156 654/191/172 639/184/157
f 631/183/149 647/192/165 632/185/150
f 639/184/157 655/193/173 640/173/158
f 633/169/151 647/192/165 648/194/166
f 626/171/144 580/195/98 641/196/159
f 806/197/324 640/173/158 655/193/173
f 633/169/151 649/198/167 634/174/152
f 627/175/145 641/196/159 642/199/160
f 635/176/153 649/198/167 650/200/168
f 628/177/146 642/199/160 643/201/161
f 655/193/173 669/218/187 670/206/188
f 647/192/165 663/207/181 648/194/166
f 641/196/159 580/203/98 656/204/174
f 806/205/324 655/193/173 670/206/188
f 649/198/167 663/207/181 664/208/182
f 641/196/159 657/209/175 642/199/160
f 649/198/167 665/210/183 650/200/168
f 642/199/160 658/211/176 643/201/161
f 651/202/169 665/210/183 666/212/184
f 643/201/161 659/213/177 644/187/162
f 652/186/170 666/212/184 667/214/185
f 644/187/162 660/215/178 645/188/163
f 653/189/171 667/214/185 668/216/186
f 646/190/164 660/215/178 661/217/179
f 654/191/172 668/216/186 669/218/187
f 647/192/165 661/217/179 662/219/180
f 659/213/177 673/234/191 674/220/192
f 666/212/184 682/236/200 667/214/185
f 660/215/178 674/220/192 675/221/193
f 668/216/186 682/236/200 683/222/201
f 660/215/178 676/223/194 661/217/179
f 668/216/186 684/224/202 669/218/187
f 662/219/180 676/223/194 677/225/195
f 669/218/187 685/226/203 670/206/188
f 662/219/180 678/227/196 663/207/181
f 656/204/174 580/228/98 671/229/189
f 806/230/324 670/206/188 685/226/203
f 664/208/182 678/227/196 679/231/197
f 657/209/175 671/229/189 672/232/190
f 664/208/182 680/233/198 665/210/183
f 658/211/176 672/232/190 673/234/191
f 666/212/184 680/233/198 681/235/199
f 678/227/196 692/248/210 693/250/211
f 671/229/189 580/251/98 686/252/500
f 806/253/324 685/226/203 700/249/218
f 678/227/196 694/237/212 679/231/197
f 671/229/189 687/238/205 672/232/190
f 679/231/197 695/239/213 680/233/198
f 672/232/190 688/240/206 673/234/191
f 680/233/198 696/241/214 681/235/199
f 673/234/191 689/242/207 674/220/192
f 682/236/200 696/241/214 697/243/215
f 675/221/193 689/242/207 690/244/208
f 683/222/201 697/243/215 698/245/216
f 676/223/194 690/244/208 691/246/209
f 683/222/201 699/247/217 684/224/202
f 677/225/195 691/246/209 692/248/210
f 685/226/203 699/247/217 700/249/218
f 696/241/214 712/269/230 697/243/215
f 689/242/207 705/270/223 690/244/208
f 698/245/216 712/269/230 713/254/231
f 690/244/208 706/255/224 691/246/209
f 698/245/216 714/256/232 699/247/217
f 692/248/210 706/255/224 707/257/225
f 700/249/218 714/256/232 715/258/233
f 693/250/211 707/257/225 708/259/226
f 686/252/500 580/260/98 701/261/219
f 806/262/324 700/249/218 715/258/233
f 693/250/211 709/263/227 694/237/212
f 686/252/500 702/264/220 687/238/205
f 694/237/212 710/265/228 695/239/213
f 688/240/206 702/264/220 703/266/221
f 696/241/214 710/265/228 711/267/229
f 688/240/206 704/268/222 689/242/207
f 806/285/324 715/258/233 730/281/248
f 709/263/227 723/282/241 724/286/242
f 702/264/220 716/284/234 717/287/235
f 709/263/227 725/271/243 710/265/228
f 702/264/220 718/272/236 703/266/221
f 711/267/229 725/271/243 726/273/244
f 703/266/221 719/274/237 704/268/222
f 711/267/229 727/275/245 712/269/230
f 705/270/223 719/274/237 720/276/238
f 713/254/231 727/275/245 728/277/246
f 705/270/223 721/278/239 706/255/224
f 714/256/232 728/277/246 729/279/247
f 707/257/225 721/278/239 722/280/240
f 714/256/232 730/281/248 715/258/233
f 707/257/225 723/282/241 708/259/226
f 701/261/219 580/283/98 716/284/234
f 728/277/246 742/303/260 743/288/261
f 721/278/239 735/304/253 736/290/254
f 729/279/247 743/288/261 744/289/262
f 722/280/240 736/290/254 737/291/255
f 730/281/248 744/289/262 745/292/263
f 722/280/240 738/293/256 723/282/241
f 716/284/234 580/294/98 731/295/249
f 806/296/324 730/281/248 745/292/263
f 724/286/242 738/293/256 739/297/257
f 716/284/234 732/298/250 717/287/235
f 725/271/243 739/297/257 740/299/258
f 717/287/235 733/300/251 718/272/236
f 725/271/243 741/301/259 726/273/244
f 718/272/236 734/302/252 719/274/237
f 726/273/244 742/303/260 727/275/245
f 720/276/238 734/302/252 735/304/253
f 731/295/249 747/305/265 732/298/250
f 740/299/258 754/321/272 755/307/273
f 733/300/251 747/305/265 748/306/266
f 741/301/259 755/307/273 756/308/274
f 734/302/252 748/306/266 749/309/267
f 742/303/260 756/308/274 757/310/275
f 734/302/252 750/311/268 735/304/253
f 742/303/260 758/312/276 743/288/261
f 735/304/253 751/313/269 736/290/254
f 743/288/261 759/314/277 744/289/262
f 736/290/254 752/315/270 737/291/255
f 744/289/262 760/316/278 745/292/263
f 738/293/256 752/315/270 753/317/271
f 731/295/249 580/318/98 746/319/264
f 806/320/324 745/292/263 760/316/278
f 738/293/256 754/321/272 739/297/257
f 750/311/268 766/322/284 751/313/269
f 758/312/276 774/324/292 759/314/277
f 752/315/270 766/322/284 767/323/285
f 760/316/278 774/324/292 775/325/293
f 753/317/271 767/323/285 768/326/286
f 746/319/264 580/327/98 761/328/279
f 806/329/324 760/316/278 775/325/293
f 753/317/271 769/330/287 754/321/272
f 746/319/264 762/331/280 747/305/265
f 754/321/272 770/332/288 755/307/273
f 747/305/265 763/333/281 748/306/266
f 756/308/274 770/332/288 771/334/289
f 749/309/267 763/333/281 764/335/282
f 757/310/275 771/334/289 772/336/290
f 749/309/267 765/337/283 750/311/268
f 757/310/275 773/338/291 758/312/276
f 769/330/287 785/339/303 770/332/288
f 763/333/281 777/355/295 778/341/296
f 771/334/289 785/339/303 786/340/304
f 763/333/281 779/342/297 764/335/282
f 772/336/290 786/340/304 787/343/305
f 765/337/283 779/342/297 780/344/298
f 773/338/291 787/343/305 788/345/306
f 765/337/283 781/346/299 766/322/284
f 773/338/291 789/347/307 774/324/292
f 767/323/285 781/346/299 782/348/300
f 774/324/292 790/349/502 775/325/293
f 768/326/286 782/348/300 783/350/301
f 761/328/279 580/351/98 776/352/501
f 806/353/324 775/325/293 790/349/502
f 768/326/286 784/354/302 769/330/287
f 762/331/280 776/352/501 777/355/295
f 782/348/300 796/370/314 797/372/315
f 784/354/302 800/363/318 785/339/303
f 783/350/301 797/372/315 798/357/316
f 786/340/304 800/363/318 801/365/319
f 776/352/501 580/358/98 791/359/309
f 786/340/304 802/367/320 787/343/305
f 777/355/295 791/359/309 792/362/310
f 788/345/306 802/367/320 803/369/321
f 778/341/296 792/362/310 793/364/311
f 788/345/306 804/371/322 789/347/307
f 778/341/296 794/366/312 779/342/297
f 789/347/307 805/356/323 790/349/502
f 780/344/298 794/366/312 795/368/313
f 806/360/324 790/349/502 805/356/323
f 780/344/298 796/370/314 781/346/299
f 783/350/301 799/361/317 784/354/302
f 795/368/313 812/379/330 796/370/314
f 804/371/322 819/378/337 820/380/338
f 797/372/315 812/379/330 813/381/331
f 805/356/323 820/380/338 821/382/339
f 798/357/316 813/381/331 814/383/332
f 791/359/309 580/384/98 807/385/325
f 806/386/324 805/356/323 821/382/339
f 798/357/316 815/387/333 799/361/317
f 791/359/309 808/388/326 792/362/310
f 799/361/317 816/389/334 800/363/318
f 793/364/311 808/388/326 809/373/327
f 801/365/319 816/389/334 817/375/335
f 793/364/311 810/374/328 794/366/312
f 801/365/319 818/376/336 802/367/320
f 795/368/313 810/374/328 811/377/329
f 803/369/321 818/376/336 819/378/337
f 815/387/333 831/398/349 816/389/334
f 808/388/326 824/399/342 809/373/327
f 817/375/335 831/398/349 832/400/350
f 809/373/327 825/401/343 810/374/328
f 817/375/335 833/402/351 818/376/336
f 811/377/329 825/401/343 826/403/344
f 819/378/337 833/402/351 834/404/352
f 811/377/329 827/405/345 812/379/330
f 820/380/338 834/404/352 835/406/353
f 813/381/331 827/405/345 828/390/346
f 821/382/339 835/406/353 836/395/354
f 814/383/332 828/390/346 829/391/347
f 807/385/325 580/392/98 822/393/340
f 806/394/324 821/382/339 836/395/354
f 814/383/332 830/396/348 815/387/333
f 807/385/325 823/397/341 808/388/326
f 835/406/353 849/410/367 850/412/368
f 828/390/346 842/411/360 843/413/361
f 835/406/353 851/414/369 836/395/354
f 829/391/347 843/413/361 844/415/362
f 822/393/340 580/416/98 837/417/355
f 806/418/324 836/395/354 851/414/369
f 829/391/347 845/419/363 830/396/348
f 823/397/341 837/417/355 838/420/356
f 830/396/348 846/421/364 831/398/349
f 823/397/341 839/422/357 824/399/342
f 831/398/349 847/423/365 832/400/350
f 824/399/342 840/408/358 825/401/343
f 832/400/350 848/407/366 833/402/351
f 826/403/344 840/408/358 841/409/359
f 834/404/352 848/407/366 849/410/367
f 826/403/344 842/411/360 827/405/345
f 838/420/356 854/430/372 839/422/357
f 847/423/365 861/429/379 862/431/380
f 840/408/358 854/430/372 855/432/373
f 847/423/365 863/433/381 848/407/366
f 841/409/359 855/432/373 856/434/374
f 848/407/366 864/435/382 849/410/367
f 841/409/359 857/436/375 842/411/360
f 849/410/367 865/437/383 850/412/368
f 842/411/360 858/438/376 843/413/361
f 850/412/368 866/425/384 851/414/369
f 844/415/362 858/438/376 859/439/377
f 837/417/355 580/440/98 852/427/370
f 806/424/324 851/414/369 866/425/384
f 844/415/362 860/426/378 845/419/363
f 838/420/356 852/427/370 853/428/371
f 846/421/364 860/426/378 861/429/379
f 858/449/376 872/445/390 873/450/391
f 866/451/384 880/448/398 881/452/399
f 859/453/377 873/450/391 874/454/392
f 852/455/370 580/456/98 867/457/385
f 806/458/324 866/451/384 881/452/399
f 859/453/377 875/459/393 860/460/378
f 852/455/370 868/461/386 853/462/371
f 860/460/378 876/463/394 861/464/379
f 854/466/372 868/461/386 869/465/387
f 862/467/380 876/463/394 877/468/395
f 854/466/372 870/469/388 855/470/373
f 863/471/381 877/468/395 878/442/396
f 855/470/373 871/472/389 856/444/374
f 864/441/382 878/442/396 879/443/397
f 856/444/374 872/445/390 857/446/375
f 864/441/382 880/448/398 865/447/383
f 877/468/395 891/474/409 892/476/410
f 870/469/388 884/475/402 885/477/403
f 877/468/395 893/478/411 878/442/396
f 871/472/389 885/477/403 886/479/404
f 878/442/396 894/480/412 879/443/397
f 871/472/389 887/481/405 872/445/390
f 879/443/397 895/482/413 880/448/398
f 873/450/391 887/481/405 888/483/406
f 881/452/399 895/482/413 896/484/414
f 874/454/392 888/483/406 889/485/407
f 867/457/385 580/486/98 882/487/400
f 806/488/324 881/452/399 896/484/414
f 874/454/392 890/489/408 875/459/393
f 867/457/385 883/473/401 868/461/386
f 875/459/393 891/474/409 876/463/394
f 869/465/387 883/473/401 884/475/402
f 895/482/413 911/494/429 896/484/414
f 889/485/407 903/493/421 904/495/422
f 882/487/400 580/496/98 897/497/415
f 806/498/324 896/484/414 911/494/429
f 889/485/407 905/499/423 890/489/408
f 883/473/401 897/497/415 898/500/416
f 890/489/408 906/501/424 891/474/409
f 883/473/401 899/502/417 884/475/402
f 891/474/409 907/503/425 892/476/410
f 884/475/402 900/504/418 885/477/403
f 892/476/410 908/505/426 893/478/411
f 886/479/404 900/504/418 901/506/419
f 894/480/412 908/505/426 909/491/427
f 887/481/405 901/506/419 902/490/420
f 894/480/412 910/492/428 895/482/413
f 888/483/406 902/490/420 903/493/421
f 907/503/425 923/511/441 908/505/426
f 900/504/418 916/512/434 901/506/419
f 908/505/426 924/513/442 909/491/427
f 901/506/419 917/514/435 902/490/420
f 910/492/428 924/513/442 925/515/443
f 903/493/421 917/514/435 918/516/436
f 910/492/428 926/517/444 911/494/429
f 904/495/422 918/516/436 919/518/437
f 897/497/415 580/519/98 912/520/430
f 806/521/324 911/494/429 926/517/444
f 904/495/422 920/522/438 905/499/423
f 898/500/416 912/520/430 913/523/431
f 905/499/423 921/507/439 906/501/424
f 898/500/416 914/508/432 899/502/417
f 907/503/425 921/507/439 922/509/440
f 900/504/418 914/508/432 915/510/433
f 912/520/430 580/529/98 927/530/445
f 806/531/324 926/517/444 941/527/503
f 920/522/438 934/528/452 935/532/453
f 912/520/430 928/533/446 913/523/431
f 920/522/438 936/534/454 921/507/439
f 914/508/432 928/533/446 929/535/447
f 922/509/440 936/534/454 937/536/455
f 914/508/432 930/537/448 915/510/433
f 922/509/440 938/538/456 923/511/441
f 916/512/434 930/537/448 931/539/449
f 924/513/442 938/538/456 939/540/457
f 916/512/434 932/525/450 917/514/435
f 924/513/442 940/524/458 925/515/443
f 918/516/436 932/525/450 933/526/451
f 926/517/444 940/524/458 941/527/503
f 919/518/437 933/526/451 934/528/452
f 930/537/448 946/546/464 931/539/449
f 938/538/456 954/547/472 939/540/457
f 931/539/449 947/548/465 932/525/450
f 940/524/458 954/547/472 955/549/473
f 933/526/451 947/548/465 948/550/466
f 941/527/503 955/549/473 956/551/474
f 933/526/451 949/552/467 934/528/452
f 927/530/445 580/553/98 942/554/460
f 806/555/324 941/527/503 956/551/474
f 935/532/453 949/552/467 950/556/468
f 927/530/445 943/557/461 928/533/446
f 935/532/453 951/542/469 936/534/454
f 929/535/447 943/557/461 944/541/462
f 937/536/455 951/542/469 952/543/470
f 930/537/448 944/541/462 945/544/463
f 938/538/456 952/543/470 953/545/471
f 949/552/467 965/564/483 950/556/468
f 943/557/461 957/562/475 958/565/476
f 951/542/469 965/564/483 966/566/484
f 943/557/461 959/567/477 944/541/462
f 951/542/469 967/568/485 952/543/470
f 944/541/462 960/569/478 945/544/463
f 953/545/471 967/568/485 968/570/486
f 946/546/464 960/569/478 961/571/479
f 953/545/471 969/572/487 954/547/472
f 947/548/465 961/571/479 962/573/480
f 955/549/473 969/572/487 970/574/488
f 947/548/465 963/558/481 948/550/466
f 955/549/473 971/559/489 956/551/474
f 949/552/467 963/558/481 964/560/482
f 942/554/460 580/561/98 957/562/475
f 806/563/324 956/551/474 971/559/489
f 969/572/487 977/24/495 978/29/496
f 962/573/480 500/27/18 975/30/493
f 970/574/488 978/29/496 979/33/497
f 963/558/481 975/30/493 501/35/19
f 970/574/488 980/37/498 971/559/489
f 964/560/482 501/35/19 502/38/20
f 957/562/475 580/575/98 972/40/490
f 806/576/324 971/559/489 980/37/498
f 964/560/482 503/45/21 965/564/483
f 958/565/476 972/40/490 973/46/491
f 965/564/483 976/18/494 966/566/484
f 959/567/477 973/46/491 499/49/17
f 966/566/484 504/20/22 967/568/485
f 959/567/477 974/21/492 960/569/478
f 967/568/485 977/24/495 968/570/486
f 961/571/479 974/21/492 500/27/18
f 982/577/505 983/578/506 981/579/504
f 984/580/507 985/581/508 983/578/506
f 986/582/509 987/583/510 985/581/508
f 988/584/511 989/585/512 987/583/510
f 990/586/513 991/587/514 989/585/512
f 992/588/515 993/589/516 991/587/514
f 994/590/517 995/591/518 993/589/516
f 996/592/519 997/593/520 995/591/518
f 998/594/521 999/595/522 997/593/520
f 1000/596/523 1001/597/524 999/595/522
f 1002/598/525 1003/599/526 1001/597/524
f 1004/600/527 1005/601/528 1003/599/526
f 1006/602/529 1007/603/530 1005/601/528
f 1008/604/531 1009/605/532 1007/603/530
f 1010/606/533 1011/607/534 1009/605/532
f 1012/608/535 1013/609/536 1011/607/534
f 1014/610/537 1015/611/538 1013/609/536
f 1016/612/539 1017/613/540 1015/611/538
f 1018/614/541 1019/615/542 1017/613/540
f 1020/616/543 1021/617/544 1019/615/542
f 1022/618/545 1023/619/546 1021/617/544
f 1024/620/547 1025/621/548 1023/619/546
f 1026/622/549 1027/623/550 1025/621/548
f 1028/624/551 1029/625/552 1027/623/550
f 1030/626/553 1031/627/554 1029/625/552
f 1032/628/555 1033/629/556 1031/627/554
f 1034/630/557 1035/631/558 1033/629/556
f 1036/632/559 1037/633/560 1035/631/558
f 1038/634/561 1039/635/562 1037/633/560
f 1040/636/563 1041/637/564 1039/635/562
f 1018/638/541 1002/639/525 986/640/509
f 1042/641/565 1043/642/566 1041/637/564
f 1044/643/567 981/644/504 1043/642/566
f 1011/645/534 1027/646/550 1043/647/566
f 9/1/9 10/4/10 3/2/3
f 10/4/10 11/6/11 7/5/7
f 11/6/11 12/8/12 5/7/5
f 12/8/12 9/648/9 1/9/1
f 7/5/7 5/7/5 1/10/1
f 8/12/8 15/12/15 16/13/16
f 2/14/2 4/17/4 10/15/10
f 4/17/4 8/12/8 11/6/11
f 8/12/8 6/13/6 12/8/12
f 6/13/6 2/14/2 9/16/9
f 14/17/14 13/14/13 16/13/16
f 2/14/2 13/14/13 14/17/14
f 6/13/6 16/13/16 13/14/13
f 4/17/4 14/17/14 15/12/15
f 494/18/494 32/48/32 33/19/33
f 492/21/492 17/49/17 25/22/25
f 495/24/495 22/20/22 33/19/33
f 492/21/492 26/23/26 27/26/27
f 495/24/495 34/25/34 35/28/35
f 493/30/493 18/27/18 27/26/27
f 496/29/496 35/28/35 36/32/36
f 493/30/493 28/31/28 29/34/29
f 497/33/497 36/32/36 37/36/37
f 20/38/20 19/35/19 29/34/29
f 20/38/20 30/39/30 31/44/31
f 491/46/491 490/40/490 23/42/23
f 494/18/494 21/45/21 31/44/31
f 17/49/17 491/46/491 24/47/24
f 23/42/23 38/65/38 39/50/39
f 32/48/32 31/44/31 46/51/46
f 25/22/25 24/47/24 39/50/39
f 32/48/32 47/52/47 48/54/48
f 26/23/26 25/22/25 40/53/40
f 34/25/34 33/19/33 48/54/48
f 26/23/26 41/55/41 42/57/42
f 34/25/34 49/56/49 50/58/50
f 28/31/28 27/26/27 42/57/42
f 35/28/35 50/58/50 51/60/51
f 28/31/28 43/59/43 44/61/44
f 36/32/36 51/60/51 52/62/52
f 30/39/30 29/34/29 44/61/44
f 30/39/30 45/63/45 46/51/46
f 43/59/43 42/57/42 57/67/57
f 50/58/50 65/83/65 66/69/66
f 43/59/43 58/68/58 59/70/59
f 51/60/51 66/69/66 67/71/67
f 45/63/45 44/61/44 59/70/59
f 45/63/45 60/72/60 61/76/61
f 39/50/39 38/65/38 53/74/53
f 47/52/47 46/51/46 61/76/61
f 40/53/40 39/50/39 54/77/54
f 47/52/47 62/78/62 63/80/63
f 40/53/40 55/79/55 56/81/56
f 49/56/49 48/54/48 63/80/63
f 41/55/41 56/81/56 57/67/57
f 50/58/50 49/56/49 64/82/64
f 62/78/62 61/76/61 76/84/76
f 55/79/55 54/77/54 69/86/69
f 62/78/62 77/85/77 78/88/78
f 55/79/55 70/87/70 71/89/71
f 63/80/63 78/88/78 79/90/79
f 57/67/57 56/81/56 71/89/71
f 65/83/65 64/82/64 79/90/79
f 57/67/57 72/91/72 73/93/73
f 66/69/66 65/83/65 80/92/80
f 58/68/58 73/93/73 74/95/74
f 66/69/66 81/94/81 82/96/82
f 60/72/60 59/70/59 74/95/74
f 60/72/60 75/97/75 76/84/76
f 54/77/54 53/74/53 68/99/68
f 81/94/81 80/92/80 95/101/95
f 74/95/74 73/93/73 88/103/88
f 82/96/82 81/94/81 96/102/96
f 74/95/74 89/104/89 90/106/90
f 76/84/76 75/97/75 90/106/90
f 68/99/68 83/108/83 84/111/84
f 76/84/76 91/110/91 92/112/92
f 69/86/69 84/111/84 85/113/85
f 77/85/77 92/112/92 93/114/93
f 71/89/71 70/87/70 85/113/85
f 78/88/78 93/114/93 94/116/94
f 72/91/72 71/89/71 86/115/86
f 80/92/80 79/90/79 94/116/94
f 73/93/73 72/91/72 87/117/87
f 93/114/93 92/112/92 108/118/108
f 85/113/85 101/134/101 102/120/102
f 93/114/93 109/119/109 110/121/110
f 87/117/87 86/115/86 102/120/102
f 94/116/94 110/121/110 111/123/111
f 87/117/87 103/122/103 104/124/104
f 95/101/95 111/123/111 112/125/112
f 89/104/89 88/103/88 104/124/104
f 96/102/96 112/125/112 113/127/113
f 89/104/89 105/126/105 106/128/106
f 90/106/90 106/128/106 107/132/107
f 84/111/84 83/108/83 99/130/99
f 91/110/91 107/132/107 108/118/108
f 85/113/85 84/111/84 100/133/100
f 113/127/113 112/125/112 127/135/127
f 106/128/106 105/126/105 120/137/120
f 106/128/106 121/138/121 122/142/122
f 99/130/99 114/140/114 115/143/115
f 107/132/107 122/142/122 123/144/123
f 100/133/100 115/143/115 116/145/116
f 109/119/109 108/118/108 123/144/123
f 101/134/101 116/145/116 117/147/117
f 110/121/110 109/119/109 124/146/124
f 102/120/102 117/147/117 118/149/118
f 111/123/111 110/121/110 125/148/125
f 103/122/103 118/149/118 119/151/119
f 112/125/112 111/123/111 126/150/126
f 105/126/105 104/124/104 119/151/119
f 116/145/116 131/167/131 132/152/132
f 124/146/124 139/168/139 140/153/140
f 118/149/118 117/147/117 132/152/132
f 126/150/126 125/148/125 140/153/140
f 119/151/119 118/149/118 133/154/133
f 126/150/126 141/155/141 142/157/142
f 120/137/120 119/151/119 134/156/134
f 127/135/127 142/157/142 143/159/143
f 121/138/121 120/137/120 135/158/135
f 121/138/121 136/160/136 137/164/137
f 115/143/115 114/140/114 129/162/129
f 122/142/122 137/164/137 138/166/138
f 116/145/116 115/143/115 130/165/130
f 123/144/123 138/166/138 139/168/139
f 135/158/135 150/185/150 151/169/151
f 136/160/136 151/169/151 152/174/152
f 129/162/129 144/171/144 145/175/145
f 138/166/138 137/164/137 152/174/152
f 130/165/130 145/175/145 146/177/146
f 139/168/139 138/166/138 153/176/153
f 132/152/132 131/167/131 146/177/146
f 140/153/140 139/168/139 154/178/154
f 132/152/132 147/179/147 148/181/148
f 140/153/140 155/180/155 156/182/156
f 133/154/133 148/181/148 149/183/149
f 142/157/142 141/155/141 156/182/156
f 134/156/134 149/183/149 150/185/150
f 143/159/143 142/157/142 157/184/157
f 154/178/154 169/202/169 170/186/170
f 148/181/148 147/179/147 162/187/162
f 155/180/155 170/186/170 171/189/171
f 149/183/149 148/181/148 163/188/163
f 156/182/156 171/189/171 172/191/172
f 150/185/150 149/183/149 164/190/164
f 157/184/157 172/191/172 173/193/173
f 151/169/151 150/185/150 165/192/165
f 151/169/151 166/194/166 167/198/167
f 145/175/145 144/171/144 159/196/159
f 152/174/152 167/198/167 168/200/168
f 146/177/146 145/175/145 160/199/160
f 153/176/153 168/200/168 169/202/169
f 147/179/147 146/177/146 161/201/161
f 167/198/167 166/194/166 181/207/181
f 159/196/159 174/204/174 175/209/175
f 167/198/167 182/208/182 183/210/183
f 160/199/160 175/209/175 176/211/176
f 169/202/169 168/200/168 183/210/183
f 162/187/162 161/201/161 176/211/176
f 170/186/170 169/202/169 184/212/184
f 162/187/162 177/213/177 178/215/178
f 171/189/171 170/186/170 185/214/185
f 163/188/163 178/215/178 179/217/179
f 172/191/172 171/189/171 186/216/186
f 165/192/165 164/190/164 179/217/179
f 173/193/173 172/191/172 187/218/187
f 165/192/165 180/219/180 181/207/181
f 178/215/178 177/213/177 192/220/192
f 185/214/185 200/236/200 201/222/201
f 178/215/178 193/221/193 194/223/194
f 186/216/186 201/222/201 202/224/202
f 180/219/180 179/217/179 194/223/194
f 187/218/187 202/224/202 203/226/203
f 180/219/180 195/225/195 196/227/196
f 182/208/182 181/207/181 196/227/196
f 175/209/175 174/204/174 189/229/189
f 182/208/182 197/231/197 198/233/198
f 176/211/176 175/209/175 190/232/190
f 184/212/184 183/210/183 198/233/198
f 176/211/176 191/234/191 192/220/192
f 185/214/185 184/212/184 199/235/199
f 196/227/196 211/250/211 212/237/212
f 189/229/189 204/252/204 205/238/205
f 197/231/197 212/237/212 213/239/213
f 191/234/191 190/232/190 205/238/205
f 199/235/199 198/233/198 213/239/213
f 191/234/191 206/240/206 207/242/207
f 200/236/200 199/235/199 214/241/214
f 192/220/192 207/242/207 208/244/208
f 201/222/201 200/236/200 215/243/215
f 193/221/193 208/244/208 209/246/209
f 202/224/202 201/222/201 216/245/216
f 195/225/195 194/223/194 209/246/209
f 203/226/203 202/224/202 217/247/217
f 196/227/196 195/225/195 210/248/210
f 215/243/215 230/269/230 231/254/231
f 208/244/208 223/270/223 224/255/224
f 216/245/216 231/254/231 232/256/232
f 210/248/210 209/246/209 224/255/224
f 218/249/218 217/247/217 232/256/232
f 211/250/211 210/248/210 225/257/225
f 211/250/211 226/259/226 227/263/227
f 204/252/204 219/261/219 220/264/220
f 212/237/212 227/263/227 228/265/228
f 205/238/205 220/264/220 221/266/221
f 214/241/214 213/239/213 228/265/228
f 206/240/206 221/266/221 222/268/222
f 214/241/214 229/267/229 230/269/230
f 208/244/208 207/242/207 222/268/222
f 227/263/227 242/286/242 243/271/243
f 220/264/220 235/287/235 236/272/236
f 229/267/229 228/265/228 243/271/243
f 221/266/221 236/272/236 237/274/237
f 229/267/229 244/273/244 245/275/245
f 223/270/223 222/268/222 237/274/237
f 231/254/231 230/269/230 245/275/245
f 223/270/223 238/276/238 239/278/239
f 232/256/232 231/254/231 246/277/246
f 225/257/225 224/255/224 239/278/239
f 232/256/232 247/279/247 248/281/248
f 225/257/225 240/280/240 241/282/241
f 227/263/227 226/259/226 241/282/241
f 219/261/219 234/284/234 235/287/235
f 247/279/247 246/277/246 261/288/261
f 240/280/240 239/278/239 254/290/254
f 247/279/247 262/289/262 263/292/263
f 240/280/240 255/291/255 256/293/256
f 242/286/242 241/282/241 256/293/256
f 235/287/235 234/284/234 249/295/249
f 242/286/242 257/297/257 258/299/258
f 235/287/235 250/298/250 251/300/251
f 243/271/243 258/299/258 259/301/259
f 236/272/236 251/300/251 252/302/252
f 244/273/244 259/301/259 260/303/260
f 238/276/238 237/274/237 252/302/252
f 246/277/246 245/275/245 260/303/260
f 239/278/239 238/276/238 253/304/253
f 251/300/251 250/298/250 265/305/265
f 259/301/259 258/299/258 273/307/273
f 252/302/252 251/300/251 266/306/266
f 260/303/260 259/301/259 274/308/274
f 252/302/252 267/309/267 268/311/268
f 260/303/260 275/310/275 276/312/276
f 253/304/253 268/311/268 269/313/269
f 261/288/261 276/312/276 277/314/277
f 254/290/254 269/313/269 270/315/270
f 263/292/263 262/289/262 277/314/277
f 256/293/256 255/291/255 270/315/270
f 256/293/256 271/317/271 272/321/272
f 249/295/249 264/319/264 265/305/265
f 257/297/257 272/321/272 273/307/273
f 270/315/270 269/313/269 284/322/284
f 278/316/278 277/314/277 292/324/292
f 271/317/271 270/315/270 285/323/285
f 271/317/271 286/326/286 287/330/287
f 264/319/264 279/328/279 280/331/280
f 272/321/272 287/330/287 288/332/288
f 266/306/266 265/305/265 280/331/280
f 274/308/274 273/307/273 288/332/288
f 267/309/267 266/306/266 281/333/281
f 275/310/275 274/308/274 289/334/289
f 267/309/267 282/335/282 283/337/283
f 275/310/275 290/336/290 291/338/291
f 268/311/268 283/337/283 284/322/284
f 276/312/276 291/338/291 292/324/292
f 289/334/289 288/332/288 303/339/303
f 282/335/282 281/333/281 296/341/296
f 289/334/289 304/340/304 305/343/305
f 282/335/282 297/342/297 298/344/298
f 291/338/291 290/336/290 305/343/305
f 283/337/283 298/344/298 299/346/299
f 291/338/291 306/345/306 307/347/307
f 285/323/285 284/322/284 299/346/299
f 292/324/292 307/347/307 308/349/308
f 285/323/285 300/348/300 301/350/301
f 286/326/286 301/350/301 302/354/302
f 279/328/279 294/352/294 295/355/295
f 287/330/287 302/354/302 303/339/303
f 281/333/281 280/331/280 295/355/295
f 307/347/307 322/371/322 323/356/323
f 300/348/300 315/372/315 316/357/316
f 301/350/301 316/357/316 317/361/317
f 295/355/295 294/352/294 309/359/309
f 302/354/302 317/361/317 318/363/318
f 296/341/296 295/355/295 310/362/310
f 304/340/304 303/339/303 318/363/318
f 296/341/296 311/364/311 312/366/312
f 304/340/304 319/365/319 320/367/320
f 298/344/298 297/342/297 312/366/312
f 305/343/305 320/367/320 321/369/321
f 298/344/298 313/368/313 314/370/314
f 307/347/307 306/345/306 321/369/321
f 299/346/299 314/370/314 315/372/315
f 312/366/312 311/364/311 327/373/327
f 320/367/320 319/365/319 335/375/335
f 312/366/312 328/374/328 329/377/329
f 321/369/321 320/367/320 336/376/336
f 313/368/313 329/377/329 330/379/330
f 322/371/322 321/369/321 337/378/337
f 315/372/315 314/370/314 330/379/330
f 323/356/323 322/371/322 338/380/338
f 316/357/316 315/372/315 331/381/331
f 316/357/316 332/383/332 333/387/333
f 309/359/309 325/385/325 326/388/326
f 317/361/317 333/387/333 334/389/334
f 310/362/310 326/388/326 327/373/327
f 319/365/319 318/363/318 334/389/334
f 332/383/332 331/381/331 346/390/346
f 332/383/332 347/391/347 348/396/348
f 325/385/325 340/393/340 341/397/341
f 333/387/333 348/396/348 349/398/349
f 326/388/326 341/397/341 342/399/342
f 335/375/335 334/389/334 349/398/349
f 327/373/327 342/399/342 343/401/343
f 336/376/336 335/375/335 350/400/350
f 329/377/329 328/374/328 343/401/343
f 337/378/337 336/376/336 351/402/351
f 329/377/329 344/403/344 345/405/345
f 338/380/338 337/378/337 352/404/352
f 331/381/331 330/379/330 345/405/345
f 339/382/339 338/380/338 353/406/353
f 350/400/350 365/423/365 366/407/366
f 344/403/344 343/401/343 358/408/358
f 352/404/352 351/402/351 366/407/366
f 344/403/344 359/409/359 360/411/360
f 353/406/353 352/404/352 367/410/367
f 346/390/346 345/405/345 360/411/360
f 353/406/353 368/412/368 369/414/369
f 347/391/347 346/390/346 361/413/361
f 347/391/347 362/415/362 363/419/363
f 341/397/341 340/393/340 355/417/355
f 348/396/348 363/419/363 364/421/364
f 341/397/341 356/420/356 357/422/357
f 350/400/350 349/398/349 364/421/364
f 342/399/342 357/422/357 358/408/358
f 362/415/362 377/439/377 378/426/378
f 356/420/356 355/417/355 370/427/370
f 363/419/363 378/426/378 379/429/379
f 356/420/356 371/428/371 372/430/372
f 365/423/365 364/421/364 379/429/379
f 358/408/358 357/422/357 372/430/372
f 365/423/365 380/431/380 381/433/381
f 359/409/359 358/408/358 373/432/373
f 366/407/366 381/433/381 382/435/382
f 359/409/359 374/434/374 375/436/375
f 368/412/368 367/410/367 382/435/382
f 361/413/361 360/411/360 375/436/375
f 368/412/368 383/437/383 384/425/384
f 362/415/362 361/413/361 376/438/376
f 382/441/382 381/471/381 396/442/396
f 374/444/374 389/472/389 390/445/390
f 383/447/383 382/441/382 397/443/397
f 376/449/376 375/446/375 390/445/390
f 384/451/384 383/447/383 398/448/398
f 377/453/377 376/449/376 391/450/391
f 377/453/377 392/454/392 393/459/393
f 370/455/370 385/457/385 386/461/386
f 378/460/378 393/459/393 394/463/394
f 371/462/371 386/461/386 387/465/387
f 380/467/380 379/464/379 394/463/394
f 372/466/372 387/465/387 388/469/388
f 381/471/381 380/467/380 395/468/395
f 374/444/374 373/470/373 388/469/388
f 385/457/385 400/487/400 401/473/401
f 393/459/393 408/489/408 409/474/409
f 387/465/387 386/461/386 401/473/401
f 395/468/395 394/463/394 409/474/409
f 388/469/388 387/465/387 402/475/402
f 396/442/396 395/468/395 410/476/410
f 388/469/388 403/477/403 404/479/404
f 396/442/396 411/478/411 412/480/412
f 389/472/389 404/479/404 405/481/405
f 397/443/397 412/480/412 413/482/413
f 391/450/391 390/445/390 405/481/405
f 398/448/398 413/482/413 414/484/414
f 392/454/392 391/450/391 406/483/406
f 392/454/392 407/485/407 408/489/408
f 404/479/404 419/506/419 420/490/420
f 413/482/413 412/480/412 427/491/427
f 406/483/406 405/481/405 420/490/420
f 413/482/413 428/492/428 429/494/429
f 406/483/406 421/493/421 422/495/422
f 407/485/407 422/495/422 423/499/423
f 401/473/401 400/487/400 415/497/415
f 408/489/408 423/499/423 424/501/424
f 401/473/401 416/500/416 417/502/417
f 410/476/410 409/474/409 424/501/424
f 402/475/402 417/502/417 418/504/418
f 410/476/410 425/503/425 426/505/426
f 403/477/403 418/504/418 419/506/419
f 412/480/412 411/478/411 426/505/426
f 423/499/423 438/522/438 439/507/439
f 416/500/416 431/523/431 432/508/432
f 425/503/425 424/501/424 439/507/439
f 418/504/418 417/502/417 432/508/432
f 425/503/425 440/509/440 441/511/441
f 418/504/418 433/510/433 434/512/434
f 426/505/426 441/511/441 442/513/442
f 419/506/419 434/512/434 435/514/435
f 428/492/428 427/491/427 442/513/442
f 421/493/421 420/490/420 435/514/435
f 428/492/428 443/515/443 444/517/444
f 422/495/422 421/493/421 436/516/436
f 422/495/422 437/518/437 438/522/438
f 416/500/416 415/497/415 430/520/430
f 442/513/442 457/540/457 458/524/458
f 436/516/436 435/514/435 450/525/450
f 444/517/444 443/515/443 458/524/458
f 437/518/437 436/516/436 451/526/451
f 437/518/437 452/528/452 453/532/453
f 430/520/430 445/530/445 446/533/446
f 438/522/438 453/532/453 454/534/454
f 432/508/432 431/523/431 446/533/446
f 440/509/440 439/507/439 454/534/454
f 432/508/432 447/535/447 448/537/448
f 440/509/440 455/536/455 456/538/456
f 434/512/434 433/510/433 448/537/448
f 442/513/442 441/511/441 456/538/456
f 434/512/434 449/539/449 450/525/450
f 446/533/446 461/557/461 462/541/462
f 455/536/455 454/534/454 469/542/469
f 448/537/448 447/535/447 462/541/462
f 456/538/456 455/536/455 470/543/470
f 448/537/448 463/544/463 464/546/464
f 456/538/456 471/545/471 472/547/472
f 449/539/449 464/546/464 465/548/465
f 458/524/458 457/540/457 472/547/472
f 451/526/451 450/525/450 465/548/465
f 459/527/459 458/524/458 473/549/473
f 451/526/451 466/550/466 467/552/467
f 453/532/453 452/528/452 467/552/467
f 445/530/445 460/554/460 461/557/461
f 454/534/454 453/532/453 468/556/468
f 465/548/465 480/573/480 481/558/481
f 473/549/473 488/574/488 489/559/489
f 467/552/467 466/550/466 481/558/481
f 467/552/467 482/560/482 483/564/483
f 461/557/461 460/554/460 475/562/475
f 469/542/469 468/556/468 483/564/483
f 461/557/461 476/565/476 477/567/477
f 469/542/469 484/566/484 485/568/485
f 463/544/463 462/541/462 477/567/477
f 470/543/470 485/568/485 486/570/486
f 463/544/463 478/569/478 479/571/479
f 472/547/472 471/545/471 486/570/486
f 465/548/465 464/546/464 479/571/479
f 473/549/473 472/547/472 487/572/487
f 484/566/484 494/18/494 22/20/22
f 477/567/477 17/49/17 492/21/492
f 485/568/485 22/20/22 495/24/495
f 479/571/479 478/569/478 492/21/492
f 487/572/487 486/570/486 495/24/495
f 480/573/480 479/571/479 18/27/18
f 488/574/488 487/572/487 496/29/496
f 481/558/481 480/573/480 493/30/493
f 488/574/488 497/33/497 498/37/498
f 482/560/482 481/558/481 19/35/19
f 482/560/482 20/38/20 21/45/21
f 475/562/475 490/40/490 491/46/491
f 483/564/483 21/45/21 494/18/494
f 477/567/477 476/565/476 491/46/491
f 976/18/494 503/45/21 513/44/31
f 499/49/17 973/46/491 506/47/24
f 976/18/494 514/48/32 515/19/33
f 974/21/492 499/49/17 507/22/25
f 977/24/495 504/20/22 515/19/33
f 974/21/492 508/23/26 509/26/27
f 977/24/495 516/25/34 517/28/35
f 975/30/493 500/27/18 509/26/27
f 978/29/496 517/28/35 518/32/36
f 975/30/493 510/31/28 511/34/29
f 979/33/497 518/32/36 519/36/37
f 502/38/20 501/35/19 511/34/29
f 502/38/20 512/39/30 513/44/31
f 973/46/491 972/40/490 505/42/23
f 512/39/30 527/63/45 528/51/46
f 505/42/23 520/65/38 521/50/39
f 514/48/32 513/44/31 528/51/46
f 507/22/25 506/47/24 521/50/39
f 514/48/32 529/52/47 530/54/48
f 508/23/26 507/22/25 522/53/40
f 516/25/34 515/19/33 530/54/48
f 508/23/26 523/55/41 524/57/42
f 516/25/34 531/56/49 532/58/50
f 510/31/28 509/26/27 524/57/42
f 517/28/35 532/58/50 533/60/51
f 510/31/28 525/59/43 526/61/44
f 519/36/37 518/32/36 533/60/51
f 512/39/30 511/34/29 526/61/44
f 523/55/41 538/81/56 539/67/57
f 532/58/50 531/56/49 546/82/64
f 524/57/42 539/67/57 540/68/58
f 532/58/50 547/83/65 548/69/66
f 525/59/43 540/68/58 541/70/59
f 533/60/51 548/69/66 549/71/499
f 527/63/45 526/61/44 541/70/59
f 527/63/45 542/72/60 543/76/61
f 521/50/39 520/65/38 535/74/53
f 529/52/47 528/51/46 543/76/61
f 522/53/40 521/50/39 536/77/54
f 529/52/47 544/78/62 545/80/63
f 522/53/40 537/79/55 538/81/56
f 531/56/49 530/54/48 545/80/63
f 543/76/61 542/72/60 557/97/75
f 536/77/54 535/74/53 550/99/68
f 544/78/62 543/76/61 558/84/76
f 536/77/54 551/86/69 552/87/70
f 545/80/63 544/78/62 559/85/77
f 537/79/55 552/87/70 553/89/71
f 546/82/64 545/80/63 560/88/78
f 539/67/57 538/81/56 553/89/71
f 547/83/65 546/82/64 561/90/79
f 539/67/57 554/91/72 555/93/73
f 547/83/65 562/92/80 563/94/81
f 540/68/58 555/93/73 556/95/74
f 548/69/66 563/94/81 564/96/82
f 541/70/59 556/95/74 557/97/75
f 561/90/79 576/116/94 577/101/95
f 555/93/73 554/91/72 569/117/87
f 563/94/81 562/92/80 577/101/95
f 556/95/74 555/93/73 570/103/88
f 564/96/82 563/94/81 578/102/96
f 556/95/74 571/104/89 572/106/90
f 557/97/75 572/106/90 573/110/91
f 550/99/68 565/108/83 566/111/84
f 558/84/76 573/110/91 574/112/92
f 551/86/69 566/111/84 567/113/85
f 559/85/77 574/112/92 575/114/93
f 552/87/70 567/113/85 568/115/86
f 561/90/79 560/88/78 575/114/93
f 553/89/71 568/115/86 569/117/87
f 574/112/92 573/110/91 589/132/107
f 567/113/85 566/111/84 582/133/100
f 575/114/93 574/112/92 590/118/108
f 567/113/85 583/134/101 584/120/102
f 575/114/93 591/119/109 592/121/110
f 569/117/87 568/115/86 584/120/102
f 577/101/95 576/116/94 592/121/110
f 569/117/87 585/122/103 586/124/104
f 577/101/95 593/123/111 594/125/112
f 570/103/88 586/124/104 587/126/105
f 578/102/96 594/125/112 595/127/113
f 572/106/90 571/104/89 587/126/105
f 572/106/90 588/128/106 589/132/107
f 566/111/84 565/108/83 581/130/99
f 594/125/112 593/123/111 608/150/126
f 587/126/105 586/124/104 601/151/119
f 595/127/113 594/125/112 609/135/127
f 588/128/106 587/126/105 602/137/120
f 588/128/106 603/138/121 604/142/122
f 581/130/99 596/140/114 597/143/115
f 589/132/107 604/142/122 605/144/123
f 582/133/100 597/143/115 598/145/116
f 591/119/109 590/118/108 605/144/123
f 583/134/101 598/145/116 599/147/117
f 592/121/110 591/119/109 606/146/124
f 584/120/102 599/147/117 600/149/118
f 593/123/111 592/121/110 607/148/125
f 585/122/103 600/149/118 601/151/119
f 598/145/116 597/143/115 612/165/130
f 605/144/123 620/166/138 621/168/139
f 598/145/116 613/167/131 614/152/132
f 606/146/124 621/168/139 622/153/140
f 600/149/118 599/147/117 614/152/132
f 608/150/126 607/148/125 622/153/140
f 601/151/119 600/149/118 615/154/133
f 608/150/126 623/155/141 624/157/142
f 602/137/120 601/151/119 616/156/134
f 609/135/127 624/157/142 625/159/143
f 603/138/121 602/137/120 617/158/135
f 603/138/121 618/160/136 619/164/137
f 597/143/115 596/140/114 611/162/129
f 604/142/122 619/164/137 620/166/138
f 617/158/135 616/156/134 631/183/149
f 625/159/143 624/157/142 639/184/157
f 617/158/135 632/185/150 633/169/151
f 619/164/137 618/160/136 633/169/151
f 611/162/129 626/171/144 627/175/145
f 619/164/137 634/174/152 635/176/153
f 612/165/130 627/175/145 628/177/146
f 621/168/139 620/166/138 635/176/153
f 614/152/132 613/167/131 628/177/146
f 622/153/140 621/168/139 636/178/154
f 614/152/132 629/179/147 630/181/148
f 622/153/140 637/180/155 638/182/156
f 615/154/133 630/181/148 631/183/149
f 624/157/142 623/155/141 638/182/156
f 635/176/153 650/200/168 651/202/169
f 629/179/147 628/177/146 643/201/161
f 636/178/154 651/202/169 652/186/170
f 630/181/148 629/179/147 644/187/162
f 637/180/155 652/186/170 653/189/171
f 631/183/149 630/181/148 645/188/163
f 638/182/156 653/189/171 654/191/172
f 631/183/149 646/190/164 647/192/165
f 639/184/157 654/191/172 655/193/173
f 633/169/151 632/185/150 647/192/165
f 633/169/151 648/194/166 649/198/167
f 627/175/145 626/171/144 641/196/159
f 635/176/153 634/174/152 649/198/167
f 628/177/146 627/175/145 642/199/160
f 655/193/173 654/191/172 669/218/187
f 647/192/165 662/219/180 663/207/181
f 649/198/167 648/194/166 663/207/181
f 641/196/159 656/204/174 657/209/175
f 649/198/167 664/208/182 665/210/183
f 642/199/160 657/209/175 658/211/176
f 651/202/169 650/200/168 665/210/183
f 643/201/161 658/211/176 659/213/177
f 652/186/170 651/202/169 666/212/184
f 644/187/162 659/213/177 660/215/178
f 653/189/171 652/186/170 667/214/185
f 646/190/164 645/188/163 660/215/178
f 654/191/172 653/189/171 668/216/186
f 647/192/165 646/190/164 661/217/179
f 659/213/177 658/211/176 673/234/191
f 666/212/184 681/235/199 682/236/200
f 660/215/178 659/213/177 674/220/192
f 668/216/186 667/214/185 682/236/200
f 660/215/178 675/221/193 676/223/194
f 668/216/186 683/222/201 684/224/202
f 662/219/180 661/217/179 676/223/194
f 669/218/187 684/224/202 685/226/203
f 662/219/180 677/225/195 678/227/196
f 664/208/182 663/207/181 678/227/196
f 657/209/175 656/204/174 671/229/189
f 664/208/182 679/231/197 680/233/198
f 658/211/176 657/209/175 672/232/190
f 666/212/184 665/210/183 680/233/198
f 678/227/196 677/225/195 692/248/210
f 678/227/196 693/250/211 694/237/212
f 671/229/189 686/252/500 687/238/205
f 679/231/197 694/237/212 695/239/213
f 672/232/190 687/238/205 688/240/206
f 680/233/198 695/239/213 696/241/214
f 673/234/191 688/240/206 689/242/207
f 682/236/200 681/235/199 696/241/214
f 675/221/193 674/220/192 689/242/207
f 683/222/201 682/236/200 697/243/215
f 676/223/194 675/221/193 690/244/208
f 683/222/201 698/245/216 699/247/217
f 677/225/195 676/223/194 691/246/209
f 685/226/203 684/224/202 699/247/217
f 696/241/214 711/267/229 712/269/230
f 689/242/207 704/268/222 705/270/223
f 698/245/216 697/243/215 712/269/230
f 690/244/208 705/270/223 706/255/224
f 698/245/216 713/254/231 714/256/232
f 692/248/210 691/246/209 706/255/224
f 700/249/218 699/247/217 714/256/232
f 693/250/211 692/248/210 707/257/225
f 693/250/211 708/259/226 709/263/227
f 686/252/500 701/261/219 702/264/220
f 694/237/212 709/263/227 710/265/228
f 688/240/206 687/238/205 702/264/220
f 696/241/214 695/239/213 710/265/228
f 688/240/206 703/266/221 704/268/222
f 709/263/227 708/259/226 723/282/241
f 702/264/220 701/261/219 716/284/234
f 709/263/227 724/286/242 725/271/243
f 702/264/220 717/287/235 718/272/236
f 711/267/229 710/265/228 725/271/243
f 703/266/221 718/272/236 719/274/237
f 711/267/229 726/273/244 727/275/245
f 705/270/223 704/268/222 719/274/237
f 713/254/231 712/269/230 727/275/245
f 705/270/223 720/276/238 721/278/239
f 714/256/232 713/254/231 728/277/246
f 707/257/225 706/255/224 721/278/239
f 714/256/232 729/279/247 730/281/248
f 707/257/225 722/280/240 723/282/241
f 728/277/246 727/275/245 742/303/260
f 721/278/239 720/276/238 735/304/253
f 729/279/247 728/277/246 743/288/261
f 722/280/240 721/278/239 736/290/254
f 730/281/248 729/279/247 744/289/262
f 722/280/240 737/291/255 738/293/256
f 724/286/242 723/282/241 738/293/256
f 716/284/234 731/295/249 732/298/250
f 725/271/243 724/286/242 739/297/257
f 717/287/235 732/298/250 733/300/251
f 725/271/243 740/299/258 741/301/259
f 718/272/236 733/300/251 734/302/252
f 726/273/244 741/301/259 742/303/260
f 720/276/238 719/274/237 734/302/252
f 731/295/249 746/319/264 747/305/265
f 740/299/258 739/297/257 754/321/272
f 733/300/251 732/298/250 747/305/265
f 741/301/259 740/299/258 755/307/273
f 734/302/252 733/300/251 748/306/266
f 742/303/260 741/301/259 756/308/274
f 734/302/252 749/309/267 750/311/268
f 742/303/260 757/310/275 758/312/276
f 735/304/253 750/311/268 751/313/269
f 743/288/261 758/312/276 759/314/277
f 736/290/254 751/313/269 752/315/270
f 744/289/262 759/314/277 760/316/278
f 738/293/256 737/291/255 752/315/270
f 738/293/256 753/317/271 754/321/272
f 750/311/268 765/337/283 766/322/284
f 758/312/276 773/338/291 774/324/292
f 752/315/270 751/313/269 766/322/284
f 760/316/278 759/314/277 774/324/292
f 753/317/271 752/315/270 767/323/285
f 753/317/271 768/326/286 769/330/287
f 746/319/264 761/328/279 762/331/280
f 754/321/272 769/330/287 770/332/288
f 747/305/265 762/331/280 763/333/281
f 756/308/274 755/307/273 770/332/288
f 749/309/267 748/306/266 763/333/281
f 757/310/275 756/308/274 771/334/289
f 749/309/267 764/335/282 765/337/283
f 757/310/275 772/336/290 773/338/291
f 769/330/287 784/354/302 785/339/303
f 763/333/281 762/331/280 777/355/295
f 771/334/289 770/332/288 785/339/303
f 763/333/281 778/341/296 779/342/297
f 772/336/290 771/334/289 786/340/304
f 765/337/283 764/335/282 779/342/297
f 773/338/291 772/336/290 787/343/305
f 765/337/283 780/344/298 781/346/299
f 773/338/291 788/345/306 789/347/307
f 767/323/285 766/322/284 781/346/299
f 774/324/292 789/347/307 790/349/502
f 768/326/286 767/323/285 782/348/300
f 768/326/286 783/350/301 784/354/302
f 762/331/280 761/328/279 776/352/501
f 782/348/300 781/346/299 796/370/314
f 784/354/302 799/361/317 800/363/318
f 783/350/301 782/348/300 797/372/315
f 786/340/304 785/339/303 800/363/318
f 786/340/304 801/365/319 802/367/320
f 777/355/295 776/352/501 791/359/309
f 788/345/306 787/343/305 802/367/320
f 778/341/296 777/355/295 792/362/310
f 788/345/306 803/369/321 804/371/322
f 778/341/296 793/364/311 794/366/312
f 789/347/307 804/371/322 805/356/323
f 780/344/298 779/342/297 794/366/312
f 780/344/298 795/368/313 796/370/314
f 783/350/301 798/357/316 799/361/317
f 795/368/313 811/377/329 812/379/330
f 804/371/322 803/369/321 819/378/337
f 797/372/315 796/370/314 812/379/330
f 805/356/323 804/371/322 820/380/338
f 798/357/316 797/372/315 813/381/331
f 798/357/316 814/383/332 815/387/333
f 791/359/309 807/385/325 808/388/326
f 799/361/317 815/387/333 816/389/334
f 793/364/311 792/362/310 808/388/326
f 801/365/319 800/363/318 816/389/334
f 793/364/311 809/373/327 810/374/328
f 801/365/319 817/375/335 818/376/336
f 795/368/313 794/366/312 810/374/328
f 803/369/321 802/367/320 818/376/336
f 815/387/333 830/396/348 831/398/349
f 808/388/326 823/397/341 824/399/342
f 817/375/335 816/389/334 831/398/349
f 809/373/327 824/399/342 825/401/343
f 817/375/335 832/400/350 833/402/351
f 811/377/329 810/374/328 825/401/343
f 819/378/337 818/376/336 833/402/351
f 811/377/329 826/403/344 827/405/345
f 820/380/338 819/378/337 834/404/352
f 813/381/331 812/379/330 827/405/345
f 821/382/339 820/380/338 835/406/353
f 814/383/332 813/381/331 828/390/346
f 814/383/332 829/391/347 830/396/348
f 807/385/325 822/393/340 823/397/341
f 835/406/353 834/404/352 849/410/367
f 828/390/346 827/405/345 842/411/360
f 835/406/353 850/412/368 851/414/369
f 829/391/347 828/390/346 843/413/361
f 829/391/347 844/415/362 845/419/363
f 823/397/341 822/393/340 837/417/355
f 830/396/348 845/419/363 846/421/364
f 823/397/341 838/420/356 839/422/357
f 831/398/349 846/421/364 847/423/365
f 824/399/342 839/422/357 840/408/358
f 832/400/350 847/423/365 848/407/366
f 826/403/344 825/401/343 840/408/358
f 834/404/352 833/402/351 848/407/366
f 826/403/344 841/409/359 842/411/360
f 838/420/356 853/428/371 854/430/372
f 847/423/365 846/421/364 861/429/379
f 840/408/358 839/422/357 854/430/372
f 847/423/365 862/431/380 863/433/381
f 841/409/359 840/408/358 855/432/373
f 848/407/366 863/433/381 864/435/382
f 841/409/359 856/434/374 857/436/375
f 849/410/367 864/435/382 865/437/383
f 842/411/360 857/436/375 858/438/376
f 850/412/368 865/437/383 866/425/384
f 844/415/362 843/413/361 858/438/376
f 844/415/362 859/439/377 860/426/378
f 838/420/356 837/417/355 852/427/370
f 846/421/364 845/419/363 860/426/378
f 858/449/376 857/446/375 872/445/390
f 866/451/384 865/447/383 880/448/398
f 859/453/377 858/449/376 873/450/391
f 859/453/377 874/454/392 875/459/393
f 852/455/370 867/457/385 868/461/386
f 860/460/378 875/459/393 876/463/394
f 854/466/372 853/462/371 868/461/386
f 862/467/380 861/464/379 876/463/394
f 854/466/372 869/465/387 870/469/388
f 863/471/381 862/467/380 877/468/395
f 855/470/373 870/469/388 871/472/389
f 864/441/382 863/471/381 878/442/396
f 856/444/374 871/472/389 872/445/390
f 864/441/382 879/443/397 880/448/398
f 877/468/395 876/463/394 891/474/409
f 870/469/388 869/465/387 884/475/402
f 877/468/395 892/476/410 893/478/411
f 871/472/389 870/469/388 885/477/403
f 878/442/396 893/478/411 894/480/412
f 871/472/389 886/479/404 887/481/405
f 879/443/397 894/480/412 895/482/413
f 873/450/391 872/445/390 887/481/405
f 881/452/399 880/448/398 895/482/413
f 874/454/392 873/450/391 888/483/406
f 874/454/392 889/485/407 890/489/408
f 867/457/385 882/487/400 883/473/401
f 875/459/393 890/489/408 891/474/409
f 869/465/387 868/461/386 883/473/401
f 895/482/413 910/492/428 911/494/429
f 889/485/407 888/483/406 903/493/421
f 889/485/407 904/495/422 905/499/423
f 883/473/401 882/487/400 897/497/415
f 890/489/408 905/499/423 906/501/424
f 883/473/401 898/500/416 899/502/417
f 891/474/409 906/501/424 907/503/425
f 884/475/402 899/502/417 900/504/418
f 892/476/410 907/503/425 908/505/426
f 886/479/404 885/477/403 900/504/418
f 894/480/412 893/478/411 908/505/426
f 887/481/405 886/479/404 901/506/419
f 894/480/412 909/491/427 910/492/428
f 888/483/406 887/481/405 902/490/420
f 907/503/425 922/509/440 923/511/441
f 900/504/418 915/510/433 916/512/434
f 908/505/426 923/511/441 924/513/442
f 901/506/419 916/512/434 917/514/435
f 910/492/428 909/491/427 924/513/442
f 903/493/421 902/490/420 917/514/435
f 910/492/428 925/515/443 926/517/444
f 904/495/422 903/493/421 918/516/436
f 904/495/422 919/518/437 920/522/438
f 898/500/416 897/497/415 912/520/430
f 905/499/423 920/522/438 921/507/439
f 898/500/416 913/523/431 914/508/432
f 907/503/425 906/501/424 921/507/439
f 900/504/418 899/502/417 914/508/432
f 920/522/438 919/518/437 934/528/452
f 912/520/430 927/530/445 928/533/446
f 920/522/438 935/532/453 936/534/454
f 914/508/432 913/523/431 928/533/446
f 922/509/440 921/507/439 936/534/454
f 914/508/432 929/535/447 930/537/448
f 922/509/440 937/536/455 938/538/456
f 916/512/434 915/510/433 930/537/448
f 924/513/442 923/511/441 938/538/456
f 916/512/434 931/539/449 932/525/450
f 924/513/442 939/540/457 940/524/458
f 918/516/436 917/514/435 932/525/450
f 926/517/444 925/515/443 940/524/458
f 919/518/437 918/516/436 933/526/451
f 930/537/448 945/544/463 946/546/464
f 938/538/456 953/545/471 954/547/472
f 931/539/449 946/546/464 947/548/465
f 940/524/458 939/540/457 954/547/472
f 933/526/451 932/525/450 947/548/465
f 941/527/503 940/524/458 955/549/473
f 933/526/451 948/550/466 949/552/467
f 935/532/453 934/528/452 949/552/467
f 927/530/445 942/554/460 943/557/461
f 935/532/453 950/556/468 951/542/469
f 929/535/447 928/533/446 943/557/461
f 937/536/455 936/534/454 951/542/469
f 930/537/448 929/535/447 944/541/462
f 938/538/456 937/536/455 952/543/470
f 949/552/467 964/560/482 965/564/483
f 943/557/461 942/554/460 957/562/475
f 951/542/469 950/556/468 965/564/483
f 943/557/461 958/565/476 959/567/477
f 951/542/469 966/566/484 967/568/485
f 944/541/462 959/567/477 960/569/478
f 953/545/471 952/543/470 967/568/485
f 946/546/464 945/544/463 960/569/478
f 953/545/471 968/570/486 969/572/487
f 947/548/465 946/546/464 961/571/479
f 955/549/473 954/547/472 969/572/487
f 947/548/465 962/573/480 963/558/481
f 955/549/473 970/574/488 971/559/489
f 949/552/467 948/550/466 963/558/481
f 969/572/487 968/570/486 977/24/495
f 962/573/480 961/571/479 500/27/18
f 970/574/488 969/572/487 978/29/496
f 963/558/481 962/573/480 975/30/493
f 970/574/488 979/33/497 980/37/498
f 964/560/482 963/558/481 501/35/19
f 964/560/482 502/38/20 503/45/21
f 958/565/476 957/562/475 972/40/490
f 965/564/483 503/45/21 976/18/494
f 959/567/477 958/565/476 973/46/491
f 966/566/484 976/18/494 504/20/22
f 959/567/477 499/49/17 974/21/492
f 967/568/485 504/20/22 977/24/495
f 961/571/479 960/569/478 974/21/492
f 982/577/505 984/580/507 983/578/506
f 984/580/507 986/582/509 985/581/508
f 986/582/509 988/584/511 987/583/510
f 988/584/511 990/586/513 989/585/512
f 990/586/513 992/588/515 991/587/514
f 992/588/515 994/590/517 993/589/516
f 994/590/517 996/592/519 995/591/518
f 996/592/519 998/594/521 997/593/520
f 998/594/521 1000/596/523 999/595/522
f 1000/596/523 1002/598/525 1001/597/524
f 1002/598/525 1004/600/527 1003/599/526
f 1004/600/527 1006/602/529 1005/601/528
f 1006/602/529 1008/604/531 1007/603/530
f 1008/604/531 1010/606/533 1009/605/532
f 1010/606/533 1012/608/535 1011/607/534
f 1012/608/535 1014/610/537 1013/609/536
f 1014/610/537 1016/612/539 1015/611/538
f 1016/612/539 1018/614/541 1017/613/540
f 1018/614/541 1020/616/543 1019/615/542
f 1020/616/543 1022/618/545 1021/617/544
f 1022/618/545 1024/620/547 1023/619/546
f 1024/620/547 1026/622/549 1025/621/548
f 1026/622/549 1028/624/551 1027/623/550
f 1028/624/551 1030/626/553 1029/625/552
f 1030/626/553 1032/628/555 1031/627/554
f 1032/628/555 1034/630/557 1033/629/556
f 1034/630/557 1036/632/559 1035/631/558
f 1036/632/559 1038/634/561 1037/633/560
f 1038/634/561 1040/636/563 1039/635/562
f 1040/636/563 1042/641/565 1041/637/564
f 986/640/509 984/649/507 982/650/505
f 982/650/505 1044/651/567 1042/652/565
f 1042/652/565 1040/653/563 1038/654/561
f 1038/654/561 1036/655/559 1034/656/557
f 1034/656/557 1032/657/555 1030/658/553
f 1030/658/553 1028/659/551 1026/660/549
f 1026/660/549 1024/661/547 1022/662/545
f 1022/662/545 1020/663/543 1018/638/541
f 1018/638/541 1016/664/539 1014/665/537
f 1014/665/537 1012/666/535 1010/667/533
f 1010/667/533 1008/668/531 1006/669/529
f 1006/669/529 1004/670/527 1002/639/525
f 1002/639/525 1000/671/523 998/672/521
f 998/672/521 996/673/519 994/674/517
f 994/674/517 992/675/515 990/676/513
f 990/676/513 988/677/511 986/640/509
f 986/640/509 982/650/505 1042/652/565
f 1042/652/565 1038/654/561 1034/656/557
f 1034/656/557 1030/658/553 1026/660/549
f 1026/660/549 1022/662/545 1018/638/541
f 1018/638/541 1014/665/537 1010/667/533
f 1010/667/533 1006/669/529 1002/639/525
f 1002/639/525 998/672/521 994/674/517
f 994/674/517 990/676/513 986/640/509
f 986/640/509 1042/652/565 1034/656/557
f 1034/656/557 1026/660/549 1018/638/541
f 1018/638/541 1010/667/533 1002/639/525
f 1002/639/525 994/674/517 986/640/509
f 986/640/509 1034/656/557 1018/638/541
f 1042/641/565 1044/643/567 1043/642/566
f 1044/643/567 982/678/505 981/644/504
f 1043/647/566 981/679/504 983/680/506
f 983/680/506 985/681/508 987/682/510
f 987/682/510 989/683/512 991/684/514
f 991/684/514 993/685/516 995/686/518
f 995/686/518 997/687/520 999/688/522
f 999/688/522 1001/689/524 1003/690/526
f 1003/690/526 1005/691/528 1007/692/530
f 1007/692/530 1009/693/532 1011/645/534
f 1011/645/534 1013/694/536 1015/695/538
f 1015/695/538 1017/696/540 1019/697/542
f 1019/697/542 1021/698/544 1023/699/546
f 1023/699/546 1025/700/548 1027/646/550
f 1027/646/550 1029/701/552 1031/702/554
f 1031/702/554 1033/703/556 1035/704/558
f 1035/704/558 1037/705/560 1039/706/562
f 1039/706/562 1041/707/564 1043/647/566
f 1043/647/566 983/680/506 987/682/510
f 987/682/510 991/684/514 995/686/518
f 995/686/518 999/688/522 1003/690/526
f 1003/690/526 1007/692/530 1011/645/534
f 1011/645/534 1015/695/538 1019/697/542
f 1019/697/542 1023/699/546 1027/646/550
f 1027/646/550 1031/702/554 1035/704/558
f 1035/704/558 1039/706/562 1043/647/566
f 1043/647/566 987/682/510 995/686/518
f 995/686/518 1003/690/526 1011/645/534
f 1011/645/534 1019/697/542 1027/646/550
f 1027/646/550 1035/704/558 1043/647/566
f 1043/647/566 995/686/518 1011/645/534
