# Blender 4.5.1 LTS
# www.blender.org
o Sphere
v 0.010724 0.232843 0.917394
v 0.010724 0.353454 0.845258
v 0.010724 0.418728 0.751008
v 0.010724 0.427128 0.700000
v 0.010724 0.418728 0.648992
v 0.010724 0.353454 0.554742
v 0.021752 0.073619 0.956434
v 0.032355 0.154050 0.941556
v 0.042127 0.228176 0.917394
v 0.050693 0.293148 0.884879
v 0.057722 0.346470 0.845258
v 0.062946 0.386091 0.800056
v 0.066162 0.410490 0.751008
v 0.067248 0.418728 0.700000
v 0.066162 0.410490 0.648992
v 0.062946 0.386091 0.599944
v 0.057722 0.346470 0.554742
v 0.050693 0.293148 0.515121
v 0.042127 0.228176 0.482606
v 0.032355 0.154050 0.458444
v 0.021752 0.073619 0.443566
v 0.032355 0.068765 0.956434
v 0.053155 0.144530 0.941556
v 0.072324 0.214356 0.917394
v 0.089125 0.275558 0.884879
v 0.102914 0.325786 0.845258
v 0.113160 0.363108 0.800056
v 0.119469 0.386091 0.751008
v 0.121600 0.393851 0.700000
v 0.119469 0.386091 0.648992
v 0.113160 0.363108 0.599944
v 0.102914 0.325786 0.554742
v 0.089125 0.275558 0.515121
v 0.072324 0.214356 0.482606
v 0.053155 0.144530 0.458444
v 0.032355 0.068765 0.443566
v 0.042127 0.060884 0.956434
v 0.072324 0.129071 0.941556
v 0.100152 0.191912 0.917394
v 0.124545 0.246993 0.884879
v 0.144563 0.292196 0.845258
v 0.159438 0.325786 0.800056
v 0.168598 0.346470 0.751008
v 0.171691 0.353454 0.700000
v 0.168598 0.346470 0.648992
v 0.159438 0.325786 0.599944
v 0.144563 0.292196 0.554742
v 0.124545 0.246993 0.515121
v 0.100152 0.191912 0.482606
v 0.072324 0.129071 0.458444
v 0.042127 0.060884 0.443566
v 0.050693 0.050278 0.956434
v 0.089125 0.108266 0.941556
v 0.124545 0.161708 0.917394
v 0.155590 0.208550 0.884879
v 0.181069 0.246993 0.845258
v 0.200001 0.275558 0.800056
v 0.211659 0.293148 0.751008
v 0.215596 0.299088 0.700000
v 0.211659 0.293148 0.648992
v 0.200001 0.275558 0.599944
v 0.181069 0.246993 0.554742
v 0.155590 0.208550 0.515121
v 0.124545 0.161708 0.482606
v 0.089125 0.108266 0.458444
v 0.050693 0.050278 0.443566
v 0.057722 0.037354 0.956434
v 0.102914 0.082915 0.941556
v 0.144563 0.124904 0.917394
v 0.181069 0.161708 0.884879
v 0.211028 0.191912 0.845258
v 0.233290 0.214356 0.800056
v 0.246999 0.228176 0.751008
v 0.251628 0.232843 0.700000
v 0.246999 0.228176 0.648992
v 0.233290 0.214356 0.599944
v 0.211028 0.191912 0.554742
v 0.181069 0.161708 0.515121
v 0.144563 0.124904 0.482606
v 0.102914 0.082915 0.458444
v 0.057722 0.037354 0.443566
v 0.010724 -0.010028 0.961458
v 0.062946 0.022610 0.956434
v 0.113160 0.053992 0.941556
v 0.159438 0.082915 0.917394
v 0.200001 0.108266 0.884879
v 0.233290 0.129071 0.845258
v 0.258026 0.144530 0.800056
v 0.273258 0.154050 0.751008
v 0.278402 0.157265 0.700000
v 0.273258 0.154050 0.648992
v 0.258026 0.144530 0.599944
v 0.233290 0.129071 0.554742
v 0.200001 0.108266 0.515121
v 0.159438 0.082915 0.482606
v 0.113160 0.053992 0.458444
v 0.062946 0.022610 0.443566
v 0.066162 0.006611 0.956434
v 0.119469 0.022610 0.941556
v 0.168598 0.037354 0.917394
v 0.211659 0.050278 0.884879
v 0.246999 0.060884 0.845258
v 0.273258 0.068765 0.800056
v 0.289429 0.073619 0.751008
v 0.294889 0.075257 0.700000
v 0.289429 0.073619 0.648992
v 0.273258 0.068765 0.599944
v 0.246999 0.060884 0.554742
v 0.211659 0.050278 0.515121
v 0.168598 0.037354 0.482606
v 0.119469 0.022610 0.458444
v 0.066162 0.006611 0.443566
v 0.067248 -0.010028 0.956434
v 0.121600 -0.010028 0.941556
v 0.171691 -0.010028 0.917394
v 0.215596 -0.010028 0.884879
v 0.251628 -0.010028 0.845258
v 0.278402 -0.010028 0.800056
v 0.294889 -0.010028 0.751008
v 0.300456 -0.010028 0.700000
v 0.294889 -0.010028 0.648992
v 0.278402 -0.010028 0.599944
v 0.251628 -0.010028 0.554742
v 0.215596 -0.010028 0.515121
v 0.171691 -0.010028 0.482606
v 0.121600 -0.010028 0.458444
v 0.067248 -0.010028 0.443566
v 0.066162 -0.026666 0.956434
v 0.119469 -0.042665 0.941556
v 0.168598 -0.057409 0.917394
v 0.211659 -0.070333 0.884879
v 0.246999 -0.080939 0.845258
v 0.273258 -0.088820 0.800056
v 0.289429 -0.093674 0.751008
v 0.294889 -0.095312 0.700000
v 0.289429 -0.093674 0.648992
v 0.273258 -0.088820 0.599944
v 0.246999 -0.080939 0.554742
v 0.211659 -0.070333 0.515121
v 0.168598 -0.057409 0.482606
v 0.119469 -0.042665 0.458444
v 0.066162 -0.026666 0.443566
v 0.062946 -0.042665 0.956434
v 0.113160 -0.074047 0.941556
v 0.159438 -0.102970 0.917394
v 0.200001 -0.128321 0.884879
v 0.233290 -0.149126 0.845258
v 0.258026 -0.164585 0.800056
v 0.273258 -0.174105 0.751008
v 0.278402 -0.177320 0.700000
v 0.273258 -0.174105 0.648992
v 0.258026 -0.164585 0.599944
v 0.233290 -0.149126 0.554742
v 0.200001 -0.128321 0.515121
v 0.159438 -0.102970 0.482606
v 0.113160 -0.074047 0.458444
v 0.062946 -0.042665 0.443566
v 0.057722 -0.057409 0.956434
v 0.102914 -0.102970 0.941556
v 0.144563 -0.144959 0.917394
v 0.181069 -0.181763 0.884879
v 0.211028 -0.211967 0.845258
v 0.233290 -0.234411 0.800056
v 0.246999 -0.248231 0.751008
v 0.251628 -0.252898 0.700000
v 0.246999 -0.248231 0.648992
v 0.233290 -0.234411 0.599944
v 0.211028 -0.211967 0.554742
v 0.181069 -0.181763 0.515121
v 0.144563 -0.144959 0.482606
v 0.102914 -0.102970 0.458444
v 0.057722 -0.057409 0.443566
v 0.050693 -0.070333 0.956434
v 0.089125 -0.128321 0.941556
v 0.124545 -0.181763 0.917394
v 0.155590 -0.228605 0.884879
v 0.181069 -0.267048 0.845258
v 0.200001 -0.295613 0.800056
v 0.211659 -0.313204 0.751008
v 0.215596 -0.319143 0.700000
v 0.211659 -0.313204 0.648992
v 0.200001 -0.295613 0.599944
v 0.181069 -0.267048 0.554742
v 0.155590 -0.228605 0.515121
v 0.124545 -0.181763 0.482606
v 0.089125 -0.128321 0.458444
v 0.050693 -0.070333 0.443566
v 0.042127 -0.080939 0.956434
v 0.072323 -0.149126 0.941556
v 0.100152 -0.211967 0.917394
v 0.124545 -0.267048 0.884879
v 0.144563 -0.312251 0.845258
v 0.159438 -0.345841 0.800056
v 0.168598 -0.366525 0.751008
v 0.171691 -0.373509 0.700000
v 0.168598 -0.366525 0.648992
v 0.159438 -0.345841 0.599944
v 0.144563 -0.312251 0.554742
v 0.124545 -0.267048 0.515121
v 0.100152 -0.211967 0.482606
v 0.072323 -0.149126 0.458444
v 0.042127 -0.080939 0.443566
v 0.032355 -0.088820 0.956434
v 0.053155 -0.164585 0.941556
v 0.072323 -0.234411 0.917394
v 0.089125 -0.295613 0.884879
v 0.102914 -0.345841 0.845258
v 0.113160 -0.383163 0.800056
v 0.119469 -0.406146 0.751008
v 0.121600 -0.413906 0.700000
v 0.119469 -0.406146 0.648992
v 0.113160 -0.383163 0.599944
v 0.102914 -0.345841 0.554742
v 0.089125 -0.295613 0.515121
v 0.072323 -0.234411 0.482606
v 0.053155 -0.164585 0.458444
v 0.032355 -0.088820 0.443566
v 0.021752 -0.093674 0.956434
v 0.032355 -0.174105 0.941556
v 0.042127 -0.248231 0.917394
v 0.050693 -0.313204 0.884879
v 0.057722 -0.366525 0.845258
v 0.062946 -0.406146 0.800056
v 0.066162 -0.430545 0.751008
v 0.067248 -0.438783 0.700000
v 0.066162 -0.430545 0.648992
v 0.062946 -0.406146 0.599944
v 0.057722 -0.366525 0.554742
v 0.050693 -0.313204 0.515121
v 0.042127 -0.248231 0.482606
v 0.032355 -0.174105 0.458444
v 0.021752 -0.093674 0.443566
v 0.010724 -0.095312 0.956434
v 0.010724 -0.177320 0.941556
v 0.010724 -0.252898 0.917394
v 0.010724 -0.319143 0.884879
v 0.010724 -0.373509 0.845258
v 0.010724 -0.413906 0.800056
v 0.010724 -0.438783 0.751008
v 0.010724 -0.447183 0.700000
v 0.010724 -0.438783 0.648992
v 0.010724 -0.413906 0.599944
v 0.010724 -0.373509 0.554742
v 0.010724 -0.319143 0.515121
v 0.010724 -0.252898 0.482606
v 0.010724 -0.177320 0.458444
v 0.010724 -0.095312 0.443566
v -0.000303 -0.093674 0.956434
v -0.010906 -0.174105 0.941556
v -0.020679 -0.248231 0.917394
v -0.029244 -0.313204 0.884879
v -0.036274 -0.366525 0.845258
v -0.041497 -0.406146 0.800056
v -0.044714 -0.430545 0.751008
v -0.045800 -0.438783 0.700000
v -0.044714 -0.430545 0.648992
v -0.041497 -0.406146 0.599944
v -0.036274 -0.366525 0.554742
v -0.029244 -0.313204 0.515121
v -0.020679 -0.248231 0.482606
v -0.010906 -0.174105 0.458444
v -0.000303 -0.093674 0.443566
v -0.010906 -0.088820 0.956434
v -0.031706 -0.164585 0.941556
v -0.050875 -0.234411 0.917394
v -0.067677 -0.295613 0.884879
v -0.081465 -0.345840 0.845258
v -0.091711 -0.383163 0.800056
v -0.098021 -0.406146 0.751008
v -0.100151 -0.413906 0.700000
v -0.098021 -0.406146 0.648992
v -0.091711 -0.383163 0.599944
v -0.081465 -0.345840 0.554742
v -0.067677 -0.295613 0.515121
v -0.050875 -0.234411 0.482606
v -0.031706 -0.164585 0.458444
v -0.010906 -0.088820 0.443566
v -0.020679 -0.080939 0.956434
v -0.050875 -0.149126 0.941556
v -0.078704 -0.211967 0.917394
v -0.103096 -0.267048 0.884879
v -0.123114 -0.312251 0.845258
v -0.137989 -0.345841 0.800056
v -0.147149 -0.366525 0.751008
v -0.150242 -0.373509 0.700000
v -0.147149 -0.366525 0.648992
v -0.137989 -0.345841 0.599944
v -0.123114 -0.312251 0.554742
v -0.103096 -0.267048 0.515121
v -0.078704 -0.211967 0.482606
v -0.050875 -0.149126 0.458444
v -0.020679 -0.080939 0.443566
v -0.029244 -0.070333 0.956434
v -0.067677 -0.128321 0.941556
v -0.103096 -0.181763 0.917394
v -0.134142 -0.228605 0.884879
v -0.159620 -0.267048 0.845258
v -0.178552 -0.295613 0.800056
v -0.190211 -0.313203 0.751008
v -0.194147 -0.319143 0.700000
v -0.190211 -0.313203 0.648992
v -0.178552 -0.295613 0.599944
v -0.159620 -0.267048 0.554742
v -0.134142 -0.228605 0.515121
v -0.103096 -0.181763 0.482606
v -0.067677 -0.128321 0.458444
v -0.029244 -0.070333 0.443566
v 0.010724 -0.010028 0.438542
v -0.036274 -0.057409 0.956434
v -0.081465 -0.102970 0.941556
v -0.123114 -0.144959 0.917394
v -0.159620 -0.181763 0.884879
v -0.189579 -0.211967 0.845258
v -0.211841 -0.234411 0.800056
v -0.225550 -0.248231 0.751008
v -0.230179 -0.252898 0.700000
v -0.225550 -0.248231 0.648992
v -0.211841 -0.234411 0.599944
v -0.189579 -0.211967 0.554742
v -0.159620 -0.181763 0.515121
v -0.123114 -0.144959 0.482606
v -0.081465 -0.102970 0.458444
v -0.036274 -0.057409 0.443566
v -0.041497 -0.042665 0.956434
v -0.091711 -0.074047 0.941556
v -0.137989 -0.102970 0.917394
v -0.178552 -0.128321 0.884879
v -0.211841 -0.149126 0.845258
v -0.236577 -0.164585 0.800056
v -0.251810 -0.174105 0.751008
v -0.256953 -0.177319 0.700000
v -0.251810 -0.174105 0.648992
v -0.236577 -0.164585 0.599944
v -0.211841 -0.149126 0.554742
v -0.178552 -0.128321 0.515121
v -0.137989 -0.102970 0.482606
v -0.091711 -0.074047 0.458444
v -0.041497 -0.042665 0.443566
v -0.044713 -0.026666 0.956434
v -0.098021 -0.042665 0.941556
v -0.147149 -0.057409 0.917394
v -0.190211 -0.070333 0.884879
v -0.225550 -0.080939 0.845258
v -0.251810 -0.088820 0.800056
v -0.267980 -0.093673 0.751008
v -0.273440 -0.095312 0.700000
v -0.267980 -0.093673 0.648992
v -0.251810 -0.088820 0.599944
v -0.225550 -0.080939 0.554742
v -0.190211 -0.070333 0.515121
v -0.147149 -0.057409 0.482606
v -0.098021 -0.042665 0.458444
v -0.044713 -0.026666 0.443566
v -0.045800 -0.010028 0.956434
v -0.100151 -0.010028 0.941556
v -0.150242 -0.010027 0.917394
v -0.194147 -0.010028 0.884879
v -0.230179 -0.010027 0.845258
v -0.256953 -0.010028 0.800056
v -0.273440 -0.010027 0.751008
v -0.279007 -0.010027 0.700000
v -0.273440 -0.010027 0.648992
v -0.256953 -0.010028 0.599944
v -0.230179 -0.010027 0.554742
v -0.194147 -0.010028 0.515121
v -0.150242 -0.010027 0.482606
v -0.100151 -0.010028 0.458444
v -0.045800 -0.010028 0.443566
v -0.044713 0.006611 0.956434
v -0.098021 0.022610 0.941556
v -0.147149 0.037354 0.917394
v -0.190211 0.050278 0.884879
v -0.225550 0.060884 0.845258
v -0.251810 0.068765 0.800056
v -0.267980 0.073619 0.751008
v -0.273440 0.075257 0.700000
v -0.267980 0.073619 0.648992
v -0.251810 0.068765 0.599944
v -0.225550 0.060884 0.554742
v -0.190211 0.050278 0.515121
v -0.147149 0.037354 0.482606
v -0.098021 0.022610 0.458444
v -0.044713 0.006611 0.443566
v -0.041497 0.022610 0.956434
v -0.091711 0.053992 0.941556
v -0.137989 0.082915 0.917394
v -0.178552 0.108266 0.884879
v -0.211841 0.129071 0.845258
v -0.236577 0.144530 0.800056
v -0.251810 0.154050 0.751008
v -0.256953 0.157265 0.700000
v -0.251810 0.154050 0.648992
v -0.236577 0.144530 0.599944
v -0.211841 0.129071 0.554742
v -0.178552 0.108266 0.515121
v -0.137989 0.082915 0.482606
v -0.091711 0.053992 0.458444
v -0.041497 0.022610 0.443566
v -0.036274 0.037354 0.956434
v -0.081465 0.082915 0.941556
v -0.123114 0.124904 0.917394
v -0.159620 0.161708 0.884879
v -0.189579 0.191912 0.845258
v -0.211841 0.214356 0.800056
v -0.225550 0.228176 0.751008
v -0.230179 0.232843 0.700000
v -0.225550 0.228176 0.648992
v -0.211841 0.214356 0.599944
v -0.189579 0.191912 0.554742
v -0.159620 0.161708 0.515121
v -0.123114 0.124904 0.482606
v -0.081465 0.082915 0.458444
v -0.036274 0.037354 0.443566
v -0.029244 0.050278 0.956434
v -0.067677 0.108266 0.941556
v -0.103096 0.161708 0.917394
v -0.134142 0.208550 0.884879
v -0.159620 0.246993 0.845258
v -0.178552 0.275558 0.800056
v -0.190210 0.293148 0.751008
v -0.194147 0.299088 0.700000
v -0.190210 0.293148 0.648992
v -0.178552 0.275558 0.599944
v -0.159620 0.246993 0.554742
v -0.134142 0.208550 0.515121
v -0.103096 0.161708 0.482606
v -0.067677 0.108266 0.458444
v -0.029244 0.050278 0.443566
v -0.020679 0.060884 0.956434
v -0.050875 0.129071 0.941556
v -0.078704 0.191912 0.917394
v -0.103096 0.246993 0.884879
v -0.123114 0.292196 0.845258
v -0.137989 0.325785 0.800056
v -0.147149 0.346470 0.751008
v -0.150242 0.353454 0.700000
v -0.147149 0.346470 0.648992
v -0.137989 0.325785 0.599944
v -0.123114 0.292196 0.554742
v -0.103096 0.246993 0.515121
v -0.078704 0.191912 0.482606
v -0.050875 0.129071 0.458444
v -0.020679 0.060884 0.443566
v -0.010906 0.068765 0.956434
v -0.031706 0.144530 0.941556
v -0.050875 0.214355 0.917394
v -0.067677 0.275558 0.884879
v -0.081465 0.325785 0.845258
v -0.091711 0.363108 0.800056
v -0.098021 0.386091 0.751008
v -0.100151 0.393851 0.700000
v -0.098021 0.386091 0.648992
v -0.091711 0.363108 0.599944
v -0.081465 0.325785 0.554742
v -0.067677 0.275558 0.515121
v -0.050875 0.214355 0.482606
v -0.031706 0.144530 0.458444
v -0.010906 0.068765 0.443566
v -0.000303 0.073618 0.956434
v -0.010906 0.154050 0.941556
v -0.020679 0.228176 0.917394
v -0.029244 0.293148 0.884879
v -0.036274 0.346470 0.845258
v -0.041497 0.386091 0.800056
v -0.044713 0.410489 0.751008
v -0.045799 0.418728 0.700000
v -0.044713 0.410489 0.648992
v -0.041497 0.386091 0.599944
v -0.036274 0.346470 0.554742
v -0.029244 0.293148 0.515121
v -0.020679 0.228176 0.482606
v -0.010906 0.154050 0.458444
v -0.000303 0.073618 0.443566
v 0.010724 0.075257 0.956434
v 0.010724 0.157265 0.941556
v 0.010724 0.299088 0.884879
v 0.010724 0.393851 0.800056
v 0.010724 0.393851 0.599944
v 0.010724 0.299088 0.515121
v 0.010724 0.232843 0.482606
v 0.010724 0.157265 0.458444
v 0.010724 0.075257 0.443566
v 0.031730 -0.342761 0.972985
v 0.031730 -0.278522 0.924908
v 0.031730 -0.243755 0.862093
v 0.031730 -0.239281 0.828098
v 0.031730 -0.243755 0.794103
v 0.031730 -0.278522 0.731288
v 0.039534 -0.427567 0.999004
v 0.047038 -0.384728 0.989088
v 0.053955 -0.345247 0.972985
v 0.060016 -0.310641 0.951314
v 0.064992 -0.282241 0.924908
v 0.068688 -0.261138 0.894782
v 0.070965 -0.248143 0.862093
v 0.071733 -0.243755 0.828098
v 0.070965 -0.248143 0.794103
v 0.068688 -0.261138 0.761414
v 0.064992 -0.282241 0.731288
v 0.060016 -0.310641 0.704882
v 0.053955 -0.345247 0.683211
v 0.047038 -0.384728 0.667108
v 0.039534 -0.427567 0.657192
v 0.047038 -0.430152 0.999004
v 0.061759 -0.389798 0.989088
v 0.075325 -0.352608 0.972985
v 0.087216 -0.320010 0.951314
v 0.096975 -0.293258 0.924908
v 0.104226 -0.273380 0.894782
v 0.108691 -0.261138 0.862093
v 0.110199 -0.257005 0.828098
v 0.108691 -0.261138 0.794103
v 0.104226 -0.273380 0.761414
v 0.096975 -0.293258 0.731288
v 0.087216 -0.320010 0.704882
v 0.075325 -0.352608 0.683211
v 0.061759 -0.389798 0.667108
v 0.047038 -0.430152 0.657192
v 0.053955 -0.434349 0.999004
v 0.075325 -0.398032 0.989088
v 0.095020 -0.364562 0.972985
v 0.112283 -0.335225 0.951314
v 0.126451 -0.311148 0.924908
v 0.136978 -0.293258 0.894782
v 0.143461 -0.282241 0.862093
v 0.145650 -0.278522 0.828098
v 0.143461 -0.282241 0.794103
v 0.136978 -0.293258 0.761414
v 0.126451 -0.311148 0.731288
v 0.112283 -0.335225 0.704882
v 0.095020 -0.364562 0.683211
v 0.075325 -0.398032 0.667108
v 0.053955 -0.434349 0.657192
v 0.060016 -0.439999 0.999004
v 0.087216 -0.409113 0.989088
v 0.112283 -0.380649 0.972985
v 0.134255 -0.355700 0.951314
v 0.152287 -0.335225 0.924908
v 0.165685 -0.320010 0.894782
v 0.173936 -0.310641 0.862093
v 0.176722 -0.307478 0.828098
v 0.173936 -0.310641 0.794103
v 0.165685 -0.320010 0.761414
v 0.152287 -0.335225 0.731288
v 0.134255 -0.355700 0.704882
v 0.112283 -0.380649 0.683211
v 0.087216 -0.409113 0.667108
v 0.060016 -0.439999 0.657192
v 0.064992 -0.446882 0.999004
v 0.096975 -0.422615 0.989088
v 0.126451 -0.400251 0.972985
v 0.152287 -0.380649 0.951314
v 0.173489 -0.364562 0.924908
v 0.189245 -0.352608 0.894782
v 0.198947 -0.345247 0.862093
v 0.202223 -0.342761 0.828098
v 0.198947 -0.345247 0.794103
v 0.189245 -0.352608 0.761414
v 0.173489 -0.364562 0.731288
v 0.152287 -0.380649 0.704882
v 0.126451 -0.400251 0.683211
v 0.096975 -0.422615 0.667108
v 0.064992 -0.446882 0.657192
v 0.031730 -0.472118 1.002352
v 0.068688 -0.454735 0.999004
v 0.104226 -0.438020 0.989088
v 0.136978 -0.422615 0.972985
v 0.165685 -0.409113 0.951314
v 0.189245 -0.398032 0.924908
v 0.206751 -0.389798 0.894782
v 0.217531 -0.384728 0.862093
v 0.221171 -0.383016 0.828098
v 0.217531 -0.384728 0.794103
v 0.206751 -0.389798 0.761414
v 0.189245 -0.398032 0.731288
v 0.165685 -0.409113 0.704882
v 0.136978 -0.422615 0.683211
v 0.104226 -0.438020 0.667108
v 0.068688 -0.454735 0.657192
v 0.070965 -0.463257 0.999004
v 0.108691 -0.454735 0.989088
v 0.143461 -0.446882 0.972985
v 0.173936 -0.439999 0.951314
v 0.198947 -0.434350 0.924908
v 0.217531 -0.430152 0.894782
v 0.228975 -0.427567 0.862093
v 0.232840 -0.426694 0.828098
v 0.228975 -0.427567 0.794103
v 0.217531 -0.430152 0.761414
v 0.198947 -0.434350 0.731288
v 0.173936 -0.439999 0.704882
v 0.143461 -0.446882 0.683211
v 0.108691 -0.454735 0.667108
v 0.070965 -0.463257 0.657192
v 0.071733 -0.472118 0.999004
v 0.110199 -0.472118 0.989088
v 0.145650 -0.472118 0.972985
v 0.176722 -0.472118 0.951314
v 0.202223 -0.472118 0.924908
v 0.221171 -0.472118 0.894782
v 0.232840 -0.472118 0.862093
v 0.236780 -0.472118 0.828098
v 0.232840 -0.472118 0.794103
v 0.221171 -0.472118 0.761414
v 0.202223 -0.472118 0.731288
v 0.176722 -0.472118 0.704882
v 0.145650 -0.472118 0.683211
v 0.110199 -0.472118 0.667108
v 0.071733 -0.472118 0.657192
v 0.070965 -0.480980 0.999004
v 0.108691 -0.489501 0.989088
v 0.143461 -0.497355 0.972985
v 0.173936 -0.504238 0.951314
v 0.198947 -0.509887 0.924908
v 0.217531 -0.514085 0.894782
v 0.228975 -0.516670 0.862093
v 0.232840 -0.517543 0.828098
v 0.228975 -0.516670 0.794103
v 0.217531 -0.514085 0.761414
v 0.198947 -0.509887 0.731288
v 0.173936 -0.504238 0.704882
v 0.143461 -0.497355 0.683211
v 0.108691 -0.489501 0.667108
v 0.070965 -0.480980 0.657192
v 0.068688 -0.489501 0.999004
v 0.104226 -0.506217 0.989088
v 0.136978 -0.521621 0.972985
v 0.165685 -0.535124 0.951314
v 0.189245 -0.546205 0.924908
v 0.206751 -0.554439 0.894782
v 0.217531 -0.559509 0.862093
v 0.221171 -0.561221 0.828098
v 0.217531 -0.559509 0.794103
v 0.206751 -0.554439 0.761414
v 0.189245 -0.546205 0.731288
v 0.165685 -0.535124 0.704882
v 0.136978 -0.521621 0.683211
v 0.104226 -0.506217 0.667108
v 0.068688 -0.489501 0.657192
v 0.064992 -0.497355 0.999004
v 0.096975 -0.521621 0.989088
v 0.126451 -0.543985 0.972985
v 0.152287 -0.563588 0.951314
v 0.173489 -0.579675 0.924908
v 0.189245 -0.591629 0.894782
v 0.198947 -0.598990 0.862093
v 0.202223 -0.601476 0.828098
v 0.198947 -0.598990 0.794103
v 0.189245 -0.591629 0.761414
v 0.173489 -0.579675 0.731288
v 0.152287 -0.563588 0.704882
v 0.126451 -0.543985 0.683211
v 0.096975 -0.521621 0.667108
v 0.064992 -0.497355 0.657192
v 0.060016 -0.504238 0.999004
v 0.087216 -0.535124 0.989088
v 0.112283 -0.563588 0.972985
v 0.134255 -0.588537 0.951314
v 0.152287 -0.609012 0.924908
v 0.165685 -0.624226 0.894782
v 0.173936 -0.633595 0.862093
v 0.176722 -0.636759 0.828098
v 0.173936 -0.633595 0.794103
v 0.165685 -0.624226 0.761414
v 0.152287 -0.609012 0.731288
v 0.134255 -0.588537 0.704882
v 0.112283 -0.563588 0.683211
v 0.087216 -0.535124 0.667108
v 0.060016 -0.504238 0.657192
v 0.053955 -0.509887 0.999004
v 0.075325 -0.546205 0.989088
v 0.095020 -0.579675 0.972985
v 0.112283 -0.609012 0.951314
v 0.126451 -0.633088 0.924908
v 0.136978 -0.650979 0.894782
v 0.143461 -0.661995 0.862093
v 0.145650 -0.665715 0.828098
v 0.143461 -0.661995 0.794103
v 0.136978 -0.650979 0.761414
v 0.126451 -0.633088 0.731288
v 0.112283 -0.609012 0.704882
v 0.095020 -0.579675 0.683211
v 0.075325 -0.546205 0.667108
v 0.053955 -0.509887 0.657192
v 0.047038 -0.514085 0.999004
v 0.061759 -0.554439 0.989088
v 0.075325 -0.591629 0.972985
v 0.087216 -0.624226 0.951314
v 0.096975 -0.650979 0.924908
v 0.104226 -0.670857 0.894782
v 0.108691 -0.683098 0.862093
v 0.110199 -0.687232 0.828098
v 0.108691 -0.683098 0.794103
v 0.104226 -0.670857 0.761414
v 0.096975 -0.650979 0.731288
v 0.087216 -0.624226 0.704882
v 0.075325 -0.591629 0.683211
v 0.061759 -0.554439 0.667108
v 0.047038 -0.514085 0.657192
v 0.039534 -0.516670 0.999004
v 0.047038 -0.559509 0.989088
v 0.053955 -0.598990 0.972985
v 0.060016 -0.633595 0.951314
v 0.064992 -0.661995 0.924908
v 0.068688 -0.683098 0.894782
v 0.070965 -0.696093 0.862093
v 0.071733 -0.700481 0.828098
v 0.070965 -0.696093 0.794103
v 0.068688 -0.683098 0.761414
v 0.064992 -0.661995 0.731288
v 0.060016 -0.633595 0.704882
v 0.053955 -0.598990 0.683211
v 0.047038 -0.559509 0.667108
v 0.039534 -0.516670 0.657192
v 0.031730 -0.517543 0.999004
v 0.031730 -0.561221 0.989088
v 0.031730 -0.601476 0.972985
v 0.031730 -0.636759 0.951314
v 0.031730 -0.665715 0.924908
v 0.031730 -0.687232 0.894782
v 0.031730 -0.700481 0.862093
v 0.031730 -0.704955 0.828098
v 0.031730 -0.700481 0.794103
v 0.031730 -0.687232 0.761414
v 0.031730 -0.665715 0.731288
v 0.031730 -0.636759 0.704882
v 0.031730 -0.601476 0.683211
v 0.031730 -0.561221 0.667108
v 0.031730 -0.517543 0.657192
v 0.023926 -0.516670 0.999004
v 0.016421 -0.559509 0.989088
v 0.009505 -0.598990 0.972985
v 0.003444 -0.633595 0.951314
v -0.001532 -0.661995 0.924908
v -0.005228 -0.683098 0.894782
v -0.007505 -0.696093 0.862093
v -0.008273 -0.700481 0.828098
v -0.007505 -0.696093 0.794103
v -0.005228 -0.683098 0.761414
v -0.001532 -0.661995 0.731288
v 0.003444 -0.633595 0.704882
v 0.009505 -0.598990 0.683211
v 0.016421 -0.559509 0.667108
v 0.023926 -0.516670 0.657192
v 0.016421 -0.514085 0.999004
v 0.001701 -0.554439 0.989088
v -0.011865 -0.591629 0.972985
v -0.023756 -0.624226 0.951314
v -0.033515 -0.650978 0.924908
v -0.040766 -0.670857 0.894782
v -0.045231 -0.683098 0.862093
v -0.046739 -0.687232 0.828098
v -0.045231 -0.683098 0.794103
v -0.040766 -0.670857 0.761414
v -0.033515 -0.650978 0.731288
v -0.023756 -0.624226 0.704882
v -0.011865 -0.591629 0.683211
v 0.001701 -0.554439 0.667108
v 0.016421 -0.514085 0.657192
v 0.009505 -0.509887 0.999004
v -0.011865 -0.546205 0.989088
v -0.031560 -0.579675 0.972985
v -0.048823 -0.609012 0.951314
v -0.062991 -0.633088 0.924908
v -0.073518 -0.650979 0.894782
v -0.080001 -0.661995 0.862093
v -0.082190 -0.665715 0.828098
v -0.080001 -0.661995 0.794103
v -0.073518 -0.650979 0.761414
v -0.062991 -0.633088 0.731288
v -0.048823 -0.609012 0.704882
v -0.031560 -0.579675 0.683211
v -0.011865 -0.546205 0.667108
v 0.009505 -0.509887 0.657192
v 0.003444 -0.504238 0.999004
v -0.023756 -0.535124 0.989088
v -0.048823 -0.563588 0.972985
v -0.070795 -0.588537 0.951314
v -0.088827 -0.609012 0.924908
v -0.102225 -0.624226 0.894782
v -0.110476 -0.633595 0.862093
v -0.113262 -0.636759 0.828098
v -0.110476 -0.633595 0.794103
v -0.102225 -0.624226 0.761414
v -0.088827 -0.609012 0.731288
v -0.070795 -0.588537 0.704882
v -0.048823 -0.563588 0.683211
v -0.023756 -0.535124 0.667108
v 0.003444 -0.504238 0.657192
v 0.031730 -0.472118 0.653844
v -0.001532 -0.497355 0.999004
v -0.033515 -0.521621 0.989088
v -0.062991 -0.543985 0.972985
v -0.088827 -0.563588 0.951314
v -0.110029 -0.579675 0.924908
v -0.125785 -0.591629 0.894782
v -0.135487 -0.598990 0.862093
v -0.138763 -0.601475 0.828098
v -0.135487 -0.598990 0.794103
v -0.125785 -0.591629 0.761414
v -0.110029 -0.579675 0.731288
v -0.088827 -0.563588 0.704882
v -0.062991 -0.543985 0.683211
v -0.033515 -0.521621 0.667108
v -0.001532 -0.497355 0.657192
v -0.005228 -0.489501 0.999004
v -0.040766 -0.506217 0.989088
v -0.073518 -0.521621 0.972985
v -0.102225 -0.535124 0.951314
v -0.125785 -0.546205 0.924908
v -0.143291 -0.554439 0.894782
v -0.154071 -0.559509 0.862093
v -0.157711 -0.561221 0.828098
v -0.154071 -0.559509 0.794103
v -0.143291 -0.554439 0.761414
v -0.125785 -0.546205 0.731288
v -0.102225 -0.535124 0.704882
v -0.073518 -0.521621 0.683211
v -0.040766 -0.506217 0.667108
v -0.005228 -0.489501 0.657192
v -0.007505 -0.480980 0.999004
v -0.045231 -0.489501 0.989088
v -0.080001 -0.497355 0.972985
v -0.110476 -0.504238 0.951314
v -0.135487 -0.509887 0.924908
v -0.154071 -0.514085 0.894782
v -0.165515 -0.516670 0.862093
v -0.169380 -0.517542 0.828098
v -0.165515 -0.516670 0.794103
v -0.154071 -0.514085 0.761414
v -0.135487 -0.509887 0.731288
v -0.110476 -0.504238 0.704882
v -0.080001 -0.497355 0.683211
v -0.045231 -0.489501 0.667108
v -0.007505 -0.480980 0.657192
v -0.008273 -0.472118 0.999004
v -0.046739 -0.472118 0.989088
v -0.082190 -0.472118 0.972985
v -0.113262 -0.472118 0.951314
v -0.138763 -0.472118 0.924908
v -0.157711 -0.472118 0.894782
v -0.169380 -0.472118 0.862093
v -0.173320 -0.472118 0.828098
v -0.169380 -0.472118 0.794103
v -0.157711 -0.472118 0.761414
v -0.138763 -0.472118 0.731288
v -0.113262 -0.472118 0.704882
v -0.082190 -0.472118 0.683211
v -0.046739 -0.472118 0.667108
v -0.008273 -0.472118 0.657192
v -0.007505 -0.463257 0.999004
v -0.045231 -0.454735 0.989088
v -0.080001 -0.446882 0.972985
v -0.110476 -0.439999 0.951314
v -0.135487 -0.434349 0.924908
v -0.154071 -0.430152 0.894782
v -0.165515 -0.427567 0.862093
v -0.169380 -0.426694 0.828098
v -0.165515 -0.427567 0.794103
v -0.154071 -0.430152 0.761414
v -0.135487 -0.434349 0.731288
v -0.110476 -0.439999 0.704882
v -0.080001 -0.446882 0.683211
v -0.045231 -0.454735 0.667108
v -0.007505 -0.463257 0.657192
v -0.005228 -0.454735 0.999004
v -0.040766 -0.438020 0.989088
v -0.073518 -0.422615 0.972985
v -0.102225 -0.409113 0.951314
v -0.125785 -0.398032 0.924908
v -0.143291 -0.389798 0.894782
v -0.154071 -0.384728 0.862093
v -0.157711 -0.383016 0.828098
v -0.154071 -0.384728 0.794103
v -0.143291 -0.389798 0.761414
v -0.125785 -0.398032 0.731288
v -0.102225 -0.409113 0.704882
v -0.073518 -0.422615 0.683211
v -0.040766 -0.438020 0.667108
v -0.005228 -0.454735 0.657192
v -0.001532 -0.446882 0.999004
v -0.033515 -0.422615 0.989088
v -0.062991 -0.400251 0.972985
v -0.088827 -0.380649 0.951314
v -0.110029 -0.364562 0.924908
v -0.125785 -0.352608 0.894782
v -0.135487 -0.345247 0.862093
v -0.138763 -0.342761 0.828098
v -0.135487 -0.345247 0.794103
v -0.125785 -0.352608 0.761414
v -0.110029 -0.364562 0.731288
v -0.088827 -0.380649 0.704882
v -0.062991 -0.400251 0.683211
v -0.033515 -0.422615 0.667108
v -0.001532 -0.446882 0.657192
v 0.003444 -0.439999 0.999004
v -0.023756 -0.409113 0.989088
v -0.048823 -0.380649 0.972985
v -0.070795 -0.355700 0.951314
v -0.088826 -0.335225 0.924908
v -0.102225 -0.320010 0.894782
v -0.110476 -0.310641 0.862093
v -0.113262 -0.307478 0.828098
v -0.110476 -0.310641 0.794103
v -0.102225 -0.320010 0.761414
v -0.088826 -0.335225 0.731288
v -0.070795 -0.355700 0.704882
v -0.048823 -0.380649 0.683211
v -0.023756 -0.409113 0.667108
v 0.003444 -0.439999 0.657192
v 0.009505 -0.434350 0.999004
v -0.011865 -0.398032 0.989088
v -0.031560 -0.364562 0.972985
v -0.048823 -0.335225 0.951314
v -0.062991 -0.311149 0.924908
v -0.073518 -0.293258 0.894782
v -0.080001 -0.282241 0.862093
v -0.082189 -0.278522 0.828098
v -0.080001 -0.282241 0.794103
v -0.073518 -0.293258 0.761414
v -0.062991 -0.311149 0.731288
v -0.048823 -0.335225 0.704882
v -0.031560 -0.364562 0.683211
v -0.011865 -0.398032 0.667108
v 0.009505 -0.434350 0.657192
v 0.016421 -0.430152 0.999004
v 0.001701 -0.389798 0.989088
v -0.011865 -0.352608 0.972985
v -0.023756 -0.320010 0.951314
v -0.033515 -0.293258 0.924908
v -0.040766 -0.273380 0.894782
v -0.045231 -0.261139 0.862093
v -0.046739 -0.257005 0.828098
v -0.045231 -0.261139 0.794103
v -0.040766 -0.273380 0.761414
v -0.033515 -0.293258 0.731288
v -0.023756 -0.320010 0.704882
v -0.011865 -0.352608 0.683211
v 0.001701 -0.389798 0.667108
v 0.016421 -0.430152 0.657192
v 0.023926 -0.427567 0.999004
v 0.016421 -0.384728 0.989088
v 0.009505 -0.345247 0.972985
v 0.003444 -0.310641 0.951314
v -0.001531 -0.282242 0.924908
v -0.005228 -0.261139 0.894782
v -0.007505 -0.248143 0.862093
v -0.008273 -0.243756 0.828098
v -0.007505 -0.248143 0.794103
v -0.005228 -0.261139 0.761414
v -0.001531 -0.282242 0.731288
v 0.003444 -0.310641 0.704882
v 0.009505 -0.345247 0.683211
v 0.016421 -0.384728 0.667108
v 0.023926 -0.427567 0.657192
v 0.031730 -0.426694 0.999004
v 0.031730 -0.383016 0.989088
v 0.031730 -0.307478 0.951314
v 0.031730 -0.257005 0.894782
v 0.031730 -0.257005 0.761414
v 0.031730 -0.307478 0.704882
v 0.031730 -0.342761 0.683211
v 0.031730 -0.383016 0.667108
v 0.031730 -0.426694 0.657192
v -0.212149 -0.481168 0.877137
v -0.205443 -0.473776 0.895746
v -0.196385 -0.468601 0.914505
v -0.185325 -0.465840 0.932691
v -0.172687 -0.465600 0.949606
v -0.158956 -0.467890 0.964601
v -0.144662 -0.472622 0.977099
v -0.130352 -0.479615 0.986619
v -0.116577 -0.488600 0.992797
v -0.103866 -0.499230 0.995393
v -0.103854 -0.496364 0.994771
v -0.116554 -0.482977 0.991576
v -0.130318 -0.471453 0.984848
v -0.144619 -0.462234 0.974844
v -0.158906 -0.455674 0.961950
v -0.172631 -0.452026 0.946660
v -0.185266 -0.451430 0.929563
v -0.196325 -0.453909 0.911316
v -0.205384 -0.459367 0.892619
v -0.212094 -0.467595 0.874191
v -0.216197 -0.478276 0.856741
v -0.217537 -0.491000 0.840939
v -0.216060 -0.505279 0.827392
v -0.211825 -0.520563 0.816620
v -0.204994 -0.536264 0.809039
v -0.204592 -0.533979 0.808329
v -0.211036 -0.516081 0.815228
v -0.214915 -0.498772 0.825370
v -0.216079 -0.482719 0.838366
v -0.214484 -0.468538 0.853716
v -0.210190 -0.456774 0.870830
v -0.203362 -0.447880 0.889050
v -0.194264 -0.442197 0.907677
v -0.183245 -0.439943 0.925995
v -0.170727 -0.441206 0.943299
v -0.157193 -0.445936 0.958925
v -0.143162 -0.453952 0.972271
v -0.129173 -0.464946 0.982826
v -0.115765 -0.478495 0.990184
v -0.103452 -0.494079 0.994061
v -0.102675 -0.492463 0.993291
v -0.114241 -0.475326 0.988673
v -0.126961 -0.460344 0.980633
v -0.140346 -0.448095 0.969480
v -0.153882 -0.439049 0.955642
v -0.167048 -0.433553 0.939652
v -0.179339 -0.431819 0.922123
v -0.190282 -0.433914 0.903730
v -0.199457 -0.439756 0.885179
v -0.206511 -0.449122 0.867183
v -0.211173 -0.461651 0.850433
v -0.213264 -0.476862 0.835574
v -0.212703 -0.494170 0.823177
v -0.209513 -0.512911 0.813717
v -0.203815 -0.532364 0.807559
v -0.209508 -0.491651 0.820896
v -0.206392 -0.457880 0.847020
v -0.193817 -0.435308 0.881152
v -0.173699 -0.427372 0.918096
v -0.161736 -0.429364 0.935859
v -0.149101 -0.435278 0.952229
v -0.112041 -0.473590 0.987102
v -0.101553 -0.491579 0.992490
v -0.216247 -0.490492 0.859392
v -0.217579 -0.501389 0.843194
v -0.216094 -0.513441 0.829163
v -0.211848 -0.526185 0.817841
v -0.205005 -0.539131 0.809661
v -0.195829 -0.551781 0.804939
v -0.210354 -0.496973 0.879555
v -0.203537 -0.490554 0.898313
v -0.194442 -0.485707 0.917122
v -0.183419 -0.482618 0.935258
v -0.170892 -0.481404 0.952024
v -0.157341 -0.482114 0.966777
v -0.143288 -0.484719 0.978950
v -0.129272 -0.489119 0.988073
v -0.115833 -0.495146 0.993798
v -0.103487 -0.502568 0.995904
v -0.214632 -0.504715 0.861568
v -0.216205 -0.513485 0.845044
v -0.215014 -0.522945 0.830617
v -0.211105 -0.532731 0.818842
v -0.204626 -0.542468 0.810172
v -0.206778 -0.514401 0.881352
v -0.199741 -0.509056 0.900221
v -0.190572 -0.504571 0.919066
v -0.179623 -0.501119 0.937165
v -0.167316 -0.498832 0.953821
v -0.154123 -0.497799 0.968394
v -0.140551 -0.498058 0.980325
v -0.127122 -0.499599 0.989154
v -0.114352 -0.502365 0.994542
v -0.102732 -0.506248 0.996283
v -0.211414 -0.520400 0.863185
v -0.213468 -0.526824 0.846419
v -0.212864 -0.533425 0.831698
v -0.209623 -0.539950 0.819586
v -0.203871 -0.546148 0.810551
v -0.201558 -0.532783 0.882458
v -0.194199 -0.528570 0.901395
v -0.184921 -0.524468 0.920264
v -0.174081 -0.520634 0.938340
v -0.162095 -0.517214 0.954927
v -0.149425 -0.514342 0.969390
v -0.136555 -0.512127 0.981171
v -0.123983 -0.510653 0.989819
v -0.112190 -0.509979 0.995001
v -0.101629 -0.510129 0.996517
v -0.206715 -0.536944 0.864181
v -0.209473 -0.540893 0.847266
v -0.209725 -0.544479 0.832363
v -0.207461 -0.547564 0.820045
v -0.202769 -0.550030 0.810785
v -0.194895 -0.551412 0.882832
v -0.187125 -0.548347 0.901792
v -0.177709 -0.544632 0.920668
v -0.167007 -0.540411 0.938736
v -0.155432 -0.535844 0.955301
v -0.143428 -0.531108 0.969726
v -0.131455 -0.526385 0.981457
v -0.119976 -0.521856 0.990044
v -0.109430 -0.517696 0.995155
v -0.100222 -0.514063 0.996596
v -0.200718 -0.553710 0.864517
v -0.204373 -0.555152 0.847552
v -0.205718 -0.555682 0.832588
v -0.204701 -0.555281 0.820199
v -0.201362 -0.553964 0.810863
v -0.187044 -0.569574 0.882458
v -0.178791 -0.567627 0.901395
v -0.169211 -0.564290 0.920264
v -0.158673 -0.559691 0.938340
v -0.147581 -0.554005 0.954927
v -0.136362 -0.547453 0.969390
v -0.125447 -0.540285 0.981171
v -0.115255 -0.532777 0.989819
v -0.106178 -0.525218 0.995001
v -0.098564 -0.517898 0.996517
v -0.193653 -0.570055 0.864181
v -0.198364 -0.569052 0.847266
v -0.200997 -0.566603 0.832363
v -0.201449 -0.562804 0.820045
v -0.199704 -0.557799 0.810785
v -0.178307 -0.586569 0.881352
v -0.169516 -0.585669 0.900221
v -0.159755 -0.582685 0.919066
v -0.149398 -0.577732 0.937165
v -0.138845 -0.571000 0.953821
v -0.128499 -0.562748 0.968394
v -0.118760 -0.553293 0.980325
v -0.110001 -0.542997 0.989154
v -0.102559 -0.532258 0.994542
v -0.096720 -0.521487 0.996283
v -0.185790 -0.585350 0.863185
v -0.191678 -0.582059 0.846419
v -0.195743 -0.576823 0.831698
v -0.197830 -0.569843 0.819586
v -0.197859 -0.561387 0.810551
v -0.169021 -0.601744 0.879555
v -0.159658 -0.601779 0.898313
v -0.149704 -0.599111 0.917122
v -0.139540 -0.593842 0.935258
v -0.129558 -0.586176 0.952024
v -0.120142 -0.576405 0.966777
v -0.111653 -0.564907 0.978950
v -0.104417 -0.552123 0.988073
v -0.098712 -0.538544 0.993798
v -0.094759 -0.524692 0.995904
v -0.177433 -0.599007 0.861568
v -0.184570 -0.593674 0.845044
v -0.190159 -0.585949 0.830617
v -0.193984 -0.576129 0.818842
v -0.195898 -0.564592 0.810172
v -0.159542 -0.614517 0.877137
v -0.149595 -0.615339 0.895746
v -0.139443 -0.612936 0.914505
v -0.129477 -0.607402 0.932691
v -0.120079 -0.598949 0.949606
v -0.111611 -0.587901 0.964601
v -0.104398 -0.574683 0.977099
v -0.098717 -0.559804 0.986619
v -0.094786 -0.543834 0.992797
v -0.092757 -0.527389 0.995393
v -0.168902 -0.610503 0.859392
v -0.177315 -0.603450 0.843194
v -0.184459 -0.593630 0.829163
v -0.190057 -0.581420 0.817841
v -0.193897 -0.567289 0.809661
v -0.150234 -0.624396 0.874191
v -0.139714 -0.625827 0.892619
v -0.129369 -0.623630 0.911316
v -0.119596 -0.617890 0.929563
v -0.110771 -0.608828 0.946660
v -0.103234 -0.596792 0.961950
v -0.097274 -0.582245 0.974844
v -0.093119 -0.565745 0.984848
v -0.090931 -0.547927 0.991576
v -0.090791 -0.529475 0.994771
v -0.160525 -0.619394 0.856741
v -0.170191 -0.611011 0.840939
v -0.178861 -0.599571 0.827392
v -0.186202 -0.585512 0.816620
v -0.191931 -0.569375 0.809039
v -0.141455 -0.631003 0.870830
v -0.130394 -0.632840 0.889050
v -0.119866 -0.630780 0.907677
v -0.110276 -0.624903 0.925995
v -0.101992 -0.615434 0.943299
v -0.095333 -0.602737 0.958925
v -0.090555 -0.587301 0.972271
v -0.087840 -0.569717 0.982826
v -0.087294 -0.550663 0.990184
v -0.088938 -0.530870 0.994061
v -0.152624 -0.625339 0.853716
v -0.163472 -0.616067 0.838366
v -0.173582 -0.603543 0.825370
v -0.182566 -0.588248 0.815228
v -0.190077 -0.570770 0.808329
v -0.133543 -0.634082 0.867183
v -0.121994 -0.636109 0.885179
v -0.111302 -0.634113 0.903730
v -0.101876 -0.628172 0.922123
v -0.094080 -0.618514 0.939652
v -0.088212 -0.605509 0.955642
v -0.084499 -0.589658 0.969480
v -0.083082 -0.571569 0.980633
v -0.084017 -0.551939 0.988673
v -0.087267 -0.531520 0.993291
v -0.145503 -0.628111 0.850433
v -0.157416 -0.618424 0.835574
v -0.168824 -0.605395 0.823177
v -0.179288 -0.589524 0.813717
v -0.188406 -0.571421 0.807559
v -0.126800 -0.633516 0.863390
v -0.114837 -0.635508 0.881152
v -0.104004 -0.633501 0.899624
v -0.094719 -0.627571 0.918096
v -0.087338 -0.617947 0.935859
v -0.082144 -0.604999 0.952229
v -0.079338 -0.589224 0.966577
v -0.079028 -0.571229 0.978352
v -0.081224 -0.551704 0.987102
v -0.085843 -0.531401 0.992490
v -0.139435 -0.627601 0.847020
v -0.152256 -0.617991 0.832671
v -0.164770 -0.605055 0.820896
v -0.176495 -0.589289 0.812146
v -0.186983 -0.571301 0.806758
v -0.121488 -0.629326 0.859597
v -0.109197 -0.631060 0.877125
v -0.098254 -0.628966 0.895519
v -0.089079 -0.623123 0.914070
v -0.082025 -0.613758 0.932066
v -0.077363 -0.601229 0.948815
v -0.075272 -0.586018 0.963674
v -0.075833 -0.568709 0.976071
v -0.079023 -0.549969 0.985531
v -0.084721 -0.530516 0.991689
v -0.134654 -0.623831 0.843606
v -0.148190 -0.614784 0.829768
v -0.161575 -0.602535 0.818615
v -0.174295 -0.587554 0.810575
v -0.185861 -0.570416 0.805957
v -0.117809 -0.621674 0.855949
v -0.105291 -0.622937 0.873253
v -0.094272 -0.620683 0.891571
v -0.085174 -0.615000 0.910198
v -0.078346 -0.606106 0.928418
v -0.074052 -0.594342 0.945533
v -0.072457 -0.580161 0.960882
v -0.073621 -0.564108 0.973878
v -0.077500 -0.546799 0.984020
v -0.083944 -0.528900 0.990919
v -0.131343 -0.616944 0.840324
v -0.145374 -0.608928 0.826977
v -0.159363 -0.597934 0.816422
v -0.172771 -0.584384 0.809064
v -0.185084 -0.568801 0.805187
v -0.115905 -0.610853 0.852588
v -0.103270 -0.611449 0.869685
v -0.092211 -0.608971 0.887933
v -0.083152 -0.603513 0.906629
v -0.076442 -0.595285 0.925057
v -0.072339 -0.584604 0.942507
v -0.070999 -0.571879 0.958310
v -0.072476 -0.557601 0.971857
v -0.076711 -0.542317 0.982628
v -0.083542 -0.526615 0.990209
v -0.129630 -0.607205 0.837299
v -0.143917 -0.600646 0.824404
v -0.158218 -0.591427 0.814401
v -0.171982 -0.579902 0.807672
v -0.184682 -0.566516 0.804477
v -0.115849 -0.597280 0.849642
v -0.103211 -0.597040 0.866557
v -0.092151 -0.594279 0.884744
v -0.083093 -0.589103 0.903502
v -0.076387 -0.581711 0.922111
v -0.072289 -0.572388 0.939856
v -0.070957 -0.561490 0.956055
v -0.072442 -0.549438 0.970085
v -0.076688 -0.536695 0.981408
v -0.083531 -0.523749 0.989587
v -0.092707 -0.511099 0.994310
v -0.129580 -0.594990 0.834647
v -0.143874 -0.590257 0.822149
v -0.158184 -0.583264 0.812629
v -0.171959 -0.574280 0.806452
v -0.184670 -0.563649 0.803855
v -0.117644 -0.581475 0.847224
v -0.105117 -0.580262 0.863990
v -0.094094 -0.577172 0.882127
v -0.084999 -0.572325 0.900935
v -0.078182 -0.565907 0.919693
v -0.073904 -0.558164 0.937680
v -0.072331 -0.549394 0.954204
v -0.073522 -0.539935 0.968631
v -0.077431 -0.530148 0.980406
v -0.083910 -0.520411 0.989077
v -0.131195 -0.580766 0.832471
v -0.145248 -0.578161 0.820299
v -0.159264 -0.573760 0.811175
v -0.172703 -0.567734 0.805450
v -0.185049 -0.560312 0.803344
v -0.121220 -0.564047 0.845427
v -0.108913 -0.561760 0.862083
v -0.097964 -0.558308 0.880182
v -0.088795 -0.553824 0.899028
v -0.081758 -0.548479 0.917896
v -0.077123 -0.542479 0.936063
v -0.075068 -0.536055 0.952829
v -0.075672 -0.529454 0.967551
v -0.078913 -0.522929 0.979662
v -0.084665 -0.516731 0.988697
v -0.134413 -0.565081 0.830854
v -0.147985 -0.564822 0.818924
v -0.161414 -0.563280 0.810094
v -0.174184 -0.560515 0.804706
v -0.185804 -0.556632 0.802965
v -0.126441 -0.545665 0.844321
v -0.114455 -0.542246 0.860909
v -0.103615 -0.538412 0.878984
v -0.094337 -0.534309 0.897853
v -0.086978 -0.530097 0.916790
v -0.081821 -0.525936 0.935067
v -0.079063 -0.521986 0.951982
v -0.078811 -0.518400 0.966885
v -0.081075 -0.515315 0.979204
v -0.085767 -0.512850 0.988464
v -0.139111 -0.548538 0.829858
v -0.151981 -0.550753 0.818077
v -0.164553 -0.552226 0.809429
v -0.176346 -0.552900 0.804248
v -0.186907 -0.552750 0.802731
v -0.133104 -0.527036 0.843947
v -0.121529 -0.522469 0.860512
v -0.110827 -0.518247 0.878580
v -0.101411 -0.514532 0.897456
v -0.093641 -0.511467 0.916416
v -0.087818 -0.509170 0.934731
v -0.084163 -0.507728 0.951696
v -0.082818 -0.507197 0.966661
v -0.083835 -0.507599 0.979049
v -0.087174 -0.508916 0.988385
v -0.145108 -0.531771 0.829522
v -0.157081 -0.536494 0.817791
v -0.168560 -0.541023 0.809205
v -0.179106 -0.545184 0.804093
v -0.188314 -0.548816 0.802653
v -0.140955 -0.508874 0.844321
v -0.129863 -0.503189 0.860909
v -0.119325 -0.498590 0.878984
v -0.109745 -0.495252 0.897853
v -0.101492 -0.493306 0.916790
v -0.094883 -0.492825 0.935067
v -0.090172 -0.493828 0.951982
v -0.087539 -0.496276 0.966885
v -0.087087 -0.500076 0.979204
v -0.088832 -0.505081 0.988464
v -0.152174 -0.515427 0.829858
v -0.163089 -0.522594 0.818077
v -0.173281 -0.530102 0.809429
v -0.182358 -0.537661 0.804248
v -0.189972 -0.544981 0.802731
v -0.149691 -0.491879 0.845427
v -0.139138 -0.485147 0.862083
v -0.128781 -0.480194 0.880182
v -0.119020 -0.477211 0.899028
v -0.110229 -0.476311 0.917896
v -0.102746 -0.477530 0.936063
v -0.096858 -0.480820 0.952829
v -0.092793 -0.486056 0.967551
v -0.090706 -0.493036 0.979662
v -0.090677 -0.501492 0.988697
v -0.160037 -0.500132 0.830854
v -0.169776 -0.509587 0.818924
v -0.178535 -0.519882 0.810094
v -0.185977 -0.530622 0.804706
v -0.191816 -0.541393 0.802965
v -0.158978 -0.476704 0.847224
v -0.148996 -0.469037 0.863990
v -0.138832 -0.463769 0.882127
v -0.128878 -0.461101 0.900935
v -0.119515 -0.461136 0.919693
v -0.111103 -0.463872 0.937680
v -0.103966 -0.469206 0.954204
v -0.098377 -0.476931 0.968631
v -0.094552 -0.486750 0.980406
v -0.092638 -0.498288 0.989077
v -0.168394 -0.486474 0.832471
v -0.176883 -0.497972 0.820299
v -0.184119 -0.510757 0.811175
v -0.189824 -0.524336 0.805450
v -0.193777 -0.538188 0.803344
v -0.168457 -0.463931 0.849642
v -0.159059 -0.455478 0.866557
v -0.149093 -0.449943 0.884744
v -0.138941 -0.447541 0.903502
v -0.128994 -0.448363 0.922111
v -0.119634 -0.452377 0.939856
v -0.111221 -0.459430 0.956055
v -0.104077 -0.469250 0.970085
v -0.098479 -0.481460 0.981408
v -0.094639 -0.495590 0.989587
v -0.176925 -0.474979 0.834647
v -0.184138 -0.488196 0.822149
v -0.189819 -0.503076 0.812629
v -0.193750 -0.519045 0.806452
v -0.195779 -0.535491 0.803855
v -0.177765 -0.454052 0.852588
v -0.168940 -0.444990 0.869685
v -0.159167 -0.439250 0.887933
v -0.148822 -0.437053 0.906629
v -0.138302 -0.438483 0.925057
v -0.128011 -0.443486 0.942507
v -0.118345 -0.451868 0.958310
v -0.109675 -0.463309 0.971857
v -0.102334 -0.477368 0.982628
v -0.096605 -0.493504 0.990209
v -0.185302 -0.466088 0.837299
v -0.191262 -0.480635 0.824404
v -0.195417 -0.497135 0.814401
v -0.197606 -0.514953 0.807672
v -0.197745 -0.533405 0.804477
v -0.186544 -0.447445 0.855949
v -0.178260 -0.437976 0.873253
v -0.168670 -0.432099 0.891571
v -0.158142 -0.430040 0.910198
v -0.147081 -0.431877 0.928418
v -0.135912 -0.437540 0.945533
v -0.125064 -0.446812 0.960882
v -0.114954 -0.459336 0.973878
v -0.105970 -0.474631 0.984020
v -0.098459 -0.492109 0.990919
v -0.193203 -0.460142 0.840324
v -0.197981 -0.475579 0.826977
v -0.200696 -0.493162 0.816422
v -0.201242 -0.512217 0.809064
v -0.199598 -0.532010 0.805187
v -0.194456 -0.444366 0.859597
v -0.186660 -0.434708 0.877125
v -0.177234 -0.428766 0.895519
v -0.166542 -0.426771 0.914070
v -0.154993 -0.428798 0.932066
v -0.143033 -0.434769 0.948815
v -0.131120 -0.444455 0.963674
v -0.119712 -0.457485 0.976071
v -0.109248 -0.473356 0.985531
v -0.100130 -0.491459 0.991689
v -0.200324 -0.457371 0.843606
v -0.204037 -0.473222 0.829768
v -0.205454 -0.491311 0.818615
v -0.204519 -0.510941 0.810575
v -0.201269 -0.531359 0.805957
v -0.201198 -0.444932 0.863390
v -0.184532 -0.429379 0.899624
v -0.136280 -0.444889 0.966577
v -0.123766 -0.457825 0.978352
v -0.209198 -0.473655 0.832671
v -0.207312 -0.511176 0.812146
v -0.202693 -0.531479 0.806758
v 0.257755 -0.481168 0.877137
v 0.251048 -0.473776 0.895746
v 0.241990 -0.468600 0.914504
v 0.230930 -0.465839 0.932691
v 0.218292 -0.465599 0.949606
v 0.204562 -0.467890 0.964601
v 0.190267 -0.472622 0.977099
v 0.175957 -0.479615 0.986619
v 0.162182 -0.488599 0.992796
v 0.149471 -0.499230 0.995393
v 0.149459 -0.496364 0.994771
v 0.162159 -0.482977 0.991576
v 0.175924 -0.471453 0.984847
v 0.190224 -0.462234 0.974844
v 0.204512 -0.455674 0.961949
v 0.218236 -0.452026 0.946660
v 0.230871 -0.451430 0.929563
v 0.241930 -0.453909 0.911315
v 0.250989 -0.459367 0.892618
v 0.257699 -0.467594 0.874191
v 0.261803 -0.478276 0.856740
v 0.263142 -0.491000 0.840938
v 0.261666 -0.505279 0.827391
v 0.257430 -0.520562 0.816620
v 0.250599 -0.536264 0.809039
v 0.250197 -0.533979 0.808329
v 0.256642 -0.516080 0.815228
v 0.260521 -0.498772 0.825370
v 0.261685 -0.482718 0.838366
v 0.260089 -0.468537 0.853715
v 0.255795 -0.456774 0.870829
v 0.248968 -0.447879 0.889050
v 0.239869 -0.442196 0.907677
v 0.228850 -0.439943 0.925995
v 0.216332 -0.441205 0.943299
v 0.202798 -0.445936 0.958924
v 0.188767 -0.453952 0.972271
v 0.174779 -0.464946 0.982826
v 0.161370 -0.478495 0.990184
v 0.149057 -0.494079 0.994061
v 0.148280 -0.492463 0.993291
v 0.159846 -0.475325 0.988673
v 0.172566 -0.460344 0.980633
v 0.185951 -0.448095 0.969479
v 0.199487 -0.439049 0.955642
v 0.212654 -0.433553 0.939651
v 0.224944 -0.431819 0.922123
v 0.235888 -0.433914 0.903729
v 0.245062 -0.439756 0.885178
v 0.252116 -0.449122 0.867182
v 0.256778 -0.461651 0.850433
v 0.258869 -0.476862 0.835574
v 0.258308 -0.494170 0.823177
v 0.255118 -0.512911 0.813717
v 0.249420 -0.532363 0.807559
v 0.255114 -0.491651 0.820896
v 0.251997 -0.457880 0.847019
v 0.239422 -0.435308 0.881152
v 0.219305 -0.427372 0.918096
v 0.207341 -0.429363 0.935858
v 0.194706 -0.435278 0.952228
v 0.157646 -0.473590 0.987102
v 0.147159 -0.491578 0.992490
v 0.261853 -0.490492 0.859392
v 0.263184 -0.501389 0.843193
v 0.261699 -0.513441 0.829163
v 0.257453 -0.526185 0.817840
v 0.250611 -0.539130 0.809661
v 0.241434 -0.551781 0.804938
v 0.255960 -0.496972 0.879555
v 0.249143 -0.490554 0.898313
v 0.240048 -0.485707 0.917121
v 0.229025 -0.482617 0.935257
v 0.216497 -0.481404 0.952024
v 0.202946 -0.482113 0.966777
v 0.188893 -0.484718 0.978949
v 0.174878 -0.489119 0.988073
v 0.161439 -0.495146 0.993798
v 0.149092 -0.502567 0.995903
v 0.260237 -0.504715 0.861568
v 0.261811 -0.513485 0.845044
v 0.260620 -0.522945 0.830617
v 0.256710 -0.532731 0.818842
v 0.250232 -0.542468 0.810171
v 0.252384 -0.514400 0.881352
v 0.245346 -0.509056 0.900220
v 0.236177 -0.504571 0.919066
v 0.225228 -0.501119 0.937165
v 0.212921 -0.498832 0.953821
v 0.199728 -0.497798 0.968394
v 0.186156 -0.498057 0.980324
v 0.172727 -0.499599 0.989153
v 0.159957 -0.502365 0.994542
v 0.148337 -0.506248 0.996283
v 0.257019 -0.520400 0.863185
v 0.259074 -0.526824 0.846419
v 0.258469 -0.533425 0.831697
v 0.255229 -0.539950 0.819586
v 0.249477 -0.546148 0.810551
v 0.247164 -0.532783 0.882458
v 0.239804 -0.528570 0.901395
v 0.230527 -0.524468 0.920264
v 0.219687 -0.520633 0.938339
v 0.207701 -0.517214 0.954927
v 0.195030 -0.514342 0.969390
v 0.182161 -0.512126 0.981171
v 0.169588 -0.510653 0.989819
v 0.157795 -0.509979 0.995000
v 0.147235 -0.510129 0.996517
v 0.252321 -0.536944 0.864181
v 0.255078 -0.540893 0.847266
v 0.255330 -0.544479 0.832363
v 0.253066 -0.547564 0.820044
v 0.248374 -0.550030 0.810784
v 0.240500 -0.551412 0.882832
v 0.232731 -0.548347 0.901791
v 0.223314 -0.544632 0.920668
v 0.212613 -0.540410 0.938736
v 0.201037 -0.535844 0.955301
v 0.189033 -0.531108 0.969726
v 0.177061 -0.526385 0.981457
v 0.165581 -0.521856 0.990043
v 0.155035 -0.517695 0.995155
v 0.145827 -0.514063 0.996595
v 0.246324 -0.553710 0.864517
v 0.249978 -0.555152 0.847552
v 0.251323 -0.555682 0.832587
v 0.250306 -0.555281 0.820199
v 0.246967 -0.553964 0.810863
v 0.232649 -0.569573 0.882458
v 0.224396 -0.567627 0.901395
v 0.214817 -0.564290 0.920264
v 0.204278 -0.559690 0.938339
v 0.193186 -0.554005 0.954927
v 0.181967 -0.547453 0.969390
v 0.171052 -0.540285 0.981171
v 0.160860 -0.532777 0.989819
v 0.151783 -0.525218 0.995000
v 0.144170 -0.517898 0.996517
v 0.239258 -0.570054 0.864181
v 0.243970 -0.569052 0.847266
v 0.246602 -0.566603 0.832363
v 0.247054 -0.562803 0.820044
v 0.245309 -0.557799 0.810784
v 0.223913 -0.586568 0.881352
v 0.215122 -0.585669 0.900220
v 0.205360 -0.582685 0.919066
v 0.195004 -0.577732 0.937165
v 0.184450 -0.571000 0.953821
v 0.174105 -0.562748 0.968394
v 0.164366 -0.553292 0.980324
v 0.155606 -0.542997 0.989153
v 0.148164 -0.532258 0.994542
v 0.142325 -0.521487 0.996283
v 0.231396 -0.585349 0.863185
v 0.237283 -0.582059 0.846419
v 0.241348 -0.576823 0.831697
v 0.243436 -0.569843 0.819586
v 0.243465 -0.561387 0.810551
v 0.214627 -0.601744 0.879555
v 0.205263 -0.601779 0.898313
v 0.195309 -0.599111 0.917121
v 0.185146 -0.593842 0.935257
v 0.175164 -0.586175 0.952024
v 0.165747 -0.576405 0.966777
v 0.157258 -0.564907 0.978949
v 0.150022 -0.552123 0.988073
v 0.144318 -0.538544 0.993798
v 0.140364 -0.524691 0.995903
v 0.223038 -0.599007 0.861568
v 0.230176 -0.593674 0.845044
v 0.235764 -0.585949 0.830617
v 0.239589 -0.576129 0.818842
v 0.241504 -0.564592 0.810171
v 0.205147 -0.614517 0.877137
v 0.195200 -0.615339 0.895746
v 0.185049 -0.612936 0.914504
v 0.175082 -0.607402 0.932691
v 0.165685 -0.598948 0.949606
v 0.157216 -0.587901 0.964601
v 0.150003 -0.574683 0.977099
v 0.144322 -0.559804 0.986619
v 0.140391 -0.543834 0.992796
v 0.138362 -0.527389 0.995393
v 0.214507 -0.610502 0.859392
v 0.222921 -0.603450 0.843193
v 0.230064 -0.593630 0.829163
v 0.235663 -0.581420 0.817840
v 0.239502 -0.567289 0.809661
v 0.195839 -0.624396 0.874191
v 0.185319 -0.625826 0.892618
v 0.174974 -0.623629 0.911315
v 0.165201 -0.617890 0.929563
v 0.156377 -0.608828 0.946660
v 0.148839 -0.596792 0.961949
v 0.142879 -0.582244 0.974844
v 0.138725 -0.565745 0.984847
v 0.136536 -0.547926 0.991576
v 0.136397 -0.529475 0.994771
v 0.206130 -0.619394 0.856740
v 0.215797 -0.611011 0.840938
v 0.224467 -0.599571 0.827391
v 0.231807 -0.585512 0.816620
v 0.237536 -0.569375 0.809039
v 0.187060 -0.631002 0.870829
v 0.175999 -0.632840 0.889050
v 0.165472 -0.630780 0.907677
v 0.155882 -0.624903 0.925995
v 0.147598 -0.615434 0.943299
v 0.140939 -0.602737 0.958924
v 0.136160 -0.587301 0.972271
v 0.133445 -0.569717 0.982826
v 0.132899 -0.550663 0.990184
v 0.134543 -0.530870 0.994061
v 0.198230 -0.625339 0.853715
v 0.209078 -0.616067 0.838366
v 0.219187 -0.603543 0.825370
v 0.228171 -0.588248 0.815228
v 0.235683 -0.570770 0.808329
v 0.179148 -0.634082 0.867182
v 0.167600 -0.636109 0.885178
v 0.156907 -0.634113 0.903729
v 0.147482 -0.628172 0.922123
v 0.139685 -0.618513 0.939651
v 0.133817 -0.605509 0.955642
v 0.130104 -0.589657 0.969480
v 0.128687 -0.571569 0.980633
v 0.129622 -0.551938 0.988673
v 0.132872 -0.531520 0.993291
v 0.191108 -0.628110 0.850433
v 0.203021 -0.618424 0.835574
v 0.214429 -0.605395 0.823177
v 0.224893 -0.589524 0.813717
v 0.234012 -0.571420 0.807559
v 0.172406 -0.633516 0.863389
v 0.160442 -0.635508 0.881152
v 0.149610 -0.633500 0.899624
v 0.140324 -0.627571 0.918096
v 0.132943 -0.617947 0.935858
v 0.127750 -0.604999 0.952228
v 0.124944 -0.589224 0.966577
v 0.124633 -0.571228 0.978352
v 0.126829 -0.551704 0.987102
v 0.131448 -0.531400 0.992490
v 0.185041 -0.627601 0.847019
v 0.197861 -0.617991 0.832671
v 0.210375 -0.605054 0.820896
v 0.222101 -0.589289 0.812146
v 0.232588 -0.571301 0.806758
v 0.167093 -0.629326 0.859596
v 0.154802 -0.631060 0.877125
v 0.143859 -0.628965 0.895518
v 0.134684 -0.623123 0.914069
v 0.127630 -0.613758 0.932065
v 0.122968 -0.601229 0.948815
v 0.120878 -0.586017 0.963673
v 0.121438 -0.568709 0.976071
v 0.124629 -0.549968 0.985531
v 0.130327 -0.530516 0.991689
v 0.180259 -0.623830 0.843606
v 0.193795 -0.614784 0.829768
v 0.207180 -0.602535 0.818615
v 0.219900 -0.587554 0.810575
v 0.231466 -0.570416 0.805957
v 0.163414 -0.621674 0.855949
v 0.150897 -0.622936 0.873253
v 0.139877 -0.620683 0.891571
v 0.130779 -0.615000 0.910197
v 0.123951 -0.606105 0.928418
v 0.119658 -0.594342 0.945532
v 0.118062 -0.580161 0.960882
v 0.119226 -0.564107 0.973878
v 0.123105 -0.546799 0.984020
v 0.129550 -0.528900 0.990919
v 0.176949 -0.616943 0.840323
v 0.190980 -0.608927 0.826977
v 0.204968 -0.597933 0.816422
v 0.218376 -0.584384 0.809064
v 0.230689 -0.568800 0.805187
v 0.161510 -0.610853 0.852588
v 0.148876 -0.611449 0.869685
v 0.137816 -0.608970 0.887932
v 0.128758 -0.603512 0.906629
v 0.122048 -0.595285 0.925057
v 0.117944 -0.584603 0.942507
v 0.116605 -0.571879 0.958309
v 0.118081 -0.557600 0.971856
v 0.122316 -0.542317 0.982628
v 0.129148 -0.526615 0.990209
v 0.175235 -0.607205 0.837298
v 0.189522 -0.600645 0.824404
v 0.203823 -0.591426 0.814400
v 0.217588 -0.579902 0.807672
v 0.230287 -0.566515 0.804477
v 0.161455 -0.597280 0.849641
v 0.148817 -0.597040 0.866557
v 0.137756 -0.594279 0.884743
v 0.128699 -0.589103 0.903501
v 0.121992 -0.581711 0.922111
v 0.117894 -0.572388 0.939856
v 0.116562 -0.561490 0.956054
v 0.118048 -0.549438 0.970085
v 0.122293 -0.536694 0.981407
v 0.129136 -0.523749 0.989587
v 0.138313 -0.511099 0.994309
v 0.175185 -0.594989 0.834647
v 0.189480 -0.590257 0.822149
v 0.203790 -0.583264 0.812629
v 0.217565 -0.574280 0.806451
v 0.230276 -0.563649 0.803855
v 0.163250 -0.581475 0.847224
v 0.150722 -0.580262 0.863990
v 0.139699 -0.577172 0.882126
v 0.130604 -0.572325 0.900935
v 0.123787 -0.565907 0.919693
v 0.119509 -0.558164 0.937679
v 0.117936 -0.549394 0.954204
v 0.119127 -0.539934 0.968631
v 0.123037 -0.530148 0.980406
v 0.129515 -0.520411 0.989076
v 0.176800 -0.580766 0.832471
v 0.190853 -0.578161 0.820298
v 0.204869 -0.573760 0.811175
v 0.218308 -0.567733 0.805450
v 0.230655 -0.560312 0.803344
v 0.166826 -0.564047 0.845427
v 0.154518 -0.561760 0.862083
v 0.143570 -0.558308 0.880181
v 0.134400 -0.553823 0.899027
v 0.127363 -0.548479 0.917896
v 0.122728 -0.542479 0.936063
v 0.120673 -0.536055 0.952829
v 0.121277 -0.529454 0.967550
v 0.124518 -0.522929 0.979662
v 0.130270 -0.516731 0.988697
v 0.180019 -0.565081 0.830854
v 0.193591 -0.564822 0.818923
v 0.207019 -0.563280 0.810094
v 0.219789 -0.560514 0.804706
v 0.231410 -0.556632 0.802965
v 0.172046 -0.545665 0.844320
v 0.160060 -0.542246 0.860908
v 0.149220 -0.538411 0.878984
v 0.139942 -0.534309 0.897853
v 0.132583 -0.530097 0.916790
v 0.127426 -0.525936 0.935067
v 0.124668 -0.521986 0.951982
v 0.124417 -0.518400 0.966885
v 0.126680 -0.515315 0.979203
v 0.131372 -0.512849 0.988463
v 0.184717 -0.548537 0.829858
v 0.197586 -0.550753 0.818076
v 0.210159 -0.552226 0.809429
v 0.221952 -0.552900 0.804247
v 0.232512 -0.552750 0.802731
v 0.178709 -0.527035 0.843947
v 0.167134 -0.522469 0.860512
v 0.156433 -0.518247 0.878580
v 0.147016 -0.514532 0.897456
v 0.139247 -0.511467 0.916416
v 0.133423 -0.509169 0.934731
v 0.129768 -0.507728 0.951696
v 0.128424 -0.507197 0.966660
v 0.129440 -0.507598 0.979048
v 0.132780 -0.508916 0.988384
v 0.190714 -0.531771 0.829522
v 0.202686 -0.536494 0.817791
v 0.214166 -0.541023 0.809204
v 0.224712 -0.545184 0.804093
v 0.233919 -0.548816 0.802652
v 0.186560 -0.508874 0.844320
v 0.175468 -0.503189 0.860908
v 0.164930 -0.498589 0.878984
v 0.155351 -0.495252 0.897853
v 0.147097 -0.493306 0.916790
v 0.140488 -0.492825 0.935067
v 0.135777 -0.493828 0.951982
v 0.133145 -0.496276 0.966885
v 0.132692 -0.500076 0.979203
v 0.134437 -0.505081 0.988463
v 0.197779 -0.515426 0.829858
v 0.208695 -0.522594 0.818076
v 0.218887 -0.530102 0.809429
v 0.227964 -0.537661 0.804247
v 0.235577 -0.544981 0.802731
v 0.195297 -0.491879 0.845427
v 0.184743 -0.485147 0.862083
v 0.174386 -0.480194 0.880181
v 0.164625 -0.477210 0.899027
v 0.155834 -0.476311 0.917896
v 0.148351 -0.477530 0.936063
v 0.142464 -0.480820 0.952829
v 0.138398 -0.486056 0.967550
v 0.136311 -0.493036 0.979661
v 0.136282 -0.501492 0.988697
v 0.205642 -0.500131 0.830854
v 0.215381 -0.509587 0.818923
v 0.224140 -0.519882 0.810094
v 0.231582 -0.530622 0.804706
v 0.237422 -0.541392 0.802965
v 0.204583 -0.476704 0.847224
v 0.194601 -0.469037 0.863990
v 0.184438 -0.463768 0.882126
v 0.174483 -0.461100 0.900935
v 0.165120 -0.461135 0.919693
v 0.156708 -0.463872 0.937679
v 0.149571 -0.469205 0.954204
v 0.143982 -0.476930 0.968631
v 0.140157 -0.486750 0.980406
v 0.138243 -0.498287 0.989076
v 0.213999 -0.486474 0.832471
v 0.222489 -0.497972 0.820298
v 0.229724 -0.510756 0.811175
v 0.235429 -0.524336 0.805450
v 0.239383 -0.538188 0.803344
v 0.214062 -0.463931 0.849641
v 0.204664 -0.455477 0.866557
v 0.194698 -0.449943 0.884743
v 0.184546 -0.447541 0.903501
v 0.174599 -0.448362 0.922111
v 0.165239 -0.452377 0.939856
v 0.156826 -0.459429 0.956054
v 0.149683 -0.469250 0.970085
v 0.144084 -0.481459 0.981407
v 0.140245 -0.495590 0.989587
v 0.222530 -0.474979 0.834647
v 0.229744 -0.488196 0.822149
v 0.235425 -0.503076 0.812629
v 0.239355 -0.519045 0.806451
v 0.241384 -0.535491 0.803855
v 0.223370 -0.454051 0.852588
v 0.214545 -0.444989 0.869685
v 0.204773 -0.439250 0.887932
v 0.194427 -0.437053 0.906629
v 0.183907 -0.438483 0.925057
v 0.173616 -0.443486 0.942507
v 0.163950 -0.451868 0.958309
v 0.155280 -0.463309 0.971856
v 0.147939 -0.477367 0.982628
v 0.142210 -0.493504 0.990209
v 0.230907 -0.466087 0.837298
v 0.236868 -0.480635 0.824404
v 0.241022 -0.497135 0.814400
v 0.243211 -0.514953 0.807672
v 0.243350 -0.533404 0.804477
v 0.232149 -0.447445 0.855949
v 0.223865 -0.437976 0.873253
v 0.214275 -0.432099 0.891571
v 0.203747 -0.430040 0.910197
v 0.192686 -0.431877 0.928418
v 0.181517 -0.437540 0.945532
v 0.170669 -0.446812 0.960882
v 0.160559 -0.459336 0.973878
v 0.151576 -0.474631 0.984020
v 0.144064 -0.492109 0.990919
v 0.238808 -0.460142 0.840323
v 0.243587 -0.475578 0.826977
v 0.246301 -0.493162 0.816422
v 0.246847 -0.512216 0.809064
v 0.245204 -0.532009 0.805187
v 0.240061 -0.444366 0.859596
v 0.232265 -0.434707 0.877125
v 0.222840 -0.428766 0.895518
v 0.212147 -0.426771 0.914069
v 0.200599 -0.428797 0.932065
v 0.188638 -0.434769 0.948815
v 0.176725 -0.444455 0.963673
v 0.165317 -0.457484 0.976071
v 0.154853 -0.473355 0.985531
v 0.145735 -0.491459 0.991689
v 0.245929 -0.457371 0.843606
v 0.249643 -0.473222 0.829768
v 0.251059 -0.491310 0.818615
v 0.250125 -0.510941 0.810575
v 0.246875 -0.531359 0.805957
v 0.246804 -0.444932 0.863389
v 0.230137 -0.429379 0.899624
v 0.181885 -0.444888 0.966576
v 0.169372 -0.457825 0.978352
v 0.254803 -0.473655 0.832671
v 0.252917 -0.511175 0.812146
v 0.248298 -0.531479 0.806758
v 0.423311 0.429356 1.012828
v 0.404750 0.452727 1.027414
v 0.381107 0.464717 1.038599
v 0.353291 0.464864 1.045954
v 0.322371 0.453162 1.049195
v 0.289535 0.430061 1.048198
v 0.256045 0.396449 1.043001
v 0.223187 0.353617 1.033805
v 0.192224 0.303211 1.020962
v 0.164348 0.247169 1.004966
v 0.166969 0.258658 1.004722
v 0.197367 0.325747 1.020483
v 0.230652 0.386333 1.033109
v 0.265546 0.438089 1.042116
v 0.300708 0.479025 1.047157
v 0.334786 0.507567 1.048038
v 0.366471 0.522621 1.044726
v 0.394545 0.523606 1.037347
v 0.417930 0.510484 1.026186
v 0.435726 0.483761 1.011672
v 0.447249 0.444463 0.994361
v 0.452058 0.394100 0.974920
v 0.449967 0.334608 0.954095
v 0.441056 0.268273 0.932687
v 0.425668 0.197644 0.911518
v 0.427375 0.206380 0.910536
v 0.444404 0.285410 0.930761
v 0.454827 0.359487 0.951298
v 0.458244 0.425766 0.971360
v 0.454523 0.481698 0.990175
v 0.443808 0.525134 1.007021
v 0.426509 0.554406 1.021249
v 0.403293 0.568387 1.032313
v 0.375051 0.566542 1.039788
v 0.342868 0.548941 1.043387
v 0.307982 0.516259 1.042971
v 0.271732 0.469755 1.038556
v 0.235512 0.411212 1.030312
v 0.200715 0.342884 1.018556
v 0.168676 0.267394 1.003740
v 0.169402 0.273043 1.002057
v 0.202139 0.353965 1.015256
v 0.237580 0.427299 1.025521
v 0.274364 0.490228 1.032458
v 0.311077 0.540335 1.035800
v 0.346307 0.575692 1.035420
v 0.378702 0.594941 1.031330
v 0.407015 0.597343 1.023689
v 0.430160 0.582804 1.012791
v 0.447246 0.551885 0.999053
v 0.457618 0.505773 0.983005
v 0.460876 0.446240 0.965262
v 0.456895 0.375574 0.946507
v 0.445828 0.296491 0.927460
v 0.428101 0.212029 0.908854
v 0.456091 0.382250 0.939906
v 0.456415 0.515763 0.973126
v 0.428741 0.594589 1.001138
v 0.377283 0.606725 1.019677
v 0.344970 0.586792 1.024443
v 0.309874 0.550325 1.025921
v 0.201585 0.358563 1.010709
v 0.169120 0.275387 0.999739
v 0.436076 0.395499 0.995402
v 0.442556 0.352460 0.975805
v 0.442501 0.301891 0.954791
v 0.435914 0.245737 0.933166
v 0.423047 0.186155 0.911763
v 0.404395 0.125435 0.891403
v 0.407040 0.364008 1.010446
v 0.387477 0.383355 1.024885
v 0.363496 0.393986 1.036020
v 0.336019 0.395492 1.043424
v 0.306101 0.387815 1.046812
v 0.274892 0.371250 1.046053
v 0.243592 0.346434 1.041178
v 0.213403 0.314320 1.032372
v 0.185485 0.276143 1.019975
v 0.160912 0.233370 1.004463
v 0.421433 0.336688 0.993258
v 0.430103 0.302445 0.973982
v 0.432717 0.262595 0.953358
v 0.429174 0.218670 0.932179
v 0.419611 0.172356 0.911260
v 0.387540 0.290231 1.004616
v 0.366776 0.305033 1.018696
v 0.342389 0.314130 1.029710
v 0.315317 0.317170 1.037235
v 0.286600 0.314037 1.040982
v 0.257342 0.304852 1.040806
v 0.228666 0.289967 1.036715
v 0.201676 0.269955 1.028866
v 0.177408 0.245584 1.017560
v 0.156794 0.217791 1.003232
v 0.403883 0.270290 0.988011
v 0.415178 0.245978 0.969519
v 0.420990 0.218230 0.949852
v 0.421097 0.188110 0.929764
v 0.415493 0.156777 0.910029
v 0.365558 0.210858 0.995562
v 0.343440 0.220772 1.009084
v 0.318596 0.228218 1.019910
v 0.291981 0.232908 1.027624
v 0.264618 0.234665 1.031928
v 0.237559 0.233418 1.032658
v 0.211842 0.229218 1.029786
v 0.188457 0.222224 1.023422
v 0.168302 0.212706 1.013810
v 0.152152 0.201030 1.001320
v 0.384100 0.198857 0.979863
v 0.398354 0.185229 0.962590
v 0.407772 0.170499 0.944408
v 0.411992 0.155233 0.926014
v 0.410851 0.140016 0.908117
v 0.341940 0.128941 0.983633
v 0.318367 0.133809 0.996420
v 0.293032 0.139551 1.006998
v 0.266909 0.145945 1.014960
v 0.241000 0.152747 1.019999
v 0.216303 0.159695 1.021922
v 0.193766 0.166521 1.020656
v 0.174255 0.172964 1.016248
v 0.158519 0.178775 1.008869
v 0.147165 0.183732 0.998801
v 0.362844 0.125133 0.969127
v 0.380278 0.122532 0.953460
v 0.393569 0.121239 0.937234
v 0.402209 0.121301 0.921073
v 0.405864 0.122718 0.905598
v 0.317593 0.047626 0.969286
v 0.292521 0.047486 0.981190
v 0.266680 0.051537 0.991470
v 0.241062 0.059622 0.999730
v 0.216654 0.071433 1.005653
v 0.194392 0.086514 1.009011
v 0.175132 0.104286 1.009676
v 0.159614 0.124066 1.007621
v 0.148435 0.145094 1.002926
v 0.142024 0.166562 0.995772
v 0.340933 0.051952 0.956215
v 0.361643 0.060297 0.942480
v 0.378929 0.072341 0.928607
v 0.392124 0.087620 0.915130
v 0.400723 0.105548 0.902568
v 0.293454 -0.029960 0.953074
v 0.266895 -0.034879 0.963980
v 0.240551 -0.032442 0.973922
v 0.215436 -0.022743 0.982519
v 0.192514 -0.006153 0.989441
v 0.172667 0.016688 0.994420
v 0.156656 0.044904 0.997267
v 0.145098 0.077410 0.997872
v 0.138436 0.112956 0.996211
v 0.136926 0.150178 0.992348
v 0.319208 -0.017874 0.941625
v 0.343168 0.000915 0.930071
v 0.364412 0.025685 0.918858
v 0.382125 0.055483 0.908415
v 0.395626 0.089164 0.899145
v 0.270449 -0.100836 0.935619
v 0.242473 -0.110121 0.945449
v 0.215651 -0.109158 0.955029
v 0.191014 -0.097985 0.963989
v 0.169510 -0.077030 0.971985
v 0.151963 -0.047099 0.978711
v 0.139049 -0.009343 0.983908
v 0.131264 0.034788 0.987375
v 0.128907 0.083598 0.988981
v 0.132069 0.135212 0.988662
v 0.298504 -0.081661 0.925916
v 0.325561 -0.053331 0.916712
v 0.350579 -0.016937 0.908361
v 0.372596 0.026125 0.901185
v 0.390768 0.074198 0.895459
v 0.249463 -0.162280 0.917592
v 0.220194 -0.175349 0.926312
v 0.192936 -0.175664 0.935516
v 0.168736 -0.163212 0.944851
v 0.148524 -0.138473 0.953959
v 0.133076 -0.102397 0.962488
v 0.122987 -0.056370 0.970111
v 0.118644 -0.002160 0.976535
v 0.120214 0.058148 0.981514
v 0.127637 0.122237 0.984856
v 0.279618 -0.136958 0.909692
v 0.309499 -0.100358 0.902915
v 0.337959 -0.053885 0.897521
v 0.363904 0.000674 0.893718
v 0.386336 0.061223 0.891652
v 0.231302 -0.211928 0.899686
v 0.200915 -0.228056 0.907303
v 0.173279 -0.229403 0.916135
v 0.149456 -0.215919 0.925842
v 0.130363 -0.188122 0.936052
v 0.116732 -0.147079 0.946372
v 0.109088 -0.094369 0.956406
v 0.107723 -0.032016 0.965767
v 0.112692 0.037583 0.974097
v 0.123802 0.111753 0.981075
v 0.263273 -0.181641 0.893577
v 0.295599 -0.138357 0.889210
v 0.327038 -0.083741 0.886753
v 0.356381 -0.019891 0.886301
v 0.382501 0.050739 0.887871
v 0.216665 -0.247874 0.882589
v 0.185376 -0.266216 0.889153
v 0.157435 -0.268311 0.897629
v 0.133917 -0.254079 0.907692
v 0.115725 -0.224068 0.918955
v 0.103558 -0.179430 0.930985
v 0.097884 -0.121881 0.943320
v 0.098921 -0.053632 0.955486
v 0.106629 0.022693 0.967015
v 0.120711 0.104162 0.977464
v 0.250100 -0.213991 0.878190
v 0.284396 -0.165869 0.876124
v 0.318236 -0.105357 0.876472
v 0.350318 -0.034781 0.879219
v 0.379411 0.043149 0.884261
v 0.206113 -0.268736 0.866957
v 0.174174 -0.288363 0.872558
v 0.146014 -0.290892 0.880709
v 0.122715 -0.276226 0.891098
v 0.105173 -0.244930 0.903324
v 0.094062 -0.198205 0.916917
v 0.089808 -0.137848 0.931356
v 0.092576 -0.066177 0.946086
v 0.102258 0.014052 0.960540
v 0.118483 0.099757 0.974164
v 0.240603 -0.232767 0.864122
v 0.276320 -0.181836 0.864160
v 0.311890 -0.117902 0.867072
v 0.345947 -0.043422 0.872744
v 0.377182 0.038743 0.880960
v 0.200052 -0.273713 0.853392
v 0.167740 -0.293646 0.858158
v 0.139454 -0.296278 0.866027
v 0.116281 -0.281509 0.876697
v 0.099112 -0.249906 0.889759
v 0.088607 -0.202684 0.904709
v 0.085170 -0.141656 0.920974
v 0.088931 -0.069170 0.937929
v 0.099748 0.011991 0.954921
v 0.117203 0.098706 0.971299
v 0.235149 -0.237245 0.851914
v 0.271681 -0.185645 0.853778
v 0.308246 -0.120895 0.858915
v 0.343437 -0.045483 0.867126
v 0.375903 0.037693 0.878096
v 0.198715 -0.262612 0.842415
v 0.166321 -0.281861 0.846505
v 0.138007 -0.284263 0.854146
v 0.114862 -0.269725 0.865044
v 0.097776 -0.238806 0.878782
v 0.087404 -0.192694 0.894830
v 0.084146 -0.133161 0.912573
v 0.088127 -0.062495 0.931328
v 0.099194 0.016589 0.950375
v 0.116921 0.101050 0.968981
v 0.233946 -0.227255 0.842035
v 0.270658 -0.177149 0.845377
v 0.307442 -0.114220 0.852314
v 0.342883 -0.040885 0.862579
v 0.375620 0.040037 0.875778
v 0.202154 -0.235861 0.834448
v 0.169971 -0.253463 0.838047
v 0.141729 -0.255308 0.845522
v 0.118513 -0.241326 0.856586
v 0.101215 -0.212055 0.870815
v 0.090499 -0.168618 0.887660
v 0.086778 -0.112687 0.906475
v 0.090195 -0.046408 0.926537
v 0.100618 0.027669 0.947075
v 0.117647 0.106699 0.967299
v 0.237040 -0.203180 0.834864
v 0.273290 -0.156675 0.839279
v 0.309510 -0.098133 0.847523
v 0.344308 -0.029805 0.859279
v 0.376346 0.045685 0.874095
v 0.210236 -0.194488 0.829797
v 0.178551 -0.209541 0.833109
v 0.150477 -0.210526 0.840488
v 0.127093 -0.197405 0.851649
v 0.109297 -0.170682 0.866163
v 0.097773 -0.131384 0.883474
v 0.092964 -0.081021 0.902915
v 0.095055 -0.021529 0.923740
v 0.103966 0.044807 0.945148
v 0.119354 0.115436 0.966317
v 0.244314 -0.165945 0.830678
v 0.279476 -0.125009 0.835719
v 0.314370 -0.073254 0.844726
v 0.347655 -0.012667 0.857352
v 0.378053 0.054422 0.873113
v 0.222651 -0.140082 0.828641
v 0.191731 -0.151784 0.831882
v 0.163915 -0.151637 0.839236
v 0.140272 -0.139648 0.850421
v 0.121711 -0.116276 0.865007
v 0.108946 -0.082420 0.882433
v 0.102466 -0.039380 0.902030
v 0.102521 0.011188 0.923044
v 0.109108 0.067342 0.944669
v 0.121975 0.126924 0.966072
v 0.140627 0.187644 0.986432
v 0.255487 -0.116981 0.829637
v 0.288978 -0.083369 0.834834
v 0.321836 -0.040537 0.844030
v 0.352798 0.009868 0.856873
v 0.380675 0.065910 0.872869
v 0.238921 -0.074735 0.831023
v 0.209003 -0.082412 0.834411
v 0.181526 -0.080906 0.841815
v 0.157545 -0.070276 0.852950
v 0.137982 -0.050929 0.867389
v 0.123589 -0.023609 0.884577
v 0.114919 0.010634 0.903853
v 0.112305 0.050484 0.924477
v 0.115848 0.094410 0.945656
v 0.125411 0.140723 0.966575
v 0.270130 -0.058171 0.831782
v 0.301431 -0.033354 0.836657
v 0.331620 -0.001241 0.845463
v 0.359537 0.036936 0.857860
v 0.384110 0.079709 0.873372
v 0.258422 -0.000958 0.836853
v 0.229705 -0.004091 0.840600
v 0.202633 -0.001050 0.848125
v 0.178247 0.008046 0.859139
v 0.157483 0.022849 0.873219
v 0.141139 0.042789 0.889824
v 0.129844 0.067101 0.908316
v 0.124032 0.094850 0.927983
v 0.123925 0.124969 0.948071
v 0.129529 0.156302 0.967806
v 0.287680 0.008228 0.837029
v 0.316356 0.023112 0.841120
v 0.343346 0.043125 0.848969
v 0.367615 0.067496 0.860275
v 0.388228 0.095289 0.874603
v 0.280404 0.078415 0.845907
v 0.253041 0.080171 0.850211
v 0.226426 0.084862 0.857925
v 0.201582 0.092307 0.868751
v 0.179464 0.102221 0.882273
v 0.160922 0.114223 0.897972
v 0.146668 0.127850 0.915245
v 0.137250 0.142580 0.933427
v 0.133030 0.157847 0.951821
v 0.134171 0.173063 0.969718
v 0.307463 0.079661 0.845177
v 0.333180 0.083861 0.848049
v 0.356565 0.090855 0.854413
v 0.376720 0.100373 0.864025
v 0.392870 0.112049 0.876515
v 0.304022 0.160332 0.857836
v 0.278114 0.167134 0.862875
v 0.251990 0.173529 0.870837
v 0.226655 0.179271 0.881415
v 0.203082 0.184139 0.894202
v 0.182178 0.187946 0.908708
v 0.164745 0.190547 0.924375
v 0.151453 0.191841 0.940601
v 0.142813 0.191778 0.956762
v 0.139158 0.190361 0.972237
v 0.328719 0.153385 0.855913
v 0.351256 0.146558 0.857179
v 0.370767 0.140116 0.861587
v 0.386503 0.134304 0.868966
v 0.397857 0.129347 0.879034
v 0.328368 0.241647 0.872182
v 0.303960 0.253457 0.878105
v 0.278343 0.261543 0.886365
v 0.252501 0.265593 0.896645
v 0.227429 0.265453 0.908549
v 0.204089 0.261127 0.921620
v 0.183379 0.252782 0.935355
v 0.166094 0.240739 0.949228
v 0.152898 0.225459 0.962705
v 0.144299 0.207532 0.975267
v 0.350630 0.226566 0.868824
v 0.369890 0.208794 0.868159
v 0.385408 0.189014 0.870214
v 0.396587 0.167986 0.874909
v 0.402998 0.146518 0.882063
v 0.352508 0.319233 0.888394
v 0.329586 0.335822 0.895316
v 0.304471 0.345521 0.903913
v 0.278128 0.347959 0.913855
v 0.251568 0.343039 0.924761
v 0.225814 0.330953 0.936210
v 0.201854 0.312164 0.947764
v 0.180610 0.287395 0.958977
v 0.162897 0.257597 0.969420
v 0.149396 0.223915 0.978690
v 0.372355 0.296392 0.883415
v 0.388366 0.268176 0.880568
v 0.399924 0.235670 0.879963
v 0.406586 0.200123 0.881624
v 0.408096 0.162901 0.885487
v 0.375513 0.390109 0.905850
v 0.354008 0.411064 0.913846
v 0.329371 0.422238 0.922806
v 0.302549 0.423201 0.932385
v 0.274573 0.413916 0.942216
v 0.246518 0.394740 0.951919
v 0.219461 0.366411 0.961123
v 0.194444 0.330016 0.969474
v 0.172426 0.286955 0.976650
v 0.154254 0.238882 0.982376
v 0.393059 0.360179 0.899124
v 0.405973 0.322422 0.893927
v 0.413758 0.278291 0.890460
v 0.416115 0.229481 0.888854
v 0.412953 0.177868 0.889173
v 0.396499 0.451552 0.923877
v 0.376286 0.476292 0.932984
v 0.352086 0.488743 0.942319
v 0.324828 0.488428 0.951523
v 0.295559 0.475359 0.960243
v 0.265405 0.450038 0.968143
v 0.235523 0.413438 0.974920
v 0.207063 0.366965 0.980314
v 0.181118 0.312406 0.984117
v 0.158686 0.251856 0.986183
v 0.411946 0.415476 0.915348
v 0.422035 0.369449 0.907724
v 0.426378 0.315240 0.901300
v 0.424808 0.254932 0.896321
v 0.417385 0.190842 0.892979
v 0.414659 0.501201 0.941783
v 0.395566 0.528999 0.951993
v 0.371743 0.542482 0.961700
v 0.344107 0.541135 0.970532
v 0.313720 0.525008 0.978149
v 0.281749 0.494720 0.984258
v 0.249423 0.451437 0.988625
v 0.217984 0.396821 0.991082
v 0.188641 0.332971 0.991534
v 0.162521 0.262340 0.989964
v 0.428290 0.460159 0.931463
v 0.435935 0.407448 0.921429
v 0.437299 0.345096 0.912068
v 0.432330 0.275497 0.903738
v 0.421220 0.201326 0.896760
v 0.429297 0.537147 0.958880
v 0.411105 0.567159 0.970143
v 0.387587 0.581390 0.980206
v 0.359646 0.579295 0.988682
v 0.328358 0.560954 0.995246
v 0.294922 0.527071 0.999646
v 0.260626 0.478949 1.001711
v 0.226787 0.418436 1.001363
v 0.194704 0.347860 0.998616
v 0.165612 0.269931 0.993574
v 0.441464 0.492509 0.946850
v 0.447138 0.434960 0.934515
v 0.446101 0.366711 0.922349
v 0.438393 0.290386 0.910820
v 0.424311 0.208917 0.900371
v 0.439849 0.558009 0.974512
v 0.422307 0.589306 0.986737
v 0.399008 0.603971 0.997126
v 0.370848 0.601442 1.005277
v 0.338910 0.581816 1.010878
v 0.304419 0.545846 1.013713
v 0.268702 0.494916 1.013675
v 0.233132 0.430982 1.010763
v 0.199075 0.356501 1.005091
v 0.167840 0.274336 0.996875
v 0.450960 0.511284 0.960918
v 0.455214 0.450927 0.946479
v 0.452446 0.379257 0.931749
v 0.442764 0.299027 0.917295
v 0.426539 0.213322 0.903672
v 0.445910 0.562986 0.988076
v 0.405568 0.609357 1.011808
v 0.273341 0.498724 1.024057
v 0.236776 0.433974 1.018920
v 0.459853 0.454736 0.956861
v 0.445274 0.301088 0.922914
v 0.427819 0.214373 0.906536
v -0.412749 0.429356 1.012828
v -0.394188 0.452727 1.027414
v -0.370546 0.464717 1.038599
v -0.342730 0.464864 1.045953
v -0.311810 0.453162 1.049194
v -0.278973 0.430061 1.048197
v -0.245483 0.396449 1.043001
v -0.212625 0.353617 1.033804
v -0.181663 0.303211 1.020962
v -0.153786 0.247169 1.004966
v -0.156407 0.258658 1.004722
v -0.186805 0.325747 1.020483
v -0.220091 0.386333 1.033109
v -0.254985 0.438089 1.042116
v -0.290146 0.479025 1.047156
v -0.324225 0.507568 1.048038
v -0.355909 0.522621 1.044725
v -0.383984 0.523605 1.037347
v -0.407368 0.510484 1.026186
v -0.425164 0.483761 1.011671
v -0.436688 0.444463 0.994361
v -0.441496 0.394100 0.974920
v -0.439405 0.334608 0.954095
v -0.430495 0.268273 0.932687
v -0.415107 0.197644 0.911518
v -0.416813 0.206381 0.910536
v -0.433842 0.285410 0.930760
v -0.444265 0.359488 0.951298
v -0.447682 0.425766 0.971360
v -0.443961 0.481698 0.990175
v -0.433246 0.525135 1.007020
v -0.415948 0.554406 1.021248
v -0.392732 0.568388 1.032313
v -0.364489 0.566542 1.039788
v -0.332307 0.548941 1.043386
v -0.297420 0.516259 1.042970
v -0.261171 0.469755 1.038556
v -0.224951 0.411213 1.030312
v -0.190153 0.342884 1.018556
v -0.158114 0.267394 1.003740
v -0.158840 0.273043 1.002057
v -0.191577 0.353965 1.015256
v -0.227019 0.427299 1.025521
v -0.263802 0.490229 1.032458
v -0.300515 0.540335 1.035800
v -0.335745 0.575692 1.035419
v -0.368140 0.594941 1.031330
v -0.396454 0.597343 1.023689
v -0.419598 0.582805 1.012791
v -0.436685 0.551885 0.999053
v -0.447056 0.505773 0.983005
v -0.450314 0.446240 0.965262
v -0.446333 0.375574 0.946507
v -0.435267 0.296491 0.927460
v -0.417539 0.212029 0.908854
v -0.445530 0.382250 0.939906
v -0.445853 0.515763 0.973126
v -0.418179 0.594589 1.001137
v -0.366721 0.606725 1.019677
v -0.334409 0.586792 1.024442
v -0.299312 0.550325 1.025921
v -0.191024 0.358563 1.010709
v -0.158558 0.275387 0.999739
v -0.425515 0.395499 0.995402
v -0.431995 0.352460 0.975805
v -0.431940 0.301891 0.954790
v -0.425352 0.245737 0.933166
v -0.412485 0.186155 0.911762
v -0.393833 0.125435 0.891403
v -0.396479 0.364008 1.010445
v -0.376916 0.383355 1.024885
v -0.352935 0.393986 1.036020
v -0.325457 0.395492 1.043424
v -0.295539 0.387815 1.046812
v -0.264330 0.371250 1.046053
v -0.233030 0.346434 1.041177
v -0.202841 0.314321 1.032372
v -0.174923 0.276143 1.019975
v -0.150350 0.233370 1.004463
v -0.410872 0.336688 0.993258
v -0.419542 0.302445 0.973981
v -0.422155 0.262595 0.953358
v -0.418613 0.218670 0.932179
v -0.409049 0.172356 0.911259
v -0.376978 0.290231 1.004615
v -0.356214 0.305034 1.018695
v -0.331827 0.314130 1.029710
v -0.304755 0.317170 1.037235
v -0.276039 0.314037 1.040982
v -0.246780 0.304852 1.040806
v -0.218105 0.289967 1.036715
v -0.191114 0.269955 1.028866
v -0.166846 0.245584 1.017560
v -0.146232 0.217791 1.003232
v -0.393321 0.270290 0.988011
v -0.404616 0.245979 0.969519
v -0.410429 0.218230 0.949852
v -0.410535 0.188110 0.929764
v -0.404932 0.156777 0.910028
v -0.354996 0.210858 0.995562
v -0.332878 0.220772 1.009084
v -0.308034 0.228218 1.019910
v -0.281420 0.232908 1.027623
v -0.254057 0.234665 1.031928
v -0.226997 0.233418 1.032658
v -0.201281 0.229218 1.029786
v -0.177896 0.222224 1.023422
v -0.157741 0.212707 1.013810
v -0.141591 0.201030 1.001320
v -0.373538 0.198857 0.979862
v -0.387792 0.185229 0.962590
v -0.397210 0.170499 0.944407
v -0.401430 0.155233 0.926014
v -0.400290 0.140016 0.908116
v -0.331378 0.128941 0.983633
v -0.307805 0.133809 0.996420
v -0.282471 0.139551 1.006998
v -0.256347 0.145945 1.014960
v -0.230439 0.152747 1.019999
v -0.205741 0.159695 1.021922
v -0.183204 0.166521 1.020656
v -0.163693 0.172964 1.016248
v -0.147958 0.178775 1.008868
v -0.136603 0.183732 0.998801
v -0.352283 0.125133 0.969126
v -0.369716 0.122532 0.953460
v -0.383008 0.121239 0.937234
v -0.391647 0.121301 0.921073
v -0.395302 0.122718 0.905597
v -0.307032 0.047627 0.969286
v -0.281959 0.047486 0.981190
v -0.256118 0.051537 0.991470
v -0.230501 0.059623 0.999729
v -0.206092 0.071433 1.005652
v -0.183830 0.086514 1.009011
v -0.164570 0.104286 1.009675
v -0.149052 0.124066 1.007621
v -0.137873 0.145094 1.002926
v -0.131462 0.166562 0.995771
v -0.330371 0.051952 0.956215
v -0.351082 0.060297 0.942479
v -0.368367 0.072341 0.928607
v -0.381563 0.087620 0.915130
v -0.390161 0.105548 0.902568
v -0.282892 -0.029960 0.953074
v -0.256333 -0.034879 0.963979
v -0.229990 -0.032442 0.973922
v -0.204874 -0.022742 0.982519
v -0.181953 -0.006153 0.989440
v -0.162105 0.016688 0.994420
v -0.146095 0.044904 0.997267
v -0.134536 0.077410 0.997872
v -0.127874 0.112957 0.996211
v -0.126365 0.150178 0.992348
v -0.308646 -0.017873 0.941625
v -0.332606 0.000915 0.930071
v -0.353851 0.025685 0.918858
v -0.371564 0.055483 0.908415
v -0.385064 0.089164 0.899145
v -0.259887 -0.100836 0.935619
v -0.231911 -0.110121 0.945449
v -0.205089 -0.109158 0.955029
v -0.180453 -0.097985 0.963989
v -0.158948 -0.077030 0.971985
v -0.141401 -0.047099 0.978711
v -0.128488 -0.009343 0.983908
v -0.120702 0.034788 0.987375
v -0.118345 0.083599 0.988981
v -0.121507 0.135212 0.988662
v -0.287943 -0.081661 0.925916
v -0.314999 -0.053331 0.916712
v -0.340017 -0.016937 0.908361
v -0.362035 0.026125 0.901185
v -0.380206 0.074198 0.895459
v -0.238901 -0.162280 0.917592
v -0.209633 -0.175349 0.926312
v -0.182374 -0.175664 0.935516
v -0.158174 -0.163212 0.944851
v -0.137962 -0.138473 0.953958
v -0.122515 -0.102396 0.962487
v -0.112425 -0.056369 0.970110
v -0.108083 -0.002160 0.976535
v -0.109653 0.058148 0.981514
v -0.117075 0.122237 0.984855
v -0.269056 -0.136958 0.909692
v -0.298937 -0.100358 0.902914
v -0.327397 -0.053885 0.897521
v -0.353342 0.000674 0.893718
v -0.375775 0.061223 0.891652
v -0.220740 -0.211928 0.899686
v -0.190353 -0.228055 0.907303
v -0.162717 -0.229403 0.916135
v -0.138895 -0.215919 0.925842
v -0.119801 -0.188122 0.936052
v -0.106170 -0.147079 0.946372
v -0.098526 -0.094369 0.956406
v -0.097162 -0.032016 0.965767
v -0.102130 0.037583 0.974097
v -0.113241 0.111753 0.981074
v -0.252711 -0.181641 0.893576
v -0.285038 -0.138357 0.889210
v -0.316476 -0.083741 0.886753
v -0.345820 -0.019891 0.886301
v -0.371940 0.050739 0.887871
v -0.206103 -0.247874 0.882589
v -0.174814 -0.266215 0.889152
v -0.146874 -0.268311 0.897629
v -0.123355 -0.254079 0.907692
v -0.105163 -0.224068 0.918955
v -0.092997 -0.179430 0.930985
v -0.087323 -0.121881 0.943320
v -0.088359 -0.053632 0.955485
v -0.096067 0.022693 0.967015
v -0.110150 0.104163 0.977464
v -0.239538 -0.213991 0.878189
v -0.273834 -0.165869 0.876124
v -0.307674 -0.105357 0.876471
v -0.339756 -0.034780 0.879219
v -0.368849 0.043149 0.884261
v -0.195551 -0.268736 0.866957
v -0.163612 -0.288363 0.872558
v -0.135452 -0.290892 0.880709
v -0.112154 -0.276226 0.891097
v -0.094612 -0.244930 0.903323
v -0.083500 -0.198205 0.916917
v -0.079247 -0.137848 0.931356
v -0.082014 -0.066177 0.946086
v -0.091696 0.014052 0.960540
v -0.107921 0.099757 0.974163
v -0.230041 -0.232767 0.864121
v -0.265758 -0.181836 0.864160
v -0.301329 -0.117902 0.867072
v -0.335386 -0.043422 0.872744
v -0.366621 0.038743 0.880960
v -0.189490 -0.273712 0.853392
v -0.157178 -0.293646 0.858158
v -0.128892 -0.296278 0.866027
v -0.105719 -0.281509 0.876697
v -0.088551 -0.249906 0.889758
v -0.078046 -0.202684 0.904709
v -0.074608 -0.141656 0.920974
v -0.078369 -0.069170 0.937929
v -0.089186 0.011991 0.954921
v -0.106642 0.098707 0.971299
v -0.224587 -0.237245 0.851913
v -0.261120 -0.185645 0.853778
v -0.297684 -0.120895 0.858914
v -0.332875 -0.045483 0.867125
v -0.365341 0.037693 0.878095
v -0.188153 -0.262612 0.842415
v -0.155759 -0.281861 0.846505
v -0.127445 -0.284262 0.854146
v -0.104301 -0.269725 0.865044
v -0.087214 -0.238805 0.878781
v -0.076843 -0.192693 0.894830
v -0.073585 -0.133160 0.912573
v -0.077566 -0.062494 0.931328
v -0.088632 0.016589 0.950374
v -0.106359 0.101051 0.968981
v -0.223384 -0.227255 0.842034
v -0.260096 -0.177149 0.845377
v -0.296880 -0.114220 0.852314
v -0.332322 -0.040885 0.862579
v -0.365059 0.040037 0.875777
v -0.191592 -0.235861 0.834448
v -0.159410 -0.253462 0.838047
v -0.131167 -0.255308 0.845522
v -0.107951 -0.241326 0.856586
v -0.090653 -0.212055 0.870814
v -0.079937 -0.168618 0.887660
v -0.076217 -0.112686 0.906475
v -0.079634 -0.046408 0.926537
v -0.090057 0.027669 0.947074
v -0.107086 0.106699 0.967299
v -0.226479 -0.203180 0.834864
v -0.262728 -0.156675 0.839279
v -0.298948 -0.098133 0.847523
v -0.333746 -0.029804 0.859279
v -0.365785 0.045685 0.874095
v -0.199674 -0.194488 0.829797
v -0.167989 -0.209541 0.833109
v -0.139915 -0.210526 0.840487
v -0.116531 -0.197404 0.851648
v -0.098735 -0.170681 0.866163
v -0.087211 -0.131383 0.883474
v -0.082403 -0.081020 0.902915
v -0.084494 -0.021528 0.923740
v -0.093404 0.044807 0.945148
v -0.108792 0.115436 0.966316
v -0.233752 -0.165945 0.830678
v -0.268914 -0.125009 0.835719
v -0.303808 -0.073254 0.844726
v -0.337094 -0.012667 0.857352
v -0.367491 0.054422 0.873113
v -0.212089 -0.140082 0.828640
v -0.181169 -0.151784 0.831881
v -0.153353 -0.151637 0.839236
v -0.129710 -0.139648 0.850421
v -0.111150 -0.116276 0.865007
v -0.098384 -0.082420 0.882433
v -0.091904 -0.039380 0.902030
v -0.091959 0.011188 0.923044
v -0.098547 0.067342 0.944669
v -0.111414 0.126924 0.966072
v -0.130066 0.187644 0.986432
v -0.244926 -0.116981 0.829637
v -0.278416 -0.083369 0.834834
v -0.311274 -0.040537 0.844030
v -0.342236 0.009868 0.856873
v -0.370113 0.065910 0.872869
v -0.228360 -0.074735 0.831023
v -0.198442 -0.082412 0.834411
v -0.170964 -0.080906 0.841815
v -0.146983 -0.070276 0.852950
v -0.127420 -0.050929 0.867389
v -0.113027 -0.023609 0.884577
v -0.104357 0.010634 0.903853
v -0.101743 0.050484 0.924477
v -0.105286 0.094410 0.945656
v -0.114850 0.140723 0.966575
v -0.259568 -0.058170 0.831782
v -0.290869 -0.033354 0.836657
v -0.321058 -0.001241 0.845463
v -0.348976 0.036936 0.857860
v -0.373549 0.079710 0.873372
v -0.247860 -0.000958 0.836853
v -0.219143 -0.004090 0.840600
v -0.192072 -0.001050 0.848125
v -0.167685 0.008046 0.859139
v -0.146921 0.022849 0.873219
v -0.130577 0.042789 0.889824
v -0.119282 0.067101 0.908315
v -0.113470 0.094850 0.927983
v -0.113364 0.124970 0.948070
v -0.118967 0.156303 0.967806
v -0.277119 0.008228 0.837029
v -0.305794 0.023113 0.841119
v -0.332785 0.043125 0.848969
v -0.357053 0.067496 0.860275
v -0.377667 0.095289 0.874603
v -0.269842 0.078415 0.845907
v -0.242479 0.080171 0.850211
v -0.215865 0.084862 0.857925
v -0.191021 0.092308 0.868751
v -0.168903 0.102221 0.882273
v -0.150361 0.114223 0.897972
v -0.136107 0.127850 0.915245
v -0.126689 0.142580 0.933427
v -0.122469 0.157847 0.951821
v -0.123609 0.173063 0.969718
v -0.296902 0.079661 0.845177
v -0.322618 0.083862 0.848049
v -0.346003 0.090855 0.854413
v -0.366158 0.100373 0.864025
v -0.382308 0.112049 0.876515
v -0.293460 0.160332 0.857836
v -0.267552 0.167134 0.862875
v -0.241428 0.173529 0.870837
v -0.216093 0.179271 0.881414
v -0.192521 0.184139 0.894202
v -0.171616 0.187946 0.908708
v -0.154183 0.190547 0.924375
v -0.140891 0.191841 0.940601
v -0.132252 0.191778 0.956762
v -0.128596 0.190361 0.972237
v -0.318157 0.153385 0.855913
v -0.340695 0.146559 0.857179
v -0.360206 0.140116 0.861587
v -0.375941 0.134304 0.868966
v -0.387296 0.129347 0.879034
v -0.317807 0.241647 0.872182
v -0.293398 0.253457 0.878105
v -0.267781 0.261543 0.886365
v -0.241940 0.265594 0.896644
v -0.216867 0.265453 0.908548
v -0.193528 0.261128 0.921619
v -0.172817 0.252782 0.935355
v -0.155532 0.240739 0.949228
v -0.142336 0.225460 0.962704
v -0.133737 0.207532 0.975267
v -0.340069 0.226566 0.868824
v -0.359329 0.208794 0.868159
v -0.374847 0.189014 0.870214
v -0.386026 0.167986 0.874909
v -0.392437 0.146518 0.882063
v -0.341946 0.319233 0.888394
v -0.319025 0.335822 0.895316
v -0.293909 0.345522 0.903913
v -0.267566 0.347959 0.913855
v -0.241007 0.343039 0.924760
v -0.215252 0.330953 0.936210
v -0.191293 0.312164 0.947763
v -0.170048 0.287395 0.958977
v -0.152335 0.257597 0.969419
v -0.138835 0.223915 0.978690
v -0.361794 0.296392 0.883415
v -0.377804 0.268176 0.880567
v -0.389363 0.235670 0.879963
v -0.396025 0.200123 0.881624
v -0.397534 0.162901 0.885486
v -0.364951 0.390109 0.905849
v -0.343446 0.411064 0.913846
v -0.318810 0.422238 0.922806
v -0.291988 0.423201 0.932385
v -0.264012 0.413916 0.942216
v -0.235956 0.394740 0.951919
v -0.208900 0.366411 0.961123
v -0.183882 0.330016 0.969473
v -0.161864 0.286955 0.976650
v -0.143693 0.238882 0.982376
v -0.382497 0.360179 0.899123
v -0.395411 0.322422 0.893927
v -0.403196 0.278291 0.890459
v -0.405554 0.229481 0.888854
v -0.402392 0.177868 0.889172
v -0.385937 0.451553 0.923876
v -0.365725 0.476292 0.932983
v -0.341525 0.488743 0.942318
v -0.314266 0.488428 0.951523
v -0.284998 0.475359 0.960243
v -0.254843 0.450038 0.968143
v -0.224962 0.413438 0.974920
v -0.196502 0.366965 0.980314
v -0.170557 0.312406 0.984117
v -0.148124 0.251857 0.986183
v -0.401384 0.415476 0.915347
v -0.411473 0.369449 0.907724
v -0.415816 0.315240 0.901300
v -0.414246 0.254932 0.896321
v -0.406823 0.190843 0.892979
v -0.404098 0.501201 0.941783
v -0.385004 0.528999 0.951992
v -0.361182 0.542482 0.961700
v -0.333546 0.541135 0.970532
v -0.303158 0.525008 0.978149
v -0.271187 0.494720 0.984258
v -0.238861 0.451437 0.988625
v -0.207423 0.396821 0.991082
v -0.178079 0.332971 0.991534
v -0.151959 0.262340 0.989964
v -0.417729 0.460159 0.931463
v -0.425373 0.407448 0.921429
v -0.426737 0.345096 0.912068
v -0.421769 0.275497 0.903738
v -0.410658 0.201326 0.896760
v -0.418735 0.537147 0.958880
v -0.400543 0.567159 0.970143
v -0.377025 0.581390 0.980206
v -0.349085 0.579295 0.988682
v -0.317796 0.560954 0.995246
v -0.284361 0.527071 0.999645
v -0.250065 0.478949 1.001711
v -0.216225 0.418436 1.001363
v -0.184142 0.347860 0.998616
v -0.155050 0.269931 0.993574
v -0.430902 0.492509 0.946850
v -0.436576 0.434960 0.934515
v -0.435539 0.366712 0.922349
v -0.427832 0.290386 0.910820
v -0.413749 0.208917 0.900371
v -0.429287 0.558009 0.974511
v -0.411745 0.589306 0.986737
v -0.388447 0.603971 0.997125
v -0.360287 0.601442 1.005276
v -0.328348 0.581816 1.010877
v -0.293857 0.545846 1.013713
v -0.258141 0.494916 1.013674
v -0.222570 0.430982 1.010763
v -0.188513 0.356501 1.005090
v -0.157278 0.274336 0.996875
v -0.440399 0.511284 0.960918
v -0.444652 0.450927 0.946479
v -0.441885 0.379257 0.931749
v -0.432202 0.299027 0.917295
v -0.415977 0.213322 0.903671
v -0.435348 0.562986 0.988076
v -0.395007 0.609357 1.011808
v -0.262779 0.498725 1.024057
v -0.226215 0.433974 1.018920
v -0.449291 0.454736 0.956861
v -0.434713 0.301089 0.922913
v -0.417257 0.214373 0.906536
v 0.035832 -0.680632 0.712910
v 0.037822 -0.685166 0.725994
v 0.039025 -0.689040 0.739859
v 0.039397 -0.692108 0.753971
v 0.038921 -0.694250 0.767788
v 0.037616 -0.695385 0.780779
v 0.035533 -0.695469 0.792445
v 0.032752 -0.694498 0.802337
v 0.029379 -0.692511 0.810075
v 0.025545 -0.689582 0.815362
v 0.026429 -0.688844 0.815495
v 0.031113 -0.691062 0.810337
v 0.035269 -0.692394 0.802717
v 0.038737 -0.692791 0.792929
v 0.041384 -0.692237 0.781349
v 0.043107 -0.690752 0.768421
v 0.043841 -0.688394 0.754643
v 0.043557 -0.685254 0.740544
v 0.042266 -0.681452 0.726666
v 0.040018 -0.677134 0.713542
v 0.036899 -0.672466 0.701677
v 0.033030 -0.667629 0.691526
v 0.028558 -0.662806 0.683480
v 0.023656 -0.658185 0.677848
v 0.018512 -0.653942 0.674845
v 0.019200 -0.653074 0.675022
v 0.025005 -0.656483 0.678194
v 0.030516 -0.660335 0.683983
v 0.035522 -0.664483 0.692166
v 0.039830 -0.668768 0.702430
v 0.043274 -0.673024 0.714379
v 0.045722 -0.677088 0.727554
v 0.047081 -0.680805 0.741450
v 0.047297 -0.684031 0.755531
v 0.046363 -0.686642 0.769258
v 0.044314 -0.688538 0.782101
v 0.041229 -0.689646 0.793569
v 0.037227 -0.689923 0.803220
v 0.032462 -0.689359 0.810683
v 0.027116 -0.687976 0.815672
v 0.027581 -0.687012 0.815885
v 0.033374 -0.687469 0.811101
v 0.038551 -0.687179 0.803827
v 0.042914 -0.686153 0.794341
v 0.046295 -0.684431 0.783009
v 0.048564 -0.682078 0.770266
v 0.049633 -0.679186 0.756602
v 0.049463 -0.675866 0.742541
v 0.048059 -0.672244 0.728625
v 0.045475 -0.668461 0.715387
v 0.041810 -0.664661 0.703337
v 0.037206 -0.660990 0.692938
v 0.031840 -0.657591 0.684589
v 0.025916 -0.654592 0.678612
v 0.019664 -0.652111 0.675235
v 0.032478 -0.654679 0.685276
v 0.042765 -0.660303 0.704365
v 0.049185 -0.667104 0.729837
v 0.050760 -0.674047 0.757814
v 0.049625 -0.677237 0.771408
v 0.047250 -0.680074 0.784037
v 0.033813 -0.685464 0.811574
v 0.027805 -0.685990 0.816126
v 0.033132 -0.675615 0.701108
v 0.029826 -0.670306 0.691042
v 0.026041 -0.664910 0.683100
v 0.021922 -0.659634 0.677585
v 0.017628 -0.654681 0.674712
v 0.013324 -0.650241 0.674589
v 0.030876 -0.683385 0.712505
v 0.032561 -0.688088 0.725565
v 0.033662 -0.692020 0.739422
v 0.034136 -0.695030 0.753542
v 0.033965 -0.697003 0.767384
v 0.033157 -0.697863 0.780416
v 0.031741 -0.697576 0.792135
v 0.029772 -0.696154 0.802094
v 0.027327 -0.693651 0.809907
v 0.024498 -0.690164 0.815276
v 0.028672 -0.678092 0.700744
v 0.026033 -0.672413 0.690733
v 0.023061 -0.666565 0.682857
v 0.019869 -0.660774 0.677418
v 0.016582 -0.655262 0.674627
v 0.025342 -0.685286 0.712345
v 0.026686 -0.690106 0.725395
v 0.027672 -0.694078 0.739248
v 0.028261 -0.697048 0.753372
v 0.028431 -0.698904 0.767224
v 0.028176 -0.699573 0.780271
v 0.027505 -0.699031 0.792013
v 0.026444 -0.697297 0.801997
v 0.025034 -0.694438 0.809841
v 0.023330 -0.690565 0.815243
v 0.023692 -0.679803 0.700600
v 0.021798 -0.673868 0.690610
v 0.019733 -0.667709 0.682760
v 0.017577 -0.661562 0.677352
v 0.015413 -0.655663 0.674593
v 0.019442 -0.686263 0.712435
v 0.020422 -0.691143 0.725491
v 0.021285 -0.695135 0.739346
v 0.021997 -0.698085 0.753468
v 0.022531 -0.699881 0.767314
v 0.022866 -0.700452 0.780352
v 0.022989 -0.699778 0.792082
v 0.022896 -0.697884 0.802051
v 0.022590 -0.694843 0.809878
v 0.022084 -0.690771 0.815261
v 0.018381 -0.680682 0.700680
v 0.017282 -0.674615 0.690679
v 0.016185 -0.668296 0.682814
v 0.015133 -0.661966 0.677389
v 0.014167 -0.655870 0.674612
v 0.013402 -0.686277 0.712771
v 0.014011 -0.691158 0.725848
v 0.014748 -0.695150 0.739710
v 0.015585 -0.698100 0.753825
v 0.016491 -0.699895 0.767650
v 0.017430 -0.700465 0.780655
v 0.018367 -0.699789 0.792339
v 0.019264 -0.697893 0.802254
v 0.020089 -0.694849 0.810018
v 0.020808 -0.690774 0.815333
v 0.012946 -0.680695 0.700983
v 0.012659 -0.674626 0.690936
v 0.012553 -0.668304 0.683016
v 0.012631 -0.661972 0.677528
v 0.012892 -0.655873 0.674683
v 0.007455 -0.685328 0.713342
v 0.007698 -0.690151 0.726453
v 0.008311 -0.694123 0.740327
v 0.009272 -0.697093 0.754430
v 0.010544 -0.698946 0.768220
v 0.012078 -0.699611 0.781168
v 0.013815 -0.699063 0.792775
v 0.015688 -0.697322 0.802596
v 0.017625 -0.694456 0.810254
v 0.019553 -0.690574 0.815453
v 0.007594 -0.679841 0.701496
v 0.008107 -0.673900 0.691373
v 0.008977 -0.667734 0.683359
v 0.010168 -0.661579 0.677764
v 0.011636 -0.655672 0.674803
v 0.001830 -0.683453 0.714123
v 0.001725 -0.688160 0.727283
v 0.002222 -0.692094 0.741173
v 0.003300 -0.695103 0.755260
v 0.004919 -0.697071 0.769002
v 0.007015 -0.697924 0.781872
v 0.009509 -0.697628 0.793374
v 0.012305 -0.696195 0.803067
v 0.015295 -0.693679 0.810578
v 0.018365 -0.690178 0.815618
v 0.002531 -0.678154 0.702200
v 0.003802 -0.672465 0.691971
v 0.005594 -0.666607 0.683829
v 0.007838 -0.660803 0.678088
v 0.010448 -0.655276 0.674968
v -0.003259 -0.680724 0.715087
v -0.003676 -0.685263 0.728306
v -0.003286 -0.689140 0.742216
v -0.002102 -0.692205 0.756283
v -0.000170 -0.694342 0.769966
v 0.002436 -0.695468 0.782739
v 0.005615 -0.695539 0.794111
v 0.009245 -0.694554 0.803646
v 0.013188 -0.692549 0.810977
v 0.017290 -0.689602 0.815822
v -0.002049 -0.675698 0.703067
v -0.000093 -0.670377 0.692708
v 0.002534 -0.664965 0.684409
v 0.005730 -0.659672 0.678487
v 0.009373 -0.654700 0.675172
v -0.007614 -0.677246 0.716195
v -0.008300 -0.681570 0.729483
v -0.008000 -0.685375 0.743416
v -0.006725 -0.688513 0.757460
v -0.004525 -0.690864 0.771074
v -0.001484 -0.692337 0.783736
v 0.002282 -0.692877 0.794960
v 0.006626 -0.692462 0.804313
v 0.011384 -0.691108 0.811436
v 0.016370 -0.688867 0.816056
v -0.005968 -0.672567 0.704065
v -0.003426 -0.667714 0.693557
v -0.000085 -0.662874 0.685075
v 0.003926 -0.658231 0.678946
v 0.008454 -0.653966 0.675406
v -0.011069 -0.673152 0.717406
v -0.011968 -0.677224 0.730768
v -0.011739 -0.680943 0.744726
v -0.010393 -0.684166 0.758745
v -0.007980 -0.686770 0.772285
v -0.004593 -0.688653 0.784826
v -0.000363 -0.689743 0.795886
v 0.004549 -0.690000 0.805040
v 0.009952 -0.689412 0.811937
v 0.015641 -0.688003 0.816311
v -0.009078 -0.668882 0.705154
v -0.006070 -0.664581 0.694483
v -0.002163 -0.660412 0.685803
v 0.002495 -0.656535 0.679448
v 0.007724 -0.653101 0.675661
v -0.013491 -0.668599 0.718672
v -0.014539 -0.672391 0.732112
v -0.014361 -0.676016 0.746096
v -0.012964 -0.679334 0.760089
v -0.010402 -0.682217 0.773551
v -0.006773 -0.684555 0.785965
v -0.002216 -0.686259 0.796855
v 0.003092 -0.687262 0.805802
v 0.008949 -0.687526 0.812462
v 0.015129 -0.687041 0.816579
v -0.011257 -0.664785 0.706293
v -0.007924 -0.661096 0.695452
v -0.003619 -0.657674 0.686565
v 0.001492 -0.654650 0.679972
v 0.007213 -0.652140 0.675929
v -0.014786 -0.663763 0.719945
v -0.015914 -0.667257 0.733463
v -0.015763 -0.670781 0.747474
v -0.014339 -0.674200 0.761440
v -0.011697 -0.677381 0.774824
v -0.007939 -0.680203 0.787111
v -0.003208 -0.682558 0.797829
v 0.002313 -0.684354 0.806567
v 0.008413 -0.685523 0.812989
v 0.014856 -0.686020 0.816847
v -0.012423 -0.660433 0.707439
v -0.008915 -0.657395 0.696426
v -0.004398 -0.654766 0.687330
v 0.000955 -0.652647 0.680500
v 0.006939 -0.651119 0.676197
v -0.014906 -0.658830 0.721176
v -0.016041 -0.662020 0.734770
v -0.015892 -0.665441 0.748806
v -0.014466 -0.668962 0.762747
v -0.011817 -0.672448 0.776055
v -0.008046 -0.675763 0.788218
v -0.003299 -0.678782 0.798771
v 0.002241 -0.681387 0.807307
v 0.008363 -0.683480 0.813499
v 0.014831 -0.684978 0.817107
v -0.012531 -0.655993 0.708547
v -0.009007 -0.653619 0.697369
v -0.004470 -0.651799 0.688070
v 0.000906 -0.650603 0.681009
v 0.006914 -0.650077 0.676457
v -0.013845 -0.653988 0.722317
v -0.014915 -0.656880 0.735982
v -0.014744 -0.660201 0.750042
v -0.013340 -0.663823 0.763959
v -0.010756 -0.667606 0.777196
v -0.007091 -0.671406 0.789246
v -0.002487 -0.675076 0.799645
v 0.002879 -0.678476 0.807994
v 0.008803 -0.681474 0.813972
v 0.015055 -0.683956 0.817348
v -0.011576 -0.651636 0.709574
v -0.008195 -0.649914 0.698242
v -0.003832 -0.648888 0.688757
v 0.001345 -0.648598 0.681482
v 0.007138 -0.649054 0.676699
v -0.011644 -0.649425 0.723326
v -0.012578 -0.652036 0.737052
v -0.012362 -0.655262 0.751134
v -0.011003 -0.658978 0.765029
v -0.008555 -0.663043 0.778205
v -0.005111 -0.667299 0.790154
v -0.000803 -0.671584 0.800417
v 0.004203 -0.675732 0.808600
v 0.009714 -0.679584 0.814389
v 0.015519 -0.682992 0.817561
v -0.009595 -0.647529 0.710482
v -0.006511 -0.646421 0.699014
v -0.002509 -0.646144 0.689363
v 0.002257 -0.646707 0.681900
v 0.007603 -0.648091 0.676911
v -0.008388 -0.645315 0.724162
v -0.009122 -0.647673 0.737940
v -0.008838 -0.650813 0.752039
v -0.007547 -0.654615 0.765917
v -0.005299 -0.658933 0.779041
v -0.002180 -0.663600 0.790907
v 0.001689 -0.668438 0.801057
v 0.006161 -0.673260 0.809103
v 0.011063 -0.677882 0.814736
v 0.016207 -0.682125 0.817738
v -0.006665 -0.643830 0.711235
v -0.004018 -0.643275 0.699654
v -0.000551 -0.643672 0.689866
v 0.003606 -0.645005 0.682247
v 0.008290 -0.647223 0.677088
v -0.004202 -0.641816 0.724795
v -0.004678 -0.643959 0.738612
v -0.004307 -0.647026 0.752724
v -0.003103 -0.650901 0.766589
v -0.001113 -0.655434 0.779674
v 0.001587 -0.660452 0.791476
v 0.004893 -0.665760 0.801541
v 0.008678 -0.671156 0.809484
v 0.012797 -0.676432 0.814998
v 0.017091 -0.681386 0.817871
v 0.021395 -0.685826 0.817994
v -0.002897 -0.640681 0.711804
v -0.000814 -0.640598 0.700139
v 0.001967 -0.641568 0.690247
v 0.005340 -0.643556 0.682509
v 0.009174 -0.646484 0.677222
v 0.000754 -0.639064 0.725199
v 0.000583 -0.641036 0.739041
v 0.001057 -0.644047 0.753161
v 0.002158 -0.647979 0.767018
v 0.003842 -0.652682 0.780078
v 0.006047 -0.657974 0.791840
v 0.008686 -0.663653 0.801851
v 0.011658 -0.669501 0.809727
v 0.014849 -0.675292 0.815165
v 0.018137 -0.680804 0.817957
v 0.001562 -0.638204 0.712168
v 0.002978 -0.638491 0.700448
v 0.004947 -0.639913 0.690490
v 0.007392 -0.642416 0.682676
v 0.010221 -0.645903 0.677307
v 0.006288 -0.637162 0.725359
v 0.006458 -0.639018 0.739211
v 0.007047 -0.641989 0.753335
v 0.008033 -0.645961 0.767188
v 0.009377 -0.650780 0.780238
v 0.011027 -0.656263 0.791984
v 0.012921 -0.662198 0.801973
v 0.014986 -0.668358 0.809823
v 0.017142 -0.674505 0.815232
v 0.019306 -0.680403 0.817991
v 0.006543 -0.636493 0.712312
v 0.007214 -0.637036 0.700571
v 0.008275 -0.638770 0.690586
v 0.009684 -0.641628 0.682742
v 0.011389 -0.645501 0.677341
v 0.012188 -0.636186 0.725270
v 0.012722 -0.637982 0.739116
v 0.013434 -0.640932 0.753238
v 0.014296 -0.644924 0.767093
v 0.015277 -0.649804 0.780148
v 0.016337 -0.655385 0.791903
v 0.017437 -0.661451 0.801905
v 0.018534 -0.667771 0.809769
v 0.019586 -0.674100 0.815194
v 0.020552 -0.680197 0.817972
v 0.011853 -0.635614 0.712231
v 0.011730 -0.636289 0.700502
v 0.011823 -0.638183 0.690532
v 0.012128 -0.641224 0.682705
v 0.012635 -0.645295 0.677322
v 0.018228 -0.636172 0.724933
v 0.019133 -0.637967 0.738759
v 0.019971 -0.640917 0.752874
v 0.020708 -0.644909 0.766736
v 0.021317 -0.649790 0.779812
v 0.021773 -0.655372 0.791600
v 0.022060 -0.661440 0.801647
v 0.022166 -0.667762 0.809567
v 0.022087 -0.674095 0.815055
v 0.021827 -0.680194 0.817901
v 0.017289 -0.635602 0.711928
v 0.016352 -0.636278 0.700244
v 0.015455 -0.638174 0.690330
v 0.014630 -0.641218 0.682566
v 0.013911 -0.645292 0.677251
v 0.024175 -0.637120 0.724363
v 0.025447 -0.638974 0.738153
v 0.026408 -0.641943 0.752256
v 0.027021 -0.645916 0.766130
v 0.027264 -0.650738 0.779242
v 0.027125 -0.656226 0.791087
v 0.026611 -0.662166 0.801211
v 0.025742 -0.668333 0.809224
v 0.024551 -0.674487 0.814819
v 0.023083 -0.680394 0.817780
v 0.022641 -0.636455 0.711415
v 0.020904 -0.637004 0.699808
v 0.019031 -0.638744 0.689987
v 0.017093 -0.641611 0.682330
v 0.015166 -0.645493 0.677130
v 0.029800 -0.638995 0.723581
v 0.031419 -0.640964 0.737323
v 0.032497 -0.643973 0.751410
v 0.032994 -0.647906 0.765300
v 0.032889 -0.652613 0.778460
v 0.032188 -0.657913 0.790383
v 0.030917 -0.663601 0.800612
v 0.029125 -0.669460 0.808754
v 0.026881 -0.675264 0.814495
v 0.024271 -0.680790 0.817615
v 0.027704 -0.638143 0.710712
v 0.025210 -0.638439 0.699210
v 0.022414 -0.639872 0.689517
v 0.019424 -0.642387 0.682006
v 0.016354 -0.645889 0.676965
v 0.034889 -0.641724 0.722618
v 0.036821 -0.643861 0.736300
v 0.038005 -0.646927 0.750367
v 0.038395 -0.650803 0.764277
v 0.037978 -0.655342 0.777496
v 0.036767 -0.660369 0.789516
v 0.034812 -0.665690 0.799875
v 0.032185 -0.671101 0.808174
v 0.028989 -0.676395 0.814096
v 0.025345 -0.681366 0.817412
v 0.032283 -0.640599 0.709844
v 0.029104 -0.640527 0.698472
v 0.025474 -0.641513 0.688937
v 0.021531 -0.643518 0.681607
v 0.017429 -0.646465 0.676762
v 0.039244 -0.645203 0.721509
v 0.041444 -0.647554 0.735124
v 0.042719 -0.650692 0.749168
v 0.043019 -0.654496 0.763101
v 0.042333 -0.658821 0.776388
v 0.040687 -0.663499 0.788519
v 0.038145 -0.668352 0.799027
v 0.034804 -0.673193 0.807508
v 0.030793 -0.677835 0.813637
v 0.026265 -0.682101 0.817178
v 0.036203 -0.643729 0.708847
v 0.032437 -0.643190 0.697624
v 0.028093 -0.643605 0.688271
v 0.023335 -0.644959 0.681148
v 0.018348 -0.647199 0.676528
v 0.042699 -0.649297 0.720299
v 0.045112 -0.651900 0.733839
v 0.046458 -0.655123 0.747857
v 0.046687 -0.658843 0.761816
v 0.045788 -0.662915 0.775178
v 0.043796 -0.667184 0.787429
v 0.040789 -0.671486 0.798100
v 0.036882 -0.675655 0.806780
v 0.032224 -0.679531 0.813136
v 0.026995 -0.682965 0.816922
v 0.039312 -0.647414 0.707758
v 0.035082 -0.646323 0.696697
v 0.030170 -0.646067 0.687543
v 0.024766 -0.646655 0.680646
v 0.019078 -0.648064 0.676272
v 0.045121 -0.653850 0.719033
v 0.047683 -0.656733 0.732495
v 0.049080 -0.660051 0.746487
v 0.049257 -0.663675 0.760472
v 0.048209 -0.667467 0.773912
v 0.045976 -0.671281 0.786290
v 0.042643 -0.674970 0.797131
v 0.038338 -0.678393 0.806019
v 0.033227 -0.681417 0.812611
v 0.027506 -0.683927 0.816655
v 0.041492 -0.651511 0.706618
v 0.036935 -0.649808 0.695728
v 0.031626 -0.648804 0.686782
v 0.025770 -0.648540 0.680122
v 0.019589 -0.649025 0.676005
v 0.046416 -0.658686 0.717760
v 0.049058 -0.661867 0.731143
v 0.050482 -0.665285 0.745109
v 0.050633 -0.668809 0.759120
v 0.049505 -0.672303 0.772639
v 0.047142 -0.675634 0.785144
v 0.043634 -0.678671 0.796157
v 0.039117 -0.681301 0.805253
v 0.033764 -0.683420 0.812084
v 0.027780 -0.684948 0.816386
v 0.042658 -0.655863 0.705473
v 0.037927 -0.653509 0.694754
v 0.032406 -0.651712 0.686016
v 0.026306 -0.650543 0.679595
v 0.019863 -0.650046 0.675736
v 0.046536 -0.663619 0.716529
v 0.050611 -0.670625 0.743777
v 0.043726 -0.682447 0.795215
v 0.039189 -0.684267 0.804513
v 0.038018 -0.657285 0.693812
v 0.026356 -0.652587 0.679085
v 0.019888 -0.651088 0.675476
v -0.099037 -0.241388 0.448702
v -0.097047 -0.245921 0.461787
v -0.095843 -0.249796 0.475652
v -0.095472 -0.252863 0.489764
v -0.095948 -0.255005 0.503581
v -0.097252 -0.256140 0.516572
v -0.099335 -0.256224 0.528238
v -0.102116 -0.255253 0.538130
v -0.105489 -0.253266 0.545868
v -0.109324 -0.250338 0.551155
v -0.108440 -0.249599 0.551288
v -0.103755 -0.251817 0.546130
v -0.099599 -0.253150 0.538510
v -0.096131 -0.253546 0.528722
v -0.093485 -0.252992 0.517141
v -0.091762 -0.251507 0.504214
v -0.091028 -0.249149 0.490436
v -0.091312 -0.246009 0.476337
v -0.092603 -0.242207 0.462459
v -0.094851 -0.237889 0.449335
v -0.097969 -0.233221 0.437470
v -0.101839 -0.228384 0.427319
v -0.106311 -0.223561 0.419273
v -0.111213 -0.218940 0.413640
v -0.116357 -0.214697 0.410638
v -0.115669 -0.213829 0.410815
v -0.109864 -0.217238 0.413987
v -0.104353 -0.221090 0.419776
v -0.099347 -0.225238 0.427959
v -0.095039 -0.229523 0.438223
v -0.091595 -0.233779 0.450172
v -0.089146 -0.237844 0.463347
v -0.087788 -0.241560 0.477242
v -0.087572 -0.244786 0.491324
v -0.088506 -0.247397 0.505050
v -0.090555 -0.249293 0.517894
v -0.093639 -0.250401 0.529362
v -0.097641 -0.250678 0.539013
v -0.102407 -0.250114 0.546476
v -0.107752 -0.248731 0.551465
v -0.107288 -0.247767 0.551678
v -0.101495 -0.248224 0.546894
v -0.096318 -0.247934 0.539619
v -0.091955 -0.246908 0.530134
v -0.088574 -0.245186 0.518802
v -0.086305 -0.242834 0.506059
v -0.085235 -0.239941 0.492395
v -0.085406 -0.236621 0.478334
v -0.086810 -0.232999 0.464418
v -0.089394 -0.229216 0.451180
v -0.093058 -0.225416 0.439130
v -0.097662 -0.221745 0.428731
v -0.103029 -0.218346 0.420382
v -0.108952 -0.215347 0.414405
v -0.115204 -0.212866 0.411028
v -0.102391 -0.215434 0.421069
v -0.092103 -0.221058 0.440158
v -0.085684 -0.227859 0.465630
v -0.084109 -0.234802 0.493607
v -0.085244 -0.237992 0.507201
v -0.087619 -0.240829 0.519829
v -0.101056 -0.246219 0.547367
v -0.107064 -0.246745 0.551919
v -0.101737 -0.236370 0.436900
v -0.105043 -0.231061 0.426835
v -0.108828 -0.225665 0.418892
v -0.112947 -0.220389 0.413378
v -0.117241 -0.215436 0.410505
v -0.121545 -0.210996 0.410382
v -0.103992 -0.244140 0.448298
v -0.102307 -0.248843 0.461358
v -0.101207 -0.252775 0.475215
v -0.100733 -0.255785 0.489335
v -0.100903 -0.257758 0.503177
v -0.101712 -0.258618 0.516208
v -0.103128 -0.258331 0.527928
v -0.105096 -0.256909 0.537887
v -0.107542 -0.254406 0.545700
v -0.110370 -0.250919 0.551069
v -0.106196 -0.238847 0.436537
v -0.108835 -0.233168 0.426525
v -0.111808 -0.227321 0.418649
v -0.114999 -0.221529 0.413211
v -0.118287 -0.216017 0.410419
v -0.109526 -0.246041 0.448138
v -0.108182 -0.250861 0.461188
v -0.107197 -0.254833 0.475041
v -0.106608 -0.257803 0.489165
v -0.106437 -0.259659 0.503017
v -0.106693 -0.260329 0.516064
v -0.107364 -0.259786 0.527806
v -0.108424 -0.258052 0.537790
v -0.109834 -0.255194 0.545634
v -0.111539 -0.251320 0.551035
v -0.111177 -0.240558 0.436392
v -0.113071 -0.234623 0.426403
v -0.115136 -0.228464 0.418553
v -0.117291 -0.222317 0.413145
v -0.119456 -0.216419 0.410386
v -0.115427 -0.247018 0.448228
v -0.114446 -0.251898 0.461284
v -0.113583 -0.255890 0.475139
v -0.112871 -0.258840 0.489261
v -0.112338 -0.260636 0.503107
v -0.112003 -0.261207 0.516145
v -0.111879 -0.260533 0.527874
v -0.111972 -0.258639 0.537844
v -0.112278 -0.255598 0.545671
v -0.112785 -0.251526 0.551054
v -0.116487 -0.241437 0.436473
v -0.117587 -0.235371 0.426472
v -0.118684 -0.229051 0.418607
v -0.119735 -0.222721 0.413182
v -0.120702 -0.216625 0.410405
v -0.121466 -0.247032 0.448564
v -0.120858 -0.251913 0.461641
v -0.120121 -0.255905 0.475503
v -0.119283 -0.258855 0.489618
v -0.118377 -0.260650 0.503443
v -0.117438 -0.261220 0.516448
v -0.116502 -0.260544 0.528132
v -0.115604 -0.258648 0.538046
v -0.114780 -0.255604 0.545810
v -0.114060 -0.251529 0.551125
v -0.121923 -0.241450 0.436776
v -0.122210 -0.235381 0.426729
v -0.122316 -0.229059 0.418809
v -0.122237 -0.222727 0.413321
v -0.121977 -0.216628 0.410476
v -0.127413 -0.246083 0.449134
v -0.127171 -0.250906 0.462246
v -0.126558 -0.254878 0.476120
v -0.125596 -0.257848 0.490223
v -0.124324 -0.259701 0.504013
v -0.122790 -0.260366 0.516961
v -0.121054 -0.259818 0.528568
v -0.119181 -0.258077 0.538389
v -0.117243 -0.255211 0.546047
v -0.115316 -0.251329 0.551246
v -0.127275 -0.240596 0.437289
v -0.126761 -0.234655 0.427165
v -0.125892 -0.228489 0.419152
v -0.124700 -0.222334 0.413557
v -0.123233 -0.216427 0.410596
v -0.133039 -0.244208 0.449916
v -0.133143 -0.248915 0.463076
v -0.132647 -0.252849 0.476966
v -0.131569 -0.255858 0.491053
v -0.129950 -0.257826 0.504795
v -0.127853 -0.258679 0.517665
v -0.125359 -0.258383 0.529167
v -0.122563 -0.256950 0.538859
v -0.119573 -0.254434 0.546370
v -0.116504 -0.250933 0.551411
v -0.132338 -0.238909 0.437993
v -0.131067 -0.233220 0.427764
v -0.129275 -0.227362 0.419622
v -0.127031 -0.221558 0.413881
v -0.124421 -0.216032 0.410761
v -0.138127 -0.241479 0.450880
v -0.138545 -0.246018 0.464099
v -0.138154 -0.249895 0.478009
v -0.136970 -0.252961 0.492076
v -0.135038 -0.255097 0.505759
v -0.132433 -0.256223 0.518532
v -0.129254 -0.256294 0.529904
v -0.125623 -0.255309 0.539439
v -0.121681 -0.253304 0.546770
v -0.117578 -0.250357 0.551614
v -0.136917 -0.236453 0.438860
v -0.134961 -0.231132 0.428501
v -0.132335 -0.225721 0.420202
v -0.129138 -0.220427 0.414280
v -0.125495 -0.215455 0.410965
v -0.142483 -0.238001 0.451988
v -0.143168 -0.242326 0.465276
v -0.142868 -0.246130 0.479209
v -0.141594 -0.249268 0.493252
v -0.139394 -0.251619 0.506867
v -0.136352 -0.253092 0.519529
v -0.132587 -0.253632 0.530752
v -0.128242 -0.253217 0.540105
v -0.123485 -0.251863 0.547229
v -0.118498 -0.249622 0.551848
v -0.140837 -0.233322 0.439858
v -0.138295 -0.228469 0.429350
v -0.134954 -0.223629 0.420868
v -0.130942 -0.218986 0.414739
v -0.126415 -0.214721 0.411199
v -0.145937 -0.233907 0.453199
v -0.146836 -0.237979 0.466560
v -0.146608 -0.241698 0.480519
v -0.145261 -0.244922 0.494537
v -0.142848 -0.247525 0.508078
v -0.139462 -0.249408 0.520619
v -0.135231 -0.250499 0.531679
v -0.130320 -0.250755 0.540833
v -0.124916 -0.250167 0.547730
v -0.119228 -0.248758 0.552104
v -0.143946 -0.229638 0.440947
v -0.140939 -0.225336 0.430276
v -0.137031 -0.221167 0.421596
v -0.132373 -0.217291 0.415241
v -0.127144 -0.213856 0.411454
v -0.148359 -0.229354 0.454465
v -0.149407 -0.233146 0.467904
v -0.149229 -0.236771 0.481889
v -0.147832 -0.240089 0.495881
v -0.145270 -0.242972 0.509343
v -0.141641 -0.245311 0.521758
v -0.137085 -0.247014 0.532648
v -0.131776 -0.248017 0.541595
v -0.125919 -0.248281 0.548254
v -0.119739 -0.247797 0.552371
v -0.146126 -0.225540 0.442086
v -0.142792 -0.221851 0.431245
v -0.138488 -0.218429 0.422357
v -0.133377 -0.215405 0.415765
v -0.127656 -0.212895 0.411722
v -0.149655 -0.224518 0.455738
v -0.150783 -0.228012 0.469256
v -0.150632 -0.231536 0.483267
v -0.149208 -0.234955 0.497233
v -0.146566 -0.238136 0.510616
v -0.142807 -0.240958 0.522904
v -0.138076 -0.243313 0.533622
v -0.132555 -0.245109 0.542360
v -0.126456 -0.246278 0.548782
v -0.120013 -0.246775 0.552640
v -0.147292 -0.221188 0.443232
v -0.143784 -0.218150 0.432219
v -0.139267 -0.215521 0.423123
v -0.133913 -0.213402 0.416292
v -0.127929 -0.211874 0.411990
v -0.149774 -0.219585 0.456969
v -0.150909 -0.222775 0.470563
v -0.150761 -0.226196 0.484599
v -0.149335 -0.229717 0.498540
v -0.146685 -0.233203 0.511847
v -0.142915 -0.236518 0.524011
v -0.138168 -0.239537 0.534564
v -0.132627 -0.242142 0.543100
v -0.126505 -0.244235 0.549292
v -0.120038 -0.245734 0.552900
v -0.147399 -0.216748 0.444340
v -0.143876 -0.214374 0.433161
v -0.139339 -0.212554 0.423863
v -0.133963 -0.211358 0.416802
v -0.127955 -0.210832 0.412250
v -0.148713 -0.214743 0.458110
v -0.149783 -0.217635 0.471775
v -0.149613 -0.220956 0.485835
v -0.148208 -0.224578 0.499752
v -0.145624 -0.228361 0.512989
v -0.141960 -0.232161 0.525039
v -0.137356 -0.235831 0.535438
v -0.131989 -0.239231 0.543787
v -0.126066 -0.242229 0.549765
v -0.119814 -0.244711 0.553141
v -0.146444 -0.212391 0.445367
v -0.143064 -0.210669 0.434035
v -0.138701 -0.209643 0.424550
v -0.133523 -0.209353 0.417275
v -0.127731 -0.209810 0.412491
v -0.146513 -0.210180 0.459119
v -0.147447 -0.212791 0.472845
v -0.147230 -0.216017 0.486927
v -0.145872 -0.219733 0.500822
v -0.143424 -0.223798 0.513998
v -0.139979 -0.228054 0.525946
v -0.135672 -0.232339 0.536210
v -0.130666 -0.236487 0.544393
v -0.125154 -0.240339 0.550182
v -0.119349 -0.243748 0.553354
v -0.144464 -0.208284 0.446275
v -0.141379 -0.207176 0.434807
v -0.137377 -0.206899 0.425156
v -0.132612 -0.207463 0.417693
v -0.127266 -0.208846 0.412704
v -0.143257 -0.206070 0.459955
v -0.143990 -0.208428 0.473733
v -0.143706 -0.211568 0.487832
v -0.142415 -0.215370 0.501710
v -0.140168 -0.219688 0.514834
v -0.137049 -0.224355 0.526699
v -0.133179 -0.229193 0.536850
v -0.128708 -0.234015 0.544896
v -0.123806 -0.238637 0.550529
v -0.118662 -0.242880 0.553531
v -0.141533 -0.204585 0.447028
v -0.138887 -0.204031 0.435447
v -0.135419 -0.204427 0.425659
v -0.131263 -0.205760 0.418040
v -0.126578 -0.207978 0.412881
v -0.139070 -0.202571 0.460588
v -0.139546 -0.204714 0.474405
v -0.139175 -0.207781 0.488517
v -0.137971 -0.211656 0.502382
v -0.135981 -0.216189 0.515467
v -0.133282 -0.221207 0.527269
v -0.129976 -0.226515 0.537334
v -0.126190 -0.231912 0.545277
v -0.122072 -0.237188 0.550791
v -0.117778 -0.242141 0.553664
v -0.113473 -0.246581 0.553787
v -0.137766 -0.201437 0.447597
v -0.135683 -0.201353 0.435931
v -0.132902 -0.202323 0.426040
v -0.129529 -0.204311 0.418301
v -0.125694 -0.207239 0.413015
v -0.134115 -0.199819 0.460992
v -0.134286 -0.201792 0.474834
v -0.133811 -0.204802 0.488954
v -0.132711 -0.208734 0.502811
v -0.131026 -0.213437 0.515871
v -0.128822 -0.218729 0.527632
v -0.126183 -0.224409 0.537644
v -0.123211 -0.230256 0.545520
v -0.120019 -0.236047 0.550958
v -0.116731 -0.241560 0.553750
v -0.133306 -0.198959 0.447961
v -0.131890 -0.199246 0.436241
v -0.129922 -0.200668 0.426283
v -0.127476 -0.203171 0.418469
v -0.124648 -0.206658 0.413100
v -0.128581 -0.197918 0.461152
v -0.128411 -0.199773 0.475004
v -0.127821 -0.202744 0.489128
v -0.126836 -0.206716 0.502981
v -0.125492 -0.211536 0.516031
v -0.123841 -0.217018 0.527777
v -0.121947 -0.222954 0.537766
v -0.119883 -0.229113 0.545616
v -0.117727 -0.235260 0.551025
v -0.115563 -0.241158 0.553784
v -0.128326 -0.197248 0.448105
v -0.127655 -0.197791 0.436363
v -0.126594 -0.199525 0.426379
v -0.125184 -0.202383 0.418535
v -0.123479 -0.206257 0.413134
v -0.122681 -0.196941 0.461062
v -0.122147 -0.198737 0.474909
v -0.121435 -0.201687 0.489031
v -0.120572 -0.205679 0.502886
v -0.119592 -0.210559 0.515941
v -0.118531 -0.216140 0.527696
v -0.117431 -0.222206 0.537698
v -0.116334 -0.228526 0.545562
v -0.115283 -0.234856 0.550987
v -0.114317 -0.240952 0.553765
v -0.123016 -0.196369 0.448024
v -0.123139 -0.197044 0.436295
v -0.123046 -0.198938 0.426325
v -0.122740 -0.201979 0.418498
v -0.122233 -0.206050 0.413115
v -0.116641 -0.196927 0.460726
v -0.115735 -0.198722 0.474551
v -0.114898 -0.201672 0.488666
v -0.114160 -0.205664 0.502528
v -0.113552 -0.210545 0.515605
v -0.113096 -0.216127 0.527393
v -0.112809 -0.222195 0.537440
v -0.112703 -0.228517 0.545360
v -0.112781 -0.234850 0.550848
v -0.113041 -0.240949 0.553694
v -0.117580 -0.196357 0.447721
v -0.118516 -0.197033 0.436037
v -0.119414 -0.198929 0.426123
v -0.120238 -0.201973 0.418359
v -0.120958 -0.206047 0.413044
v -0.110694 -0.197876 0.460156
v -0.109422 -0.199729 0.473946
v -0.108461 -0.202699 0.488049
v -0.107847 -0.206671 0.501923
v -0.107605 -0.211493 0.515035
v -0.107743 -0.216981 0.526880
v -0.108257 -0.222921 0.537004
v -0.109126 -0.229088 0.545017
v -0.110318 -0.235243 0.550612
v -0.111786 -0.241149 0.553573
v -0.112228 -0.197210 0.447208
v -0.113965 -0.197759 0.435601
v -0.115838 -0.199500 0.425780
v -0.117775 -0.202366 0.418123
v -0.119702 -0.206248 0.412923
v -0.105068 -0.199750 0.459374
v -0.103450 -0.201719 0.473116
v -0.102371 -0.204728 0.487203
v -0.101875 -0.208661 0.501093
v -0.101979 -0.213368 0.514253
v -0.102680 -0.218668 0.526176
v -0.103951 -0.224356 0.536405
v -0.105743 -0.230215 0.544547
v -0.107988 -0.236019 0.550288
v -0.110598 -0.241545 0.553408
v -0.107165 -0.198898 0.446505
v -0.109659 -0.199194 0.435002
v -0.112455 -0.200627 0.425310
v -0.115445 -0.203143 0.417799
v -0.118514 -0.206644 0.412758
v -0.099980 -0.202480 0.458410
v -0.098048 -0.204616 0.472093
v -0.096864 -0.207682 0.486160
v -0.096473 -0.211559 0.500070
v -0.096891 -0.216097 0.513289
v -0.098101 -0.221124 0.525309
v -0.100057 -0.226445 0.535668
v -0.102684 -0.231856 0.543967
v -0.105880 -0.237150 0.549889
v -0.109523 -0.242122 0.553205
v -0.102586 -0.201354 0.445637
v -0.105765 -0.201282 0.434265
v -0.109395 -0.202268 0.424730
v -0.113337 -0.204273 0.417400
v -0.117440 -0.207220 0.412555
v -0.095625 -0.205958 0.457302
v -0.093425 -0.208309 0.470917
v -0.092150 -0.211447 0.484960
v -0.091850 -0.215251 0.498894
v -0.092536 -0.219576 0.512181
v -0.094181 -0.224255 0.524312
v -0.096724 -0.229107 0.534819
v -0.100065 -0.233948 0.543301
v -0.104076 -0.238590 0.549430
v -0.108603 -0.242856 0.552971
v -0.098666 -0.204484 0.444640
v -0.102431 -0.203945 0.433417
v -0.106776 -0.204360 0.424064
v -0.111533 -0.205714 0.416940
v -0.116520 -0.207954 0.412321
v -0.092170 -0.210052 0.456092
v -0.089757 -0.212655 0.469632
v -0.088410 -0.215878 0.483650
v -0.088182 -0.219598 0.497609
v -0.089081 -0.223670 0.510970
v -0.091072 -0.227939 0.523222
v -0.094079 -0.232241 0.533893
v -0.097987 -0.236410 0.542573
v -0.102645 -0.240286 0.548928
v -0.107874 -0.243721 0.552715
v -0.095557 -0.208169 0.443551
v -0.099787 -0.207078 0.432490
v -0.104698 -0.206822 0.423336
v -0.110102 -0.207410 0.416439
v -0.115791 -0.208819 0.412065
v -0.089748 -0.214605 0.454826
v -0.087186 -0.217488 0.468288
v -0.085789 -0.220806 0.482280
v -0.085611 -0.224431 0.496265
v -0.086659 -0.228223 0.509705
v -0.088893 -0.232036 0.522083
v -0.092226 -0.235725 0.532924
v -0.096531 -0.239148 0.541812
v -0.101642 -0.242172 0.548404
v -0.107363 -0.244682 0.552448
v -0.093377 -0.212266 0.442411
v -0.097933 -0.210563 0.431521
v -0.103242 -0.209560 0.422575
v -0.109099 -0.209295 0.415915
v -0.115279 -0.209780 0.411798
v -0.088452 -0.219441 0.453553
v -0.085810 -0.222622 0.466936
v -0.084387 -0.226040 0.480902
v -0.084236 -0.229564 0.494913
v -0.085364 -0.233059 0.508432
v -0.087727 -0.236389 0.520937
v -0.091234 -0.239427 0.531950
v -0.095752 -0.242056 0.541046
v -0.101105 -0.244175 0.547877
v -0.107089 -0.245703 0.552179
v -0.092211 -0.216618 0.441266
v -0.096942 -0.214264 0.430547
v -0.102463 -0.212468 0.421809
v -0.108562 -0.211298 0.415387
v -0.115006 -0.210802 0.411529
v -0.088333 -0.224374 0.452322
v -0.084257 -0.231380 0.479570
v -0.091143 -0.243203 0.531008
v -0.095680 -0.245022 0.540306
v -0.096850 -0.218040 0.429605
v -0.108513 -0.213342 0.414878
v -0.114980 -0.211843 0.411269
v 0.155756 0.186403 0.448702
v 0.157746 0.181869 0.461787
v 0.158950 0.177995 0.475652
v 0.159321 0.174927 0.489764
v 0.158845 0.172785 0.503581
v 0.157541 0.171650 0.516572
v 0.155458 0.171566 0.528237
v 0.152677 0.172537 0.538129
v 0.149304 0.174524 0.545867
v 0.145469 0.177453 0.551154
v 0.146353 0.178191 0.551288
v 0.151038 0.175973 0.546129
v 0.155194 0.174641 0.538509
v 0.158662 0.174244 0.528721
v 0.161308 0.174799 0.517141
v 0.163031 0.176283 0.504213
v 0.163765 0.178641 0.490435
v 0.163481 0.181781 0.476336
v 0.162190 0.185584 0.462458
v 0.159943 0.189901 0.449335
v 0.156824 0.194569 0.437469
v 0.152954 0.199407 0.427318
v 0.148483 0.204229 0.419272
v 0.143581 0.208850 0.413640
v 0.138436 0.213093 0.410638
v 0.139124 0.213961 0.410815
v 0.144929 0.210553 0.413986
v 0.150441 0.206700 0.419775
v 0.155446 0.202552 0.427959
v 0.159754 0.198268 0.438222
v 0.163199 0.194011 0.450171
v 0.165647 0.189947 0.463347
v 0.167005 0.186230 0.477242
v 0.167222 0.183004 0.491323
v 0.166287 0.180393 0.505050
v 0.164239 0.178497 0.517894
v 0.161154 0.177389 0.529362
v 0.157152 0.177112 0.539012
v 0.152387 0.177676 0.546476
v 0.147041 0.179059 0.551464
v 0.147505 0.180023 0.551677
v 0.153298 0.179566 0.546893
v 0.158475 0.179856 0.539619
v 0.162838 0.180882 0.530133
v 0.166219 0.182604 0.518802
v 0.168488 0.184957 0.506059
v 0.169558 0.187849 0.492394
v 0.169388 0.191169 0.478334
v 0.167983 0.194791 0.464417
v 0.165399 0.198575 0.451180
v 0.161735 0.202374 0.439130
v 0.157131 0.206045 0.428731
v 0.151764 0.209444 0.420382
v 0.145841 0.212443 0.414404
v 0.139589 0.214925 0.411028
v 0.152402 0.212356 0.421068
v 0.162690 0.206732 0.440157
v 0.169110 0.199931 0.465629
v 0.170684 0.192988 0.493606
v 0.169549 0.189798 0.507200
v 0.167174 0.186961 0.519829
v 0.153738 0.181572 0.547366
v 0.147729 0.181045 0.551918
v 0.153056 0.191420 0.436900
v 0.149750 0.196729 0.426834
v 0.145965 0.202125 0.418892
v 0.141847 0.207401 0.413378
v 0.137553 0.212354 0.410504
v 0.133248 0.216794 0.410381
v 0.150801 0.183650 0.448298
v 0.152486 0.178947 0.461358
v 0.153586 0.175015 0.475214
v 0.154060 0.172005 0.489335
v 0.153890 0.170032 0.503177
v 0.153081 0.169173 0.516208
v 0.151665 0.169459 0.527928
v 0.149697 0.170881 0.537886
v 0.147251 0.173384 0.545700
v 0.144423 0.176871 0.551069
v 0.148597 0.188943 0.436536
v 0.145958 0.194622 0.426525
v 0.142985 0.200470 0.418649
v 0.139794 0.206261 0.413211
v 0.136506 0.211773 0.410419
v 0.145267 0.181749 0.448138
v 0.146611 0.176929 0.461188
v 0.147596 0.172957 0.475041
v 0.148185 0.169987 0.489165
v 0.148356 0.168131 0.503016
v 0.148100 0.167462 0.516064
v 0.147430 0.168004 0.527805
v 0.146369 0.169738 0.537790
v 0.144959 0.172597 0.545633
v 0.143254 0.176470 0.551035
v 0.143616 0.187232 0.436392
v 0.141722 0.193167 0.426402
v 0.139657 0.199326 0.418553
v 0.137502 0.205473 0.413144
v 0.135338 0.211372 0.410385
v 0.139367 0.180772 0.448227
v 0.140347 0.175893 0.461283
v 0.141210 0.171901 0.475138
v 0.141922 0.168950 0.489260
v 0.142455 0.167155 0.503106
v 0.142790 0.166583 0.516145
v 0.142914 0.167257 0.527874
v 0.142821 0.169151 0.537844
v 0.142515 0.172192 0.545671
v 0.142008 0.176264 0.551054
v 0.138306 0.186353 0.436473
v 0.137206 0.192420 0.426471
v 0.136109 0.198739 0.418607
v 0.135058 0.205069 0.413181
v 0.134092 0.211165 0.410404
v 0.133327 0.180758 0.448564
v 0.133935 0.175877 0.461640
v 0.134672 0.171885 0.475502
v 0.135510 0.168935 0.489617
v 0.136416 0.167140 0.503443
v 0.137355 0.166570 0.516447
v 0.138291 0.167246 0.528131
v 0.139189 0.169143 0.538046
v 0.140013 0.172186 0.545810
v 0.140733 0.176261 0.551125
v 0.132870 0.186340 0.436776
v 0.132584 0.192409 0.426729
v 0.132477 0.198731 0.418809
v 0.132556 0.205063 0.413321
v 0.132816 0.211162 0.410475
v 0.127380 0.181707 0.449134
v 0.127622 0.176884 0.462245
v 0.128236 0.172912 0.476119
v 0.129197 0.169942 0.490222
v 0.130469 0.168089 0.504013
v 0.132003 0.167424 0.516960
v 0.133740 0.167972 0.528568
v 0.135613 0.169713 0.538389
v 0.137550 0.172579 0.546046
v 0.139477 0.176461 0.551245
v 0.127518 0.187194 0.437289
v 0.128032 0.193135 0.427165
v 0.128901 0.199301 0.419152
v 0.130093 0.205456 0.413557
v 0.131560 0.211363 0.410596
v 0.121754 0.183582 0.449916
v 0.121650 0.178875 0.463076
v 0.122146 0.174941 0.476966
v 0.123225 0.171932 0.491052
v 0.124843 0.169964 0.504795
v 0.126940 0.169111 0.517664
v 0.129434 0.169407 0.529166
v 0.132230 0.170840 0.538859
v 0.135220 0.173356 0.546370
v 0.138289 0.176857 0.551410
v 0.122455 0.188881 0.437992
v 0.123726 0.194570 0.427763
v 0.125518 0.200429 0.419622
v 0.127762 0.206233 0.413881
v 0.130373 0.211758 0.410761
v 0.116666 0.186311 0.450879
v 0.116248 0.181772 0.464098
v 0.116639 0.177895 0.478009
v 0.117823 0.174830 0.492075
v 0.119755 0.172693 0.505758
v 0.122360 0.171567 0.518531
v 0.125540 0.171496 0.529904
v 0.129170 0.172481 0.539438
v 0.133112 0.174486 0.546769
v 0.137215 0.177433 0.551614
v 0.117876 0.191337 0.438860
v 0.119832 0.196659 0.428501
v 0.122459 0.202070 0.420201
v 0.125655 0.207363 0.414280
v 0.129298 0.212335 0.410964
v 0.112311 0.189789 0.451988
v 0.111625 0.185465 0.465275
v 0.111925 0.181660 0.479208
v 0.113199 0.178522 0.493252
v 0.115400 0.176171 0.506867
v 0.118441 0.174698 0.519529
v 0.122206 0.174158 0.530752
v 0.126551 0.174573 0.540105
v 0.131308 0.175927 0.547228
v 0.136295 0.178168 0.551848
v 0.113956 0.194468 0.439857
v 0.116499 0.199321 0.429349
v 0.119839 0.204161 0.420868
v 0.123851 0.208804 0.414739
v 0.128378 0.213069 0.411198
v 0.108856 0.193883 0.453198
v 0.107957 0.189811 0.466560
v 0.108185 0.186092 0.480518
v 0.109532 0.182869 0.494537
v 0.111945 0.180266 0.508077
v 0.115331 0.178382 0.520618
v 0.119562 0.177292 0.531678
v 0.124473 0.177035 0.540833
v 0.129877 0.177623 0.547730
v 0.135565 0.179032 0.552104
v 0.110847 0.198153 0.440946
v 0.113854 0.202454 0.430276
v 0.117762 0.206623 0.421596
v 0.122420 0.210500 0.415240
v 0.127649 0.213934 0.411454
v 0.106434 0.198436 0.454464
v 0.105386 0.194644 0.467904
v 0.105564 0.191019 0.481889
v 0.106961 0.187702 0.495881
v 0.109523 0.184818 0.509343
v 0.113152 0.182480 0.521758
v 0.117708 0.180776 0.532647
v 0.123017 0.179773 0.541594
v 0.128874 0.179509 0.548254
v 0.135054 0.179994 0.552371
v 0.108668 0.202250 0.442086
v 0.112001 0.205939 0.431245
v 0.116306 0.209361 0.422357
v 0.121417 0.212385 0.415765
v 0.127137 0.214895 0.411721
v 0.105138 0.203272 0.455737
v 0.104011 0.199778 0.469255
v 0.104162 0.196254 0.483267
v 0.105585 0.192835 0.497232
v 0.108227 0.189654 0.510616
v 0.111986 0.186832 0.522903
v 0.116717 0.184477 0.533622
v 0.122238 0.182681 0.542360
v 0.128337 0.181512 0.548781
v 0.134780 0.181015 0.552640
v 0.107501 0.206602 0.443231
v 0.111009 0.209640 0.432219
v 0.115526 0.212269 0.423122
v 0.120880 0.214389 0.416292
v 0.126864 0.215916 0.411990
v 0.105019 0.208205 0.456968
v 0.103884 0.205015 0.470562
v 0.104032 0.201594 0.484599
v 0.105458 0.198073 0.498539
v 0.108108 0.194587 0.511847
v 0.111878 0.191272 0.524011
v 0.116625 0.188253 0.534564
v 0.122166 0.185648 0.543100
v 0.128288 0.183555 0.549291
v 0.134755 0.182057 0.552900
v 0.107394 0.211042 0.444339
v 0.110918 0.213416 0.433161
v 0.115455 0.215236 0.423863
v 0.120830 0.216432 0.416802
v 0.126839 0.216958 0.412250
v 0.106080 0.213047 0.458110
v 0.105010 0.210155 0.471774
v 0.105181 0.206834 0.485835
v 0.106585 0.203212 0.499751
v 0.109169 0.199429 0.512989
v 0.112833 0.195629 0.525038
v 0.117437 0.191959 0.535438
v 0.122804 0.188559 0.543786
v 0.128727 0.185561 0.549764
v 0.134979 0.183079 0.553141
v 0.108349 0.215399 0.445367
v 0.111730 0.217121 0.434035
v 0.116093 0.218147 0.424549
v 0.121270 0.218437 0.417275
v 0.127063 0.217981 0.412491
v 0.108281 0.217610 0.459118
v 0.107346 0.214999 0.472845
v 0.107563 0.211773 0.486926
v 0.108921 0.208057 0.500822
v 0.111369 0.203992 0.513997
v 0.114814 0.199736 0.525946
v 0.119122 0.195451 0.536209
v 0.124127 0.191303 0.544393
v 0.129639 0.187451 0.550182
v 0.135444 0.184043 0.553354
v 0.110329 0.219506 0.446274
v 0.113414 0.220614 0.434807
v 0.117416 0.220892 0.425156
v 0.122181 0.220328 0.417693
v 0.127527 0.218944 0.412704
v 0.111537 0.221720 0.459955
v 0.110803 0.219362 0.473733
v 0.111087 0.216222 0.487832
v 0.112378 0.212420 0.501710
v 0.114626 0.208102 0.514834
v 0.117744 0.203435 0.526699
v 0.121614 0.198597 0.536850
v 0.126085 0.193775 0.544896
v 0.130987 0.189153 0.550528
v 0.136131 0.184910 0.553530
v 0.113260 0.223205 0.447027
v 0.115906 0.223760 0.435447
v 0.119374 0.223363 0.425659
v 0.123530 0.222030 0.418039
v 0.128215 0.219812 0.412881
v 0.115723 0.225219 0.460587
v 0.115247 0.223076 0.474404
v 0.115618 0.220009 0.488516
v 0.116822 0.216134 0.502381
v 0.118812 0.211601 0.515466
v 0.121512 0.206583 0.527268
v 0.124818 0.201275 0.537334
v 0.128603 0.195879 0.545276
v 0.132721 0.190602 0.550790
v 0.137016 0.185649 0.553664
v 0.141320 0.181209 0.553787
v 0.117027 0.226354 0.447597
v 0.119110 0.226437 0.435931
v 0.121891 0.225467 0.426039
v 0.125264 0.223479 0.418301
v 0.129099 0.220551 0.413014
v 0.120678 0.227971 0.460992
v 0.120508 0.225999 0.474833
v 0.120982 0.222988 0.488954
v 0.122082 0.219056 0.502810
v 0.123767 0.214354 0.515870
v 0.125971 0.209061 0.527632
v 0.128610 0.203382 0.537643
v 0.131583 0.197534 0.545519
v 0.134774 0.191743 0.550958
v 0.138062 0.186231 0.553749
v 0.121487 0.228831 0.447960
v 0.122903 0.228544 0.436240
v 0.124871 0.227122 0.426282
v 0.127317 0.224619 0.418468
v 0.130145 0.221132 0.413099
v 0.126212 0.229873 0.461152
v 0.126383 0.228017 0.475004
v 0.126972 0.225046 0.489127
v 0.127957 0.221075 0.502980
v 0.129301 0.216255 0.516031
v 0.130952 0.210772 0.527776
v 0.132846 0.204837 0.537766
v 0.134911 0.198677 0.545616
v 0.137066 0.192530 0.551024
v 0.139231 0.186632 0.553783
v 0.126467 0.230542 0.448105
v 0.127138 0.229999 0.436363
v 0.128199 0.228265 0.426379
v 0.129609 0.225407 0.418535
v 0.131314 0.221534 0.413133
v 0.132113 0.230849 0.461062
v 0.132646 0.229053 0.474908
v 0.133358 0.226103 0.489030
v 0.134221 0.222111 0.502885
v 0.135202 0.217231 0.515941
v 0.136262 0.211650 0.527695
v 0.137362 0.205584 0.537697
v 0.138459 0.199264 0.545562
v 0.139510 0.192935 0.550987
v 0.140476 0.186838 0.553764
v 0.131778 0.231421 0.448024
v 0.131654 0.230747 0.436294
v 0.131747 0.228852 0.426325
v 0.132053 0.225811 0.418498
v 0.132560 0.221740 0.413114
v 0.138152 0.230863 0.460726
v 0.139058 0.229069 0.474551
v 0.139896 0.226118 0.488666
v 0.140633 0.222126 0.502528
v 0.141241 0.217245 0.515604
v 0.141698 0.211663 0.527393
v 0.141984 0.205595 0.537440
v 0.142091 0.199273 0.545359
v 0.142012 0.192941 0.550848
v 0.141752 0.186841 0.553693
v 0.137213 0.231433 0.447721
v 0.136277 0.230757 0.436037
v 0.135379 0.228861 0.426122
v 0.134555 0.225817 0.418358
v 0.133835 0.221743 0.413043
v 0.144099 0.229915 0.460155
v 0.145371 0.228061 0.473946
v 0.146333 0.225092 0.488049
v 0.146946 0.221119 0.501923
v 0.147188 0.216297 0.515034
v 0.147050 0.210810 0.526880
v 0.146536 0.204869 0.537003
v 0.145667 0.198702 0.545017
v 0.144475 0.192548 0.550611
v 0.143008 0.186641 0.553573
v 0.142565 0.230580 0.447208
v 0.140828 0.230031 0.435600
v 0.138955 0.228291 0.425779
v 0.137018 0.225424 0.418122
v 0.135091 0.221542 0.412923
v 0.149725 0.228040 0.459374
v 0.151343 0.226071 0.473116
v 0.152422 0.223062 0.487203
v 0.152918 0.219129 0.501093
v 0.152814 0.214422 0.514252
v 0.152113 0.209122 0.526176
v 0.150842 0.203434 0.536405
v 0.149050 0.197575 0.544546
v 0.146806 0.191771 0.550287
v 0.144196 0.186245 0.553408
v 0.147628 0.228892 0.446504
v 0.145134 0.228596 0.435002
v 0.142338 0.227163 0.425309
v 0.139348 0.224648 0.417798
v 0.136279 0.221147 0.412758
v 0.154813 0.225311 0.458410
v 0.156745 0.223174 0.472093
v 0.157929 0.220108 0.486160
v 0.158320 0.216232 0.500070
v 0.157902 0.211693 0.513289
v 0.156692 0.206666 0.525309
v 0.154736 0.201345 0.535667
v 0.152110 0.195934 0.543967
v 0.148913 0.190641 0.549888
v 0.145270 0.185669 0.553204
v 0.152208 0.226436 0.445637
v 0.149029 0.226508 0.434264
v 0.145398 0.225522 0.424730
v 0.141456 0.223517 0.417399
v 0.137353 0.220570 0.412554
v 0.159168 0.221832 0.457302
v 0.161369 0.219481 0.470916
v 0.162643 0.216343 0.484960
v 0.162943 0.212539 0.498893
v 0.162257 0.208214 0.512181
v 0.160612 0.203536 0.524311
v 0.158070 0.198683 0.534819
v 0.154729 0.193842 0.543300
v 0.150717 0.189200 0.549429
v 0.146190 0.184934 0.552970
v 0.156127 0.223306 0.444639
v 0.152362 0.223845 0.433416
v 0.148017 0.223430 0.424063
v 0.143260 0.222076 0.416940
v 0.138273 0.219836 0.412320
v 0.162623 0.217738 0.456091
v 0.165036 0.215135 0.469631
v 0.166383 0.211912 0.483650
v 0.166611 0.208193 0.497608
v 0.165712 0.204120 0.510970
v 0.163721 0.199851 0.523222
v 0.160714 0.195549 0.533893
v 0.156806 0.191380 0.542573
v 0.152148 0.187504 0.548928
v 0.146919 0.184070 0.552714
v 0.159237 0.219621 0.443550
v 0.155006 0.220712 0.432490
v 0.150095 0.220968 0.423335
v 0.144691 0.220380 0.416439
v 0.139003 0.218971 0.412065
v 0.165045 0.213186 0.454825
v 0.167607 0.210302 0.468287
v 0.169004 0.206984 0.482279
v 0.169182 0.203360 0.496264
v 0.168134 0.199568 0.509704
v 0.165901 0.195754 0.522082
v 0.162567 0.192065 0.532924
v 0.158262 0.188642 0.541811
v 0.153151 0.185618 0.548404
v 0.147431 0.183108 0.552447
v 0.161416 0.215524 0.442411
v 0.156860 0.217227 0.431521
v 0.151551 0.218231 0.422574
v 0.145694 0.218495 0.415914
v 0.139514 0.218010 0.411797
v 0.166341 0.208350 0.453552
v 0.168983 0.205168 0.466936
v 0.170406 0.201750 0.480902
v 0.170557 0.198226 0.494913
v 0.169430 0.194732 0.508431
v 0.167067 0.191402 0.520937
v 0.163559 0.188364 0.531949
v 0.159042 0.185734 0.541046
v 0.153688 0.183615 0.547876
v 0.147704 0.182087 0.552178
v 0.162582 0.211172 0.441265
v 0.157851 0.213526 0.430547
v 0.152330 0.215323 0.421809
v 0.146231 0.216492 0.415387
v 0.139788 0.216989 0.411529
v 0.166460 0.203416 0.452321
v 0.170536 0.196410 0.479569
v 0.163650 0.184588 0.531007
v 0.159113 0.182768 0.540305
v 0.157943 0.209750 0.429604
v 0.146280 0.214448 0.414877
v 0.139813 0.215947 0.411269
v -0.099037 -0.016318 0.400057
v -0.097047 -0.020851 0.413142
v -0.095843 -0.024726 0.427007
v -0.095472 -0.027794 0.441119
v -0.095948 -0.029936 0.454936
v -0.097253 -0.031071 0.467927
v -0.099335 -0.031155 0.479593
v -0.102117 -0.030184 0.489484
v -0.105490 -0.028196 0.497223
v -0.109324 -0.025268 0.502509
v -0.108440 -0.024529 0.502643
v -0.103756 -0.026747 0.497485
v -0.099599 -0.028080 0.489865
v -0.096132 -0.028477 0.480077
v -0.093485 -0.027922 0.468496
v -0.091762 -0.026437 0.455569
v -0.091028 -0.024080 0.441791
v -0.091312 -0.020939 0.427692
v -0.092603 -0.017137 0.413814
v -0.094851 -0.012820 0.400690
v -0.097970 -0.008152 0.388825
v -0.101839 -0.003314 0.378674
v -0.106311 0.001508 0.370628
v -0.111213 0.006129 0.364995
v -0.116357 0.010372 0.361993
v -0.115669 0.011240 0.362170
v -0.109864 0.007832 0.365342
v -0.104353 0.003979 0.371131
v -0.099347 -0.000169 0.379314
v -0.095039 -0.004453 0.389577
v -0.091595 -0.008710 0.401526
v -0.089146 -0.012774 0.414702
v -0.087788 -0.016491 0.428597
v -0.087572 -0.019717 0.442679
v -0.088506 -0.022328 0.456405
v -0.090555 -0.024223 0.469249
v -0.093639 -0.025331 0.480717
v -0.097641 -0.025609 0.490368
v -0.102407 -0.025045 0.497831
v -0.107753 -0.023661 0.502820
v -0.107288 -0.022698 0.503033
v -0.101495 -0.023155 0.498249
v -0.096318 -0.022865 0.490974
v -0.091955 -0.021839 0.481489
v -0.088574 -0.020116 0.470157
v -0.086305 -0.017764 0.457414
v -0.085235 -0.014872 0.443749
v -0.085406 -0.011551 0.429689
v -0.086810 -0.007930 0.415772
v -0.089394 -0.004146 0.402535
v -0.093059 -0.000346 0.390485
v -0.097663 0.003324 0.380086
v -0.103029 0.006724 0.371737
v -0.108953 0.009722 0.365760
v -0.115205 0.012204 0.362383
v -0.102391 0.009635 0.372424
v -0.092104 0.004011 0.391513
v -0.085684 -0.002790 0.416984
v -0.084109 -0.009732 0.444961
v -0.085244 -0.012923 0.458556
v -0.087619 -0.015759 0.471184
v -0.101056 -0.021149 0.498722
v -0.107064 -0.021675 0.503274
v -0.101737 -0.011301 0.388255
v -0.105043 -0.005992 0.378190
v -0.108828 -0.000596 0.370247
v -0.112947 0.004680 0.364733
v -0.117241 0.009634 0.361860
v -0.121545 0.014074 0.361737
v -0.103992 -0.019071 0.399653
v -0.102308 -0.023774 0.412713
v -0.101207 -0.027706 0.426570
v -0.100733 -0.030716 0.440690
v -0.100904 -0.032689 0.454532
v -0.101712 -0.033548 0.467563
v -0.103128 -0.033261 0.479283
v -0.105097 -0.031839 0.489241
v -0.107542 -0.029337 0.497055
v -0.110371 -0.025849 0.502424
v -0.106197 -0.013778 0.387892
v -0.108836 -0.008099 0.377880
v -0.111808 -0.002251 0.370004
v -0.114999 0.003540 0.364566
v -0.118287 0.009052 0.361774
v -0.109527 -0.020972 0.399493
v -0.108183 -0.025792 0.412543
v -0.107197 -0.029763 0.426396
v -0.106608 -0.032734 0.440520
v -0.106438 -0.034590 0.454372
v -0.106693 -0.035259 0.467419
v -0.107364 -0.034717 0.479161
v -0.108425 -0.032983 0.489145
v -0.109834 -0.030124 0.496989
v -0.111539 -0.026251 0.502390
v -0.111177 -0.015489 0.387747
v -0.113071 -0.009554 0.377758
v -0.115136 -0.003394 0.369908
v -0.117292 0.002752 0.364500
v -0.119456 0.008651 0.361740
v -0.115427 -0.021948 0.399583
v -0.114446 -0.026828 0.412638
v -0.113584 -0.030820 0.426493
v -0.112872 -0.033771 0.440615
v -0.112338 -0.035566 0.454462
v -0.112003 -0.036138 0.467500
v -0.111880 -0.035464 0.479229
v -0.111973 -0.033570 0.489199
v -0.112278 -0.030529 0.497026
v -0.112785 -0.026457 0.502409
v -0.116487 -0.016368 0.387828
v -0.117587 -0.010301 0.377826
v -0.118684 -0.003982 0.369962
v -0.119736 0.002348 0.364537
v -0.120702 0.008445 0.361759
v -0.121467 -0.021962 0.399919
v -0.120858 -0.026843 0.412996
v -0.120121 -0.030836 0.426858
v -0.119283 -0.033786 0.440973
v -0.118378 -0.035580 0.454798
v -0.117439 -0.036151 0.467803
v -0.116502 -0.035475 0.479487
v -0.115605 -0.033578 0.489401
v -0.114780 -0.030534 0.497165
v -0.114061 -0.026460 0.502480
v -0.121923 -0.016380 0.388131
v -0.122210 -0.010312 0.378084
v -0.122316 -0.003990 0.370164
v -0.122237 0.002342 0.364676
v -0.121977 0.008442 0.361830
v -0.127414 -0.021014 0.400489
v -0.127171 -0.025836 0.413601
v -0.126558 -0.029809 0.427475
v -0.125597 -0.032779 0.441578
v -0.124325 -0.034632 0.455368
v -0.122791 -0.035297 0.468316
v -0.121054 -0.034749 0.479923
v -0.119181 -0.033008 0.489744
v -0.117243 -0.030142 0.497401
v -0.115316 -0.026260 0.502601
v -0.127275 -0.015527 0.388644
v -0.126761 -0.009586 0.378520
v -0.125892 -0.003420 0.370507
v -0.124701 0.002735 0.364912
v -0.123233 0.008642 0.361951
v -0.133039 -0.019139 0.401271
v -0.133144 -0.023846 0.414431
v -0.132647 -0.027780 0.428321
v -0.131569 -0.030788 0.442408
v -0.129950 -0.032757 0.456150
v -0.127854 -0.033610 0.469019
v -0.125360 -0.033314 0.480522
v -0.122564 -0.031880 0.490214
v -0.119574 -0.029365 0.497725
v -0.116504 -0.025864 0.502766
v -0.132338 -0.013840 0.389348
v -0.131067 -0.008151 0.379119
v -0.129275 -0.002292 0.370977
v -0.127031 0.003512 0.365236
v -0.124421 0.009038 0.362116
v -0.138128 -0.016410 0.402235
v -0.138545 -0.020949 0.415454
v -0.138155 -0.024826 0.429364
v -0.136971 -0.027891 0.443431
v -0.135039 -0.030028 0.457114
v -0.132433 -0.031154 0.469887
v -0.129254 -0.031225 0.481259
v -0.125624 -0.030239 0.490794
v -0.121681 -0.028234 0.498124
v -0.117579 -0.025288 0.502969
v -0.136917 -0.011383 0.390215
v -0.134962 -0.006062 0.379856
v -0.132335 -0.000651 0.371557
v -0.129139 0.004642 0.365635
v -0.125495 0.009614 0.362319
v -0.142483 -0.012932 0.403343
v -0.143169 -0.017256 0.416630
v -0.142869 -0.021060 0.430564
v -0.141594 -0.024198 0.444607
v -0.139394 -0.026549 0.458222
v -0.136353 -0.028023 0.470884
v -0.132587 -0.028563 0.482107
v -0.128243 -0.028148 0.491460
v -0.123485 -0.026794 0.498584
v -0.118498 -0.024553 0.503203
v -0.140837 -0.008253 0.391212
v -0.138295 -0.003400 0.380704
v -0.134954 0.001441 0.372223
v -0.130943 0.006083 0.366094
v -0.126415 0.010349 0.362554
v -0.145938 -0.008837 0.404554
v -0.146836 -0.012910 0.417915
v -0.146608 -0.016629 0.431874
v -0.145262 -0.019852 0.445892
v -0.142849 -0.022455 0.459432
v -0.139462 -0.024338 0.471973
v -0.135232 -0.025429 0.483034
v -0.130320 -0.025686 0.492188
v -0.124916 -0.025098 0.499085
v -0.119228 -0.023689 0.503459
v -0.143946 -0.004568 0.392302
v -0.140939 -0.000266 0.381631
v -0.137032 0.003903 0.372951
v -0.132374 0.007779 0.366596
v -0.127145 0.011213 0.362809
v -0.148359 -0.004285 0.405820
v -0.149407 -0.008077 0.419259
v -0.149230 -0.011701 0.433244
v -0.147833 -0.015019 0.447236
v -0.145271 -0.017903 0.460698
v -0.141642 -0.020241 0.473113
v -0.137085 -0.021945 0.484003
v -0.131776 -0.022948 0.492949
v -0.125920 -0.023212 0.499609
v -0.119739 -0.022727 0.503726
v -0.146126 -0.000471 0.393441
v -0.142793 0.003218 0.382600
v -0.138488 0.006640 0.373712
v -0.133377 0.009665 0.367120
v -0.127656 0.012175 0.363076
v -0.149655 0.000551 0.407092
v -0.150783 -0.002943 0.420611
v -0.150632 -0.006467 0.434622
v -0.149208 -0.009885 0.448588
v -0.146566 -0.013067 0.461971
v -0.142808 -0.015889 0.474258
v -0.138077 -0.018243 0.484977
v -0.132556 -0.020040 0.493715
v -0.126456 -0.021209 0.500137
v -0.120013 -0.021706 0.503995
v -0.147292 0.003881 0.394587
v -0.143784 0.006919 0.383574
v -0.139267 0.009548 0.374478
v -0.133913 0.011668 0.367647
v -0.127930 0.013196 0.363345
v -0.149775 0.005485 0.408323
v -0.150910 0.002294 0.421917
v -0.150761 -0.001127 0.435954
v -0.149335 -0.004648 0.449894
v -0.146686 -0.008133 0.463202
v -0.142915 -0.011449 0.475366
v -0.138168 -0.014468 0.485919
v -0.132627 -0.017073 0.494455
v -0.126506 -0.019165 0.500646
v -0.120038 -0.020664 0.504255
v -0.147400 0.008321 0.395695
v -0.143876 0.010695 0.384516
v -0.139339 0.012515 0.375218
v -0.133963 0.013711 0.368157
v -0.127955 0.014237 0.363605
v -0.148714 0.010326 0.409465
v -0.149783 0.007434 0.423129
v -0.149613 0.004113 0.437190
v -0.148209 0.000492 0.451106
v -0.145625 -0.003292 0.464344
v -0.141960 -0.007092 0.476394
v -0.137356 -0.010762 0.486793
v -0.131989 -0.014162 0.495142
v -0.126066 -0.017160 0.501119
v -0.119814 -0.019642 0.504496
v -0.146445 0.012678 0.396722
v -0.143064 0.014401 0.385390
v -0.138701 0.015426 0.375905
v -0.133524 0.015717 0.368630
v -0.127731 0.015260 0.363846
v -0.146513 0.014889 0.410474
v -0.147447 0.012279 0.424200
v -0.147231 0.009053 0.438282
v -0.145872 0.005336 0.452177
v -0.143424 0.001272 0.465352
v -0.139980 -0.002985 0.477301
v -0.135672 -0.007269 0.487565
v -0.130666 -0.011417 0.495748
v -0.125155 -0.015270 0.501537
v -0.119349 -0.018678 0.504709
v -0.144464 0.016785 0.397630
v -0.141379 0.017893 0.386162
v -0.137377 0.018171 0.376511
v -0.132612 0.017607 0.369048
v -0.127266 0.016223 0.364059
v -0.143257 0.018999 0.411310
v -0.143990 0.016642 0.425088
v -0.143706 0.013501 0.439187
v -0.142416 0.009699 0.453065
v -0.140168 0.005381 0.466189
v -0.137049 0.000714 0.478054
v -0.133180 -0.004124 0.488205
v -0.128708 -0.008946 0.496251
v -0.123806 -0.013567 0.501884
v -0.118662 -0.017810 0.504886
v -0.141534 0.020484 0.398383
v -0.138887 0.021039 0.386802
v -0.135419 0.020642 0.377014
v -0.131263 0.019309 0.369394
v -0.126579 0.017091 0.364236
v -0.139071 0.022498 0.411943
v -0.139546 0.020356 0.425760
v -0.139175 0.017288 0.439872
v -0.137972 0.013413 0.453737
v -0.135982 0.008880 0.466822
v -0.133282 0.003863 0.478624
v -0.129976 -0.001446 0.488689
v -0.126191 -0.006842 0.496632
v -0.122072 -0.012118 0.502146
v -0.117778 -0.017072 0.505019
v -0.113474 -0.021512 0.505142
v -0.137766 0.023633 0.398952
v -0.135683 0.023717 0.387286
v -0.132902 0.022746 0.377394
v -0.129529 0.020758 0.369656
v -0.125695 0.017830 0.364369
v -0.134115 0.025251 0.412347
v -0.134286 0.023278 0.426189
v -0.133812 0.020268 0.440309
v -0.132711 0.016336 0.454166
v -0.131026 0.011633 0.467226
v -0.128822 0.006340 0.478987
v -0.126183 0.000661 0.488999
v -0.123211 -0.005187 0.496875
v -0.120019 -0.010978 0.502313
v -0.116732 -0.016490 0.505105
v -0.133307 0.026110 0.399316
v -0.131891 0.025823 0.387596
v -0.129922 0.024401 0.377638
v -0.127477 0.021899 0.369824
v -0.124648 0.018411 0.364455
v -0.128581 0.027152 0.412507
v -0.128411 0.025296 0.426359
v -0.127822 0.022325 0.440483
v -0.126836 0.018354 0.454336
v -0.125492 0.013534 0.467386
v -0.123842 0.008051 0.479132
v -0.121947 0.002116 0.489121
v -0.119883 -0.004044 0.496971
v -0.117727 -0.010191 0.502379
v -0.115563 -0.016089 0.505138
v -0.128326 0.027821 0.399460
v -0.127655 0.027278 0.387718
v -0.126594 0.025545 0.377734
v -0.125184 0.022686 0.369890
v -0.123480 0.018813 0.364489
v -0.122681 0.028128 0.412417
v -0.122147 0.026333 0.426264
v -0.121435 0.023382 0.440385
v -0.120572 0.019390 0.454241
v -0.119592 0.014510 0.467296
v -0.118531 0.008930 0.479051
v -0.117432 0.002863 0.489052
v -0.116335 -0.003457 0.496917
v -0.115283 -0.009786 0.502342
v -0.114317 -0.015883 0.505119
v -0.123016 0.028700 0.399379
v -0.123139 0.028026 0.387650
v -0.123046 0.026132 0.377680
v -0.122740 0.023090 0.369853
v -0.122234 0.019019 0.364470
v -0.116641 0.028142 0.412081
v -0.115735 0.026348 0.425906
v -0.114898 0.023398 0.440021
v -0.114161 0.019405 0.453883
v -0.113552 0.014524 0.466960
v -0.113096 0.008942 0.478748
v -0.112809 0.002874 0.488795
v -0.112703 -0.003448 0.496715
v -0.112781 -0.009780 0.502203
v -0.113042 -0.015880 0.505048
v -0.117580 0.028713 0.399076
v -0.118517 0.028037 0.387392
v -0.119414 0.026140 0.377478
v -0.120239 0.023096 0.369714
v -0.120958 0.019022 0.364399
v -0.110694 0.027194 0.411511
v -0.109422 0.025341 0.425301
v -0.108461 0.022371 0.439404
v -0.107847 0.018398 0.453278
v -0.107605 0.013576 0.466390
v -0.107744 0.008089 0.478235
v -0.108257 0.002148 0.488359
v -0.109127 -0.004018 0.496372
v -0.110318 -0.010173 0.501967
v -0.111786 -0.016080 0.504928
v -0.112228 0.027859 0.398563
v -0.113965 0.027311 0.386956
v -0.115838 0.025570 0.377135
v -0.117775 0.022703 0.369477
v -0.119702 0.018822 0.364278
v -0.105069 0.025319 0.410729
v -0.103450 0.023350 0.424471
v -0.102372 0.020341 0.438558
v -0.101875 0.016408 0.452448
v -0.101980 0.011701 0.465608
v -0.102681 0.006402 0.477531
v -0.103952 0.000713 0.487760
v -0.105744 -0.005146 0.495902
v -0.107988 -0.010950 0.501643
v -0.110598 -0.016476 0.504763
v -0.107165 0.026172 0.397859
v -0.109659 0.025876 0.386357
v -0.112455 0.024442 0.376665
v -0.115445 0.021927 0.369154
v -0.118515 0.018426 0.364113
v -0.099980 0.022590 0.409765
v -0.098048 0.020453 0.423448
v -0.096864 0.017388 0.437515
v -0.096474 0.013511 0.451425
v -0.096891 0.008972 0.464644
v -0.098101 0.003945 0.476664
v -0.100057 -0.001376 0.487023
v -0.102684 -0.006787 0.495322
v -0.105880 -0.012080 0.501244
v -0.109523 -0.017052 0.504559
v -0.102586 0.023716 0.396992
v -0.105765 0.023787 0.385620
v -0.109395 0.022801 0.376085
v -0.113338 0.020796 0.368754
v -0.117440 0.017850 0.363910
v -0.095625 0.019111 0.408657
v -0.093425 0.016760 0.422272
v -0.092150 0.013622 0.436315
v -0.091850 0.009818 0.450248
v -0.092536 0.005493 0.463536
v -0.094182 0.000815 0.475666
v -0.096724 -0.004038 0.486174
v -0.100065 -0.008879 0.494656
v -0.104076 -0.013521 0.500785
v -0.108604 -0.017787 0.504325
v -0.098666 0.020585 0.395995
v -0.102431 0.021125 0.384772
v -0.106776 0.020709 0.375419
v -0.111534 0.019356 0.368295
v -0.116520 0.017115 0.363676
v -0.092170 0.015017 0.407447
v -0.089757 0.012414 0.420987
v -0.088411 0.009191 0.435005
v -0.088182 0.005472 0.448964
v -0.089081 0.001399 0.462325
v -0.091072 -0.002870 0.474577
v -0.094080 -0.007172 0.485248
v -0.097987 -0.011341 0.493928
v -0.102645 -0.015217 0.500283
v -0.107874 -0.018651 0.504070
v -0.095557 0.016900 0.394905
v -0.099787 0.017991 0.383845
v -0.104699 0.018247 0.374691
v -0.110102 0.017660 0.367794
v -0.115791 0.016250 0.363420
v -0.089748 0.010465 0.406181
v -0.087186 0.007581 0.419643
v -0.085789 0.004263 0.433635
v -0.085611 0.000639 0.447620
v -0.086659 -0.003153 0.461059
v -0.088893 -0.006967 0.473438
v -0.092226 -0.010656 0.484279
v -0.096531 -0.014078 0.493167
v -0.101642 -0.017103 0.499759
v -0.107363 -0.019613 0.503802
v -0.093377 0.012803 0.393766
v -0.097934 0.014507 0.382876
v -0.103242 0.015510 0.373929
v -0.109099 0.015774 0.367270
v -0.115279 0.015289 0.363153
v -0.088453 0.005629 0.404908
v -0.085811 0.002447 0.418291
v -0.084387 -0.000971 0.432257
v -0.084236 -0.004495 0.446268
v -0.085364 -0.007989 0.459786
v -0.087727 -0.011319 0.472292
v -0.091235 -0.014357 0.483305
v -0.095752 -0.016986 0.492401
v -0.101105 -0.019106 0.499232
v -0.107089 -0.020634 0.503534
v -0.092211 0.008451 0.392620
v -0.096942 0.010805 0.381902
v -0.102463 0.012602 0.373164
v -0.108563 0.013771 0.366742
v -0.115006 0.014268 0.362884
v -0.088333 0.000695 0.403677
v -0.084258 -0.006311 0.430925
v -0.091143 -0.018133 0.482363
v -0.095680 -0.019953 0.491661
v -0.096851 0.007030 0.380960
v -0.108513 0.011727 0.366232
v -0.114981 0.013226 0.362624
v -0.099037 0.204309 0.448702
v -0.097047 0.199776 0.461787
v -0.095844 0.195901 0.475652
v -0.095473 0.192833 0.489764
v -0.095948 0.190691 0.503581
v -0.097253 0.189556 0.516572
v -0.099336 0.189472 0.528238
v -0.102117 0.190443 0.538129
v -0.105490 0.192431 0.545868
v -0.109324 0.195359 0.551154
v -0.108440 0.196098 0.551288
v -0.103756 0.193880 0.546130
v -0.099600 0.192547 0.538510
v -0.096132 0.192150 0.528722
v -0.093485 0.192705 0.517141
v -0.091762 0.194190 0.504214
v -0.091028 0.196547 0.490436
v -0.091312 0.199688 0.476337
v -0.092603 0.203490 0.462459
v -0.094851 0.207808 0.449335
v -0.097970 0.212475 0.437470
v -0.101839 0.217313 0.427319
v -0.106311 0.222135 0.419273
v -0.111213 0.226756 0.413640
v -0.116357 0.230999 0.410638
v -0.115670 0.231867 0.410815
v -0.109864 0.228459 0.413987
v -0.104353 0.224606 0.419776
v -0.099347 0.220458 0.427959
v -0.095039 0.216174 0.438222
v -0.091595 0.211917 0.450171
v -0.089147 0.207853 0.463347
v -0.087788 0.204136 0.477242
v -0.087572 0.200910 0.491324
v -0.088506 0.198299 0.505050
v -0.090555 0.196404 0.517894
v -0.093640 0.195296 0.529362
v -0.097642 0.195018 0.539013
v -0.102407 0.195582 0.546476
v -0.107753 0.196966 0.551465
v -0.107288 0.197929 0.551678
v -0.101495 0.197472 0.546894
v -0.096318 0.197763 0.539619
v -0.091955 0.198788 0.530134
v -0.088574 0.200511 0.518802
v -0.086305 0.202863 0.506059
v -0.085236 0.205755 0.492394
v -0.085406 0.209076 0.478334
v -0.086810 0.212697 0.464417
v -0.089394 0.216481 0.451180
v -0.093059 0.220281 0.439130
v -0.097663 0.223951 0.428731
v -0.103030 0.227351 0.420382
v -0.108953 0.230349 0.414405
v -0.115205 0.232831 0.411028
v -0.102391 0.230262 0.421069
v -0.092104 0.224638 0.440158
v -0.085684 0.217837 0.465629
v -0.084109 0.210895 0.493606
v -0.085244 0.207704 0.507201
v -0.087619 0.204868 0.519829
v -0.101056 0.199478 0.547367
v -0.107064 0.198952 0.551919
v -0.101737 0.209326 0.436900
v -0.105043 0.214635 0.426835
v -0.108828 0.220031 0.418892
v -0.112947 0.225307 0.413378
v -0.117241 0.230261 0.410505
v -0.121545 0.234701 0.410382
v -0.103993 0.201556 0.448298
v -0.102308 0.196854 0.461358
v -0.101207 0.192921 0.475215
v -0.100733 0.189911 0.489335
v -0.100904 0.187938 0.503177
v -0.101712 0.187079 0.516208
v -0.103128 0.187366 0.527928
v -0.105097 0.188788 0.537886
v -0.107542 0.191290 0.545700
v -0.110371 0.194778 0.551069
v -0.106197 0.206849 0.436537
v -0.108836 0.212528 0.426525
v -0.111808 0.218376 0.418649
v -0.115000 0.224167 0.413211
v -0.118287 0.229679 0.410419
v -0.109527 0.199655 0.448138
v -0.108183 0.194835 0.461188
v -0.107197 0.190864 0.475041
v -0.106608 0.187893 0.489165
v -0.106438 0.186037 0.503017
v -0.106693 0.185368 0.516064
v -0.107364 0.185910 0.527806
v -0.108425 0.187644 0.537790
v -0.109835 0.190503 0.545634
v -0.111539 0.194376 0.551035
v -0.111177 0.205138 0.436392
v -0.113072 0.211073 0.426403
v -0.115136 0.217233 0.418553
v -0.117292 0.223380 0.413145
v -0.119456 0.229278 0.410385
v -0.115427 0.198679 0.448228
v -0.114447 0.193799 0.461283
v -0.113584 0.189807 0.475138
v -0.112872 0.186856 0.489260
v -0.112338 0.185061 0.503107
v -0.112003 0.184489 0.516145
v -0.111880 0.185163 0.527874
v -0.111973 0.187057 0.537844
v -0.112279 0.190098 0.545671
v -0.112785 0.194170 0.551054
v -0.116488 0.204259 0.436473
v -0.117587 0.210326 0.426471
v -0.118684 0.216645 0.418607
v -0.119736 0.222975 0.413182
v -0.120702 0.229072 0.410404
v -0.121467 0.198665 0.448564
v -0.120858 0.193784 0.461641
v -0.120121 0.189791 0.475503
v -0.119284 0.186841 0.489618
v -0.118378 0.185047 0.503443
v -0.117439 0.184476 0.516448
v -0.116502 0.185152 0.528132
v -0.115605 0.187049 0.538046
v -0.114780 0.190093 0.545810
v -0.114061 0.194167 0.551125
v -0.121923 0.204247 0.436776
v -0.122210 0.210315 0.426729
v -0.122316 0.216637 0.418809
v -0.122238 0.222969 0.413321
v -0.121977 0.229069 0.410475
v -0.127414 0.199613 0.449134
v -0.127172 0.194791 0.462246
v -0.126558 0.190818 0.476120
v -0.125597 0.187848 0.490223
v -0.124325 0.185995 0.504013
v -0.122791 0.185330 0.516961
v -0.121054 0.185878 0.528568
v -0.119181 0.187619 0.538389
v -0.117244 0.190486 0.546046
v -0.115317 0.194367 0.551246
v -0.127275 0.205100 0.437289
v -0.126762 0.211041 0.427165
v -0.125892 0.217207 0.419152
v -0.124701 0.223362 0.413557
v -0.123233 0.229269 0.410596
v -0.133039 0.201488 0.449916
v -0.133144 0.196781 0.463076
v -0.132647 0.192847 0.476966
v -0.131569 0.189839 0.491053
v -0.129950 0.187870 0.504795
v -0.127854 0.187017 0.517664
v -0.125360 0.187313 0.529167
v -0.122564 0.188747 0.538859
v -0.119574 0.191262 0.546370
v -0.116504 0.194763 0.551411
v -0.132338 0.206787 0.437993
v -0.131067 0.212476 0.427764
v -0.129275 0.218335 0.419622
v -0.127031 0.224139 0.413881
v -0.124421 0.229665 0.410761
v -0.138128 0.204217 0.450880
v -0.138545 0.199678 0.464099
v -0.138155 0.195801 0.478009
v -0.136971 0.192736 0.492076
v -0.135039 0.190599 0.505759
v -0.132433 0.189473 0.518532
v -0.129254 0.189402 0.529904
v -0.125624 0.190388 0.539439
v -0.121681 0.192393 0.546769
v -0.117579 0.195339 0.551614
v -0.136918 0.209244 0.438860
v -0.134962 0.214565 0.428501
v -0.132335 0.219976 0.420202
v -0.129139 0.225269 0.414280
v -0.125496 0.230241 0.410964
v -0.142483 0.207695 0.451988
v -0.143169 0.203371 0.465275
v -0.142869 0.199567 0.479209
v -0.141594 0.196429 0.493252
v -0.139394 0.194078 0.506867
v -0.136353 0.192604 0.519529
v -0.132588 0.192064 0.530752
v -0.128243 0.192479 0.540105
v -0.123486 0.193833 0.547229
v -0.118499 0.196074 0.551848
v -0.140837 0.212374 0.439857
v -0.138295 0.217227 0.429350
v -0.134954 0.222068 0.420868
v -0.130943 0.226710 0.414739
v -0.126415 0.230976 0.411198
v -0.145938 0.211790 0.453198
v -0.146837 0.207717 0.466560
v -0.146608 0.203998 0.480519
v -0.145262 0.200775 0.494537
v -0.142849 0.198172 0.508077
v -0.139462 0.196289 0.520618
v -0.135232 0.195198 0.531679
v -0.130320 0.194941 0.540833
v -0.124917 0.195529 0.547730
v -0.119228 0.196939 0.552104
v -0.143947 0.216059 0.440947
v -0.140939 0.220361 0.430276
v -0.137032 0.224530 0.421596
v -0.132374 0.228406 0.415241
v -0.127145 0.231840 0.411454
v -0.148360 0.216342 0.454464
v -0.149408 0.212550 0.467904
v -0.149230 0.208926 0.481889
v -0.147833 0.205608 0.495881
v -0.145271 0.202724 0.509343
v -0.141642 0.200386 0.521758
v -0.137085 0.198682 0.532648
v -0.131777 0.197679 0.541595
v -0.125920 0.197415 0.548254
v -0.119740 0.197900 0.552371
v -0.146126 0.220156 0.442086
v -0.142793 0.223845 0.431245
v -0.138488 0.227267 0.422357
v -0.133377 0.230292 0.415765
v -0.127656 0.232801 0.411721
v -0.149655 0.221178 0.455737
v -0.150783 0.217684 0.469256
v -0.150632 0.214160 0.483267
v -0.149208 0.210742 0.497233
v -0.146566 0.207560 0.510616
v -0.142808 0.204738 0.522903
v -0.138077 0.202384 0.533622
v -0.132556 0.200587 0.542360
v -0.126456 0.199418 0.548782
v -0.120013 0.198921 0.552640
v -0.147292 0.224508 0.443232
v -0.143784 0.227546 0.432219
v -0.139267 0.230175 0.423123
v -0.133914 0.232295 0.416292
v -0.127930 0.233823 0.411990
v -0.149775 0.226112 0.456968
v -0.150910 0.222921 0.470562
v -0.150761 0.219500 0.484599
v -0.149335 0.215979 0.498539
v -0.146686 0.212494 0.511847
v -0.142915 0.209178 0.524011
v -0.138168 0.206159 0.534564
v -0.132628 0.203554 0.543100
v -0.126506 0.201462 0.549291
v -0.120038 0.199963 0.552900
v -0.147400 0.228948 0.444340
v -0.143876 0.231322 0.433161
v -0.139339 0.233142 0.423863
v -0.133963 0.234338 0.416802
v -0.127955 0.234865 0.412250
v -0.148714 0.230953 0.458110
v -0.149784 0.228061 0.471774
v -0.149613 0.224740 0.485835
v -0.148209 0.221119 0.499751
v -0.145625 0.217335 0.512989
v -0.141960 0.213535 0.525039
v -0.137356 0.209865 0.535438
v -0.131990 0.206465 0.543787
v -0.126066 0.203467 0.549764
v -0.119814 0.200985 0.553141
v -0.146445 0.233305 0.445367
v -0.143064 0.235028 0.434035
v -0.138701 0.236053 0.424550
v -0.133524 0.236344 0.417275
v -0.127731 0.235887 0.412491
v -0.146513 0.235517 0.459119
v -0.147447 0.232906 0.472845
v -0.147231 0.229680 0.486927
v -0.145872 0.225963 0.500822
v -0.143424 0.221899 0.513997
v -0.139980 0.217642 0.525946
v -0.135672 0.213358 0.536210
v -0.130666 0.209210 0.544393
v -0.125155 0.205357 0.550182
v -0.119350 0.201949 0.553354
v -0.144464 0.237412 0.446275
v -0.141380 0.238520 0.434807
v -0.137378 0.238798 0.425156
v -0.132612 0.238234 0.417693
v -0.127266 0.236850 0.412704
v -0.143257 0.239626 0.459955
v -0.143991 0.237269 0.473733
v -0.143707 0.234128 0.487832
v -0.142416 0.230326 0.501710
v -0.140168 0.226009 0.514834
v -0.137049 0.221341 0.526699
v -0.133180 0.216503 0.536850
v -0.128708 0.211681 0.544896
v -0.123806 0.207060 0.550529
v -0.118662 0.202817 0.553531
v -0.141534 0.241111 0.447028
v -0.138887 0.241666 0.435447
v -0.135420 0.241269 0.425659
v -0.131263 0.239936 0.418039
v -0.126579 0.237718 0.412881
v -0.139071 0.243125 0.460588
v -0.139547 0.240983 0.474405
v -0.139176 0.237915 0.488517
v -0.137972 0.234040 0.502382
v -0.135982 0.229507 0.515467
v -0.133282 0.224490 0.527269
v -0.129976 0.219181 0.537334
v -0.126191 0.213785 0.545277
v -0.122072 0.208509 0.550791
v -0.117778 0.203555 0.553664
v -0.113474 0.199115 0.553787
v -0.137766 0.244260 0.447597
v -0.135684 0.244344 0.435931
v -0.132902 0.243373 0.426039
v -0.129529 0.241385 0.418301
v -0.125695 0.238457 0.413014
v -0.134115 0.245878 0.460992
v -0.134286 0.243905 0.474834
v -0.133812 0.240895 0.488954
v -0.132711 0.236963 0.502811
v -0.131027 0.232260 0.515871
v -0.128822 0.226967 0.527632
v -0.126183 0.221288 0.537644
v -0.123211 0.215440 0.545520
v -0.120020 0.209649 0.550958
v -0.116732 0.204137 0.553750
v -0.133307 0.246737 0.447961
v -0.131891 0.246450 0.436241
v -0.129922 0.245028 0.426282
v -0.127477 0.242526 0.418469
v -0.124648 0.239038 0.413100
v -0.128581 0.247779 0.461152
v -0.128411 0.245923 0.475004
v -0.127822 0.242952 0.489128
v -0.126836 0.238981 0.502981
v -0.125492 0.234161 0.516031
v -0.123842 0.228678 0.527777
v -0.121948 0.222743 0.537766
v -0.119883 0.216583 0.545616
v -0.117727 0.210436 0.551024
v -0.115563 0.204538 0.553783
v -0.128326 0.248448 0.448105
v -0.127655 0.247905 0.436363
v -0.126594 0.246171 0.426379
v -0.125185 0.243313 0.418535
v -0.123480 0.239440 0.413134
v -0.122681 0.248755 0.461062
v -0.122147 0.246960 0.474908
v -0.121435 0.244009 0.489030
v -0.120573 0.240017 0.502885
v -0.119592 0.235137 0.515941
v -0.118532 0.229557 0.527696
v -0.117432 0.223490 0.537697
v -0.116335 0.217171 0.545562
v -0.115283 0.210841 0.550987
v -0.114317 0.204744 0.553764
v -0.123016 0.249327 0.448024
v -0.123139 0.248653 0.436295
v -0.123046 0.246759 0.426325
v -0.122741 0.243717 0.418498
v -0.122234 0.239646 0.413115
v -0.116641 0.248769 0.460726
v -0.115736 0.246975 0.474551
v -0.114898 0.244025 0.488666
v -0.114161 0.240032 0.502528
v -0.113552 0.235151 0.515605
v -0.113096 0.229570 0.527393
v -0.112809 0.223501 0.537440
v -0.112703 0.217179 0.545360
v -0.112782 0.210847 0.550848
v -0.113042 0.204747 0.553693
v -0.117580 0.249340 0.447721
v -0.118517 0.248664 0.436037
v -0.119414 0.246767 0.426123
v -0.120239 0.243723 0.418359
v -0.120958 0.239649 0.413044
v -0.110694 0.247821 0.460156
v -0.109422 0.245968 0.473946
v -0.108461 0.242998 0.488049
v -0.107848 0.239025 0.501923
v -0.107605 0.234203 0.515035
v -0.107744 0.228716 0.526880
v -0.108258 0.222775 0.537004
v -0.109127 0.216609 0.545017
v -0.110318 0.210454 0.550612
v -0.111786 0.204547 0.553573
v -0.112228 0.248486 0.447208
v -0.113965 0.247938 0.435601
v -0.115838 0.246197 0.425780
v -0.117776 0.243330 0.418122
v -0.119703 0.239449 0.412923
v -0.105069 0.245946 0.459374
v -0.103450 0.243977 0.473116
v -0.102372 0.240968 0.487203
v -0.101875 0.237035 0.501093
v -0.101980 0.232328 0.514253
v -0.102681 0.227028 0.526176
v -0.103952 0.221340 0.536405
v -0.105744 0.215481 0.544547
v -0.107988 0.209677 0.550288
v -0.110598 0.204151 0.553408
v -0.107165 0.246799 0.446504
v -0.109659 0.246503 0.435002
v -0.112455 0.245069 0.425310
v -0.115445 0.242554 0.417799
v -0.118515 0.239053 0.412758
v -0.099980 0.243217 0.458410
v -0.098048 0.241080 0.472093
v -0.096864 0.238015 0.486160
v -0.096474 0.234138 0.500070
v -0.096891 0.229599 0.513289
v -0.098102 0.224572 0.525309
v -0.100057 0.219251 0.535668
v -0.102684 0.213840 0.543967
v -0.105880 0.208547 0.549889
v -0.109524 0.203575 0.553204
v -0.102586 0.244343 0.445637
v -0.105765 0.244414 0.434265
v -0.109395 0.243428 0.424730
v -0.113338 0.241423 0.417399
v -0.117440 0.238477 0.412555
v -0.095625 0.239738 0.457302
v -0.093425 0.237387 0.470917
v -0.092150 0.234249 0.484960
v -0.091850 0.230445 0.498893
v -0.092536 0.226120 0.512181
v -0.094182 0.221442 0.524311
v -0.096724 0.216589 0.534819
v -0.100065 0.211748 0.543301
v -0.104076 0.207106 0.549430
v -0.108604 0.202840 0.552970
v -0.098666 0.241212 0.444640
v -0.102432 0.241752 0.433417
v -0.106776 0.241336 0.424064
v -0.111534 0.239983 0.416940
v -0.116521 0.237742 0.412321
v -0.092170 0.235644 0.456092
v -0.089757 0.233041 0.469632
v -0.088411 0.229818 0.483650
v -0.088182 0.226099 0.497609
v -0.089081 0.222026 0.510970
v -0.091073 0.217757 0.523222
v -0.094080 0.213455 0.533893
v -0.097987 0.209286 0.542573
v -0.102645 0.205410 0.548928
v -0.107874 0.201976 0.552715
v -0.095557 0.237527 0.443550
v -0.099787 0.238618 0.432490
v -0.104699 0.238874 0.423336
v -0.110103 0.238287 0.416439
v -0.115791 0.236878 0.412065
v -0.089748 0.231092 0.454826
v -0.087186 0.228208 0.468288
v -0.085789 0.224890 0.482280
v -0.085612 0.221266 0.496265
v -0.086660 0.217474 0.509704
v -0.088893 0.213660 0.522083
v -0.092226 0.209971 0.532924
v -0.096531 0.206549 0.541812
v -0.101642 0.203524 0.548404
v -0.107363 0.201014 0.552447
v -0.093377 0.233430 0.442411
v -0.097934 0.235134 0.431521
v -0.103243 0.236137 0.422574
v -0.109099 0.236401 0.415915
v -0.115280 0.235916 0.411798
v -0.088453 0.226256 0.453553
v -0.085811 0.223074 0.466936
v -0.084387 0.219656 0.480902
v -0.084236 0.216132 0.494913
v -0.085364 0.212638 0.508431
v -0.087727 0.209308 0.520937
v -0.091235 0.206270 0.531950
v -0.095752 0.203641 0.541046
v -0.101106 0.201521 0.547877
v -0.107089 0.199993 0.552179
v -0.092211 0.229078 0.441265
v -0.096942 0.231432 0.430547
v -0.102463 0.233229 0.421809
v -0.108563 0.234398 0.415387
v -0.115006 0.234895 0.411529
v -0.088333 0.221322 0.452322
v -0.084258 0.214316 0.479570
v -0.091143 0.202494 0.531008
v -0.095680 0.200674 0.540306
v -0.096851 0.227657 0.429605
v -0.108513 0.232354 0.414877
v -0.114981 0.233853 0.411269
v 0.155757 -0.002176 0.405754
v 0.157747 -0.006709 0.418839
v 0.158950 -0.010584 0.432704
v 0.159321 -0.013652 0.446816
v 0.158845 -0.015794 0.460633
v 0.157541 -0.016929 0.473623
v 0.155458 -0.017013 0.485289
v 0.152677 -0.016042 0.495181
v 0.149304 -0.014054 0.502919
v 0.145469 -0.011126 0.508206
v 0.146353 -0.010387 0.508339
v 0.151038 -0.012605 0.503181
v 0.155194 -0.013938 0.495561
v 0.158662 -0.014335 0.485773
v 0.161308 -0.013780 0.474193
v 0.163032 -0.012295 0.461265
v 0.163765 -0.009938 0.447487
v 0.163481 -0.006797 0.433388
v 0.162190 -0.002995 0.419510
v 0.159943 0.001323 0.406386
v 0.156824 0.005990 0.394521
v 0.152955 0.010828 0.384370
v 0.148483 0.015650 0.376324
v 0.143581 0.020271 0.370692
v 0.138437 0.024514 0.367690
v 0.139124 0.025382 0.367866
v 0.144929 0.021974 0.371038
v 0.150441 0.018121 0.376827
v 0.155447 0.013973 0.385011
v 0.159754 0.009689 0.395274
v 0.163199 0.005432 0.407223
v 0.165647 0.001368 0.420398
v 0.167006 -0.002349 0.434294
v 0.167222 -0.005574 0.448375
v 0.166288 -0.008185 0.462102
v 0.164239 -0.010081 0.474946
v 0.161154 -0.011189 0.486413
v 0.157152 -0.011467 0.496064
v 0.152387 -0.010903 0.503527
v 0.147041 -0.009519 0.508516
v 0.147506 -0.008556 0.508729
v 0.153298 -0.009013 0.503945
v 0.158476 -0.008722 0.496671
v 0.162839 -0.007697 0.487185
v 0.166219 -0.005974 0.475853
v 0.168488 -0.003622 0.463110
v 0.169558 -0.000730 0.449446
v 0.169388 0.002591 0.435385
v 0.167983 0.006212 0.421469
v 0.165399 0.009996 0.408231
v 0.161735 0.013796 0.396182
v 0.157131 0.017466 0.385782
v 0.151764 0.020866 0.377434
v 0.145841 0.023864 0.371456
v 0.139589 0.026346 0.368079
v 0.152402 0.023777 0.378120
v 0.162690 0.018153 0.397209
v 0.169110 0.011352 0.422681
v 0.170685 0.004410 0.450658
v 0.169549 0.001219 0.464252
v 0.167174 -0.001617 0.476881
v 0.153738 -0.007007 0.504418
v 0.147730 -0.007533 0.508970
v 0.153057 0.002841 0.393952
v 0.149751 0.008150 0.383886
v 0.145965 0.013546 0.375944
v 0.141847 0.018822 0.370430
v 0.137553 0.023776 0.367556
v 0.133248 0.028216 0.367433
v 0.150801 -0.004929 0.405350
v 0.152486 -0.009631 0.418410
v 0.153587 -0.013564 0.432266
v 0.154061 -0.016574 0.446387
v 0.153890 -0.018547 0.460228
v 0.153081 -0.019406 0.473260
v 0.151665 -0.019119 0.484980
v 0.149697 -0.017697 0.494938
v 0.147251 -0.015194 0.502752
v 0.144423 -0.011707 0.508121
v 0.148597 0.000364 0.393588
v 0.145958 0.006043 0.383577
v 0.142986 0.011891 0.375701
v 0.139794 0.017682 0.370262
v 0.136506 0.023194 0.367471
v 0.145267 -0.006830 0.405189
v 0.146611 -0.011650 0.418240
v 0.147596 -0.015621 0.432093
v 0.148186 -0.018592 0.446216
v 0.148356 -0.020448 0.460068
v 0.148101 -0.021117 0.473116
v 0.147430 -0.020574 0.484857
v 0.146369 -0.018840 0.494841
v 0.144959 -0.015982 0.502685
v 0.143254 -0.012109 0.508087
v 0.143616 -0.001347 0.393444
v 0.141722 0.004588 0.383454
v 0.139658 0.010748 0.375604
v 0.137502 0.016895 0.370196
v 0.135338 0.022793 0.367437
v 0.139367 -0.007806 0.405279
v 0.140347 -0.012686 0.418335
v 0.141210 -0.016678 0.432190
v 0.141922 -0.019629 0.446312
v 0.142456 -0.021424 0.460158
v 0.142791 -0.021996 0.473196
v 0.142914 -0.021322 0.484926
v 0.142821 -0.019428 0.494895
v 0.142515 -0.016386 0.502722
v 0.142008 -0.012315 0.508106
v 0.138306 -0.002226 0.393525
v 0.137206 0.003841 0.383523
v 0.136110 0.010161 0.375658
v 0.135058 0.016490 0.370233
v 0.134092 0.022587 0.367456
v 0.133327 -0.007820 0.405616
v 0.133935 -0.012701 0.418692
v 0.134673 -0.016694 0.432554
v 0.135510 -0.019644 0.446669
v 0.136416 -0.021438 0.460494
v 0.137355 -0.022009 0.473499
v 0.138291 -0.021333 0.485183
v 0.139189 -0.019436 0.495098
v 0.140013 -0.016392 0.502862
v 0.140733 -0.012318 0.508177
v 0.132871 -0.002238 0.393827
v 0.132584 0.003830 0.383780
v 0.132478 0.010152 0.375861
v 0.132556 0.016484 0.370372
v 0.132816 0.022584 0.367527
v 0.127380 -0.006872 0.406186
v 0.127622 -0.011694 0.419297
v 0.128236 -0.015667 0.433171
v 0.129197 -0.018637 0.447274
v 0.130469 -0.020490 0.461065
v 0.132003 -0.021155 0.474012
v 0.133740 -0.020607 0.485620
v 0.135613 -0.018866 0.495441
v 0.137550 -0.015999 0.503098
v 0.139477 -0.012118 0.508297
v 0.127518 -0.001385 0.394340
v 0.128032 0.004556 0.384217
v 0.128901 0.010722 0.376203
v 0.130093 0.016877 0.370609
v 0.131561 0.022784 0.367647
v 0.121754 -0.004997 0.406968
v 0.121650 -0.009704 0.420127
v 0.122147 -0.013638 0.434017
v 0.123225 -0.016646 0.448104
v 0.124843 -0.018615 0.461846
v 0.126940 -0.019468 0.474716
v 0.129434 -0.019172 0.486218
v 0.132230 -0.017738 0.495911
v 0.135220 -0.015223 0.503422
v 0.138289 -0.011722 0.508462
v 0.122455 0.000303 0.395044
v 0.123726 0.005991 0.384815
v 0.125518 0.011850 0.376674
v 0.127763 0.017654 0.370932
v 0.130373 0.023180 0.367812
v 0.116666 -0.002268 0.407931
v 0.116248 -0.006807 0.421150
v 0.116639 -0.010684 0.435060
v 0.117823 -0.013749 0.449127
v 0.119755 -0.015886 0.462810
v 0.122361 -0.017011 0.475583
v 0.125540 -0.017083 0.486956
v 0.129170 -0.016097 0.496490
v 0.133112 -0.014092 0.503821
v 0.137215 -0.011145 0.508666
v 0.117876 0.002759 0.395911
v 0.119832 0.008080 0.385553
v 0.122459 0.013491 0.377253
v 0.125655 0.018784 0.371332
v 0.129298 0.023756 0.368016
v 0.112311 0.001211 0.409039
v 0.111625 -0.003114 0.422327
v 0.111925 -0.006918 0.436260
v 0.113200 -0.010056 0.450304
v 0.115400 -0.012407 0.463918
v 0.118441 -0.013881 0.476581
v 0.122206 -0.014421 0.487804
v 0.126551 -0.014005 0.497157
v 0.131308 -0.012651 0.504280
v 0.136295 -0.010411 0.508900
v 0.113957 0.005889 0.396909
v 0.116499 0.010742 0.386401
v 0.119840 0.015583 0.377920
v 0.123851 0.020225 0.371791
v 0.128378 0.024491 0.368250
v 0.108856 0.005305 0.410250
v 0.107957 0.001232 0.423612
v 0.108185 -0.002487 0.437570
v 0.109532 -0.005710 0.451589
v 0.111945 -0.008313 0.465129
v 0.115332 -0.010196 0.477670
v 0.119562 -0.011287 0.488730
v 0.124473 -0.011543 0.497885
v 0.129877 -0.010956 0.504781
v 0.135566 -0.009546 0.509155
v 0.110847 0.009574 0.397998
v 0.113854 0.013876 0.387327
v 0.117762 0.018045 0.378647
v 0.122420 0.021921 0.372292
v 0.127649 0.025355 0.368506
v 0.106434 0.009857 0.411516
v 0.105386 0.006065 0.424956
v 0.105564 0.002441 0.438940
v 0.106961 -0.000877 0.452933
v 0.109523 -0.003761 0.466395
v 0.113152 -0.006099 0.478809
v 0.117708 -0.007803 0.489699
v 0.123017 -0.008806 0.498646
v 0.128874 -0.009070 0.505306
v 0.135054 -0.008585 0.509423
v 0.108668 0.013671 0.399137
v 0.112001 0.017360 0.388296
v 0.116306 0.020782 0.379409
v 0.121417 0.023807 0.372817
v 0.127138 0.026317 0.368773
v 0.105139 0.014693 0.412789
v 0.104011 0.011199 0.426307
v 0.104162 0.007675 0.440318
v 0.105586 0.004257 0.454284
v 0.108227 0.001075 0.467668
v 0.111986 -0.001747 0.479955
v 0.116717 -0.004101 0.490673
v 0.122238 -0.005898 0.499411
v 0.128337 -0.007067 0.505833
v 0.134781 -0.007564 0.509691
v 0.107502 0.018023 0.400283
v 0.111009 0.021061 0.389271
v 0.115527 0.023690 0.380174
v 0.120880 0.025810 0.373344
v 0.126864 0.027338 0.369042
v 0.105019 0.019627 0.414020
v 0.103884 0.016436 0.427614
v 0.104032 0.013015 0.441651
v 0.105459 0.009494 0.455591
v 0.108108 0.006009 0.468899
v 0.111878 0.002693 0.481063
v 0.116625 -0.000326 0.491616
v 0.122166 -0.002931 0.500152
v 0.128288 -0.005023 0.506343
v 0.134755 -0.006522 0.509951
v 0.107394 0.022463 0.401391
v 0.110918 0.024837 0.390213
v 0.115455 0.026657 0.380914
v 0.120831 0.027853 0.373854
v 0.126839 0.028380 0.369302
v 0.106080 0.024468 0.415162
v 0.105010 0.021576 0.428826
v 0.105181 0.018255 0.442886
v 0.106585 0.014634 0.456803
v 0.109169 0.010850 0.470040
v 0.112833 0.007050 0.482090
v 0.117437 0.003380 0.492489
v 0.122804 -0.000020 0.500838
v 0.128727 -0.003018 0.506816
v 0.134979 -0.005500 0.510193
v 0.108349 0.026821 0.402418
v 0.111730 0.028543 0.391086
v 0.116093 0.029569 0.381601
v 0.121270 0.029859 0.374327
v 0.127063 0.029402 0.369543
v 0.108281 0.029032 0.416170
v 0.107347 0.026421 0.429897
v 0.107563 0.023195 0.443978
v 0.108921 0.019478 0.457873
v 0.111370 0.015414 0.471049
v 0.114814 0.011157 0.482998
v 0.119122 0.006873 0.493261
v 0.124128 0.002725 0.501445
v 0.129639 -0.001128 0.507234
v 0.135444 -0.004536 0.510405
v 0.110330 0.030927 0.403326
v 0.113414 0.032035 0.391858
v 0.117416 0.032313 0.382207
v 0.122182 0.031749 0.374744
v 0.127528 0.030366 0.369756
v 0.111537 0.033141 0.417007
v 0.110803 0.030784 0.430785
v 0.111087 0.027643 0.444883
v 0.112378 0.023841 0.458762
v 0.114626 0.019524 0.471885
v 0.117744 0.014856 0.483751
v 0.121614 0.010018 0.493901
v 0.126086 0.005196 0.501948
v 0.130988 0.000575 0.507580
v 0.136132 -0.003668 0.510582
v 0.113260 0.034626 0.404079
v 0.115906 0.035181 0.392499
v 0.119374 0.034784 0.382711
v 0.123530 0.033451 0.375091
v 0.128215 0.031233 0.369932
v 0.115723 0.036640 0.417639
v 0.115247 0.034498 0.431456
v 0.115618 0.031430 0.445568
v 0.116822 0.027555 0.459433
v 0.118812 0.023022 0.472518
v 0.121512 0.018005 0.484320
v 0.124818 0.012696 0.494386
v 0.128603 0.007300 0.502328
v 0.132722 0.002024 0.507842
v 0.137016 -0.002929 0.510716
v 0.141320 -0.007370 0.510839
v 0.117027 0.037775 0.404648
v 0.119110 0.037859 0.392983
v 0.121891 0.036888 0.383091
v 0.125264 0.034900 0.375353
v 0.129099 0.031972 0.370066
v 0.120678 0.039393 0.418043
v 0.120508 0.037420 0.431885
v 0.120982 0.034410 0.446006
v 0.122082 0.030478 0.459862
v 0.123767 0.025775 0.472922
v 0.125971 0.020482 0.484684
v 0.128610 0.014803 0.494695
v 0.131583 0.008955 0.502571
v 0.134774 0.003164 0.508009
v 0.138062 -0.002348 0.510801
v 0.121487 0.040252 0.405012
v 0.122903 0.039966 0.393292
v 0.124871 0.038543 0.383334
v 0.127317 0.036041 0.375520
v 0.130145 0.032553 0.370151
v 0.126212 0.041294 0.418204
v 0.126383 0.039438 0.432055
v 0.126972 0.036467 0.446179
v 0.127957 0.032496 0.460032
v 0.129301 0.027676 0.473082
v 0.130952 0.022193 0.484828
v 0.132846 0.016258 0.494818
v 0.134911 0.010098 0.502667
v 0.137067 0.003951 0.508076
v 0.139231 -0.001947 0.510835
v 0.126468 0.041963 0.405156
v 0.127139 0.041421 0.393415
v 0.128199 0.039687 0.383430
v 0.129609 0.036828 0.375587
v 0.131314 0.032955 0.370185
v 0.132113 0.042270 0.418114
v 0.132646 0.040475 0.431960
v 0.133358 0.037524 0.446082
v 0.134221 0.033532 0.459937
v 0.135202 0.028652 0.472993
v 0.136262 0.023072 0.484747
v 0.137362 0.017005 0.494749
v 0.138459 0.010686 0.502613
v 0.139511 0.004356 0.508039
v 0.140477 -0.001741 0.510816
v 0.131778 0.042842 0.405075
v 0.131654 0.042168 0.393346
v 0.131747 0.040274 0.383376
v 0.132053 0.037233 0.375549
v 0.132560 0.033161 0.370166
v 0.138152 0.042284 0.417777
v 0.139058 0.040490 0.431603
v 0.139896 0.037540 0.445718
v 0.140633 0.033547 0.459580
v 0.141241 0.028667 0.472656
v 0.141698 0.023085 0.484444
v 0.141985 0.017016 0.494491
v 0.142091 0.010694 0.502411
v 0.142012 0.004362 0.507899
v 0.141752 -0.001738 0.510745
v 0.137213 0.042855 0.404773
v 0.136277 0.042179 0.393089
v 0.135379 0.040282 0.383174
v 0.134555 0.037238 0.375410
v 0.133835 0.033164 0.370095
v 0.144099 0.041336 0.417207
v 0.145371 0.039483 0.430998
v 0.146333 0.036513 0.445101
v 0.146946 0.032540 0.458975
v 0.147188 0.027718 0.472086
v 0.147050 0.022231 0.483931
v 0.146536 0.016290 0.494055
v 0.145667 0.010124 0.502068
v 0.144476 0.003969 0.507663
v 0.143008 -0.001938 0.510624
v 0.142566 0.042001 0.404260
v 0.140829 0.041453 0.392652
v 0.138956 0.039712 0.382831
v 0.137018 0.036846 0.375174
v 0.135091 0.032964 0.369975
v 0.149725 0.039461 0.416425
v 0.151344 0.037492 0.430167
v 0.152422 0.034484 0.444254
v 0.152918 0.030550 0.458144
v 0.152814 0.025843 0.471304
v 0.152113 0.020544 0.483228
v 0.150842 0.014855 0.493457
v 0.149050 0.008996 0.501598
v 0.146806 0.003192 0.507339
v 0.144196 -0.002334 0.510459
v 0.147628 0.040314 0.403556
v 0.145134 0.040018 0.392054
v 0.142339 0.038584 0.382361
v 0.139348 0.036069 0.374850
v 0.136279 0.032568 0.369810
v 0.154813 0.036732 0.415462
v 0.156745 0.034595 0.429145
v 0.157929 0.031530 0.443211
v 0.158320 0.027653 0.457122
v 0.157902 0.023114 0.470341
v 0.156692 0.018087 0.482360
v 0.154736 0.012766 0.492719
v 0.152110 0.007355 0.501019
v 0.148913 0.002062 0.506940
v 0.145270 -0.002910 0.510256
v 0.152208 0.037858 0.402689
v 0.149029 0.037929 0.391316
v 0.145398 0.036943 0.381781
v 0.141456 0.034938 0.374451
v 0.137354 0.031992 0.369606
v 0.159169 0.033253 0.414353
v 0.161369 0.030903 0.427968
v 0.162643 0.027765 0.442012
v 0.162943 0.023960 0.455945
v 0.162257 0.019636 0.469232
v 0.160612 0.014957 0.481363
v 0.158070 0.010104 0.491871
v 0.154729 0.005263 0.500352
v 0.150717 0.000621 0.506481
v 0.146190 -0.003645 0.510022
v 0.156127 0.034727 0.401691
v 0.152362 0.035267 0.390468
v 0.148017 0.034852 0.381115
v 0.143260 0.033498 0.373992
v 0.138273 0.031257 0.369372
v 0.162623 0.029159 0.413143
v 0.165036 0.026556 0.426683
v 0.166383 0.023333 0.440702
v 0.166611 0.019614 0.454660
v 0.165712 0.015541 0.468022
v 0.163721 0.011272 0.480274
v 0.160714 0.006970 0.490944
v 0.156806 0.002801 0.499624
v 0.152148 -0.001075 0.505980
v 0.146919 -0.004509 0.509766
v 0.159237 0.031042 0.400602
v 0.155006 0.032133 0.389542
v 0.150095 0.032390 0.380387
v 0.144691 0.031802 0.373490
v 0.139003 0.030393 0.369116
v 0.165045 0.024607 0.411877
v 0.167607 0.021723 0.425339
v 0.169004 0.018405 0.439331
v 0.169182 0.014781 0.453316
v 0.168134 0.010989 0.466756
v 0.165901 0.007175 0.479134
v 0.162567 0.003486 0.489975
v 0.158263 0.000064 0.498863
v 0.153152 -0.002961 0.505455
v 0.147431 -0.005471 0.509499
v 0.161416 0.026945 0.399462
v 0.156860 0.028649 0.388573
v 0.151551 0.029652 0.379626
v 0.145694 0.029916 0.372966
v 0.139514 0.029431 0.368849
v 0.166341 0.019771 0.410604
v 0.168983 0.016589 0.423988
v 0.170407 0.013171 0.437953
v 0.170558 0.009647 0.451965
v 0.169430 0.006153 0.465483
v 0.167067 0.002823 0.477989
v 0.163559 -0.000215 0.489001
v 0.159042 -0.002844 0.498098
v 0.153688 -0.004964 0.504928
v 0.147704 -0.006492 0.509230
v 0.162582 0.022593 0.398317
v 0.157852 0.024948 0.387598
v 0.152330 0.026744 0.378860
v 0.146231 0.027913 0.372439
v 0.139788 0.028410 0.368580
v 0.166460 0.014837 0.409373
v 0.170536 0.007831 0.436621
v 0.163651 -0.003991 0.488059
v 0.159114 -0.005811 0.497357
v 0.157943 0.021172 0.386656
v 0.146280 0.025869 0.371929
v 0.139813 0.027368 0.368320
v 0.155757 -0.241387 0.448702
v 0.157747 -0.245921 0.461787
v 0.158950 -0.249795 0.475652
v 0.159321 -0.252863 0.489764
v 0.158846 -0.255005 0.503581
v 0.157541 -0.256140 0.516572
v 0.155458 -0.256224 0.528237
v 0.152677 -0.255253 0.538129
v 0.149304 -0.253266 0.545867
v 0.145469 -0.250337 0.551154
v 0.146353 -0.249599 0.551288
v 0.151038 -0.251817 0.546129
v 0.155194 -0.253150 0.538510
v 0.158662 -0.253546 0.528722
v 0.161309 -0.252992 0.517141
v 0.163032 -0.251507 0.504214
v 0.163765 -0.249149 0.490436
v 0.163481 -0.246009 0.476337
v 0.162191 -0.242207 0.462459
v 0.159943 -0.237889 0.449335
v 0.156824 -0.233221 0.437469
v 0.152955 -0.228384 0.427319
v 0.148483 -0.223561 0.419273
v 0.143581 -0.218940 0.413640
v 0.138437 -0.214697 0.410638
v 0.139124 -0.213829 0.410815
v 0.144930 -0.217238 0.413987
v 0.150441 -0.221090 0.419776
v 0.155447 -0.225238 0.427959
v 0.159755 -0.229523 0.438222
v 0.163199 -0.233779 0.450171
v 0.165647 -0.237843 0.463347
v 0.167006 -0.241560 0.477242
v 0.167222 -0.244786 0.491324
v 0.166288 -0.247397 0.505050
v 0.164239 -0.249293 0.517894
v 0.161154 -0.250401 0.529362
v 0.157152 -0.250678 0.539013
v 0.152387 -0.250114 0.546476
v 0.147041 -0.248731 0.551465
v 0.147506 -0.247767 0.551678
v 0.153298 -0.248224 0.546894
v 0.158476 -0.247934 0.539619
v 0.162839 -0.246908 0.530134
v 0.166220 -0.245186 0.518802
v 0.168489 -0.242833 0.506059
v 0.169558 -0.239941 0.492394
v 0.169388 -0.236621 0.478334
v 0.167984 -0.232999 0.464417
v 0.165400 -0.229216 0.451180
v 0.161735 -0.225416 0.439130
v 0.157131 -0.221745 0.428731
v 0.151764 -0.218346 0.420382
v 0.145841 -0.215347 0.414404
v 0.139589 -0.212866 0.411028
v 0.152402 -0.215434 0.421069
v 0.162690 -0.221058 0.440157
v 0.169110 -0.227859 0.465629
v 0.170685 -0.234802 0.493606
v 0.169550 -0.237992 0.507200
v 0.167174 -0.240829 0.519829
v 0.153738 -0.246219 0.547367
v 0.147730 -0.246745 0.551919
v 0.153057 -0.236370 0.436900
v 0.149751 -0.231061 0.426835
v 0.145966 -0.225665 0.418892
v 0.141847 -0.220389 0.413378
v 0.137553 -0.215436 0.410505
v 0.133248 -0.210996 0.410382
v 0.150801 -0.244140 0.448298
v 0.152486 -0.248843 0.461358
v 0.153587 -0.252775 0.475215
v 0.154061 -0.255785 0.489335
v 0.153890 -0.257758 0.503177
v 0.153081 -0.258618 0.516208
v 0.151666 -0.258331 0.527928
v 0.149697 -0.256909 0.537886
v 0.147252 -0.254406 0.545700
v 0.144423 -0.250919 0.551069
v 0.148597 -0.238847 0.436536
v 0.145958 -0.233168 0.426525
v 0.142986 -0.227320 0.418649
v 0.139794 -0.221529 0.413211
v 0.136506 -0.216017 0.410419
v 0.145267 -0.246041 0.448138
v 0.146611 -0.250861 0.461188
v 0.147597 -0.254833 0.475041
v 0.148186 -0.257803 0.489165
v 0.148356 -0.259659 0.503017
v 0.148101 -0.260329 0.516064
v 0.147430 -0.259786 0.527805
v 0.146369 -0.258052 0.537790
v 0.144959 -0.255193 0.545634
v 0.143254 -0.251320 0.551035
v 0.143616 -0.240558 0.436392
v 0.141722 -0.234623 0.426403
v 0.139658 -0.228464 0.418553
v 0.137502 -0.222317 0.413144
v 0.135338 -0.216419 0.410385
v 0.139367 -0.247018 0.448228
v 0.140347 -0.251898 0.461283
v 0.141210 -0.255890 0.475138
v 0.141922 -0.258840 0.489260
v 0.142456 -0.260636 0.503106
v 0.142791 -0.261207 0.516145
v 0.142914 -0.260533 0.527874
v 0.142821 -0.258639 0.537844
v 0.142515 -0.255598 0.545671
v 0.142008 -0.251526 0.551054
v 0.138306 -0.241437 0.436473
v 0.137206 -0.235370 0.426471
v 0.136110 -0.229051 0.418607
v 0.135058 -0.222721 0.413182
v 0.134092 -0.216625 0.410404
v 0.133327 -0.247032 0.448564
v 0.133936 -0.251913 0.461640
v 0.134673 -0.255905 0.475502
v 0.135510 -0.258855 0.489617
v 0.136416 -0.260650 0.503443
v 0.137355 -0.261220 0.516448
v 0.138291 -0.260544 0.528132
v 0.139189 -0.258648 0.538046
v 0.140014 -0.255604 0.545810
v 0.140733 -0.251529 0.551125
v 0.132871 -0.241450 0.436776
v 0.132584 -0.235381 0.426729
v 0.132478 -0.229059 0.418809
v 0.132556 -0.222727 0.413321
v 0.132816 -0.216628 0.410475
v 0.127380 -0.246083 0.449134
v 0.127622 -0.250906 0.462246
v 0.128236 -0.254878 0.476120
v 0.129197 -0.257848 0.490223
v 0.130469 -0.259701 0.504013
v 0.132003 -0.260366 0.516961
v 0.133740 -0.259818 0.528568
v 0.135613 -0.258077 0.538389
v 0.137550 -0.255211 0.546046
v 0.139477 -0.251329 0.551246
v 0.127519 -0.240596 0.437289
v 0.128032 -0.234655 0.427165
v 0.128902 -0.228489 0.419152
v 0.130093 -0.222334 0.413557
v 0.131561 -0.216427 0.410596
v 0.121754 -0.244208 0.449916
v 0.121650 -0.248915 0.463076
v 0.122147 -0.252849 0.476966
v 0.123225 -0.255858 0.491053
v 0.124843 -0.257826 0.504795
v 0.126940 -0.258679 0.517664
v 0.129434 -0.258383 0.529166
v 0.132230 -0.256950 0.538859
v 0.135220 -0.254434 0.546370
v 0.138289 -0.250933 0.551411
v 0.122456 -0.238909 0.437993
v 0.123727 -0.233220 0.427764
v 0.125519 -0.227362 0.419622
v 0.127763 -0.221558 0.413881
v 0.130373 -0.216032 0.410761
v 0.116666 -0.241479 0.450880
v 0.116248 -0.246018 0.464099
v 0.116639 -0.249895 0.478009
v 0.117823 -0.252961 0.492076
v 0.119755 -0.255097 0.505759
v 0.122361 -0.256223 0.518532
v 0.125540 -0.256294 0.529904
v 0.129170 -0.255309 0.539439
v 0.133112 -0.253304 0.546769
v 0.137215 -0.250357 0.551614
v 0.117876 -0.236453 0.438860
v 0.119832 -0.231132 0.428501
v 0.122459 -0.225720 0.420202
v 0.125655 -0.220427 0.414280
v 0.129298 -0.215455 0.410964
v 0.112311 -0.238001 0.451988
v 0.111625 -0.242325 0.465275
v 0.111925 -0.246130 0.479208
v 0.113200 -0.249268 0.493252
v 0.115400 -0.251619 0.506867
v 0.118441 -0.253092 0.519529
v 0.122206 -0.253632 0.530752
v 0.126551 -0.253217 0.540105
v 0.131308 -0.251863 0.547228
v 0.136295 -0.249622 0.551848
v 0.113957 -0.233322 0.439857
v 0.116499 -0.228469 0.429349
v 0.119840 -0.223629 0.420868
v 0.123851 -0.218986 0.414739
v 0.128379 -0.214721 0.411198
v 0.108856 -0.233907 0.453198
v 0.107957 -0.237979 0.466560
v 0.108185 -0.241698 0.480519
v 0.109532 -0.244921 0.494537
v 0.111945 -0.247525 0.508077
v 0.115332 -0.249408 0.520618
v 0.119562 -0.250498 0.531679
v 0.124474 -0.250755 0.540833
v 0.129877 -0.250167 0.547730
v 0.135566 -0.248758 0.552104
v 0.110847 -0.229638 0.440947
v 0.113855 -0.225336 0.430276
v 0.117762 -0.221167 0.421596
v 0.122420 -0.217291 0.415241
v 0.127649 -0.213856 0.411454
v 0.106434 -0.229354 0.454464
v 0.105386 -0.233146 0.467904
v 0.105564 -0.236771 0.481889
v 0.106961 -0.240089 0.495881
v 0.109523 -0.242972 0.509343
v 0.113152 -0.245311 0.521758
v 0.117709 -0.247014 0.532648
v 0.123017 -0.248017 0.541594
v 0.128874 -0.248281 0.548254
v 0.135054 -0.247796 0.552371
v 0.108668 -0.225540 0.442086
v 0.112001 -0.221851 0.431245
v 0.116306 -0.218429 0.422357
v 0.121417 -0.215405 0.415765
v 0.127138 -0.212895 0.411721
v 0.105139 -0.224518 0.455737
v 0.104011 -0.228012 0.469256
v 0.104162 -0.231536 0.483267
v 0.105586 -0.234955 0.497232
v 0.108228 -0.238136 0.510616
v 0.111986 -0.240958 0.522903
v 0.116717 -0.243313 0.533622
v 0.122238 -0.245109 0.542360
v 0.128338 -0.246278 0.548781
v 0.134781 -0.246775 0.552640
v 0.107502 -0.221188 0.443232
v 0.111009 -0.218150 0.432219
v 0.115527 -0.215521 0.423123
v 0.120880 -0.213402 0.416292
v 0.126864 -0.211874 0.411990
v 0.105019 -0.219585 0.456968
v 0.103884 -0.222775 0.470562
v 0.104032 -0.226196 0.484599
v 0.105459 -0.229717 0.498539
v 0.108108 -0.233203 0.511847
v 0.111879 -0.236518 0.524011
v 0.116625 -0.239537 0.534564
v 0.122166 -0.242142 0.543100
v 0.128288 -0.244235 0.549291
v 0.134756 -0.245733 0.552900
v 0.107394 -0.216748 0.444339
v 0.110918 -0.214374 0.433161
v 0.115455 -0.212554 0.423863
v 0.120831 -0.211358 0.416802
v 0.126839 -0.210832 0.412250
v 0.106080 -0.214743 0.458110
v 0.105010 -0.217635 0.471774
v 0.105181 -0.220956 0.485835
v 0.106585 -0.224578 0.499751
v 0.109169 -0.228361 0.512989
v 0.112833 -0.232161 0.525039
v 0.117437 -0.235831 0.535438
v 0.122804 -0.239231 0.543787
v 0.128727 -0.242229 0.549764
v 0.134980 -0.244711 0.553141
v 0.108349 -0.212391 0.445367
v 0.111730 -0.210669 0.434035
v 0.116093 -0.209643 0.424549
v 0.121270 -0.209353 0.417275
v 0.127063 -0.209809 0.412491
v 0.108281 -0.210180 0.459118
v 0.107347 -0.212791 0.472845
v 0.107563 -0.216017 0.486926
v 0.108921 -0.219733 0.500822
v 0.111370 -0.223798 0.513997
v 0.114814 -0.228054 0.525946
v 0.119122 -0.232339 0.536210
v 0.124128 -0.236487 0.544393
v 0.129639 -0.240339 0.550182
v 0.135444 -0.243748 0.553354
v 0.110330 -0.208284 0.446275
v 0.113414 -0.207176 0.434807
v 0.117416 -0.206899 0.425156
v 0.122182 -0.207463 0.417693
v 0.127528 -0.208846 0.412704
v 0.111537 -0.206070 0.459955
v 0.110803 -0.208428 0.473733
v 0.111087 -0.211568 0.487832
v 0.112378 -0.215370 0.501710
v 0.114626 -0.219688 0.514834
v 0.117744 -0.224355 0.526699
v 0.121614 -0.229193 0.536850
v 0.126086 -0.234015 0.544896
v 0.130988 -0.238637 0.550528
v 0.136132 -0.242880 0.553531
v 0.113260 -0.204585 0.447027
v 0.115906 -0.204030 0.435447
v 0.119374 -0.204427 0.425659
v 0.123530 -0.205760 0.418039
v 0.128215 -0.207978 0.412881
v 0.115723 -0.202571 0.460588
v 0.115247 -0.204714 0.474405
v 0.115618 -0.207781 0.488517
v 0.116822 -0.211656 0.502382
v 0.118812 -0.216189 0.515466
v 0.121512 -0.221207 0.527268
v 0.124818 -0.226515 0.537334
v 0.128603 -0.231912 0.545277
v 0.132722 -0.237188 0.550791
v 0.137016 -0.242141 0.553664
v 0.141320 -0.246581 0.553787
v 0.117027 -0.201436 0.447597
v 0.119110 -0.201353 0.435931
v 0.121892 -0.202323 0.426039
v 0.125264 -0.204311 0.418301
v 0.129099 -0.207239 0.413014
v 0.120678 -0.199819 0.460992
v 0.120508 -0.201791 0.474834
v 0.120982 -0.204802 0.488954
v 0.122083 -0.208734 0.502811
v 0.123767 -0.213437 0.515871
v 0.125972 -0.218729 0.527632
v 0.128611 -0.224409 0.537643
v 0.131583 -0.230256 0.545520
v 0.134774 -0.236047 0.550958
v 0.138062 -0.241560 0.553750
v 0.121487 -0.198959 0.447960
v 0.122903 -0.199246 0.436241
v 0.124871 -0.200668 0.426282
v 0.127317 -0.203171 0.418469
v 0.130146 -0.206658 0.413100
v 0.126213 -0.197918 0.461152
v 0.126383 -0.199773 0.475004
v 0.126972 -0.202744 0.489128
v 0.127958 -0.206716 0.502981
v 0.129301 -0.211535 0.516031
v 0.130952 -0.217018 0.527776
v 0.132846 -0.222954 0.537766
v 0.134911 -0.229113 0.545616
v 0.137067 -0.235260 0.551024
v 0.139231 -0.241158 0.553783
v 0.126468 -0.197248 0.448105
v 0.127139 -0.197791 0.436363
v 0.128199 -0.199525 0.426379
v 0.129609 -0.202383 0.418535
v 0.131314 -0.206257 0.413133
v 0.132113 -0.196941 0.461062
v 0.132647 -0.198737 0.474908
v 0.133359 -0.201687 0.489030
v 0.134221 -0.205679 0.502885
v 0.135202 -0.210559 0.515941
v 0.136262 -0.216140 0.527696
v 0.137362 -0.222206 0.537697
v 0.138459 -0.228526 0.545562
v 0.139511 -0.234855 0.550987
v 0.140477 -0.240952 0.553764
v 0.131778 -0.196369 0.448024
v 0.131655 -0.197044 0.436294
v 0.131748 -0.198938 0.426325
v 0.132053 -0.201979 0.418498
v 0.132560 -0.206050 0.413115
v 0.138153 -0.196927 0.460726
v 0.139058 -0.198722 0.474551
v 0.139896 -0.201672 0.488666
v 0.140633 -0.205664 0.502528
v 0.141241 -0.210545 0.515605
v 0.141698 -0.216127 0.527393
v 0.141985 -0.222195 0.537440
v 0.142091 -0.228517 0.545360
v 0.142012 -0.234850 0.550848
v 0.141752 -0.240949 0.553693
v 0.137213 -0.196357 0.447721
v 0.136277 -0.197033 0.436037
v 0.135379 -0.198929 0.426122
v 0.134555 -0.201973 0.418358
v 0.133835 -0.206047 0.413043
v 0.144100 -0.197875 0.460156
v 0.145372 -0.199729 0.473946
v 0.146333 -0.202699 0.488049
v 0.146946 -0.206671 0.501923
v 0.147188 -0.211493 0.515035
v 0.147050 -0.216981 0.526880
v 0.146536 -0.222921 0.537004
v 0.145667 -0.229088 0.545017
v 0.144476 -0.235242 0.550612
v 0.143008 -0.241149 0.553573
v 0.142566 -0.197210 0.447208
v 0.140829 -0.197759 0.435601
v 0.138956 -0.199500 0.425780
v 0.137018 -0.202366 0.418122
v 0.135091 -0.206248 0.412923
v 0.149725 -0.199750 0.459374
v 0.151344 -0.201719 0.473116
v 0.152422 -0.204728 0.487203
v 0.152919 -0.208661 0.501093
v 0.152814 -0.213368 0.514253
v 0.152113 -0.218668 0.526176
v 0.150842 -0.224356 0.536405
v 0.149050 -0.230215 0.544547
v 0.146806 -0.236019 0.550288
v 0.144196 -0.241545 0.553408
v 0.147629 -0.198898 0.446504
v 0.145134 -0.199194 0.435002
v 0.142339 -0.200627 0.425309
v 0.139349 -0.203142 0.417798
v 0.136279 -0.206644 0.412758
v 0.154813 -0.202479 0.458410
v 0.156745 -0.204616 0.472093
v 0.157929 -0.207682 0.486160
v 0.158320 -0.211559 0.500070
v 0.157902 -0.216097 0.513289
v 0.156692 -0.221124 0.525309
v 0.154736 -0.226445 0.535668
v 0.152110 -0.231856 0.543967
v 0.148914 -0.237150 0.549889
v 0.145270 -0.242121 0.553204
v 0.152208 -0.201354 0.445637
v 0.149029 -0.201282 0.434265
v 0.145398 -0.202268 0.424730
v 0.141456 -0.204273 0.417399
v 0.137354 -0.207220 0.412555
v 0.159169 -0.205958 0.457302
v 0.161369 -0.208309 0.470916
v 0.162644 -0.211447 0.484960
v 0.162944 -0.215251 0.498893
v 0.162258 -0.219576 0.512181
v 0.160612 -0.224255 0.524311
v 0.158070 -0.229107 0.534819
v 0.154729 -0.233948 0.543301
v 0.150718 -0.238590 0.549429
v 0.146190 -0.242856 0.552970
v 0.156128 -0.204484 0.444640
v 0.152362 -0.203945 0.433416
v 0.148017 -0.204360 0.424064
v 0.143260 -0.205714 0.416940
v 0.138273 -0.207954 0.412320
v 0.162624 -0.210052 0.456091
v 0.165037 -0.212655 0.469631
v 0.166383 -0.215878 0.483650
v 0.166611 -0.219598 0.497608
v 0.165713 -0.223670 0.510970
v 0.163721 -0.227939 0.523222
v 0.160714 -0.232241 0.533893
v 0.156806 -0.236410 0.542573
v 0.152149 -0.240286 0.548928
v 0.146920 -0.243721 0.552715
v 0.159237 -0.208169 0.443550
v 0.155006 -0.207078 0.432490
v 0.150095 -0.206822 0.423336
v 0.144691 -0.207410 0.416439
v 0.139003 -0.208819 0.412065
v 0.165045 -0.214605 0.454825
v 0.167608 -0.217488 0.468287
v 0.169004 -0.220806 0.482280
v 0.169182 -0.224431 0.496264
v 0.168134 -0.228223 0.509704
v 0.165901 -0.232036 0.522083
v 0.162568 -0.235725 0.532924
v 0.158263 -0.239148 0.541811
v 0.153152 -0.242172 0.548404
v 0.147431 -0.244682 0.552447
v 0.161416 -0.212266 0.442411
v 0.156860 -0.210563 0.431521
v 0.151551 -0.209560 0.422574
v 0.145694 -0.209295 0.415915
v 0.139514 -0.209780 0.411798
v 0.166341 -0.219441 0.453553
v 0.168983 -0.222622 0.466936
v 0.170407 -0.226040 0.480902
v 0.170558 -0.229564 0.494913
v 0.169430 -0.233058 0.508431
v 0.167067 -0.236389 0.520937
v 0.163559 -0.239427 0.531950
v 0.159042 -0.242056 0.541046
v 0.153688 -0.244175 0.547876
v 0.147704 -0.245703 0.552179
v 0.162582 -0.216618 0.441265
v 0.157852 -0.214264 0.430547
v 0.152330 -0.212468 0.421809
v 0.146231 -0.211298 0.415387
v 0.139788 -0.210801 0.411529
v 0.166461 -0.224374 0.452322
v 0.170536 -0.231380 0.479570
v 0.163651 -0.243202 0.531008
v 0.159114 -0.245022 0.540306
v 0.157943 -0.218040 0.429605
v 0.146281 -0.213342 0.414877
v 0.139813 -0.211843 0.411269
vn -0.0000 0.3705 0.9288
vn -0.0000 0.6660 0.7459
vn -0.0000 0.9487 0.3163
vn -0.0000 1.0000 -0.0000
vn -0.0000 0.9487 -0.3163
vn -0.0000 0.6660 -0.7459
vn 0.0353 0.1176 0.9924
vn 0.0708 0.2358 0.9692
vn 0.1087 0.3622 0.9257
vn 0.1497 0.4993 0.8534
vn 0.1938 0.6463 0.7381
vn 0.2377 0.7928 0.5612
vn 0.2731 0.9108 0.3096
vn 0.2872 0.9579 -0.0000
vn 0.2731 0.9108 -0.3096
vn 0.2377 0.7928 -0.5612
vn 0.1938 0.6463 -0.7381
vn 0.1497 0.4993 -0.8534
vn 0.1086 0.3622 -0.9257
vn 0.0708 0.2358 -0.9692
vn 0.0353 0.1176 -0.9924
vn 0.0692 0.1106 0.9915
vn 0.1382 0.2212 0.9654
vn 0.2111 0.3380 0.9172
vn 0.2886 0.4622 0.8385
vn 0.3692 0.5914 0.7169
vn 0.4466 0.7153 0.5375
vn 0.5064 0.8111 0.2927
vn 0.5296 0.8482 -0.0000
vn 0.5064 0.8111 -0.2927
vn 0.4466 0.7153 -0.5375
vn 0.3692 0.5914 -0.7169
vn 0.2886 0.4622 -0.8385
vn 0.2111 0.3380 -0.9172
vn 0.1382 0.2212 -0.9654
vn 0.0692 0.1106 -0.9915
vn 0.1003 0.0993 0.9900
vn 0.1994 0.1978 0.9597
vn 0.3023 0.3000 0.9048
vn 0.4086 0.4056 0.8177
vn 0.5147 0.5110 0.6884
vn 0.6117 0.6073 0.5070
vn 0.6829 0.6780 0.2718
vn 0.7096 0.7046 -0.0000
vn 0.6829 0.6780 -0.2718
vn 0.6117 0.6073 -0.5070
vn 0.5147 0.5110 -0.6884
vn 0.4086 0.4056 -0.8177
vn 0.3023 0.3000 -0.9048
vn 0.1994 0.1978 -0.9597
vn 0.1003 0.0993 -0.9900
vn 0.1272 0.0842 0.9883
vn 0.2520 0.1670 0.9532
vn 0.3787 0.2511 0.8908
vn 0.5055 0.3353 0.7950
vn 0.6269 0.4159 0.6588
vn 0.7324 0.4859 0.4770
vn 0.8064 0.5350 0.2522
vn 0.8333 0.5528 -0.0000
vn 0.8064 0.5350 -0.2522
vn 0.7324 0.4859 -0.4770
vn 0.6269 0.4159 -0.6588
vn 0.5055 0.3353 -0.7950
vn 0.3787 0.2511 -0.8908
vn 0.2520 0.1670 -0.9532
vn 0.1272 0.0842 -0.9883
vn 0.1492 0.0660 0.9866
vn 0.2942 0.1303 0.9468
vn 0.4386 0.1943 0.8774
vn 0.5788 0.2565 0.7741
vn 0.7080 0.3138 0.6327
vn 0.8156 0.3615 0.4517
vn 0.8883 0.3938 0.2362
vn 0.9142 0.4053 -0.0000
vn 0.8883 0.3938 -0.2362
vn 0.8156 0.3615 -0.4517
vn 0.7080 0.3138 -0.6327
vn 0.5788 0.2565 -0.7741
vn 0.4386 0.1943 -0.8774
vn 0.2942 0.1303 -0.9468
vn 0.1492 0.0660 -0.9866
vn -0.0000 -0.0000 1.0000
vn 0.1654 0.0453 0.9852
vn 0.3249 0.0892 0.9415
vn 0.4812 0.1322 0.8666
vn 0.6294 0.1729 0.7576
vn 0.7620 0.2094 0.6128
vn 0.8691 0.2388 0.4332
vn 0.9396 0.2582 0.2249
vn 0.9643 0.2650 -0.0000
vn 0.9396 0.2582 -0.2249
vn 0.8691 0.2388 -0.4332
vn 0.7620 0.2094 -0.6128
vn 0.6294 0.1729 -0.7576
vn 0.4812 0.1322 -0.8666
vn 0.3249 0.0892 -0.9415
vn 0.1654 0.0453 -0.9852
vn 0.1753 0.0231 0.9842
vn 0.3435 0.0453 0.9380
vn 0.5066 0.0668 0.8596
vn 0.6589 0.0869 0.7472
vn 0.7927 0.1046 0.6005
vn 0.8988 0.1186 0.4220
vn 0.9675 0.1277 0.2181
vn 0.9914 0.1308 -0.0000
vn 0.9675 0.1277 -0.2181
vn 0.8988 0.1186 -0.4220
vn 0.7927 0.1046 -0.6005
vn 0.6589 0.0869 -0.7472
vn 0.5066 0.0668 -0.8596
vn 0.3435 0.0453 -0.9380
vn 0.1753 0.0231 -0.9842
vn 0.1786 -0.0000 0.9839
vn 0.3498 -0.0000 0.9368
vn 0.5151 -0.0000 0.8572
vn 0.6686 -0.0000 0.7436
vn 0.8027 -0.0000 0.5964
vn 0.9083 -0.0000 0.4183
vn 0.9764 -0.0000 0.2159
vn 1.0000 -0.0000 -0.0000
vn 0.9764 -0.0000 -0.2159
vn 0.9083 -0.0000 -0.4183
vn 0.8027 -0.0000 -0.5964
vn 0.6686 -0.0000 -0.7436
vn 0.5151 -0.0000 -0.8572
vn 0.3498 -0.0000 -0.9368
vn 0.1786 -0.0000 -0.9839
vn 0.1753 -0.0231 0.9842
vn 0.3435 -0.0453 0.9380
vn 0.5066 -0.0668 0.8596
vn 0.6589 -0.0869 0.7472
vn 0.7927 -0.1046 0.6005
vn 0.8988 -0.1186 0.4220
vn 0.9675 -0.1277 0.2181
vn 0.9914 -0.1308 -0.0000
vn 0.9675 -0.1277 -0.2181
vn 0.8988 -0.1186 -0.4220
vn 0.7927 -0.1046 -0.6005
vn 0.6589 -0.0869 -0.7472
vn 0.5066 -0.0668 -0.8596
vn 0.3435 -0.0453 -0.9380
vn 0.1753 -0.0231 -0.9842
vn 0.1654 -0.0453 0.9852
vn 0.3249 -0.0892 0.9415
vn 0.4812 -0.1322 0.8666
vn 0.6294 -0.1729 0.7576
vn 0.7620 -0.2094 0.6128
vn 0.8691 -0.2388 0.4332
vn 0.9396 -0.2582 0.2249
vn 0.9643 -0.2650 -0.0000
vn 0.9396 -0.2582 -0.2249
vn 0.8691 -0.2388 -0.4332
vn 0.7620 -0.2094 -0.6128
vn 0.6294 -0.1729 -0.7576
vn 0.4812 -0.1322 -0.8666
vn 0.3249 -0.0892 -0.9415
vn 0.1654 -0.0453 -0.9852
vn 0.1492 -0.0660 0.9866
vn 0.2942 -0.1303 0.9468
vn 0.4386 -0.1943 0.8774
vn 0.5788 -0.2565 0.7741
vn 0.7080 -0.3138 0.6327
vn 0.8156 -0.3615 0.4517
vn 0.8883 -0.3938 0.2362
vn 0.9142 -0.4053 -0.0000
vn 0.8883 -0.3938 -0.2362
vn 0.8156 -0.3615 -0.4517
vn 0.7080 -0.3138 -0.6327
vn 0.5788 -0.2565 -0.7741
vn 0.4386 -0.1943 -0.8774
vn 0.2942 -0.1303 -0.9468
vn 0.1492 -0.0660 -0.9866
vn 0.1272 -0.0842 0.9883
vn 0.2520 -0.1670 0.9532
vn 0.3787 -0.2511 0.8908
vn 0.5055 -0.3353 0.7950
vn 0.6269 -0.4159 0.6588
vn 0.7324 -0.4859 0.4770
vn 0.8064 -0.5350 0.2522
vn 0.8333 -0.5528 -0.0000
vn 0.8064 -0.5350 -0.2522
vn 0.7324 -0.4859 -0.4770
vn 0.6269 -0.4159 -0.6588
vn 0.5055 -0.3353 -0.7950
vn 0.3787 -0.2511 -0.8908
vn 0.2520 -0.1670 -0.9532
vn 0.1272 -0.0842 -0.9883
vn 0.1003 -0.0993 0.9900
vn 0.1994 -0.1978 0.9597
vn 0.3023 -0.3000 0.9048
vn 0.4086 -0.4056 0.8177
vn 0.5147 -0.5110 0.6884
vn 0.6117 -0.6073 0.5070
vn 0.6829 -0.6780 0.2718
vn 0.7096 -0.7046 -0.0000
vn 0.6829 -0.6780 -0.2718
vn 0.6117 -0.6073 -0.5070
vn 0.5147 -0.5110 -0.6884
vn 0.4086 -0.4056 -0.8177
vn 0.3023 -0.3000 -0.9048
vn 0.1994 -0.1978 -0.9597
vn 0.1003 -0.0993 -0.9900
vn 0.0692 -0.1106 0.9915
vn 0.1382 -0.2212 0.9654
vn 0.2111 -0.3380 0.9172
vn 0.2886 -0.4622 0.8385
vn 0.3692 -0.5914 0.7169
vn 0.4466 -0.7153 0.5375
vn 0.5064 -0.8111 0.2927
vn 0.5296 -0.8483 -0.0000
vn 0.5064 -0.8111 -0.2927
vn 0.4466 -0.7153 -0.5375
vn 0.3692 -0.5914 -0.7169
vn 0.2886 -0.4622 -0.8385
vn 0.2111 -0.3380 -0.9172
vn 0.1382 -0.2212 -0.9654
vn 0.0692 -0.1106 -0.9915
vn 0.0353 -0.1176 0.9924
vn 0.0708 -0.2358 0.9692
vn 0.1087 -0.3622 0.9257
vn 0.1497 -0.4993 0.8534
vn 0.1938 -0.6463 0.7381
vn 0.2377 -0.7928 0.5612
vn 0.2731 -0.9108 0.3096
vn 0.2872 -0.9579 -0.0000
vn 0.2731 -0.9108 -0.3096
vn 0.2377 -0.7928 -0.5612
vn 0.1938 -0.6463 -0.7381
vn 0.1497 -0.4993 -0.8534
vn 0.1087 -0.3622 -0.9257
vn 0.0708 -0.2358 -0.9692
vn 0.0353 -0.1176 -0.9924
vn -0.0000 -0.1200 0.9928
vn -0.0000 -0.2408 0.9706
vn -0.0000 -0.3705 0.9288
vn -0.0000 -0.5124 0.8588
vn -0.0000 -0.6660 0.7459
vn -0.0000 -0.8214 0.5703
vn -0.0000 -0.9487 0.3163
vn -0.0000 -1.0000 -0.0000
vn -0.0000 -0.9487 -0.3163
vn -0.0000 -0.8214 -0.5703
vn -0.0000 -0.6660 -0.7459
vn -0.0000 -0.5124 -0.8588
vn -0.0000 -0.3705 -0.9288
vn -0.0000 -0.2408 -0.9706
vn -0.0000 -0.1200 -0.9928
vn -0.0353 -0.1176 0.9924
vn -0.0708 -0.2358 0.9692
vn -0.1087 -0.3622 0.9257
vn -0.1497 -0.4993 0.8534
vn -0.1938 -0.6463 0.7381
vn -0.2377 -0.7928 0.5612
vn -0.2731 -0.9108 0.3096
vn -0.2872 -0.9579 -0.0000
vn -0.2731 -0.9108 -0.3096
vn -0.2377 -0.7928 -0.5612
vn -0.1938 -0.6463 -0.7381
vn -0.1497 -0.4993 -0.8534
vn -0.1087 -0.3622 -0.9257
vn -0.0708 -0.2358 -0.9692
vn -0.0353 -0.1176 -0.9924
vn -0.0692 -0.1106 0.9915
vn -0.1382 -0.2212 0.9654
vn -0.2111 -0.3380 0.9172
vn -0.2886 -0.4622 0.8385
vn -0.3692 -0.5914 0.7169
vn -0.4466 -0.7153 0.5375
vn -0.5064 -0.8111 0.2927
vn -0.5296 -0.8482 -0.0000
vn -0.5064 -0.8111 -0.2927
vn -0.4466 -0.7153 -0.5375
vn -0.3692 -0.5914 -0.7169
vn -0.2886 -0.4622 -0.8385
vn -0.2111 -0.3380 -0.9172
vn -0.1382 -0.2212 -0.9654
vn -0.0692 -0.1106 -0.9915
vn -0.1003 -0.0993 0.9900
vn -0.1994 -0.1978 0.9597
vn -0.3023 -0.3000 0.9048
vn -0.4086 -0.4056 0.8177
vn -0.5147 -0.5110 0.6884
vn -0.6117 -0.6073 0.5070
vn -0.6829 -0.6780 0.2718
vn -0.7096 -0.7046 -0.0000
vn -0.6829 -0.6780 -0.2718
vn -0.6117 -0.6073 -0.5070
vn -0.5147 -0.5110 -0.6884
vn -0.4086 -0.4056 -0.8177
vn -0.3023 -0.3000 -0.9048
vn -0.1994 -0.1978 -0.9597
vn -0.1003 -0.0993 -0.9900
vn -0.1272 -0.0842 0.9883
vn -0.2520 -0.1670 0.9532
vn -0.3787 -0.2511 0.8908
vn -0.5055 -0.3353 0.7950
vn -0.6269 -0.4159 0.6588
vn -0.7324 -0.4859 0.4770
vn -0.8064 -0.5350 0.2522
vn -0.8333 -0.5528 -0.0000
vn -0.8064 -0.5350 -0.2522
vn -0.7324 -0.4859 -0.4770
vn -0.6269 -0.4159 -0.6588
vn -0.5055 -0.3353 -0.7950
vn -0.3787 -0.2511 -0.8908
vn -0.2520 -0.1670 -0.9532
vn -0.1272 -0.0842 -0.9883
vn -0.0000 -0.0000 -1.0000
vn -0.1492 -0.0660 0.9866
vn -0.2942 -0.1303 0.9468
vn -0.4386 -0.1943 0.8774
vn -0.5788 -0.2565 0.7741
vn -0.7080 -0.3138 0.6327
vn -0.8156 -0.3615 0.4517
vn -0.8883 -0.3938 0.2362
vn -0.9142 -0.4053 -0.0000
vn -0.8883 -0.3938 -0.2362
vn -0.8156 -0.3615 -0.4517
vn -0.7080 -0.3138 -0.6327
vn -0.5788 -0.2565 -0.7741
vn -0.4386 -0.1943 -0.8774
vn -0.2942 -0.1303 -0.9468
vn -0.1492 -0.0660 -0.9866
vn -0.1654 -0.0453 0.9852
vn -0.3249 -0.0892 0.9415
vn -0.4812 -0.1322 0.8666
vn -0.6294 -0.1729 0.7576
vn -0.7620 -0.2094 0.6128
vn -0.8691 -0.2388 0.4332
vn -0.9396 -0.2582 0.2249
vn -0.9643 -0.2650 -0.0000
vn -0.9396 -0.2582 -0.2249
vn -0.8691 -0.2388 -0.4332
vn -0.7620 -0.2094 -0.6128
vn -0.6294 -0.1729 -0.7576
vn -0.4812 -0.1322 -0.8666
vn -0.3249 -0.0892 -0.9415
vn -0.1654 -0.0453 -0.9852
vn -0.1753 -0.0231 0.9842
vn -0.3435 -0.0453 0.9380
vn -0.5066 -0.0668 0.8596
vn -0.6589 -0.0869 0.7472
vn -0.7927 -0.1046 0.6005
vn -0.8988 -0.1186 0.4220
vn -0.9675 -0.1277 0.2181
vn -0.9914 -0.1308 -0.0000
vn -0.9675 -0.1277 -0.2181
vn -0.8988 -0.1186 -0.4220
vn -0.7927 -0.1046 -0.6005
vn -0.6589 -0.0869 -0.7472
vn -0.5066 -0.0668 -0.8596
vn -0.3435 -0.0453 -0.9380
vn -0.1753 -0.0231 -0.9842
vn -0.1786 -0.0000 0.9839
vn -0.3498 -0.0000 0.9368
vn -0.5151 -0.0000 0.8572
vn -0.6686 -0.0000 0.7436
vn -0.8027 -0.0000 0.5964
vn -0.9083 -0.0000 0.4183
vn -0.9764 -0.0000 0.2159
vn -1.0000 -0.0000 -0.0000
vn -0.9764 -0.0000 -0.2159
vn -0.9083 -0.0000 -0.4183
vn -0.8027 -0.0000 -0.5964
vn -0.6686 -0.0000 -0.7436
vn -0.5151 -0.0000 -0.8572
vn -0.3498 -0.0000 -0.9368
vn -0.1786 -0.0000 -0.9839
vn -0.1753 0.0231 0.9842
vn -0.3435 0.0453 0.9380
vn -0.5066 0.0668 0.8596
vn -0.6589 0.0869 0.7472
vn -0.7927 0.1046 0.6005
vn -0.8988 0.1186 0.4220
vn -0.9675 0.1277 0.2181
vn -0.9914 0.1308 -0.0000
vn -0.9675 0.1277 -0.2181
vn -0.8988 0.1186 -0.4220
vn -0.7927 0.1046 -0.6005
vn -0.6589 0.0869 -0.7472
vn -0.5066 0.0668 -0.8596
vn -0.3435 0.0453 -0.9380
vn -0.1753 0.0231 -0.9842
vn -0.1654 0.0453 0.9852
vn -0.3249 0.0892 0.9415
vn -0.4812 0.1322 0.8666
vn -0.6294 0.1729 0.7576
vn -0.7620 0.2094 0.6128
vn -0.8691 0.2388 0.4332
vn -0.9396 0.2582 0.2249
vn -0.9643 0.2650 -0.0000
vn -0.9396 0.2582 -0.2249
vn -0.8691 0.2388 -0.4332
vn -0.7620 0.2094 -0.6128
vn -0.6294 0.1729 -0.7576
vn -0.4812 0.1322 -0.8666
vn -0.3249 0.0892 -0.9415
vn -0.1654 0.0453 -0.9852
vn -0.1492 0.0660 0.9866
vn -0.2942 0.1303 0.9468
vn -0.4386 0.1943 0.8774
vn -0.5788 0.2565 0.7741
vn -0.7080 0.3138 0.6327
vn -0.8156 0.3615 0.4517
vn -0.8883 0.3938 0.2362
vn -0.9142 0.4053 -0.0000
vn -0.8883 0.3938 -0.2362
vn -0.8156 0.3615 -0.4517
vn -0.7080 0.3138 -0.6327
vn -0.5788 0.2565 -0.7741
vn -0.4386 0.1943 -0.8774
vn -0.2942 0.1303 -0.9468
vn -0.1492 0.0660 -0.9866
vn -0.1272 0.0842 0.9883
vn -0.2520 0.1670 0.9532
vn -0.3787 0.2511 0.8908
vn -0.5055 0.3353 0.7950
vn -0.6269 0.4159 0.6588
vn -0.7324 0.4859 0.4770
vn -0.8064 0.5350 0.2522
vn -0.8333 0.5528 -0.0000
vn -0.8064 0.5350 -0.2522
vn -0.7324 0.4859 -0.4770
vn -0.6269 0.4159 -0.6588
vn -0.5055 0.3353 -0.7950
vn -0.3787 0.2511 -0.8908
vn -0.2520 0.1670 -0.9532
vn -0.1272 0.0842 -0.9883
vn -0.1003 0.0993 0.9900
vn -0.1994 0.1978 0.9597
vn -0.3023 0.3000 0.9048
vn -0.4086 0.4056 0.8177
vn -0.5147 0.5110 0.6884
vn -0.6117 0.6073 0.5070
vn -0.6829 0.6781 0.2718
vn -0.7096 0.7046 -0.0000
vn -0.6829 0.6781 -0.2718
vn -0.6117 0.6073 -0.5070
vn -0.5147 0.5110 -0.6884
vn -0.4086 0.4056 -0.8177
vn -0.3023 0.3000 -0.9048
vn -0.1994 0.1978 -0.9597
vn -0.1003 0.0993 -0.9900
vn -0.0692 0.1106 0.9915
vn -0.1382 0.2212 0.9654
vn -0.2111 0.3380 0.9172
vn -0.2886 0.4622 0.8385
vn -0.3692 0.5914 0.7169
vn -0.4466 0.7153 0.5375
vn -0.5064 0.8111 0.2927
vn -0.5296 0.8483 -0.0000
vn -0.5064 0.8111 -0.2927
vn -0.4466 0.7153 -0.5375
vn -0.3692 0.5914 -0.7169
vn -0.2886 0.4622 -0.8385
vn -0.2111 0.3380 -0.9172
vn -0.1382 0.2212 -0.9654
vn -0.0692 0.1106 -0.9915
vn -0.0353 0.1176 0.9924
vn -0.0708 0.2358 0.9692
vn -0.1087 0.3622 0.9257
vn -0.1497 0.4993 0.8534
vn -0.1938 0.6463 0.7381
vn -0.2377 0.7928 0.5612
vn -0.2731 0.9108 0.3096
vn -0.2872 0.9579 -0.0000
vn -0.2731 0.9108 -0.3096
vn -0.2377 0.7928 -0.5612
vn -0.1938 0.6463 -0.7381
vn -0.1497 0.4993 -0.8534
vn -0.1087 0.3622 -0.9257
vn -0.0708 0.2358 -0.9692
vn -0.0353 0.1176 -0.9924
vn -0.0000 0.1200 0.9928
vn -0.0000 0.2408 0.9706
vn -0.0000 0.5124 0.8588
vn -0.0000 0.8214 0.5703
vn -0.0000 0.8214 -0.5703
vn -0.0000 0.5124 -0.8588
vn -0.0000 0.3705 -0.9288
vn -0.0000 0.2408 -0.9706
vn -0.0000 0.1200 -0.9928
vn -0.0000 0.4438 0.8961
vn -0.0000 0.7438 0.6684
vn -0.0000 0.9661 0.2581
vn -0.0000 0.9661 -0.2581
vn -0.0000 0.7438 -0.6684
vn 0.0322 0.1439 0.9891
vn 0.0650 0.2874 0.9556
vn 0.0986 0.4348 0.8951
vn 0.1324 0.5835 0.8012
vn 0.1651 0.7272 0.6663
vn 0.1937 0.8532 0.4843
vn 0.2140 0.9425 0.2568
vn 0.2214 0.9752 -0.0000
vn 0.2140 0.9425 -0.2568
vn 0.1937 0.8532 -0.4843
vn 0.1651 0.7272 -0.6663
vn 0.1324 0.5835 -0.8012
vn 0.0986 0.4348 -0.8951
vn 0.0650 0.2874 -0.9556
vn 0.0322 0.1439 -0.9891
vn 0.0633 0.1360 0.9887
vn 0.1274 0.2707 0.9542
vn 0.1928 0.4084 0.8922
vn 0.2583 0.5465 0.7967
vn 0.3209 0.6788 0.6605
vn 0.3754 0.7938 0.4785
vn 0.4136 0.8746 0.2531
vn 0.4275 0.9040 -0.0000
vn 0.4136 0.8746 -0.2531
vn 0.3754 0.7938 -0.4785
vn 0.3209 0.6788 -0.6605
vn 0.2583 0.5465 -0.7967
vn 0.1928 0.4084 -0.8922
vn 0.1274 0.2707 -0.9542
vn 0.0633 0.1359 -0.9887
vn 0.0924 0.1230 0.9881
vn 0.1849 0.2436 0.9521
vn 0.2787 0.3660 0.8879
vn 0.3718 0.4876 0.7899
vn 0.4599 0.6028 0.6520
vn 0.5354 0.7016 0.4702
vn 0.5877 0.7702 0.2478
vn 0.6067 0.7950 -0.0000
vn 0.5877 0.7702 -0.2478
vn 0.5354 0.7016 -0.4702
vn 0.4599 0.6028 -0.6520
vn 0.3718 0.4876 -0.7899
vn 0.2787 0.3660 -0.8879
vn 0.1849 0.2436 -0.9521
vn 0.0924 0.1230 -0.9881
vn 0.1183 0.1052 0.9874
vn 0.2353 0.2072 0.9496
vn 0.3531 0.3098 0.8828
vn 0.4687 0.4106 0.7821
vn 0.5766 0.5049 0.6423
vn 0.6678 0.5845 0.4609
vn 0.7302 0.6390 0.2419
vn 0.7525 0.6586 -0.0000
vn 0.7302 0.6390 -0.2419
vn 0.6678 0.5845 -0.4609
vn 0.5766 0.5049 -0.6423
vn 0.4687 0.4106 -0.7821
vn 0.3531 0.3098 -0.8828
vn 0.2353 0.2072 -0.9496
vn 0.1183 0.1052 -0.9874
vn 0.1400 0.0833 0.9866
vn 0.2769 0.1629 0.9470
vn 0.4134 0.2424 0.8777
vn 0.5460 0.3196 0.7744
vn 0.6683 0.3908 0.6330
vn 0.7701 0.4502 0.4520
vn 0.8389 0.4903 0.2364
vn 0.8634 0.5046 -0.0000
vn 0.8389 0.4903 -0.2364
vn 0.7701 0.4502 -0.4520
vn 0.6683 0.3908 -0.6330
vn 0.5460 0.3196 -0.7744
vn 0.4134 0.2424 -0.8777
vn 0.2769 0.1629 -0.9470
vn 0.1400 0.0833 -0.9866
vn 0.1566 0.0577 0.9860
vn 0.3079 0.1124 0.9448
vn 0.4578 0.1664 0.8734
vn 0.6021 0.2184 0.7680
vn 0.7337 0.2659 0.6253
vn 0.8421 0.3050 0.4448
vn 0.9146 0.3312 0.2320
vn 0.9403 0.3405 -0.0000
vn 0.9146 0.3312 -0.2320
vn 0.8421 0.3050 -0.4448
vn 0.7337 0.2659 -0.6253
vn 0.6021 0.2184 -0.7680
vn 0.4578 0.1664 -0.8734
vn 0.3079 0.1124 -0.9448
vn 0.1566 0.0577 -0.9860
vn 0.1670 0.0296 0.9855
vn 0.3272 0.0573 0.9432
vn 0.4850 0.0846 0.8704
vn 0.6360 0.1108 0.7637
vn 0.7728 0.1344 0.6202
vn 0.8846 0.1538 0.4402
vn 0.9590 0.1667 0.2291
vn 0.9852 0.1713 -0.0000
vn 0.9590 0.1667 -0.2291
vn 0.8846 0.1538 -0.4402
vn 0.7728 0.1344 -0.6202
vn 0.6360 0.1108 -0.7637
vn 0.4850 0.0846 -0.8704
vn 0.3272 0.0573 -0.9432
vn 0.1670 0.0296 -0.9855
vn 0.1705 -0.0000 0.9854
vn 0.3337 -0.0000 0.9427
vn 0.4941 -0.0000 0.8694
vn 0.6474 -0.0000 0.7622
vn 0.7858 -0.0000 0.6185
vn 0.8987 -0.0000 0.4386
vn 0.9736 -0.0000 0.2282
vn 0.9736 -0.0000 -0.2282
vn 0.8987 -0.0000 -0.4386
vn 0.7858 -0.0000 -0.6185
vn 0.6474 -0.0000 -0.7622
vn 0.4941 -0.0000 -0.8694
vn 0.3337 -0.0000 -0.9427
vn 0.1705 -0.0000 -0.9854
vn 0.1670 -0.0296 0.9855
vn 0.3272 -0.0573 0.9432
vn 0.4850 -0.0846 0.8704
vn 0.6360 -0.1108 0.7637
vn 0.7728 -0.1344 0.6202
vn 0.8846 -0.1538 0.4402
vn 0.9590 -0.1667 0.2291
vn 0.9852 -0.1713 -0.0000
vn 0.9590 -0.1667 -0.2291
vn 0.8846 -0.1538 -0.4402
vn 0.7728 -0.1344 -0.6202
vn 0.6360 -0.1108 -0.7637
vn 0.4850 -0.0846 -0.8704
vn 0.3272 -0.0573 -0.9432
vn 0.1670 -0.0296 -0.9855
vn 0.1566 -0.0577 0.9860
vn 0.3079 -0.1124 0.9448
vn 0.4578 -0.1664 0.8734
vn 0.6021 -0.2184 0.7680
vn 0.7337 -0.2659 0.6253
vn 0.8421 -0.3050 0.4448
vn 0.9146 -0.3312 0.2320
vn 0.9403 -0.3405 -0.0000
vn 0.9146 -0.3312 -0.2320
vn 0.8421 -0.3050 -0.4448
vn 0.7337 -0.2659 -0.6253
vn 0.6021 -0.2184 -0.7680
vn 0.4578 -0.1664 -0.8734
vn 0.3079 -0.1124 -0.9448
vn 0.1566 -0.0577 -0.9860
vn 0.1400 -0.0833 0.9866
vn 0.2769 -0.1629 0.9470
vn 0.4134 -0.2424 0.8777
vn 0.5460 -0.3196 0.7744
vn 0.6683 -0.3908 0.6330
vn 0.7701 -0.4502 0.4520
vn 0.8389 -0.4903 0.2364
vn 0.8634 -0.5046 -0.0000
vn 0.8389 -0.4903 -0.2364
vn 0.7701 -0.4502 -0.4520
vn 0.6683 -0.3908 -0.6330
vn 0.5460 -0.3196 -0.7744
vn 0.4134 -0.2424 -0.8777
vn 0.2769 -0.1629 -0.9470
vn 0.1400 -0.0833 -0.9866
vn 0.1183 -0.1052 0.9874
vn 0.2353 -0.2072 0.9496
vn 0.3531 -0.3098 0.8828
vn 0.4687 -0.4106 0.7821
vn 0.5766 -0.5049 0.6423
vn 0.6678 -0.5845 0.4609
vn 0.7302 -0.6390 0.2419
vn 0.7525 -0.6586 -0.0000
vn 0.7302 -0.6390 -0.2419
vn 0.6678 -0.5845 -0.4609
vn 0.5766 -0.5049 -0.6423
vn 0.4687 -0.4106 -0.7821
vn 0.3531 -0.3098 -0.8828
vn 0.2353 -0.2072 -0.9496
vn 0.1183 -0.1052 -0.9874
vn 0.0924 -0.1230 0.9881
vn 0.1849 -0.2436 0.9521
vn 0.2787 -0.3660 0.8879
vn 0.3718 -0.4876 0.7899
vn 0.4599 -0.6028 0.6520
vn 0.5354 -0.7016 0.4702
vn 0.5877 -0.7702 0.2478
vn 0.6067 -0.7950 -0.0000
vn 0.5877 -0.7702 -0.2478
vn 0.5354 -0.7016 -0.4702
vn 0.4599 -0.6028 -0.6520
vn 0.3718 -0.4876 -0.7899
vn 0.2787 -0.3660 -0.8879
vn 0.1849 -0.2436 -0.9521
vn 0.0924 -0.1230 -0.9881
vn 0.0633 -0.1360 0.9887
vn 0.1274 -0.2707 0.9542
vn 0.1928 -0.4084 0.8922
vn 0.2583 -0.5465 0.7967
vn 0.3209 -0.6788 0.6605
vn 0.3754 -0.7938 0.4785
vn 0.4136 -0.8746 0.2531
vn 0.4275 -0.9040 -0.0000
vn 0.4136 -0.8746 -0.2531
vn 0.3754 -0.7938 -0.4785
vn 0.3209 -0.6788 -0.6605
vn 0.2583 -0.5465 -0.7967
vn 0.1928 -0.4084 -0.8922
vn 0.1274 -0.2707 -0.9542
vn 0.0633 -0.1360 -0.9887
vn 0.0322 -0.1439 0.9891
vn 0.0650 -0.2874 0.9556
vn 0.0986 -0.4348 0.8951
vn 0.1324 -0.5835 0.8012
vn 0.1651 -0.7272 0.6663
vn 0.1937 -0.8532 0.4843
vn 0.2140 -0.9425 0.2568
vn 0.2214 -0.9752 -0.0000
vn 0.2140 -0.9425 -0.2568
vn 0.1937 -0.8532 -0.4843
vn 0.1651 -0.7272 -0.6663
vn 0.1324 -0.5835 -0.8012
vn 0.0986 -0.4348 -0.8951
vn 0.0650 -0.2874 -0.9556
vn 0.0322 -0.1439 -0.9891
vn -0.0000 -0.1465 0.9892
vn -0.0000 -0.2931 0.9561
vn -0.0000 -0.4438 0.8961
vn -0.0000 -0.5962 0.8029
vn -0.0000 -0.7438 0.6684
vn -0.0000 -0.8738 0.4864
vn -0.0000 -0.9661 0.2581
vn -0.0000 -0.9661 -0.2581
vn -0.0000 -0.8738 -0.4864
vn -0.0000 -0.7438 -0.6684
vn -0.0000 -0.5962 -0.8029
vn -0.0000 -0.4438 -0.8961
vn -0.0000 -0.2931 -0.9561
vn -0.0000 -0.1465 -0.9892
vn -0.0322 -0.1439 0.9891
vn -0.0650 -0.2874 0.9556
vn -0.0986 -0.4348 0.8951
vn -0.1324 -0.5835 0.8012
vn -0.1651 -0.7272 0.6663
vn -0.1937 -0.8532 0.4843
vn -0.2140 -0.9425 0.2568
vn -0.2214 -0.9752 -0.0000
vn -0.2140 -0.9425 -0.2568
vn -0.1937 -0.8532 -0.4843
vn -0.1651 -0.7272 -0.6663
vn -0.1324 -0.5835 -0.8012
vn -0.0986 -0.4348 -0.8951
vn -0.0650 -0.2874 -0.9556
vn -0.0322 -0.1439 -0.9891
vn -0.0633 -0.1360 0.9887
vn -0.1274 -0.2707 0.9542
vn -0.1928 -0.4084 0.8922
vn -0.2583 -0.5465 0.7967
vn -0.3209 -0.6788 0.6605
vn -0.3754 -0.7938 0.4785
vn -0.4136 -0.8746 0.2531
vn -0.4275 -0.9040 -0.0000
vn -0.4136 -0.8746 -0.2531
vn -0.3754 -0.7938 -0.4785
vn -0.3209 -0.6788 -0.6605
vn -0.2583 -0.5465 -0.7967
vn -0.1928 -0.4084 -0.8922
vn -0.1274 -0.2707 -0.9542
vn -0.0633 -0.1360 -0.9887
vn -0.0924 -0.1230 0.9881
vn -0.1849 -0.2436 0.9521
vn -0.2787 -0.3660 0.8879
vn -0.3718 -0.4876 0.7899
vn -0.4599 -0.6028 0.6520
vn -0.5354 -0.7016 0.4702
vn -0.5877 -0.7702 0.2478
vn -0.6067 -0.7950 -0.0000
vn -0.5877 -0.7702 -0.2478
vn -0.5354 -0.7016 -0.4702
vn -0.4599 -0.6028 -0.6520
vn -0.3718 -0.4876 -0.7899
vn -0.2787 -0.3660 -0.8879
vn -0.1849 -0.2436 -0.9521
vn -0.0924 -0.1230 -0.9881
vn -0.1183 -0.1052 0.9874
vn -0.2353 -0.2072 0.9496
vn -0.3531 -0.3098 0.8828
vn -0.4687 -0.4106 0.7821
vn -0.5766 -0.5049 0.6423
vn -0.6678 -0.5845 0.4609
vn -0.7302 -0.6390 0.2419
vn -0.7525 -0.6586 -0.0000
vn -0.7302 -0.6390 -0.2419
vn -0.6678 -0.5845 -0.4609
vn -0.5766 -0.5049 -0.6423
vn -0.4687 -0.4106 -0.7821
vn -0.3531 -0.3098 -0.8828
vn -0.2353 -0.2072 -0.9496
vn -0.1183 -0.1052 -0.9874
vn -0.1400 -0.0833 0.9866
vn -0.2769 -0.1629 0.9470
vn -0.4134 -0.2424 0.8777
vn -0.5460 -0.3196 0.7744
vn -0.6683 -0.3908 0.6330
vn -0.7701 -0.4502 0.4520
vn -0.8389 -0.4903 0.2364
vn -0.8634 -0.5046 -0.0000
vn -0.8389 -0.4903 -0.2364
vn -0.7701 -0.4502 -0.4520
vn -0.6683 -0.3908 -0.6330
vn -0.5460 -0.3196 -0.7744
vn -0.4134 -0.2424 -0.8777
vn -0.2769 -0.1629 -0.9470
vn -0.1400 -0.0833 -0.9866
vn -0.1566 -0.0577 0.9860
vn -0.3079 -0.1124 0.9448
vn -0.4578 -0.1664 0.8734
vn -0.6021 -0.2184 0.7680
vn -0.7337 -0.2659 0.6253
vn -0.8421 -0.3050 0.4448
vn -0.9146 -0.3312 0.2320
vn -0.9403 -0.3405 -0.0000
vn -0.9146 -0.3312 -0.2320
vn -0.8421 -0.3050 -0.4448
vn -0.7337 -0.2659 -0.6253
vn -0.6021 -0.2184 -0.7680
vn -0.4578 -0.1664 -0.8734
vn -0.3079 -0.1124 -0.9448
vn -0.1566 -0.0577 -0.9860
vn -0.1670 -0.0296 0.9855
vn -0.3272 -0.0573 0.9432
vn -0.4850 -0.0846 0.8704
vn -0.6360 -0.1108 0.7637
vn -0.7728 -0.1344 0.6202
vn -0.8846 -0.1538 0.4402
vn -0.9590 -0.1667 0.2291
vn -0.9852 -0.1713 -0.0000
vn -0.9590 -0.1667 -0.2291
vn -0.8846 -0.1538 -0.4402
vn -0.7728 -0.1344 -0.6202
vn -0.6360 -0.1108 -0.7637
vn -0.4850 -0.0846 -0.8704
vn -0.3272 -0.0573 -0.9432
vn -0.1670 -0.0296 -0.9855
vn -0.1705 -0.0000 0.9854
vn -0.3337 -0.0000 0.9427
vn -0.4941 -0.0000 0.8694
vn -0.6474 -0.0000 0.7622
vn -0.7858 -0.0000 0.6185
vn -0.8987 -0.0000 0.4386
vn -0.9736 -0.0000 0.2282
vn -0.9736 -0.0000 -0.2282
vn -0.8987 -0.0000 -0.4386
vn -0.7858 -0.0000 -0.6185
vn -0.6474 -0.0000 -0.7622
vn -0.4941 -0.0000 -0.8694
vn -0.3337 -0.0000 -0.9427
vn -0.1705 -0.0000 -0.9854
vn -0.1670 0.0296 0.9855
vn -0.3272 0.0573 0.9432
vn -0.4850 0.0846 0.8704
vn -0.6360 0.1108 0.7637
vn -0.7728 0.1344 0.6202
vn -0.8846 0.1538 0.4402
vn -0.9590 0.1667 0.2291
vn -0.9852 0.1713 -0.0000
vn -0.9590 0.1667 -0.2291
vn -0.8846 0.1538 -0.4402
vn -0.7728 0.1344 -0.6202
vn -0.6360 0.1108 -0.7637
vn -0.4850 0.0846 -0.8704
vn -0.3272 0.0573 -0.9432
vn -0.1670 0.0296 -0.9855
vn -0.1566 0.0577 0.9860
vn -0.3079 0.1124 0.9448
vn -0.4578 0.1664 0.8734
vn -0.6021 0.2184 0.7680
vn -0.7337 0.2659 0.6253
vn -0.8421 0.3050 0.4448
vn -0.9146 0.3312 0.2320
vn -0.9403 0.3405 -0.0000
vn -0.9146 0.3312 -0.2320
vn -0.8421 0.3050 -0.4448
vn -0.7337 0.2659 -0.6253
vn -0.6021 0.2184 -0.7680
vn -0.4578 0.1664 -0.8734
vn -0.3079 0.1124 -0.9448
vn -0.1566 0.0577 -0.9860
vn -0.1400 0.0833 0.9866
vn -0.2769 0.1629 0.9470
vn -0.4134 0.2424 0.8777
vn -0.5460 0.3196 0.7744
vn -0.6683 0.3908 0.6330
vn -0.7701 0.4502 0.4520
vn -0.8389 0.4903 0.2364
vn -0.8634 0.5046 -0.0000
vn -0.8389 0.4903 -0.2364
vn -0.7701 0.4502 -0.4520
vn -0.6683 0.3908 -0.6330
vn -0.5460 0.3196 -0.7744
vn -0.4134 0.2424 -0.8777
vn -0.2769 0.1629 -0.9470
vn -0.1400 0.0833 -0.9866
vn -0.1183 0.1052 0.9874
vn -0.2353 0.2072 0.9496
vn -0.3531 0.3098 0.8828
vn -0.4687 0.4106 0.7821
vn -0.5766 0.5049 0.6423
vn -0.6678 0.5845 0.4609
vn -0.7302 0.6390 0.2419
vn -0.7525 0.6586 -0.0000
vn -0.7302 0.6390 -0.2419
vn -0.6678 0.5845 -0.4609
vn -0.5766 0.5049 -0.6423
vn -0.4687 0.4106 -0.7821
vn -0.3531 0.3098 -0.8828
vn -0.2353 0.2072 -0.9496
vn -0.1183 0.1052 -0.9874
vn -0.0924 0.1230 0.9881
vn -0.1849 0.2436 0.9521
vn -0.2787 0.3660 0.8879
vn -0.3718 0.4876 0.7899
vn -0.4599 0.6028 0.6520
vn -0.5354 0.7016 0.4702
vn -0.5877 0.7702 0.2478
vn -0.6067 0.7950 -0.0000
vn -0.5877 0.7702 -0.2478
vn -0.5354 0.7016 -0.4702
vn -0.4599 0.6028 -0.6520
vn -0.3718 0.4876 -0.7899
vn -0.2787 0.3660 -0.8879
vn -0.1849 0.2436 -0.9521
vn -0.0924 0.1230 -0.9881
vn -0.0633 0.1360 0.9887
vn -0.1274 0.2707 0.9542
vn -0.1928 0.4084 0.8922
vn -0.2583 0.5465 0.7967
vn -0.3209 0.6788 0.6605
vn -0.3754 0.7938 0.4785
vn -0.4136 0.8746 0.2531
vn -0.4275 0.9040 -0.0000
vn -0.4136 0.8746 -0.2531
vn -0.3754 0.7938 -0.4785
vn -0.3209 0.6788 -0.6605
vn -0.2583 0.5465 -0.7967
vn -0.1928 0.4084 -0.8922
vn -0.1274 0.2707 -0.9542
vn -0.0633 0.1360 -0.9887
vn -0.0322 0.1439 0.9891
vn -0.0650 0.2874 0.9556
vn -0.0986 0.4348 0.8951
vn -0.1324 0.5835 0.8012
vn -0.1651 0.7272 0.6663
vn -0.1937 0.8532 0.4843
vn -0.2140 0.9425 0.2568
vn -0.2214 0.9752 -0.0000
vn -0.2140 0.9425 -0.2568
vn -0.1937 0.8532 -0.4843
vn -0.1651 0.7272 -0.6663
vn -0.1324 0.5835 -0.8012
vn -0.0986 0.4348 -0.8951
vn -0.0650 0.2874 -0.9556
vn -0.0322 0.1439 -0.9891
vn -0.0000 0.1465 0.9892
vn -0.0000 0.2931 0.9561
vn -0.0000 0.5962 0.8029
vn -0.0000 0.8738 0.4864
vn -0.0000 0.8738 -0.4864
vn -0.0000 0.5962 -0.8029
vn -0.0000 0.4438 -0.8961
vn -0.0000 0.2931 -0.9561
vn -0.0000 0.1465 -0.9892
vn 0.9581 -0.0011 -0.2863
vn 0.9227 -0.0212 -0.3849
vn 0.8796 -0.0400 -0.4740
vn 0.8275 -0.0584 -0.5585
vn 0.7628 -0.0773 -0.6420
vn 0.6794 -0.0974 -0.7272
vn 0.5668 -0.1194 -0.8152
vn 0.4088 -0.1426 -0.9014
vn 0.1887 -0.1638 -0.9683
vn -0.0969 -0.1785 -0.9792
vn -0.1484 -0.2295 -0.9619
vn 0.1177 -0.2530 -0.9603
vn 0.3369 -0.2609 -0.9047
vn 0.5073 -0.2567 -0.8227
vn 0.6368 -0.2454 -0.7309
vn 0.7363 -0.2301 -0.6363
vn 0.8144 -0.2123 -0.5400
vn 0.8769 -0.1921 -0.4406
vn 0.9269 -0.1692 -0.3349
vn 0.9653 -0.1424 -0.2189
vn 0.9901 -0.1103 -0.0867
vn 0.9952 -0.0704 0.0682
vn 0.9675 -0.0200 0.2521
vn 0.8844 0.0432 0.4646
vn 0.7201 0.1166 0.6840
vn 0.6717 0.0719 0.7373
vn 0.8179 -0.0388 0.5741
vn 0.9090 -0.1369 0.3936
vn 0.9518 -0.2180 0.2156
vn 0.9579 -0.2827 0.0493
vn 0.9371 -0.3335 -0.1031
vn 0.8955 -0.3729 -0.2429
vn 0.8361 -0.4027 -0.3725
vn 0.7591 -0.4238 -0.4941
vn 0.6629 -0.4360 -0.6087
vn 0.5439 -0.4379 -0.7159
vn 0.3978 -0.4268 -0.8122
vn 0.2210 -0.3988 -0.8900
vn 0.0138 -0.3504 -0.9365
vn -0.2167 -0.2805 -0.9351
vn -0.2975 -0.3267 -0.8971
vn -0.1243 -0.4462 -0.8863
vn 0.0477 -0.5454 -0.8368
vn 0.2108 -0.6204 -0.7555
vn 0.3600 -0.6701 -0.6491
vn 0.4919 -0.6954 -0.5238
vn 0.6047 -0.6976 -0.3844
vn 0.6971 -0.6776 -0.2343
vn 0.7677 -0.6362 -0.0764
vn 0.8147 -0.5734 0.0864
vn 0.8352 -0.4894 0.2507
vn 0.8263 -0.3845 0.4116
vn 0.7850 -0.2603 0.5621
vn 0.7107 -0.1205 0.6931
vn 0.6062 0.0284 0.7948
vn 0.5875 -0.3635 0.7230
vn 0.5682 -0.6670 0.4819
vn 0.4614 -0.8713 0.1670
vn 0.2828 -0.9434 -0.1731
vn 0.1749 -0.9254 -0.3363
vn 0.0599 -0.8716 -0.4865
vn -0.2832 -0.5241 -0.8032
vn -0.3833 -0.3630 -0.8493
vn 0.9849 0.0216 -0.1715
vn 0.9984 0.0482 -0.0312
vn 0.9858 0.0804 0.1472
vn 0.9195 0.1190 0.3747
vn 0.7529 0.1598 0.6384
vn 0.4324 0.1669 0.8861
vn 0.9393 0.1069 -0.3260
vn 0.9062 0.0905 -0.4130
vn 0.8678 0.0743 -0.4913
vn 0.8224 0.0574 -0.5660
vn 0.7667 0.0389 -0.6408
vn 0.6947 0.0174 -0.7191
vn 0.5954 -0.0092 -0.8034
vn 0.4500 -0.0431 -0.8920
vn 0.2331 -0.0850 -0.9687
vn -0.0627 -0.1308 -0.9894
vn 0.9667 0.1244 -0.2237
vn 0.9850 0.1437 -0.0955
vn 0.9834 0.1652 0.0745
vn 0.9332 0.1871 0.3069
vn 0.7728 0.2005 0.6021
vn 0.9166 0.1945 -0.3492
vn 0.8852 0.1803 -0.4288
vn 0.8497 0.1658 -0.5005
vn 0.8085 0.1500 -0.5691
vn 0.7584 0.1320 -0.6383
vn 0.6936 0.1101 -0.7119
vn 0.6037 0.0814 -0.7931
vn 0.4686 0.0412 -0.8825
vn 0.2565 -0.0160 -0.9664
vn -0.0445 -0.0879 -0.9951
vn 0.9441 0.2090 -0.2549
vn 0.9652 0.2239 -0.1352
vn 0.9707 0.2386 0.0275
vn 0.9330 0.2485 0.2602
vn 0.7819 0.2383 0.5760
vn 0.8923 0.2706 -0.3614
vn 0.8617 0.2578 -0.4370
vn 0.8278 0.2441 -0.5051
vn 0.7889 0.2290 -0.5703
vn 0.7419 0.2112 -0.6364
vn 0.6813 0.1888 -0.7072
vn 0.5970 0.1585 -0.7864
vn 0.4690 0.1138 -0.8759
vn 0.2619 0.0447 -0.9641
vn -0.0404 -0.0503 -0.9979
vn 0.9199 0.2831 -0.2715
vn 0.9425 0.2950 -0.1568
vn 0.9525 0.3046 0.0013
vn 0.9235 0.3047 0.2330
vn 0.7818 0.2731 0.5605
vn 0.8662 0.3411 -0.3652
vn 0.8358 0.3290 -0.4395
vn 0.8023 0.3158 -0.5064
vn 0.7642 0.3008 -0.5706
vn 0.7183 0.2826 -0.6357
vn 0.6595 0.2594 -0.7056
vn 0.5777 0.2270 -0.7841
vn 0.4532 0.1779 -0.8735
vn 0.2501 0.0981 -0.9632
vn -0.0489 -0.0180 -0.9986
vn 0.8941 0.3521 -0.2768
vn 0.9179 0.3615 -0.1636
vn 0.9304 0.3664 -0.0070
vn 0.9067 0.3572 0.2243
vn 0.7733 0.3049 0.5560
vn 0.8373 0.4103 -0.3613
vn 0.8062 0.3988 -0.4369
vn 0.7722 0.3856 -0.5050
vn 0.7335 0.3701 -0.5701
vn 0.6870 0.3510 -0.6362
vn 0.6276 0.3259 -0.7070
vn 0.5454 0.2905 -0.7862
vn 0.4213 0.2357 -0.8758
vn 0.2208 0.1448 -0.9645
vn -0.0690 0.0094 -0.9976
vn 0.8659 0.4200 -0.2715
vn 0.8906 0.4269 -0.1567
vn 0.9044 0.4267 0.0015
vn 0.8831 0.4069 0.2336
vn 0.7567 0.3333 0.5624
vn 0.8033 0.4825 -0.3491
vn 0.7707 0.4714 -0.4287
vn 0.7349 0.4578 -0.5003
vn 0.6941 0.4412 -0.5688
vn 0.6453 0.4201 -0.6380
vn 0.5832 0.3920 -0.7115
vn 0.4979 0.3517 -0.7927
vn 0.3711 0.2888 -0.8825
vn 0.1728 0.1849 -0.9675
vn -0.1005 0.0317 -0.9944
vn 0.8333 0.4907 -0.2548
vn 0.8588 0.4942 -0.1351
vn 0.8728 0.4873 0.0279
vn 0.8517 0.4542 0.2614
vn 0.7320 0.3580 0.5797
vn 0.7603 0.5619 -0.3259
vn 0.7250 0.5513 -0.4128
vn 0.6859 0.5370 -0.4911
vn 0.6414 0.5184 -0.5656
vn 0.5881 0.4940 -0.6404
vn 0.5208 0.4607 -0.7187
vn 0.4298 0.4125 -0.8032
vn 0.2985 0.3378 -0.8926
vn 0.1045 0.2178 -0.9704
vn -0.1440 0.0488 -0.9884
vn 0.7922 0.5678 -0.2235
vn 0.8187 0.5662 -0.0952
vn 0.8322 0.5494 0.0752
vn 0.8098 0.4988 0.3090
vn 0.6987 0.3780 0.6074
vn 0.7007 0.6536 -0.2861
vn 0.6611 0.6442 -0.3847
vn 0.6168 0.6286 -0.4737
vn 0.5661 0.6066 -0.5581
vn 0.5058 0.5765 -0.6417
vn 0.4307 0.5345 -0.7272
vn 0.3320 0.4736 -0.8157
vn 0.1968 0.3816 -0.9032
vn 0.0141 0.2425 -0.9701
vn -0.2001 0.0595 -0.9780
vn 0.7357 0.6553 -0.1713
vn 0.7636 0.6449 -0.0308
vn 0.7763 0.6127 0.1484
vn 0.7533 0.5384 0.3777
vn 0.6562 0.3924 0.6446
vn 0.6094 0.7621 -0.2186
vn 0.5629 0.7557 -0.3348
vn 0.5103 0.7386 -0.4405
vn 0.4504 0.7110 -0.5401
vn 0.3802 0.6709 -0.6367
vn 0.2953 0.6140 -0.7320
vn 0.1898 0.5329 -0.8246
vn 0.0574 0.4166 -0.9073
vn -0.1008 0.2566 -0.9612
vn -0.2689 0.0625 -0.9611
vn 0.6497 0.7553 -0.0864
vn 0.6807 0.7293 0.0689
vn 0.6947 0.6730 0.2537
vn 0.6763 0.5688 0.4681
vn 0.6035 0.3998 0.6899
vn 0.4560 0.8841 -0.1024
vn 0.3975 0.8850 -0.2424
vn 0.3322 0.8666 -0.3724
vn 0.2597 0.8294 -0.4946
vn 0.1787 0.7720 -0.6099
vn 0.0875 0.6906 -0.7179
vn -0.0148 0.5798 -0.8146
vn -0.1266 0.4346 -0.8917
vn -0.2403 0.2563 -0.9362
vn -0.3492 0.0560 -0.9354
vn 0.5070 0.8605 0.0502
vn 0.5476 0.8082 0.2166
vn 0.5723 0.7186 0.3952
vn 0.5726 0.5827 0.5768
vn 0.5400 0.3986 0.7413
vn 0.1930 0.9771 0.0897
vn 0.1126 0.9909 -0.0732
vn 0.0298 0.9723 -0.2317
vn -0.0538 0.9224 -0.3826
vn -0.1363 0.8415 -0.5228
vn -0.2155 0.7300 -0.6486
vn -0.2884 0.5890 -0.7549
vn -0.3510 0.4218 -0.8360
vn -0.4000 0.2357 -0.8857
vn -0.4372 0.0385 -0.8986
vn 0.2688 0.9292 0.2537
vn 0.3374 0.8455 0.4138
vn 0.3955 0.7253 0.5635
vn 0.4393 0.5702 0.6942
vn 0.4660 0.3869 0.7958
vn -0.1749 0.9254 0.3363
vn -0.2828 0.9434 0.1731
vn -0.3796 0.9252 0.0032
vn -0.4614 0.8713 -0.1670
vn -0.5251 0.7841 -0.3308
vn -0.5682 0.6670 -0.4819
vn -0.5892 0.5248 -0.6144
vn -0.5875 0.3635 -0.7230
vn -0.5650 0.1898 -0.8030
vn -0.5258 0.0097 -0.8506
vn -0.0599 0.8716 0.4865
vn 0.0577 0.7843 0.6177
vn 0.1735 0.6668 0.7248
vn 0.2832 0.5241 0.8032
vn 0.3833 0.3630 0.8493
vn -0.4919 0.6954 0.5238
vn -0.6047 0.6976 0.3844
vn -0.6971 0.6776 0.2343
vn -0.7678 0.6362 0.0764
vn -0.8147 0.5734 -0.0864
vn -0.8352 0.4894 -0.2507
vn -0.8263 0.3845 -0.4116
vn -0.7850 0.2603 -0.5621
vn -0.7107 0.1205 -0.6931
vn -0.6062 -0.0284 -0.7948
vn -0.3600 0.6701 0.6491
vn -0.2108 0.6204 0.7555
vn -0.0477 0.5454 0.8368
vn 0.1243 0.4462 0.8863
vn 0.2975 0.3267 0.8971
vn -0.6629 0.4360 0.6087
vn -0.7591 0.4238 0.4941
vn -0.8361 0.4027 0.3725
vn -0.8955 0.3729 0.2429
vn -0.9371 0.3335 0.1031
vn -0.9579 0.2827 -0.0493
vn -0.9518 0.2180 -0.2156
vn -0.9090 0.1369 -0.3936
vn -0.8179 0.0388 -0.5741
vn -0.6717 -0.0719 -0.7373
vn -0.5439 0.4379 0.7159
vn -0.3978 0.4268 0.8122
vn -0.2210 0.3988 0.8900
vn -0.0138 0.3504 0.9365
vn 0.2167 0.2805 0.9351
vn -0.7363 0.2301 0.6363
vn -0.8144 0.2123 0.5400
vn -0.8769 0.1921 0.4406
vn -0.9269 0.1692 0.3349
vn -0.9653 0.1424 0.2189
vn -0.9901 0.1103 0.0867
vn -0.9952 0.0704 -0.0682
vn -0.9675 0.0200 -0.2521
vn -0.8844 -0.0432 -0.4646
vn -0.7201 -0.1166 -0.6840
vn -0.6368 0.2454 0.7309
vn -0.5073 0.2567 0.8227
vn -0.3369 0.2609 0.9047
vn -0.1177 0.2530 0.9603
vn 0.1484 0.2295 0.9619
vn -0.7628 0.0773 0.6420
vn -0.8275 0.0584 0.5585
vn -0.8796 0.0400 0.4740
vn -0.9227 0.0212 0.3849
vn -0.9581 0.0011 0.2863
vn -0.9849 -0.0216 0.1715
vn -0.9984 -0.0482 0.0312
vn -0.9858 -0.0804 -0.1472
vn -0.9195 -0.1190 -0.3747
vn -0.7529 -0.1598 -0.6384
vn -0.4324 -0.1669 -0.8861
vn -0.6794 0.0974 0.7272
vn -0.5668 0.1194 0.8152
vn -0.4088 0.1426 0.9014
vn -0.1887 0.1638 0.9683
vn 0.0969 0.1785 0.9792
vn -0.7667 -0.0389 0.6408
vn -0.8224 -0.0574 0.5660
vn -0.8678 -0.0743 0.4913
vn -0.9062 -0.0905 0.4130
vn -0.9393 -0.1069 0.3260
vn -0.9667 -0.1244 0.2237
vn -0.9850 -0.1437 0.0955
vn -0.9834 -0.1652 -0.0745
vn -0.9332 -0.1871 -0.3069
vn -0.7728 -0.2005 -0.6021
vn -0.6947 -0.0174 0.7191
vn -0.5954 0.0092 0.8034
vn -0.4500 0.0431 0.8920
vn -0.2331 0.0850 0.9687
vn 0.0627 0.1308 0.9894
vn -0.7584 -0.1320 0.6383
vn -0.8085 -0.1500 0.5691
vn -0.8497 -0.1658 0.5005
vn -0.8852 -0.1803 0.4288
vn -0.9166 -0.1946 0.3492
vn -0.9441 -0.2090 0.2549
vn -0.9652 -0.2239 0.1352
vn -0.9707 -0.2386 -0.0275
vn -0.9330 -0.2485 -0.2602
vn -0.7819 -0.2383 -0.5760
vn -0.6936 -0.1101 0.7119
vn -0.6037 -0.0814 0.7931
vn -0.4686 -0.0412 0.8825
vn -0.2565 0.0160 0.9664
vn 0.0445 0.0879 0.9951
vn -0.7419 -0.2112 0.6364
vn -0.7889 -0.2290 0.5703
vn -0.8278 -0.2441 0.5051
vn -0.8617 -0.2578 0.4370
vn -0.8923 -0.2706 0.3614
vn -0.9199 -0.2831 0.2715
vn -0.9425 -0.2950 0.1568
vn -0.9525 -0.3046 -0.0013
vn -0.9235 -0.3047 -0.2330
vn -0.7818 -0.2731 -0.5605
vn -0.6813 -0.1888 0.7072
vn -0.5970 -0.1585 0.7864
vn -0.4690 -0.1138 0.8759
vn -0.2619 -0.0447 0.9641
vn 0.0404 0.0503 0.9979
vn -0.7183 -0.2826 0.6357
vn -0.7642 -0.3008 0.5706
vn -0.8023 -0.3158 0.5064
vn -0.8358 -0.3290 0.4395
vn -0.8662 -0.3411 0.3652
vn -0.8941 -0.3521 0.2768
vn -0.9179 -0.3615 0.1636
vn -0.9304 -0.3664 0.0070
vn -0.9067 -0.3572 -0.2243
vn -0.7733 -0.3049 -0.5560
vn -0.6595 -0.2594 0.7056
vn -0.5777 -0.2270 0.7841
vn -0.4532 -0.1779 0.8735
vn -0.2501 -0.0981 0.9632
vn 0.0489 0.0180 0.9986
vn -0.6870 -0.3510 0.6362
vn -0.7335 -0.3701 0.5701
vn -0.7722 -0.3856 0.5050
vn -0.8062 -0.3988 0.4369
vn -0.8373 -0.4103 0.3613
vn -0.8659 -0.4200 0.2715
vn -0.8906 -0.4269 0.1567
vn -0.9044 -0.4267 -0.0015
vn -0.8831 -0.4069 -0.2336
vn -0.7567 -0.3333 -0.5624
vn -0.6276 -0.3259 0.7070
vn -0.5454 -0.2905 0.7862
vn -0.4213 -0.2357 0.8758
vn -0.2208 -0.1448 0.9645
vn 0.0690 -0.0094 0.9976
vn -0.6453 -0.4201 0.6380
vn -0.6941 -0.4412 0.5688
vn -0.7349 -0.4578 0.5003
vn -0.7707 -0.4714 0.4287
vn -0.8033 -0.4825 0.3491
vn -0.8333 -0.4907 0.2548
vn -0.8588 -0.4942 0.1351
vn -0.8728 -0.4873 -0.0279
vn -0.8517 -0.4542 -0.2614
vn -0.7320 -0.3580 -0.5797
vn -0.5832 -0.3920 0.7115
vn -0.4979 -0.3517 0.7927
vn -0.3711 -0.2888 0.8825
vn -0.1728 -0.1849 0.9675
vn 0.1005 -0.0317 0.9944
vn -0.5881 -0.4940 0.6404
vn -0.6414 -0.5184 0.5656
vn -0.6859 -0.5370 0.4911
vn -0.7250 -0.5513 0.4128
vn -0.7603 -0.5619 0.3259
vn -0.7922 -0.5678 0.2235
vn -0.8187 -0.5662 0.0952
vn -0.8322 -0.5494 -0.0752
vn -0.8098 -0.4988 -0.3090
vn -0.6987 -0.3780 -0.6074
vn -0.5208 -0.4607 0.7187
vn -0.4298 -0.4125 0.8032
vn -0.2985 -0.3378 0.8926
vn -0.1045 -0.2178 0.9704
vn 0.1440 -0.0488 0.9884
vn -0.5058 -0.5765 0.6417
vn -0.5661 -0.6066 0.5581
vn -0.6168 -0.6286 0.4737
vn -0.6611 -0.6442 0.3847
vn -0.7007 -0.6536 0.2861
vn -0.7357 -0.6553 0.1713
vn -0.7636 -0.6449 0.0308
vn -0.7763 -0.6127 -0.1484
vn -0.7533 -0.5384 -0.3777
vn -0.6562 -0.3924 -0.6446
vn -0.4307 -0.5345 0.7272
vn -0.3320 -0.4736 0.8157
vn -0.1968 -0.3816 0.9032
vn -0.0140 -0.2425 0.9701
vn 0.2001 -0.0595 0.9780
vn -0.3802 -0.6709 0.6367
vn -0.4504 -0.7110 0.5401
vn -0.5103 -0.7386 0.4405
vn -0.5629 -0.7557 0.3348
vn -0.6094 -0.7621 0.2186
vn -0.6497 -0.7553 0.0864
vn -0.6807 -0.7293 -0.0689
vn -0.6947 -0.6730 -0.2537
vn -0.6763 -0.5688 -0.4681
vn -0.6035 -0.3998 -0.6899
vn -0.2954 -0.6140 0.7320
vn -0.1898 -0.5329 0.8246
vn -0.0574 -0.4166 0.9073
vn 0.1008 -0.2566 0.9612
vn 0.2689 -0.0625 0.9611
vn -0.1787 -0.7720 0.6099
vn -0.2597 -0.8294 0.4946
vn -0.3322 -0.8666 0.3724
vn -0.3975 -0.8850 0.2424
vn -0.4560 -0.8841 0.1024
vn -0.5070 -0.8605 -0.0502
vn -0.5476 -0.8082 -0.2166
vn -0.5723 -0.7186 -0.3952
vn -0.5726 -0.5827 -0.5768
vn -0.5400 -0.3986 -0.7413
vn -0.0875 -0.6906 0.7179
vn 0.0148 -0.5798 0.8146
vn 0.1266 -0.4346 0.8917
vn 0.2403 -0.2563 0.9362
vn 0.3492 -0.0560 0.9354
vn 0.1363 -0.8415 0.5228
vn 0.0538 -0.9224 0.3826
vn -0.0298 -0.9723 0.2317
vn -0.1126 -0.9909 0.0732
vn -0.1930 -0.9771 -0.0897
vn -0.2688 -0.9292 -0.2537
vn -0.3374 -0.8455 -0.4138
vn -0.3955 -0.7253 -0.5635
vn -0.4393 -0.5702 -0.6942
vn -0.4660 -0.3869 -0.7957
vn 0.2155 -0.7300 0.6486
vn 0.2884 -0.5890 0.7549
vn 0.3510 -0.4218 0.8360
vn 0.4000 -0.2357 0.8857
vn 0.4372 -0.0385 0.8985
vn 0.5251 -0.7841 0.3308
vn 0.3795 -0.9252 -0.0032
vn -0.0577 -0.7843 -0.6177
vn -0.1735 -0.6668 -0.7248
vn 0.5892 -0.5248 0.6144
vn 0.5650 -0.1898 0.8030
vn 0.5258 -0.0097 0.8506
vn 0.9581 0.0010 0.2863
vn 0.9227 0.0212 0.3849
vn 0.8796 0.0400 0.4740
vn 0.8275 0.0584 0.5585
vn 0.7628 0.0773 0.6420
vn 0.6794 0.0974 0.7272
vn 0.5668 0.1194 0.8152
vn 0.4088 0.1426 0.9014
vn 0.1887 0.1638 0.9683
vn -0.0969 0.1785 0.9792
vn -0.1484 0.2295 0.9619
vn 0.1177 0.2530 0.9603
vn 0.3369 0.2609 0.9047
vn 0.5073 0.2567 0.8227
vn 0.6368 0.2454 0.7309
vn 0.7363 0.2301 0.6363
vn 0.8144 0.2123 0.5400
vn 0.8769 0.1921 0.4406
vn 0.9269 0.1692 0.3349
vn 0.9653 0.1424 0.2189
vn 0.9901 0.1103 0.0867
vn 0.9952 0.0704 -0.0682
vn 0.9675 0.0200 -0.2521
vn 0.8844 -0.0432 -0.4646
vn 0.7201 -0.1166 -0.6840
vn 0.6717 -0.0719 -0.7373
vn 0.8179 0.0388 -0.5741
vn 0.9090 0.1369 -0.3936
vn 0.9518 0.2180 -0.2156
vn 0.9579 0.2827 -0.0493
vn 0.9371 0.3335 0.1031
vn 0.8955 0.3730 0.2429
vn 0.8361 0.4027 0.3725
vn 0.7591 0.4238 0.4941
vn 0.6629 0.4360 0.6087
vn 0.5439 0.4379 0.7159
vn 0.3978 0.4268 0.8122
vn 0.2210 0.3988 0.8900
vn 0.0138 0.3504 0.9365
vn -0.2167 0.2805 0.9351
vn -0.2975 0.3267 0.8971
vn -0.1243 0.4462 0.8863
vn 0.0477 0.5454 0.8368
vn 0.2108 0.6204 0.7555
vn 0.3600 0.6701 0.6491
vn 0.4919 0.6954 0.5238
vn 0.6047 0.6976 0.3844
vn 0.6971 0.6776 0.2343
vn 0.7677 0.6362 0.0764
vn 0.8147 0.5734 -0.0864
vn 0.8352 0.4894 -0.2507
vn 0.8263 0.3845 -0.4116
vn 0.7851 0.2603 -0.5621
vn 0.7107 0.1205 -0.6931
vn 0.6062 -0.0284 -0.7948
vn 0.5875 0.3635 -0.7230
vn 0.5682 0.6670 -0.4819
vn 0.4614 0.8713 -0.1670
vn 0.2828 0.9434 0.1731
vn 0.1749 0.9254 0.3363
vn 0.0599 0.8716 0.4865
vn -0.2832 0.5241 0.8032
vn -0.3833 0.3630 0.8493
vn 0.9849 -0.0216 0.1715
vn 0.9984 -0.0482 0.0312
vn 0.9858 -0.0804 -0.1472
vn 0.9195 -0.1190 -0.3747
vn 0.7530 -0.1598 -0.6384
vn 0.4324 -0.1669 -0.8861
vn 0.9393 -0.1069 0.3260
vn 0.9062 -0.0905 0.4130
vn 0.8678 -0.0743 0.4913
vn 0.8224 -0.0574 0.5660
vn 0.7667 -0.0389 0.6408
vn 0.6947 -0.0174 0.7191
vn 0.5954 0.0092 0.8034
vn 0.4500 0.0431 0.8920
vn 0.2331 0.0850 0.9687
vn -0.0627 0.1308 0.9894
vn 0.9667 -0.1244 0.2237
vn 0.9850 -0.1437 0.0955
vn 0.9834 -0.1652 -0.0745
vn 0.9332 -0.1871 -0.3069
vn 0.7728 -0.2005 -0.6021
vn 0.9166 -0.1946 0.3492
vn 0.8852 -0.1803 0.4288
vn 0.8497 -0.1658 0.5005
vn 0.8085 -0.1500 0.5691
vn 0.7584 -0.1320 0.6383
vn 0.6936 -0.1101 0.7119
vn 0.6037 -0.0814 0.7931
vn 0.4686 -0.0412 0.8825
vn 0.2565 0.0160 0.9664
vn -0.0445 0.0879 0.9951
vn 0.9441 -0.2090 0.2549
vn 0.9652 -0.2239 0.1352
vn 0.9707 -0.2386 -0.0275
vn 0.9330 -0.2485 -0.2602
vn 0.7819 -0.2383 -0.5760
vn 0.8923 -0.2706 0.3614
vn 0.8617 -0.2578 0.4370
vn 0.8278 -0.2441 0.5051
vn 0.7889 -0.2290 0.5703
vn 0.7419 -0.2112 0.6364
vn 0.6813 -0.1888 0.7072
vn 0.5970 -0.1585 0.7864
vn 0.4690 -0.1138 0.8759
vn 0.2619 -0.0447 0.9641
vn -0.0404 0.0503 0.9979
vn 0.9199 -0.2831 0.2715
vn 0.9425 -0.2950 0.1568
vn 0.9525 -0.3046 -0.0013
vn 0.9235 -0.3047 -0.2330
vn 0.7818 -0.2731 -0.5605
vn 0.8662 -0.3411 0.3652
vn 0.8358 -0.3290 0.4395
vn 0.8023 -0.3158 0.5064
vn 0.7642 -0.3008 0.5706
vn 0.7183 -0.2826 0.6357
vn 0.6595 -0.2594 0.7056
vn 0.5777 -0.2270 0.7841
vn 0.4532 -0.1779 0.8735
vn 0.2501 -0.0981 0.9632
vn -0.0489 0.0180 0.9986
vn 0.8941 -0.3521 0.2768
vn 0.9179 -0.3615 0.1636
vn 0.9304 -0.3664 0.0070
vn 0.9067 -0.3572 -0.2243
vn 0.7733 -0.3049 -0.5560
vn 0.8373 -0.4103 0.3613
vn 0.8062 -0.3988 0.4369
vn 0.7722 -0.3856 0.5050
vn 0.7335 -0.3701 0.5701
vn 0.6870 -0.3510 0.6362
vn 0.6276 -0.3259 0.7070
vn 0.5454 -0.2905 0.7862
vn 0.4213 -0.2357 0.8758
vn 0.2207 -0.1448 0.9645
vn -0.0690 -0.0094 0.9976
vn 0.8659 -0.4200 0.2715
vn 0.8906 -0.4269 0.1567
vn 0.9044 -0.4267 -0.0015
vn 0.8831 -0.4069 -0.2336
vn 0.7567 -0.3333 -0.5624
vn 0.8033 -0.4825 0.3491
vn 0.7707 -0.4714 0.4287
vn 0.7349 -0.4578 0.5003
vn 0.6941 -0.4412 0.5688
vn 0.6453 -0.4201 0.6380
vn 0.5832 -0.3920 0.7115
vn 0.4979 -0.3517 0.7927
vn 0.3711 -0.2888 0.8825
vn 0.1728 -0.1849 0.9675
vn -0.1005 -0.0317 0.9944
vn 0.8333 -0.4907 0.2548
vn 0.8588 -0.4942 0.1351
vn 0.8728 -0.4873 -0.0279
vn 0.8517 -0.4542 -0.2614
vn 0.7320 -0.3580 -0.5797
vn 0.7603 -0.5619 0.3259
vn 0.7250 -0.5513 0.4128
vn 0.6859 -0.5370 0.4911
vn 0.6414 -0.5184 0.5656
vn 0.5881 -0.4940 0.6404
vn 0.5208 -0.4607 0.7187
vn 0.4298 -0.4125 0.8032
vn 0.2985 -0.3378 0.8926
vn 0.1046 -0.2178 0.9704
vn -0.1440 -0.0488 0.9884
vn 0.7922 -0.5678 0.2235
vn 0.8187 -0.5662 0.0952
vn 0.8322 -0.5494 -0.0752
vn 0.8098 -0.4988 -0.3090
vn 0.6987 -0.3780 -0.6074
vn 0.7007 -0.6536 0.2861
vn 0.6611 -0.6442 0.3847
vn 0.6168 -0.6286 0.4737
vn 0.5661 -0.6066 0.5581
vn 0.5058 -0.5765 0.6417
vn 0.4307 -0.5345 0.7272
vn 0.3320 -0.4736 0.8157
vn 0.1968 -0.3816 0.9032
vn 0.0141 -0.2425 0.9701
vn -0.2001 -0.0595 0.9780
vn 0.7357 -0.6553 0.1713
vn 0.7636 -0.6449 0.0308
vn 0.7763 -0.6127 -0.1484
vn 0.7533 -0.5384 -0.3778
vn 0.6562 -0.3924 -0.6446
vn 0.6094 -0.7621 0.2186
vn 0.5629 -0.7557 0.3348
vn 0.5103 -0.7386 0.4405
vn 0.4504 -0.7110 0.5401
vn 0.3802 -0.6709 0.6367
vn 0.2953 -0.6140 0.7320
vn 0.1898 -0.5328 0.8246
vn 0.0574 -0.4166 0.9073
vn -0.1007 -0.2566 0.9612
vn -0.2689 -0.0625 0.9611
vn 0.6497 -0.7553 0.0864
vn 0.6807 -0.7293 -0.0689
vn 0.6947 -0.6730 -0.2537
vn 0.6763 -0.5688 -0.4681
vn 0.6035 -0.3998 -0.6899
vn 0.4560 -0.8841 0.1024
vn 0.3975 -0.8850 0.2424
vn 0.3322 -0.8666 0.3724
vn 0.2597 -0.8294 0.4946
vn 0.1787 -0.7720 0.6099
vn 0.0875 -0.6906 0.7179
vn -0.0148 -0.5798 0.8146
vn -0.1266 -0.4346 0.8917
vn -0.2403 -0.2563 0.9362
vn -0.3492 -0.0560 0.9354
vn 0.5070 -0.8605 -0.0502
vn 0.5476 -0.8082 -0.2166
vn 0.5723 -0.7186 -0.3952
vn 0.5726 -0.5827 -0.5768
vn 0.5400 -0.3986 -0.7413
vn 0.1930 -0.9771 -0.0897
vn 0.1126 -0.9909 0.0732
vn 0.0298 -0.9723 0.2317
vn -0.0538 -0.9224 0.3826
vn -0.1363 -0.8415 0.5228
vn -0.2155 -0.7300 0.6486
vn -0.2884 -0.5890 0.7549
vn -0.3510 -0.4218 0.8360
vn -0.4000 -0.2357 0.8857
vn -0.4372 -0.0385 0.8985
vn 0.2688 -0.9292 -0.2537
vn 0.3374 -0.8455 -0.4138
vn 0.3955 -0.7253 -0.5635
vn 0.4393 -0.5702 -0.6942
vn 0.4660 -0.3869 -0.7958
vn -0.1749 -0.9254 -0.3363
vn -0.2828 -0.9434 -0.1731
vn -0.3796 -0.9252 -0.0032
vn -0.4614 -0.8713 0.1670
vn -0.5251 -0.7841 0.3308
vn -0.5682 -0.6670 0.4819
vn -0.5892 -0.5248 0.6144
vn -0.5875 -0.3635 0.7230
vn -0.5650 -0.1898 0.8030
vn -0.5257 -0.0097 0.8506
vn -0.0599 -0.8716 -0.4865
vn 0.0577 -0.7843 -0.6177
vn 0.1735 -0.6668 -0.7248
vn 0.2832 -0.5241 -0.8032
vn 0.3833 -0.3630 -0.8493
vn -0.4919 -0.6954 -0.5238
vn -0.6047 -0.6976 -0.3844
vn -0.6971 -0.6776 -0.2343
vn -0.7677 -0.6362 -0.0764
vn -0.8147 -0.5734 0.0864
vn -0.8352 -0.4894 0.2507
vn -0.8263 -0.3845 0.4116
vn -0.7850 -0.2603 0.5621
vn -0.7107 -0.1205 0.6931
vn -0.6062 0.0284 0.7948
vn -0.3600 -0.6701 -0.6491
vn -0.2108 -0.6204 -0.7555
vn -0.0477 -0.5454 -0.8368
vn 0.1243 -0.4462 -0.8863
vn 0.2975 -0.3267 -0.8971
vn -0.6629 -0.4360 -0.6087
vn -0.7591 -0.4238 -0.4941
vn -0.8361 -0.4027 -0.3725
vn -0.8955 -0.3729 -0.2429
vn -0.9371 -0.3335 -0.1031
vn -0.9579 -0.2827 0.0493
vn -0.9518 -0.2180 0.2156
vn -0.9090 -0.1369 0.3936
vn -0.8179 -0.0388 0.5741
vn -0.6717 0.0719 0.7373
vn -0.5439 -0.4379 -0.7159
vn -0.3978 -0.4268 -0.8122
vn -0.2210 -0.3988 -0.8900
vn -0.0138 -0.3504 -0.9365
vn 0.2167 -0.2805 -0.9351
vn -0.7363 -0.2301 -0.6363
vn -0.8144 -0.2123 -0.5400
vn -0.8769 -0.1921 -0.4406
vn -0.9269 -0.1692 -0.3349
vn -0.9653 -0.1424 -0.2189
vn -0.9901 -0.1103 -0.0867
vn -0.9952 -0.0704 0.0682
vn -0.9675 -0.0200 0.2521
vn -0.8844 0.0432 0.4646
vn -0.7201 0.1166 0.6840
vn -0.6368 -0.2454 -0.7309
vn -0.5073 -0.2567 -0.8227
vn -0.3369 -0.2609 -0.9047
vn -0.1177 -0.2530 -0.9603
vn 0.1484 -0.2295 -0.9619
vn -0.7628 -0.0773 -0.6420
vn -0.8275 -0.0584 -0.5585
vn -0.8796 -0.0400 -0.4740
vn -0.9227 -0.0212 -0.3849
vn -0.9581 -0.0011 -0.2863
vn -0.9849 0.0216 -0.1715
vn -0.9984 0.0482 -0.0312
vn -0.9858 0.0804 0.1472
vn -0.9195 0.1190 0.3747
vn -0.7529 0.1598 0.6384
vn -0.4324 0.1669 0.8861
vn -0.6794 -0.0974 -0.7272
vn -0.5668 -0.1194 -0.8152
vn -0.4088 -0.1426 -0.9014
vn -0.1887 -0.1638 -0.9683
vn 0.0969 -0.1785 -0.9792
vn -0.7667 0.0389 -0.6408
vn -0.8224 0.0574 -0.5660
vn -0.8678 0.0743 -0.4913
vn -0.9062 0.0905 -0.4130
vn -0.9393 0.1069 -0.3260
vn -0.9667 0.1244 -0.2237
vn -0.9850 0.1437 -0.0955
vn -0.9834 0.1652 0.0745
vn -0.9332 0.1871 0.3069
vn -0.7728 0.2005 0.6021
vn -0.6947 0.0174 -0.7191
vn -0.5954 -0.0092 -0.8034
vn -0.4500 -0.0431 -0.8920
vn -0.2331 -0.0850 -0.9687
vn 0.0627 -0.1308 -0.9894
vn -0.7584 0.1320 -0.6383
vn -0.8085 0.1500 -0.5691
vn -0.8497 0.1658 -0.5005
vn -0.8852 0.1803 -0.4288
vn -0.9166 0.1946 -0.3492
vn -0.9441 0.2090 -0.2549
vn -0.9652 0.2239 -0.1352
vn -0.9707 0.2386 0.0275
vn -0.9330 0.2485 0.2602
vn -0.7819 0.2383 0.5760
vn -0.6936 0.1101 -0.7119
vn -0.6037 0.0814 -0.7931
vn -0.4686 0.0412 -0.8825
vn -0.2565 -0.0160 -0.9664
vn 0.0445 -0.0879 -0.9951
vn -0.7419 0.2112 -0.6364
vn -0.7889 0.2290 -0.5703
vn -0.8278 0.2441 -0.5051
vn -0.8617 0.2578 -0.4370
vn -0.8923 0.2706 -0.3614
vn -0.9199 0.2831 -0.2715
vn -0.9425 0.2950 -0.1568
vn -0.9525 0.3046 0.0013
vn -0.9235 0.3047 0.2330
vn -0.7818 0.2731 0.5605
vn -0.6813 0.1888 -0.7072
vn -0.5970 0.1585 -0.7864
vn -0.4690 0.1138 -0.8759
vn -0.2619 0.0447 -0.9641
vn 0.0404 -0.0503 -0.9979
vn -0.7183 0.2826 -0.6357
vn -0.7642 0.3008 -0.5706
vn -0.8023 0.3158 -0.5064
vn -0.8358 0.3290 -0.4395
vn -0.8662 0.3411 -0.3652
vn -0.8941 0.3521 -0.2768
vn -0.9179 0.3615 -0.1636
vn -0.9304 0.3664 -0.0070
vn -0.9067 0.3572 0.2243
vn -0.7733 0.3049 0.5560
vn -0.6595 0.2594 -0.7056
vn -0.5777 0.2270 -0.7841
vn -0.4532 0.1779 -0.8735
vn -0.2501 0.0981 -0.9632
vn 0.0489 -0.0180 -0.9986
vn -0.6870 0.3510 -0.6362
vn -0.7335 0.3701 -0.5701
vn -0.7722 0.3856 -0.5050
vn -0.8062 0.3988 -0.4369
vn -0.8373 0.4103 -0.3613
vn -0.8659 0.4200 -0.2715
vn -0.8906 0.4269 -0.1567
vn -0.9044 0.4267 0.0015
vn -0.8831 0.4069 0.2336
vn -0.7567 0.3333 0.5624
vn -0.6276 0.3259 -0.7070
vn -0.5454 0.2905 -0.7862
vn -0.4213 0.2357 -0.8758
vn -0.2208 0.1448 -0.9645
vn 0.0690 0.0094 -0.9976
vn -0.6453 0.4201 -0.6380
vn -0.6941 0.4412 -0.5688
vn -0.7349 0.4578 -0.5003
vn -0.7707 0.4714 -0.4287
vn -0.8033 0.4825 -0.3491
vn -0.8333 0.4907 -0.2548
vn -0.8588 0.4942 -0.1351
vn -0.8728 0.4873 0.0279
vn -0.8517 0.4542 0.2614
vn -0.7320 0.3580 0.5797
vn -0.5832 0.3920 -0.7115
vn -0.4979 0.3517 -0.7927
vn -0.3711 0.2888 -0.8825
vn -0.1728 0.1849 -0.9675
vn 0.1005 0.0317 -0.9944
vn -0.5881 0.4940 -0.6404
vn -0.6414 0.5184 -0.5656
vn -0.6860 0.5370 -0.4911
vn -0.7250 0.5513 -0.4128
vn -0.7603 0.5619 -0.3259
vn -0.7922 0.5678 -0.2235
vn -0.8187 0.5662 -0.0952
vn -0.8322 0.5494 0.0752
vn -0.8098 0.4988 0.3090
vn -0.6987 0.3780 0.6074
vn -0.5208 0.4607 -0.7187
vn -0.4298 0.4125 -0.8032
vn -0.2985 0.3378 -0.8926
vn -0.1045 0.2178 -0.9704
vn 0.1440 0.0488 -0.9884
vn -0.5058 0.5765 -0.6417
vn -0.5661 0.6066 -0.5581
vn -0.6168 0.6286 -0.4737
vn -0.6611 0.6442 -0.3847
vn -0.7007 0.6536 -0.2861
vn -0.7357 0.6553 -0.1713
vn -0.7636 0.6449 -0.0308
vn -0.7763 0.6127 0.1484
vn -0.7533 0.5384 0.3778
vn -0.6562 0.3924 0.6446
vn -0.4307 0.5345 -0.7272
vn -0.3320 0.4736 -0.8158
vn -0.1968 0.3816 -0.9032
vn -0.0140 0.2425 -0.9701
vn 0.2001 0.0595 -0.9780
vn -0.3802 0.6709 -0.6367
vn -0.4504 0.7110 -0.5401
vn -0.5103 0.7386 -0.4405
vn -0.5629 0.7557 -0.3348
vn -0.6094 0.7621 -0.2186
vn -0.6497 0.7553 -0.0864
vn -0.6807 0.7293 0.0689
vn -0.6947 0.6730 0.2537
vn -0.6763 0.5688 0.4681
vn -0.6035 0.3998 0.6899
vn -0.2954 0.6140 -0.7320
vn -0.1898 0.5329 -0.8246
vn -0.0574 0.4166 -0.9073
vn 0.1008 0.2566 -0.9612
vn 0.2689 0.0625 -0.9611
vn -0.1787 0.7720 -0.6099
vn -0.2597 0.8294 -0.4946
vn -0.3322 0.8666 -0.3724
vn -0.3975 0.8850 -0.2424
vn -0.4560 0.8841 -0.1024
vn -0.5070 0.8605 0.0502
vn -0.5476 0.8082 0.2166
vn -0.5723 0.7186 0.3952
vn -0.5726 0.5827 0.5768
vn -0.5400 0.3986 0.7413
vn -0.0875 0.6906 -0.7179
vn 0.0148 0.5798 -0.8146
vn 0.1266 0.4346 -0.8917
vn 0.2403 0.2563 -0.9362
vn 0.3492 0.0560 -0.9354
vn 0.1363 0.8415 -0.5228
vn 0.0538 0.9224 -0.3826
vn -0.0298 0.9723 -0.2317
vn -0.1126 0.9909 -0.0732
vn -0.1930 0.9771 0.0897
vn -0.2688 0.9292 0.2537
vn -0.3374 0.8455 0.4138
vn -0.3955 0.7253 0.5635
vn -0.4393 0.5702 0.6942
vn -0.4660 0.3869 0.7958
vn 0.2155 0.7300 -0.6486
vn 0.2884 0.5890 -0.7549
vn 0.3510 0.4218 -0.8360
vn 0.4000 0.2357 -0.8857
vn 0.4372 0.0385 -0.8985
vn 0.5251 0.7841 -0.3308
vn 0.3795 0.9252 0.0032
vn -0.0577 0.7843 0.6177
vn -0.1735 0.6668 0.7248
vn 0.5892 0.5248 -0.6144
vn 0.5650 0.1898 -0.8030
vn 0.5258 0.0097 -0.8506
vn 0.5664 -0.1405 0.8120
vn 0.4442 -0.1105 0.8891
vn 0.3160 -0.0793 0.9455
vn 0.1810 -0.0473 0.9823
vn 0.0395 -0.0152 0.9991
vn -0.1091 0.0179 0.9939
vn -0.2681 0.0538 0.9619
vn -0.4400 0.0941 0.8930
vn -0.6196 0.1377 0.7727
vn -0.7875 0.1798 0.5895
vn -0.8126 0.2039 0.5460
vn -0.6769 0.1846 0.7126
vn -0.5179 0.1584 0.8406
vn -0.3488 0.1288 0.9283
vn -0.1787 0.0985 0.9790
vn -0.0098 0.0684 0.9976
vn 0.1603 0.0357 0.9864
vn 0.3296 -0.0019 0.9441
vn 0.4894 -0.0426 0.8710
vn 0.6333 -0.0826 0.7695
vn 0.7583 -0.1198 0.6408
vn 0.8605 -0.1532 0.4858
vn 0.9346 -0.1815 0.3061
vn 0.9734 -0.2031 0.1060
vn 0.9706 -0.2162 -0.1061
vn 0.9662 -0.1963 -0.1671
vn 0.9855 -0.1693 -0.0094
vn 0.9783 -0.1358 0.1563
vn 0.9396 -0.0947 0.3288
vn 0.8624 -0.0452 0.5041
vn 0.7392 0.0126 0.6733
vn 0.5654 0.0760 0.8213
vn 0.3491 0.1346 0.9274
vn 0.1204 0.1753 0.9771
vn -0.0944 0.2000 0.9752
vn -0.2918 0.2184 0.9312
vn -0.4690 0.2318 0.8522
vn -0.6206 0.2383 0.7471
vn -0.7441 0.2374 0.6244
vn -0.8408 0.2298 0.4901
vn -0.8708 0.2562 0.4196
vn -0.8145 0.2920 0.5013
vn -0.7391 0.3284 0.5882
vn -0.6333 0.3652 0.6823
vn -0.4798 0.4004 0.7807
vn -0.2584 0.4286 0.8658
vn 0.0367 0.4405 0.8970
vn 0.3822 0.4142 0.8260
vn 0.6987 0.3189 0.6404
vn 0.8906 0.1876 0.4144
vn 0.9727 0.0741 0.2200
vn 0.9976 -0.0118 0.0676
vn 0.9956 -0.0773 -0.0534
vn 0.9795 -0.1297 -0.1539
vn 0.9546 -0.1740 -0.2418
vn 0.9525 -0.0140 -0.3041
vn 0.9428 0.2142 -0.2555
vn 0.7336 0.6792 -0.0243
vn -0.2043 0.8949 0.3969
vn -0.5385 0.7345 0.4129
vn -0.7031 0.5925 0.3931
vn -0.8745 0.3378 0.3480
vn -0.8992 0.2782 0.3377
vn 0.6832 -0.1688 0.7105
vn 0.7923 -0.1948 0.5781
vn 0.8870 -0.2168 0.4076
vn 0.9533 -0.2314 0.1942
vn 0.9706 -0.2338 -0.0567
vn 0.9155 -0.2140 -0.3408
vn 0.5229 -0.1815 0.8328
vn 0.4149 -0.1567 0.8963
vn 0.3051 -0.1306 0.9433
vn 0.1904 -0.1029 0.9763
vn 0.0677 -0.0730 0.9950
vn -0.0662 -0.0400 0.9970
vn -0.2157 -0.0020 0.9765
vn -0.3857 0.0434 0.9216
vn -0.5759 0.0980 0.8116
vn -0.7672 0.1582 0.6216
vn 0.6314 -0.2051 0.7478
vn 0.7406 -0.2271 0.6324
vn 0.8457 -0.2455 0.4738
vn 0.9317 -0.2556 0.2579
vn 0.9682 -0.2494 -0.0188
vn 0.4940 -0.2143 0.8426
vn 0.3949 -0.1925 0.8983
vn 0.2958 -0.1694 0.9401
vn 0.1930 -0.1443 0.9705
vn 0.0820 -0.1162 0.9898
vn -0.0418 -0.0839 0.9956
vn -0.1842 -0.0451 0.9819
vn -0.3515 0.0035 0.9362
vn -0.5468 0.0653 0.8347
vn -0.7532 0.1395 0.6428
vn 0.5964 -0.2352 0.7675
vn 0.7038 -0.2546 0.6632
vn 0.8139 -0.2705 0.5142
vn 0.9129 -0.2770 0.2998
vn 0.9647 -0.2633 0.0075
vn 0.4750 -0.2435 0.8457
vn 0.3807 -0.2234 0.8973
vn 0.2873 -0.2018 0.9363
vn 0.1907 -0.1782 0.9653
vn 0.0863 -0.1511 0.9847
vn -0.0315 -0.1191 0.9924
vn -0.1693 -0.0794 0.9824
vn -0.3347 -0.0283 0.9419
vn -0.5322 0.0393 0.8457
vn -0.7464 0.1244 0.6538
vn 0.5738 -0.2626 0.7758
vn 0.6798 -0.2801 0.6778
vn 0.7923 -0.2936 0.5349
vn 0.8989 -0.2965 0.3227
vn 0.9610 -0.2755 0.0220
vn 0.4633 -0.2716 0.8435
vn 0.3705 -0.2524 0.8939
vn 0.2789 -0.2315 0.9320
vn 0.1844 -0.2083 0.9605
vn 0.0823 -0.1813 0.9800
vn -0.0333 -0.1487 0.9883
vn -0.1693 -0.1076 0.9797
vn -0.3337 -0.0535 0.9412
vn -0.5314 0.0193 0.8469
vn -0.7466 0.1131 0.6555
vn 0.5612 -0.2895 0.7754
vn 0.6670 -0.3053 0.6796
vn 0.7807 -0.3162 0.5390
vn 0.8907 -0.3147 0.3280
vn 0.9579 -0.2860 0.0252
vn 0.4580 -0.3008 0.8365
vn 0.3635 -0.2819 0.8879
vn 0.2701 -0.2609 0.9268
vn 0.1738 -0.2371 0.9558
vn 0.0699 -0.2091 0.9754
vn -0.0473 -0.1749 0.9835
vn -0.1844 -0.1311 0.9741
vn -0.3486 -0.0732 0.9344
vn -0.5438 0.0049 0.8392
vn -0.7533 0.1054 0.6492
vn 0.5575 -0.3178 0.7670
vn 0.6647 -0.3317 0.6695
vn 0.7790 -0.3392 0.5274
vn 0.8887 -0.3320 0.3162
vn 0.9554 -0.2947 0.0173
vn 0.4590 -0.3333 0.8235
vn 0.3592 -0.3143 0.8788
vn 0.2600 -0.2924 0.9203
vn 0.1577 -0.2669 0.9507
vn 0.0477 -0.2364 0.9705
vn -0.0750 -0.1987 0.9772
vn -0.2159 -0.1506 0.9647
vn -0.3804 -0.0875 0.9207
vn -0.5698 -0.0042 0.8218
vn -0.7662 0.1009 0.6346
vn 0.5629 -0.3493 0.7491
vn 0.6729 -0.3606 0.6459
vn 0.7871 -0.3632 0.4985
vn 0.8925 -0.3482 0.2867
vn 0.9534 -0.3017 -0.0015
vn 0.4671 -0.3721 0.8021
vn 0.3576 -0.3528 0.8646
vn 0.2475 -0.3291 0.9113
vn 0.1337 -0.3002 0.9445
vn 0.0124 -0.2650 0.9642
vn -0.1199 -0.2213 0.9678
vn -0.2667 -0.1664 0.9493
vn -0.4308 -0.0965 0.8973
vn -0.6102 -0.0076 0.7922
vn -0.7859 0.0999 0.6102
vn 0.5786 -0.3862 0.7184
vn 0.6925 -0.3932 0.6049
vn 0.8048 -0.3881 0.4492
vn 0.9010 -0.3628 0.2378
vn 0.9513 -0.3065 -0.0316
vn 0.4848 -0.4218 0.7662
vn 0.3593 -0.4030 0.8417
vn 0.2303 -0.3762 0.8975
vn 0.0965 -0.3412 0.9350
vn -0.0431 -0.2973 0.9538
vn -0.1892 -0.2434 0.9513
vn -0.3424 -0.1780 0.9225
vn -0.5027 -0.0989 0.8588
vn -0.6650 -0.0044 0.7468
vn -0.8116 0.1029 0.5751
vn 0.6072 -0.4318 0.6669
vn 0.7247 -0.4305 0.5381
vn 0.8307 -0.4134 0.3728
vn 0.9120 -0.3745 0.1672
vn 0.9484 -0.3087 -0.0730
vn 0.5165 -0.4910 0.7015
vn 0.3653 -0.4758 0.8001
vn 0.2027 -0.4446 0.8725
vn 0.0341 -0.3977 0.9169
vn -0.1337 -0.3369 0.9320
vn -0.2961 -0.2649 0.9177
vn -0.4515 -0.1834 0.8732
vn -0.5989 -0.0927 0.7955
vn -0.7325 0.0064 0.6807
vn -0.8414 0.1101 0.5290
vn 0.6526 -0.4902 0.5778
vn 0.7694 -0.4724 0.4299
vn 0.8614 -0.4364 0.2599
vn 0.9217 -0.3812 0.0723
vn 0.9432 -0.3076 -0.1253
vn 0.5686 -0.5945 0.5686
vn 0.3762 -0.5970 0.7086
vn 0.1487 -0.5611 0.8143
vn -0.0839 -0.4863 0.8697
vn -0.2904 -0.3880 0.8747
vn -0.4616 -0.2826 0.8409
vn -0.6028 -0.1773 0.7780
vn -0.7181 -0.0741 0.6920
vn -0.8082 0.0258 0.5884
vn -0.8733 0.1210 0.4719
vn 0.7157 -0.5634 0.4128
vn 0.8198 -0.5132 0.2541
vn 0.8871 -0.4507 0.0995
vn 0.9238 -0.3798 -0.0479
vn 0.9345 -0.3026 -0.1875
vn 0.6292 -0.7367 0.2477
vn 0.3764 -0.8192 0.4327
vn 0.0067 -0.7943 0.6075
vn -0.3401 -0.6346 0.6940
vn -0.5650 -0.4439 0.6955
vn -0.7025 -0.2809 0.6539
vn -0.7905 -0.1482 0.5943
vn -0.8472 -0.0389 0.5299
vn -0.8831 0.0538 0.4662
vn -0.9047 0.1354 0.4040
vn 0.7701 -0.6305 0.0972
vn 0.8465 -0.5320 -0.0198
vn 0.8885 -0.4449 -0.1129
vn 0.9107 -0.3665 -0.1906
vn 0.9205 -0.2931 -0.2585
vn 0.5385 -0.7345 -0.4129
vn 0.2043 -0.8948 -0.3969
vn -0.3244 -0.9161 -0.2355
vn -0.7336 -0.6792 0.0243
vn -0.8938 -0.4081 0.1859
vn -0.9428 -0.2142 0.2554
vn -0.9545 -0.0819 0.2867
vn -0.9525 0.0140 0.3041
vn -0.9445 0.0892 0.3160
vn -0.9331 0.1529 0.3256
vn 0.7031 -0.5925 -0.3931
vn 0.7894 -0.4867 -0.3743
vn 0.8406 -0.4050 -0.3597
vn 0.8745 -0.3378 -0.3480
vn 0.8992 -0.2782 -0.3377
vn 0.2584 -0.4286 -0.8658
vn -0.0367 -0.4405 -0.8970
vn -0.3822 -0.4142 -0.8260
vn -0.6987 -0.3189 -0.6404
vn -0.8905 -0.1876 -0.4144
vn -0.9727 -0.0741 -0.2200
vn -0.9976 0.0118 -0.0676
vn -0.9956 0.0773 0.0534
vn -0.9795 0.1297 0.1539
vn -0.9546 0.1740 0.2417
vn 0.4798 -0.4004 -0.7807
vn 0.6333 -0.3652 -0.6823
vn 0.7391 -0.3284 -0.5882
vn 0.8145 -0.2921 -0.5013
vn 0.8708 -0.2562 -0.4196
vn 0.0944 -0.2000 -0.9752
vn -0.1204 -0.1753 -0.9771
vn -0.3491 -0.1346 -0.9274
vn -0.5654 -0.0760 -0.8213
vn -0.7392 -0.0126 -0.6733
vn -0.8624 0.0452 -0.5041
vn -0.9396 0.0947 -0.3288
vn -0.9783 0.1358 -0.1563
vn -0.9855 0.1693 0.0094
vn -0.9662 0.1963 0.1672
vn 0.2918 -0.2184 -0.9312
vn 0.4690 -0.2318 -0.8522
vn 0.6206 -0.2383 -0.7471
vn 0.7441 -0.2374 -0.6244
vn 0.8408 -0.2298 -0.4901
vn 0.0098 -0.0684 -0.9976
vn -0.1603 -0.0357 -0.9864
vn -0.3296 0.0019 -0.9441
vn -0.4894 0.0426 -0.8710
vn -0.6333 0.0826 -0.7695
vn -0.7583 0.1198 -0.6408
vn -0.8605 0.1532 -0.4858
vn -0.9346 0.1815 -0.3061
vn -0.9734 0.2031 -0.1060
vn -0.9706 0.2162 0.1061
vn 0.1787 -0.0985 -0.9790
vn 0.3488 -0.1288 -0.9283
vn 0.5179 -0.1584 -0.8406
vn 0.6769 -0.1846 -0.7126
vn 0.8126 -0.2039 -0.5460
vn -0.0395 0.0152 -0.9991
vn -0.1810 0.0473 -0.9823
vn -0.3160 0.0793 -0.9455
vn -0.4442 0.1105 -0.8891
vn -0.5664 0.1405 -0.8120
vn -0.6832 0.1688 -0.7105
vn -0.7923 0.1948 -0.5781
vn -0.8870 0.2168 -0.4076
vn -0.9533 0.2314 -0.1942
vn -0.9706 0.2338 0.0567
vn -0.9155 0.2140 0.3408
vn 0.1091 -0.0179 -0.9939
vn 0.2681 -0.0538 -0.9619
vn 0.4400 -0.0941 -0.8930
vn 0.6196 -0.1377 -0.7727
vn 0.7875 -0.1798 -0.5895
vn -0.0677 0.0730 -0.9950
vn -0.1904 0.1029 -0.9763
vn -0.3051 0.1306 -0.9433
vn -0.4149 0.1567 -0.8963
vn -0.5229 0.1815 -0.8328
vn -0.6314 0.2051 -0.7478
vn -0.7406 0.2271 -0.6324
vn -0.8457 0.2455 -0.4738
vn -0.9317 0.2556 -0.2579
vn -0.9682 0.2494 0.0188
vn 0.0662 0.0400 -0.9970
vn 0.2157 0.0020 -0.9765
vn 0.3857 -0.0434 -0.9216
vn 0.5759 -0.0980 -0.8116
vn 0.7672 -0.1582 -0.6216
vn -0.0820 0.1162 -0.9898
vn -0.1930 0.1443 -0.9705
vn -0.2958 0.1694 -0.9401
vn -0.3949 0.1925 -0.8983
vn -0.4940 0.2143 -0.8426
vn -0.5964 0.2352 -0.7675
vn -0.7038 0.2546 -0.6632
vn -0.8139 0.2705 -0.5142
vn -0.9129 0.2770 -0.2998
vn -0.9647 0.2633 -0.0075
vn 0.0418 0.0839 -0.9956
vn 0.1842 0.0451 -0.9819
vn 0.3515 -0.0035 -0.9362
vn 0.5468 -0.0653 -0.8347
vn 0.7532 -0.1395 -0.6428
vn -0.0863 0.1511 -0.9847
vn -0.1907 0.1782 -0.9653
vn -0.2873 0.2018 -0.9363
vn -0.3807 0.2234 -0.8973
vn -0.4750 0.2435 -0.8457
vn -0.5738 0.2626 -0.7758
vn -0.6798 0.2801 -0.6778
vn -0.7923 0.2936 -0.5349
vn -0.8989 0.2965 -0.3227
vn -0.9610 0.2755 -0.0220
vn 0.0315 0.1191 -0.9924
vn 0.1693 0.0794 -0.9824
vn 0.3347 0.0283 -0.9419
vn 0.5322 -0.0393 -0.8457
vn 0.7464 -0.1244 -0.6538
vn -0.0823 0.1813 -0.9800
vn -0.1844 0.2083 -0.9605
vn -0.2789 0.2315 -0.9320
vn -0.3705 0.2524 -0.8939
vn -0.4633 0.2716 -0.8435
vn -0.5612 0.2895 -0.7754
vn -0.6670 0.3053 -0.6796
vn -0.7807 0.3162 -0.5390
vn -0.8907 0.3147 -0.3280
vn -0.9579 0.2860 -0.0252
vn 0.0333 0.1487 -0.9883
vn 0.1693 0.1076 -0.9797
vn 0.3337 0.0535 -0.9412
vn 0.5314 -0.0193 -0.8469
vn 0.7466 -0.1131 -0.6555
vn -0.0699 0.2091 -0.9754
vn -0.1738 0.2371 -0.9558
vn -0.2701 0.2609 -0.9268
vn -0.3635 0.2819 -0.8879
vn -0.4580 0.3008 -0.8365
vn -0.5575 0.3178 -0.7670
vn -0.6647 0.3317 -0.6695
vn -0.7790 0.3392 -0.5274
vn -0.8887 0.3320 -0.3162
vn -0.9554 0.2947 -0.0173
vn 0.0473 0.1749 -0.9835
vn 0.1844 0.1311 -0.9741
vn 0.3486 0.0732 -0.9344
vn 0.5438 -0.0049 -0.8392
vn 0.7533 -0.1054 -0.6492
vn -0.0477 0.2364 -0.9705
vn -0.1577 0.2669 -0.9507
vn -0.2600 0.2924 -0.9203
vn -0.3592 0.3143 -0.8788
vn -0.4590 0.3333 -0.8235
vn -0.5629 0.3493 -0.7491
vn -0.6729 0.3606 -0.6459
vn -0.7871 0.3632 -0.4985
vn -0.8925 0.3482 -0.2867
vn -0.9534 0.3017 0.0015
vn 0.0750 0.1987 -0.9772
vn 0.2159 0.1506 -0.9647
vn 0.3804 0.0875 -0.9207
vn 0.5698 0.0042 -0.8218
vn 0.7662 -0.1009 -0.6346
vn -0.0124 0.2650 -0.9642
vn -0.1337 0.3002 -0.9445
vn -0.2475 0.3291 -0.9113
vn -0.3576 0.3528 -0.8646
vn -0.4671 0.3721 -0.8021
vn -0.5786 0.3862 -0.7184
vn -0.6925 0.3932 -0.6049
vn -0.8048 0.3881 -0.4492
vn -0.9010 0.3628 -0.2378
vn -0.9513 0.3065 0.0316
vn 0.1199 0.2213 -0.9678
vn 0.2667 0.1664 -0.9493
vn 0.4308 0.0965 -0.8973
vn 0.6102 0.0076 -0.7922
vn 0.7859 -0.0999 -0.6102
vn 0.0431 0.2973 -0.9538
vn -0.0965 0.3412 -0.9350
vn -0.2303 0.3762 -0.8975
vn -0.3593 0.4030 -0.8417
vn -0.4848 0.4218 -0.7662
vn -0.6072 0.4318 -0.6669
vn -0.7247 0.4305 -0.5381
vn -0.8307 0.4134 -0.3728
vn -0.9120 0.3745 -0.1672
vn -0.9484 0.3087 0.0730
vn 0.1892 0.2434 -0.9513
vn 0.3424 0.1780 -0.9225
vn 0.5027 0.0989 -0.8588
vn 0.6650 0.0044 -0.7468
vn 0.8116 -0.1029 -0.5751
vn 0.1337 0.3369 -0.9320
vn -0.0341 0.3977 -0.9169
vn -0.2027 0.4446 -0.8725
vn -0.3653 0.4758 -0.8001
vn -0.5165 0.4910 -0.7015
vn -0.6526 0.4902 -0.5778
vn -0.7694 0.4724 -0.4299
vn -0.8614 0.4364 -0.2599
vn -0.9217 0.3812 -0.0723
vn -0.9432 0.3076 0.1253
vn 0.2961 0.2649 -0.9177
vn 0.4515 0.1834 -0.8732
vn 0.5989 0.0927 -0.7955
vn 0.7325 -0.0064 -0.6807
vn 0.8414 -0.1101 -0.5290
vn 0.2904 0.3880 -0.8747
vn 0.0839 0.4863 -0.8697
vn -0.1487 0.5611 -0.8143
vn -0.3762 0.5970 -0.7086
vn -0.5686 0.5945 -0.5686
vn -0.7157 0.5634 -0.4128
vn -0.8198 0.5132 -0.2541
vn -0.8871 0.4507 -0.0995
vn -0.9238 0.3798 0.0479
vn -0.9345 0.3026 0.1875
vn 0.4616 0.2826 -0.8409
vn 0.6028 0.1773 -0.7780
vn 0.7181 0.0741 -0.6920
vn 0.8082 -0.0258 -0.5884
vn 0.8733 -0.1210 -0.4719
vn 0.5650 0.4439 -0.6955
vn 0.3401 0.6346 -0.6940
vn -0.0067 0.7943 -0.6075
vn -0.3764 0.8192 -0.4327
vn -0.6292 0.7367 -0.2477
vn -0.7701 0.6305 -0.0972
vn -0.8465 0.5320 0.0198
vn -0.8885 0.4449 0.1129
vn -0.9107 0.3665 0.1906
vn -0.9205 0.2931 0.2585
vn 0.7025 0.2809 -0.6539
vn 0.7905 0.1482 -0.5943
vn 0.8472 0.0389 -0.5299
vn 0.8831 -0.0538 -0.4662
vn 0.9047 -0.1354 -0.4040
vn 0.8938 0.4081 -0.1859
vn 0.3244 0.9161 0.2354
vn -0.7894 0.4867 0.3743
vn -0.8406 0.4050 0.3597
vn 0.9545 0.0819 -0.2867
vn 0.9445 -0.0892 -0.3160
vn 0.9331 -0.1529 -0.3256
vn 0.5664 0.1405 -0.8120
vn 0.4442 0.1105 -0.8891
vn 0.3160 0.0793 -0.9455
vn 0.1810 0.0473 -0.9823
vn 0.0395 0.0152 -0.9991
vn -0.1091 -0.0179 -0.9939
vn -0.2681 -0.0538 -0.9619
vn -0.4400 -0.0941 -0.8930
vn -0.6196 -0.1377 -0.7727
vn -0.7875 -0.1798 -0.5895
vn -0.8126 -0.2039 -0.5460
vn -0.6769 -0.1846 -0.7126
vn -0.5179 -0.1584 -0.8406
vn -0.3488 -0.1288 -0.9283
vn -0.1787 -0.0985 -0.9790
vn -0.0098 -0.0684 -0.9976
vn 0.1603 -0.0357 -0.9864
vn 0.3296 0.0019 -0.9441
vn 0.4894 0.0426 -0.8710
vn 0.6333 0.0826 -0.7695
vn 0.7583 0.1198 -0.6408
vn 0.8605 0.1532 -0.4858
vn 0.9346 0.1815 -0.3061
vn 0.9734 0.2031 -0.1060
vn 0.9706 0.2162 0.1061
vn 0.9662 0.1963 0.1672
vn 0.9855 0.1693 0.0094
vn 0.9783 0.1358 -0.1563
vn 0.9396 0.0947 -0.3288
vn 0.8624 0.0452 -0.5041
vn 0.7392 -0.0126 -0.6733
vn 0.5654 -0.0760 -0.8213
vn 0.3491 -0.1346 -0.9274
vn 0.1204 -0.1753 -0.9771
vn -0.0944 -0.2000 -0.9752
vn -0.2918 -0.2184 -0.9312
vn -0.4690 -0.2318 -0.8522
vn -0.6206 -0.2383 -0.7471
vn -0.7441 -0.2374 -0.6244
vn -0.8408 -0.2298 -0.4901
vn -0.8708 -0.2562 -0.4196
vn -0.8145 -0.2920 -0.5013
vn -0.7391 -0.3284 -0.5882
vn -0.6333 -0.3652 -0.6823
vn -0.4798 -0.4004 -0.7807
vn -0.2584 -0.4286 -0.8658
vn 0.0367 -0.4405 -0.8970
vn 0.3822 -0.4142 -0.8260
vn 0.6987 -0.3189 -0.6404
vn 0.8906 -0.1876 -0.4144
vn 0.9727 -0.0741 -0.2200
vn 0.9976 0.0118 -0.0676
vn 0.9956 0.0773 0.0534
vn 0.9795 0.1297 0.1539
vn 0.9546 0.1740 0.2417
vn 0.9525 0.0140 0.3041
vn 0.9428 -0.2142 0.2555
vn 0.7336 -0.6792 0.0243
vn -0.2043 -0.8949 -0.3969
vn -0.5385 -0.7345 -0.4129
vn -0.7031 -0.5926 -0.3931
vn -0.8745 -0.3378 -0.3480
vn -0.8992 -0.2782 -0.3377
vn 0.6832 0.1688 -0.7105
vn 0.7923 0.1948 -0.5781
vn 0.8870 0.2168 -0.4076
vn 0.9533 0.2314 -0.1942
vn 0.9706 0.2338 0.0567
vn 0.9155 0.2140 0.3408
vn 0.5229 0.1815 -0.8328
vn 0.4149 0.1567 -0.8963
vn 0.3051 0.1306 -0.9433
vn 0.1904 0.1029 -0.9763
vn 0.0677 0.0730 -0.9950
vn -0.0662 0.0400 -0.9970
vn -0.2157 0.0020 -0.9765
vn -0.3857 -0.0434 -0.9216
vn -0.5759 -0.0980 -0.8116
vn -0.7672 -0.1582 -0.6216
vn 0.6314 0.2051 -0.7478
vn 0.7406 0.2271 -0.6324
vn 0.8457 0.2455 -0.4738
vn 0.9317 0.2556 -0.2579
vn 0.9682 0.2494 0.0188
vn 0.4940 0.2143 -0.8426
vn 0.3949 0.1925 -0.8983
vn 0.2958 0.1694 -0.9401
vn 0.1930 0.1443 -0.9705
vn 0.0820 0.1162 -0.9898
vn -0.0418 0.0839 -0.9956
vn -0.1842 0.0451 -0.9819
vn -0.3515 -0.0035 -0.9362
vn -0.5468 -0.0653 -0.8347
vn -0.7532 -0.1395 -0.6428
vn 0.5964 0.2352 -0.7675
vn 0.7038 0.2546 -0.6632
vn 0.8139 0.2705 -0.5142
vn 0.9129 0.2770 -0.2998
vn 0.9647 0.2633 -0.0075
vn 0.4750 0.2435 -0.8457
vn 0.3807 0.2234 -0.8973
vn 0.2873 0.2018 -0.9363
vn 0.1907 0.1782 -0.9653
vn 0.0863 0.1511 -0.9847
vn -0.0315 0.1191 -0.9924
vn -0.1693 0.0794 -0.9824
vn -0.3347 0.0283 -0.9419
vn -0.5322 -0.0393 -0.8457
vn -0.7464 -0.1244 -0.6538
vn 0.5738 0.2626 -0.7758
vn 0.6798 0.2801 -0.6778
vn 0.7923 0.2936 -0.5349
vn 0.8989 0.2965 -0.3227
vn 0.9610 0.2755 -0.0220
vn 0.4633 0.2716 -0.8435
vn 0.3705 0.2524 -0.8939
vn 0.2789 0.2315 -0.9320
vn 0.1844 0.2083 -0.9605
vn 0.0823 0.1813 -0.9800
vn -0.0333 0.1487 -0.9883
vn -0.1693 0.1076 -0.9797
vn -0.3337 0.0535 -0.9412
vn -0.5314 -0.0193 -0.8469
vn -0.7466 -0.1131 -0.6555
vn 0.5612 0.2895 -0.7754
vn 0.6670 0.3053 -0.6796
vn 0.7807 0.3162 -0.5390
vn 0.8907 0.3147 -0.3280
vn 0.9579 0.2860 -0.0252
vn 0.4580 0.3008 -0.8365
vn 0.3635 0.2819 -0.8879
vn 0.2701 0.2609 -0.9268
vn 0.1738 0.2371 -0.9558
vn 0.0699 0.2091 -0.9754
vn -0.0473 0.1749 -0.9835
vn -0.1844 0.1311 -0.9741
vn -0.3486 0.0732 -0.9344
vn -0.5438 -0.0049 -0.8392
vn -0.7533 -0.1054 -0.6492
vn 0.5575 0.3178 -0.7670
vn 0.6647 0.3317 -0.6695
vn 0.7790 0.3392 -0.5274
vn 0.8887 0.3320 -0.3162
vn 0.9554 0.2947 -0.0173
vn 0.4590 0.3333 -0.8235
vn 0.3592 0.3143 -0.8788
vn 0.2600 0.2924 -0.9203
vn 0.1577 0.2669 -0.9507
vn 0.0477 0.2364 -0.9705
vn -0.0750 0.1987 -0.9772
vn -0.2159 0.1506 -0.9647
vn -0.3804 0.0875 -0.9207
vn -0.5698 0.0042 -0.8218
vn -0.7662 -0.1009 -0.6346
vn 0.5629 0.3493 -0.7491
vn 0.6729 0.3606 -0.6459
vn 0.7871 0.3632 -0.4985
vn 0.8925 0.3482 -0.2867
vn 0.9534 0.3017 0.0015
vn 0.4671 0.3721 -0.8021
vn 0.3576 0.3528 -0.8646
vn 0.2475 0.3291 -0.9113
vn 0.1337 0.3002 -0.9445
vn 0.0124 0.2650 -0.9642
vn -0.1199 0.2213 -0.9678
vn -0.2667 0.1664 -0.9493
vn -0.4308 0.0965 -0.8973
vn -0.6102 0.0076 -0.7922
vn -0.7859 -0.0999 -0.6102
vn 0.5786 0.3862 -0.7184
vn 0.6925 0.3932 -0.6049
vn 0.8048 0.3881 -0.4492
vn 0.9010 0.3628 -0.2378
vn 0.9513 0.3065 0.0316
vn 0.4848 0.4218 -0.7662
vn 0.3593 0.4030 -0.8417
vn 0.2303 0.3762 -0.8975
vn 0.0965 0.3412 -0.9350
vn -0.0431 0.2973 -0.9538
vn -0.1892 0.2434 -0.9513
vn -0.3424 0.1780 -0.9225
vn -0.5027 0.0989 -0.8588
vn -0.6650 0.0044 -0.7468
vn -0.8115 -0.1029 -0.5751
vn 0.6072 0.4318 -0.6669
vn 0.7247 0.4305 -0.5381
vn 0.8307 0.4134 -0.3728
vn 0.9120 0.3745 -0.1672
vn 0.9484 0.3087 0.0730
vn 0.5165 0.4910 -0.7015
vn 0.3653 0.4758 -0.8001
vn 0.2027 0.4446 -0.8725
vn 0.0341 0.3977 -0.9169
vn -0.1337 0.3369 -0.9320
vn -0.2961 0.2649 -0.9177
vn -0.4515 0.1834 -0.8732
vn -0.5989 0.0927 -0.7955
vn -0.7325 -0.0064 -0.6807
vn -0.8414 -0.1101 -0.5290
vn 0.6526 0.4902 -0.5778
vn 0.7694 0.4724 -0.4299
vn 0.8614 0.4364 -0.2599
vn 0.9217 0.3812 -0.0723
vn 0.9432 0.3076 0.1253
vn 0.5686 0.5945 -0.5686
vn 0.3762 0.5970 -0.7086
vn 0.1487 0.5611 -0.8143
vn -0.0839 0.4863 -0.8697
vn -0.2904 0.3880 -0.8747
vn -0.4616 0.2826 -0.8409
vn -0.6028 0.1773 -0.7780
vn -0.7181 0.0741 -0.6920
vn -0.8082 -0.0258 -0.5884
vn -0.8733 -0.1210 -0.4719
vn 0.7157 0.5634 -0.4128
vn 0.8198 0.5132 -0.2541
vn 0.8871 0.4507 -0.0995
vn 0.9238 0.3798 0.0479
vn 0.9345 0.3026 0.1875
vn 0.6292 0.7367 -0.2477
vn 0.3764 0.8192 -0.4327
vn 0.0067 0.7943 -0.6075
vn -0.3401 0.6346 -0.6940
vn -0.5650 0.4439 -0.6955
vn -0.7025 0.2809 -0.6539
vn -0.7905 0.1482 -0.5943
vn -0.8472 0.0389 -0.5299
vn -0.8831 -0.0538 -0.4662
vn -0.9047 -0.1354 -0.4040
vn 0.7701 0.6305 -0.0972
vn 0.8465 0.5320 0.0198
vn 0.8885 0.4449 0.1129
vn 0.9107 0.3665 0.1906
vn 0.9205 0.2931 0.2585
vn 0.5385 0.7345 0.4129
vn 0.2043 0.8948 0.3969
vn -0.3244 0.9161 0.2355
vn -0.7336 0.6792 -0.0243
vn -0.8938 0.4081 -0.1859
vn -0.9428 0.2142 -0.2555
vn -0.9545 0.0819 -0.2867
vn -0.9525 -0.0140 -0.3041
vn -0.9445 -0.0892 -0.3160
vn -0.9331 -0.1529 -0.3256
vn 0.7031 0.5926 0.3931
vn 0.7894 0.4867 0.3743
vn 0.8406 0.4050 0.3597
vn 0.8745 0.3378 0.3480
vn 0.8992 0.2782 0.3377
vn 0.2584 0.4286 0.8658
vn -0.0367 0.4405 0.8970
vn -0.3822 0.4142 0.8260
vn -0.6987 0.3189 0.6404
vn -0.8906 0.1876 0.4144
vn -0.9727 0.0741 0.2200
vn -0.9976 -0.0118 0.0676
vn -0.9956 -0.0773 -0.0534
vn -0.9795 -0.1297 -0.1539
vn -0.9546 -0.1740 -0.2417
vn 0.4798 0.4004 0.7807
vn 0.6333 0.3652 0.6823
vn 0.7391 0.3284 0.5882
vn 0.8145 0.2920 0.5013
vn 0.8708 0.2562 0.4196
vn 0.0944 0.2000 0.9752
vn -0.1204 0.1753 0.9771
vn -0.3491 0.1346 0.9274
vn -0.5654 0.0760 0.8213
vn -0.7392 0.0126 0.6733
vn -0.8624 -0.0452 0.5041
vn -0.9396 -0.0947 0.3288
vn -0.9783 -0.1358 0.1563
vn -0.9855 -0.1693 -0.0094
vn -0.9662 -0.1963 -0.1671
vn 0.2918 0.2184 0.9312
vn 0.4690 0.2318 0.8522
vn 0.6206 0.2383 0.7471
vn 0.7441 0.2374 0.6244
vn 0.8408 0.2298 0.4901
vn 0.0098 0.0684 0.9976
vn -0.1603 0.0357 0.9864
vn -0.3296 -0.0019 0.9441
vn -0.4894 -0.0426 0.8710
vn -0.6333 -0.0826 0.7695
vn -0.7583 -0.1198 0.6408
vn -0.8605 -0.1532 0.4858
vn -0.9346 -0.1815 0.3061
vn -0.9734 -0.2031 0.1060
vn -0.9706 -0.2162 -0.1061
vn 0.1787 0.0985 0.9790
vn 0.3488 0.1288 0.9283
vn 0.5179 0.1584 0.8406
vn 0.6769 0.1846 0.7126
vn 0.8126 0.2039 0.5460
vn -0.0395 -0.0152 0.9991
vn -0.1810 -0.0473 0.9823
vn -0.3160 -0.0793 0.9455
vn -0.4442 -0.1105 0.8891
vn -0.5664 -0.1405 0.8120
vn -0.6832 -0.1688 0.7105
vn -0.7923 -0.1948 0.5781
vn -0.8870 -0.2168 0.4076
vn -0.9533 -0.2314 0.1942
vn -0.9706 -0.2338 -0.0567
vn -0.9155 -0.2140 -0.3408
vn 0.1091 0.0179 0.9939
vn 0.2681 0.0538 0.9619
vn 0.4400 0.0941 0.8930
vn 0.6196 0.1377 0.7727
vn 0.7875 0.1798 0.5895
vn -0.0677 -0.0730 0.9950
vn -0.1904 -0.1029 0.9763
vn -0.3051 -0.1306 0.9433
vn -0.4149 -0.1567 0.8963
vn -0.5229 -0.1815 0.8328
vn -0.6314 -0.2051 0.7478
vn -0.7406 -0.2271 0.6324
vn -0.8457 -0.2455 0.4738
vn -0.9317 -0.2556 0.2579
vn -0.9682 -0.2494 -0.0188
vn 0.0662 -0.0400 0.9970
vn 0.2157 -0.0020 0.9765
vn 0.3857 0.0434 0.9216
vn 0.5759 0.0980 0.8116
vn 0.7672 0.1582 0.6216
vn -0.0820 -0.1162 0.9898
vn -0.1930 -0.1443 0.9705
vn -0.2958 -0.1694 0.9401
vn -0.3949 -0.1925 0.8983
vn -0.4940 -0.2143 0.8426
vn -0.5964 -0.2352 0.7675
vn -0.7038 -0.2546 0.6632
vn -0.8139 -0.2705 0.5142
vn -0.9129 -0.2770 0.2998
vn -0.9647 -0.2633 0.0075
vn 0.0418 -0.0839 0.9956
vn 0.1842 -0.0451 0.9819
vn 0.3515 0.0035 0.9362
vn 0.5468 0.0653 0.8347
vn 0.7532 0.1395 0.6428
vn -0.0863 -0.1511 0.9847
vn -0.1907 -0.1782 0.9653
vn -0.2873 -0.2018 0.9363
vn -0.3807 -0.2234 0.8973
vn -0.4750 -0.2435 0.8457
vn -0.5738 -0.2626 0.7758
vn -0.6798 -0.2801 0.6778
vn -0.7923 -0.2936 0.5349
vn -0.8989 -0.2965 0.3227
vn -0.9610 -0.2755 0.0220
vn 0.0315 -0.1191 0.9924
vn 0.1693 -0.0794 0.9824
vn 0.3347 -0.0283 0.9419
vn 0.5322 0.0393 0.8457
vn 0.7464 0.1244 0.6538
vn -0.0823 -0.1813 0.9800
vn -0.1844 -0.2083 0.9605
vn -0.2789 -0.2315 0.9320
vn -0.3705 -0.2524 0.8939
vn -0.4633 -0.2716 0.8435
vn -0.5612 -0.2895 0.7754
vn -0.6670 -0.3053 0.6796
vn -0.7807 -0.3162 0.5390
vn -0.8907 -0.3147 0.3280
vn -0.9579 -0.2860 0.0252
vn 0.0333 -0.1487 0.9883
vn 0.1693 -0.1076 0.9797
vn 0.3337 -0.0535 0.9412
vn 0.5314 0.0193 0.8469
vn 0.7466 0.1131 0.6555
vn -0.0699 -0.2091 0.9754
vn -0.1738 -0.2371 0.9558
vn -0.2701 -0.2609 0.9268
vn -0.3635 -0.2819 0.8879
vn -0.4580 -0.3008 0.8365
vn -0.5575 -0.3178 0.7670
vn -0.6647 -0.3317 0.6695
vn -0.7790 -0.3392 0.5274
vn -0.8887 -0.3320 0.3162
vn -0.9554 -0.2947 0.0173
vn 0.0473 -0.1749 0.9834
vn 0.1844 -0.1311 0.9741
vn 0.3486 -0.0732 0.9344
vn 0.5438 0.0049 0.8392
vn 0.7533 0.1054 0.6492
vn -0.0477 -0.2364 0.9705
vn -0.1577 -0.2669 0.9507
vn -0.2600 -0.2924 0.9203
vn -0.3592 -0.3143 0.8788
vn -0.4590 -0.3333 0.8235
vn -0.5629 -0.3493 0.7491
vn -0.6729 -0.3606 0.6459
vn -0.7871 -0.3632 0.4985
vn -0.8925 -0.3482 0.2867
vn -0.9534 -0.3017 -0.0015
vn 0.0750 -0.1987 0.9772
vn 0.2159 -0.1506 0.9647
vn 0.3804 -0.0875 0.9207
vn 0.5698 -0.0042 0.8218
vn 0.7662 0.1009 0.6346
vn -0.0124 -0.2650 0.9642
vn -0.1337 -0.3002 0.9445
vn -0.2475 -0.3291 0.9113
vn -0.3576 -0.3528 0.8646
vn -0.4671 -0.3721 0.8021
vn -0.5786 -0.3862 0.7184
vn -0.6925 -0.3932 0.6049
vn -0.8048 -0.3881 0.4492
vn -0.9010 -0.3628 0.2378
vn -0.9513 -0.3065 -0.0316
vn 0.1199 -0.2213 0.9678
vn 0.2667 -0.1664 0.9493
vn 0.4308 -0.0965 0.8973
vn 0.6102 -0.0076 0.7922
vn 0.7859 0.0999 0.6102
vn 0.0431 -0.2973 0.9538
vn -0.0965 -0.3412 0.9350
vn -0.2303 -0.3762 0.8975
vn -0.3593 -0.4030 0.8417
vn -0.4848 -0.4218 0.7662
vn -0.6072 -0.4318 0.6669
vn -0.7247 -0.4305 0.5381
vn -0.8307 -0.4134 0.3728
vn -0.9120 -0.3745 0.1672
vn -0.9484 -0.3087 -0.0730
vn 0.1892 -0.2434 0.9513
vn 0.3424 -0.1780 0.9225
vn 0.5027 -0.0989 0.8588
vn 0.6650 -0.0044 0.7468
vn 0.8116 0.1029 0.5751
vn 0.1337 -0.3369 0.9320
vn -0.0341 -0.3977 0.9169
vn -0.2027 -0.4446 0.8725
vn -0.3653 -0.4758 0.8001
vn -0.5165 -0.4910 0.7015
vn -0.6526 -0.4902 0.5778
vn -0.7694 -0.4724 0.4299
vn -0.8614 -0.4364 0.2599
vn -0.9217 -0.3812 0.0723
vn -0.9432 -0.3076 -0.1253
vn 0.2961 -0.2649 0.9177
vn 0.4515 -0.1834 0.8732
vn 0.5989 -0.0927 0.7955
vn 0.7325 0.0064 0.6807
vn 0.8414 0.1101 0.5290
vn 0.2904 -0.3880 0.8747
vn 0.0839 -0.4863 0.8697
vn -0.1487 -0.5611 0.8143
vn -0.3762 -0.5970 0.7086
vn -0.5686 -0.5945 0.5686
vn -0.7157 -0.5634 0.4128
vn -0.8198 -0.5132 0.2541
vn -0.8871 -0.4507 0.0995
vn -0.9238 -0.3798 -0.0479
vn -0.9345 -0.3026 -0.1875
vn 0.4616 -0.2826 0.8409
vn 0.6028 -0.1773 0.7780
vn 0.7181 -0.0741 0.6920
vn 0.8082 0.0258 0.5884
vn 0.8733 0.1210 0.4719
vn 0.5650 -0.4439 0.6955
vn 0.3401 -0.6346 0.6940
vn -0.0067 -0.7943 0.6075
vn -0.3764 -0.8192 0.4327
vn -0.6292 -0.7367 0.2477
vn -0.7701 -0.6305 0.0972
vn -0.8465 -0.5320 -0.0198
vn -0.8885 -0.4449 -0.1129
vn -0.9107 -0.3665 -0.1906
vn -0.9205 -0.2931 -0.2585
vn 0.7025 -0.2809 0.6539
vn 0.7905 -0.1482 0.5943
vn 0.8472 -0.0389 0.5299
vn 0.8831 0.0538 0.4662
vn 0.9047 0.1354 0.4040
vn 0.8938 -0.4081 0.1859
vn 0.3244 -0.9161 -0.2354
vn -0.7894 -0.4867 -0.3743
vn -0.8406 -0.4050 -0.3597
vn 0.9545 -0.0819 0.2867
vn 0.9445 0.0892 0.3160
vn 0.9331 0.1529 0.3256
vn 0.5535 -0.7356 -0.3906
vn 0.5646 -0.7656 -0.3084
vn 0.5711 -0.7882 -0.2295
vn 0.5737 -0.8054 -0.1491
vn 0.5722 -0.8177 -0.0622
vn 0.5652 -0.8241 0.0377
vn 0.5487 -0.8205 0.1604
vn 0.5137 -0.7960 0.3203
vn 0.4382 -0.7221 0.5353
vn 0.2791 -0.5363 0.7965
vn 0.3359 -0.4805 0.8101
vn 0.5374 -0.6268 0.5643
vn 0.6380 -0.6839 0.3539
vn 0.6869 -0.7005 0.1936
vn 0.7109 -0.6999 0.0689
vn 0.7221 -0.6910 -0.0336
vn 0.7255 -0.6771 -0.1232
vn 0.7234 -0.6589 -0.2063
vn 0.7160 -0.6359 -0.2880
vn 0.7023 -0.6062 -0.3731
vn 0.6796 -0.5659 -0.4668
vn 0.6413 -0.5077 -0.5753
vn 0.5737 -0.4173 -0.7048
vn 0.4479 -0.2686 -0.8528
vn 0.2348 -0.0488 -0.9708
vn 0.2847 0.0170 -0.9585
vn 0.5276 -0.1530 -0.8356
vn 0.6746 -0.2736 -0.6856
vn 0.7554 -0.3513 -0.5531
vn 0.8015 -0.4033 -0.4415
vn 0.8288 -0.4407 -0.3447
vn 0.8449 -0.4693 -0.2568
vn 0.8532 -0.4923 -0.1724
vn 0.8549 -0.5114 -0.0868
vn 0.8496 -0.5274 0.0050
vn 0.8345 -0.5400 0.1095
vn 0.8033 -0.5471 0.2354
vn 0.7418 -0.5423 0.3946
vn 0.6191 -0.5088 0.5983
vn 0.3838 -0.4119 0.8264
vn 0.4194 -0.3322 0.8448
vn 0.6768 -0.3722 0.6352
vn 0.8155 -0.3760 0.4399
vn 0.8867 -0.3653 0.2834
vn 0.9235 -0.3498 0.1577
vn 0.9417 -0.3324 0.0524
vn 0.9486 -0.3139 -0.0408
vn 0.9472 -0.2939 -0.1281
vn 0.9383 -0.2715 -0.2144
vn 0.9204 -0.2452 -0.3046
vn 0.8897 -0.2125 -0.4040
vn 0.8380 -0.1694 -0.5187
vn 0.7480 -0.1090 -0.6547
vn 0.5868 -0.0214 -0.8094
vn 0.3213 0.0955 -0.9422
vn 0.7871 0.0692 -0.6129
vn 0.9347 -0.0048 -0.3554
vn 0.9851 -0.0548 -0.1628
vn 0.9952 -0.0970 0.0121
vn 0.9874 -0.1182 0.1054
vn 0.9674 -0.1410 0.2102
vn 0.7048 -0.2245 0.6729
vn 0.4384 -0.2447 0.8648
vn 0.5355 -0.6940 -0.4813
vn 0.5055 -0.6326 -0.5867
vn 0.4527 -0.5343 -0.7138
vn 0.3527 -0.3652 -0.8616
vn 0.1768 -0.1008 -0.9791
vn -0.0517 0.1830 -0.9818
vn 0.3931 -0.8285 -0.3989
vn 0.4019 -0.8582 -0.3192
vn 0.4076 -0.8803 -0.2428
vn 0.4106 -0.8968 -0.1650
vn 0.4110 -0.9080 -0.0807
vn 0.4079 -0.9129 0.0167
vn 0.3987 -0.9068 0.1370
vn 0.3771 -0.8777 0.2956
vn 0.3276 -0.7934 0.5131
vn 0.2161 -0.5790 0.7862
vn 0.3794 -0.7868 -0.4869
vn 0.3574 -0.7242 -0.5898
vn 0.3190 -0.6220 -0.7151
vn 0.2461 -0.4401 -0.8636
vn 0.1139 -0.1399 -0.9836
vn 0.2282 -0.8877 -0.3998
vn 0.2351 -0.9171 -0.3221
vn 0.2400 -0.9386 -0.2477
vn 0.2435 -0.9546 -0.1718
vn 0.2456 -0.9652 -0.0896
vn 0.2460 -0.9692 0.0056
vn 0.2434 -0.9620 0.1237
vn 0.2345 -0.9307 0.2806
vn 0.2103 -0.8407 0.4991
vn 0.1489 -0.6081 0.7798
vn 0.2184 -0.8463 -0.4859
vn 0.2034 -0.7837 -0.5869
vn 0.1783 -0.6801 -0.7111
vn 0.1320 -0.4916 -0.8608
vn 0.0481 -0.1665 -0.9849
vn 0.0629 -0.9166 -0.3948
vn 0.0680 -0.9455 -0.3183
vn 0.0724 -0.9668 -0.2451
vn 0.0763 -0.9824 -0.1705
vn 0.0800 -0.9928 -0.0897
vn 0.0836 -0.9965 0.0040
vn 0.0871 -0.9889 0.1205
vn 0.0900 -0.9569 0.2760
vn 0.0899 -0.8648 0.4940
vn 0.0794 -0.6234 0.7779
vn 0.0565 -0.8756 -0.4798
vn 0.0479 -0.8133 -0.5799
vn 0.0350 -0.7097 -0.7036
vn 0.0141 -0.5189 -0.8547
vn -0.0193 -0.1809 -0.9833
vn -0.1009 -0.9174 -0.3849
vn -0.0974 -0.9462 -0.3087
vn -0.0936 -0.9673 -0.2359
vn -0.0892 -0.9828 -0.1617
vn -0.0839 -0.9931 -0.0814
vn -0.0772 -0.9969 0.0116
vn -0.0679 -0.9895 0.1273
vn -0.0539 -0.9580 0.2817
vn -0.0305 -0.8664 0.4984
vn 0.0095 -0.6249 0.7807
vn -0.1041 -0.8767 -0.4696
vn -0.1069 -0.8149 -0.5696
vn -0.1082 -0.7120 -0.6938
vn -0.1047 -0.5220 -0.8465
vn -0.0871 -0.1828 -0.9793
vn -0.2623 -0.8911 -0.3702
vn -0.2603 -0.9198 -0.2935
vn -0.2569 -0.9410 -0.2202
vn -0.2520 -0.9567 -0.1457
vn -0.2452 -0.9673 -0.0651
vn -0.2354 -0.9715 0.0282
vn -0.2203 -0.9648 0.1438
vn -0.1950 -0.9346 0.2976
vn -0.1485 -0.8460 0.5121
vn -0.0591 -0.6126 0.7882
vn -0.2624 -0.8506 -0.4556
vn -0.2593 -0.7893 -0.5566
vn -0.2491 -0.6875 -0.6821
vn -0.2214 -0.5010 -0.8366
vn -0.1540 -0.1722 -0.9730
vn -0.4200 -0.8370 -0.3507
vn -0.4196 -0.8658 -0.2726
vn -0.4166 -0.8872 -0.1980
vn -0.4112 -0.9033 -0.1223
vn -0.4027 -0.9144 -0.0405
vn -0.3895 -0.9194 0.0537
vn -0.3683 -0.9140 0.1700
vn -0.3315 -0.8863 0.3235
vn -0.2615 -0.8034 0.5349
vn -0.1244 -0.5867 0.8002
vn -0.4168 -0.7966 -0.4378
vn -0.4075 -0.7359 -0.5407
vn -0.3855 -0.6362 -0.6683
vn -0.3333 -0.4566 -0.8249
vn -0.2186 -0.1490 -0.9644
vn -0.5716 -0.7531 -0.3258
vn -0.5730 -0.7820 -0.2454
vn -0.5705 -0.8038 -0.1688
vn -0.5644 -0.8204 -0.0912
vn -0.5540 -0.8325 -0.0076
vn -0.5372 -0.8388 0.0883
vn -0.5094 -0.8356 0.2058
vn -0.4603 -0.8119 0.3591
vn -0.3667 -0.7385 0.5658
vn -0.1848 -0.5476 0.8161
vn -0.5649 -0.7130 -0.4154
vn -0.5490 -0.6536 -0.5211
vn -0.5143 -0.5575 -0.6517
vn -0.4373 -0.3892 -0.8107
vn -0.2794 -0.1132 -0.9535
vn -0.7125 -0.6368 -0.2947
vn -0.7158 -0.6655 -0.2114
vn -0.7139 -0.6877 -0.1321
vn -0.7071 -0.7052 -0.0521
vn -0.6947 -0.7185 0.0338
vn -0.6739 -0.7270 0.1317
vn -0.6390 -0.7273 0.2505
vn -0.5772 -0.7101 0.4032
vn -0.4603 -0.6510 0.6036
vn -0.2386 -0.4957 0.8351
vn -0.7019 -0.5976 -0.3874
vn -0.6789 -0.5407 -0.4967
vn -0.6311 -0.4512 -0.6310
vn -0.5301 -0.3002 -0.7930
vn -0.3349 -0.0647 -0.9400
vn -0.8351 -0.4867 -0.2565
vn -0.8403 -0.5148 -0.1700
vn -0.8389 -0.5371 -0.0878
vn -0.8315 -0.5555 -0.0051
vn -0.8169 -0.5707 0.0831
vn -0.7921 -0.5823 0.1830
vn -0.7502 -0.5878 0.3028
vn -0.6760 -0.5805 0.4539
vn -0.5377 -0.5416 0.6462
vn -0.2838 -0.4317 0.8562
vn -0.8205 -0.4497 -0.3528
vn -0.7904 -0.3974 -0.4662
vn -0.7301 -0.3182 -0.6047
vn -0.6080 -0.1913 -0.7705
vn -0.3824 -0.0032 -0.9240
vn -0.9287 -0.3050 -0.2111
vn -0.9356 -0.3315 -0.1215
vn -0.9347 -0.3536 -0.0366
vn -0.9265 -0.3730 0.0485
vn -0.9101 -0.3905 0.1387
vn -0.8817 -0.4063 0.2400
vn -0.8334 -0.4192 0.3601
vn -0.7487 -0.4253 0.5084
vn -0.5935 -0.4128 0.6909
vn -0.3180 -0.3565 0.8785
vn -0.9108 -0.2716 -0.3110
vn -0.8747 -0.2266 -0.4285
vn -0.8044 -0.1619 -0.5716
vn -0.6667 -0.0649 -0.7425
vn -0.4182 0.0710 -0.9056
vn -0.9822 -0.0993 -0.1597
vn -0.9901 -0.1233 -0.0677
vn -0.9893 -0.1448 0.0192
vn -0.9806 -0.1652 0.1059
vn -0.9626 -0.1854 0.1973
vn -0.9316 -0.2064 0.2991
vn -0.8791 -0.2285 0.4183
vn -0.7875 -0.2512 0.5628
vn -0.6222 -0.2701 0.7348
vn -0.3378 -0.2722 0.9010
vn -0.9623 -0.0709 -0.2626
vn -0.9228 -0.0353 -0.3837
vn -0.8469 0.0119 -0.5317
vn -0.7007 0.0757 -0.7095
vn -0.4380 0.1554 -0.8855
vn -0.9874 0.1182 -0.1054
vn -0.9952 0.0970 -0.0121
vn -0.9942 0.0762 0.0756
vn -0.9851 0.0548 0.1628
vn -0.9666 0.0315 0.2542
vn -0.9347 0.0048 0.3554
vn -0.8808 -0.0278 0.4727
vn -0.7871 -0.0692 0.6129
vn -0.6199 -0.1221 0.7751
vn -0.3396 -0.1829 0.9226
vn -0.9674 0.1410 -0.2102
vn -0.9277 0.1664 -0.3341
vn -0.8515 0.1949 -0.4867
vn -0.7048 0.2245 -0.6729
vn -0.4384 0.2447 -0.8648
vn -0.9417 0.3324 -0.0524
vn -0.9486 0.3139 0.0408
vn -0.9472 0.2939 0.1281
vn -0.9383 0.2715 0.2144
vn -0.9204 0.2452 0.3046
vn -0.8897 0.2125 0.4040
vn -0.8380 0.1694 0.5187
vn -0.7480 0.1090 0.6547
vn -0.5868 0.0214 0.8094
vn -0.3213 -0.0955 0.9422
vn -0.9235 0.3498 -0.1577
vn -0.8867 0.3653 -0.2834
vn -0.8155 0.3760 -0.4399
vn -0.6768 0.3722 -0.6352
vn -0.4194 0.3322 -0.8449
vn -0.8496 0.5274 -0.0050
vn -0.8549 0.5114 0.0868
vn -0.8532 0.4923 0.1724
vn -0.8449 0.4693 0.2568
vn -0.8288 0.4407 0.3447
vn -0.8015 0.4033 0.4415
vn -0.7554 0.3513 0.5531
vn -0.6746 0.2736 0.6856
vn -0.5276 0.1530 0.8356
vn -0.2847 -0.0170 0.9585
vn -0.8345 0.5400 -0.1095
vn -0.8033 0.5471 -0.2354
vn -0.7418 0.5423 -0.3946
vn -0.6191 0.5088 -0.5983
vn -0.3838 0.4119 -0.8264
vn -0.7221 0.6910 0.0336
vn -0.7255 0.6771 0.1232
vn -0.7234 0.6589 0.2063
vn -0.7160 0.6359 0.2880
vn -0.7023 0.6062 0.3731
vn -0.6796 0.5659 0.4668
vn -0.6413 0.5078 0.5753
vn -0.5737 0.4173 0.7048
vn -0.4479 0.2686 0.8528
vn -0.2348 0.0488 0.9708
vn -0.7109 0.6999 -0.0689
vn -0.6869 0.7005 -0.1936
vn -0.6380 0.6839 -0.3539
vn -0.5374 0.6268 -0.5643
vn -0.3359 0.4804 -0.8101
vn -0.5722 0.8177 0.0622
vn -0.5737 0.8054 0.1491
vn -0.5711 0.7882 0.2295
vn -0.5646 0.7656 0.3084
vn -0.5535 0.7356 0.3906
vn -0.5355 0.6940 0.4813
vn -0.5055 0.6326 0.5867
vn -0.4527 0.5343 0.7138
vn -0.3527 0.3652 0.8615
vn -0.1768 0.1008 0.9791
vn 0.0517 -0.1830 0.9818
vn -0.5652 0.8241 -0.0377
vn -0.5487 0.8205 -0.1604
vn -0.5137 0.7960 -0.3203
vn -0.4382 0.7221 -0.5353
vn -0.2791 0.5363 -0.7965
vn -0.4110 0.9080 0.0807
vn -0.4106 0.8968 0.1650
vn -0.4076 0.8803 0.2428
vn -0.4019 0.8582 0.3192
vn -0.3931 0.8285 0.3989
vn -0.3794 0.7868 0.4869
vn -0.3574 0.7242 0.5898
vn -0.3189 0.6220 0.7151
vn -0.2461 0.4401 0.8636
vn -0.1139 0.1399 0.9836
vn -0.4079 0.9129 -0.0167
vn -0.3987 0.9068 -0.1370
vn -0.3771 0.8777 -0.2956
vn -0.3276 0.7934 -0.5131
vn -0.2161 0.5790 -0.7862
vn -0.2456 0.9652 0.0896
vn -0.2435 0.9546 0.1718
vn -0.2400 0.9386 0.2477
vn -0.2351 0.9171 0.3221
vn -0.2282 0.8877 0.3998
vn -0.2184 0.8463 0.4859
vn -0.2034 0.7837 0.5869
vn -0.1783 0.6801 0.7111
vn -0.1320 0.4916 0.8608
vn -0.0481 0.1665 0.9849
vn -0.2460 0.9692 -0.0056
vn -0.2434 0.9620 -0.1237
vn -0.2345 0.9307 -0.2807
vn -0.2102 0.8407 -0.4991
vn -0.1489 0.6081 -0.7798
vn -0.0800 0.9928 0.0897
vn -0.0763 0.9824 0.1705
vn -0.0724 0.9668 0.2451
vn -0.0680 0.9455 0.3183
vn -0.0629 0.9166 0.3948
vn -0.0565 0.8756 0.4798
vn -0.0479 0.8133 0.5799
vn -0.0350 0.7097 0.7036
vn -0.0141 0.5189 0.8547
vn 0.0193 0.1809 0.9833
vn -0.0836 0.9965 -0.0040
vn -0.0871 0.9889 -0.1205
vn -0.0900 0.9569 -0.2760
vn -0.0899 0.8648 -0.4940
vn -0.0794 0.6234 -0.7779
vn 0.0839 0.9931 0.0814
vn 0.0892 0.9828 0.1617
vn 0.0936 0.9673 0.2359
vn 0.0974 0.9462 0.3087
vn 0.1009 0.9174 0.3849
vn 0.1041 0.8767 0.4696
vn 0.1069 0.8149 0.5696
vn 0.1082 0.7120 0.6938
vn 0.1047 0.5220 0.8465
vn 0.0871 0.1828 0.9793
vn 0.0772 0.9969 -0.0116
vn 0.0679 0.9895 -0.1273
vn 0.0539 0.9580 -0.2817
vn 0.0305 0.8664 -0.4984
vn -0.0095 0.6249 -0.7807
vn 0.2452 0.9673 0.0651
vn 0.2520 0.9567 0.1457
vn 0.2569 0.9410 0.2202
vn 0.2603 0.9198 0.2935
vn 0.2623 0.8911 0.3702
vn 0.2624 0.8506 0.4556
vn 0.2593 0.7893 0.5566
vn 0.2491 0.6875 0.6821
vn 0.2214 0.5010 0.8366
vn 0.1540 0.1722 0.9730
vn 0.2354 0.9715 -0.0282
vn 0.2203 0.9648 -0.1438
vn 0.1950 0.9346 -0.2976
vn 0.1485 0.8460 -0.5121
vn 0.0591 0.6126 -0.7882
vn 0.4027 0.9144 0.0405
vn 0.4112 0.9033 0.1223
vn 0.4166 0.8872 0.1980
vn 0.4196 0.8658 0.2726
vn 0.4200 0.8370 0.3507
vn 0.4168 0.7966 0.4378
vn 0.4075 0.7359 0.5407
vn 0.3855 0.6362 0.6683
vn 0.3333 0.4566 0.8249
vn 0.2186 0.1490 0.9644
vn 0.3895 0.9194 -0.0537
vn 0.3683 0.9140 -0.1700
vn 0.3315 0.8862 -0.3236
vn 0.2615 0.8035 -0.5349
vn 0.1244 0.5867 -0.8002
vn 0.5540 0.8325 0.0076
vn 0.5644 0.8204 0.0912
vn 0.5705 0.8038 0.1688
vn 0.5730 0.7820 0.2454
vn 0.5716 0.7531 0.3258
vn 0.5649 0.7130 0.4154
vn 0.5490 0.6536 0.5211
vn 0.5143 0.5575 0.6517
vn 0.4373 0.3892 0.8107
vn 0.2794 0.1132 0.9535
vn 0.5372 0.8388 -0.0883
vn 0.5094 0.8356 -0.2058
vn 0.4603 0.8119 -0.3591
vn 0.3667 0.7385 -0.5658
vn 0.1848 0.5476 -0.8161
vn 0.6947 0.7185 -0.0338
vn 0.7071 0.7052 0.0521
vn 0.7139 0.6877 0.1321
vn 0.7158 0.6655 0.2114
vn 0.7125 0.6368 0.2947
vn 0.7019 0.5976 0.3874
vn 0.6789 0.5407 0.4967
vn 0.6311 0.4512 0.6310
vn 0.5301 0.3002 0.7930
vn 0.3349 0.0647 0.9400
vn 0.6739 0.7270 -0.1317
vn 0.6390 0.7273 -0.2505
vn 0.5772 0.7101 -0.4032
vn 0.4603 0.6510 -0.6036
vn 0.2386 0.4957 -0.8351
vn 0.8169 0.5707 -0.0831
vn 0.8315 0.5555 0.0051
vn 0.8389 0.5371 0.0878
vn 0.8403 0.5148 0.1700
vn 0.8351 0.4867 0.2565
vn 0.8205 0.4497 0.3528
vn 0.7904 0.3974 0.4662
vn 0.7301 0.3182 0.6047
vn 0.6080 0.1913 0.7705
vn 0.3824 0.0032 0.9240
vn 0.7921 0.5823 -0.1830
vn 0.7502 0.5878 -0.3028
vn 0.6760 0.5805 -0.4540
vn 0.5377 0.5416 -0.6462
vn 0.2838 0.4317 -0.8562
vn 0.9101 0.3906 -0.1387
vn 0.9265 0.3730 -0.0485
vn 0.9347 0.3536 0.0366
vn 0.9356 0.3315 0.1215
vn 0.9287 0.3050 0.2111
vn 0.9108 0.2716 0.3110
vn 0.8747 0.2266 0.4285
vn 0.8044 0.1619 0.5716
vn 0.6667 0.0649 0.7425
vn 0.4183 -0.0710 0.9055
vn 0.8817 0.4063 -0.2400
vn 0.8334 0.4192 -0.3601
vn 0.7487 0.4253 -0.5084
vn 0.5935 0.4128 -0.6909
vn 0.3180 0.3565 -0.8785
vn 0.9626 0.1854 -0.1973
vn 0.9806 0.1652 -0.1059
vn 0.9893 0.1448 -0.0192
vn 0.9901 0.1233 0.0677
vn 0.9822 0.0993 0.1597
vn 0.9623 0.0709 0.2626
vn 0.9228 0.0353 0.3838
vn 0.8469 -0.0119 0.5317
vn 0.7007 -0.0757 0.7095
vn 0.4380 -0.1554 0.8855
vn 0.9316 0.2064 -0.2991
vn 0.8791 0.2285 -0.4183
vn 0.7875 0.2512 -0.5628
vn 0.6221 0.2701 -0.7348
vn 0.3378 0.2722 -0.9010
vn 0.9666 -0.0315 -0.2542
vn 0.9942 -0.0762 -0.0756
vn 0.9277 -0.1664 0.3341
vn 0.8515 -0.1949 0.4867
vn 0.8808 0.0278 -0.4727
vn 0.6199 0.1221 -0.7751
vn 0.3396 0.1829 -0.9226
vn 0.3359 -0.4804 0.8101
vn 0.6191 -0.5088 0.5982
vn 0.6768 -0.3722 0.6351
vn 0.3527 -0.3652 -0.8615
vn 0.4075 -0.8803 -0.2428
vn 0.3771 -0.8778 0.2956
vn 0.3189 -0.6220 -0.7151
vn 0.2102 -0.8407 0.4991
vn 0.0140 -0.5189 -0.8547
vn 0.0095 -0.6249 0.7806
vn -0.0590 -0.6126 0.7882
vn -0.3315 -0.8863 0.3236
vn -0.2185 -0.1490 -0.9644
vn -0.7020 -0.5976 -0.3874
vn -0.4183 0.0710 -0.9055
vn -0.4380 0.1554 -0.8854
vn -0.9277 0.1664 -0.3342
vn -0.8515 0.1950 -0.4867
vn -0.7480 0.1089 0.6547
vn -0.4194 0.3322 -0.8448
vn -0.6191 0.5088 -0.5982
vn -0.3771 0.8777 -0.2955
vn -0.0140 0.5189 0.8547
vn 0.0892 0.9828 0.1618
vn -0.0094 0.6249 -0.7807
vn 0.3315 0.8863 -0.3236
vn 0.7020 0.5976 0.3874
vn 0.6760 0.5805 -0.4539
vn 0.9101 0.3905 -0.1387
vn 0.4182 -0.0710 0.9056
vn 0.9228 0.0353 0.3837
vn 0.3359 -0.4804 0.8102
vn 0.7024 -0.6062 -0.3731
vn 0.8345 -0.5401 0.1095
vn 0.4194 -0.3322 0.8449
vn 0.5355 -0.6940 -0.4812
vn 0.3573 -0.7242 -0.5898
vn 0.2345 -0.9307 0.2807
vn 0.2103 -0.8407 0.4990
vn 0.1488 -0.6081 0.7798
vn -0.8206 -0.4497 -0.3528
vn -0.8791 -0.2285 0.4182
vn -0.6868 0.7005 -0.1936
vn -0.5373 0.6268 -0.5643
vn -0.1488 0.6081 -0.7798
vn 0.2521 0.9567 0.1457
vn 0.2592 0.7893 0.5566
vn 0.3315 0.8863 -0.3235
vn 0.2615 0.8034 -0.5349
vn 0.6666 0.0649 0.7425
vn 0.4380 -0.1554 0.8854
vn 0.6222 0.2701 -0.7348
vn 0.6199 0.1221 -0.7752
vn 0.5723 -0.8177 -0.0622
vn 0.9347 -0.0048 -0.3553
vn -0.2795 -0.1132 -0.9535
vn -0.6390 -0.7272 0.2505
vn -0.7019 -0.5977 -0.3874
vn -0.7502 -0.5879 0.3028
vn -0.9101 -0.3906 0.1387
vn -0.2349 0.0488 0.9708
vn -0.3359 0.4804 -0.8102
vn -0.5355 0.6940 0.4812
vn -0.3573 0.7242 0.5898
vn 0.0590 0.6126 -0.7882
vn 0.7502 0.5879 -0.3028
vn 0.6413 -0.5078 -0.5753
vn 0.0837 -0.9965 0.0040
vn -0.0892 -0.9828 -0.1618
vn -0.2186 -0.1489 -0.9644
vn -0.9316 -0.2063 0.2991
vn -0.3838 0.4119 -0.8265
vn -0.7024 0.6062 0.3731
vn -0.5647 0.7656 0.3084
vn -0.2103 0.8407 -0.4991
vn -0.1489 0.6080 -0.7798
vn 0.8334 0.4192 -0.3600
vn 0.3378 0.2721 -0.9010
vn 0.3213 0.0956 -0.9422
vn -0.7417 0.5423 -0.3946
vn -0.6413 0.5077 0.5753
vn -0.3771 0.8778 -0.2955
vn 0.2185 0.1490 0.9644
vn 0.1849 0.5476 -0.8161
vn 0.7417 -0.5423 0.3946
vn 0.4384 -0.2448 0.8648
vn -0.6199 -0.1221 0.7752
vt 0.833674 0.346429
vt 0.821031 0.321143
vt 0.833674 0.321143
vt 0.833674 0.118854
vt 0.821031 0.144140
vt 0.821031 0.118854
vt 0.821031 0.295857
vt 0.833674 0.295857
vt 0.833674 0.093568
vt 0.821031 0.093568
vt 0.821031 0.270571
vt 0.833674 0.270571
vt 0.833674 0.447574
vt 0.827353 0.472860
vt 0.821031 0.447574
vt 0.827353 0.068282
vt 0.833674 0.245285
vt 0.821031 0.245285
vt 0.821031 0.422288
vt 0.833674 0.422288
vt 0.833674 0.219999
vt 0.821031 0.219999
vt 0.821031 0.397002
vt 0.833674 0.397002
vt 0.833674 0.194712
vt 0.821031 0.194712
vt 0.821031 0.371716
vt 0.833674 0.371716
vt 0.833674 0.169426
vt 0.821031 0.169426
vt 0.821031 0.346429
vt 0.833674 0.144140
vt 0.808388 0.194712
vt 0.808388 0.169426
vt 0.808388 0.346429
vt 0.808388 0.144140
vt 0.808388 0.321143
vt 0.808388 0.118854
vt 0.808388 0.295857
vt 0.808388 0.093568
vt 0.808388 0.270571
vt 0.814710 0.472860
vt 0.808388 0.447574
vt 0.814710 0.068282
vt 0.808388 0.245285
vt 0.808388 0.422288
vt 0.808388 0.219999
vt 0.808388 0.397002
vt 0.808388 0.371716
vt 0.802066 0.068282
vt 0.795745 0.093568
vt 0.795745 0.270571
vt 0.795745 0.245285
vt 0.795745 0.422288
vt 0.795745 0.219999
vt 0.795745 0.397002
vt 0.795745 0.194712
vt 0.795745 0.371716
vt 0.795745 0.169426
vt 0.795745 0.346429
vt 0.795745 0.144140
vt 0.795745 0.321143
vt 0.795745 0.118854
vt 0.795745 0.295857
vt 0.802066 0.472860
vt 0.795745 0.447574
vt 0.783102 0.169426
vt 0.783102 0.144140
vt 0.783102 0.321143
vt 0.783102 0.118854
vt 0.783102 0.295857
vt 0.783102 0.093568
vt 0.783102 0.270571
vt 0.789423 0.472860
vt 0.783102 0.447574
vt 0.789423 0.068282
vt 0.783102 0.245285
vt 0.783102 0.422288
vt 0.783102 0.219999
vt 0.783102 0.397002
vt 0.783102 0.194712
vt 0.783102 0.371716
vt 0.783102 0.346429
vt 0.770459 0.422288
vt 0.770459 0.245285
vt 0.770459 0.219999
vt 0.770459 0.397002
vt 0.770459 0.194712
vt 0.770459 0.371716
vt 0.770459 0.169426
vt 0.770459 0.346429
vt 0.770459 0.144140
vt 0.770459 0.321143
vt 0.770459 0.118854
vt 0.770459 0.295857
vt 0.770459 0.093568
vt 0.770459 0.270571
vt 0.776780 0.472860
vt 0.770459 0.447574
vt 0.776780 0.068282
vt 0.757816 0.321143
vt 0.757816 0.144140
vt 0.757816 0.118854
vt 0.757816 0.295857
vt 0.757816 0.093568
vt 0.757816 0.270571
vt 0.764137 0.472860
vt 0.757816 0.447574
vt 0.764137 0.068282
vt 0.757816 0.245285
vt 0.757816 0.422288
vt 0.757816 0.219999
vt 0.757816 0.397002
vt 0.757816 0.194712
vt 0.757816 0.371716
vt 0.757816 0.169426
vt 0.757816 0.346429
vt 0.745172 0.245285
vt 0.745172 0.219999
vt 0.745172 0.397002
vt 0.745172 0.194712
vt 0.745172 0.371716
vt 0.745172 0.169426
vt 0.745172 0.346429
vt 0.745172 0.144140
vt 0.745172 0.321143
vt 0.745172 0.118854
vt 0.745172 0.295857
vt 0.745172 0.093568
vt 0.745172 0.270571
vt 0.751494 0.472860
vt 0.745172 0.447574
vt 0.751494 0.068282
vt 0.745172 0.422288
vt 0.732529 0.144140
vt 0.732529 0.118854
vt 0.732529 0.295857
vt 0.732529 0.093568
vt 0.732529 0.270571
vt 0.738851 0.472860
vt 0.732529 0.447574
vt 0.738851 0.068282
vt 0.732529 0.245285
vt 0.732529 0.422288
vt 0.732529 0.219999
vt 0.732529 0.397002
vt 0.732529 0.194712
vt 0.732529 0.371716
vt 0.732529 0.169426
vt 0.732529 0.346429
vt 0.732529 0.321143
vt 0.719886 0.422288
vt 0.719886 0.397002
vt 0.719886 0.194712
vt 0.719886 0.371716
vt 0.719886 0.169426
vt 0.719886 0.346429
vt 0.719886 0.144140
vt 0.719886 0.321143
vt 0.719886 0.118854
vt 0.719886 0.295857
vt 0.719886 0.093568
vt 0.719886 0.270571
vt 0.726208 0.472860
vt 0.719886 0.447574
vt 0.726208 0.068282
vt 0.719886 0.245285
vt 0.719886 0.219999
vt 0.707243 0.321143
vt 0.707243 0.295857
vt 0.707243 0.093568
vt 0.707243 0.270571
vt 0.713565 0.472860
vt 0.707243 0.447574
vt 0.713565 0.068282
vt 0.707243 0.245285
vt 0.707243 0.422288
vt 0.707243 0.219999
vt 0.707243 0.397002
vt 0.707243 0.194712
vt 0.707243 0.371716
vt 0.707243 0.169426
vt 0.707243 0.346429
vt 0.707243 0.144140
vt 0.707243 0.118854
vt 0.694600 0.194712
vt 0.694600 0.397002
vt 0.694600 0.371716
vt 0.694600 0.169426
vt 0.694600 0.346429
vt 0.694600 0.144140
vt 0.694600 0.321143
vt 0.694600 0.118854
vt 0.694600 0.295857
vt 0.694600 0.093568
vt 0.694600 0.270571
vt 0.700922 0.472860
vt 0.694600 0.447574
vt 0.700922 0.068282
vt 0.694600 0.245285
vt 0.694600 0.422288
vt 0.694600 0.219999
vt 0.681957 0.093568
vt 0.681957 0.295857
vt 0.681957 0.270571
vt 0.688279 0.472860
vt 0.681957 0.447574
vt 0.688279 0.068282
vt 0.681957 0.245285
vt 0.681957 0.422288
vt 0.681957 0.219999
vt 0.681957 0.397002
vt 0.681957 0.194712
vt 0.681957 0.371716
vt 0.681957 0.169426
vt 0.681957 0.346429
vt 0.681957 0.144140
vt 0.681957 0.321143
vt 0.681957 0.118854
vt 0.669314 0.169426
vt 0.669314 0.371716
vt 0.669314 0.346429
vt 0.669314 0.144140
vt 0.669314 0.321143
vt 0.669314 0.118854
vt 0.669314 0.295857
vt 0.669314 0.093568
vt 0.669314 0.270571
vt 0.675636 0.472860
vt 0.669314 0.447574
vt 0.675636 0.068282
vt 0.669314 0.245285
vt 0.669314 0.422288
vt 0.669314 0.219999
vt 0.669314 0.397002
vt 0.669314 0.194712
vt 0.662993 0.472860
vt 0.656671 0.447574
vt 0.662993 0.068282
vt 0.656671 0.093568
vt 0.656671 0.245285
vt 0.656671 0.422288
vt 0.656671 0.219999
vt 0.656671 0.397002
vt 0.656671 0.194712
vt 0.656671 0.371716
vt 0.656671 0.169426
vt 0.656671 0.346429
vt 0.656671 0.144140
vt 0.656671 0.321143
vt 0.656671 0.118854
vt 0.656671 0.295857
vt 0.656671 0.270571
vt 0.644028 0.371716
vt 0.644028 0.346429
vt 0.644028 0.144140
vt 0.644028 0.321143
vt 0.644028 0.118854
vt 0.644028 0.295857
vt 0.644028 0.093568
vt 0.644028 0.270571
vt 0.650349 0.472860
vt 0.644028 0.447574
vt 0.650349 0.068282
vt 0.644028 0.245285
vt 0.644028 0.422288
vt 0.644028 0.219999
vt 0.644028 0.397002
vt 0.644028 0.194712
vt 0.644028 0.169426
vt 0.631385 0.245285
vt 0.631385 0.447574
vt 0.631385 0.422288
vt 0.631385 0.219999
vt 0.631385 0.397002
vt 0.631385 0.194712
vt 0.631385 0.371716
vt 0.631385 0.169426
vt 0.631385 0.346429
vt 0.631385 0.144140
vt 0.631385 0.321143
vt 0.631385 0.118854
vt 0.631385 0.295857
vt 0.631385 0.093568
vt 0.631385 0.270571
vt 0.637706 0.472860
vt 0.637706 0.068282
vt 0.618742 0.169426
vt 0.618742 0.144140
vt 0.618742 0.321143
vt 0.618742 0.118854
vt 0.618742 0.295857
vt 0.618742 0.093568
vt 0.618742 0.270571
vt 0.625063 0.472860
vt 0.618742 0.447574
vt 0.625063 0.068282
vt 0.618742 0.245285
vt 0.618742 0.422288
vt 0.618742 0.219999
vt 0.618742 0.397002
vt 0.618742 0.194712
vt 0.618742 0.371716
vt 0.618742 0.346429
vt 0.606099 0.422288
vt 0.606099 0.245285
vt 0.606099 0.219999
vt 0.606099 0.397002
vt 0.606099 0.194712
vt 0.606099 0.371716
vt 0.606099 0.169426
vt 0.606099 0.346429
vt 0.606099 0.144140
vt 0.606099 0.321143
vt 0.606099 0.118854
vt 0.606099 0.295857
vt 0.606099 0.093568
vt 0.606099 0.270571
vt 0.612420 0.472860
vt 0.606099 0.447574
vt 0.612420 0.068282
vt 0.593456 0.321143
vt 0.593455 0.144140
vt 0.593455 0.118854
vt 0.593455 0.295857
vt 0.593456 0.093568
vt 0.593455 0.270571
vt 0.599777 0.472860
vt 0.593456 0.447574
vt 0.599777 0.068282
vt 0.593455 0.245285
vt 0.593455 0.422288
vt 0.593456 0.219999
vt 0.593455 0.397002
vt 0.593455 0.194712
vt 0.593455 0.371716
vt 0.593455 0.169426
vt 0.593455 0.346429
vt 0.580812 0.245285
vt 0.580812 0.219999
vt 0.580812 0.397002
vt 0.580812 0.194712
vt 0.580812 0.371716
vt 0.580812 0.169426
vt 0.580812 0.346429
vt 0.580812 0.144140
vt 0.580812 0.321143
vt 0.580812 0.118854
vt 0.580812 0.295857
vt 0.580812 0.093568
vt 0.580812 0.270571
vt 0.587134 0.472860
vt 0.580812 0.447574
vt 0.587134 0.068282
vt 0.580812 0.422288
vt 0.568169 0.144140
vt 0.568169 0.118854
vt 0.568169 0.295857
vt 0.568169 0.093568
vt 0.568169 0.270571
vt 0.574491 0.472860
vt 0.568169 0.447574
vt 0.574491 0.068282
vt 0.568169 0.245285
vt 0.568169 0.422288
vt 0.568169 0.219999
vt 0.568169 0.397002
vt 0.568169 0.194712
vt 0.568169 0.371716
vt 0.568169 0.169426
vt 0.568169 0.346429
vt 0.568169 0.321143
vt 0.555526 0.219999
vt 0.555526 0.194712
vt 0.555526 0.371716
vt 0.555526 0.169426
vt 0.555526 0.346430
vt 0.555526 0.144140
vt 0.555526 0.321143
vt 0.555526 0.118854
vt 0.555526 0.295857
vt 0.555526 0.093568
vt 0.555526 0.270571
vt 0.561848 0.472860
vt 0.555526 0.447574
vt 0.561848 0.068282
vt 0.555526 0.245285
vt 0.555526 0.422288
vt 0.555526 0.397002
vt 0.542883 0.118854
vt 0.542883 0.093568
vt 0.542883 0.270571
vt 0.549205 0.472860
vt 0.542883 0.447574
vt 0.549205 0.068282
vt 0.542883 0.245285
vt 0.542883 0.422288
vt 0.542883 0.219999
vt 0.542883 0.397002
vt 0.542883 0.194712
vt 0.542883 0.371716
vt 0.542883 0.169426
vt 0.542883 0.346429
vt 0.542883 0.144140
vt 0.542883 0.321143
vt 0.542883 0.295857
vt 0.530240 0.371716
vt 0.530240 0.194712
vt 0.530240 0.169426
vt 0.530240 0.346429
vt 0.530240 0.144140
vt 0.530240 0.321143
vt 0.530240 0.118854
vt 0.530240 0.295857
vt 0.530240 0.093568
vt 0.530240 0.270571
vt 0.536562 0.472860
vt 0.530240 0.447574
vt 0.536562 0.068282
vt 0.530240 0.245285
vt 0.530240 0.422288
vt 0.530240 0.219999
vt 0.530240 0.397002
vt 0.934819 0.270571
vt 0.922176 0.295857
vt 0.922176 0.270571
vt 0.934819 0.447574
vt 0.928497 0.472860
vt 0.922176 0.447574
vt 0.928497 0.068282
vt 0.934819 0.093568
vt 0.922176 0.093568
vt 0.922176 0.245285
vt 0.934819 0.245285
vt 0.934819 0.422288
vt 0.922176 0.422288
vt 0.922176 0.219999
vt 0.934819 0.219999
vt 0.934819 0.397002
vt 0.922176 0.397002
vt 0.922176 0.194712
vt 0.934819 0.194712
vt 0.934819 0.371716
vt 0.922176 0.371716
vt 0.922176 0.169426
vt 0.934819 0.169426
vt 0.934819 0.346429
vt 0.922176 0.346430
vt 0.922176 0.144140
vt 0.934819 0.144140
vt 0.934819 0.321143
vt 0.922176 0.321143
vt 0.922176 0.118854
vt 0.934819 0.118854
vt 0.934819 0.295857
vt 0.909533 0.169426
vt 0.909533 0.371716
vt 0.909533 0.346430
vt 0.909533 0.144140
vt 0.909533 0.321143
vt 0.909533 0.118854
vt 0.909533 0.295857
vt 0.909533 0.093568
vt 0.909533 0.270571
vt 0.915854 0.472860
vt 0.909533 0.447574
vt 0.915854 0.068282
vt 0.909533 0.245285
vt 0.909533 0.422288
vt 0.909533 0.219999
vt 0.909533 0.397002
vt 0.909533 0.194712
vt 0.903211 0.472860
vt 0.896889 0.447574
vt 0.903211 0.068282
vt 0.896889 0.093568
vt 0.896889 0.245285
vt 0.896889 0.422288
vt 0.896889 0.219999
vt 0.896889 0.397002
vt 0.896889 0.194712
vt 0.896889 0.371716
vt 0.896889 0.169426
vt 0.896889 0.346430
vt 0.896889 0.144140
vt 0.896889 0.321143
vt 0.896889 0.118854
vt 0.896889 0.295857
vt 0.896889 0.270571
vt 0.884246 0.371716
vt 0.884246 0.346430
vt 0.884246 0.144140
vt 0.884246 0.321143
vt 0.884246 0.118854
vt 0.884246 0.295857
vt 0.884246 0.093568
vt 0.884246 0.270571
vt 0.890568 0.472860
vt 0.884246 0.447574
vt 0.890568 0.068282
vt 0.884246 0.245285
vt 0.884246 0.422288
vt 0.884246 0.219999
vt 0.884246 0.397002
vt 0.884246 0.194712
vt 0.884246 0.169426
vt 0.871603 0.245285
vt 0.871603 0.447574
vt 0.871603 0.422288
vt 0.871603 0.219999
vt 0.871603 0.397002
vt 0.871603 0.194712
vt 0.871603 0.371716
vt 0.871603 0.169426
vt 0.871603 0.346430
vt 0.871603 0.144140
vt 0.871603 0.321143
vt 0.871603 0.118854
vt 0.871603 0.295857
vt 0.871603 0.093568
vt 0.871603 0.270571
vt 0.877925 0.472860
vt 0.877925 0.068282
vt 0.858960 0.144140
vt 0.858960 0.346430
vt 0.858960 0.321143
vt 0.858960 0.118854
vt 0.858960 0.295857
vt 0.858960 0.093568
vt 0.858960 0.270571
vt 0.865282 0.472860
vt 0.858960 0.447574
vt 0.865282 0.068282
vt 0.858960 0.245285
vt 0.858960 0.422288
vt 0.858960 0.219999
vt 0.858960 0.397002
vt 0.858960 0.194712
vt 0.858960 0.371716
vt 0.858960 0.169426
vt 0.846317 0.219999
vt 0.846317 0.422288
vt 0.846317 0.397002
vt 0.846317 0.194712
vt 0.846317 0.371716
vt 0.846317 0.169426
vt 0.846317 0.346430
vt 0.846317 0.144140
vt 0.846317 0.321143
vt 0.846317 0.118854
vt 0.846317 0.295857
vt 0.846317 0.093568
vt 0.846317 0.270571
vt 0.852639 0.472860
vt 0.846317 0.447574
vt 0.852639 0.068282
vt 0.846317 0.245285
vt 0.839996 0.472860
vt 0.839996 0.068282
vt 0.377909 0.945563
vt 0.363136 0.916015
vt 0.377909 0.916015
vt 0.377909 0.590993
vt 0.363136 0.561445
vt 0.377909 0.561445
vt 0.377909 0.738730
vt 0.363136 0.709183
vt 0.377909 0.709183
vt 0.370523 0.975110
vt 0.363136 0.945563
vt 0.377909 0.620540
vt 0.363136 0.590993
vt 0.377909 0.650088
vt 0.363136 0.620540
vt 0.377909 0.856920
vt 0.363136 0.827373
vt 0.377909 0.827373
vt 0.377909 0.768278
vt 0.363136 0.738730
vt 0.377909 0.679635
vt 0.363136 0.650088
vt 0.363136 0.679635
vt 0.377909 0.886468
vt 0.363136 0.856920
vt 0.377909 0.797825
vt 0.363136 0.768278
vt 0.370523 0.502350
vt 0.377909 0.531898
vt 0.363136 0.531898
vt 0.363136 0.797825
vt 0.363136 0.886468
vt 0.348362 0.768278
vt 0.348362 0.590993
vt 0.348362 0.827373
vt 0.348362 0.797825
vt 0.348362 0.738730
vt 0.348362 0.561445
vt 0.348362 0.650088
vt 0.348362 0.531898
vt 0.348362 0.620540
vt 0.355749 0.502350
vt 0.348362 0.709183
vt 0.348362 0.679635
vt 0.355749 0.975110
vt 0.348362 0.945563
vt 0.348362 0.916015
vt 0.348362 0.886468
vt 0.348362 0.856920
vt 0.333588 0.531898
vt 0.333588 0.561445
vt 0.333588 0.590993
vt 0.333588 0.886468
vt 0.333588 0.916015
vt 0.333588 0.827373
vt 0.333588 0.650088
vt 0.333588 0.679635
vt 0.340975 0.975110
vt 0.333588 0.945563
vt 0.333588 0.856920
vt 0.333588 0.709183
vt 0.340975 0.502350
vt 0.333588 0.738730
vt 0.333588 0.620540
vt 0.333588 0.768278
vt 0.333588 0.797825
vt 0.318815 0.797825
vt 0.318815 0.620540
vt 0.318815 0.590993
vt 0.318815 0.856920
vt 0.318815 0.827373
vt 0.318815 0.768278
vt 0.318815 0.679635
vt 0.326201 0.502350
vt 0.318815 0.531898
vt 0.318815 0.650088
vt 0.318815 0.738730
vt 0.318815 0.709183
vt 0.318815 0.916015
vt 0.318815 0.561445
vt 0.326201 0.975110
vt 0.318815 0.945563
vt 0.318815 0.886468
vt 0.304041 0.561445
vt 0.311428 0.502350
vt 0.304041 0.531898
vt 0.304041 0.797825
vt 0.304041 0.856920
vt 0.304041 0.886468
vt 0.304041 0.827373
vt 0.304041 0.650088
vt 0.304041 0.679635
vt 0.304041 0.916015
vt 0.304041 0.709183
vt 0.304041 0.590993
vt 0.311428 0.975110
vt 0.304041 0.945563
vt 0.304041 0.620540
vt 0.304041 0.738730
vt 0.304041 0.768278
vt 0.289267 0.679635
vt 0.289267 0.827373
vt 0.289267 0.650088
vt 0.289267 0.797825
vt 0.289267 0.620540
vt 0.289267 0.590993
vt 0.296654 0.975110
vt 0.289267 0.945563
vt 0.289267 0.561445
vt 0.289267 0.531898
vt 0.289267 0.768278
vt 0.289267 0.916015
vt 0.296654 0.502350
vt 0.289267 0.738730
vt 0.289267 0.886468
vt 0.289267 0.709183
vt 0.289267 0.856920
vt 0.274493 0.768278
vt 0.274493 0.561445
vt 0.274493 0.531898
vt 0.274493 0.738730
vt 0.281880 0.975110
vt 0.274493 0.945563
vt 0.281880 0.502350
vt 0.274493 0.709183
vt 0.274493 0.916015
vt 0.274493 0.679635
vt 0.274493 0.886468
vt 0.274493 0.650088
vt 0.274493 0.856920
vt 0.274493 0.620540
vt 0.274493 0.827373
vt 0.274493 0.590993
vt 0.274493 0.797825
vt 0.259720 0.650088
vt 0.259720 0.856920
vt 0.259720 0.620540
vt 0.259720 0.827373
vt 0.259720 0.590993
vt 0.259720 0.797825
vt 0.259720 0.561445
vt 0.259720 0.768278
vt 0.259720 0.531898
vt 0.259720 0.738730
vt 0.267107 0.975110
vt 0.259720 0.945563
vt 0.267107 0.502350
vt 0.259720 0.709183
vt 0.259720 0.916015
vt 0.259720 0.679635
vt 0.259720 0.886468
vt 0.244946 0.561445
vt 0.244946 0.531898
vt 0.244946 0.738730
vt 0.252333 0.975110
vt 0.244946 0.945563
vt 0.252333 0.502350
vt 0.244946 0.709183
vt 0.244946 0.916015
vt 0.244946 0.679635
vt 0.244946 0.886468
vt 0.244946 0.650088
vt 0.244946 0.856920
vt 0.244946 0.620540
vt 0.244946 0.827373
vt 0.244946 0.590993
vt 0.244946 0.797825
vt 0.244946 0.768278
vt 0.230172 0.650088
vt 0.230172 0.620540
vt 0.230172 0.856920
vt 0.230172 0.827373
vt 0.230172 0.590993
vt 0.230172 0.797825
vt 0.230172 0.561445
vt 0.230172 0.768278
vt 0.230172 0.531898
vt 0.230172 0.738730
vt 0.237559 0.975110
vt 0.230172 0.945563
vt 0.237559 0.502350
vt 0.230172 0.709183
vt 0.230172 0.916015
vt 0.230172 0.679635
vt 0.230172 0.886468
vt 0.222785 0.975110
vt 0.215398 0.945563
vt 0.222785 0.502350
vt 0.215398 0.531898
vt 0.215398 0.738730
vt 0.215398 0.709183
vt 0.215398 0.916015
vt 0.215398 0.679635
vt 0.215398 0.886468
vt 0.215398 0.650088
vt 0.215398 0.856920
vt 0.215398 0.620540
vt 0.215398 0.827373
vt 0.215398 0.590993
vt 0.215398 0.797825
vt 0.215398 0.561445
vt 0.215398 0.768278
vt 0.200625 0.856920
vt 0.200625 0.827373
vt 0.200625 0.620540
vt 0.200625 0.590993
vt 0.200625 0.797825
vt 0.200625 0.561445
vt 0.200625 0.768278
vt 0.200625 0.531898
vt 0.200625 0.738730
vt 0.208012 0.975110
vt 0.200625 0.945563
vt 0.208012 0.502350
vt 0.200625 0.709183
vt 0.200625 0.916015
vt 0.200625 0.679635
vt 0.200625 0.886468
vt 0.200625 0.650088
vt 0.185851 0.738730
vt 0.185851 0.709183
vt 0.185851 0.945563
vt 0.185851 0.916015
vt 0.185851 0.679635
vt 0.185851 0.886468
vt 0.185851 0.650088
vt 0.185851 0.856920
vt 0.185851 0.620540
vt 0.185851 0.827373
vt 0.185851 0.590993
vt 0.185851 0.797825
vt 0.185851 0.561445
vt 0.185851 0.768278
vt 0.185851 0.531898
vt 0.193238 0.975110
vt 0.193238 0.502350
vt 0.171077 0.620540
vt 0.171077 0.590993
vt 0.171077 0.827373
vt 0.171077 0.797825
vt 0.171077 0.561445
vt 0.171077 0.768278
vt 0.171077 0.531898
vt 0.171077 0.738730
vt 0.178464 0.975110
vt 0.171077 0.945563
vt 0.178464 0.502350
vt 0.171077 0.709183
vt 0.171077 0.916015
vt 0.171077 0.679635
vt 0.171077 0.886468
vt 0.171077 0.650088
vt 0.171077 0.856920
vt 0.156303 0.945563
vt 0.156303 0.916015
vt 0.156303 0.709183
vt 0.156303 0.679635
vt 0.156303 0.886468
vt 0.156303 0.650088
vt 0.156303 0.856920
vt 0.156303 0.620540
vt 0.156303 0.827373
vt 0.156303 0.590993
vt 0.156303 0.797825
vt 0.156303 0.561445
vt 0.156303 0.768278
vt 0.156303 0.531898
vt 0.156303 0.738730
vt 0.163690 0.975110
vt 0.163690 0.502350
vt 0.141530 0.827373
vt 0.141530 0.797825
vt 0.141530 0.590993
vt 0.141530 0.561445
vt 0.141530 0.768278
vt 0.141530 0.531898
vt 0.141530 0.738730
vt 0.148917 0.975110
vt 0.141530 0.945563
vt 0.148917 0.502350
vt 0.141530 0.709183
vt 0.141530 0.916015
vt 0.141530 0.679635
vt 0.141530 0.886468
vt 0.141530 0.650088
vt 0.141530 0.856920
vt 0.141530 0.620540
vt 0.126756 0.709183
vt 0.126756 0.679635
vt 0.126756 0.916015
vt 0.126756 0.886468
vt 0.126756 0.650088
vt 0.126756 0.856920
vt 0.126756 0.620540
vt 0.126756 0.827373
vt 0.126756 0.590993
vt 0.126756 0.797825
vt 0.126756 0.561445
vt 0.126756 0.768278
vt 0.126756 0.531898
vt 0.126756 0.738730
vt 0.134143 0.975110
vt 0.126756 0.945563
vt 0.134143 0.502350
vt 0.111982 0.590993
vt 0.111982 0.561445
vt 0.111982 0.797825
vt 0.111982 0.768278
vt 0.111982 0.531898
vt 0.111982 0.738730
vt 0.119369 0.975110
vt 0.111982 0.945563
vt 0.119369 0.502350
vt 0.111982 0.709183
vt 0.111982 0.916015
vt 0.111982 0.679635
vt 0.111982 0.886468
vt 0.111982 0.650088
vt 0.111982 0.856920
vt 0.111982 0.620540
vt 0.111982 0.827373
vt 0.097209 0.679635
vt 0.097209 0.650088
vt 0.097209 0.886468
vt 0.097209 0.856920
vt 0.097209 0.620540
vt 0.097209 0.827373
vt 0.097209 0.590993
vt 0.097209 0.797825
vt 0.097209 0.561445
vt 0.097209 0.768278
vt 0.097209 0.531898
vt 0.097208 0.738730
vt 0.104595 0.975110
vt 0.097209 0.945563
vt 0.104595 0.502350
vt 0.097209 0.709183
vt 0.097209 0.916015
vt 0.082435 0.561445
vt 0.082435 0.531898
vt 0.082435 0.768278
vt 0.082435 0.738730
vt 0.089822 0.975110
vt 0.082435 0.945563
vt 0.089822 0.502350
vt 0.082435 0.709183
vt 0.082435 0.916015
vt 0.082435 0.679635
vt 0.082435 0.886468
vt 0.082435 0.650088
vt 0.082435 0.856920
vt 0.082435 0.620540
vt 0.082435 0.827373
vt 0.082435 0.590993
vt 0.082435 0.797825
vt 0.067661 0.886468
vt 0.067661 0.856920
vt 0.067661 0.650088
vt 0.067661 0.620540
vt 0.067661 0.827373
vt 0.067661 0.590993
vt 0.067661 0.797825
vt 0.067661 0.561445
vt 0.067661 0.768278
vt 0.067661 0.531898
vt 0.067661 0.738730
vt 0.075048 0.975110
vt 0.067661 0.945563
vt 0.075048 0.502350
vt 0.067661 0.709183
vt 0.067661 0.916015
vt 0.067661 0.679635
vt 0.052887 0.768278
vt 0.052887 0.738730
vt 0.060274 0.975110
vt 0.052887 0.945563
vt 0.060274 0.502350
vt 0.052887 0.531898
vt 0.052887 0.709183
vt 0.052887 0.916015
vt 0.052887 0.679635
vt 0.052887 0.886468
vt 0.052887 0.650088
vt 0.052887 0.856920
vt 0.052887 0.620540
vt 0.052887 0.827373
vt 0.052887 0.590993
vt 0.052887 0.797825
vt 0.052887 0.561445
vt 0.038114 0.650088
vt 0.038114 0.620540
vt 0.038114 0.856920
vt 0.038114 0.827373
vt 0.038114 0.590993
vt 0.038114 0.797825
vt 0.038114 0.561445
vt 0.038114 0.768278
vt 0.038114 0.531898
vt 0.038114 0.738730
vt 0.045500 0.975110
vt 0.038114 0.945563
vt 0.045500 0.502350
vt 0.038114 0.709183
vt 0.038114 0.916015
vt 0.038114 0.679635
vt 0.038114 0.886468
vt 0.030727 0.975110
vt 0.023340 0.945563
vt 0.030727 0.502350
vt 0.023340 0.531898
vt 0.023340 0.738730
vt 0.023340 0.709183
vt 0.023340 0.916015
vt 0.023340 0.679635
vt 0.023340 0.886468
vt 0.023340 0.650088
vt 0.023340 0.856920
vt 0.023340 0.620540
vt 0.023340 0.827373
vt 0.023340 0.590993
vt 0.023340 0.797825
vt 0.023340 0.561445
vt 0.023340 0.768278
vt 0.496099 0.827373
vt 0.481326 0.856920
vt 0.481326 0.827373
vt 0.496099 0.590993
vt 0.481326 0.620540
vt 0.481326 0.590993
vt 0.496099 0.797825
vt 0.481326 0.797825
vt 0.496099 0.561445
vt 0.481326 0.561445
vt 0.496099 0.768278
vt 0.481326 0.768278
vt 0.496099 0.531898
vt 0.481326 0.531898
vt 0.496099 0.738730
vt 0.481326 0.738730
vt 0.496099 0.945563
vt 0.488713 0.975110
vt 0.481326 0.945563
vt 0.488713 0.502350
vt 0.496099 0.709183
vt 0.481326 0.709183
vt 0.481326 0.916015
vt 0.496099 0.916015
vt 0.496099 0.679635
vt 0.481326 0.679635
vt 0.481326 0.886468
vt 0.496099 0.886468
vt 0.496099 0.650088
vt 0.481326 0.650088
vt 0.496099 0.856920
vt 0.496099 0.620540
vt 0.466552 0.709183
vt 0.466552 0.945563
vt 0.466552 0.916015
vt 0.466552 0.679635
vt 0.466552 0.886468
vt 0.466552 0.650088
vt 0.466552 0.856920
vt 0.466552 0.620540
vt 0.466552 0.827373
vt 0.466552 0.590993
vt 0.466552 0.797825
vt 0.466552 0.561445
vt 0.466552 0.768278
vt 0.466552 0.531898
vt 0.466552 0.738730
vt 0.473939 0.975110
vt 0.473939 0.502350
vt 0.451778 0.590993
vt 0.451778 0.797825
vt 0.451778 0.561445
vt 0.451778 0.768278
vt 0.451778 0.531898
vt 0.451778 0.738730
vt 0.459165 0.975110
vt 0.451778 0.945563
vt 0.459165 0.502350
vt 0.451778 0.709183
vt 0.451778 0.916015
vt 0.451778 0.679635
vt 0.451778 0.886468
vt 0.451778 0.650088
vt 0.451778 0.856920
vt 0.451778 0.620540
vt 0.451778 0.827373
vt 0.437004 0.679635
vt 0.437004 0.916015
vt 0.437004 0.886468
vt 0.437004 0.650088
vt 0.437004 0.856920
vt 0.437004 0.620540
vt 0.437004 0.827373
vt 0.437004 0.590993
vt 0.437004 0.797825
vt 0.437004 0.561445
vt 0.437004 0.768278
vt 0.437004 0.531898
vt 0.437004 0.738730
vt 0.444391 0.975110
vt 0.437004 0.945563
vt 0.444391 0.502350
vt 0.437004 0.709183
vt 0.422231 0.561445
vt 0.422231 0.768278
vt 0.422231 0.531898
vt 0.422231 0.738730
vt 0.429618 0.975110
vt 0.422231 0.945563
vt 0.429618 0.502350
vt 0.422231 0.709183
vt 0.422231 0.916015
vt 0.422231 0.679635
vt 0.422231 0.886468
vt 0.422231 0.650088
vt 0.422231 0.856920
vt 0.422231 0.620540
vt 0.422231 0.827373
vt 0.422231 0.590993
vt 0.422231 0.797825
vt 0.407457 0.886468
vt 0.407457 0.650088
vt 0.407457 0.856920
vt 0.407457 0.620540
vt 0.407457 0.827373
vt 0.407457 0.590993
vt 0.407457 0.797825
vt 0.407457 0.561445
vt 0.407457 0.768278
vt 0.407457 0.531898
vt 0.407457 0.738730
vt 0.414844 0.975110
vt 0.407457 0.945563
vt 0.414844 0.502350
vt 0.407457 0.709183
vt 0.407457 0.916015
vt 0.407457 0.679635
vt 0.392683 0.768278
vt 0.392683 0.531898
vt 0.392683 0.738730
vt 0.400070 0.975110
vt 0.392683 0.945563
vt 0.400070 0.502350
vt 0.392683 0.709183
vt 0.392683 0.916015
vt 0.392683 0.679635
vt 0.392683 0.886468
vt 0.392683 0.650088
vt 0.392683 0.856920
vt 0.392683 0.620540
vt 0.392683 0.827373
vt 0.392683 0.590993
vt 0.392683 0.797825
vt 0.392683 0.561445
vt 0.385296 0.975110
vt 0.385296 0.502350
vt 0.833674 0.144140
vt 0.833674 0.447574
vt 0.833674 0.397002
vt 0.833674 0.321143
s 1
f 2/1/2 12/2/12 477/3/477
f 481/4/481 19/5/19 20/6/20
f 477/3/477 13/7/13 3/8/3
f 482/9/482 20/6/20 21/10/21
f 3/8/3 14/11/14 4/12/4
f 474/13/474 82/14/82 7/15/7
f 308/16/308 482/9/482 21/10/21
f 5/17/5 14/11/14 15/18/15
f 474/13/474 8/19/8 475/20/475
f 478/21/478 15/18/15 16/22/16
f 475/20/475 9/23/9 1/24/1
f 6/25/6 16/22/16 17/26/17
f 1/24/1 10/27/10 476/28/476
f 479/29/479 17/26/17 18/30/18
f 476/28/476 11/31/11 2/1/2
f 480/32/480 18/30/18 19/5/19
f 18/30/18 32/33/32 33/34/33
f 10/27/10 26/35/26 11/31/11
f 19/5/19 33/34/33 34/36/34
f 11/31/11 27/37/27 12/2/12
f 20/6/20 34/36/34 35/38/35
f 12/2/12 28/39/28 13/7/13
f 21/10/21 35/38/35 36/40/36
f 13/7/13 29/41/29 14/11/14
f 7/15/7 82/42/82 22/43/22
f 308/44/308 21/10/21 36/40/36
f 15/18/15 29/41/29 30/45/30
f 7/15/7 23/46/23 8/19/8
f 16/22/16 30/45/30 31/47/31
f 8/19/8 24/48/24 9/23/9
f 17/26/17 31/47/31 32/33/32
f 9/23/9 25/49/25 10/27/10
f 308/50/308 36/40/36 51/51/51
f 30/45/30 44/52/44 45/53/45
f 22/43/22 38/54/38 23/46/23
f 31/47/31 45/53/45 46/55/46
f 23/46/23 39/56/39 24/48/24
f 32/33/32 46/55/46 47/57/47
f 24/48/24 40/58/40 25/49/25
f 33/34/33 47/57/47 48/59/48
f 25/49/25 41/60/41 26/35/26
f 34/36/34 48/59/48 49/61/49
f 26/35/26 42/62/42 27/37/27
f 35/38/35 49/61/49 50/63/50
f 27/37/27 43/64/43 28/39/28
f 36/40/36 50/63/50 51/51/51
f 28/39/28 44/52/44 29/41/29
f 22/43/22 82/65/82 37/66/37
f 49/61/49 63/67/63 64/68/64
f 41/60/41 57/69/57 42/62/42
f 50/63/50 64/68/64 65/70/65
f 42/62/42 58/71/58 43/64/43
f 51/51/51 65/70/65 66/72/66
f 43/64/43 59/73/59 44/52/44
f 37/66/37 82/74/82 52/75/52
f 308/76/308 51/51/51 66/72/66
f 45/53/45 59/73/59 60/77/60
f 37/66/37 53/78/53 38/54/38
f 46/55/46 60/77/60 61/79/61
f 38/54/38 54/80/54 39/56/39
f 47/57/47 61/79/61 62/81/62
f 39/56/39 55/82/55 40/58/40
f 48/59/48 62/81/62 63/67/63
f 40/58/40 56/83/56 41/60/41
f 52/75/52 68/84/68 53/78/53
f 61/79/61 75/85/75 76/86/76
f 53/78/53 69/87/69 54/80/54
f 62/81/62 76/86/76 77/88/77
f 54/80/54 70/89/70 55/82/55
f 63/67/63 77/88/77 78/90/78
f 55/82/55 71/91/71 56/83/56
f 64/68/64 78/90/78 79/92/79
f 56/83/56 72/93/72 57/69/57
f 65/70/65 79/92/79 80/94/80
f 57/69/57 73/95/73 58/71/58
f 66/72/66 80/94/80 81/96/81
f 58/71/58 74/97/74 59/73/59
f 52/75/52 82/98/82 67/99/67
f 308/100/308 66/72/66 81/96/81
f 60/77/60 74/97/74 75/85/75
f 71/91/71 88/101/88 72/93/72
f 80/94/80 95/102/95 96/103/96
f 72/93/72 89/104/89 73/95/73
f 81/96/81 96/103/96 97/105/97
f 73/95/73 90/106/90 74/97/74
f 67/99/67 82/107/82 83/108/83
f 308/109/308 81/96/81 97/105/97
f 75/85/75 90/106/90 91/110/91
f 67/99/67 84/111/84 68/84/68
f 76/86/76 91/110/91 92/112/92
f 68/84/68 85/113/85 69/87/69
f 77/88/77 92/112/92 93/114/93
f 69/87/69 86/115/86 70/89/70
f 78/90/78 93/114/93 94/116/94
f 70/89/70 87/117/87 71/91/71
f 79/92/79 94/116/94 95/102/95
f 92/112/92 106/118/106 107/119/107
f 84/111/84 100/120/100 85/113/85
f 93/114/93 107/119/107 108/121/108
f 85/113/85 101/122/101 86/115/86
f 94/116/94 108/121/108 109/123/109
f 86/115/86 102/124/102 87/117/87
f 95/102/95 109/123/109 110/125/110
f 87/117/87 103/126/103 88/101/88
f 96/103/96 110/125/110 111/127/111
f 88/101/88 104/128/104 89/104/89
f 97/105/97 111/127/111 112/129/112
f 89/104/89 105/130/105 90/106/90
f 83/108/83 82/131/82 98/132/98
f 308/133/308 97/105/97 112/129/112
f 91/110/91 105/130/105 106/118/106
f 83/108/83 99/134/99 84/111/84
f 111/127/111 125/135/125 126/136/126
f 103/126/103 119/137/119 104/128/104
f 112/129/112 126/136/126 127/138/127
f 104/128/104 120/139/120 105/130/105
f 98/132/98 82/140/82 113/141/113
f 308/142/308 112/129/112 127/138/127
f 106/118/106 120/139/120 121/143/121
f 98/132/98 114/144/114 99/134/99
f 107/119/107 121/143/121 122/145/122
f 99/134/99 115/146/115 100/120/100
f 108/121/108 122/145/122 123/147/123
f 100/120/100 116/148/116 101/122/101
f 109/123/109 123/147/123 124/149/124
f 101/122/101 117/150/117 102/124/102
f 110/125/110 124/149/124 125/135/125
f 102/124/102 118/151/118 103/126/103
f 115/146/115 129/152/129 130/153/130
f 122/145/122 138/154/138 123/147/123
f 116/148/116 130/153/130 131/155/131
f 123/147/123 139/156/139 124/149/124
f 117/150/117 131/155/131 132/157/132
f 124/149/124 140/158/140 125/135/125
f 118/151/118 132/157/132 133/159/133
f 125/135/125 141/160/141 126/136/126
f 119/137/119 133/159/133 134/161/134
f 126/136/126 142/162/142 127/138/127
f 120/139/120 134/161/134 135/163/135
f 113/141/113 82/164/82 128/165/128
f 308/166/308 127/138/127 142/162/142
f 120/139/120 136/167/136 121/143/121
f 114/144/114 128/165/128 129/152/129
f 121/143/121 137/168/137 122/145/122
f 134/161/134 148/169/148 149/170/149
f 141/160/141 157/171/157 142/162/142
f 135/163/135 149/170/149 150/172/150
f 128/165/128 82/173/82 143/174/143
f 308/175/308 142/162/142 157/171/157
f 135/163/135 151/176/151 136/167/136
f 129/152/129 143/174/143 144/177/144
f 136/167/136 152/178/152 137/168/137
f 130/153/130 144/177/144 145/179/145
f 137/168/137 153/180/153 138/154/138
f 131/155/131 145/179/145 146/181/146
f 138/154/138 154/182/154 139/156/139
f 132/157/132 146/181/146 147/183/147
f 139/156/139 155/184/155 140/158/140
f 133/159/133 147/183/147 148/169/148
f 140/158/140 156/185/156 141/160/141
f 152/178/152 168/186/168 153/180/153
f 146/181/146 160/187/160 161/188/161
f 153/180/153 169/189/169 154/182/154
f 147/183/147 161/188/161 162/190/162
f 154/182/154 170/191/170 155/184/155
f 148/169/148 162/190/162 163/192/163
f 155/184/155 171/193/171 156/185/156
f 149/170/149 163/192/163 164/194/164
f 156/185/156 172/195/172 157/171/157
f 150/172/150 164/194/164 165/196/165
f 143/174/143 82/197/82 158/198/158
f 308/199/308 157/171/157 172/195/172
f 150/172/150 166/200/166 151/176/151
f 144/177/144 158/198/158 159/201/159
f 151/176/151 167/202/167 152/178/152
f 145/179/145 159/201/159 160/187/160
f 171/193/171 187/203/187 172/195/172
f 165/196/165 179/204/179 180/205/180
f 158/198/158 82/206/82 173/207/173
f 308/208/308 172/195/172 187/203/187
f 165/196/165 181/209/181 166/200/166
f 159/201/159 173/207/173 174/210/174
f 166/200/166 182/211/182 167/202/167
f 160/187/160 174/210/174 175/212/175
f 167/202/167 183/213/183 168/186/168
f 161/188/161 175/212/175 176/214/176
f 168/186/168 184/215/184 169/189/169
f 162/190/162 176/214/176 177/216/177
f 169/189/169 185/217/185 170/191/170
f 163/192/163 177/216/177 178/218/178
f 170/191/170 186/219/186 171/193/171
f 164/194/164 178/218/178 179/204/179
f 183/213/183 199/220/199 184/215/184
f 177/216/177 191/221/191 192/222/192
f 184/215/184 200/223/200 185/217/185
f 178/218/178 192/222/192 193/224/193
f 185/217/185 201/225/201 186/219/186
f 179/204/179 193/224/193 194/226/194
f 186/219/186 202/227/202 187/203/187
f 180/205/180 194/226/194 195/228/195
f 173/207/173 82/229/82 188/230/188
f 308/231/308 187/203/187 202/227/202
f 180/205/180 196/232/196 181/209/181
f 174/210/174 188/230/188 189/233/189
f 181/209/181 197/234/197 182/211/182
f 175/212/175 189/233/189 190/235/190
f 182/211/182 198/236/198 183/213/183
f 176/214/176 190/235/190 191/221/191
f 188/230/188 82/237/82 203/238/203
f 308/239/308 202/227/202 217/240/217
f 195/228/195 211/241/211 196/232/196
f 189/233/189 203/238/203 204/242/204
f 196/232/196 212/243/212 197/234/197
f 190/235/190 204/242/204 205/244/205
f 197/234/197 213/245/213 198/236/198
f 191/221/191 205/244/205 206/246/206
f 198/236/198 214/247/214 199/220/199
f 192/222/192 206/246/206 207/248/207
f 199/220/199 215/249/215 200/223/200
f 193/224/193 207/248/207 208/250/208
f 200/223/200 216/251/216 201/225/201
f 194/226/194 208/250/208 209/252/209
f 201/225/201 217/240/217 202/227/202
f 195/228/195 209/252/209 210/253/210
f 207/248/207 221/254/221 222/255/222
f 214/247/214 230/256/230 215/249/215
f 208/250/208 222/255/222 223/257/223
f 215/249/215 231/258/231 216/251/216
f 209/252/209 223/257/223 224/259/224
f 216/251/216 232/260/232 217/240/217
f 210/253/210 224/259/224 225/261/225
f 203/238/203 82/262/82 218/263/218
f 308/264/308 217/240/217 232/260/232
f 210/253/210 226/265/226 211/241/211
f 204/242/204 218/263/218 219/266/219
f 211/241/211 227/267/227 212/243/212
f 205/244/205 219/266/219 220/268/220
f 212/243/212 228/269/228 213/245/213
f 206/246/206 220/268/220 221/254/221
f 213/245/213 229/270/229 214/247/214
f 225/261/225 241/271/241 226/265/226
f 219/266/219 233/272/233 234/273/234
f 226/265/226 242/274/242 227/267/227
f 220/268/220 234/273/234 235/275/235
f 227/267/227 243/276/243 228/269/228
f 221/254/221 235/275/235 236/277/236
f 228/269/228 244/278/244 229/270/229
f 222/255/222 236/277/236 237/279/237
f 229/270/229 245/280/245 230/256/230
f 223/257/223 237/279/237 238/281/238
f 230/256/230 246/282/246 231/258/231
f 224/259/224 238/281/238 239/283/239
f 231/258/231 247/284/247 232/260/232
f 225/261/225 239/283/239 240/285/240
f 218/263/218 82/286/82 233/272/233
f 308/287/308 232/260/232 247/284/247
f 245/280/245 259/288/259 260/289/260
f 237/279/237 253/290/253 238/281/238
f 246/282/246 260/289/260 261/291/261
f 238/281/238 254/292/254 239/283/239
f 247/284/247 261/291/261 262/293/262
f 239/283/239 255/294/255 240/285/240
f 233/272/233 82/295/82 248/296/248
f 308/297/308 247/284/247 262/293/262
f 241/271/241 255/294/255 256/298/256
f 233/272/233 249/299/249 234/273/234
f 242/274/242 256/298/256 257/300/257
f 234/273/234 250/301/250 235/275/235
f 243/276/243 257/300/257 258/302/258
f 235/275/235 251/303/251 236/277/236
f 244/278/244 258/302/258 259/288/259
f 236/277/236 252/304/252 237/279/237
f 248/296/248 264/305/264 249/299/249
f 257/300/257 271/306/271 272/307/272
f 249/299/249 265/308/265 250/301/250
f 258/302/258 272/307/272 273/309/273
f 250/301/250 266/310/266 251/303/251
f 259/288/259 273/309/273 274/311/274
f 251/303/251 267/312/267 252/304/252
f 260/289/260 274/311/274 275/313/275
f 252/304/252 268/314/268 253/290/253
f 261/291/261 275/313/275 276/315/276
f 253/290/253 269/316/269 254/292/254
f 262/293/262 276/315/276 277/317/277
f 254/292/254 270/318/270 255/294/255
f 248/296/248 82/319/82 263/320/263
f 308/321/308 262/293/262 277/317/277
f 256/298/256 270/318/270 271/306/271
f 267/312/267 283/322/283 268/314/268
f 276/315/276 290/323/290 291/324/291
f 268/314/268 284/325/284 269/316/269
f 277/317/277 291/324/291 292/326/292
f 269/316/269 285/327/285 270/318/270
f 263/320/263 82/328/82 278/329/278
f 308/330/308 277/317/277 292/326/292
f 271/306/271 285/327/285 286/331/286
f 263/320/263 279/332/279 264/305/264
f 272/307/272 286/331/286 287/333/287
f 264/305/264 280/334/280 265/308/265
f 273/309/273 287/333/287 288/335/288
f 265/308/265 281/336/281 266/310/266
f 274/311/274 288/335/288 289/337/289
f 266/310/266 282/338/282 267/312/267
f 275/313/275 289/337/289 290/323/290
f 287/333/287 301/339/301 302/340/302
f 279/332/279 295/341/295 280/334/280
f 288/335/288 302/340/302 303/342/303
f 280/334/280 296/343/296 281/336/281
f 289/337/289 303/342/303 304/344/304
f 281/336/281 297/345/297 282/338/282
f 290/323/290 304/344/304 305/346/305
f 282/338/282 298/347/298 283/322/283
f 291/324/291 305/346/305 306/348/306
f 283/322/283 299/349/299 284/325/284
f 292/326/292 306/348/306 307/350/307
f 284/325/284 300/351/300 285/327/285
f 278/329/278 82/352/82 293/353/293
f 308/354/308 292/326/292 307/350/307
f 286/331/286 300/351/300 301/339/301
f 278/329/278 294/355/294 279/332/279
f 306/348/306 321/356/321 322/357/322
f 298/347/298 315/358/315 299/349/299
f 307/350/307 322/357/322 323/359/323
f 299/349/299 316/360/316 300/351/300
f 293/353/293 82/361/82 309/362/309
f 308/363/308 307/350/307 323/359/323
f 301/339/301 316/360/316 317/364/317
f 293/353/293 310/365/310 294/355/294
f 302/340/302 317/364/317 318/366/318
f 294/355/294 311/367/311 295/341/295
f 303/342/303 318/366/318 319/368/319
f 295/341/295 312/369/312 296/343/296
f 304/344/304 319/368/319 320/370/320
f 296/343/296 313/371/313 297/345/297
f 305/346/305 320/370/320 321/356/321
f 297/345/297 314/372/314 298/347/298
f 319/368/319 333/373/333 334/374/334
f 311/367/311 327/375/327 312/369/312
f 320/370/320 334/374/334 335/376/335
f 312/369/312 328/377/328 313/371/313
f 321/356/321 335/376/335 336/378/336
f 313/371/313 329/379/329 314/372/314
f 322/357/322 336/378/336 337/380/337
f 314/372/314 330/381/330 315/358/315
f 323/359/323 337/380/337 338/382/338
f 315/358/315 331/383/331 316/360/316
f 309/362/309 82/384/82 324/385/324
f 308/386/308 323/359/323 338/382/338
f 317/364/317 331/383/331 332/387/332
f 309/362/309 325/388/325 310/365/310
f 318/366/318 332/387/332 333/373/333
f 310/365/310 326/389/326 311/367/311
f 338/382/338 352/390/352 353/391/353
f 330/381/330 346/392/346 331/383/331
f 324/385/324 82/393/82 339/394/339
f 308/395/308 338/382/338 353/391/353
f 332/387/332 346/392/346 347/396/347
f 324/385/324 340/397/340 325/388/325
f 333/373/333 347/396/347 348/398/348
f 325/388/325 341/399/341 326/389/326
f 334/374/334 348/398/348 349/400/349
f 326/389/326 342/401/342 327/375/327
f 335/376/335 349/400/349 350/402/350
f 327/375/327 343/403/343 328/377/328
f 336/378/336 350/402/350 351/404/351
f 328/377/328 344/405/344 329/379/329
f 337/380/337 351/404/351 352/390/352
f 329/379/329 345/406/345 330/381/330
f 341/399/341 357/407/357 342/401/342
f 350/402/350 364/408/364 365/409/365
f 342/401/342 358/410/358 343/403/343
f 351/404/351 365/409/365 366/411/366
f 343/403/343 359/412/359 344/405/344
f 352/390/352 366/411/366 367/413/367
f 344/405/344 360/414/360 345/406/345
f 353/391/353 367/413/367 368/415/368
f 345/406/345 361/416/361 346/392/346
f 339/394/339 82/417/82 354/418/354
f 308/419/308 353/391/353 368/415/368
f 347/396/347 361/416/361 362/420/362
f 339/394/339 355/421/355 340/397/340
f 348/398/348 362/420/362 363/422/363
f 340/397/340 356/423/356 341/399/341
f 349/400/349 363/422/363 364/408/364
f 361/424/361 375/425/375 376/426/376
f 354/427/354 82/428/82 369/429/369
f 308/430/308 368/431/368 383/432/383
f 361/424/361 377/433/377 362/434/362
f 355/435/355 369/429/369 370/436/370
f 362/434/362 378/437/378 363/438/363
f 356/439/356 370/436/370 371/440/371
f 363/438/363 379/441/379 364/442/364
f 357/443/357 371/440/371 372/444/372
f 364/442/364 380/445/380 365/446/365
f 358/447/358 372/444/372 373/448/373
f 365/446/365 381/449/381 366/450/366
f 359/451/359 373/448/373 374/452/374
f 366/450/366 382/453/382 367/454/367
f 360/455/360 374/452/374 375/425/375
f 367/454/367 383/432/383 368/431/368
f 379/441/379 395/456/395 380/445/380
f 373/448/373 387/457/387 388/458/388
f 380/445/380 396/459/396 381/449/381
f 374/452/374 388/458/388 389/460/389
f 381/449/381 397/461/397 382/453/382
f 375/425/375 389/460/389 390/462/390
f 382/453/382 398/463/398 383/432/383
f 376/426/376 390/462/390 391/464/391
f 369/429/369 82/465/82 384/466/384
f 308/467/308 383/432/383 398/463/398
f 376/426/376 392/468/392 377/433/377
f 370/436/370 384/466/384 385/469/385
f 377/433/377 393/470/393 378/437/378
f 371/440/371 385/469/385 386/471/386
f 378/437/378 394/472/394 379/441/379
f 372/444/372 386/471/386 387/457/387
f 384/466/384 82/473/82 399/474/399
f 308/475/308 398/463/398 413/476/413
f 391/464/391 407/477/407 392/468/392
f 385/469/385 399/474/399 400/478/400
f 392/468/392 408/479/408 393/470/393
f 386/471/386 400/478/400 401/480/401
f 393/470/393 409/481/409 394/472/394
f 387/457/387 401/480/401 402/482/402
f 394/472/394 410/483/410 395/456/395
f 388/458/388 402/482/402 403/484/403
f 395/456/395 411/485/411 396/459/396
f 389/460/389 403/484/403 404/486/404
f 396/459/396 412/487/412 397/461/397
f 390/462/390 404/486/404 405/488/405
f 397/461/397 413/476/413 398/463/398
f 391/464/391 405/488/405 406/489/406
f 403/484/403 417/490/417 418/491/418
f 410/483/410 426/492/426 411/485/411
f 404/486/404 418/491/418 419/493/419
f 411/485/411 427/494/427 412/487/412
f 405/488/405 419/493/419 420/495/420
f 412/487/412 428/496/428 413/476/413
f 406/489/406 420/495/420 421/497/421
f 399/474/399 82/498/82 414/499/414
f 308/500/308 413/476/413 428/496/428
f 406/489/406 422/501/422 407/477/407
f 400/478/400 414/499/414 415/502/415
f 407/477/407 423/503/423 408/479/408
f 401/480/401 415/502/415 416/504/416
f 408/479/408 424/505/424 409/481/409
f 402/482/402 416/504/416 417/490/417
f 409/481/409 425/506/425 410/483/410
f 421/497/421 437/507/437 422/501/422
f 415/502/415 429/508/429 430/509/430
f 422/501/422 438/510/438 423/503/423
f 416/504/416 430/509/430 431/511/431
f 423/503/423 439/512/439 424/505/424
f 417/490/417 431/511/431 432/513/432
f 424/505/424 440/514/440 425/506/425
f 418/491/418 432/513/432 433/515/433
f 425/506/425 441/516/441 426/492/426
f 419/493/419 433/515/433 434/517/434
f 426/492/426 442/518/442 427/494/427
f 420/495/420 434/517/434 435/519/435
f 427/494/427 443/520/443 428/496/428
f 421/497/421 435/519/435 436/521/436
f 414/499/414 82/522/82 429/508/429
f 308/523/308 428/496/428 443/520/443
f 440/514/440 456/524/456 441/516/441
f 434/517/434 448/525/448 449/526/449
f 441/516/441 457/527/457 442/518/442
f 435/519/435 449/526/449 450/528/450
f 442/518/442 458/529/458 443/520/443
f 436/521/436 450/528/450 451/530/451
f 429/508/429 82/531/82 444/532/444
f 308/533/308 443/520/443 458/529/458
f 436/521/436 452/534/452 437/507/437
f 430/509/430 444/532/444 445/535/445
f 437/507/437 453/536/453 438/510/438
f 431/511/431 445/535/445 446/537/446
f 438/510/438 454/538/454 439/512/439
f 432/513/432 446/537/446 447/539/447
f 439/512/439 455/540/455 440/514/440
f 433/515/433 447/539/447 448/525/448
f 452/534/452 468/541/468 453/536/453
f 446/537/446 460/542/460 461/543/461
f 453/536/453 469/544/469 454/538/454
f 447/539/447 461/543/461 462/545/462
f 454/538/454 470/546/470 455/540/455
f 448/525/448 462/545/462 463/547/463
f 455/540/455 471/548/471 456/524/456
f 449/526/449 463/547/463 464/549/464
f 456/524/456 472/550/472 457/527/457
f 450/528/450 464/549/464 465/551/465
f 457/527/457 473/552/473 458/529/458
f 451/530/451 465/551/465 466/553/466
f 444/532/444 82/554/82 459/555/459
f 308/556/308 458/529/458 473/552/473
f 451/530/451 467/557/467 452/534/452
f 445/535/445 459/555/459 460/542/460
f 471/548/471 481/4/481 472/550/472
f 465/551/465 477/3/477 3/8/3
f 472/550/472 482/9/482 473/552/473
f 466/553/466 3/8/3 4/12/4
f 459/555/459 82/558/82 474/13/474
f 308/559/308 473/552/473 482/9/482
f 466/553/466 5/17/5 467/557/467
f 460/542/460 474/13/474 475/20/475
f 467/557/467 478/21/478 468/541/468
f 461/543/461 475/20/475 1/24/1
f 468/541/468 6/25/6 469/544/469
f 462/545/462 1/24/1 476/28/476
f 469/544/469 479/29/479 470/546/470
f 463/547/463 476/28/476 2/1/2
f 470/546/470 480/32/480 471/548/471
f 464/549/464 2/1/2 477/3/477
f 961/29/955 501/5/500 962/32/956
f 959/3/953 493/31/492 494/2/493
f 962/32/956 502/6/501 963/4/957
f 485/8/485 494/2/493 495/7/494
f 963/4/957 503/10/502 964/9/958
f 486/12/4 495/7/494 496/11/495
f 956/13/950 564/14/82 489/15/488
f 790/16/308 964/9/958 503/10/502
f 486/12/4 497/18/496 487/17/486
f 957/20/951 489/15/488 490/19/489
f 487/17/486 498/22/497 960/21/954
f 483/24/483 490/19/489 491/23/490
f 960/21/954 499/26/498 488/25/487
f 958/28/952 491/23/490 492/27/491
f 488/25/487 500/30/499 961/29/955
f 484/1/484 492/27/491 493/31/492
f 492/27/491 506/48/505 507/49/506
f 499/26/498 515/34/514 500/30/499
f 493/31/492 507/49/506 508/35/507
f 500/30/499 516/36/515 501/5/500
f 494/2/493 508/35/507 509/37/508
f 501/5/500 517/38/516 502/6/501
f 495/7/494 509/37/508 510/39/509
f 502/6/501 518/40/517 503/10/502
f 496/11/495 510/39/509 511/41/510
f 489/15/488 564/42/82 504/43/503
f 790/44/308 503/10/502 518/40/517
f 496/11/495 512/45/511 497/18/496
f 490/19/489 504/43/503 505/46/504
f 497/18/496 513/47/512 498/22/497
f 491/23/490 505/46/504 506/48/505
f 498/22/497 514/33/513 499/26/498
f 511/41/510 525/64/524 526/52/525
f 504/43/503 564/65/82 519/66/518
f 790/50/308 518/40/517 533/51/532
f 511/41/510 527/53/526 512/45/511
f 505/46/504 519/66/518 520/54/519
f 512/45/511 528/55/527 513/47/512
f 506/48/505 520/54/519 521/56/520
f 513/47/512 529/57/528 514/33/513
f 507/49/506 521/56/520 522/58/521
f 514/33/513 530/59/529 515/34/514
f 508/35/507 522/58/521 523/60/522
f 515/34/514 531/61/530 516/36/515
f 509/37/508 523/60/522 524/62/523
f 516/36/515 532/63/531 517/38/516
f 510/39/509 524/62/523 525/64/524
f 517/38/516 533/51/532 518/40/517
f 529/57/528 545/67/544 530/59/529
f 523/60/522 537/82/536 538/83/537
f 530/59/529 546/68/545 531/61/530
f 524/62/523 538/83/537 539/69/538
f 531/61/530 547/70/546 532/63/531
f 525/64/524 539/69/538 540/71/539
f 532/63/531 548/72/547 533/51/532
f 526/52/525 540/71/539 541/73/540
f 519/66/518 564/74/82 534/75/533
f 790/76/308 533/51/532 548/72/547
f 526/52/525 542/77/541 527/53/526
f 520/54/519 534/75/533 535/78/534
f 527/53/526 543/79/542 528/55/527
f 521/56/520 535/78/534 536/80/535
f 528/55/527 544/81/543 529/57/528
f 522/58/521 536/80/535 537/82/536
f 790/100/308 548/72/547 563/96/562
f 541/73/540 557/85/556 542/77/541
f 535/78/534 549/99/548 550/84/549
f 542/77/541 558/86/557 543/79/542
f 536/80/535 550/84/549 551/87/550
f 543/79/542 559/88/558 544/81/543
f 537/82/536 551/87/550 552/89/551
f 544/81/543 560/90/559 545/67/544
f 538/83/537 552/89/551 553/91/552
f 545/67/544 561/92/560 546/68/545
f 539/69/538 553/91/552 554/93/553
f 546/68/545 562/94/561 547/70/546
f 540/71/539 554/93/553 555/95/554
f 547/70/546 563/96/562 548/72/547
f 541/73/540 555/95/554 556/97/555
f 534/75/533 564/98/82 549/99/548
f 560/90/559 577/102/575 561/92/560
f 554/93/553 569/117/567 570/101/568
f 561/92/560 578/103/576 562/94/561
f 555/95/554 570/101/568 571/104/569
f 562/94/561 579/105/577 563/96/562
f 556/97/555 571/104/569 572/106/570
f 549/99/548 564/107/82 565/108/563
f 790/109/308 563/96/562 579/105/577
f 556/97/555 573/110/571 557/85/556
f 550/84/549 565/108/563 566/111/564
f 557/85/556 574/112/572 558/86/557
f 551/87/550 566/111/564 567/113/565
f 558/86/557 575/114/573 559/88/558
f 552/89/551 567/113/565 568/115/566
f 559/88/558 576/116/574 560/90/559
f 553/91/552 568/115/566 569/117/567
f 566/111/564 580/132/578 581/134/579
f 573/110/571 589/119/587 574/112/572
f 567/113/565 581/134/579 582/120/580
f 574/112/572 590/121/588 575/114/573
f 568/115/566 582/120/580 583/122/581
f 575/114/573 591/123/589 576/116/574
f 569/117/567 583/122/581 584/124/582
f 576/116/574 592/125/590 577/102/575
f 570/101/568 584/124/582 585/126/583
f 577/102/575 593/127/591 578/103/576
f 571/104/569 585/126/583 586/128/584
f 578/103/576 594/129/592 579/105/577
f 572/106/570 586/128/584 587/130/585
f 565/108/563 564/131/82 580/132/578
f 790/133/308 579/105/577 594/129/592
f 572/106/570 588/118/586 573/110/571
f 585/126/583 599/150/597 600/151/598
f 592/125/590 608/136/605 593/127/591
f 586/128/584 600/151/598 601/137/599
f 593/127/591 609/138/606 594/129/592
f 587/130/585 601/137/599 602/139/120
f 580/132/578 564/140/82 595/141/593
f 790/142/308 594/129/592 609/138/606
f 587/130/585 603/143/600 588/118/586
f 581/134/579 595/141/593 596/144/594
f 588/118/586 604/145/601 589/119/587
f 582/120/580 596/144/594 597/146/595
f 589/119/587 605/147/602 590/121/588
f 583/122/581 597/146/595 598/148/596
f 590/121/588 606/149/603 591/123/589
f 584/124/582 598/148/596 599/150/597
f 591/123/589 607/135/604 592/125/590
f 604/145/601 618/167/615 619/168/616
f 596/144/594 612/153/609 597/146/595
f 605/147/602 619/168/616 620/154/617
f 597/146/595 613/155/610 598/148/596
f 606/149/603 620/154/617 621/156/618
f 598/148/596 614/157/611 599/150/597
f 607/135/604 621/156/618 622/158/619
f 599/150/597 615/159/612 600/151/598
f 608/136/605 622/158/619 623/160/620
f 600/151/598 616/161/613 601/137/599
f 609/138/606 623/160/620 624/162/621
f 601/137/599 617/163/614 602/139/120
f 595/141/593 564/164/82 610/165/607
f 790/166/308 609/138/606 624/162/621
f 603/143/600 617/163/614 618/167/615
f 595/141/593 611/152/608 596/144/594
f 623/160/620 637/184/634 638/185/635
f 615/159/612 631/170/628 616/161/613
f 624/162/621 638/185/635 639/171/636
f 616/161/613 632/172/629 617/163/614
f 610/165/607 564/173/82 625/174/622
f 790/175/308 624/162/621 639/171/636
f 618/167/615 632/172/629 633/176/630
f 610/165/607 626/177/623 611/152/608
f 619/168/616 633/176/630 634/178/631
f 611/152/608 627/179/624 612/153/609
f 620/154/617 634/178/631 635/180/632
f 612/153/609 628/181/625 613/155/610
f 621/156/618 635/180/632 636/182/633
f 613/155/610 629/183/626 614/157/611
f 622/158/619 636/182/633 637/184/634
f 614/157/611 630/169/627 615/159/612
f 626/177/623 642/187/639 627/179/624
f 635/180/632 649/202/646 650/186/647
f 627/179/624 643/188/640 628/181/625
f 636/182/633 650/186/647 651/189/648
f 628/181/625 644/190/641 629/183/626
f 637/184/634 651/189/648 652/191/649
f 629/183/626 645/192/642 630/169/627
f 638/185/635 652/191/649 653/193/650
f 630/169/627 646/194/643 631/170/628
f 639/171/636 653/193/650 654/195/651
f 631/170/628 647/196/644 632/172/629
f 625/174/622 564/197/82 640/198/637
f 790/199/308 639/171/636 654/195/651
f 633/176/630 647/196/644 648/200/645
f 625/174/622 641/201/638 626/177/623
f 634/178/631 648/200/645 649/202/646
f 645/192/642 661/204/658 646/194/643
f 654/195/651 668/219/665 669/203/666
f 646/194/643 662/205/659 647/196/644
f 640/198/637 564/206/82 655/207/652
f 790/208/308 654/195/651 669/203/666
f 648/200/645 662/205/659 663/209/660
f 640/198/637 656/210/653 641/201/638
f 649/202/646 663/209/660 664/211/661
f 641/201/638 657/212/654 642/187/639
f 650/186/647 664/211/661 665/213/662
f 642/187/639 658/214/655 643/188/640
f 651/189/648 665/213/662 666/215/663
f 643/188/640 659/216/656 644/190/641
f 652/191/649 666/215/663 667/217/664
f 644/190/641 660/218/657 645/192/642
f 653/193/650 667/217/664 668/219/665
f 665/213/662 679/234/676 680/236/677
f 657/212/654 673/221/670 658/214/655
f 666/215/663 680/236/677 681/220/678
f 658/214/655 674/222/671 659/216/656
f 667/217/664 681/220/678 682/223/679
f 659/216/656 675/224/672 660/218/657
f 668/219/665 682/223/679 683/225/680
f 660/218/657 676/226/673 661/204/658
f 669/203/666 683/225/680 684/227/681
f 661/204/658 677/228/674 662/205/659
f 655/207/652 564/229/82 670/230/667
f 790/231/308 669/203/666 684/227/681
f 663/209/660 677/228/674 678/232/675
f 655/207/652 671/233/668 656/210/653
f 664/211/661 678/232/675 679/234/676
f 656/210/653 672/235/669 657/212/654
f 684/227/681 698/251/695 699/240/696
f 676/226/673 692/253/689 677/228/674
f 670/230/667 564/237/82 685/238/682
f 790/239/308 684/227/681 699/240/696
f 678/232/675 692/253/689 693/241/690
f 670/230/667 686/242/683 671/233/668
f 679/234/676 693/241/690 694/243/691
f 671/233/668 687/244/684 672/235/669
f 680/236/677 694/243/691 695/245/692
f 672/235/669 688/246/685 673/221/670
f 681/220/678 695/245/692 696/247/693
f 673/221/670 689/248/686 674/222/671
f 682/223/679 696/247/693 697/249/694
f 674/222/671 690/250/687 675/224/672
f 683/225/680 697/249/694 698/251/695
f 675/224/672 691/252/688 676/226/673
f 696/247/693 710/269/707 711/270/708
f 688/246/685 704/255/701 689/248/686
f 697/249/694 711/270/708 712/256/709
f 689/248/686 705/257/702 690/250/687
f 698/251/695 712/256/709 713/258/710
f 690/250/687 706/259/703 691/252/688
f 699/240/696 713/258/710 714/260/711
f 691/252/688 707/261/704 692/253/689
f 685/238/682 564/262/82 700/263/697
f 790/264/308 699/240/696 714/260/711
f 693/241/690 707/261/704 708/265/705
f 685/238/682 701/266/698 686/242/683
f 694/243/691 708/265/705 709/267/706
f 686/242/683 702/268/699 687/244/684
f 695/245/692 709/267/706 710/269/707
f 687/244/684 703/254/700 688/246/685
f 700/263/697 564/286/82 715/272/712
f 790/287/308 714/260/711 729/284/725
f 708/265/705 722/285/240 723/271/719
f 700/263/697 716/273/713 701/266/698
f 709/267/706 723/271/719 724/274/720
f 701/266/698 717/275/714 702/268/699
f 710/269/707 724/274/720 725/276/721
f 702/268/699 718/277/715 703/254/700
f 711/270/708 725/276/721 726/278/722
f 703/254/700 719/279/716 704/255/701
f 712/256/709 726/278/722 727/280/723
f 704/255/701 720/281/717 705/257/702
f 713/258/710 727/280/723 728/282/724
f 705/257/702 721/283/718 706/259/703
f 714/260/711 728/282/724 729/284/725
f 706/259/703 722/285/240 707/261/704
f 719/279/716 733/303/729 734/304/730
f 726/278/722 742/289/738 727/280/723
f 720/281/717 734/304/730 735/290/731
f 727/280/723 743/291/739 728/282/724
f 721/283/718 735/290/731 736/292/732
f 728/282/724 744/293/740 729/284/725
f 722/285/240 736/292/732 737/294/733
f 715/272/712 564/295/82 730/296/726
f 790/297/308 729/284/725 744/293/740
f 722/285/240 738/298/734 723/271/719
f 716/273/713 730/296/726 731/299/727
f 723/271/719 739/300/735 724/274/720
f 717/275/714 731/299/727 732/301/728
f 724/274/720 740/302/736 725/276/721
f 718/277/715 732/301/728 733/303/729
f 725/276/721 741/288/737 726/278/722
f 737/294/733 753/306/749 738/298/734
f 731/299/727 745/320/741 746/305/742
f 738/298/734 754/307/750 739/300/735
f 732/301/728 746/305/742 747/308/743
f 739/300/735 755/309/751 740/302/736
f 733/303/729 747/308/743 748/310/744
f 740/302/736 756/311/752 741/288/737
f 734/304/730 748/310/744 749/312/745
f 741/288/737 757/313/753 742/289/738
f 735/290/731 749/312/745 750/314/746
f 742/289/738 758/315/754 743/291/739
f 736/292/732 750/314/746 751/316/747
f 743/291/739 759/317/755 744/293/740
f 737/294/733 751/316/747 752/318/748
f 730/296/726 564/319/82 745/320/741
f 790/321/308 744/293/740 759/317/755
f 756/311/752 772/323/768 757/313/753
f 750/314/746 764/338/760 765/322/761
f 757/313/753 773/324/769 758/315/754
f 751/316/747 765/322/761 766/325/762
f 758/315/754 774/326/770 759/317/755
f 752/318/748 766/325/762 767/327/763
f 745/320/741 564/328/82 760/329/756
f 790/330/308 759/317/755 774/326/770
f 752/318/748 768/331/764 753/306/749
f 746/305/742 760/329/756 761/332/757
f 753/306/749 769/333/765 754/307/750
f 747/308/743 761/332/757 762/334/758
f 754/307/750 770/335/766 755/309/751
f 748/310/744 762/334/758 763/336/759
f 755/309/751 771/337/767 756/311/752
f 749/312/745 763/336/759 764/338/760
f 761/332/757 775/353/771 776/355/772
f 768/331/764 784/340/780 769/333/765
f 762/334/758 776/355/772 777/341/773
f 769/333/765 785/342/781 770/335/766
f 763/336/759 777/341/773 778/343/774
f 770/335/766 786/344/782 771/337/767
f 764/338/760 778/343/774 779/345/775
f 771/337/767 787/346/783 772/323/768
f 765/322/761 779/345/775 780/347/776
f 772/323/768 788/348/784 773/324/769
f 766/325/762 780/347/776 781/349/777
f 773/324/769 789/350/785 774/326/770
f 767/327/763 781/349/777 782/351/778
f 760/329/756 564/352/82 775/353/771
f 790/354/308 774/326/770 789/350/785
f 767/327/763 783/339/779 768/331/764
f 785/342/781 802/370/797 786/344/782
f 779/345/775 794/369/789 795/371/790
f 786/344/782 803/356/798 787/346/783
f 780/347/776 795/371/790 796/372/791
f 787/346/783 804/357/799 788/348/784
f 775/353/771 564/361/82 791/362/786
f 781/349/777 796/372/791 797/358/792
f 788/348/784 805/359/800 789/350/785
f 776/355/772 791/362/786 792/365/787
f 782/351/778 797/358/792 798/360/793
f 790/363/308 789/350/785 805/359/800
f 777/341/773 792/365/787 793/367/788
f 782/351/778 799/364/794 783/339/779
f 783/339/779 800/366/795 784/340/780
f 784/340/780 801/368/796 785/342/781
f 778/343/774 793/367/788 794/369/789
f 791/362/786 564/384/82 806/385/801
f 790/386/308 805/359/800 820/382/815
f 798/360/793 814/387/809 799/364/794
f 792/365/787 806/385/801 807/388/802
f 799/364/794 815/373/810 800/366/795
f 793/367/788 807/388/802 808/389/803
f 800/366/795 816/374/811 801/368/796
f 794/369/789 808/389/803 809/375/804
f 801/368/796 817/376/812 802/370/797
f 795/371/790 809/375/804 810/377/805
f 802/370/797 818/378/813 803/356/798
f 796/372/791 810/377/805 811/379/806
f 803/356/798 819/380/814 804/357/799
f 797/358/792 811/379/806 812/381/807
f 804/357/799 820/382/815 805/359/800
f 798/360/793 812/381/807 813/383/808
f 810/377/805 824/401/819 825/403/820
f 817/376/812 833/404/828 818/378/813
f 811/379/806 825/403/820 826/405/821
f 818/378/813 834/390/829 819/380/814
f 812/381/807 826/405/821 827/406/822
f 819/380/814 835/391/830 820/382/815
f 813/383/808 827/406/822 828/392/823
f 806/385/801 564/393/82 821/394/816
f 790/395/308 820/382/815 835/391/830
f 813/383/808 829/396/824 814/387/809
f 807/388/802 821/394/816 822/397/817
f 814/387/809 830/398/825 815/373/810
f 808/389/803 822/397/817 823/399/818
f 815/373/810 831/400/826 816/374/811
f 809/375/804 823/399/818 824/401/819
f 816/374/811 832/402/827 817/376/812
f 828/392/823 844/420/838 829/396/824
f 822/397/817 836/418/831 837/421/832
f 829/396/824 845/422/839 830/398/825
f 823/399/818 837/421/832 838/423/833
f 830/398/825 846/408/840 831/400/826
f 824/401/819 838/423/833 839/407/834
f 831/400/826 847/409/841 832/402/827
f 825/403/820 839/407/834 840/410/835
f 832/402/827 848/411/842 833/404/828
f 826/405/821 840/410/835 841/412/836
f 833/404/828 849/413/843 834/390/829
f 827/406/822 841/412/836 842/414/837
f 834/390/829 850/415/844 835/391/830
f 828/392/823 842/414/837 843/416/361
f 821/394/816 564/417/82 836/418/831
f 790/419/308 835/391/830 850/415/844
f 848/450/842 862/445/856 863/449/857
f 840/447/835 856/452/850 841/451/836
f 849/454/843 863/449/857 864/453/858
f 841/451/836 857/425/851 842/455/837
f 850/431/844 864/453/858 865/432/859
f 842/455/837 858/426/852 843/424/361
f 836/427/831 564/428/82 851/429/845
f 790/430/308 850/431/844 865/432/859
f 844/434/838 858/426/852 859/433/853
f 836/427/831 852/436/846 837/435/832
f 845/438/839 859/433/853 860/437/854
f 837/435/832 853/440/847 838/439/833
f 846/442/840 860/437/854 861/441/855
f 838/439/833 854/444/848 839/443/834
f 847/446/841 861/441/855 862/445/856
f 839/443/834 855/448/849 840/447/835
f 851/429/845 867/469/861 852/436/846
f 860/437/854 874/468/868 875/470/869
f 852/436/846 868/471/862 853/440/847
f 861/441/855 875/470/869 876/472/870
f 853/440/847 869/457/863 854/444/848
f 862/445/856 876/472/870 877/456/871
f 854/444/848 870/458/864 855/448/849
f 863/449/857 877/456/871 878/459/872
f 855/448/849 871/460/865 856/452/850
f 864/453/858 878/459/872 879/461/873
f 856/452/850 872/462/866 857/425/851
f 865/432/859 879/461/873 880/463/874
f 857/425/851 873/464/867 858/426/852
f 851/429/845 564/465/82 866/466/860
f 790/467/308 865/432/859 880/463/874
f 859/433/853 873/464/867 874/468/868
f 870/458/864 886/486/880 871/460/865
f 879/461/873 893/485/887 894/487/888
f 871/460/865 887/488/881 872/462/866
f 880/463/874 894/487/888 895/476/889
f 872/462/866 888/489/882 873/464/867
f 866/466/860 564/473/82 881/474/875
f 790/475/308 880/463/874 895/476/889
f 874/468/868 888/489/882 889/477/883
f 866/466/860 882/478/876 867/469/861
f 875/470/869 889/477/883 890/479/884
f 867/469/861 883/480/877 868/471/862
f 876/472/870 890/479/884 891/481/885
f 868/471/862 884/482/878 869/457/863
f 877/456/871 891/481/885 892/483/886
f 869/457/863 885/484/879 870/458/864
f 878/459/872 892/483/886 893/485/887
f 890/479/884 904/501/898 905/503/899
f 882/478/876 898/504/892 883/480/877
f 891/481/885 905/503/899 906/505/900
f 883/480/877 899/490/893 884/482/878
f 892/483/886 906/505/900 907/506/901
f 884/482/878 900/491/894 885/484/879
f 893/485/887 907/506/901 908/492/902
f 885/484/879 901/493/895 886/486/880
f 894/487/888 908/492/902 909/494/903
f 886/486/880 902/495/896 887/488/881
f 895/476/889 909/494/903 910/496/904
f 887/488/881 903/497/897 888/489/882
f 881/474/875 564/498/82 896/499/890
f 790/500/308 895/476/889 910/496/904
f 889/477/883 903/497/897 904/501/898
f 881/474/875 897/502/891 882/478/876
f 909/494/903 923/516/917 924/518/918
f 901/493/895 917/519/911 902/495/896
f 910/496/904 924/518/918 925/520/919
f 902/495/896 918/521/912 903/497/897
f 896/499/890 564/522/82 911/508/905
f 790/523/308 910/496/904 925/520/919
f 904/501/898 918/521/912 919/507/913
f 896/499/890 912/509/906 897/502/891
f 905/503/899 919/507/913 920/510/914
f 897/502/891 913/511/907 898/504/892
f 906/505/900 920/510/914 921/512/915
f 898/504/892 914/513/908 899/490/893
f 907/506/901 921/512/915 922/514/916
f 899/490/893 915/515/909 900/491/894
f 908/492/902 922/514/916 923/516/917
f 900/491/894 916/517/910 901/493/895
f 921/512/915 935/536/929 936/538/930
f 913/511/907 929/539/923 914/513/908
f 922/514/916 936/538/930 937/540/931
f 914/513/908 930/525/924 915/515/909
f 923/516/917 937/540/931 938/524/932
f 915/515/909 931/526/925 916/517/910
f 924/518/918 938/524/932 939/527/933
f 916/517/910 932/528/926 917/519/911
f 925/520/919 939/527/933 940/529/934
f 917/519/911 933/530/927 918/521/912
f 911/508/905 564/531/82 926/532/920
f 790/533/308 925/520/919 940/529/934
f 919/507/913 933/530/927 934/534/928
f 911/508/905 927/535/921 912/509/906
f 920/510/914 934/534/928 935/536/929
f 912/509/906 928/537/922 913/511/907
f 940/529/934 954/550/948 955/552/949
f 932/528/926 948/553/942 933/530/927
f 926/532/920 564/554/82 941/555/935
f 790/556/308 940/529/934 955/552/949
f 934/534/928 948/553/942 949/557/943
f 926/532/920 942/542/936 927/535/921
f 935/536/929 949/557/943 950/541/944
f 927/535/921 943/543/937 928/537/922
f 936/538/930 950/541/944 951/544/945
f 928/537/922 944/545/938 929/539/923
f 937/540/931 951/544/945 952/546/946
f 929/539/923 945/547/939 930/525/924
f 938/524/932 952/546/946 953/548/947
f 930/525/924 946/549/940 931/526/925
f 939/527/933 953/548/947 954/550/948
f 931/526/925 947/551/941 932/528/926
f 943/543/937 958/28/952 944/545/938
f 952/546/946 488/25/487 961/29/955
f 944/545/938 484/1/484 945/547/939
f 953/548/947 961/29/955 962/32/956
f 945/547/939 959/3/953 946/549/940
f 954/550/948 962/32/956 963/4/957
f 946/549/940 485/8/485 947/551/941
f 955/552/949 963/4/957 964/9/958
f 947/551/941 486/12/4 948/553/942
f 941/555/935 564/558/82 956/13/950
f 790/559/308 955/552/949 964/9/958
f 949/557/943 486/12/4 487/17/486
f 941/555/935 957/20/951 942/542/936
f 950/541/944 487/17/486 960/21/954
f 942/542/936 483/24/483 943/543/937
f 951/544/945 960/21/954 488/25/487
f 1027/560/1021 1006/561/1000 1026/562/1020
f 1020/563/1014 1018/564/1012 1445/565/1439
f 1441/566/1435 1013/567/1007 1022/568/1016
f 1027/560/1021 1269/569/1263 1005/570/999
f 1444/571/1438 1017/572/1011 1020/563/1014
f 1021/573/1015 1016/574/1010 1444/571/1438
f 1442/575/1436 1009/576/1003 1025/577/1019
f 1023/578/1017 1012/579/1006 1441/566/1435
f 1440/580/1434 1015/581/1009 1021/573/1015
f 1022/568/1016 1014/582/1008 1440/580/1434
f 1443/583/1437 1008/584/1002 1442/575/1436
f 1024/585/1018 1011/586/1005 1023/578/1017
f 1033/587/1027 1446/588/1440 1019/589/1013
f 1025/577/1019 1010/590/1004 1024/585/1018
f 1026/562/1020 1007/591/1001 1443/583/1437
f 1445/565/1439 1019/589/1013 1446/588/1440
f 1010/590/1004 998/592/992 1011/586/1005
f 1016/574/1010 992/593/986 1017/572/1011
f 1008/584/1002 1000/594/994 1009/576/1003
f 1009/576/1003 999/595/993 1010/590/1004
f 1011/586/1005 997/596/991 1012/579/1006
f 1017/572/1011 991/597/985 1018/564/1012
f 1014/582/1008 994/598/988 1015/581/1009
f 1018/564/1012 990/599/984 1019/589/1013
f 1015/581/1009 993/600/987 1016/574/1010
f 1033/601/1027 1019/589/1013 990/599/984
f 1012/579/1006 996/602/990 1013/567/1007
f 1013/567/1007 995/603/989 1014/582/1008
f 1005/570/999 1269/604/1263 1004/605/998
f 1005/570/999 1003/606/997 1006/561/1000
f 1006/561/1000 1002/607/996 1007/591/1001
f 1007/591/1001 1001/608/995 1008/584/1002
f 991/597/985 989/609/983 990/599/984
f 992/593/986 988/610/982 991/597/985
f 993/600/987 987/611/981 992/593/986
f 1003/606/997 977/612/971 1002/607/996
f 1004/605/998 976/613/970 1003/606/997
f 1001/608/995 979/614/973 1000/594/994
f 995/603/989 985/615/979 994/598/988
f 996/602/990 984/616/978 995/603/989
f 1004/605/998 1269/617/1263 975/618/969
f 1002/607/996 978/619/972 1001/608/995
f 997/596/991 983/620/977 996/602/990
f 1033/621/1027 990/599/984 989/609/983
f 998/592/992 982/622/976 997/596/991
f 994/598/988 986/623/980 993/600/987
f 999/595/993 981/624/975 998/592/992
f 1000/594/994 980/625/974 999/595/993
f 979/614/973 969/626/963 980/625/974
f 985/615/979 1029/627/1023 986/623/980
f 986/623/980 1030/628/1024 987/611/981
f 977/612/971 971/629/965 978/619/972
f 978/619/972 970/630/964 979/614/973
f 980/625/974 968/631/962 981/624/975
f 983/620/977 965/632/959 984/616/978
f 1033/633/1027 989/609/983 1032/634/1026
f 984/616/978 1028/635/1022 985/615/979
f 981/624/975 967/636/961 982/622/976
f 982/622/976 966/637/960 983/620/977
f 975/618/969 973/638/967 976/613/970
f 987/611/981 1031/639/1025 988/610/982
f 975/618/969 1269/640/1263 974/641/968
f 976/613/970 972/642/966 977/612/971
f 989/609/983 1031/639/1025 1032/634/1026
f 1030/628/1024 1047/643/1041 1031/639/1025
f 1033/644/1027 1032/634/1026 1048/645/1042
f 970/630/964 1038/646/1032 969/626/963
f 972/642/966 1040/647/1034 971/629/965
f 973/638/967 1041/648/1035 972/642/966
f 971/629/965 1039/649/1033 970/630/964
f 965/632/959 1044/650/1038 1028/635/1022
f 966/637/960 1034/651/1028 965/632/959
f 974/641/968 1042/652/1036 973/638/967
f 967/636/961 1035/653/1029 966/637/960
f 1029/627/1023 1046/654/1040 1030/628/1024
f 974/641/968 1269/655/1263 1043/656/1037
f 1028/635/1022 1045/657/1039 1029/627/1023
f 968/631/962 1036/658/1030 967/636/961
f 969/626/963 1037/659/1031 968/631/962
f 1032/634/1026 1047/643/1041 1048/645/1042
f 1035/653/1029 1049/660/1043 1034/651/1028
f 1040/647/1034 1054/661/1048 1039/649/1033
f 1034/651/1028 1059/662/1053 1044/650/1038
f 1039/649/1033 1053/663/1047 1038/646/1032
f 1044/650/1038 1060/664/1054 1045/657/1039
f 1045/657/1039 1061/665/1055 1046/654/1040
f 1043/656/1037 1269/666/1263 1058/667/1052
f 1047/643/1041 1061/665/1055 1062/668/1056
f 1048/645/1042 1062/668/1056 1063/669/1057
f 1038/646/1032 1052/670/1046 1037/659/1031
f 1043/656/1037 1057/671/1051 1042/652/1036
f 1033/672/1027 1048/645/1042 1063/669/1057
f 1037/659/1031 1051/673/1045 1036/658/1030
f 1042/652/1036 1056/674/1050 1041/648/1035
f 1036/658/1030 1050/675/1044 1035/653/1029
f 1041/648/1035 1055/676/1049 1040/647/1034
f 1053/663/1047 1067/677/1061 1052/670/1046
f 1063/669/1057 1077/678/1071 1078/679/1072
f 1052/670/1046 1066/680/1060 1051/673/1045
f 1058/667/1052 1269/681/1263 1073/682/1067
f 1033/683/1027 1063/669/1057 1078/679/1072
f 1051/673/1045 1065/684/1059 1050/675/1044
f 1058/667/1052 1072/685/1066 1057/671/1051
f 1050/675/1044 1064/686/1058 1049/660/1043
f 1057/671/1051 1071/687/1065 1056/674/1050
f 1049/660/1043 1074/688/1068 1059/662/1053
f 1056/674/1050 1070/689/1064 1055/676/1049
f 1059/662/1053 1075/690/1069 1060/664/1054
f 1055/676/1049 1069/691/1063 1054/661/1048
f 1060/664/1054 1076/692/1070 1061/665/1055
f 1054/661/1048 1068/693/1062 1053/663/1047
f 1062/668/1056 1076/692/1070 1077/678/1071
f 1064/686/1058 1089/694/1083 1074/688/1068
f 1071/687/1065 1085/695/1079 1070/689/1064
f 1074/688/1068 1090/696/1084 1075/690/1069
f 1070/689/1064 1084/697/1078 1069/691/1063
f 1075/690/1069 1091/698/1085 1076/692/1070
f 1069/691/1063 1083/699/1077 1068/693/1062
f 1077/678/1071 1091/698/1085 1092/700/1086
f 1068/693/1062 1082/701/1076 1067/677/1061
f 1078/679/1072 1092/700/1086 1093/702/1087
f 1067/677/1061 1081/703/1075 1066/680/1060
f 1073/682/1067 1269/704/1263 1088/705/1082
f 1033/706/1027 1078/679/1072 1093/702/1087
f 1066/680/1060 1080/707/1074 1065/684/1059
f 1073/682/1067 1087/708/1081 1072/685/1066
f 1065/684/1059 1079/709/1073 1064/686/1058
f 1072/685/1066 1086/710/1080 1071/687/1065
f 1093/702/1087 1107/711/1101 1108/712/1102
f 1082/701/1076 1096/713/1090 1081/703/1075
f 1088/705/1082 1269/714/1263 1103/715/1097
f 1033/716/1027 1093/702/1087 1108/712/1102
f 1081/703/1075 1095/717/1089 1080/707/1074
f 1088/705/1082 1102/718/1096 1087/708/1081
f 1080/707/1074 1094/719/1088 1079/709/1073
f 1087/708/1081 1101/720/1095 1086/710/1080
f 1079/709/1073 1104/721/1098 1089/694/1083
f 1086/710/1080 1100/722/1094 1085/695/1079
f 1089/694/1083 1105/723/1099 1090/696/1084
f 1085/695/1079 1099/724/1093 1084/697/1078
f 1090/696/1084 1106/725/1100 1091/698/1085
f 1084/697/1078 1098/726/1092 1083/699/1077
f 1092/700/1086 1106/725/1100 1107/711/1101
f 1083/699/1077 1097/727/1091 1082/701/1076
f 1105/723/1099 1119/728/1113 1120/729/1114
f 1099/724/1093 1115/730/1109 1114/731/1108
f 1105/723/1099 1121/732/1115 1106/725/1100
f 1098/726/1092 1114/731/1108 1113/733/1107
f 1106/725/1100 1122/734/1116 1107/711/1101
f 1097/727/1091 1113/733/1107 1112/735/1106
f 1107/711/1101 1123/736/1117 1108/712/1102
f 1096/713/1090 1112/735/1106 1111/737/1105
f 1103/715/1097 1269/738/1263 1118/739/1112
f 1033/740/1027 1108/712/1102 1123/736/1117
f 1095/717/1089 1111/737/1105 1110/741/1104
f 1102/718/1096 1118/739/1112 1117/742/1111
f 1094/719/1088 1110/741/1104 1109/743/1103
f 1101/720/1095 1117/742/1111 1116/744/1110
f 1104/721/1098 1109/743/1103 1119/728/1113
f 1100/722/1094 1116/744/1110 1115/730/1109
f 1118/739/1112 1269/745/1263 1133/746/1127
f 1033/747/1027 1123/736/1117 1138/748/1132
f 1110/741/1104 1126/749/1120 1125/750/1119
f 1117/742/1111 1133/746/1127 1132/751/1126
f 1109/743/1103 1125/750/1119 1124/752/1118
f 1116/744/1110 1132/751/1126 1131/753/1125
f 1119/728/1113 1124/752/1118 1134/754/1128
f 1115/730/1109 1131/753/1125 1130/755/1124
f 1120/729/1114 1134/754/1128 1135/756/1129
f 1114/731/1108 1130/755/1124 1129/757/1123
f 1121/732/1115 1135/756/1129 1136/758/1130
f 1113/733/1107 1129/757/1123 1128/759/1122
f 1121/732/1115 1137/760/1131 1122/734/1116
f 1112/735/1106 1128/759/1122 1127/761/1121
f 1122/734/1116 1138/748/1132 1123/736/1117
f 1111/737/1105 1127/761/1121 1126/749/1120
f 1129/757/1123 1145/762/1139 1144/763/1138
f 1136/758/1130 1150/764/1144 1151/765/1145
f 1128/759/1122 1144/763/1138 1143/766/1137
f 1136/758/1130 1152/767/1146 1137/760/1131
f 1127/761/1121 1143/766/1137 1142/768/1136
f 1137/760/1131 1153/769/1147 1138/748/1132
f 1126/749/1120 1142/768/1136 1141/770/1135
f 1133/746/1127 1269/771/1263 1148/772/1142
f 1033/773/1027 1138/748/1132 1153/769/1147
f 1125/750/1119 1141/770/1135 1140/774/1134
f 1132/751/1126 1148/772/1142 1147/775/1141
f 1124/752/1118 1140/774/1134 1139/776/1133
f 1131/753/1125 1147/775/1141 1146/777/1140
f 1134/754/1128 1139/776/1133 1149/778/1143
f 1130/755/1124 1146/777/1140 1145/762/1139
f 1135/756/1129 1149/778/1143 1150/764/1144
f 1140/774/1134 1156/779/1150 1155/780/1149
f 1147/775/1141 1163/781/1157 1162/782/1156
f 1139/776/1133 1155/780/1149 1154/783/1148
f 1146/777/1140 1162/782/1156 1161/784/1155
f 1149/778/1143 1154/783/1148 1164/785/1158
f 1145/762/1139 1161/784/1155 1160/786/1154
f 1150/764/1144 1164/785/1158 1165/787/1159
f 1144/763/1138 1160/786/1154 1159/788/1153
f 1151/765/1145 1165/787/1159 1166/789/1160
f 1143/766/1137 1159/788/1153 1158/790/1152
f 1151/765/1145 1167/791/1161 1152/767/1146
f 1142/768/1136 1158/790/1152 1157/792/1151
f 1152/767/1146 1168/793/1162 1153/769/1147
f 1141/770/1135 1157/792/1151 1156/779/1150
f 1148/772/1142 1269/794/1263 1163/781/1157
f 1033/795/1027 1153/769/1147 1168/793/1162
f 1166/789/1160 1180/796/1174 1181/797/1175
f 1158/790/1152 1174/798/1168 1173/799/1167
f 1167/791/1161 1181/797/1175 1182/800/1176
f 1157/792/1151 1173/799/1167 1172/801/1166
f 1167/791/1161 1183/802/1177 1168/793/1162
f 1156/779/1150 1172/801/1166 1171/803/1165
f 1163/781/1157 1269/804/1263 1178/805/1172
f 1033/806/1027 1168/793/1162 1183/802/1177
f 1155/780/1149 1171/803/1165 1170/807/1164
f 1162/782/1156 1178/805/1172 1177/808/1171
f 1154/783/1148 1170/807/1164 1169/809/1163
f 1161/784/1155 1177/808/1171 1176/810/1170
f 1164/785/1158 1169/809/1163 1179/811/1173
f 1160/786/1154 1176/810/1170 1175/812/1169
f 1165/787/1159 1179/811/1173 1180/796/1174
f 1159/788/1153 1175/812/1169 1174/798/1168
f 1177/808/1171 1193/813/1187 1192/814/1186
f 1169/809/1163 1185/815/1179 1184/816/1178
f 1176/810/1170 1192/814/1186 1191/817/1185
f 1179/811/1173 1184/816/1178 1194/818/1188
f 1175/812/1169 1191/817/1185 1190/819/1184
f 1180/796/1174 1194/818/1188 1195/820/1189
f 1174/798/1168 1190/819/1184 1189/821/1183
f 1181/797/1175 1195/820/1189 1196/822/1190
f 1173/799/1167 1189/821/1183 1188/823/1182
f 1182/800/1176 1196/822/1190 1197/824/1191
f 1172/801/1166 1188/823/1182 1187/825/1181
f 1182/800/1176 1198/826/1192 1183/802/1177
f 1171/803/1165 1187/825/1181 1186/827/1180
f 1178/805/1172 1269/828/1263 1193/813/1187
f 1033/829/1027 1183/802/1177 1198/826/1192
f 1170/807/1164 1186/827/1180 1185/815/1179
f 1188/823/1182 1204/830/1198 1203/831/1197
f 1197/824/1191 1211/832/1205 1212/833/1206
f 1187/825/1181 1203/831/1197 1202/834/1196
f 1198/826/1192 1212/833/1206 1213/835/1207
f 1186/827/1180 1202/834/1196 1201/836/1195
f 1193/813/1187 1269/837/1263 1208/838/1202
f 1033/839/1027 1198/826/1192 1213/835/1207
f 1185/815/1179 1201/836/1195 1200/840/1194
f 1192/814/1186 1208/838/1202 1207/841/1201
f 1184/816/1178 1200/840/1194 1199/842/1193
f 1191/817/1185 1207/841/1201 1206/843/1200
f 1194/818/1188 1199/842/1193 1209/844/1203
f 1190/819/1184 1206/843/1200 1205/845/1199
f 1195/820/1189 1209/844/1203 1210/846/1204
f 1189/821/1183 1205/845/1199 1204/830/1198
f 1196/822/1190 1210/846/1204 1211/832/1205
f 1199/842/1193 1215/847/1209 1214/848/1208
f 1206/843/1200 1222/849/1216 1221/850/1215
f 1209/844/1203 1214/848/1208 1224/851/1218
f 1205/845/1199 1221/850/1215 1220/852/1214
f 1210/846/1204 1224/851/1218 1225/853/1219
f 1204/830/1198 1220/852/1214 1219/854/1213
f 1211/832/1205 1225/853/1219 1226/855/1220
f 1203/831/1197 1219/854/1213 1218/856/1212
f 1212/833/1206 1226/855/1220 1227/857/1221
f 1202/834/1196 1218/856/1212 1217/858/1211
f 1213/835/1207 1227/857/1221 1228/859/1222
f 1201/836/1195 1217/858/1211 1216/860/1210
f 1208/838/1202 1269/861/1263 1223/862/1217
f 1033/863/1027 1213/835/1207 1228/859/1222
f 1200/840/1194 1216/860/1210 1215/847/1209
f 1207/841/1201 1223/862/1217 1222/849/1216
f 1227/857/1221 1241/864/1235 1242/865/1236
f 1217/858/1211 1233/866/1227 1232/867/1226
f 1228/859/1222 1242/865/1236 1243/868/1237
f 1216/860/1210 1232/867/1226 1231/869/1225
f 1223/862/1217 1269/870/1263 1238/871/1232
f 1033/872/1027 1228/859/1222 1243/868/1237
f 1215/847/1209 1231/869/1225 1230/873/1224
f 1222/849/1216 1238/871/1232 1237/874/1231
f 1214/848/1208 1230/873/1224 1229/875/1223
f 1221/850/1215 1237/874/1231 1236/876/1230
f 1224/851/1218 1229/875/1223 1239/877/1233
f 1220/852/1214 1236/876/1230 1235/878/1229
f 1225/853/1219 1239/877/1233 1240/879/1234
f 1219/854/1213 1235/878/1229 1234/880/1228
f 1226/855/1220 1240/879/1234 1241/864/1235
f 1218/856/1212 1234/880/1228 1233/866/1227
f 1239/877/1233 1244/881/1238 1254/882/1248
f 1235/878/1229 1251/883/1245 1250/884/1244
f 1240/879/1234 1254/882/1248 1255/885/1249
f 1234/880/1228 1250/884/1244 1249/886/1243
f 1241/864/1235 1255/885/1249 1256/887/1250
f 1233/866/1227 1249/886/1243 1248/888/1242
f 1242/865/1236 1256/887/1250 1257/889/1251
f 1232/867/1226 1248/888/1242 1247/890/1241
f 1243/868/1237 1257/889/1251 1258/891/1252
f 1231/869/1225 1247/890/1241 1246/892/1240
f 1238/871/1232 1269/893/1263 1253/894/1247
f 1033/895/1027 1243/868/1237 1258/891/1252
f 1230/873/1224 1246/892/1240 1245/896/1239
f 1237/874/1231 1253/894/1247 1252/897/1246
f 1229/875/1223 1245/896/1239 1244/881/1238
f 1236/876/1230 1252/897/1246 1251/883/1245
f 1258/891/1252 1273/898/1267 1274/899/1268
f 1246/892/1240 1262/900/1256 1261/901/1255
f 1253/894/1247 1269/902/1263 1268/903/1262
f 1033/904/1027 1258/891/1252 1274/899/1268
f 1245/896/1239 1261/901/1255 1260/905/1254
f 1253/894/1247 1267/906/1261 1252/897/1246
f 1244/881/1238 1260/905/1254 1259/907/1253
f 1251/883/1245 1267/906/1261 1266/908/1260
f 1254/882/1248 1259/907/1253 1270/909/1264
f 1250/884/1244 1266/908/1260 1265/910/1259
f 1255/885/1249 1270/909/1264 1271/911/1265
f 1249/886/1243 1265/910/1259 1264/912/1258
f 1256/887/1250 1271/911/1265 1272/913/1266
f 1248/888/1242 1264/912/1258 1263/914/1257
f 1257/889/1251 1272/913/1266 1273/898/1267
f 1247/890/1241 1263/914/1257 1262/900/1256
f 1265/910/1259 1282/915/1276 1281/916/1275
f 1271/911/1265 1285/917/1279 1286/918/1280
f 1264/912/1258 1281/916/1275 1280/919/1274
f 1272/913/1266 1286/918/1280 1287/920/1281
f 1263/914/1257 1280/919/1274 1279/921/1273
f 1273/898/1267 1287/920/1281 1288/922/1282
f 1262/900/1256 1279/921/1273 1278/923/1272
f 1274/899/1268 1288/922/1282 1289/924/1283
f 1261/901/1255 1278/923/1272 1277/925/1271
f 1268/903/1262 1269/926/1263 1284/927/1278
f 1033/928/1027 1274/899/1268 1289/924/1283
f 1260/905/1254 1277/925/1271 1276/929/1270
f 1268/903/1262 1283/930/1277 1267/906/1261
f 1259/907/1253 1276/929/1270 1275/931/1269
f 1266/908/1260 1283/930/1277 1282/915/1276
f 1270/909/1264 1275/931/1269 1285/917/1279
f 1277/925/1271 1293/932/1287 1292/933/1286
f 1284/927/1278 1269/934/1263 1299/935/1293
f 1033/936/1027 1289/924/1283 1304/937/1298
f 1276/929/1270 1292/933/1286 1291/938/1285
f 1284/927/1278 1298/939/1292 1283/930/1277
f 1275/931/1269 1291/938/1285 1290/940/1284
f 1283/930/1277 1297/941/1291 1282/915/1276
f 1285/917/1279 1290/940/1284 1300/942/1294
f 1281/916/1275 1297/941/1291 1296/943/1290
f 1286/918/1280 1300/942/1294 1301/944/1295
f 1280/919/1274 1296/943/1290 1295/945/1289
f 1287/920/1281 1301/944/1295 1302/946/1296
f 1279/921/1273 1295/945/1289 1294/947/1288
f 1288/922/1282 1302/946/1296 1303/948/1297
f 1278/923/1272 1294/947/1288 1293/932/1287
f 1289/924/1283 1303/948/1297 1304/937/1298
f 1301/944/1295 1315/949/1309 1316/950/1310
f 1295/945/1289 1311/951/1305 1310/952/1304
f 1302/946/1296 1316/950/1310 1317/953/1311
f 1294/947/1288 1310/952/1304 1309/954/1303
f 1303/948/1297 1317/953/1311 1318/955/1312
f 1293/932/1287 1309/954/1303 1308/956/1302
f 1304/937/1298 1318/955/1312 1319/957/1313
f 1292/933/1286 1308/956/1302 1307/958/1301
f 1299/935/1293 1269/959/1263 1314/960/1308
f 1033/961/1027 1304/937/1298 1319/957/1313
f 1291/938/1285 1307/958/1301 1306/962/1300
f 1299/935/1293 1313/963/1307 1298/939/1292
f 1290/940/1284 1306/962/1300 1305/964/1299
f 1298/939/1292 1312/965/1306 1297/941/1291
f 1300/942/1294 1305/964/1299 1315/949/1309
f 1296/943/1290 1312/965/1306 1311/951/1305
f 1314/960/1308 1269/966/1263 1329/967/1323
f 1033/968/1027 1319/957/1313 1334/969/1328
f 1306/962/1300 1322/970/1316 1321/971/1315
f 1314/960/1308 1328/972/1322 1313/963/1307
f 1305/964/1299 1321/971/1315 1320/973/1314
f 1313/963/1307 1327/974/1321 1312/965/1306
f 1315/949/1309 1320/973/1314 1330/975/1324
f 1311/951/1305 1327/974/1321 1326/976/1320
f 1316/950/1310 1330/975/1324 1331/977/1325
f 1310/952/1304 1326/976/1320 1325/978/1319
f 1317/953/1311 1331/977/1325 1332/979/1326
f 1309/954/1303 1325/978/1319 1324/980/1318
f 1318/955/1312 1332/979/1326 1333/981/1327
f 1308/956/1302 1324/980/1318 1323/982/1317
f 1319/957/1313 1333/981/1327 1334/969/1328
f 1307/958/1301 1323/982/1317 1322/970/1316
f 1325/983/1319 1341/984/1335 1340/985/1334
f 1332/986/1326 1346/987/1340 1347/988/1341
f 1324/989/1318 1340/985/1334 1339/990/1333
f 1333/991/1327 1347/988/1341 1348/992/1342
f 1323/993/1317 1339/990/1333 1338/994/1332
f 1334/995/1328 1348/992/1342 1349/996/1343
f 1322/997/1316 1338/994/1332 1337/998/1331
f 1329/999/1323 1269/1000/1263 1344/1001/1338
f 1033/1002/1027 1334/995/1328 1349/996/1343
f 1321/1003/1315 1337/998/1331 1336/1004/1330
f 1329/999/1323 1343/1005/1337 1328/1006/1322
f 1320/1007/1314 1336/1004/1330 1335/1008/1329
f 1328/1006/1322 1342/1009/1336 1327/1010/1321
f 1330/1011/1324 1335/1008/1329 1345/1012/1339
f 1326/1013/1320 1342/1009/1336 1341/984/1335
f 1331/1014/1325 1345/1012/1339 1346/987/1340
f 1337/998/1331 1351/1015/1345 1336/1004/1330
f 1343/1005/1337 1359/1016/1353 1358/1017/1352
f 1336/1004/1330 1350/1018/1344 1335/1008/1329
f 1342/1009/1336 1358/1017/1352 1357/1019/1351
f 1335/1008/1329 1360/1020/1354 1345/1012/1339
f 1341/984/1335 1357/1019/1351 1356/1021/1350
f 1345/1012/1339 1361/1022/1355 1346/987/1340
f 1341/984/1335 1355/1023/1349 1340/985/1334
f 1346/987/1340 1362/1024/1356 1347/988/1341
f 1340/985/1334 1354/1025/1348 1339/990/1333
f 1347/988/1341 1363/1026/1357 1348/992/1342
f 1339/990/1333 1353/1027/1347 1338/994/1332
f 1348/992/1342 1364/1028/1358 1349/996/1343
f 1338/994/1332 1352/1029/1346 1337/998/1331
f 1344/1001/1338 1269/1030/1263 1359/1016/1353
f 1033/1031/1027 1349/996/1343 1364/1028/1358
f 1361/1022/1355 1377/1032/1371 1362/1024/1356
f 1355/1023/1349 1369/1033/1363 1354/1025/1348
f 1362/1024/1356 1378/1034/1372 1363/1026/1357
f 1354/1025/1348 1368/1035/1362 1353/1027/1347
f 1363/1026/1357 1379/1036/1373 1364/1028/1358
f 1353/1027/1347 1367/1037/1361 1352/1029/1346
f 1359/1016/1353 1269/1038/1263 1374/1039/1368
f 1033/1040/1027 1364/1028/1358 1379/1036/1373
f 1352/1029/1346 1366/1041/1360 1351/1015/1345
f 1358/1017/1352 1374/1039/1368 1373/1042/1367
f 1351/1015/1345 1365/1043/1359 1350/1018/1344
f 1357/1019/1351 1373/1042/1367 1372/1044/1366
f 1350/1018/1344 1375/1045/1369 1360/1020/1354
f 1357/1019/1351 1371/1046/1365 1356/1021/1350
f 1360/1020/1354 1376/1047/1370 1361/1022/1355
f 1356/1021/1350 1370/1048/1364 1355/1023/1349
f 1366/1041/1360 1380/1049/1374 1365/1043/1359
f 1372/1044/1366 1388/1050/1382 1387/1051/1381
f 1365/1043/1359 1390/1052/1384 1375/1045/1369
f 1372/1044/1366 1386/1053/1380 1371/1046/1365
f 1375/1045/1369 1391/1054/1385 1376/1047/1370
f 1371/1046/1365 1385/1055/1379 1370/1048/1364
f 1376/1047/1370 1392/1056/1386 1377/1032/1371
f 1370/1048/1364 1384/1057/1378 1369/1033/1363
f 1377/1032/1371 1393/1058/1387 1378/1034/1372
f 1369/1033/1363 1383/1059/1377 1368/1035/1362
f 1378/1034/1372 1394/1060/1388 1379/1036/1373
f 1368/1035/1362 1382/1061/1376 1367/1037/1361
f 1374/1039/1368 1269/1062/1263 1389/1063/1383
f 1033/1064/1027 1379/1036/1373 1394/1060/1388
f 1367/1037/1361 1381/1065/1375 1366/1041/1360
f 1373/1042/1367 1389/1063/1383 1388/1050/1382
f 1392/1056/1386 1408/1066/1402 1393/1058/1387
f 1384/1057/1378 1398/1067/1392 1383/1059/1377
f 1393/1058/1387 1409/1068/1403 1394/1060/1388
f 1383/1059/1377 1397/1069/1391 1382/1061/1376
f 1389/1063/1383 1269/1070/1263 1404/1071/1398
f 1033/1072/1027 1394/1060/1388 1409/1068/1403
f 1382/1061/1376 1396/1073/1390 1381/1065/1375
f 1388/1050/1382 1404/1071/1398 1403/1074/1397
f 1381/1065/1375 1395/1075/1389 1380/1049/1374
f 1387/1051/1381 1403/1074/1397 1402/1076/1396
f 1380/1049/1374 1405/1077/1399 1390/1052/1384
f 1387/1051/1381 1401/1078/1395 1386/1053/1380
f 1390/1052/1384 1406/1079/1400 1391/1054/1385
f 1386/1053/1380 1400/1080/1394 1385/1055/1379
f 1391/1054/1385 1407/1081/1401 1392/1056/1386
f 1385/1055/1379 1399/1082/1393 1384/1057/1378
f 1403/1074/1397 1417/1083/1411 1402/1076/1396
f 1395/1075/1389 1420/1084/1414 1405/1077/1399
f 1402/1076/1396 1416/1085/1410 1401/1078/1395
f 1405/1077/1399 1421/1086/1415 1406/1079/1400
f 1401/1078/1395 1415/1087/1409 1400/1080/1394
f 1406/1079/1400 1422/1088/1416 1407/1081/1401
f 1400/1080/1394 1414/1089/1408 1399/1082/1393
f 1407/1081/1401 1423/1090/1417 1408/1066/1402
f 1399/1082/1393 1413/1091/1407 1398/1067/1392
f 1408/1066/1402 1424/1092/1418 1409/1068/1403
f 1398/1067/1392 1412/1093/1406 1397/1069/1391
f 1404/1071/1398 1269/1094/1263 1419/1095/1413
f 1033/1096/1027 1409/1068/1403 1424/1092/1418
f 1397/1069/1391 1411/1097/1405 1396/1073/1390
f 1403/1074/1397 1419/1095/1413 1418/1098/1412
f 1396/1073/1390 1410/1099/1404 1395/1075/1389
f 1414/1089/1408 1428/1100/1422 1413/1091/1407
f 1423/1090/1417 1439/1101/1433 1424/1092/1418
f 1413/1091/1407 1427/1102/1421 1412/1093/1406
f 1419/1095/1413 1269/1103/1263 1434/1104/1428
f 1033/1105/1027 1424/1092/1418 1439/1101/1433
f 1412/1093/1406 1426/1106/1420 1411/1097/1405
f 1418/1098/1412 1434/1104/1428 1433/1107/1427
f 1411/1097/1405 1425/1108/1419 1410/1099/1404
f 1418/1098/1412 1432/1109/1426 1417/1083/1411
f 1410/1099/1404 1435/1110/1429 1420/1084/1414
f 1417/1083/1411 1431/1111/1425 1416/1085/1410
f 1420/1084/1414 1436/1112/1430 1421/1086/1415
f 1416/1085/1410 1430/1113/1424 1415/1087/1409
f 1421/1086/1415 1437/1114/1431 1422/1088/1416
f 1415/1087/1409 1429/1115/1423 1414/1089/1408
f 1422/1088/1416 1438/1116/1432 1423/1090/1417
f 1425/1108/1419 1021/573/1015 1435/1110/1429
f 1432/1109/1426 1442/575/1436 1431/1111/1425
f 1435/1110/1429 1444/571/1438 1436/1112/1430
f 1431/1111/1425 1025/577/1019 1430/1113/1424
f 1436/1112/1430 1020/563/1014 1437/1114/1431
f 1430/1113/1424 1024/585/1018 1429/1115/1423
f 1437/1114/1431 1445/565/1439 1438/1116/1432
f 1429/1115/1423 1023/578/1017 1428/1100/1422
f 1438/1116/1432 1446/588/1440 1439/1101/1433
f 1428/1100/1422 1441/566/1435 1427/1102/1421
f 1434/1104/1428 1269/1117/1263 1027/560/1021
f 1033/1118/1027 1439/1101/1433 1446/588/1440
f 1427/1102/1421 1022/568/1016 1426/1106/1420
f 1434/1104/1428 1026/562/1020 1433/1107/1427
f 1426/1106/1420 1440/580/1434 1425/1108/1419
f 1433/1107/1427 1443/583/1437 1432/1109/1426
f 1509/560/1503 1488/561/1482 1508/562/1502
f 1502/563/1496 1500/564/1494 1927/565/1921
f 1923/566/1917 1495/567/1489 1504/568/1498
f 1509/560/1503 1751/569/1745 1487/570/1481
f 1926/571/1920 1499/572/1493 1502/563/1496
f 1503/573/1497 1498/574/1492 1926/571/1920
f 1924/575/1918 1491/576/1485 1507/577/1501
f 1505/578/1499 1494/579/1488 1923/566/1917
f 1922/580/1916 1497/581/1491 1503/573/1497
f 1504/568/1498 1496/582/1490 1922/580/1916
f 1925/583/1919 1490/584/1484 1924/575/1918
f 1506/585/1500 1493/586/1487 1505/578/1499
f 1515/587/1509 1928/588/1922 1501/589/1495
f 1507/577/1501 1492/590/1486 1506/585/1500
f 1508/562/1502 1489/591/1483 1925/583/1919
f 1927/565/1921 1501/589/1495 1928/588/1922
f 1492/590/1486 1480/592/1474 1493/586/1487
f 1498/574/1492 1474/593/1468 1499/572/1493
f 1490/584/1484 1482/594/1476 1491/576/1485
f 1491/576/1485 1481/595/1475 1492/590/1486
f 1493/586/1487 1479/596/1473 1494/579/1488
f 1499/572/1493 1473/597/1467 1500/564/1494
f 1496/582/1490 1476/598/1470 1497/581/1491
f 1500/564/1494 1472/599/1466 1501/589/1495
f 1497/581/1491 1475/600/1469 1498/574/1492
f 1515/601/1509 1501/589/1495 1472/599/1466
f 1494/579/1488 1478/602/1472 1495/567/1489
f 1495/567/1489 1477/603/1471 1496/582/1490
f 1487/570/1481 1751/604/1745 1486/605/1480
f 1487/570/1481 1485/606/1479 1488/561/1482
f 1488/561/1482 1484/607/1478 1489/591/1483
f 1489/591/1483 1483/608/1477 1490/584/1484
f 1473/597/1467 1471/609/1465 1472/599/1466
f 1474/593/1468 1470/610/1464 1473/597/1467
f 1475/600/1469 1469/611/1463 1474/593/1468
f 1485/606/1479 1459/612/1453 1484/607/1478
f 1486/605/1480 1458/613/1452 1485/606/1479
f 1483/608/1477 1461/614/1455 1482/594/1476
f 1477/603/1471 1467/615/1461 1476/598/1470
f 1478/602/1472 1466/616/1460 1477/603/1471
f 1486/605/1480 1751/617/1745 1457/618/1451
f 1484/607/1478 1460/619/1454 1483/608/1477
f 1479/596/1473 1465/620/1459 1478/602/1472
f 1515/621/1509 1472/599/1466 1471/609/1465
f 1480/592/1474 1464/622/1458 1479/596/1473
f 1476/598/1470 1468/623/1462 1475/600/1469
f 1481/595/1475 1463/624/1457 1480/592/1474
f 1482/594/1476 1462/625/1456 1481/595/1475
f 1461/614/1455 1451/626/1445 1462/625/1456
f 1467/615/1461 1511/627/1505 1468/623/1462
f 1468/623/1462 1512/628/1506 1469/611/1463
f 1459/612/1453 1453/629/1447 1460/619/1454
f 1460/619/1454 1452/630/1446 1461/614/1455
f 1462/625/1456 1450/631/1444 1463/624/1457
f 1465/620/1459 1447/632/1441 1466/616/1460
f 1515/633/1509 1471/609/1465 1514/634/1508
f 1466/616/1460 1510/635/1504 1467/615/1461
f 1463/624/1457 1449/636/1443 1464/622/1458
f 1464/622/1458 1448/637/1442 1465/620/1459
f 1457/618/1451 1455/638/1449 1458/613/1452
f 1469/611/1463 1513/639/1507 1470/610/1464
f 1457/618/1451 1751/640/1745 1456/641/1450
f 1458/613/1452 1454/642/1448 1459/612/1453
f 1471/609/1465 1513/639/1507 1514/634/1508
f 1512/628/1506 1529/643/1523 1513/639/1507
f 1515/644/1509 1514/634/1508 1530/645/1524
f 1452/630/1446 1520/646/1514 1451/626/1445
f 1454/642/1448 1522/647/1516 1453/629/1447
f 1455/638/1449 1523/648/1517 1454/642/1448
f 1453/629/1447 1521/649/1515 1452/630/1446
f 1447/632/1441 1526/650/1520 1510/635/1504
f 1448/637/1442 1516/651/1510 1447/632/1441
f 1456/641/1450 1524/652/1518 1455/638/1449
f 1449/636/1443 1517/653/1511 1448/637/1442
f 1511/627/1505 1528/654/1522 1512/628/1506
f 1456/641/1450 1751/655/1745 1525/656/1519
f 1510/635/1504 1527/657/1521 1511/627/1505
f 1450/631/1444 1518/658/1512 1449/636/1443
f 1451/626/1445 1519/659/1513 1450/631/1444
f 1514/634/1508 1529/643/1523 1530/645/1524
f 1517/653/1511 1531/660/1525 1516/651/1510
f 1522/647/1516 1536/661/1530 1521/649/1515
f 1516/651/1510 1541/662/1535 1526/650/1520
f 1521/649/1515 1535/663/1529 1520/646/1514
f 1526/650/1520 1542/664/1536 1527/657/1521
f 1527/657/1521 1543/665/1537 1528/654/1522
f 1525/656/1519 1751/666/1745 1540/667/1534
f 1529/643/1523 1543/665/1537 1544/668/1538
f 1530/645/1524 1544/668/1538 1545/669/1539
f 1520/646/1514 1534/670/1528 1519/659/1513
f 1525/656/1519 1539/671/1533 1524/652/1518
f 1515/672/1509 1530/645/1524 1545/669/1539
f 1519/659/1513 1533/673/1527 1518/658/1512
f 1524/652/1518 1538/674/1532 1523/648/1517
f 1518/658/1512 1532/675/1526 1517/653/1511
f 1523/648/1517 1537/676/1531 1522/647/1516
f 1535/663/1529 1549/677/1543 1534/670/1528
f 1545/669/1539 1559/678/1553 1560/679/1554
f 1534/670/1528 1548/680/1542 1533/673/1527
f 1540/667/1534 1751/681/1745 1555/682/1549
f 1515/683/1509 1545/669/1539 1560/679/1554
f 1533/673/1527 1547/684/1541 1532/675/1526
f 1540/667/1534 1554/685/1548 1539/671/1533
f 1532/675/1526 1546/686/1540 1531/660/1525
f 1539/671/1533 1553/687/1547 1538/674/1532
f 1531/660/1525 1556/688/1550 1541/662/1535
f 1538/674/1532 1552/689/1546 1537/676/1531
f 1541/662/1535 1557/690/1551 1542/664/1536
f 1537/676/1531 1551/691/1545 1536/661/1530
f 1542/664/1536 1558/692/1552 1543/665/1537
f 1536/661/1530 1550/693/1544 1535/663/1529
f 1544/668/1538 1558/692/1552 1559/678/1553
f 1546/686/1540 1571/694/1565 1556/688/1550
f 1553/687/1547 1567/695/1561 1552/689/1546
f 1556/688/1550 1572/696/1566 1557/690/1551
f 1552/689/1546 1566/697/1560 1551/691/1545
f 1557/690/1551 1573/698/1567 1558/692/1552
f 1551/691/1545 1565/699/1559 1550/693/1544
f 1559/678/1553 1573/698/1567 1574/700/1568
f 1550/693/1544 1564/701/1558 1549/677/1543
f 1560/679/1554 1574/700/1568 1575/702/1569
f 1549/677/1543 1563/703/1557 1548/680/1542
f 1555/682/1549 1751/704/1745 1570/705/1564
f 1515/706/1509 1560/679/1554 1575/702/1569
f 1548/680/1542 1562/707/1556 1547/684/1541
f 1555/682/1549 1569/708/1563 1554/685/1548
f 1547/684/1541 1561/709/1555 1546/686/1540
f 1554/685/1548 1568/710/1562 1553/687/1547
f 1575/702/1569 1589/711/1583 1590/712/1584
f 1564/701/1558 1578/713/1572 1563/703/1557
f 1570/705/1564 1751/714/1745 1585/715/1579
f 1515/716/1509 1575/702/1569 1590/712/1584
f 1563/703/1557 1577/717/1571 1562/707/1556
f 1570/705/1564 1584/718/1578 1569/708/1563
f 1562/707/1556 1576/719/1570 1561/709/1555
f 1569/708/1563 1583/720/1577 1568/710/1562
f 1561/709/1555 1586/721/1580 1571/694/1565
f 1568/710/1562 1582/722/1576 1567/695/1561
f 1571/694/1565 1587/723/1581 1572/696/1566
f 1567/695/1561 1581/724/1575 1566/697/1560
f 1572/696/1566 1588/725/1582 1573/698/1567
f 1566/697/1560 1580/726/1574 1565/699/1559
f 1574/700/1568 1588/725/1582 1589/711/1583
f 1565/699/1559 1579/727/1573 1564/701/1558
f 1587/723/1581 1601/728/1595 1602/729/1596
f 1581/724/1575 1597/730/1591 1596/731/1590
f 1587/723/1581 1603/732/1597 1588/725/1582
f 1580/726/1574 1596/731/1590 1595/733/1589
f 1588/725/1582 1604/734/1598 1589/711/1583
f 1579/727/1573 1595/733/1589 1594/735/1588
f 1589/711/1583 1605/736/1599 1590/712/1584
f 1578/713/1572 1594/735/1588 1593/737/1587
f 1585/715/1579 1751/738/1745 1600/739/1594
f 1515/740/1509 1590/712/1584 1605/736/1599
f 1577/717/1571 1593/737/1587 1592/741/1586
f 1584/718/1578 1600/739/1594 1599/742/1593
f 1576/719/1570 1592/741/1586 1591/743/1585
f 1583/720/1577 1599/742/1593 1598/744/1592
f 1586/721/1580 1591/743/1585 1601/728/1595
f 1582/722/1576 1598/744/1592 1597/730/1591
f 1600/739/1594 1751/745/1745 1615/746/1609
f 1515/747/1509 1605/736/1599 1620/748/1614
f 1592/741/1586 1608/749/1602 1607/750/1601
f 1599/742/1593 1615/746/1609 1614/751/1608
f 1591/743/1585 1607/750/1601 1606/752/1600
f 1598/744/1592 1614/751/1608 1613/753/1607
f 1601/728/1595 1606/752/1600 1616/754/1610
f 1597/730/1591 1613/753/1607 1612/755/1606
f 1602/729/1596 1616/754/1610 1617/756/1611
f 1596/731/1590 1612/755/1606 1611/757/1605
f 1603/732/1597 1617/756/1611 1618/758/1612
f 1595/733/1589 1611/757/1605 1610/759/1604
f 1603/732/1597 1619/760/1613 1604/734/1598
f 1594/735/1588 1610/759/1604 1609/761/1603
f 1604/734/1598 1620/748/1614 1605/736/1599
f 1593/737/1587 1609/761/1603 1608/749/1602
f 1611/757/1605 1627/762/1621 1626/763/1620
f 1618/758/1612 1632/764/1626 1633/765/1627
f 1610/759/1604 1626/763/1620 1625/766/1619
f 1618/758/1612 1634/767/1628 1619/760/1613
f 1609/761/1603 1625/766/1619 1624/768/1618
f 1619/760/1613 1635/769/1629 1620/748/1614
f 1608/749/1602 1624/768/1618 1623/770/1617
f 1615/746/1609 1751/771/1745 1630/772/1624
f 1515/773/1509 1620/748/1614 1635/769/1629
f 1607/750/1601 1623/770/1617 1622/774/1616
f 1614/751/1608 1630/772/1624 1629/775/1623
f 1606/752/1600 1622/774/1616 1621/776/1615
f 1613/753/1607 1629/775/1623 1628/777/1622
f 1616/754/1610 1621/776/1615 1631/778/1625
f 1612/755/1606 1628/777/1622 1627/762/1621
f 1617/756/1611 1631/778/1625 1632/764/1626
f 1622/774/1616 1638/779/1632 1637/780/1631
f 1629/775/1623 1645/781/1639 1644/782/1638
f 1621/776/1615 1637/780/1631 1636/783/1630
f 1628/777/1622 1644/782/1638 1643/784/1637
f 1631/778/1625 1636/783/1630 1646/785/1640
f 1627/762/1621 1643/784/1637 1642/786/1636
f 1632/764/1626 1646/785/1640 1647/787/1641
f 1626/763/1620 1642/786/1636 1641/788/1635
f 1633/765/1627 1647/787/1641 1648/789/1642
f 1625/766/1619 1641/788/1635 1640/790/1634
f 1633/765/1627 1649/791/1643 1634/767/1628
f 1624/768/1618 1640/790/1634 1639/792/1633
f 1634/767/1628 1650/793/1644 1635/769/1629
f 1623/770/1617 1639/792/1633 1638/779/1632
f 1630/772/1624 1751/794/1745 1645/781/1639
f 1515/795/1509 1635/769/1629 1650/793/1644
f 1648/789/1642 1662/796/1656 1663/797/1657
f 1640/790/1634 1656/798/1650 1655/799/1649
f 1649/791/1643 1663/797/1657 1664/800/1658
f 1639/792/1633 1655/799/1649 1654/801/1648
f 1649/791/1643 1665/802/1659 1650/793/1644
f 1638/779/1632 1654/801/1648 1653/803/1647
f 1645/781/1639 1751/804/1745 1660/805/1654
f 1515/806/1509 1650/793/1644 1665/802/1659
f 1637/780/1631 1653/803/1647 1652/807/1646
f 1644/782/1638 1660/805/1654 1659/808/1653
f 1636/783/1630 1652/807/1646 1651/809/1645
f 1643/784/1637 1659/808/1653 1658/810/1652
f 1646/785/1640 1651/809/1645 1661/811/1655
f 1642/786/1636 1658/810/1652 1657/812/1651
f 1647/787/1641 1661/811/1655 1662/796/1656
f 1641/788/1635 1657/812/1651 1656/798/1650
f 1659/808/1653 1675/813/1669 1674/814/1668
f 1651/809/1645 1667/815/1661 1666/816/1660
f 1658/810/1652 1674/814/1668 1673/817/1667
f 1661/811/1655 1666/816/1660 1676/818/1670
f 1657/812/1651 1673/817/1667 1672/819/1666
f 1662/796/1656 1676/818/1670 1677/820/1671
f 1656/798/1650 1672/819/1666 1671/821/1665
f 1663/797/1657 1677/820/1671 1678/822/1672
f 1655/799/1649 1671/821/1665 1670/823/1664
f 1664/800/1658 1678/822/1672 1679/824/1673
f 1654/801/1648 1670/823/1664 1669/825/1663
f 1664/800/1658 1680/826/1674 1665/802/1659
f 1653/803/1647 1669/825/1663 1668/827/1662
f 1660/805/1654 1751/828/1745 1675/813/1669
f 1515/829/1509 1665/802/1659 1680/826/1674
f 1652/807/1646 1668/827/1662 1667/815/1661
f 1670/823/1664 1686/830/1680 1685/831/1679
f 1679/824/1673 1693/832/1687 1694/833/1688
f 1669/825/1663 1685/831/1679 1684/834/1678
f 1680/826/1674 1694/833/1688 1695/835/1689
f 1668/827/1662 1684/834/1678 1683/836/1677
f 1675/813/1669 1751/837/1745 1690/838/1684
f 1515/839/1509 1680/826/1674 1695/835/1689
f 1667/815/1661 1683/836/1677 1682/840/1676
f 1674/814/1668 1690/838/1684 1689/841/1683
f 1666/816/1660 1682/840/1676 1681/842/1675
f 1673/817/1667 1689/841/1683 1688/843/1682
f 1676/818/1670 1681/842/1675 1691/844/1685
f 1672/819/1666 1688/843/1682 1687/845/1681
f 1677/820/1671 1691/844/1685 1692/846/1686
f 1671/821/1665 1687/845/1681 1686/830/1680
f 1678/822/1672 1692/846/1686 1693/832/1687
f 1681/842/1675 1697/847/1691 1696/848/1690
f 1688/843/1682 1704/849/1698 1703/850/1697
f 1691/844/1685 1696/848/1690 1706/851/1700
f 1687/845/1681 1703/850/1697 1702/852/1696
f 1692/846/1686 1706/851/1700 1707/853/1701
f 1686/830/1680 1702/852/1696 1701/854/1695
f 1693/832/1687 1707/853/1701 1708/855/1702
f 1685/831/1679 1701/854/1695 1700/856/1694
f 1694/833/1688 1708/855/1702 1709/857/1703
f 1684/834/1678 1700/856/1694 1699/858/1693
f 1695/835/1689 1709/857/1703 1710/859/1704
f 1683/836/1677 1699/858/1693 1698/860/1692
f 1690/838/1684 1751/861/1745 1705/862/1699
f 1515/863/1509 1695/835/1689 1710/859/1704
f 1682/840/1676 1698/860/1692 1697/847/1691
f 1689/841/1683 1705/862/1699 1704/849/1698
f 1709/857/1703 1723/864/1717 1724/865/1718
f 1699/858/1693 1715/866/1709 1714/867/1708
f 1710/859/1704 1724/865/1718 1725/868/1719
f 1698/860/1692 1714/867/1708 1713/869/1707
f 1705/862/1699 1751/870/1745 1720/871/1714
f 1515/872/1509 1710/859/1704 1725/868/1719
f 1697/847/1691 1713/869/1707 1712/873/1706
f 1704/849/1698 1720/871/1714 1719/874/1713
f 1696/848/1690 1712/873/1706 1711/875/1705
f 1703/850/1697 1719/874/1713 1718/876/1712
f 1706/851/1700 1711/875/1705 1721/877/1715
f 1702/852/1696 1718/876/1712 1717/878/1711
f 1707/853/1701 1721/877/1715 1722/879/1716
f 1701/854/1695 1717/878/1711 1716/880/1710
f 1708/855/1702 1722/879/1716 1723/864/1717
f 1700/856/1694 1716/880/1710 1715/866/1709
f 1721/877/1715 1726/881/1720 1736/882/1730
f 1717/878/1711 1733/883/1727 1732/884/1726
f 1722/879/1716 1736/882/1730 1737/885/1731
f 1716/880/1710 1732/884/1726 1731/886/1725
f 1723/864/1717 1737/885/1731 1738/887/1732
f 1715/866/1709 1731/886/1725 1730/888/1724
f 1724/865/1718 1738/887/1732 1739/889/1733
f 1714/867/1708 1730/888/1724 1729/890/1723
f 1725/868/1719 1739/889/1733 1740/891/1734
f 1713/869/1707 1729/890/1723 1728/892/1722
f 1720/871/1714 1751/893/1745 1735/894/1729
f 1515/895/1509 1725/868/1719 1740/891/1734
f 1712/873/1706 1728/892/1722 1727/896/1721
f 1719/874/1713 1735/894/1729 1734/897/1728
f 1711/875/1705 1727/896/1721 1726/881/1720
f 1718/876/1712 1734/897/1728 1733/883/1727
f 1740/891/1734 1755/898/1749 1756/899/1750
f 1728/892/1722 1744/900/1738 1743/901/1737
f 1735/894/1729 1751/902/1745 1750/903/1744
f 1515/904/1509 1740/891/1734 1756/899/1750
f 1727/896/1721 1743/901/1737 1742/905/1736
f 1735/894/1729 1749/906/1743 1734/897/1728
f 1726/881/1720 1742/905/1736 1741/907/1735
f 1733/883/1727 1749/906/1743 1748/908/1742
f 1736/882/1730 1741/907/1735 1752/909/1746
f 1732/884/1726 1748/908/1742 1747/910/1741
f 1737/885/1731 1752/909/1746 1753/911/1747
f 1731/886/1725 1747/910/1741 1746/912/1740
f 1738/887/1732 1753/911/1747 1754/913/1748
f 1730/888/1724 1746/912/1740 1745/914/1739
f 1739/889/1733 1754/913/1748 1755/898/1749
f 1729/890/1723 1745/914/1739 1744/900/1738
f 1747/910/1741 1764/915/1758 1763/916/1757
f 1753/911/1747 1767/917/1761 1768/918/1762
f 1746/912/1740 1763/916/1757 1762/919/1756
f 1754/913/1748 1768/918/1762 1769/920/1763
f 1745/914/1739 1762/919/1756 1761/921/1755
f 1755/898/1749 1769/920/1763 1770/922/1764
f 1744/900/1738 1761/921/1755 1760/923/1754
f 1756/899/1750 1770/922/1764 1771/924/1765
f 1743/901/1737 1760/923/1754 1759/925/1753
f 1750/903/1744 1751/926/1745 1766/927/1760
f 1515/928/1509 1756/899/1750 1771/924/1765
f 1742/905/1736 1759/925/1753 1758/929/1752
f 1750/903/1744 1765/930/1759 1749/906/1743
f 1741/907/1735 1758/929/1752 1757/931/1751
f 1748/908/1742 1765/930/1759 1764/915/1758
f 1752/909/1746 1757/931/1751 1767/917/1761
f 1759/925/1753 1775/932/1769 1774/933/1768
f 1766/927/1760 1751/934/1745 1781/935/1775
f 1515/936/1509 1771/924/1765 1786/937/1780
f 1758/929/1752 1774/933/1768 1773/938/1767
f 1766/927/1760 1780/939/1774 1765/930/1759
f 1757/931/1751 1773/938/1767 1772/940/1766
f 1765/930/1759 1779/941/1773 1764/915/1758
f 1767/917/1761 1772/940/1766 1782/942/1776
f 1763/916/1757 1779/941/1773 1778/943/1772
f 1768/918/1762 1782/942/1776 1783/944/1777
f 1762/919/1756 1778/943/1772 1777/945/1771
f 1769/920/1763 1783/944/1777 1784/946/1778
f 1761/921/1755 1777/945/1771 1776/947/1770
f 1770/922/1764 1784/946/1778 1785/948/1779
f 1760/923/1754 1776/947/1770 1775/932/1769
f 1771/924/1765 1785/948/1779 1786/937/1780
f 1783/944/1777 1797/949/1791 1798/950/1792
f 1777/945/1771 1793/951/1787 1792/952/1786
f 1784/946/1778 1798/950/1792 1799/953/1793
f 1776/947/1770 1792/952/1786 1791/954/1785
f 1785/948/1779 1799/953/1793 1800/955/1794
f 1775/932/1769 1791/954/1785 1790/956/1784
f 1786/937/1780 1800/955/1794 1801/957/1795
f 1774/933/1768 1790/956/1784 1789/958/1783
f 1781/935/1775 1751/959/1745 1796/960/1790
f 1515/961/1509 1786/937/1780 1801/957/1795
f 1773/938/1767 1789/958/1783 1788/962/1782
f 1781/935/1775 1795/963/1789 1780/939/1774
f 1772/940/1766 1788/962/1782 1787/964/1781
f 1780/939/1774 1794/965/1788 1779/941/1773
f 1782/942/1776 1787/964/1781 1797/949/1791
f 1778/943/1772 1794/965/1788 1793/951/1787
f 1796/960/1790 1751/966/1745 1811/967/1805
f 1515/968/1509 1801/957/1795 1816/969/1810
f 1788/962/1782 1804/970/1798 1803/971/1797
f 1796/960/1790 1810/972/1804 1795/963/1789
f 1787/964/1781 1803/971/1797 1802/973/1796
f 1795/963/1789 1809/974/1803 1794/965/1788
f 1797/949/1791 1802/973/1796 1812/975/1806
f 1793/951/1787 1809/974/1803 1808/976/1802
f 1798/950/1792 1812/975/1806 1813/977/1807
f 1792/952/1786 1808/976/1802 1807/978/1801
f 1799/953/1793 1813/977/1807 1814/979/1808
f 1791/954/1785 1807/978/1801 1806/980/1800
f 1800/955/1794 1814/979/1808 1815/981/1809
f 1790/956/1784 1806/980/1800 1805/982/1799
f 1801/957/1795 1815/981/1809 1816/969/1810
f 1789/958/1783 1805/982/1799 1804/970/1798
f 1807/983/1801 1823/984/1817 1822/985/1816
f 1814/986/1808 1828/987/1822 1829/988/1823
f 1806/989/1800 1822/985/1816 1821/990/1815
f 1815/991/1809 1829/988/1823 1830/992/1824
f 1805/993/1799 1821/990/1815 1820/994/1814
f 1816/995/1810 1830/992/1824 1831/996/1825
f 1804/997/1798 1820/994/1814 1819/998/1813
f 1811/999/1805 1751/1000/1745 1826/1001/1820
f 1515/1002/1509 1816/995/1810 1831/996/1825
f 1803/1003/1797 1819/998/1813 1818/1004/1812
f 1811/999/1805 1825/1005/1819 1810/1006/1804
f 1802/1007/1796 1818/1004/1812 1817/1008/1811
f 1810/1006/1804 1824/1009/1818 1809/1010/1803
f 1812/1011/1806 1817/1008/1811 1827/1012/1821
f 1808/1013/1802 1824/1009/1818 1823/984/1817
f 1813/1014/1807 1827/1012/1821 1828/987/1822
f 1819/998/1813 1833/1015/1827 1818/1004/1812
f 1825/1005/1819 1841/1016/1835 1840/1017/1834
f 1818/1004/1812 1832/1018/1826 1817/1008/1811
f 1824/1009/1818 1840/1017/1834 1839/1019/1833
f 1817/1008/1811 1842/1020/1836 1827/1012/1821
f 1823/984/1817 1839/1019/1833 1838/1021/1832
f 1827/1012/1821 1843/1022/1837 1828/987/1822
f 1823/984/1817 1837/1023/1831 1822/985/1816
f 1828/987/1822 1844/1024/1838 1829/988/1823
f 1822/985/1816 1836/1025/1830 1821/990/1815
f 1829/988/1823 1845/1026/1839 1830/992/1824
f 1821/990/1815 1835/1027/1829 1820/994/1814
f 1830/992/1824 1846/1028/1840 1831/996/1825
f 1820/994/1814 1834/1029/1828 1819/998/1813
f 1826/1001/1820 1751/1030/1745 1841/1016/1835
f 1515/1031/1509 1831/996/1825 1846/1028/1840
f 1843/1022/1837 1859/1032/1853 1844/1024/1838
f 1837/1023/1831 1851/1033/1845 1836/1025/1830
f 1844/1024/1838 1860/1034/1854 1845/1026/1839
f 1836/1025/1830 1850/1035/1844 1835/1027/1829
f 1845/1026/1839 1861/1036/1855 1846/1028/1840
f 1835/1027/1829 1849/1037/1843 1834/1029/1828
f 1841/1016/1835 1751/1038/1745 1856/1039/1850
f 1515/1040/1509 1846/1028/1840 1861/1036/1855
f 1834/1029/1828 1848/1041/1842 1833/1015/1827
f 1840/1017/1834 1856/1039/1850 1855/1042/1849
f 1833/1015/1827 1847/1043/1841 1832/1018/1826
f 1839/1019/1833 1855/1042/1849 1854/1044/1848
f 1832/1018/1826 1857/1045/1851 1842/1020/1836
f 1839/1019/1833 1853/1046/1847 1838/1021/1832
f 1842/1020/1836 1858/1047/1852 1843/1022/1837
f 1838/1021/1832 1852/1048/1846 1837/1023/1831
f 1848/1041/1842 1862/1049/1856 1847/1043/1841
f 1854/1044/1848 1870/1050/1864 1869/1051/1863
f 1847/1043/1841 1872/1052/1866 1857/1045/1851
f 1854/1044/1848 1868/1053/1862 1853/1046/1847
f 1857/1045/1851 1873/1054/1867 1858/1047/1852
f 1853/1046/1847 1867/1055/1861 1852/1048/1846
f 1858/1047/1852 1874/1056/1868 1859/1032/1853
f 1852/1048/1846 1866/1057/1860 1851/1033/1845
f 1859/1032/1853 1875/1058/1869 1860/1034/1854
f 1851/1033/1845 1865/1059/1859 1850/1035/1844
f 1860/1034/1854 1876/1060/1870 1861/1036/1855
f 1850/1035/1844 1864/1061/1858 1849/1037/1843
f 1856/1039/1850 1751/1062/1745 1871/1063/1865
f 1515/1064/1509 1861/1036/1855 1876/1060/1870
f 1849/1037/1843 1863/1065/1857 1848/1041/1842
f 1855/1042/1849 1871/1063/1865 1870/1050/1864
f 1874/1056/1868 1890/1066/1884 1875/1058/1869
f 1866/1057/1860 1880/1067/1874 1865/1059/1859
f 1875/1058/1869 1891/1068/1885 1876/1060/1870
f 1865/1059/1859 1879/1069/1873 1864/1061/1858
f 1871/1063/1865 1751/1070/1745 1886/1071/1880
f 1515/1072/1509 1876/1060/1870 1891/1068/1885
f 1864/1061/1858 1878/1073/1872 1863/1065/1857
f 1870/1050/1864 1886/1071/1880 1885/1074/1879
f 1863/1065/1857 1877/1075/1871 1862/1049/1856
f 1869/1051/1863 1885/1074/1879 1884/1076/1878
f 1862/1049/1856 1887/1077/1881 1872/1052/1866
f 1869/1051/1863 1883/1078/1877 1868/1053/1862
f 1872/1052/1866 1888/1079/1882 1873/1054/1867
f 1868/1053/1862 1882/1080/1876 1867/1055/1861
f 1873/1054/1867 1889/1081/1883 1874/1056/1868
f 1867/1055/1861 1881/1082/1875 1866/1057/1860
f 1885/1074/1879 1899/1083/1893 1884/1076/1878
f 1877/1075/1871 1902/1084/1896 1887/1077/1881
f 1884/1076/1878 1898/1085/1892 1883/1078/1877
f 1887/1077/1881 1903/1086/1897 1888/1079/1882
f 1883/1078/1877 1897/1087/1891 1882/1080/1876
f 1888/1079/1882 1904/1088/1898 1889/1081/1883
f 1882/1080/1876 1896/1089/1890 1881/1082/1875
f 1889/1081/1883 1905/1090/1899 1890/1066/1884
f 1881/1082/1875 1895/1091/1889 1880/1067/1874
f 1890/1066/1884 1906/1092/1900 1891/1068/1885
f 1880/1067/1874 1894/1093/1888 1879/1069/1873
f 1886/1071/1880 1751/1094/1745 1901/1095/1895
f 1515/1096/1509 1891/1068/1885 1906/1092/1900
f 1879/1069/1873 1893/1097/1887 1878/1073/1872
f 1885/1074/1879 1901/1095/1895 1900/1098/1894
f 1878/1073/1872 1892/1099/1886 1877/1075/1871
f 1896/1089/1890 1910/1100/1904 1895/1091/1889
f 1905/1090/1899 1921/1101/1915 1906/1092/1900
f 1895/1091/1889 1909/1102/1903 1894/1093/1888
f 1901/1095/1895 1751/1103/1745 1916/1104/1910
f 1515/1105/1509 1906/1092/1900 1921/1101/1915
f 1894/1093/1888 1908/1106/1902 1893/1097/1887
f 1900/1098/1894 1916/1104/1910 1915/1107/1909
f 1893/1097/1887 1907/1108/1901 1892/1099/1886
f 1900/1098/1894 1914/1109/1908 1899/1083/1893
f 1892/1099/1886 1917/1110/1911 1902/1084/1896
f 1899/1083/1893 1913/1111/1907 1898/1085/1892
f 1902/1084/1896 1918/1112/1912 1903/1086/1897
f 1898/1085/1892 1912/1113/1906 1897/1087/1891
f 1903/1086/1897 1919/1114/1913 1904/1088/1898
f 1897/1087/1891 1911/1115/1905 1896/1089/1890
f 1904/1088/1898 1920/1116/1914 1905/1090/1899
f 1907/1108/1901 1503/573/1497 1917/1110/1911
f 1914/1109/1908 1924/575/1918 1913/1111/1907
f 1917/1110/1911 1926/571/1920 1918/1112/1912
f 1913/1111/1907 1507/577/1501 1912/1113/1906
f 1918/1112/1912 1502/563/1496 1919/1114/1913
f 1912/1113/1906 1506/585/1500 1911/1115/1905
f 1919/1114/1913 1927/565/1921 1920/1116/1914
f 1911/1115/1905 1505/578/1499 1910/1100/1904
f 1920/1116/1914 1928/588/1922 1921/1101/1915
f 1910/1100/1904 1923/566/1917 1909/1102/1903
f 1916/1104/1910 1751/1117/1745 1509/560/1503
f 1515/1118/1509 1921/1101/1915 1928/588/1922
f 1909/1102/1903 1504/568/1498 1908/1106/1902
f 1916/1104/1910 1508/562/1502 1915/1107/1909
f 1908/1106/1902 1922/580/1916 1907/1108/1901
f 1915/1107/1909 1925/583/1919 1914/1109/1908
f 1990/20/1984 1969/15/1963 1970/19/1964
f 1984/1119/1978 1982/6/1976 2409/4/2403
f 2405/12/2399 1977/18/1971 1986/17/1980
f 1991/1120/1985 2233/14/2227 1969/15/1963
f 2408/29/2402 1981/5/1975 1984/1119/1978
f 1985/25/1979 1980/30/1974 2408/29/2402
f 2406/28/2400 1973/31/1967 1989/1/1983
f 1987/8/1981 1976/11/1970 2405/12/2399
f 2404/21/2398 1979/26/1973 1985/25/1979
f 1986/17/1980 1978/22/1972 2404/21/2398
f 2407/1121/2401 1972/27/1966 2406/28/2400
f 1988/1122/1982 1975/7/1969 1987/8/1981
f 1997/16/1991 2410/9/2404 1983/10/1977
f 1989/1/1983 1974/2/1968 1988/1122/1982
f 2407/1121/2401 1970/19/1964 1971/23/1965
f 2409/4/2403 1983/10/1977 2410/9/2404
f 1974/2/1968 1962/39/1956 1975/7/1969
f 1981/5/1975 1957/34/1951 1956/36/1950
f 1972/27/1966 1964/35/1958 1973/31/1967
f 1973/31/1967 1963/37/1957 1974/2/1968
f 1975/7/1969 1961/41/1955 1976/11/1970
f 1982/6/1976 1956/36/1950 1955/38/1949
f 1979/26/1973 1959/47/1953 1958/33/1952
f 1983/10/1977 1955/38/1949 1954/40/1948
f 1980/30/1974 1958/33/1952 1957/34/1951
f 1997/44/1991 1983/10/1977 1954/40/1948
f 1976/11/1970 1960/45/1954 1977/18/1971
f 1977/18/1971 1959/47/1953 1978/22/1972
f 1969/15/1963 2233/42/2227 1968/43/1962
f 1969/15/1963 1967/46/1961 1970/19/1964
f 1970/19/1964 1966/48/1960 1971/23/1965
f 1971/23/1965 1965/49/1959 1972/27/1966
f 1954/40/1948 1952/63/1946 1953/51/1947
f 1955/38/1949 1951/61/1945 1952/63/1946
f 1956/36/1950 1950/59/1944 1951/61/1945
f 1967/46/1961 1941/56/1935 1966/48/1960
f 1968/43/1962 1940/54/1934 1967/46/1961
f 1965/49/1959 1943/60/1937 1964/35/1958
f 1958/33/1952 1948/55/1942 1949/57/1943
f 1959/47/1953 1947/53/1941 1948/55/1942
f 1968/43/1962 2233/65/2227 1939/66/1933
f 1966/48/1960 1942/58/1936 1965/49/1959
f 1961/41/1955 1947/53/1941 1960/45/1954
f 1997/50/1991 1954/40/1948 1953/51/1947
f 1962/39/1956 1946/52/1940 1961/41/1955
f 1957/34/1951 1949/57/1943 1950/59/1944
f 1963/37/1957 1945/64/1939 1962/39/1956
f 1964/35/1958 1944/62/1938 1963/37/1957
f 1943/60/1937 1933/69/1927 1944/62/1938
f 1950/59/1944 1992/81/1986 1993/67/1987
f 1951/61/1945 1993/67/1987 1994/68/1988
f 1941/56/1935 1935/82/1929 1942/58/1936
f 1942/58/1936 1934/83/1928 1943/60/1937
f 1944/62/1938 1932/71/1926 1945/64/1939
f 1948/55/1942 1930/77/1924 1929/79/1923
f 1997/76/1991 1953/51/1947 1996/72/1990
f 1949/57/1943 1929/79/1923 1992/81/1986
f 1945/64/1939 1931/73/1925 1946/52/1940
f 1946/52/1940 1930/77/1924 1947/53/1941
f 1939/66/1933 1937/78/1931 1940/54/1934
f 1952/63/1946 1994/68/1988 1995/70/1989
f 1939/66/1933 2233/74/2227 1938/75/1932
f 1940/54/1934 1936/80/1930 1941/56/1935
f 1953/51/1947 1995/70/1989 1996/72/1990
f 1995/70/1989 2010/92/2004 2011/94/2005
f 1997/100/1991 1996/72/1990 2012/96/2006
f 1934/83/1928 2002/93/1996 1933/69/1927
f 1936/80/1930 2004/89/1998 1935/82/1929
f 1937/78/1931 2005/87/1999 1936/80/1930
f 1935/82/1929 2003/91/1997 1934/83/1928
f 1992/81/1986 1998/86/1992 2008/88/2002
f 1929/79/1923 1999/85/1993 1998/86/1992
f 1938/75/1932 2006/84/2000 1937/78/1931
f 1930/77/1924 2000/97/1994 1999/85/1993
f 1994/68/1988 2009/90/2003 2010/92/2004
f 1938/75/1932 2233/98/2227 2007/99/2001
f 1993/67/1987 2008/88/2002 2009/90/2003
f 1932/71/1926 2000/97/1994 1931/73/1925
f 1933/69/1927 2001/95/1995 1932/71/1926
f 1996/72/1990 2011/94/2005 2012/96/2006
f 1998/86/1992 2014/110/2008 2013/112/2007
f 2004/89/1998 2018/117/2012 2003/91/1997
f 2008/88/2002 2013/112/2007 2023/114/2017
f 2003/91/1997 2017/101/2011 2002/93/1996
f 2009/90/2003 2023/114/2017 2024/116/2018
f 2010/92/2004 2024/116/2018 2025/102/2019
f 2007/99/2001 2233/107/2227 2022/108/2016
f 2011/94/2005 2025/102/2019 2026/103/2020
f 2012/96/2006 2026/103/2020 2027/105/2021
f 2002/93/1996 2016/104/2010 2001/95/1995
f 2007/99/2001 2021/111/2015 2006/84/2000
f 1997/109/1991 2012/96/2006 2027/105/2021
f 2001/95/1995 2015/106/2009 2000/97/1994
f 2006/84/2000 2020/113/2014 2005/87/1999
f 1999/85/1993 2015/106/2009 2014/110/2008
f 2005/87/1999 2019/115/2013 2004/89/1998
f 2017/101/2011 2031/128/2025 2016/104/2010
f 2027/105/2021 2041/127/2035 2042/129/2036
f 2016/104/2010 2030/130/2024 2015/106/2009
f 2022/108/2016 2233/131/2227 2037/132/2031
f 1997/133/1991 2027/105/2021 2042/129/2036
f 2014/110/2008 2030/130/2024 2029/118/2023
f 2022/108/2016 2036/134/2030 2021/111/2015
f 2013/112/2007 2029/118/2023 2028/119/2022
f 2021/111/2015 2035/120/2029 2020/113/2014
f 2023/114/2017 2028/119/2022 2038/121/2032
f 2020/113/2014 2034/122/2028 2019/115/2013
f 2024/116/2018 2038/121/2032 2039/123/2033
f 2019/115/2013 2033/124/2027 2018/117/2012
f 2025/102/2019 2039/123/2033 2040/125/2034
f 2018/117/2012 2032/126/2026 2017/101/2011
f 2026/103/2020 2040/125/2034 2041/127/2035
f 2038/121/2032 2043/145/2037 2053/147/2047
f 2035/120/2029 2049/148/2043 2034/122/2028
f 2039/123/2033 2053/147/2047 2054/149/2048
f 2034/122/2028 2048/150/2042 2033/124/2027
f 2040/125/2034 2054/149/2048 2055/135/2049
f 2033/124/2027 2047/151/2041 2032/126/2026
f 2041/127/2035 2055/135/2049 2056/136/2050
f 2032/126/2026 2046/137/2040 2031/128/2025
f 2042/129/2036 2056/136/2050 2057/138/2051
f 2031/128/2025 2045/139/2039 2030/130/2024
f 2037/132/2031 2233/140/2227 2052/141/2046
f 1997/142/1991 2042/129/2036 2057/138/2051
f 2029/118/2023 2045/139/2039 2044/143/2038
f 2037/132/2031 2051/144/2045 2036/134/2030
f 2028/119/2022 2044/143/2038 2043/145/2037
f 2036/134/2030 2050/146/2044 2035/120/2029
f 2057/138/2051 2071/160/2065 2072/162/2066
f 2045/139/2039 2061/161/2055 2060/163/2054
f 2052/141/2046 2233/164/2227 2067/165/2061
f 1997/166/1991 2057/138/2051 2072/162/2066
f 2044/143/2038 2060/163/2054 2059/167/2053
f 2052/141/2046 2066/152/2060 2051/144/2045
f 2043/145/2037 2059/167/2053 2058/168/2052
f 2051/144/2045 2065/153/2059 2050/146/2044
f 2053/147/2047 2058/168/2052 2068/154/2062
f 2050/146/2044 2064/155/2058 2049/148/2043
f 2054/149/2048 2068/154/2062 2069/156/2063
f 2049/148/2043 2063/157/2057 2048/150/2042
f 2055/135/2049 2069/156/2063 2070/158/2064
f 2048/150/2042 2062/159/2056 2047/151/2041
f 2056/136/2050 2070/158/2064 2071/160/2065
f 2046/137/2040 2062/159/2056 2061/161/2055
f 2068/154/2062 2084/182/2078 2069/156/2063
f 2063/157/2057 2079/181/2073 2078/183/2072
f 2069/156/2063 2085/184/2079 2070/158/2064
f 2062/159/2056 2078/183/2072 2077/169/2071
f 2070/158/2064 2086/185/2080 2071/160/2065
f 2061/161/2055 2077/169/2071 2076/170/2070
f 2071/160/2065 2087/171/2081 2072/162/2066
f 2060/163/2054 2076/170/2070 2075/172/2069
f 2067/165/2061 2233/173/2227 2082/174/2076
f 1997/175/1991 2072/162/2066 2087/171/2081
f 2059/167/2053 2075/172/2069 2074/176/2068
f 2066/152/2060 2082/174/2076 2081/177/2075
f 2059/167/2053 2073/178/2067 2058/168/2052
f 2065/153/2059 2081/177/2075 2080/179/2074
f 2058/168/2052 2083/180/2077 2068/154/2062
f 2064/155/2058 2080/179/2074 2079/181/2073
f 2082/174/2076 2233/197/2227 2097/198/2091
f 1997/199/1991 2087/171/2081 2102/195/2096
f 2074/176/2068 2090/196/2084 2089/200/2083
f 2081/177/2075 2097/198/2091 2096/201/2090
f 2074/176/2068 2088/202/2082 2073/178/2067
f 2080/179/2074 2096/201/2090 2095/187/2089
f 2073/178/2067 2098/186/2092 2083/180/2077
f 2079/181/2073 2095/187/2089 2094/188/2088
f 2083/180/2077 2099/189/2093 2084/182/2078
f 2078/183/2072 2094/188/2088 2093/190/2087
f 2084/182/2078 2100/191/2094 2085/184/2079
f 2077/169/2071 2093/190/2087 2092/192/2086
f 2085/184/2079 2101/193/2095 2086/185/2080
f 2076/170/2070 2092/192/2086 2091/194/2085
f 2086/185/2080 2102/195/2096 2087/171/2081
f 2075/172/2069 2091/194/2085 2090/196/2084
f 2093/190/2087 2109/214/2103 2108/216/2102
f 2099/189/2093 2115/217/2109 2100/191/2094
f 2092/192/2086 2108/216/2102 2107/218/2101
f 2100/191/2094 2116/219/2110 2101/193/2095
f 2091/194/2085 2107/218/2101 2106/204/2100
f 2101/193/2095 2117/203/2111 2102/195/2096
f 2090/196/2084 2106/204/2100 2105/205/2099
f 2097/198/2091 2233/206/2227 2112/207/2106
f 1997/208/1991 2102/195/2096 2117/203/2111
f 2089/200/2083 2105/205/2099 2104/209/2098
f 2096/201/2090 2112/207/2106 2111/210/2105
f 2089/200/2083 2103/211/2097 2088/202/2082
f 2095/187/2089 2111/210/2105 2110/212/2104
f 2088/202/2082 2113/213/2107 2098/186/2092
f 2094/188/2088 2110/212/2104 2109/214/2103
f 2098/186/2092 2114/215/2108 2099/189/2093
f 2104/209/2098 2120/228/2114 2119/232/2113
f 2111/210/2105 2127/230/2121 2126/233/2120
f 2104/209/2098 2118/234/2112 2103/211/2097
f 2110/212/2104 2126/233/2120 2125/235/2119
f 2103/211/2097 2128/236/2122 2113/213/2107
f 2109/214/2103 2125/235/2119 2124/221/2118
f 2113/213/2107 2129/220/2123 2114/215/2108
f 2108/216/2102 2124/221/2118 2123/222/2117
f 2114/215/2108 2130/223/2124 2115/217/2109
f 2107/218/2101 2123/222/2117 2122/224/2116
f 2115/217/2109 2131/225/2125 2116/219/2110
f 2106/204/2100 2122/224/2116 2121/226/2115
f 2116/219/2110 2132/227/2126 2117/203/2111
f 2105/205/2099 2121/226/2115 2120/228/2114
f 2112/207/2106 2233/229/2227 2127/230/2121
f 1997/231/1991 2117/203/2111 2132/227/2126
f 2129/220/2123 2145/249/2139 2130/223/2124
f 2122/224/2116 2138/248/2132 2137/250/2131
f 2130/223/2124 2146/251/2140 2131/225/2125
f 2121/226/2115 2137/250/2131 2136/252/2130
f 2131/225/2125 2147/240/2141 2132/227/2126
f 2120/228/2114 2136/252/2130 2135/253/2129
f 2127/230/2121 2233/237/2227 2142/238/2136
f 1997/239/1991 2132/227/2126 2147/240/2141
f 2119/232/2113 2135/253/2129 2134/241/2128
f 2126/233/2120 2142/238/2136 2141/242/2135
f 2119/232/2113 2133/243/2127 2118/234/2112
f 2125/235/2119 2141/242/2135 2140/244/2134
f 2118/234/2112 2143/245/2137 2128/236/2122
f 2124/221/2118 2140/244/2134 2139/246/2133
f 2128/236/2122 2144/247/2138 2129/220/2123
f 2123/222/2117 2139/246/2133 2138/248/2132
f 2141/242/2135 2157/263/2151 2156/266/2150
f 2134/241/2128 2148/267/2142 2133/243/2127
f 2140/244/2134 2156/266/2150 2155/268/2149
f 2133/243/2127 2158/269/2152 2143/245/2137
f 2139/246/2133 2155/268/2149 2154/254/2148
f 2143/245/2137 2159/270/2153 2144/247/2138
f 2138/248/2132 2154/254/2148 2153/255/2147
f 2144/247/2138 2160/256/2154 2145/249/2139
f 2137/250/2131 2153/255/2147 2152/257/2146
f 2145/249/2139 2161/258/2155 2146/251/2140
f 2136/252/2130 2152/257/2146 2151/259/2145
f 2146/251/2140 2162/260/2156 2147/240/2141
f 2135/253/2129 2151/259/2145 2150/261/2144
f 2142/238/2136 2233/262/2227 2157/263/2151
f 1997/264/1991 2147/240/2141 2162/260/2156
f 2134/241/2128 2150/261/2144 2149/265/2143
f 2152/257/2146 2168/279/2162 2167/281/2161
f 2160/256/2154 2176/282/2170 2161/258/2155
f 2151/259/2145 2167/281/2161 2166/283/2160
f 2161/258/2155 2177/284/2171 2162/260/2156
f 2150/261/2144 2166/283/2160 2165/285/2159
f 2157/263/2151 2233/286/2227 2172/272/2166
f 1997/287/1991 2162/260/2156 2177/284/2171
f 2149/265/2143 2165/285/2159 2164/271/2158
f 2156/266/2150 2172/272/2166 2171/273/2165
f 2148/267/2142 2164/271/2158 2163/274/2157
f 2155/268/2149 2171/273/2165 2170/275/2164
f 2148/267/2142 2173/276/2167 2158/269/2152
f 2154/254/2148 2170/275/2164 2169/277/2163
f 2158/269/2152 2174/278/2168 2159/270/2153
f 2153/255/2147 2169/277/2163 2168/279/2162
f 2159/270/2153 2175/280/2169 2160/256/2154
f 2163/274/2157 2179/298/2173 2178/300/2172
f 2170/275/2164 2186/299/2180 2185/301/2179
f 2173/276/2167 2178/300/2172 2188/302/2182
f 2169/277/2163 2185/301/2179 2184/303/2178
f 2174/278/2168 2188/302/2182 2189/288/2183
f 2168/279/2162 2184/303/2178 2183/304/2177
f 2175/280/2169 2189/288/2183 2190/289/2184
f 2167/281/2161 2183/304/2177 2182/290/2176
f 2175/280/2169 2191/291/2185 2176/282/2170
f 2166/283/2160 2182/290/2176 2181/292/2175
f 2176/282/2170 2192/293/2186 2177/284/2171
f 2165/285/2159 2181/292/2175 2180/294/2174
f 2172/272/2166 2233/295/2227 2187/296/2181
f 1997/297/1991 2177/284/2171 2192/293/2186
f 2164/271/2158 2180/294/2174 2179/298/2173
f 2171/273/2165 2187/296/2181 2186/299/2180
f 2191/291/2185 2205/313/2199 2206/315/2200
f 2181/292/2175 2197/314/2191 2196/316/2190
f 2192/293/2186 2206/315/2200 2207/317/2201
f 2180/294/2174 2196/316/2190 2195/318/2189
f 2187/296/2181 2233/319/2227 2202/320/2196
f 1997/321/1991 2192/293/2186 2207/317/2201
f 2179/298/2173 2195/318/2189 2194/306/2188
f 2187/296/2181 2201/305/2195 2186/299/2180
f 2178/300/2172 2194/306/2188 2193/307/2187
f 2186/299/2180 2200/308/2194 2185/301/2179
f 2188/302/2182 2193/307/2187 2203/309/2197
f 2185/301/2179 2199/310/2193 2184/303/2178
f 2189/288/2183 2203/309/2197 2204/311/2198
f 2184/303/2178 2198/312/2192 2183/304/2177
f 2190/289/2184 2204/311/2198 2205/313/2199
f 2183/304/2177 2197/314/2191 2182/290/2176
f 2203/309/2197 2208/333/2202 2218/335/2212
f 2200/308/2194 2214/336/2208 2199/310/2193
f 2204/311/2198 2218/335/2212 2219/337/2213
f 2199/310/2193 2213/338/2207 2198/312/2192
f 2205/313/2199 2219/337/2213 2220/323/2214
f 2198/312/2192 2212/322/2206 2197/314/2191
f 2206/315/2200 2220/323/2214 2221/324/2215
f 2197/314/2191 2211/325/2205 2196/316/2190
f 2207/317/2201 2221/324/2215 2222/326/2216
f 2195/318/2189 2211/325/2205 2210/327/2204
f 2202/320/2196 2233/328/2227 2217/329/2211
f 1997/330/1991 2207/317/2201 2222/326/2216
f 2194/306/2188 2210/327/2204 2209/331/2203
f 2202/320/2196 2216/332/2210 2201/305/2195
f 2193/307/2187 2209/331/2203 2208/333/2202
f 2201/305/2195 2215/334/2209 2200/308/2194
f 2222/326/2216 2237/348/2231 2238/350/2232
f 2210/327/2204 2226/349/2220 2225/351/2219
f 2217/329/2211 2233/352/2227 2232/353/2226
f 1997/354/1991 2222/326/2216 2238/350/2232
f 2209/331/2203 2225/351/2219 2224/339/2218
f 2217/329/2211 2231/355/2225 2216/332/2210
f 2208/333/2202 2224/339/2218 2223/340/2217
f 2216/332/2210 2230/341/2224 2215/334/2209
f 2218/335/2212 2223/340/2217 2234/342/2228
f 2215/334/2209 2229/343/2223 2214/336/2208
f 2219/337/2213 2234/342/2228 2235/344/2229
f 2214/336/2208 2228/345/2222 2213/338/2207
f 2220/323/2214 2235/344/2229 2236/346/2230
f 2213/338/2207 2227/347/2221 2212/322/2206
f 2221/324/2215 2236/346/2230 2237/348/2231
f 2212/322/2206 2226/349/2220 2211/325/2205
f 2230/341/2224 2245/369/2239 2229/343/2223
f 2235/344/2229 2249/368/2243 2250/370/2244
f 2229/343/2223 2244/371/2238 2228/345/2222
f 2236/346/2230 2250/370/2244 2251/356/2245
f 2228/345/2222 2243/372/2237 2227/347/2221
f 2237/348/2231 2251/356/2245 2252/357/2246
f 2227/347/2221 2242/358/2236 2226/349/2220
f 2238/350/2232 2252/357/2246 2253/359/2247
f 2226/349/2220 2241/360/2235 2225/351/2219
f 2232/353/2226 2233/361/2227 2248/362/2242
f 1997/363/1991 2238/350/2232 2253/359/2247
f 2224/339/2218 2241/360/2235 2240/364/2234
f 2232/353/2226 2247/365/2241 2231/355/2225
f 2223/340/2217 2240/364/2234 2239/366/2233
f 2231/355/2225 2246/367/2240 2230/341/2224
f 2234/342/2228 2239/366/2233 2249/368/2243
f 2242/358/2236 2256/383/2250 2241/360/2235
f 2248/362/2242 2233/384/2227 2263/385/2257
f 1997/386/1991 2253/359/2247 2268/382/2262
f 2240/364/2234 2256/383/2250 2255/387/2249
f 2248/362/2242 2262/388/2256 2247/365/2241
f 2239/366/2233 2255/387/2249 2254/373/2248
f 2247/365/2241 2261/389/2255 2246/367/2240
f 2249/368/2243 2254/373/2248 2264/374/2258
f 2246/367/2240 2260/375/2254 2245/369/2239
f 2250/370/2244 2264/374/2258 2265/376/2259
f 2245/369/2239 2259/377/2253 2244/371/2238
f 2251/356/2245 2265/376/2259 2266/378/2260
f 2244/371/2238 2258/379/2252 2243/372/2237
f 2252/357/2246 2266/378/2260 2267/380/2261
f 2243/372/2237 2257/381/2251 2242/358/2236
f 2253/359/2247 2267/380/2261 2268/382/2262
f 2265/376/2259 2279/400/2273 2280/402/2274
f 2260/375/2254 2274/403/2268 2259/377/2253
f 2266/378/2260 2280/402/2274 2281/404/2275
f 2259/377/2253 2273/405/2267 2258/379/2252
f 2267/380/2261 2281/404/2275 2282/390/2276
f 2258/379/2252 2272/406/2266 2257/381/2251
f 2268/382/2262 2282/390/2276 2283/391/2277
f 2257/381/2251 2271/392/2265 2256/383/2250
f 2263/385/2257 2233/393/2227 2278/394/2272
f 1997/395/1991 2268/382/2262 2283/391/2277
f 2255/387/2249 2271/392/2265 2270/396/2264
f 2263/385/2257 2277/397/2271 2262/388/2256
f 2254/373/2248 2270/396/2264 2269/398/2263
f 2262/388/2256 2276/399/2270 2261/389/2255
f 2264/374/2258 2269/398/2263 2279/400/2273
f 2261/389/2255 2275/401/2269 2260/375/2254
f 2278/394/2272 2233/417/2227 2293/418/2287
f 1997/419/1991 2283/391/2277 2298/415/2292
f 2270/396/2264 2286/416/2280 2285/420/2279
f 2278/394/2272 2292/421/2286 2277/397/2271
f 2269/398/2263 2285/420/2279 2284/422/2278
f 2277/397/2271 2291/423/2285 2276/399/2270
f 2279/400/2273 2284/422/2278 2294/408/2288
f 2276/399/2270 2290/407/2284 2275/401/2269
f 2280/402/2274 2294/408/2288 2295/409/2289
f 2275/401/2269 2289/410/2283 2274/403/2268
f 2281/404/2275 2295/409/2289 2296/411/2290
f 2274/403/2268 2288/412/2282 2273/405/2267
f 2282/390/2276 2296/411/2290 2297/413/2291
f 2273/405/2267 2287/414/2281 2272/406/2266
f 2283/391/2277 2297/413/2291 2298/415/2292
f 2272/406/2266 2286/416/2280 2271/392/2265
f 2290/443/2284 2304/448/2298 2289/447/2283
f 2296/450/2290 2310/445/2304 2311/449/2305
f 2289/447/2283 2303/452/2297 2288/451/2282
f 2297/454/2291 2311/449/2305 2312/453/2306
f 2288/451/2282 2302/425/2296 2287/455/2281
f 2298/431/2292 2312/453/2306 2313/432/2307
f 2287/455/2281 2301/426/2295 2286/424/2280
f 2293/427/2287 2233/428/2227 2308/429/2302
f 1997/430/1991 2298/431/2292 2313/432/2307
f 2286/424/2280 2300/433/2294 2285/434/2279
f 2293/427/2287 2307/436/2301 2292/435/2286
f 2285/434/2279 2299/437/2293 2284/438/2278
f 2292/435/2286 2306/440/2300 2291/439/2285
f 2294/442/2288 2299/437/2293 2309/441/2303
f 2291/439/2285 2305/444/2299 2290/443/2284
f 2295/446/2289 2309/441/2303 2310/445/2304
f 2301/426/2295 2315/468/2309 2300/433/2294
f 2307/436/2301 2323/466/2317 2322/469/2316
f 2300/433/2294 2314/470/2308 2299/437/2293
f 2306/440/2300 2322/469/2316 2321/471/2315
f 2299/437/2293 2324/472/2318 2309/441/2303
f 2305/444/2299 2321/471/2315 2320/457/2314
f 2309/441/2303 2325/456/2319 2310/445/2304
f 2304/448/2298 2320/457/2314 2319/458/2313
f 2310/445/2304 2326/459/2320 2311/449/2305
f 2303/452/2297 2319/458/2313 2318/460/2312
f 2311/449/2305 2327/461/2321 2312/453/2306
f 2302/425/2296 2318/460/2312 2317/462/2311
f 2312/453/2306 2328/463/2322 2313/432/2307
f 2302/425/2296 2316/464/2310 2301/426/2295
f 2308/429/2302 2233/465/2227 2323/466/2317
f 1997/467/1991 2313/432/2307 2328/463/2322
f 2325/456/2319 2341/485/2335 2326/459/2320
f 2318/460/2312 2334/484/2328 2333/486/2327
f 2326/459/2320 2342/487/2336 2327/461/2321
f 2317/462/2311 2333/486/2327 2332/488/2326
f 2327/461/2321 2343/476/2337 2328/463/2322
f 2317/462/2311 2331/489/2325 2316/464/2310
f 2323/466/2317 2233/473/2227 2338/474/2332
f 1997/475/1991 2328/463/2322 2343/476/2337
f 2316/464/2310 2330/477/2324 2315/468/2309
f 2322/469/2316 2338/474/2332 2337/478/2331
f 2315/468/2309 2329/479/2323 2314/470/2308
f 2321/471/2315 2337/478/2331 2336/480/2330
f 2314/470/2308 2339/481/2333 2324/472/2318
f 2320/457/2314 2336/480/2330 2335/482/2329
f 2324/472/2318 2340/483/2334 2325/456/2319
f 2319/458/2313 2335/482/2329 2334/484/2328
f 2330/477/2324 2344/503/2338 2329/479/2323
f 2336/480/2330 2352/502/2346 2351/504/2345
f 2329/479/2323 2354/505/2348 2339/481/2333
f 2335/482/2329 2351/504/2345 2350/490/2344
f 2339/481/2333 2355/506/2349 2340/483/2334
f 2334/484/2328 2350/490/2344 2349/491/2343
f 2340/483/2334 2356/492/2350 2341/485/2335
f 2333/486/2327 2349/491/2343 2348/493/2342
f 2341/485/2335 2357/494/2351 2342/487/2336
f 2332/488/2326 2348/493/2342 2347/495/2341
f 2342/487/2336 2358/496/2352 2343/476/2337
f 2332/488/2326 2346/497/2340 2331/489/2325
f 2338/474/2332 2233/498/2227 2353/499/2347
f 1997/500/1991 2343/476/2337 2358/496/2352
f 2331/489/2325 2345/501/2339 2330/477/2324
f 2337/478/2331 2353/499/2347 2352/502/2346
f 2356/492/2350 2372/518/2366 2357/494/2351
f 2347/495/2341 2363/517/2357 2362/519/2356
f 2357/494/2351 2373/520/2367 2358/496/2352
f 2347/495/2341 2361/521/2355 2346/497/2340
f 2353/499/2347 2233/522/2227 2368/508/2362
f 1997/523/1991 2358/496/2352 2373/520/2367
f 2346/497/2340 2360/507/2354 2345/501/2339
f 2352/502/2346 2368/508/2362 2367/509/2361
f 2345/501/2339 2359/510/2353 2344/503/2338
f 2351/504/2345 2367/509/2361 2366/511/2360
f 2344/503/2338 2369/512/2363 2354/505/2348
f 2350/490/2344 2366/511/2360 2365/513/2359
f 2354/505/2348 2370/514/2364 2355/506/2349
f 2349/491/2343 2365/513/2359 2364/515/2358
f 2355/506/2349 2371/516/2365 2356/492/2350
f 2348/493/2342 2364/515/2358 2363/517/2357
f 2366/511/2360 2382/535/2376 2381/537/2375
f 2359/510/2353 2384/538/2378 2369/512/2363
f 2365/513/2359 2381/537/2375 2380/539/2374
f 2369/512/2363 2385/540/2379 2370/514/2364
f 2364/515/2358 2380/539/2374 2379/525/2373
f 2370/514/2364 2386/524/2380 2371/516/2365
f 2363/517/2357 2379/525/2373 2378/526/2372
f 2371/516/2365 2387/527/2381 2372/518/2366
f 2362/519/2356 2378/526/2372 2377/528/2371
f 2372/518/2366 2388/529/2382 2373/520/2367
f 2362/519/2356 2376/530/2370 2361/521/2355
f 2368/508/2362 2233/531/2227 2383/532/2377
f 1997/533/1991 2373/520/2367 2388/529/2382
f 2361/521/2355 2375/534/2369 2360/507/2354
f 2367/509/2361 2383/532/2377 2382/535/2376
f 2360/507/2354 2374/536/2368 2359/510/2353
f 2377/528/2371 2393/549/2387 2392/551/2386
f 2387/527/2381 2403/552/2397 2388/529/2382
f 2377/528/2371 2391/553/2385 2376/530/2370
f 2383/532/2377 2233/554/2227 2398/555/2392
f 1997/556/1991 2388/529/2382 2403/552/2397
f 2376/530/2370 2390/557/2384 2375/534/2369
f 2382/535/2376 2398/555/2392 2397/542/2391
f 2375/534/2369 2389/541/2383 2374/536/2368
f 2381/537/2375 2397/542/2391 2396/543/2390
f 2374/536/2368 2399/544/2393 2384/538/2378
f 2380/539/2374 2396/543/2390 2395/545/2389
f 2384/538/2378 2400/546/2394 2385/540/2379
f 2379/525/2373 2395/545/2389 2394/547/2388
f 2385/540/2379 2401/548/2395 2386/524/2380
f 2378/526/2372 2394/547/2388 2393/549/2387
f 2386/524/2380 2402/550/2396 2387/527/2381
f 2389/541/2383 1985/25/1979 2399/544/2393
f 2395/545/2389 2407/1121/2401 2406/28/2400
f 2399/544/2393 2408/29/2402 2400/546/2394
f 2394/547/2388 2406/28/2400 1989/1/1983
f 2400/546/2394 1984/1119/1978 2401/548/2395
f 2393/549/2387 1989/1/1983 1988/1122/1982
f 2401/548/2395 2409/4/2403 2402/550/2396
f 2393/549/2387 1987/8/1981 2392/551/2386
f 2402/550/2396 2410/9/2404 2403/552/2397
f 2392/551/2386 2405/12/2399 2391/553/2385
f 2398/555/2392 2233/558/2227 1991/1120/1985
f 1997/559/1991 2403/552/2397 2410/9/2404
f 2391/553/2385 1986/17/1980 2390/557/2384
f 2397/542/2391 1991/1120/1985 1990/20/1984
f 2390/557/2384 2404/21/2398 2389/541/2383
f 2396/543/2390 1990/20/1984 2407/1121/2401
f 2472/20/2466 2451/15/2445 2452/19/2446
f 2466/1119/2460 2464/6/2458 2891/4/2885
f 2887/12/2881 2459/18/2453 2468/17/2462
f 2473/1120/2467 2715/14/2709 2451/15/2445
f 2890/29/2884 2463/5/2457 2466/1119/2460
f 2467/25/2461 2462/30/2456 2890/29/2884
f 2888/28/2882 2455/31/2449 2471/1/2465
f 2469/8/2463 2458/11/2452 2887/12/2881
f 2886/21/2880 2461/26/2455 2467/25/2461
f 2468/17/2462 2460/22/2454 2886/21/2880
f 2889/1121/2883 2454/27/2448 2888/28/2882
f 2470/1122/2464 2457/7/2451 2469/8/2463
f 2479/16/2473 2892/9/2886 2465/10/2459
f 2471/1/2465 2456/2/2450 2470/1122/2464
f 2889/1121/2883 2452/19/2446 2453/23/2447
f 2891/4/2885 2465/10/2459 2892/9/2886
f 2456/2/2450 2444/39/2438 2457/7/2451
f 2463/5/2457 2439/34/2433 2438/36/2432
f 2454/27/2448 2446/35/2440 2455/31/2449
f 2455/31/2449 2445/37/2439 2456/2/2450
f 2457/7/2451 2443/41/2437 2458/11/2452
f 2464/6/2458 2438/36/2432 2437/38/2431
f 2461/26/2455 2441/47/2435 2440/33/2434
f 2465/10/2459 2437/38/2431 2436/40/2430
f 2462/30/2456 2440/33/2434 2439/34/2433
f 2479/44/2473 2465/10/2459 2436/40/2430
f 2458/11/2452 2442/45/2436 2459/18/2453
f 2459/18/2453 2441/47/2435 2460/22/2454
f 2451/15/2445 2715/42/2709 2450/43/2444
f 2451/15/2445 2449/46/2443 2452/19/2446
f 2452/19/2446 2448/48/2442 2453/23/2447
f 2453/23/2447 2447/49/2441 2454/27/2448
f 2436/40/2430 2434/63/2428 2435/51/2429
f 2437/38/2431 2433/61/2427 2434/63/2428
f 2438/36/2432 2432/59/2426 2433/61/2427
f 2449/46/2443 2423/56/2417 2448/48/2442
f 2450/43/2444 2422/54/2416 2449/46/2443
f 2447/49/2441 2425/60/2419 2446/35/2440
f 2440/33/2434 2430/55/2424 2431/57/2425
f 2441/47/2435 2429/53/2423 2430/55/2424
f 2450/43/2444 2715/65/2709 2421/66/2415
f 2448/48/2442 2424/58/2418 2447/49/2441
f 2443/41/2437 2429/53/2423 2442/45/2436
f 2479/50/2473 2436/40/2430 2435/51/2429
f 2444/39/2438 2428/52/2422 2443/41/2437
f 2439/34/2433 2431/57/2425 2432/59/2426
f 2445/37/2439 2427/64/2421 2444/39/2438
f 2446/35/2440 2426/62/2420 2445/37/2439
f 2425/60/2419 2415/69/2409 2426/62/2420
f 2432/59/2426 2474/81/2468 2475/67/2469
f 2433/61/2427 2475/67/2469 2476/68/2470
f 2423/56/2417 2417/82/2411 2424/58/2418
f 2424/58/2418 2416/83/2410 2425/60/2419
f 2426/62/2420 2414/71/2408 2427/64/2421
f 2430/55/2424 2412/77/2406 2411/79/2405
f 2479/76/2473 2435/51/2429 2478/72/2472
f 2431/57/2425 2411/79/2405 2474/81/2468
f 2427/64/2421 2413/73/2407 2428/52/2422
f 2428/52/2422 2412/77/2406 2429/53/2423
f 2421/66/2415 2419/78/2413 2422/54/2416
f 2434/63/2428 2476/68/2470 2477/70/2471
f 2421/66/2415 2715/74/2709 2420/75/2414
f 2422/54/2416 2418/80/2412 2423/56/2417
f 2435/51/2429 2477/70/2471 2478/72/2472
f 2477/70/2471 2492/92/2486 2493/94/2487
f 2479/100/2473 2478/72/2472 2494/96/2488
f 2416/83/2410 2484/93/2478 2415/69/2409
f 2418/80/2412 2486/89/2480 2417/82/2411
f 2419/78/2413 2487/87/2481 2418/80/2412
f 2417/82/2411 2485/91/2479 2416/83/2410
f 2474/81/2468 2480/86/2474 2490/88/2484
f 2411/79/2405 2481/85/2475 2480/86/2474
f 2420/75/2414 2488/84/2482 2419/78/2413
f 2412/77/2406 2482/97/2476 2481/85/2475
f 2476/68/2470 2491/90/2485 2492/92/2486
f 2420/75/2414 2715/98/2709 2489/99/2483
f 2475/67/2469 2490/88/2484 2491/90/2485
f 2414/71/2408 2482/97/2476 2413/73/2407
f 2415/69/2409 2483/95/2477 2414/71/2408
f 2478/72/2472 2493/94/2487 2494/96/2488
f 2480/86/2474 2496/110/2490 2495/112/2489
f 2486/89/2480 2500/117/2494 2485/91/2479
f 2490/88/2484 2495/112/2489 2505/114/2499
f 2485/91/2479 2499/101/2493 2484/93/2478
f 2491/90/2485 2505/114/2499 2506/116/2500
f 2492/92/2486 2506/116/2500 2507/102/2501
f 2489/99/2483 2715/107/2709 2504/108/2498
f 2493/94/2487 2507/102/2501 2508/103/2502
f 2494/96/2488 2508/103/2502 2509/105/2503
f 2484/93/2478 2498/104/2492 2483/95/2477
f 2489/99/2483 2503/111/2497 2488/84/2482
f 2479/109/2473 2494/96/2488 2509/105/2503
f 2483/95/2477 2497/106/2491 2482/97/2476
f 2488/84/2482 2502/113/2496 2487/87/2481
f 2481/85/2475 2497/106/2491 2496/110/2490
f 2487/87/2481 2501/115/2495 2486/89/2480
f 2499/101/2493 2513/128/2507 2498/104/2492
f 2509/105/2503 2523/127/2517 2524/129/2518
f 2498/104/2492 2512/130/2506 2497/106/2491
f 2504/108/2498 2715/131/2709 2519/132/2513
f 2479/133/2473 2509/105/2503 2524/129/2518
f 2496/110/2490 2512/130/2506 2511/118/2505
f 2504/108/2498 2518/134/2512 2503/111/2497
f 2495/112/2489 2511/118/2505 2510/119/2504
f 2503/111/2497 2517/120/2511 2502/113/2496
f 2505/114/2499 2510/119/2504 2520/121/2514
f 2502/113/2496 2516/122/2510 2501/115/2495
f 2506/116/2500 2520/121/2514 2521/123/2515
f 2501/115/2495 2515/124/2509 2500/117/2494
f 2507/102/2501 2521/123/2515 2522/125/2516
f 2500/117/2494 2514/126/2508 2499/101/2493
f 2508/103/2502 2522/125/2516 2523/127/2517
f 2520/121/2514 2525/145/2519 2535/147/2529
f 2517/120/2511 2531/148/2525 2516/122/2510
f 2521/123/2515 2535/147/2529 2536/149/2530
f 2516/122/2510 2530/150/2524 2515/124/2509
f 2522/125/2516 2536/149/2530 2537/135/2531
f 2515/124/2509 2529/151/2523 2514/126/2508
f 2523/127/2517 2537/135/2531 2538/136/2532
f 2514/126/2508 2528/137/2522 2513/128/2507
f 2524/129/2518 2538/136/2532 2539/138/2533
f 2513/128/2507 2527/139/2521 2512/130/2506
f 2519/132/2513 2715/140/2709 2534/141/2528
f 2479/142/2473 2524/129/2518 2539/138/2533
f 2511/118/2505 2527/139/2521 2526/143/2520
f 2519/132/2513 2533/144/2527 2518/134/2512
f 2510/119/2504 2526/143/2520 2525/145/2519
f 2518/134/2512 2532/146/2526 2517/120/2511
f 2539/138/2533 2553/160/2547 2554/162/2548
f 2527/139/2521 2543/161/2537 2542/163/2536
f 2534/141/2528 2715/164/2709 2549/165/2543
f 2479/166/2473 2539/138/2533 2554/162/2548
f 2526/143/2520 2542/163/2536 2541/167/2535
f 2534/141/2528 2548/152/2542 2533/144/2527
f 2525/145/2519 2541/167/2535 2540/168/2534
f 2533/144/2527 2547/153/2541 2532/146/2526
f 2535/147/2529 2540/168/2534 2550/154/2544
f 2532/146/2526 2546/155/2540 2531/148/2525
f 2536/149/2530 2550/154/2544 2551/156/2545
f 2531/148/2525 2545/157/2539 2530/150/2524
f 2537/135/2531 2551/156/2545 2552/158/2546
f 2530/150/2524 2544/159/2538 2529/151/2523
f 2538/136/2532 2552/158/2546 2553/160/2547
f 2528/137/2522 2544/159/2538 2543/161/2537
f 2550/154/2544 2566/182/2560 2551/156/2545
f 2545/157/2539 2561/181/2555 2560/183/2554
f 2551/156/2545 2567/184/2561 2552/158/2546
f 2544/159/2538 2560/183/2554 2559/169/2553
f 2552/158/2546 2568/185/2562 2553/160/2547
f 2543/161/2537 2559/169/2553 2558/170/2552
f 2553/160/2547 2569/171/2563 2554/162/2548
f 2542/163/2536 2558/170/2552 2557/172/2551
f 2549/165/2543 2715/173/2709 2564/174/2558
f 2479/175/2473 2554/162/2548 2569/171/2563
f 2541/167/2535 2557/172/2551 2556/176/2550
f 2548/152/2542 2564/174/2558 2563/177/2557
f 2541/167/2535 2555/178/2549 2540/168/2534
f 2547/153/2541 2563/177/2557 2562/179/2556
f 2540/168/2534 2565/180/2559 2550/154/2544
f 2546/155/2540 2562/179/2556 2561/181/2555
f 2564/174/2558 2715/197/2709 2579/198/2573
f 2479/199/2473 2569/171/2563 2584/195/2578
f 2556/176/2550 2572/196/2566 2571/200/2565
f 2563/177/2557 2579/198/2573 2578/201/2572
f 2556/176/2550 2570/202/2564 2555/178/2549
f 2562/179/2556 2578/201/2572 2577/187/2571
f 2555/178/2549 2580/186/2574 2565/180/2559
f 2561/181/2555 2577/187/2571 2576/188/2570
f 2565/180/2559 2581/189/2575 2566/182/2560
f 2560/183/2554 2576/188/2570 2575/190/2569
f 2566/182/2560 2582/191/2576 2567/184/2561
f 2559/169/2553 2575/190/2569 2574/192/2568
f 2567/184/2561 2583/193/2577 2568/185/2562
f 2558/170/2552 2574/192/2568 2573/194/2567
f 2568/185/2562 2584/195/2578 2569/171/2563
f 2557/172/2551 2573/194/2567 2572/196/2566
f 2575/190/2569 2591/214/2585 2590/216/2584
f 2581/189/2575 2597/217/2591 2582/191/2576
f 2574/192/2568 2590/216/2584 2589/218/2583
f 2582/191/2576 2598/219/2592 2583/193/2577
f 2573/194/2567 2589/218/2583 2588/204/2582
f 2583/193/2577 2599/203/2593 2584/195/2578
f 2572/196/2566 2588/204/2582 2587/205/2581
f 2579/198/2573 2715/206/2709 2594/207/2588
f 2479/208/2473 2584/195/2578 2599/203/2593
f 2571/200/2565 2587/205/2581 2586/209/2580
f 2578/201/2572 2594/207/2588 2593/210/2587
f 2571/200/2565 2585/211/2579 2570/202/2564
f 2577/187/2571 2593/210/2587 2592/212/2586
f 2570/202/2564 2595/213/2589 2580/186/2574
f 2576/188/2570 2592/212/2586 2591/214/2585
f 2580/186/2574 2596/215/2590 2581/189/2575
f 2586/209/2580 2602/228/2596 2601/232/2595
f 2593/210/2587 2609/230/2603 2608/233/2602
f 2586/209/2580 2600/234/2594 2585/211/2579
f 2592/212/2586 2608/233/2602 2607/235/2601
f 2585/211/2579 2610/236/2604 2595/213/2589
f 2591/214/2585 2607/235/2601 2606/221/2600
f 2595/213/2589 2611/220/2605 2596/215/2590
f 2590/216/2584 2606/221/2600 2605/222/2599
f 2596/215/2590 2612/223/2606 2597/217/2591
f 2589/218/2583 2605/222/2599 2604/224/2598
f 2597/217/2591 2613/225/2607 2598/219/2592
f 2588/204/2582 2604/224/2598 2603/226/2597
f 2598/219/2592 2614/227/2608 2599/203/2593
f 2587/205/2581 2603/226/2597 2602/228/2596
f 2594/207/2588 2715/229/2709 2609/230/2603
f 2479/231/2473 2599/203/2593 2614/227/2608
f 2611/220/2605 2627/249/2621 2612/223/2606
f 2604/224/2598 2620/248/2614 2619/250/2613
f 2612/223/2606 2628/251/2622 2613/225/2607
f 2603/226/2597 2619/250/2613 2618/252/2612
f 2613/225/2607 2629/240/2623 2614/227/2608
f 2602/228/2596 2618/252/2612 2617/253/2611
f 2609/230/2603 2715/237/2709 2624/238/2618
f 2479/239/2473 2614/227/2608 2629/240/2623
f 2601/232/2595 2617/253/2611 2616/241/2610
f 2608/233/2602 2624/238/2618 2623/242/2617
f 2601/232/2595 2615/243/2609 2600/234/2594
f 2607/235/2601 2623/242/2617 2622/244/2616
f 2600/234/2594 2625/245/2619 2610/236/2604
f 2606/221/2600 2622/244/2616 2621/246/2615
f 2610/236/2604 2626/247/2620 2611/220/2605
f 2605/222/2599 2621/246/2615 2620/248/2614
f 2623/242/2617 2639/263/2633 2638/266/2632
f 2616/241/2610 2630/267/2624 2615/243/2609
f 2622/244/2616 2638/266/2632 2637/268/2631
f 2615/243/2609 2640/269/2634 2625/245/2619
f 2621/246/2615 2637/268/2631 2636/254/2630
f 2625/245/2619 2641/270/2635 2626/247/2620
f 2620/248/2614 2636/254/2630 2635/255/2629
f 2626/247/2620 2642/256/2636 2627/249/2621
f 2619/250/2613 2635/255/2629 2634/257/2628
f 2627/249/2621 2643/258/2637 2628/251/2622
f 2618/252/2612 2634/257/2628 2633/259/2627
f 2628/251/2622 2644/260/2638 2629/240/2623
f 2617/253/2611 2633/259/2627 2632/261/2626
f 2624/238/2618 2715/262/2709 2639/263/2633
f 2479/264/2473 2629/240/2623 2644/260/2638
f 2616/241/2610 2632/261/2626 2631/265/2625
f 2634/257/2628 2650/279/2644 2649/281/2643
f 2642/256/2636 2658/282/2652 2643/258/2637
f 2633/259/2627 2649/281/2643 2648/283/2642
f 2643/258/2637 2659/284/2653 2644/260/2638
f 2632/261/2626 2648/283/2642 2647/285/2641
f 2639/263/2633 2715/286/2709 2654/272/2648
f 2479/287/2473 2644/260/2638 2659/284/2653
f 2631/265/2625 2647/285/2641 2646/271/2640
f 2638/266/2632 2654/272/2648 2653/273/2647
f 2630/267/2624 2646/271/2640 2645/274/2639
f 2637/268/2631 2653/273/2647 2652/275/2646
f 2630/267/2624 2655/276/2649 2640/269/2634
f 2636/254/2630 2652/275/2646 2651/277/2645
f 2640/269/2634 2656/278/2650 2641/270/2635
f 2635/255/2629 2651/277/2645 2650/279/2644
f 2641/270/2635 2657/280/2651 2642/256/2636
f 2645/274/2639 2661/298/2655 2660/300/2654
f 2652/275/2646 2668/299/2662 2667/301/2661
f 2655/276/2649 2660/300/2654 2670/302/2664
f 2651/277/2645 2667/301/2661 2666/303/2660
f 2656/278/2650 2670/302/2664 2671/288/2665
f 2650/279/2644 2666/303/2660 2665/304/2659
f 2657/280/2651 2671/288/2665 2672/289/2666
f 2649/281/2643 2665/304/2659 2664/290/2658
f 2657/280/2651 2673/291/2667 2658/282/2652
f 2648/283/2642 2664/290/2658 2663/292/2657
f 2658/282/2652 2674/293/2668 2659/284/2653
f 2647/285/2641 2663/292/2657 2662/294/2656
f 2654/272/2648 2715/295/2709 2669/296/2663
f 2479/297/2473 2659/284/2653 2674/293/2668
f 2646/271/2640 2662/294/2656 2661/298/2655
f 2653/273/2647 2669/296/2663 2668/299/2662
f 2673/291/2667 2687/313/2681 2688/315/2682
f 2663/292/2657 2679/314/2673 2678/316/2672
f 2674/293/2668 2688/315/2682 2689/317/2683
f 2662/294/2656 2678/316/2672 2677/318/2671
f 2669/296/2663 2715/319/2709 2684/320/2678
f 2479/321/2473 2674/293/2668 2689/317/2683
f 2661/298/2655 2677/318/2671 2676/306/2670
f 2669/296/2663 2683/305/2677 2668/299/2662
f 2660/300/2654 2676/306/2670 2675/307/2669
f 2668/299/2662 2682/308/2676 2667/301/2661
f 2670/302/2664 2675/307/2669 2685/309/2679
f 2667/301/2661 2681/310/2675 2666/303/2660
f 2671/288/2665 2685/309/2679 2686/311/2680
f 2666/303/2660 2680/312/2674 2665/304/2659
f 2672/289/2666 2686/311/2680 2687/313/2681
f 2665/304/2659 2679/314/2673 2664/290/2658
f 2685/309/2679 2690/333/2684 2700/335/2694
f 2682/308/2676 2696/336/2690 2681/310/2675
f 2686/311/2680 2700/335/2694 2701/337/2695
f 2681/310/2675 2695/338/2689 2680/312/2674
f 2687/313/2681 2701/337/2695 2702/323/2696
f 2680/312/2674 2694/322/2688 2679/314/2673
f 2688/315/2682 2702/323/2696 2703/324/2697
f 2679/314/2673 2693/325/2687 2678/316/2672
f 2689/317/2683 2703/324/2697 2704/326/2698
f 2677/318/2671 2693/325/2687 2692/327/2686
f 2684/320/2678 2715/328/2709 2699/329/2693
f 2479/330/2473 2689/317/2683 2704/326/2698
f 2676/306/2670 2692/327/2686 2691/331/2685
f 2684/320/2678 2698/332/2692 2683/305/2677
f 2675/307/2669 2691/331/2685 2690/333/2684
f 2683/305/2677 2697/334/2691 2682/308/2676
f 2704/326/2698 2719/348/2713 2720/350/2714
f 2692/327/2686 2708/349/2702 2707/351/2701
f 2699/329/2693 2715/352/2709 2714/353/2708
f 2479/354/2473 2704/326/2698 2720/350/2714
f 2691/331/2685 2707/351/2701 2706/339/2700
f 2699/329/2693 2713/355/2707 2698/332/2692
f 2690/333/2684 2706/339/2700 2705/340/2699
f 2698/332/2692 2712/341/2706 2697/334/2691
f 2700/335/2694 2705/340/2699 2716/342/2710
f 2697/334/2691 2711/343/2705 2696/336/2690
f 2701/337/2695 2716/342/2710 2717/344/2711
f 2696/336/2690 2710/345/2704 2695/338/2689
f 2702/323/2696 2717/344/2711 2718/346/2712
f 2695/338/2689 2709/347/2703 2694/322/2688
f 2703/324/2697 2718/346/2712 2719/348/2713
f 2694/322/2688 2708/349/2702 2693/325/2687
f 2712/341/2706 2727/369/2721 2711/343/2705
f 2717/344/2711 2731/368/2725 2732/370/2726
f 2711/343/2705 2726/371/2720 2710/345/2704
f 2718/346/2712 2732/370/2726 2733/356/2727
f 2710/345/2704 2725/372/2719 2709/347/2703
f 2719/348/2713 2733/356/2727 2734/357/2728
f 2709/347/2703 2724/358/2718 2708/349/2702
f 2720/350/2714 2734/357/2728 2735/359/2729
f 2708/349/2702 2723/360/2717 2707/351/2701
f 2714/353/2708 2715/361/2709 2730/362/2724
f 2479/363/2473 2720/350/2714 2735/359/2729
f 2706/339/2700 2723/360/2717 2722/364/2716
f 2714/353/2708 2729/365/2723 2713/355/2707
f 2705/340/2699 2722/364/2716 2721/366/2715
f 2713/355/2707 2728/367/2722 2712/341/2706
f 2716/342/2710 2721/366/2715 2731/368/2725
f 2724/358/2718 2738/383/2732 2723/360/2717
f 2730/362/2724 2715/384/2709 2745/385/2739
f 2479/386/2473 2735/359/2729 2750/382/2744
f 2722/364/2716 2738/383/2732 2737/387/2731
f 2730/362/2724 2744/388/2738 2729/365/2723
f 2721/366/2715 2737/387/2731 2736/373/2730
f 2729/365/2723 2743/389/2737 2728/367/2722
f 2731/368/2725 2736/373/2730 2746/374/2740
f 2728/367/2722 2742/375/2736 2727/369/2721
f 2732/370/2726 2746/374/2740 2747/376/2741
f 2727/369/2721 2741/377/2735 2726/371/2720
f 2733/356/2727 2747/376/2741 2748/378/2742
f 2726/371/2720 2740/379/2734 2725/372/2719
f 2734/357/2728 2748/378/2742 2749/380/2743
f 2725/372/2719 2739/381/2733 2724/358/2718
f 2735/359/2729 2749/380/2743 2750/382/2744
f 2747/376/2741 2761/400/2755 2762/402/2756
f 2742/375/2736 2756/403/2750 2741/377/2735
f 2748/378/2742 2762/402/2756 2763/404/2757
f 2741/377/2735 2755/405/2749 2740/379/2734
f 2749/380/2743 2763/404/2757 2764/390/2758
f 2740/379/2734 2754/406/2748 2739/381/2733
f 2750/382/2744 2764/390/2758 2765/391/2759
f 2739/381/2733 2753/392/2747 2738/383/2732
f 2745/385/2739 2715/393/2709 2760/394/2754
f 2479/395/2473 2750/382/2744 2765/391/2759
f 2737/387/2731 2753/392/2747 2752/396/2746
f 2745/385/2739 2759/397/2753 2744/388/2738
f 2736/373/2730 2752/396/2746 2751/398/2745
f 2744/388/2738 2758/399/2752 2743/389/2737
f 2746/374/2740 2751/398/2745 2761/400/2755
f 2743/389/2737 2757/401/2751 2742/375/2736
f 2760/394/2754 2715/417/2709 2775/418/2769
f 2479/419/2473 2765/391/2759 2780/415/2774
f 2752/396/2746 2768/416/2762 2767/420/2761
f 2760/394/2754 2774/421/2768 2759/397/2753
f 2751/398/2745 2767/420/2761 2766/422/2760
f 2759/397/2753 2773/423/2767 2758/399/2752
f 2761/400/2755 2766/422/2760 2776/408/2770
f 2758/399/2752 2772/407/2766 2757/401/2751
f 2762/402/2756 2776/408/2770 2777/409/2771
f 2757/401/2751 2771/410/2765 2756/403/2750
f 2763/404/2757 2777/409/2771 2778/411/2772
f 2756/403/2750 2770/412/2764 2755/405/2749
f 2764/390/2758 2778/411/2772 2779/413/2773
f 2755/405/2749 2769/414/2763 2754/406/2748
f 2765/391/2759 2779/413/2773 2780/415/2774
f 2754/406/2748 2768/416/2762 2753/392/2747
f 2772/443/2766 2786/448/2780 2771/447/2765
f 2778/450/2772 2792/445/2786 2793/449/2787
f 2771/447/2765 2785/452/2779 2770/451/2764
f 2779/454/2773 2793/449/2787 2794/453/2788
f 2770/451/2764 2784/425/2778 2769/455/2763
f 2780/431/2774 2794/453/2788 2795/432/2789
f 2769/455/2763 2783/426/2777 2768/424/2762
f 2775/427/2769 2715/428/2709 2790/429/2784
f 2479/430/2473 2780/431/2774 2795/432/2789
f 2768/424/2762 2782/433/2776 2767/434/2761
f 2775/427/2769 2789/436/2783 2774/435/2768
f 2767/434/2761 2781/437/2775 2766/438/2760
f 2774/435/2768 2788/440/2782 2773/439/2767
f 2776/442/2770 2781/437/2775 2791/441/2785
f 2773/439/2767 2787/444/2781 2772/443/2766
f 2777/446/2771 2791/441/2785 2792/445/2786
f 2783/426/2777 2797/468/2791 2782/433/2776
f 2789/436/2783 2805/466/2799 2804/469/2798
f 2782/433/2776 2796/470/2790 2781/437/2775
f 2788/440/2782 2804/469/2798 2803/471/2797
f 2781/437/2775 2806/472/2800 2791/441/2785
f 2787/444/2781 2803/471/2797 2802/457/2796
f 2791/441/2785 2807/456/2801 2792/445/2786
f 2786/448/2780 2802/457/2796 2801/458/2795
f 2792/445/2786 2808/459/2802 2793/449/2787
f 2785/452/2779 2801/458/2795 2800/460/2794
f 2793/449/2787 2809/461/2803 2794/453/2788
f 2784/425/2778 2800/460/2794 2799/462/2793
f 2794/453/2788 2810/463/2804 2795/432/2789
f 2784/425/2778 2798/464/2792 2783/426/2777
f 2790/429/2784 2715/465/2709 2805/466/2799
f 2479/467/2473 2795/432/2789 2810/463/2804
f 2807/456/2801 2823/485/2817 2808/459/2802
f 2800/460/2794 2816/484/2810 2815/486/2809
f 2808/459/2802 2824/487/2818 2809/461/2803
f 2799/462/2793 2815/486/2809 2814/488/2808
f 2809/461/2803 2825/476/2819 2810/463/2804
f 2799/462/2793 2813/489/2807 2798/464/2792
f 2805/466/2799 2715/473/2709 2820/474/2814
f 2479/475/2473 2810/463/2804 2825/476/2819
f 2798/464/2792 2812/477/2806 2797/468/2791
f 2804/469/2798 2820/474/2814 2819/478/2813
f 2797/468/2791 2811/479/2805 2796/470/2790
f 2803/471/2797 2819/478/2813 2818/480/2812
f 2796/470/2790 2821/481/2815 2806/472/2800
f 2802/457/2796 2818/480/2812 2817/482/2811
f 2806/472/2800 2822/483/2816 2807/456/2801
f 2801/458/2795 2817/482/2811 2816/484/2810
f 2812/477/2806 2826/503/2820 2811/479/2805
f 2818/480/2812 2834/502/2828 2833/504/2827
f 2811/479/2805 2836/505/2830 2821/481/2815
f 2817/482/2811 2833/504/2827 2832/490/2826
f 2821/481/2815 2837/506/2831 2822/483/2816
f 2816/484/2810 2832/490/2826 2831/491/2825
f 2822/483/2816 2838/492/2832 2823/485/2817
f 2815/486/2809 2831/491/2825 2830/493/2824
f 2823/485/2817 2839/494/2833 2824/487/2818
f 2814/488/2808 2830/493/2824 2829/495/2823
f 2824/487/2818 2840/496/2834 2825/476/2819
f 2814/488/2808 2828/497/2822 2813/489/2807
f 2820/474/2814 2715/498/2709 2835/499/2829
f 2479/500/2473 2825/476/2819 2840/496/2834
f 2813/489/2807 2827/501/2821 2812/477/2806
f 2819/478/2813 2835/499/2829 2834/502/2828
f 2838/492/2832 2854/518/2848 2839/494/2833
f 2829/495/2823 2845/517/2839 2844/519/2838
f 2839/494/2833 2855/520/2849 2840/496/2834
f 2829/495/2823 2843/521/2837 2828/497/2822
f 2835/499/2829 2715/522/2709 2850/508/2844
f 2479/523/2473 2840/496/2834 2855/520/2849
f 2828/497/2822 2842/507/2836 2827/501/2821
f 2834/502/2828 2850/508/2844 2849/509/2843
f 2827/501/2821 2841/510/2835 2826/503/2820
f 2833/504/2827 2849/509/2843 2848/511/2842
f 2826/503/2820 2851/512/2845 2836/505/2830
f 2832/490/2826 2848/511/2842 2847/513/2841
f 2836/505/2830 2852/514/2846 2837/506/2831
f 2831/491/2825 2847/513/2841 2846/515/2840
f 2837/506/2831 2853/516/2847 2838/492/2832
f 2830/493/2824 2846/515/2840 2845/517/2839
f 2848/511/2842 2864/535/2858 2863/537/2857
f 2841/510/2835 2866/538/2860 2851/512/2845
f 2847/513/2841 2863/537/2857 2862/539/2856
f 2851/512/2845 2867/540/2861 2852/514/2846
f 2846/515/2840 2862/539/2856 2861/525/2855
f 2852/514/2846 2868/524/2862 2853/516/2847
f 2845/517/2839 2861/525/2855 2860/526/2854
f 2853/516/2847 2869/527/2863 2854/518/2848
f 2844/519/2838 2860/526/2854 2859/528/2853
f 2854/518/2848 2870/529/2864 2855/520/2849
f 2844/519/2838 2858/530/2852 2843/521/2837
f 2850/508/2844 2715/531/2709 2865/532/2859
f 2479/533/2473 2855/520/2849 2870/529/2864
f 2843/521/2837 2857/534/2851 2842/507/2836
f 2849/509/2843 2865/532/2859 2864/535/2858
f 2842/507/2836 2856/536/2850 2841/510/2835
f 2859/528/2853 2875/549/2869 2874/551/2868
f 2869/527/2863 2885/552/2879 2870/529/2864
f 2859/528/2853 2873/553/2867 2858/530/2852
f 2865/532/2859 2715/554/2709 2880/555/2874
f 2479/556/2473 2870/529/2864 2885/552/2879
f 2858/530/2852 2872/557/2866 2857/534/2851
f 2864/535/2858 2880/555/2874 2879/542/2873
f 2857/534/2851 2871/541/2865 2856/536/2850
f 2863/537/2857 2879/542/2873 2878/543/2872
f 2856/536/2850 2881/544/2875 2866/538/2860
f 2862/539/2856 2878/543/2872 2877/545/2871
f 2866/538/2860 2882/546/2876 2867/540/2861
f 2861/525/2855 2877/545/2871 2876/547/2870
f 2867/540/2861 2883/548/2877 2868/524/2862
f 2860/526/2854 2876/547/2870 2875/549/2869
f 2868/524/2862 2884/550/2878 2869/527/2863
f 2871/541/2865 2467/25/2461 2881/544/2875
f 2877/545/2871 2889/1121/2883 2888/28/2882
f 2881/544/2875 2890/29/2884 2882/546/2876
f 2876/547/2870 2888/28/2882 2471/1/2465
f 2882/546/2876 2466/1119/2460 2883/548/2877
f 2875/549/2869 2471/1/2465 2470/1122/2464
f 2883/548/2877 2891/4/2885 2884/550/2878
f 2875/549/2869 2469/8/2463 2874/551/2868
f 2884/550/2878 2892/9/2886 2885/552/2879
f 2874/551/2868 2887/12/2881 2873/553/2867
f 2880/555/2874 2715/558/2709 2473/1120/2467
f 2479/559/2473 2885/552/2879 2892/9/2886
f 2873/553/2867 2468/17/2462 2872/557/2866
f 2879/542/2873 2473/1120/2467 2472/20/2466
f 2872/557/2866 2886/21/2880 2871/541/2865
f 2878/543/2872 2472/20/2466 2889/1121/2883
f 2954/562/2948 2933/570/2927 2934/561/2928
f 3373/565/3367 2945/572/2939 2946/564/2940
f 2950/568/2944 2940/579/2934 2941/567/2935
f 2955/560/2949 3197/569/3191 2933/570/2927
f 2948/563/2942 2944/574/2938 2945/572/2939
f 3372/571/3366 2943/581/2937 2944/574/2938
f 2953/577/2947 2936/584/2930 2937/576/2931
f 3369/566/3363 2939/586/2933 2940/579/2934
f 2949/573/2943 2942/582/2936 2943/581/2937
f 3368/580/3362 2941/567/2935 2942/582/2936
f 3370/575/3364 2935/591/2929 2936/584/2930
f 2951/578/2945 2938/590/2932 2939/586/2933
f 2961/587/2955 3374/588/3368 2947/589/2941
f 2952/585/2946 2937/576/2931 2938/590/2932
f 3371/583/3365 2934/561/2928 2935/591/2929
f 3374/588/3368 2946/564/2940 2947/589/2941
f 2939/586/2933 2927/595/2921 2926/592/2920
f 2945/572/2939 2921/600/2915 2920/593/2914
f 2937/576/2931 2929/608/2923 2928/594/2922
f 2938/590/2932 2928/594/2922 2927/595/2921
f 2940/579/2934 2926/592/2920 2925/596/2919
f 2946/564/2940 2920/593/2914 2919/597/2913
f 2943/581/2937 2923/603/2917 2922/598/2916
f 2947/589/2941 2919/597/2913 2918/599/2912
f 2944/574/2938 2922/598/2916 2921/600/2915
f 2961/601/2955 2947/589/2941 2918/599/2912
f 2941/567/2935 2925/596/2919 2924/602/2918
f 2942/582/2936 2924/602/2918 2923/603/2917
f 2933/570/2927 3197/604/3191 2932/605/2926
f 2934/561/2928 2932/605/2926 2931/606/2925
f 2935/591/2929 2931/606/2925 2930/607/2924
f 2936/584/2930 2930/607/2924 2929/608/2923
f 2918/599/2912 2916/610/2910 2917/609/2911
f 2919/597/2913 2915/611/2909 2916/610/2910
f 2920/593/2914 2914/623/2908 2915/611/2909
f 2930/607/2924 2904/613/2898 2905/612/2899
f 2931/606/2925 2903/618/2897 2904/613/2898
f 2928/594/2922 2906/619/2900 2907/614/2901
f 2922/598/2916 2912/616/2906 2913/615/2907
f 2923/603/2917 2911/620/2905 2912/616/2906
f 2932/605/2926 3197/617/3191 2903/618/2897
f 2929/608/2923 2905/612/2899 2906/619/2900
f 2924/602/2918 2910/622/2904 2911/620/2905
f 2961/621/2955 2918/599/2912 2917/609/2911
f 2925/596/2919 2909/624/2903 2910/622/2904
f 2921/600/2915 2913/615/2907 2914/623/2908
f 2926/592/2920 2908/625/2902 2909/624/2903
f 2927/595/2921 2907/614/2901 2908/625/2902
f 2908/625/2902 2898/630/2892 2897/626/2891
f 2914/623/2908 2956/635/2950 2957/627/2951
f 2915/611/2909 2957/627/2951 2958/628/2952
f 2906/619/2900 2900/642/2894 2899/629/2893
f 2907/614/2901 2899/629/2893 2898/630/2892
f 2909/624/2903 2897/626/2891 2896/631/2890
f 2912/616/2906 2894/637/2888 2893/632/2887
f 2961/633/2955 2917/609/2911 2960/634/2954
f 2913/615/2907 2893/632/2887 2956/635/2950
f 2910/622/2904 2896/631/2890 2895/636/2889
f 2911/620/2905 2895/636/2889 2894/637/2888
f 2903/618/2897 2901/638/2895 2904/613/2898
f 2916/610/2910 2958/628/2952 2959/639/2953
f 2903/618/2897 3197/640/3191 2902/641/2896
f 2905/612/2899 2901/638/2895 2900/642/2894
f 2917/609/2911 2959/639/2953 2960/634/2954
f 2959/639/2953 2974/654/2968 2975/643/2969
f 2961/644/2955 2960/634/2954 2976/645/2970
f 2897/626/2891 2967/649/2961 2966/646/2960
f 2899/629/2893 2969/648/2963 2968/647/2962
f 2900/642/2894 2970/652/2964 2969/648/2963
f 2898/630/2892 2968/647/2962 2967/649/2961
f 2956/635/2950 2962/651/2956 2972/650/2966
f 2893/632/2887 2963/653/2957 2962/651/2956
f 2902/641/2896 2970/652/2964 2901/638/2895
f 2894/637/2888 2964/658/2958 2963/653/2957
f 2958/628/2952 2973/657/2967 2974/654/2968
f 2902/641/2896 3197/655/3191 2971/656/2965
f 2957/627/2951 2972/650/2966 2973/657/2967
f 2895/636/2889 2965/659/2959 2964/658/2958
f 2896/631/2890 2966/646/2960 2965/659/2959
f 2960/634/2954 2975/643/2969 2976/645/2970
f 2962/651/2956 2978/675/2972 2977/660/2971
f 2967/649/2961 2983/676/2977 2982/661/2976
f 2972/650/2966 2977/660/2971 2987/662/2981
f 2966/646/2960 2982/661/2976 2981/663/2975
f 2973/657/2967 2987/662/2981 2988/664/2982
f 2974/654/2968 2988/664/2982 2989/665/2983
f 2971/656/2965 3197/666/3191 2986/667/2980
f 2975/643/2969 2989/665/2983 2990/668/2984
f 2976/645/2970 2990/668/2984 2991/669/2985
f 2965/659/2959 2981/663/2975 2980/670/2974
f 2971/656/2965 2985/671/2979 2970/652/2964
f 2961/672/2955 2976/645/2970 2991/669/2985
f 2964/658/2958 2980/670/2974 2979/673/2973
f 2970/652/2964 2984/674/2978 2969/648/2963
f 2963/653/2957 2979/673/2973 2978/675/2972
f 2969/648/2963 2983/676/2977 2968/647/2962
f 2981/663/2975 2995/677/2989 2980/670/2974
f 2991/669/2985 3005/678/2999 3006/679/3000
f 2980/670/2974 2994/680/2988 2979/673/2973
f 2986/667/2980 3197/681/3191 3001/682/2995
f 2961/683/2955 2991/669/2985 3006/679/3000
f 2979/673/2973 2993/684/2987 2978/675/2972
f 2986/667/2980 3000/685/2994 2985/671/2979
f 2977/660/2971 2993/684/2987 2992/686/2986
f 2985/671/2979 2999/687/2993 2984/674/2978
f 2987/662/2981 2992/686/2986 3002/688/2996
f 2984/674/2978 2998/689/2992 2983/676/2977
f 2988/664/2982 3002/688/2996 3003/690/2997
f 2983/676/2977 2997/691/2991 2982/661/2976
f 2989/665/2983 3003/690/2997 3004/692/2998
f 2982/661/2976 2996/693/2990 2981/663/2975
f 2990/668/2984 3004/692/2998 3005/678/2999
f 2992/686/2986 3017/694/3011 3002/688/2996
f 2999/687/2993 3013/695/3007 2998/689/2992
f 3002/688/2996 3018/696/3012 3003/690/2997
f 2998/689/2992 3012/697/3006 2997/691/2991
f 3003/690/2997 3019/698/3013 3004/692/2998
f 2997/691/2991 3011/699/3005 2996/693/2990
f 3004/692/2998 3020/700/3014 3005/678/2999
f 2996/693/2990 3010/701/3004 2995/677/2989
f 3005/678/2999 3021/702/3015 3006/679/3000
f 2995/677/2989 3009/703/3003 2994/680/2988
f 3001/682/2995 3197/704/3191 3016/705/3010
f 2961/706/2955 3006/679/3000 3021/702/3015
f 2994/680/2988 3008/707/3002 2993/684/2987
f 3001/682/2995 3015/708/3009 3000/685/2994
f 2993/684/2987 3007/709/3001 2992/686/2986
f 3000/685/2994 3014/710/3008 2999/687/2993
f 3020/700/3014 3036/712/3030 3021/702/3015
f 3010/701/3004 3024/713/3018 3009/703/3003
f 3016/705/3010 3197/714/3191 3031/715/3025
f 2961/716/2955 3021/702/3015 3036/712/3030
f 3009/703/3003 3023/717/3017 3008/707/3002
f 3016/705/3010 3030/718/3024 3015/708/3009
f 3008/707/3002 3022/719/3016 3007/709/3001
f 3015/708/3009 3029/720/3023 3014/710/3008
f 3007/709/3001 3032/721/3026 3017/694/3011
f 3014/710/3008 3028/722/3022 3013/695/3007
f 3017/694/3011 3033/723/3027 3018/696/3012
f 3013/695/3007 3027/724/3021 3012/697/3006
f 3018/696/3012 3034/725/3028 3019/698/3013
f 3012/697/3006 3026/726/3020 3011/699/3005
f 3019/698/3013 3035/711/3029 3020/700/3014
f 3011/699/3005 3025/727/3019 3010/701/3004
f 3032/721/3026 3048/729/3042 3033/723/3027
f 3028/722/3022 3042/731/3036 3027/724/3021
f 3033/723/3027 3049/732/3043 3034/725/3028
f 3027/724/3021 3041/733/3035 3026/726/3020
f 3034/725/3028 3050/734/3044 3035/711/3029
f 3026/726/3020 3040/735/3034 3025/727/3019
f 3035/711/3029 3051/736/3045 3036/712/3030
f 3025/727/3019 3039/737/3033 3024/713/3018
f 3031/715/3025 3197/738/3191 3046/739/3040
f 2961/740/2955 3036/712/3030 3051/736/3045
f 3024/713/3018 3038/741/3032 3023/717/3017
f 3031/715/3025 3045/742/3039 3030/718/3024
f 3023/717/3017 3037/743/3031 3022/719/3016
f 3030/718/3024 3044/744/3038 3029/720/3023
f 3022/719/3016 3047/728/3041 3032/721/3026
f 3029/720/3023 3043/730/3037 3028/722/3022
f 3046/739/3040 3197/745/3191 3061/746/3055
f 2961/747/2955 3051/736/3045 3066/748/3060
f 3039/737/3033 3053/750/3047 3038/741/3032
f 3046/739/3040 3060/751/3054 3045/742/3039
f 3038/741/3032 3052/752/3046 3037/743/3031
f 3045/742/3039 3059/753/3053 3044/744/3038
f 3037/743/3031 3062/754/3056 3047/728/3041
f 3044/744/3038 3058/755/3052 3043/730/3037
f 3047/728/3041 3063/756/3057 3048/729/3042
f 3043/730/3037 3057/757/3051 3042/731/3036
f 3048/729/3042 3064/758/3058 3049/732/3043
f 3042/731/3036 3056/759/3050 3041/733/3035
f 3049/732/3043 3065/760/3059 3050/734/3044
f 3041/733/3035 3055/761/3049 3040/735/3034
f 3050/734/3044 3066/748/3060 3051/736/3045
f 3040/735/3034 3054/749/3048 3039/737/3033
f 3058/755/3052 3072/763/3066 3057/757/3051
f 3063/756/3057 3079/765/3073 3064/758/3058
f 3057/757/3051 3071/766/3065 3056/759/3050
f 3064/758/3058 3080/767/3074 3065/760/3059
f 3056/759/3050 3070/768/3064 3055/761/3049
f 3065/760/3059 3081/769/3075 3066/748/3060
f 3055/761/3049 3069/770/3063 3054/749/3048
f 3061/746/3055 3197/771/3191 3076/772/3070
f 2961/773/2955 3066/748/3060 3081/769/3075
f 3054/749/3048 3068/774/3062 3053/750/3047
f 3061/746/3055 3075/775/3069 3060/751/3054
f 3053/750/3047 3067/776/3061 3052/752/3046
f 3060/751/3054 3074/777/3068 3059/753/3053
f 3052/752/3046 3077/778/3071 3062/754/3056
f 3059/753/3053 3073/762/3067 3058/755/3052
f 3062/754/3056 3078/764/3072 3063/756/3057
f 3069/770/3063 3083/780/3077 3068/774/3062
f 3076/772/3070 3090/782/3084 3075/775/3069
f 3068/774/3062 3082/783/3076 3067/776/3061
f 3075/775/3069 3089/784/3083 3074/777/3068
f 3067/776/3061 3092/785/3086 3077/778/3071
f 3074/777/3068 3088/786/3082 3073/762/3067
f 3077/778/3071 3093/787/3087 3078/764/3072
f 3073/762/3067 3087/788/3081 3072/763/3066
f 3078/764/3072 3094/789/3088 3079/765/3073
f 3072/763/3066 3086/790/3080 3071/766/3065
f 3079/765/3073 3095/791/3089 3080/767/3074
f 3071/766/3065 3085/792/3079 3070/768/3064
f 3080/767/3074 3096/793/3090 3081/769/3075
f 3070/768/3064 3084/779/3078 3069/770/3063
f 3076/772/3070 3197/794/3191 3091/781/3085
f 2961/795/2955 3081/769/3075 3096/793/3090
f 3093/787/3087 3109/797/3103 3094/789/3088
f 3087/788/3081 3101/799/3095 3086/790/3080
f 3094/789/3088 3110/800/3104 3095/791/3089
f 3086/790/3080 3100/801/3094 3085/792/3079
f 3095/791/3089 3111/802/3105 3096/793/3090
f 3085/792/3079 3099/803/3093 3084/779/3078
f 3091/781/3085 3197/804/3191 3106/805/3100
f 2961/806/2955 3096/793/3090 3111/802/3105
f 3084/779/3078 3098/807/3092 3083/780/3077
f 3091/781/3085 3105/808/3099 3090/782/3084
f 3083/780/3077 3097/809/3091 3082/783/3076
f 3090/782/3084 3104/810/3098 3089/784/3083
f 3082/783/3076 3107/811/3101 3092/785/3086
f 3089/784/3083 3103/812/3097 3088/786/3082
f 3092/785/3086 3108/796/3102 3093/787/3087
f 3088/786/3082 3102/798/3096 3087/788/3081
f 3106/805/3100 3120/814/3114 3105/808/3099
f 3098/807/3092 3112/816/3106 3097/809/3091
f 3105/808/3099 3119/817/3113 3104/810/3098
f 3097/809/3091 3122/818/3116 3107/811/3101
f 3104/810/3098 3118/819/3112 3103/812/3097
f 3107/811/3101 3123/820/3117 3108/796/3102
f 3103/812/3097 3117/821/3111 3102/798/3096
f 3108/796/3102 3124/822/3118 3109/797/3103
f 3102/798/3096 3116/823/3110 3101/799/3095
f 3109/797/3103 3125/824/3119 3110/800/3104
f 3101/799/3095 3115/825/3109 3100/801/3094
f 3110/800/3104 3126/826/3120 3111/802/3105
f 3100/801/3094 3114/827/3108 3099/803/3093
f 3106/805/3100 3197/828/3191 3121/813/3115
f 2961/829/2955 3111/802/3105 3126/826/3120
f 3099/803/3093 3113/815/3107 3098/807/3092
f 3117/821/3111 3131/831/3125 3116/823/3110
f 3124/822/3118 3140/833/3134 3125/824/3119
f 3116/823/3110 3130/834/3124 3115/825/3109
f 3125/824/3119 3141/835/3135 3126/826/3120
f 3115/825/3109 3129/836/3123 3114/827/3108
f 3121/813/3115 3197/837/3191 3136/838/3130
f 2961/839/2955 3126/826/3120 3141/835/3135
f 3114/827/3108 3128/840/3122 3113/815/3107
f 3121/813/3115 3135/841/3129 3120/814/3114
f 3113/815/3107 3127/842/3121 3112/816/3106
f 3120/814/3114 3134/843/3128 3119/817/3113
f 3112/816/3106 3137/844/3131 3122/818/3116
f 3119/817/3113 3133/845/3127 3118/819/3112
f 3122/818/3116 3138/846/3132 3123/820/3117
f 3118/819/3112 3132/830/3126 3117/821/3111
f 3123/820/3117 3139/832/3133 3124/822/3118
f 3128/840/3122 3142/848/3136 3127/842/3121
f 3135/841/3129 3149/850/3143 3134/843/3128
f 3127/842/3121 3152/851/3146 3137/844/3131
f 3134/843/3128 3148/852/3142 3133/845/3127
f 3137/844/3131 3153/853/3147 3138/846/3132
f 3133/845/3127 3147/854/3141 3132/830/3126
f 3138/846/3132 3154/855/3148 3139/832/3133
f 3132/830/3126 3146/856/3140 3131/831/3125
f 3139/832/3133 3155/857/3149 3140/833/3134
f 3131/831/3125 3145/858/3139 3130/834/3124
f 3140/833/3134 3156/859/3150 3141/835/3135
f 3130/834/3124 3144/860/3138 3129/836/3123
f 3136/838/3130 3197/861/3191 3151/862/3145
f 2961/863/2955 3141/835/3135 3156/859/3150
f 3129/836/3123 3143/847/3137 3128/840/3122
f 3136/838/3130 3150/849/3144 3135/841/3129
f 3154/855/3148 3170/865/3164 3155/857/3149
f 3146/856/3140 3160/867/3154 3145/858/3139
f 3155/857/3149 3171/868/3165 3156/859/3150
f 3145/858/3139 3159/869/3153 3144/860/3138
f 3151/862/3145 3197/870/3191 3166/871/3160
f 2961/872/2955 3156/859/3150 3171/868/3165
f 3144/860/3138 3158/873/3152 3143/847/3137
f 3151/862/3145 3165/874/3159 3150/849/3144
f 3143/847/3137 3157/875/3151 3142/848/3136
f 3150/849/3144 3164/876/3158 3149/850/3143
f 3142/848/3136 3167/877/3161 3152/851/3146
f 3149/850/3143 3163/878/3157 3148/852/3142
f 3152/851/3146 3168/879/3162 3153/853/3147
f 3148/852/3142 3162/880/3156 3147/854/3141
f 3153/853/3147 3169/864/3163 3154/855/3148
f 3147/854/3141 3161/866/3155 3146/856/3140
f 3157/875/3151 3182/882/3176 3167/877/3161
f 3164/876/3158 3178/884/3172 3163/878/3157
f 3167/877/3161 3183/885/3177 3168/879/3162
f 3163/878/3157 3177/886/3171 3162/880/3156
f 3168/879/3162 3184/887/3178 3169/864/3163
f 3162/880/3156 3176/888/3170 3161/866/3155
f 3169/864/3163 3185/889/3179 3170/865/3164
f 3161/866/3155 3175/890/3169 3160/867/3154
f 3170/865/3164 3186/891/3180 3171/868/3165
f 3160/867/3154 3174/892/3168 3159/869/3153
f 3166/871/3160 3197/893/3191 3181/894/3175
f 2961/895/2955 3171/868/3165 3186/891/3180
f 3159/869/3153 3173/896/3167 3158/873/3152
f 3166/871/3160 3180/897/3174 3165/874/3159
f 3158/873/3152 3172/881/3166 3157/875/3151
f 3165/874/3159 3179/883/3173 3164/876/3158
f 3186/891/3180 3201/898/3195 3202/899/3196
f 3175/890/3169 3189/901/3183 3174/892/3168
f 3181/894/3175 3197/902/3191 3196/903/3190
f 2961/904/2955 3186/891/3180 3202/899/3196
f 3174/892/3168 3188/905/3182 3173/896/3167
f 3181/894/3175 3195/906/3189 3180/897/3174
f 3173/896/3167 3187/907/3181 3172/881/3166
f 3180/897/3174 3194/908/3188 3179/883/3173
f 3172/881/3166 3198/909/3192 3182/882/3176
f 3179/883/3173 3193/910/3187 3178/884/3172
f 3182/882/3176 3199/911/3193 3183/885/3177
f 3178/884/3172 3192/912/3186 3177/886/3171
f 3183/885/3177 3200/913/3194 3184/887/3178
f 3177/886/3171 3191/914/3185 3176/888/3170
f 3184/887/3178 3201/898/3195 3185/889/3179
f 3176/888/3170 3190/900/3184 3175/890/3169
f 3194/908/3188 3209/916/3203 3193/910/3187
f 3198/909/3192 3214/918/3208 3199/911/3193
f 3193/910/3187 3208/919/3202 3192/912/3186
f 3199/911/3193 3215/920/3209 3200/913/3194
f 3192/912/3186 3207/921/3201 3191/914/3185
f 3200/913/3194 3216/922/3210 3201/898/3195
f 3191/914/3185 3206/923/3200 3190/900/3184
f 3202/899/3196 3216/922/3210 3217/924/3211
f 3190/900/3184 3205/925/3199 3189/901/3183
f 3196/903/3190 3197/926/3191 3212/927/3206
f 2961/928/2955 3202/899/3196 3217/924/3211
f 3189/901/3183 3204/929/3198 3188/905/3182
f 3196/903/3190 3211/930/3205 3195/906/3189
f 3188/905/3182 3203/931/3197 3187/907/3181
f 3195/906/3189 3210/915/3204 3194/908/3188
f 3187/907/3181 3213/917/3207 3198/909/3192
f 3206/923/3200 3220/933/3214 3205/925/3199
f 3212/927/3206 3197/934/3191 3227/935/3221
f 2961/936/2955 3217/924/3211 3232/937/3226
f 3205/925/3199 3219/938/3213 3204/929/3198
f 3212/927/3206 3226/939/3220 3211/930/3205
f 3204/929/3198 3218/940/3212 3203/931/3197
f 3211/930/3205 3225/941/3219 3210/915/3204
f 3203/931/3197 3228/942/3222 3213/917/3207
f 3210/915/3204 3224/943/3218 3209/916/3203
f 3213/917/3207 3229/944/3223 3214/918/3208
f 3209/916/3203 3223/945/3217 3208/919/3202
f 3215/920/3209 3229/944/3223 3230/946/3224
f 3208/919/3202 3222/947/3216 3207/921/3201
f 3216/922/3210 3230/946/3224 3231/948/3225
f 3207/921/3201 3221/932/3215 3206/923/3200
f 3217/924/3211 3231/948/3225 3232/937/3226
f 3229/944/3223 3243/949/3237 3244/950/3238
f 3224/943/3218 3238/952/3232 3223/945/3217
f 3230/946/3224 3244/950/3238 3245/953/3239
f 3223/945/3217 3237/954/3231 3222/947/3216
f 3231/948/3225 3245/953/3239 3246/955/3240
f 3222/947/3216 3236/956/3230 3221/932/3215
f 3232/937/3226 3246/955/3240 3247/957/3241
f 3220/933/3214 3236/956/3230 3235/958/3229
f 3227/935/3221 3197/959/3191 3242/960/3236
f 2961/961/2955 3232/937/3226 3247/957/3241
f 3219/938/3213 3235/958/3229 3234/962/3228
f 3227/935/3221 3241/963/3235 3226/939/3220
f 3218/940/3212 3234/962/3228 3233/964/3227
f 3226/939/3220 3240/965/3234 3225/941/3219
f 3228/942/3222 3233/964/3227 3243/949/3237
f 3225/941/3219 3239/951/3233 3224/943/3218
f 3242/960/3236 3197/966/3191 3257/967/3251
f 2961/968/2955 3247/957/3241 3262/969/3256
f 3234/962/3228 3250/970/3244 3249/971/3243
f 3241/963/3235 3257/967/3251 3256/972/3250
f 3233/964/3227 3249/971/3243 3248/973/3242
f 3240/965/3234 3256/972/3250 3255/974/3249
f 3243/949/3237 3248/973/3242 3258/975/3252
f 3239/951/3233 3255/974/3249 3254/976/3248
f 3244/950/3238 3258/975/3252 3259/977/3253
f 3238/952/3232 3254/976/3248 3253/978/3247
f 3245/953/3239 3259/977/3253 3260/979/3254
f 3237/954/3231 3253/978/3247 3252/980/3246
f 3246/955/3240 3260/979/3254 3261/981/3255
f 3236/956/3230 3252/980/3246 3251/982/3245
f 3247/957/3241 3261/981/3255 3262/969/3256
f 3235/958/3229 3251/982/3245 3250/970/3244
f 3253/983/3247 3269/984/3263 3268/985/3262
f 3260/986/3254 3274/987/3268 3275/988/3269
f 3252/989/3246 3268/985/3262 3267/990/3261
f 3261/991/3255 3275/988/3269 3276/992/3270
f 3251/993/3245 3267/990/3261 3266/994/3260
f 3262/995/3256 3276/992/3270 3277/996/3271
f 3250/997/3244 3266/994/3260 3265/998/3259
f 3257/999/3251 3197/1000/3191 3272/1001/3266
f 2961/1002/2955 3262/995/3256 3277/996/3271
f 3249/1003/3243 3265/998/3259 3264/1004/3258
f 3256/1006/3250 3272/1001/3266 3271/1005/3265
f 3248/1007/3242 3264/1004/3258 3263/1008/3257
f 3255/1010/3249 3271/1005/3265 3270/1009/3264
f 3258/1011/3252 3263/1008/3257 3273/1012/3267
f 3254/1013/3248 3270/1009/3264 3269/984/3263
f 3259/1014/3253 3273/1012/3267 3274/987/3268
f 3264/1004/3258 3280/1029/3274 3279/1015/3273
f 3271/1005/3265 3287/1016/3281 3286/1017/3280
f 3263/1008/3257 3279/1015/3273 3278/1018/3272
f 3270/1009/3264 3286/1017/3280 3285/1019/3279
f 3273/1012/3267 3278/1018/3272 3288/1020/3282
f 3269/984/3263 3285/1019/3279 3284/1021/3278
f 3274/987/3268 3288/1020/3282 3289/1022/3283
f 3268/985/3262 3284/1021/3278 3283/1023/3277
f 3275/988/3269 3289/1022/3283 3290/1024/3284
f 3267/990/3261 3283/1023/3277 3282/1025/3276
f 3276/992/3270 3290/1024/3284 3291/1026/3285
f 3266/994/3260 3282/1025/3276 3281/1027/3275
f 3277/996/3271 3291/1026/3285 3292/1028/3286
f 3265/998/3259 3281/1027/3275 3280/1029/3274
f 3272/1001/3266 3197/1030/3191 3287/1016/3281
f 2961/1031/2955 3277/996/3271 3292/1028/3286
f 3290/1024/3284 3304/1047/3298 3305/1032/3299
f 3282/1025/3276 3298/1048/3292 3297/1033/3291
f 3291/1026/3285 3305/1032/3299 3306/1034/3300
f 3281/1027/3275 3297/1033/3291 3296/1035/3290
f 3292/1028/3286 3306/1034/3300 3307/1036/3301
f 3280/1029/3274 3296/1035/3290 3295/1037/3289
f 3287/1016/3281 3197/1038/3191 3302/1039/3296
f 2961/1040/2955 3292/1028/3286 3307/1036/3301
f 3279/1015/3273 3295/1037/3289 3294/1041/3288
f 3286/1017/3280 3302/1039/3296 3301/1042/3295
f 3278/1018/3272 3294/1041/3288 3293/1043/3287
f 3285/1019/3279 3301/1042/3295 3300/1044/3294
f 3288/1020/3282 3293/1043/3287 3303/1045/3297
f 3284/1021/3278 3300/1044/3294 3299/1046/3293
f 3289/1022/3283 3303/1045/3297 3304/1047/3298
f 3283/1023/3277 3299/1046/3293 3298/1048/3292
f 3293/1043/3287 3309/1065/3303 3308/1049/3302
f 3300/1044/3294 3316/1050/3310 3315/1051/3309
f 3303/1045/3297 3308/1049/3302 3318/1052/3312
f 3299/1046/3293 3315/1051/3309 3314/1053/3308
f 3304/1047/3298 3318/1052/3312 3319/1054/3313
f 3298/1048/3292 3314/1053/3308 3313/1055/3307
f 3305/1032/3299 3319/1054/3313 3320/1056/3314
f 3297/1033/3291 3313/1055/3307 3312/1057/3306
f 3306/1034/3300 3320/1056/3314 3321/1058/3315
f 3296/1035/3290 3312/1057/3306 3311/1059/3305
f 3307/1036/3301 3321/1058/3315 3322/1060/3316
f 3295/1037/3289 3311/1059/3305 3310/1061/3304
f 3302/1039/3296 3197/1062/3191 3317/1063/3311
f 2961/1064/2955 3307/1036/3301 3322/1060/3316
f 3294/1041/3288 3310/1061/3304 3309/1065/3303
f 3301/1042/3295 3317/1063/3311 3316/1050/3310
f 3321/1058/3315 3335/1081/3329 3336/1066/3330
f 3311/1059/3305 3327/1082/3321 3326/1067/3320
f 3322/1060/3316 3336/1066/3330 3337/1068/3331
f 3310/1061/3304 3326/1067/3320 3325/1069/3319
f 3317/1063/3311 3197/1070/3191 3332/1071/3326
f 2961/1072/2955 3322/1060/3316 3337/1068/3331
f 3309/1065/3303 3325/1069/3319 3324/1073/3318
f 3316/1050/3310 3332/1071/3326 3331/1074/3325
f 3308/1049/3302 3324/1073/3318 3323/1075/3317
f 3315/1051/3309 3331/1074/3325 3330/1076/3324
f 3318/1052/3312 3323/1075/3317 3333/1077/3327
f 3314/1053/3308 3330/1076/3324 3329/1078/3323
f 3319/1054/3313 3333/1077/3327 3334/1079/3328
f 3313/1055/3307 3329/1078/3323 3328/1080/3322
f 3320/1056/3314 3334/1079/3328 3335/1081/3329
f 3312/1057/3306 3328/1080/3322 3327/1082/3321
f 3330/1076/3324 3346/1098/3340 3345/1083/3339
f 3333/1077/3327 3338/1099/3332 3348/1084/3342
f 3329/1078/3323 3345/1083/3339 3344/1085/3338
f 3334/1079/3328 3348/1084/3342 3349/1086/3343
f 3328/1080/3322 3344/1085/3338 3343/1087/3337
f 3335/1081/3329 3349/1086/3343 3350/1088/3344
f 3327/1082/3321 3343/1087/3337 3342/1089/3336
f 3336/1066/3330 3350/1088/3344 3351/1090/3345
f 3326/1067/3320 3342/1089/3336 3341/1091/3335
f 3337/1068/3331 3351/1090/3345 3352/1092/3346
f 3325/1069/3319 3341/1091/3335 3340/1093/3334
f 3332/1071/3326 3197/1094/3191 3347/1095/3341
f 2961/1096/2955 3337/1068/3331 3352/1092/3346
f 3324/1073/3318 3340/1093/3334 3339/1097/3333
f 3331/1074/3325 3347/1095/3341 3346/1098/3340
f 3323/1075/3317 3339/1097/3333 3338/1099/3332
f 3341/1091/3335 3357/1115/3351 3356/1100/3350
f 3352/1092/3346 3366/1116/3360 3367/1101/3361
f 3340/1093/3334 3356/1100/3350 3355/1102/3349
f 3347/1095/3341 3197/1103/3191 3362/1104/3356
f 2961/1105/2955 3352/1092/3346 3367/1101/3361
f 3339/1097/3333 3355/1102/3349 3354/1106/3348
f 3346/1098/3340 3362/1104/3356 3361/1107/3355
f 3338/1099/3332 3354/1106/3348 3353/1108/3347
f 3345/1083/3339 3361/1107/3355 3360/1109/3354
f 3348/1084/3342 3353/1108/3347 3363/1110/3357
f 3344/1085/3338 3360/1109/3354 3359/1111/3353
f 3349/1086/3343 3363/1110/3357 3364/1112/3358
f 3343/1087/3337 3359/1111/3353 3358/1113/3352
f 3350/1088/3344 3364/1112/3358 3365/1114/3359
f 3342/1089/3336 3358/1113/3352 3357/1115/3351
f 3351/1090/3345 3365/1114/3359 3366/1116/3360
f 3363/1110/3357 3368/580/3362 2949/573/2943
f 3359/1111/3353 3371/583/3365 3370/575/3364
f 3364/1112/3358 2949/573/2943 3372/571/3366
f 3358/1113/3352 3370/575/3364 2953/577/2947
f 3365/1114/3359 3372/571/3366 2948/563/2942
f 3357/1115/3351 2953/577/2947 2952/585/2946
f 3366/1116/3360 2948/563/2942 3373/565/3367
f 3356/1100/3350 2952/585/2946 2951/578/2945
f 3367/1101/3361 3373/565/3367 3374/588/3368
f 3355/1102/3349 2951/578/2945 3369/566/3363
f 3362/1104/3356 3197/1117/3191 2955/560/2949
f 2961/1118/2955 3367/1101/3361 3374/588/3368
f 3354/1106/3348 3369/566/3363 2950/568/2944
f 3361/1107/3355 2955/560/2949 2954/562/2948
f 3353/1108/3347 2950/568/2944 3368/580/3362
f 3360/1109/3354 2954/562/2948 3371/583/3365
f 3436/562/2948 3415/570/2927 3416/561/3371
f 3855/565/3367 3427/572/2939 3428/564/2940
f 3432/568/2944 3422/579/2934 3423/567/2935
f 3437/560/2949 3679/569/3191 3415/570/2927
f 3430/563/2942 3426/574/2938 3427/572/2939
f 3854/571/3366 3425/581/2937 3426/574/2938
f 3435/577/2947 3418/584/2930 3419/576/2931
f 3851/566/3363 3421/586/2933 3422/579/2934
f 3431/573/2943 3424/582/2936 3425/581/2937
f 3850/580/3362 3423/567/2935 3424/582/2936
f 3852/575/3364 3417/591/2929 3418/584/2930
f 3433/578/2945 3420/590/2932 3421/586/2933
f 3443/587/2955 3856/588/3368 3429/589/2941
f 3434/585/2946 3419/576/2931 3420/590/2932
f 3853/583/3365 3416/561/3371 3417/591/2929
f 3856/588/3368 3428/564/2940 3429/589/2941
f 3421/586/2933 3409/595/2921 3408/592/2920
f 3427/572/2939 3403/600/2915 3402/593/2914
f 3419/576/2931 3411/608/2923 3410/594/2922
f 3420/590/2932 3410/594/2922 3409/595/2921
f 3422/579/2934 3408/592/2920 3407/596/2919
f 3428/564/2940 3402/593/2914 3401/597/2913
f 3425/581/2937 3405/603/2917 3404/598/2916
f 3429/589/2941 3401/597/2913 3400/599/2912
f 3426/574/2938 3404/598/2916 3403/600/2915
f 3443/601/2955 3429/589/2941 3400/599/2912
f 3423/567/2935 3407/596/2919 3406/602/2918
f 3424/582/2936 3406/602/2918 3405/603/2917
f 3415/570/2927 3679/604/3191 3414/605/2926
f 3416/561/3371 3414/605/2926 3413/606/3370
f 3417/591/2929 3413/606/3370 3412/607/2924
f 3418/584/2930 3412/607/2924 3411/608/2923
f 3400/599/2912 3398/610/2910 3399/609/2911
f 3401/597/2913 3397/611/2909 3398/610/2910
f 3402/593/2914 3396/623/2908 3397/611/2909
f 3412/607/2924 3386/613/2898 3387/612/2899
f 3413/606/3370 3385/618/3369 3386/613/2898
f 3410/594/2922 3388/619/2900 3389/614/2901
f 3404/598/2916 3394/616/2906 3395/615/2907
f 3405/603/2917 3393/620/2905 3394/616/2906
f 3414/605/2926 3679/617/3191 3385/618/3369
f 3411/608/2923 3387/612/2899 3388/619/2900
f 3406/602/2918 3392/622/2904 3393/620/2905
f 3443/621/2955 3400/599/2912 3399/609/2911
f 3407/596/2919 3391/624/2903 3392/622/2904
f 3403/600/2915 3395/615/2907 3396/623/2908
f 3408/592/2920 3390/625/2902 3391/624/2903
f 3409/595/2921 3389/614/2901 3390/625/2902
f 3390/625/2902 3380/630/2892 3379/626/2891
f 3396/623/2908 3438/635/2950 3439/627/2951
f 3397/611/2909 3439/627/2951 3440/628/2952
f 3388/619/2900 3382/642/2894 3381/629/2893
f 3389/614/2901 3381/629/2893 3380/630/2892
f 3391/624/2903 3379/626/2891 3378/631/2890
f 3394/616/2906 3376/637/2888 3375/632/2887
f 3443/633/2955 3399/609/2911 3442/634/2954
f 3395/615/2907 3375/632/2887 3438/635/2950
f 3392/622/2904 3378/631/2890 3377/636/2889
f 3393/620/2905 3377/636/2889 3376/637/2888
f 3385/618/3369 3383/638/2895 3386/613/2898
f 3398/610/2910 3440/628/2952 3441/639/3372
f 3385/618/3369 3679/640/3191 3384/641/2896
f 3387/612/2899 3383/638/2895 3382/642/2894
f 3399/609/2911 3441/639/3372 3442/634/2954
f 3441/639/3372 3456/654/3375 3457/643/2969
f 3443/644/2955 3442/634/2954 3458/645/2970
f 3379/626/2891 3449/649/2961 3448/646/2960
f 3381/629/2893 3451/648/3374 3450/647/2962
f 3382/642/2894 3452/652/2964 3451/648/3374
f 3380/630/2892 3450/647/2962 3449/649/2961
f 3438/635/2950 3444/651/2956 3454/650/2966
f 3375/632/2887 3445/653/2957 3444/651/2956
f 3384/641/2896 3452/652/2964 3383/638/2895
f 3376/637/2888 3446/658/3373 3445/653/2957
f 3440/628/2952 3455/657/2967 3456/654/3375
f 3384/641/2896 3679/655/3191 3453/656/2965
f 3439/627/2951 3454/650/2966 3455/657/2967
f 3377/636/2889 3447/659/2959 3446/658/3373
f 3378/631/2890 3448/646/2960 3447/659/2959
f 3442/634/2954 3457/643/2969 3458/645/2970
f 3444/651/2956 3460/675/2972 3459/660/2971
f 3449/649/2961 3465/676/2977 3464/661/2976
f 3454/650/2966 3459/660/2971 3469/662/2981
f 3448/646/2960 3464/661/2976 3463/663/2975
f 3455/657/2967 3469/662/2981 3470/664/2982
f 3456/654/3375 3470/664/2982 3471/665/2983
f 3453/656/2965 3679/666/3191 3468/667/2980
f 3457/643/2969 3471/665/2983 3472/668/2984
f 3458/645/2970 3472/668/2984 3473/669/2985
f 3447/659/2959 3463/663/2975 3462/670/2974
f 3453/656/2965 3467/671/3376 3452/652/2964
f 3443/672/2955 3458/645/2970 3473/669/2985
f 3446/658/3373 3462/670/2974 3461/673/2973
f 3452/652/2964 3466/674/2978 3451/648/3374
f 3445/653/2957 3461/673/2973 3460/675/2972
f 3451/648/3374 3465/676/2977 3450/647/2962
f 3463/663/2975 3477/677/2989 3462/670/2974
f 3473/669/2985 3487/678/3377 3488/679/3000
f 3462/670/2974 3476/680/2988 3461/673/2973
f 3468/667/2980 3679/681/3191 3483/682/2995
f 3443/683/2955 3473/669/2985 3488/679/3000
f 3461/673/2973 3475/684/2987 3460/675/2972
f 3468/667/2980 3482/685/2994 3467/671/3376
f 3459/660/2971 3475/684/2987 3474/686/2986
f 3467/671/3376 3481/687/2993 3466/674/2978
f 3469/662/2981 3474/686/2986 3484/688/2996
f 3466/674/2978 3480/689/2992 3465/676/2977
f 3470/664/2982 3484/688/2996 3485/690/2997
f 3465/676/2977 3479/691/2991 3464/661/2976
f 3471/665/2983 3485/690/2997 3486/692/2998
f 3464/661/2976 3478/693/2990 3463/663/2975
f 3472/668/2984 3486/692/2998 3487/678/3377
f 3474/686/2986 3499/694/3011 3484/688/2996
f 3481/687/2993 3495/695/3007 3480/689/2992
f 3484/688/2996 3500/696/3012 3485/690/2997
f 3480/689/2992 3494/697/3006 3479/691/2991
f 3485/690/2997 3501/698/3013 3486/692/2998
f 3479/691/2991 3493/699/3005 3478/693/2990
f 3486/692/2998 3502/700/3014 3487/678/3377
f 3478/693/2990 3492/701/3004 3477/677/2989
f 3487/678/3377 3503/702/3015 3488/679/3000
f 3477/677/2989 3491/703/3003 3476/680/2988
f 3483/682/2995 3679/704/3191 3498/705/3378
f 3443/706/2955 3488/679/3000 3503/702/3015
f 3476/680/2988 3490/707/3002 3475/684/2987
f 3483/682/2995 3497/708/3009 3482/685/2994
f 3475/684/2987 3489/709/3001 3474/686/2986
f 3482/685/2994 3496/710/3008 3481/687/2993
f 3502/700/3014 3518/712/3030 3503/702/3015
f 3492/701/3004 3506/713/3018 3491/703/3003
f 3498/705/3378 3679/714/3191 3513/715/3379
f 3443/716/2955 3503/702/3015 3518/712/3030
f 3491/703/3003 3505/717/3017 3490/707/3002
f 3498/705/3378 3512/718/3024 3497/708/3009
f 3490/707/3002 3504/719/3016 3489/709/3001
f 3497/708/3009 3511/720/3023 3496/710/3008
f 3489/709/3001 3514/721/3026 3499/694/3011
f 3496/710/3008 3510/722/3022 3495/695/3007
f 3499/694/3011 3515/723/3027 3500/696/3012
f 3495/695/3007 3509/724/3021 3494/697/3006
f 3500/696/3012 3516/725/3028 3501/698/3013
f 3494/697/3006 3508/726/3020 3493/699/3005
f 3501/698/3013 3517/711/3029 3502/700/3014
f 3493/699/3005 3507/727/3019 3492/701/3004
f 3514/721/3026 3530/729/3042 3515/723/3027
f 3510/722/3022 3524/731/3036 3509/724/3021
f 3515/723/3027 3531/732/3043 3516/725/3028
f 3509/724/3021 3523/733/3035 3508/726/3020
f 3516/725/3028 3532/734/3044 3517/711/3029
f 3508/726/3020 3522/735/3034 3507/727/3019
f 3517/711/3029 3533/736/3381 3518/712/3030
f 3507/727/3019 3521/737/3033 3506/713/3018
f 3513/715/3379 3679/738/3191 3528/739/3040
f 3443/740/2955 3518/712/3030 3533/736/3381
f 3506/713/3018 3520/741/3032 3505/717/3017
f 3513/715/3379 3527/742/3039 3512/718/3024
f 3505/717/3017 3519/743/3031 3504/719/3016
f 3512/718/3024 3526/744/3380 3511/720/3023
f 3504/719/3016 3529/728/3041 3514/721/3026
f 3511/720/3023 3525/730/3037 3510/722/3022
f 3528/739/3040 3679/745/3191 3543/746/3055
f 3443/747/2955 3533/736/3381 3548/748/3060
f 3521/737/3033 3535/750/3047 3520/741/3032
f 3528/739/3040 3542/751/3054 3527/742/3039
f 3520/741/3032 3534/752/3046 3519/743/3031
f 3527/742/3039 3541/753/3053 3526/744/3380
f 3519/743/3031 3544/754/3056 3529/728/3041
f 3526/744/3380 3540/755/3052 3525/730/3037
f 3529/728/3041 3545/756/3057 3530/729/3042
f 3525/730/3037 3539/757/3051 3524/731/3036
f 3530/729/3042 3546/758/3058 3531/732/3043
f 3524/731/3036 3538/759/3050 3523/733/3035
f 3531/732/3043 3547/760/3059 3532/734/3044
f 3523/733/3035 3537/761/3049 3522/735/3034
f 3532/734/3044 3548/748/3060 3533/736/3381
f 3522/735/3034 3536/749/3048 3521/737/3033
f 3540/755/3052 3554/763/3066 3539/757/3051
f 3545/756/3057 3561/765/3073 3546/758/3058
f 3539/757/3051 3553/766/3065 3538/759/3050
f 3546/758/3058 3562/767/3074 3547/760/3059
f 3538/759/3050 3552/768/3064 3537/761/3049
f 3547/760/3059 3563/769/3075 3548/748/3060
f 3537/761/3049 3551/770/3063 3536/749/3048
f 3543/746/3055 3679/771/3191 3558/772/3070
f 3443/773/2955 3548/748/3060 3563/769/3075
f 3536/749/3048 3550/774/3062 3535/750/3047
f 3543/746/3055 3557/775/3069 3542/751/3054
f 3535/750/3047 3549/776/3061 3534/752/3046
f 3542/751/3054 3556/777/3068 3541/753/3053
f 3534/752/3046 3559/778/3382 3544/754/3056
f 3541/753/3053 3555/762/3067 3540/755/3052
f 3544/754/3056 3560/764/3072 3545/756/3057
f 3551/770/3063 3565/780/3077 3550/774/3062
f 3558/772/3070 3572/782/3084 3557/775/3069
f 3550/774/3062 3564/783/3076 3549/776/3061
f 3557/775/3069 3571/784/3083 3556/777/3068
f 3549/776/3061 3574/785/3086 3559/778/3382
f 3556/777/3068 3570/786/3082 3555/762/3067
f 3559/778/3382 3575/787/3087 3560/764/3072
f 3555/762/3067 3569/788/3081 3554/763/3066
f 3560/764/3072 3576/789/3088 3561/765/3073
f 3554/763/3066 3568/790/3080 3553/766/3065
f 3561/765/3073 3577/791/3089 3562/767/3074
f 3553/766/3065 3567/792/3079 3552/768/3064
f 3562/767/3074 3578/793/3090 3563/769/3075
f 3552/768/3064 3566/779/3078 3551/770/3063
f 3558/772/3070 3679/794/3191 3573/781/3085
f 3443/795/2955 3563/769/3075 3578/793/3090
f 3575/787/3087 3591/797/3103 3576/789/3088
f 3569/788/3081 3583/799/3095 3568/790/3080
f 3576/789/3088 3592/800/3104 3577/791/3089
f 3568/790/3080 3582/801/3094 3567/792/3079
f 3577/791/3089 3593/802/3383 3578/793/3090
f 3567/792/3079 3581/803/3093 3566/779/3078
f 3573/781/3085 3679/804/3191 3588/805/3100
f 3443/806/2955 3578/793/3090 3593/802/3383
f 3566/779/3078 3580/807/3092 3565/780/3077
f 3573/781/3085 3587/808/3099 3572/782/3084
f 3565/780/3077 3579/809/3091 3564/783/3076
f 3572/782/3084 3586/810/3098 3571/784/3083
f 3564/783/3076 3589/811/3101 3574/785/3086
f 3571/784/3083 3585/812/3097 3570/786/3082
f 3574/785/3086 3590/796/3102 3575/787/3087
f 3570/786/3082 3584/798/3096 3569/788/3081
f 3588/805/3100 3602/814/3114 3587/808/3099
f 3580/807/3092 3594/816/3106 3579/809/3091
f 3587/808/3099 3601/817/3113 3586/810/3098
f 3579/809/3091 3604/818/3116 3589/811/3101
f 3586/810/3098 3600/819/3112 3585/812/3097
f 3589/811/3101 3605/820/3117 3590/796/3102
f 3585/812/3097 3599/821/3111 3584/798/3096
f 3590/796/3102 3606/822/3118 3591/797/3103
f 3584/798/3096 3598/823/3110 3583/799/3095
f 3591/797/3103 3607/824/3119 3592/800/3104
f 3583/799/3095 3597/825/3109 3582/801/3094
f 3592/800/3104 3608/826/3384 3593/802/3383
f 3582/801/3094 3596/827/3108 3581/803/3093
f 3588/805/3100 3679/828/3191 3603/813/3115
f 3443/829/2955 3593/802/3383 3608/826/3384
f 3581/803/3093 3595/815/3107 3580/807/3092
f 3599/821/3111 3613/831/3125 3598/823/3110
f 3606/822/3118 3622/833/3134 3607/824/3119
f 3598/823/3110 3612/834/3124 3597/825/3109
f 3607/824/3119 3623/835/3135 3608/826/3384
f 3597/825/3109 3611/836/3123 3596/827/3108
f 3603/813/3115 3679/837/3191 3618/838/3130
f 3443/839/2955 3608/826/3384 3623/835/3135
f 3596/827/3108 3610/840/3122 3595/815/3107
f 3603/813/3115 3617/841/3129 3602/814/3114
f 3595/815/3107 3609/842/3121 3594/816/3106
f 3602/814/3114 3616/843/3128 3601/817/3113
f 3594/816/3106 3619/844/3131 3604/818/3116
f 3601/817/3113 3615/845/3127 3600/819/3112
f 3604/818/3116 3620/846/3385 3605/820/3117
f 3600/819/3112 3614/830/3126 3599/821/3111
f 3605/820/3117 3621/832/3386 3606/822/3118
f 3610/840/3122 3624/848/3136 3609/842/3121
f 3617/841/3129 3631/850/3387 3616/843/3128
f 3609/842/3121 3634/851/3146 3619/844/3131
f 3616/843/3128 3630/852/3142 3615/845/3127
f 3619/844/3131 3635/853/3147 3620/846/3385
f 3615/845/3127 3629/854/3141 3614/830/3126
f 3620/846/3385 3636/855/3148 3621/832/3386
f 3614/830/3126 3628/856/3140 3613/831/3125
f 3621/832/3386 3637/857/3149 3622/833/3134
f 3613/831/3125 3627/858/3139 3612/834/3124
f 3622/833/3134 3638/859/3388 3623/835/3135
f 3612/834/3124 3626/860/3138 3611/836/3123
f 3618/838/3130 3679/861/3191 3633/862/3145
f 3443/863/2955 3623/835/3135 3638/859/3388
f 3611/836/3123 3625/847/3137 3610/840/3122
f 3618/838/3130 3632/849/3144 3617/841/3129
f 3636/855/3148 3652/865/3389 3637/857/3149
f 3628/856/3140 3642/867/3154 3627/858/3139
f 3637/857/3149 3653/868/3165 3638/859/3388
f 3627/858/3139 3641/869/3153 3626/860/3138
f 3633/862/3145 3679/870/3191 3648/871/3160
f 3443/872/2955 3638/859/3388 3653/868/3165
f 3626/860/3138 3640/873/3152 3625/847/3137
f 3633/862/3145 3647/874/3159 3632/849/3144
f 3625/847/3137 3639/875/3151 3624/848/3136
f 3632/849/3144 3646/876/3158 3631/850/3387
f 3624/848/3136 3649/877/3161 3634/851/3146
f 3631/850/3387 3645/878/3157 3630/852/3142
f 3634/851/3146 3650/879/3162 3635/853/3147
f 3630/852/3142 3644/880/3156 3629/854/3141
f 3635/853/3147 3651/864/3163 3636/855/3148
f 3629/854/3141 3643/866/3155 3628/856/3140
f 3639/875/3151 3664/882/3176 3649/877/3161
f 3646/876/3158 3660/884/3172 3645/878/3157
f 3649/877/3161 3665/885/3177 3650/879/3162
f 3645/878/3157 3659/886/3171 3644/880/3156
f 3650/879/3162 3666/887/3178 3651/864/3163
f 3644/880/3156 3658/888/3170 3643/866/3155
f 3651/864/3163 3667/889/3179 3652/865/3389
f 3643/866/3155 3657/890/3169 3642/867/3154
f 3652/865/3389 3668/891/3180 3653/868/3165
f 3642/867/3154 3656/892/3168 3641/869/3153
f 3648/871/3160 3679/893/3191 3663/894/3175
f 3443/895/2955 3653/868/3165 3668/891/3180
f 3641/869/3153 3655/896/3167 3640/873/3152
f 3648/871/3160 3662/897/3174 3647/874/3159
f 3640/873/3152 3654/881/3166 3639/875/3151
f 3647/874/3159 3661/883/3173 3646/876/3158
f 3668/891/3180 3683/898/3195 3684/899/3196
f 3657/890/3169 3671/901/3183 3656/892/3168
f 3663/894/3175 3679/902/3191 3678/903/3190
f 3443/904/2955 3668/891/3180 3684/899/3196
f 3656/892/3168 3670/905/3182 3655/896/3167
f 3663/894/3175 3677/906/3189 3662/897/3174
f 3655/896/3167 3669/907/3181 3654/881/3166
f 3662/897/3174 3676/908/3188 3661/883/3173
f 3654/881/3166 3680/909/3192 3664/882/3176
f 3661/883/3173 3675/910/3187 3660/884/3172
f 3664/882/3176 3681/911/3193 3665/885/3177
f 3660/884/3172 3674/912/3186 3659/886/3171
f 3665/885/3177 3682/913/3194 3666/887/3178
f 3659/886/3171 3673/914/3185 3658/888/3170
f 3666/887/3178 3683/898/3195 3667/889/3179
f 3658/888/3170 3672/900/3184 3657/890/3169
f 3676/908/3188 3691/916/3203 3675/910/3187
f 3680/909/3192 3696/918/3208 3681/911/3193
f 3675/910/3187 3690/919/3202 3674/912/3186
f 3681/911/3193 3697/920/3390 3682/913/3194
f 3674/912/3186 3689/921/3201 3673/914/3185
f 3682/913/3194 3698/922/3210 3683/898/3195
f 3673/914/3185 3688/923/3200 3672/900/3184
f 3684/899/3196 3698/922/3210 3699/924/3211
f 3672/900/3184 3687/925/3199 3671/901/3183
f 3678/903/3190 3679/926/3191 3694/927/3206
f 3443/928/2955 3684/899/3196 3699/924/3211
f 3671/901/3183 3686/929/3198 3670/905/3182
f 3678/903/3190 3693/930/3205 3677/906/3189
f 3670/905/3182 3685/931/3197 3669/907/3181
f 3677/906/3189 3692/915/3204 3676/908/3188
f 3669/907/3181 3695/917/3207 3680/909/3192
f 3688/923/3200 3702/933/3214 3687/925/3199
f 3694/927/3206 3679/934/3191 3709/935/3221
f 3443/936/2955 3699/924/3211 3714/937/3226
f 3687/925/3199 3701/938/3213 3686/929/3198
f 3694/927/3206 3708/939/3220 3693/930/3205
f 3686/929/3198 3700/940/3212 3685/931/3197
f 3693/930/3205 3707/941/3219 3692/915/3204
f 3685/931/3197 3710/942/3222 3695/917/3207
f 3692/915/3204 3706/943/3218 3691/916/3203
f 3695/917/3207 3711/944/3223 3696/918/3208
f 3691/916/3203 3705/945/3217 3690/919/3202
f 3697/920/3390 3711/944/3223 3712/946/3224
f 3690/919/3202 3704/947/3216 3689/921/3201
f 3698/922/3210 3712/946/3224 3713/948/3225
f 3689/921/3201 3703/932/3215 3688/923/3200
f 3699/924/3211 3713/948/3225 3714/937/3226
f 3711/944/3223 3725/949/3237 3726/950/3238
f 3706/943/3218 3720/952/3232 3705/945/3217
f 3712/946/3224 3726/950/3238 3727/953/3239
f 3705/945/3217 3719/954/3231 3704/947/3216
f 3713/948/3225 3727/953/3239 3728/955/3240
f 3704/947/3216 3718/956/3230 3703/932/3215
f 3714/937/3226 3728/955/3240 3729/957/3241
f 3702/933/3214 3718/956/3230 3717/958/3229
f 3709/935/3221 3679/959/3191 3724/960/3236
f 3443/961/2955 3714/937/3226 3729/957/3241
f 3701/938/3213 3717/958/3229 3716/962/3228
f 3709/935/3221 3723/963/3391 3708/939/3220
f 3700/940/3212 3716/962/3228 3715/964/3227
f 3708/939/3220 3722/965/3234 3707/941/3219
f 3710/942/3222 3715/964/3227 3725/949/3237
f 3707/941/3219 3721/951/3233 3706/943/3218
f 3724/960/3236 3679/966/3191 3739/967/3251
f 3443/968/2955 3729/957/3241 3744/969/3393
f 3716/962/3228 3732/970/3244 3731/971/3392
f 3723/963/3391 3739/967/3251 3738/972/3250
f 3715/964/3227 3731/971/3392 3730/973/3242
f 3722/965/3234 3738/972/3250 3737/974/3249
f 3725/949/3237 3730/973/3242 3740/975/3252
f 3721/951/3233 3737/974/3249 3736/976/3248
f 3726/950/3238 3740/975/3252 3741/977/3253
f 3720/952/3232 3736/976/3248 3735/978/3247
f 3727/953/3239 3741/977/3253 3742/979/3254
f 3719/954/3231 3735/978/3247 3734/980/3246
f 3728/955/3240 3742/979/3254 3743/981/3255
f 3718/956/3230 3734/980/3246 3733/982/3245
f 3729/957/3241 3743/981/3255 3744/969/3393
f 3717/958/3229 3733/982/3245 3732/970/3244
f 3735/983/3247 3751/984/3263 3750/985/3262
f 3742/986/3254 3756/987/3268 3757/988/3269
f 3734/989/3246 3750/985/3262 3749/990/3261
f 3743/991/3255 3757/988/3269 3758/992/3270
f 3733/993/3245 3749/990/3261 3748/994/3260
f 3744/995/3393 3758/992/3270 3759/996/3271
f 3732/997/3244 3748/994/3260 3747/998/3259
f 3739/999/3251 3679/1000/3191 3754/1001/3266
f 3443/1002/2955 3744/995/3393 3759/996/3271
f 3731/1003/3392 3747/998/3259 3746/1004/3258
f 3738/1006/3250 3754/1001/3266 3753/1005/3265
f 3730/1007/3242 3746/1004/3258 3745/1008/3257
f 3737/1010/3249 3753/1005/3265 3752/1009/3264
f 3740/1011/3252 3745/1008/3257 3755/1012/3267
f 3736/1013/3248 3752/1009/3264 3751/984/3263
f 3741/1014/3253 3755/1012/3267 3756/987/3268
f 3746/1004/3258 3762/1029/3274 3761/1015/3273
f 3753/1005/3265 3769/1016/3281 3768/1017/3280
f 3745/1008/3257 3761/1015/3273 3760/1018/3272
f 3752/1009/3264 3768/1017/3280 3767/1019/3279
f 3755/1012/3267 3760/1018/3272 3770/1020/3282
f 3751/984/3263 3767/1019/3279 3766/1021/3278
f 3756/987/3268 3770/1020/3282 3771/1022/3283
f 3750/985/3262 3766/1021/3278 3765/1023/3277
f 3757/988/3269 3771/1022/3283 3772/1024/3394
f 3749/990/3261 3765/1023/3277 3764/1025/3276
f 3758/992/3270 3772/1024/3394 3773/1026/3285
f 3748/994/3260 3764/1025/3276 3763/1027/3275
f 3759/996/3271 3773/1026/3285 3774/1028/3286
f 3747/998/3259 3763/1027/3275 3762/1029/3274
f 3754/1001/3266 3679/1030/3191 3769/1016/3281
f 3443/1031/2955 3759/996/3271 3774/1028/3286
f 3772/1024/3394 3786/1047/3298 3787/1032/3299
f 3764/1025/3276 3780/1048/3292 3779/1033/3291
f 3773/1026/3285 3787/1032/3299 3788/1034/3300
f 3763/1027/3275 3779/1033/3291 3778/1035/3290
f 3774/1028/3286 3788/1034/3300 3789/1036/3301
f 3762/1029/3274 3778/1035/3290 3777/1037/3289
f 3769/1016/3281 3679/1038/3191 3784/1039/3296
f 3443/1040/2955 3774/1028/3286 3789/1036/3301
f 3761/1015/3273 3777/1037/3289 3776/1041/3288
f 3768/1017/3280 3784/1039/3296 3783/1042/3295
f 3760/1018/3272 3776/1041/3288 3775/1043/3287
f 3767/1019/3279 3783/1042/3295 3782/1044/3294
f 3770/1020/3282 3775/1043/3287 3785/1045/3297
f 3766/1021/3278 3782/1044/3294 3781/1046/3293
f 3771/1022/3283 3785/1045/3297 3786/1047/3298
f 3765/1023/3277 3781/1046/3293 3780/1048/3292
f 3775/1043/3287 3791/1065/3303 3790/1049/3302
f 3782/1044/3294 3798/1050/3310 3797/1051/3309
f 3785/1045/3297 3790/1049/3302 3800/1052/3312
f 3781/1046/3293 3797/1051/3309 3796/1053/3308
f 3786/1047/3298 3800/1052/3312 3801/1054/3313
f 3780/1048/3292 3796/1053/3308 3795/1055/3395
f 3787/1032/3299 3801/1054/3313 3802/1056/3314
f 3779/1033/3291 3795/1055/3395 3794/1057/3306
f 3788/1034/3300 3802/1056/3314 3803/1058/3315
f 3778/1035/3290 3794/1057/3306 3793/1059/3305
f 3789/1036/3301 3803/1058/3315 3804/1060/3316
f 3777/1037/3289 3793/1059/3305 3792/1061/3304
f 3784/1039/3296 3679/1062/3191 3799/1063/3311
f 3443/1064/2955 3789/1036/3301 3804/1060/3316
f 3776/1041/3288 3792/1061/3304 3791/1065/3303
f 3783/1042/3295 3799/1063/3311 3798/1050/3310
f 3803/1058/3315 3817/1081/3396 3818/1066/3330
f 3793/1059/3305 3809/1082/3321 3808/1067/3320
f 3804/1060/3316 3818/1066/3330 3819/1068/3331
f 3792/1061/3304 3808/1067/3320 3807/1069/3319
f 3799/1063/3311 3679/1070/3191 3814/1071/3326
f 3443/1072/2955 3804/1060/3316 3819/1068/3331
f 3791/1065/3303 3807/1069/3319 3806/1073/3318
f 3798/1050/3310 3814/1071/3326 3813/1074/3325
f 3790/1049/3302 3806/1073/3318 3805/1075/3317
f 3797/1051/3309 3813/1074/3325 3812/1076/3324
f 3800/1052/3312 3805/1075/3317 3815/1077/3327
f 3796/1053/3308 3812/1076/3324 3811/1078/3323
f 3801/1054/3313 3815/1077/3327 3816/1079/3328
f 3795/1055/3395 3811/1078/3323 3810/1080/3322
f 3802/1056/3314 3816/1079/3328 3817/1081/3396
f 3794/1057/3306 3810/1080/3322 3809/1082/3321
f 3812/1076/3324 3828/1098/3340 3827/1083/3339
f 3815/1077/3327 3820/1099/3397 3830/1084/3342
f 3811/1078/3323 3827/1083/3339 3826/1085/3338
f 3816/1079/3328 3830/1084/3342 3831/1086/3343
f 3810/1080/3322 3826/1085/3338 3825/1087/3337
f 3817/1081/3396 3831/1086/3343 3832/1088/3344
f 3809/1082/3321 3825/1087/3337 3824/1089/3336
f 3818/1066/3330 3832/1088/3344 3833/1090/3345
f 3808/1067/3320 3824/1089/3336 3823/1091/3335
f 3819/1068/3331 3833/1090/3345 3834/1092/3346
f 3807/1069/3319 3823/1091/3335 3822/1093/3334
f 3814/1071/3326 3679/1094/3191 3829/1095/3398
f 3443/1096/2955 3819/1068/3331 3834/1092/3346
f 3806/1073/3318 3822/1093/3334 3821/1097/3333
f 3813/1074/3325 3829/1095/3398 3828/1098/3340
f 3805/1075/3317 3821/1097/3333 3820/1099/3397
f 3823/1091/3335 3839/1115/3351 3838/1100/3350
f 3834/1092/3346 3848/1116/3360 3849/1101/3361
f 3822/1093/3334 3838/1100/3350 3837/1102/3349
f 3829/1095/3398 3679/1103/3191 3844/1104/3356
f 3443/1105/2955 3834/1092/3346 3849/1101/3361
f 3821/1097/3333 3837/1102/3349 3836/1106/3348
f 3828/1098/3340 3844/1104/3356 3843/1107/3355
f 3820/1099/3397 3836/1106/3348 3835/1108/3347
f 3827/1083/3339 3843/1107/3355 3842/1109/3354
f 3830/1084/3342 3835/1108/3347 3845/1110/3357
f 3826/1085/3338 3842/1109/3354 3841/1111/3399
f 3831/1086/3343 3845/1110/3357 3846/1112/3358
f 3825/1087/3337 3841/1111/3399 3840/1113/3352
f 3832/1088/3344 3846/1112/3358 3847/1114/3359
f 3824/1089/3336 3840/1113/3352 3839/1115/3351
f 3833/1090/3345 3847/1114/3359 3848/1116/3360
f 3845/1110/3357 3850/580/3362 3431/573/2943
f 3841/1111/3399 3853/583/3365 3852/575/3364
f 3846/1112/3358 3431/573/2943 3854/571/3366
f 3840/1113/3352 3852/575/3364 3435/577/2947
f 3847/1114/3359 3854/571/3366 3430/563/2942
f 3839/1115/3351 3435/577/2947 3434/585/2946
f 3848/1116/3360 3430/563/2942 3855/565/3367
f 3838/1100/3350 3434/585/2946 3433/578/2945
f 3849/1101/3361 3855/565/3367 3856/588/3368
f 3837/1102/3349 3433/578/2945 3851/566/3363
f 3844/1104/3356 3679/1117/3191 3437/560/2949
f 3443/1118/2955 3849/1101/3361 3856/588/3368
f 3836/1106/3348 3851/566/3363 3432/568/2944
f 3843/1107/3355 3437/560/2949 3436/562/2948
f 3835/1108/3347 3432/568/2944 3850/580/3362
f 3842/1109/3354 3436/562/2948 3853/583/3365
f 3918/562/2948 3897/570/3403 3898/561/3371
f 4337/565/3421 3909/572/2939 3910/564/2940
f 3914/568/2944 3904/579/2934 3905/567/2935
f 3919/560/2949 4161/569/3191 3897/570/3403
f 3912/563/2942 3908/574/2938 3909/572/2939
f 4336/571/3366 3907/581/2937 3908/574/2938
f 3917/577/2947 3900/584/2930 3901/576/2931
f 4333/566/3363 3903/586/2933 3904/579/2934
f 3913/573/2943 3906/582/2936 3907/581/2937
f 4332/580/3362 3905/567/2935 3906/582/2936
f 4334/575/3364 3899/591/2929 3900/584/2930
f 3915/578/2945 3902/590/2932 3903/586/2933
f 3925/587/2955 4338/588/3368 3911/589/2941
f 3916/585/2946 3901/576/2931 3902/590/2932
f 4335/583/3365 3898/561/3371 3899/591/2929
f 4338/588/3368 3910/564/2940 3911/589/2941
f 3903/586/2933 3891/595/2921 3890/592/2920
f 3909/572/2939 3885/600/2915 3884/593/2914
f 3901/576/2931 3893/608/2923 3892/594/3402
f 3902/590/2932 3892/594/3402 3891/595/2921
f 3904/579/2934 3890/592/2920 3889/596/2919
f 3910/564/2940 3884/593/2914 3883/597/2913
f 3907/581/2937 3887/603/2917 3886/598/2916
f 3911/589/2941 3883/597/2913 3882/599/2912
f 3908/574/2938 3886/598/2916 3885/600/2915
f 3925/601/2955 3911/589/2941 3882/599/2912
f 3905/567/2935 3889/596/2919 3888/602/2918
f 3906/582/2936 3888/602/2918 3887/603/2917
f 3897/570/3403 4161/604/3191 3896/605/2926
f 3898/561/3371 3896/605/2926 3895/606/2925
f 3899/591/2929 3895/606/2925 3894/607/2924
f 3900/584/2930 3894/607/2924 3893/608/2923
f 3882/599/2912 3880/610/2910 3881/609/2911
f 3883/597/2913 3879/611/2909 3880/610/2910
f 3884/593/2914 3878/623/2908 3879/611/2909
f 3894/607/2924 3868/613/2898 3869/612/2899
f 3895/606/2925 3867/618/3400 3868/613/2898
f 3892/594/3402 3870/619/2900 3871/614/2901
f 3886/598/2916 3876/616/3401 3877/615/2907
f 3887/603/2917 3875/620/2905 3876/616/3401
f 3896/605/2926 4161/617/3191 3867/618/3400
f 3893/608/2923 3869/612/2899 3870/619/2900
f 3888/602/2918 3874/622/2904 3875/620/2905
f 3925/621/2955 3882/599/2912 3881/609/2911
f 3889/596/2919 3873/624/2903 3874/622/2904
f 3885/600/2915 3877/615/2907 3878/623/2908
f 3890/592/2920 3872/625/2902 3873/624/2903
f 3891/595/2921 3871/614/2901 3872/625/2902
f 3872/625/2902 3862/630/2892 3861/626/2891
f 3878/623/2908 3920/635/3404 3921/627/2951
f 3879/611/2909 3921/627/2951 3922/628/2952
f 3870/619/2900 3864/642/2894 3863/629/2893
f 3871/614/2901 3863/629/2893 3862/630/2892
f 3873/624/2903 3861/626/2891 3860/631/2890
f 3876/616/3401 3858/637/2888 3857/632/2887
f 3925/633/2955 3881/609/2911 3924/634/2954
f 3877/615/2907 3857/632/2887 3920/635/3404
f 3874/622/2904 3860/631/2890 3859/636/2889
f 3875/620/2905 3859/636/2889 3858/637/2888
f 3867/618/3400 3865/638/2895 3868/613/2898
f 3880/610/2910 3922/628/2952 3923/639/2953
f 3867/618/3400 4161/640/3191 3866/641/2896
f 3869/612/2899 3865/638/2895 3864/642/2894
f 3881/609/2911 3923/639/2953 3924/634/2954
f 3923/639/2953 3938/654/2968 3939/643/2969
f 3925/644/2955 3924/634/2954 3940/645/2970
f 3861/626/2891 3931/649/2961 3930/646/2960
f 3863/629/2893 3933/648/2963 3932/647/2962
f 3864/642/2894 3934/652/2964 3933/648/2963
f 3862/630/2892 3932/647/2962 3931/649/2961
f 3920/635/3404 3926/651/2956 3936/650/2966
f 3857/632/2887 3927/653/2957 3926/651/2956
f 3866/641/2896 3934/652/2964 3865/638/2895
f 3858/637/2888 3928/658/2958 3927/653/2957
f 3922/628/2952 3937/657/3405 3938/654/2968
f 3866/641/2896 4161/655/3191 3935/656/2965
f 3921/627/2951 3936/650/2966 3937/657/3405
f 3859/636/2889 3929/659/2959 3928/658/2958
f 3860/631/2890 3930/646/2960 3929/659/2959
f 3924/634/2954 3939/643/2969 3940/645/2970
f 3926/651/2956 3942/675/2972 3941/660/2971
f 3931/649/2961 3947/676/2977 3946/661/2976
f 3936/650/2966 3941/660/2971 3951/662/2981
f 3930/646/2960 3946/661/2976 3945/663/2975
f 3937/657/3405 3951/662/2981 3952/664/2982
f 3938/654/2968 3952/664/2982 3953/665/2983
f 3935/656/2965 4161/666/3191 3950/667/3408
f 3939/643/2969 3953/665/2983 3954/668/2984
f 3940/645/2970 3954/668/2984 3955/669/2985
f 3929/659/2959 3945/663/2975 3944/670/2974
f 3935/656/2965 3949/671/3407 3934/652/2964
f 3925/672/2955 3940/645/2970 3955/669/2985
f 3928/658/2958 3944/670/2974 3943/673/2973
f 3934/652/2964 3948/674/3406 3933/648/2963
f 3927/653/2957 3943/673/2973 3942/675/2972
f 3933/648/2963 3947/676/2977 3932/647/2962
f 3945/663/2975 3959/677/2989 3944/670/2974
f 3955/669/2985 3969/678/3377 3970/679/3000
f 3944/670/2974 3958/680/2988 3943/673/2973
f 3950/667/3408 4161/681/3191 3965/682/2995
f 3925/683/2955 3955/669/2985 3970/679/3000
f 3943/673/2973 3957/684/2987 3942/675/2972
f 3950/667/3408 3964/685/2994 3949/671/3407
f 3941/660/2971 3957/684/2987 3956/686/2986
f 3949/671/3407 3963/687/2993 3948/674/3406
f 3951/662/2981 3956/686/2986 3966/688/2996
f 3948/674/3406 3962/689/2992 3947/676/2977
f 3952/664/2982 3966/688/2996 3967/690/2997
f 3947/676/2977 3961/691/2991 3946/661/2976
f 3953/665/2983 3967/690/2997 3968/692/2998
f 3946/661/2976 3960/693/2990 3945/663/2975
f 3954/668/2984 3968/692/2998 3969/678/3377
f 3956/686/2986 3981/694/3011 3966/688/2996
f 3963/687/2993 3977/695/3007 3962/689/2992
f 3966/688/2996 3982/696/3012 3967/690/2997
f 3962/689/2992 3976/697/3006 3961/691/2991
f 3967/690/2997 3983/698/3013 3968/692/2998
f 3961/691/2991 3975/699/3005 3960/693/2990
f 3968/692/2998 3984/700/3014 3969/678/3377
f 3960/693/2990 3974/701/3004 3959/677/2989
f 3969/678/3377 3985/702/3015 3970/679/3000
f 3959/677/2989 3973/703/3003 3958/680/2988
f 3965/682/2995 4161/704/3191 3980/705/3010
f 3925/706/2955 3970/679/3000 3985/702/3015
f 3958/680/2988 3972/707/3002 3957/684/2987
f 3965/682/2995 3979/708/3009 3964/685/2994
f 3957/684/2987 3971/709/3001 3956/686/2986
f 3964/685/2994 3978/710/3008 3963/687/2993
f 3984/700/3014 4000/712/3030 3985/702/3015
f 3974/701/3004 3988/713/3018 3973/703/3003
f 3980/705/3010 4161/714/3191 3995/715/3379
f 3925/716/2955 3985/702/3015 4000/712/3030
f 3973/703/3003 3987/717/3017 3972/707/3002
f 3980/705/3010 3994/718/3024 3979/708/3009
f 3972/707/3002 3986/719/3016 3971/709/3001
f 3979/708/3009 3993/720/3023 3978/710/3008
f 3971/709/3001 3996/721/3026 3981/694/3011
f 3978/710/3008 3992/722/3022 3977/695/3007
f 3981/694/3011 3997/723/3027 3982/696/3012
f 3977/695/3007 3991/724/3021 3976/697/3006
f 3982/696/3012 3998/725/3028 3983/698/3013
f 3976/697/3006 3990/726/3020 3975/699/3005
f 3983/698/3013 3999/711/3029 3984/700/3014
f 3975/699/3005 3989/727/3019 3974/701/3004
f 3996/721/3026 4012/729/3042 3997/723/3027
f 3992/722/3022 4006/731/3036 3991/724/3021
f 3997/723/3027 4013/732/3043 3998/725/3028
f 3991/724/3021 4005/733/3035 3990/726/3020
f 3998/725/3028 4014/734/3044 3999/711/3029
f 3990/726/3020 4004/735/3034 3989/727/3019
f 3999/711/3029 4015/736/3045 4000/712/3030
f 3989/727/3019 4003/737/3033 3988/713/3018
f 3995/715/3379 4161/738/3191 4010/739/3040
f 3925/740/2955 4000/712/3030 4015/736/3045
f 3988/713/3018 4002/741/3032 3987/717/3017
f 3995/715/3379 4009/742/3039 3994/718/3024
f 3987/717/3017 4001/743/3031 3986/719/3016
f 3994/718/3024 4008/744/3038 3993/720/3023
f 3986/719/3016 4011/728/3041 3996/721/3026
f 3993/720/3023 4007/730/3037 3992/722/3022
f 4010/739/3040 4161/745/3191 4025/746/3055
f 3925/747/2955 4015/736/3045 4030/748/3060
f 4003/737/3033 4017/750/3047 4002/741/3032
f 4010/739/3040 4024/751/3054 4009/742/3039
f 4002/741/3032 4016/752/3046 4001/743/3031
f 4009/742/3039 4023/753/3053 4008/744/3038
f 4001/743/3031 4026/754/3056 4011/728/3041
f 4008/744/3038 4022/755/3052 4007/730/3037
f 4011/728/3041 4027/756/3057 4012/729/3042
f 4007/730/3037 4021/757/3051 4006/731/3036
f 4012/729/3042 4028/758/3058 4013/732/3043
f 4006/731/3036 4020/759/3050 4005/733/3035
f 4013/732/3043 4029/760/3059 4014/734/3044
f 4005/733/3035 4019/761/3049 4004/735/3034
f 4014/734/3044 4030/748/3060 4015/736/3045
f 4004/735/3034 4018/749/3048 4003/737/3033
f 4022/755/3052 4036/763/3066 4021/757/3051
f 4027/756/3057 4043/765/3073 4028/758/3058
f 4021/757/3051 4035/766/3065 4020/759/3050
f 4028/758/3058 4044/767/3074 4029/760/3059
f 4020/759/3050 4034/768/3064 4019/761/3049
f 4029/760/3059 4045/769/3075 4030/748/3060
f 4019/761/3049 4033/770/3063 4018/749/3048
f 4025/746/3055 4161/771/3191 4040/772/3070
f 3925/773/2955 4030/748/3060 4045/769/3075
f 4018/749/3048 4032/774/3062 4017/750/3047
f 4025/746/3055 4039/775/3069 4024/751/3054
f 4017/750/3047 4031/776/3061 4016/752/3046
f 4024/751/3054 4038/777/3068 4023/753/3053
f 4016/752/3046 4041/778/3071 4026/754/3056
f 4023/753/3053 4037/762/3067 4022/755/3052
f 4026/754/3056 4042/764/3072 4027/756/3057
f 4033/770/3063 4047/780/3077 4032/774/3062
f 4040/772/3070 4054/782/3084 4039/775/3069
f 4032/774/3062 4046/783/3076 4031/776/3061
f 4039/775/3069 4053/784/3083 4038/777/3068
f 4031/776/3061 4056/785/3409 4041/778/3071
f 4038/777/3068 4052/786/3082 4037/762/3067
f 4041/778/3071 4057/787/3087 4042/764/3072
f 4037/762/3067 4051/788/3081 4036/763/3066
f 4042/764/3072 4058/789/3088 4043/765/3073
f 4036/763/3066 4050/790/3080 4035/766/3065
f 4043/765/3073 4059/791/3089 4044/767/3074
f 4035/766/3065 4049/792/3079 4034/768/3064
f 4044/767/3074 4060/793/3090 4045/769/3075
f 4034/768/3064 4048/779/3078 4033/770/3063
f 4040/772/3070 4161/794/3191 4055/781/3085
f 3925/795/2955 4045/769/3075 4060/793/3090
f 4057/787/3087 4073/797/3103 4058/789/3088
f 4051/788/3081 4065/799/3095 4050/790/3080
f 4058/789/3088 4074/800/3104 4059/791/3089
f 4050/790/3080 4064/801/3094 4049/792/3079
f 4059/791/3089 4075/802/3105 4060/793/3090
f 4049/792/3079 4063/803/3093 4048/779/3078
f 4055/781/3085 4161/804/3191 4070/805/3100
f 3925/806/2955 4060/793/3090 4075/802/3105
f 4048/779/3078 4062/807/3092 4047/780/3077
f 4055/781/3085 4069/808/3099 4054/782/3084
f 4047/780/3077 4061/809/3091 4046/783/3076
f 4054/782/3084 4068/810/3098 4053/784/3083
f 4046/783/3076 4071/811/3101 4056/785/3409
f 4053/784/3083 4067/812/3097 4052/786/3082
f 4056/785/3409 4072/796/3102 4057/787/3087
f 4052/786/3082 4066/798/3096 4051/788/3081
f 4070/805/3100 4084/814/3114 4069/808/3099
f 4062/807/3092 4076/816/3106 4061/809/3091
f 4069/808/3099 4083/817/3113 4068/810/3098
f 4061/809/3091 4086/818/3116 4071/811/3101
f 4068/810/3098 4082/819/3410 4067/812/3097
f 4071/811/3101 4087/820/3117 4072/796/3102
f 4067/812/3097 4081/821/3111 4066/798/3096
f 4072/796/3102 4088/822/3118 4073/797/3103
f 4066/798/3096 4080/823/3110 4065/799/3095
f 4073/797/3103 4089/824/3119 4074/800/3104
f 4065/799/3095 4079/825/3109 4064/801/3094
f 4074/800/3104 4090/826/3384 4075/802/3105
f 4064/801/3094 4078/827/3108 4063/803/3093
f 4070/805/3100 4161/828/3191 4085/813/3115
f 3925/829/2955 4075/802/3105 4090/826/3384
f 4063/803/3093 4077/815/3107 4062/807/3092
f 4081/821/3111 4095/831/3125 4080/823/3110
f 4088/822/3118 4104/833/3134 4089/824/3119
f 4080/823/3110 4094/834/3124 4079/825/3109
f 4089/824/3119 4105/835/3135 4090/826/3384
f 4079/825/3109 4093/836/3123 4078/827/3108
f 4085/813/3115 4161/837/3191 4100/838/3130
f 3925/839/2955 4090/826/3384 4105/835/3135
f 4078/827/3108 4092/840/3122 4077/815/3107
f 4085/813/3115 4099/841/3129 4084/814/3114
f 4077/815/3107 4091/842/3121 4076/816/3106
f 4084/814/3114 4098/843/3128 4083/817/3113
f 4076/816/3106 4101/844/3131 4086/818/3116
f 4083/817/3113 4097/845/3127 4082/819/3410
f 4086/818/3116 4102/846/3132 4087/820/3117
f 4082/819/3410 4096/830/3126 4081/821/3111
f 4087/820/3117 4103/832/3386 4088/822/3118
f 4092/840/3122 4106/848/3136 4091/842/3121
f 4099/841/3129 4113/850/3387 4098/843/3128
f 4091/842/3121 4116/851/3146 4101/844/3131
f 4098/843/3128 4112/852/3142 4097/845/3127
f 4101/844/3131 4117/853/3147 4102/846/3132
f 4097/845/3127 4111/854/3141 4096/830/3126
f 4102/846/3132 4118/855/3148 4103/832/3386
f 4096/830/3126 4110/856/3140 4095/831/3125
f 4103/832/3386 4119/857/3149 4104/833/3134
f 4095/831/3125 4109/858/3139 4094/834/3124
f 4104/833/3134 4120/859/3388 4105/835/3135
f 4094/834/3124 4108/860/3138 4093/836/3123
f 4100/838/3130 4161/861/3191 4115/862/3145
f 3925/863/2955 4105/835/3135 4120/859/3388
f 4093/836/3123 4107/847/3137 4092/840/3122
f 4100/838/3130 4114/849/3144 4099/841/3129
f 4118/855/3148 4134/865/3389 4119/857/3149
f 4110/856/3140 4124/867/3154 4109/858/3139
f 4119/857/3149 4135/868/3165 4120/859/3388
f 4109/858/3139 4123/869/3153 4108/860/3138
f 4115/862/3145 4161/870/3191 4130/871/3160
f 3925/872/2955 4120/859/3388 4135/868/3165
f 4108/860/3138 4122/873/3152 4107/847/3137
f 4115/862/3145 4129/874/3159 4114/849/3144
f 4107/847/3137 4121/875/3151 4106/848/3136
f 4114/849/3144 4128/876/3158 4113/850/3387
f 4106/848/3136 4131/877/3161 4116/851/3146
f 4113/850/3387 4127/878/3157 4112/852/3142
f 4116/851/3146 4132/879/3162 4117/853/3147
f 4112/852/3142 4126/880/3156 4111/854/3141
f 4117/853/3147 4133/864/3163 4118/855/3148
f 4111/854/3141 4125/866/3155 4110/856/3140
f 4121/875/3151 4146/882/3176 4131/877/3161
f 4128/876/3158 4142/884/3172 4127/878/3157
f 4131/877/3161 4147/885/3411 4132/879/3162
f 4127/878/3157 4141/886/3171 4126/880/3156
f 4132/879/3162 4148/887/3178 4133/864/3163
f 4126/880/3156 4140/888/3170 4125/866/3155
f 4133/864/3163 4149/889/3412 4134/865/3389
f 4125/866/3155 4139/890/3169 4124/867/3154
f 4134/865/3389 4150/891/3180 4135/868/3165
f 4124/867/3154 4138/892/3168 4123/869/3153
f 4130/871/3160 4161/893/3191 4145/894/3175
f 3925/895/2955 4135/868/3165 4150/891/3180
f 4123/869/3153 4137/896/3167 4122/873/3152
f 4130/871/3160 4144/897/3174 4129/874/3159
f 4122/873/3152 4136/881/3166 4121/875/3151
f 4129/874/3159 4143/883/3173 4128/876/3158
f 4150/891/3180 4165/898/3195 4166/899/3196
f 4139/890/3169 4153/901/3183 4138/892/3168
f 4145/894/3175 4161/902/3191 4160/903/3190
f 3925/904/2955 4150/891/3180 4166/899/3196
f 4138/892/3168 4152/905/3182 4137/896/3167
f 4145/894/3175 4159/906/3189 4144/897/3174
f 4137/896/3167 4151/907/3181 4136/881/3166
f 4144/897/3174 4158/908/3188 4143/883/3173
f 4136/881/3166 4162/909/3192 4146/882/3176
f 4143/883/3173 4157/910/3187 4142/884/3172
f 4146/882/3176 4163/911/3193 4147/885/3411
f 4142/884/3172 4156/912/3186 4141/886/3171
f 4147/885/3411 4164/913/3194 4148/887/3178
f 4141/886/3171 4155/914/3185 4140/888/3170
f 4148/887/3178 4165/898/3195 4149/889/3412
f 4140/888/3170 4154/900/3184 4139/890/3169
f 4158/908/3188 4173/916/3203 4157/910/3187
f 4162/909/3192 4178/918/3208 4163/911/3193
f 4157/910/3187 4172/919/3202 4156/912/3186
f 4163/911/3193 4179/920/3209 4164/913/3194
f 4156/912/3186 4171/921/3201 4155/914/3185
f 4164/913/3194 4180/922/3210 4165/898/3195
f 4155/914/3185 4170/923/3200 4154/900/3184
f 4166/899/3196 4180/922/3210 4181/924/3211
f 4154/900/3184 4169/925/3199 4153/901/3183
f 4160/903/3190 4161/926/3191 4176/927/3206
f 3925/928/2955 4166/899/3196 4181/924/3211
f 4153/901/3183 4168/929/3198 4152/905/3182
f 4160/903/3190 4175/930/3205 4159/906/3189
f 4152/905/3182 4167/931/3197 4151/907/3181
f 4159/906/3189 4174/915/3204 4158/908/3188
f 4151/907/3181 4177/917/3207 4162/909/3192
f 4170/923/3200 4184/933/3214 4169/925/3199
f 4176/927/3206 4161/934/3191 4191/935/3221
f 3925/936/2955 4181/924/3211 4196/937/3413
f 4169/925/3199 4183/938/3213 4168/929/3198
f 4176/927/3206 4190/939/3220 4175/930/3205
f 4168/929/3198 4182/940/3212 4167/931/3197
f 4175/930/3205 4189/941/3219 4174/915/3204
f 4167/931/3197 4192/942/3222 4177/917/3207
f 4174/915/3204 4188/943/3218 4173/916/3203
f 4177/917/3207 4193/944/3223 4178/918/3208
f 4173/916/3203 4187/945/3217 4172/919/3202
f 4179/920/3209 4193/944/3223 4194/946/3224
f 4172/919/3202 4186/947/3216 4171/921/3201
f 4180/922/3210 4194/946/3224 4195/948/3225
f 4171/921/3201 4185/932/3215 4170/923/3200
f 4181/924/3211 4195/948/3225 4196/937/3413
f 4193/944/3223 4207/949/3237 4208/950/3238
f 4188/943/3218 4202/952/3232 4187/945/3217
f 4194/946/3224 4208/950/3238 4209/953/3239
f 4187/945/3217 4201/954/3231 4186/947/3216
f 4195/948/3225 4209/953/3239 4210/955/3240
f 4186/947/3216 4200/956/3230 4185/932/3215
f 4196/937/3413 4210/955/3240 4211/957/3241
f 4184/933/3214 4200/956/3230 4199/958/3229
f 4191/935/3221 4161/959/3191 4206/960/3236
f 3925/961/2955 4196/937/3413 4211/957/3241
f 4183/938/3213 4199/958/3229 4198/962/3228
f 4191/935/3221 4205/963/3235 4190/939/3220
f 4182/940/3212 4198/962/3228 4197/964/3227
f 4190/939/3220 4204/965/3234 4189/941/3219
f 4192/942/3222 4197/964/3227 4207/949/3237
f 4189/941/3219 4203/951/3233 4188/943/3218
f 4206/960/3236 4161/966/3191 4221/967/3251
f 3925/968/2955 4211/957/3241 4226/969/3256
f 4198/962/3228 4214/970/3244 4213/971/3243
f 4205/963/3235 4221/967/3251 4220/972/3250
f 4197/964/3227 4213/971/3243 4212/973/3242
f 4204/965/3234 4220/972/3250 4219/974/3249
f 4207/949/3237 4212/973/3242 4222/975/3252
f 4203/951/3233 4219/974/3249 4218/976/3248
f 4208/950/3238 4222/975/3252 4223/977/3253
f 4202/952/3232 4218/976/3248 4217/978/3247
f 4209/953/3239 4223/977/3253 4224/979/3254
f 4201/954/3231 4217/978/3247 4216/980/3246
f 4210/955/3240 4224/979/3254 4225/981/3255
f 4200/956/3230 4216/980/3246 4215/982/3245
f 4211/957/3241 4225/981/3255 4226/969/3256
f 4199/958/3229 4215/982/3245 4214/970/3244
f 4217/983/3247 4233/984/3415 4232/985/3262
f 4224/986/3254 4238/987/3268 4239/988/3269
f 4216/989/3246 4232/985/3262 4231/990/3261
f 4225/991/3255 4239/988/3269 4240/992/3270
f 4215/993/3245 4231/990/3261 4230/994/3260
f 4226/995/3256 4240/992/3270 4241/996/3271
f 4214/997/3244 4230/994/3260 4229/998/3259
f 4221/999/3251 4161/1000/3191 4236/1001/3266
f 3925/1002/2955 4226/995/3256 4241/996/3271
f 4213/1003/3243 4229/998/3259 4228/1004/3414
f 4220/1006/3250 4236/1001/3266 4235/1005/3265
f 4212/1007/3242 4228/1004/3414 4227/1008/3257
f 4219/1010/3249 4235/1005/3265 4234/1009/3264
f 4222/1011/3252 4227/1008/3257 4237/1012/3267
f 4218/1013/3248 4234/1009/3264 4233/984/3415
f 4223/1014/3253 4237/1012/3267 4238/987/3268
f 4228/1004/3414 4244/1029/3274 4243/1015/3273
f 4235/1005/3265 4251/1016/3281 4250/1017/3280
f 4227/1008/3257 4243/1015/3273 4242/1018/3272
f 4234/1009/3264 4250/1017/3280 4249/1019/3279
f 4237/1012/3267 4242/1018/3272 4252/1020/3282
f 4233/984/3415 4249/1019/3279 4248/1021/3278
f 4238/987/3268 4252/1020/3282 4253/1022/3283
f 4232/985/3262 4248/1021/3278 4247/1023/3277
f 4239/988/3269 4253/1022/3283 4254/1024/3416
f 4231/990/3261 4247/1023/3277 4246/1025/3276
f 4240/992/3270 4254/1024/3416 4255/1026/3417
f 4230/994/3260 4246/1025/3276 4245/1027/3275
f 4241/996/3271 4255/1026/3417 4256/1028/3286
f 4229/998/3259 4245/1027/3275 4244/1029/3274
f 4236/1001/3266 4161/1030/3191 4251/1016/3281
f 3925/1031/2955 4241/996/3271 4256/1028/3286
f 4254/1024/3416 4268/1047/3298 4269/1032/3299
f 4246/1025/3276 4262/1048/3292 4261/1033/3291
f 4255/1026/3417 4269/1032/3299 4270/1034/3300
f 4245/1027/3275 4261/1033/3291 4260/1035/3290
f 4256/1028/3286 4270/1034/3300 4271/1036/3301
f 4244/1029/3274 4260/1035/3290 4259/1037/3289
f 4251/1016/3281 4161/1038/3191 4266/1039/3296
f 3925/1040/2955 4256/1028/3286 4271/1036/3301
f 4243/1015/3273 4259/1037/3289 4258/1041/3288
f 4250/1017/3280 4266/1039/3296 4265/1042/3295
f 4242/1018/3272 4258/1041/3288 4257/1043/3287
f 4249/1019/3279 4265/1042/3295 4264/1044/3294
f 4252/1020/3282 4257/1043/3287 4267/1045/3297
f 4248/1021/3278 4264/1044/3294 4263/1046/3293
f 4253/1022/3283 4267/1045/3297 4268/1047/3298
f 4247/1023/3277 4263/1046/3293 4262/1048/3292
f 4257/1043/3287 4273/1065/3303 4272/1049/3302
f 4264/1044/3294 4280/1050/3310 4279/1051/3309
f 4267/1045/3297 4272/1049/3302 4282/1052/3312
f 4263/1046/3293 4279/1051/3309 4278/1053/3308
f 4268/1047/3298 4282/1052/3312 4283/1054/3313
f 4262/1048/3292 4278/1053/3308 4277/1055/3395
f 4269/1032/3299 4283/1054/3313 4284/1056/3314
f 4261/1033/3291 4277/1055/3395 4276/1057/3306
f 4270/1034/3300 4284/1056/3314 4285/1058/3315
f 4260/1035/3290 4276/1057/3306 4275/1059/3305
f 4271/1036/3301 4285/1058/3315 4286/1060/3316
f 4259/1037/3289 4275/1059/3305 4274/1061/3304
f 4266/1039/3296 4161/1062/3191 4281/1063/3311
f 3925/1064/2955 4271/1036/3301 4286/1060/3316
f 4258/1041/3288 4274/1061/3304 4273/1065/3303
f 4265/1042/3295 4281/1063/3311 4280/1050/3310
f 4285/1058/3315 4299/1081/3396 4300/1066/3330
f 4275/1059/3305 4291/1082/3321 4290/1067/3320
f 4286/1060/3316 4300/1066/3330 4301/1068/3331
f 4274/1061/3304 4290/1067/3320 4289/1069/3319
f 4281/1063/3311 4161/1070/3191 4296/1071/3326
f 3925/1072/2955 4286/1060/3316 4301/1068/3331
f 4273/1065/3303 4289/1069/3319 4288/1073/3318
f 4280/1050/3310 4296/1071/3326 4295/1074/3325
f 4272/1049/3302 4288/1073/3318 4287/1075/3317
f 4279/1051/3309 4295/1074/3325 4294/1076/3324
f 4282/1052/3312 4287/1075/3317 4297/1077/3327
f 4278/1053/3308 4294/1076/3324 4293/1078/3323
f 4283/1054/3313 4297/1077/3327 4298/1079/3328
f 4277/1055/3395 4293/1078/3323 4292/1080/3322
f 4284/1056/3314 4298/1079/3328 4299/1081/3396
f 4276/1057/3306 4292/1080/3322 4291/1082/3321
f 4294/1076/3324 4310/1098/3418 4309/1083/3339
f 4297/1077/3327 4302/1099/3332 4312/1084/3342
f 4293/1078/3323 4309/1083/3339 4308/1085/3338
f 4298/1079/3328 4312/1084/3342 4313/1086/3343
f 4292/1080/3322 4308/1085/3338 4307/1087/3337
f 4299/1081/3396 4313/1086/3343 4314/1088/3344
f 4291/1082/3321 4307/1087/3337 4306/1089/3336
f 4300/1066/3330 4314/1088/3344 4315/1090/3345
f 4290/1067/3320 4306/1089/3336 4305/1091/3335
f 4301/1068/3331 4315/1090/3345 4316/1092/3346
f 4289/1069/3319 4305/1091/3335 4304/1093/3334
f 4296/1071/3326 4161/1094/3191 4311/1095/3398
f 3925/1096/2955 4301/1068/3331 4316/1092/3346
f 4288/1073/3318 4304/1093/3334 4303/1097/3333
f 4295/1074/3325 4311/1095/3398 4310/1098/3418
f 4287/1075/3317 4303/1097/3333 4302/1099/3332
f 4305/1091/3335 4321/1115/3351 4320/1100/3350
f 4316/1092/3346 4330/1116/3420 4331/1101/3361
f 4304/1093/3334 4320/1100/3350 4319/1102/3349
f 4311/1095/3398 4161/1103/3191 4326/1104/3419
f 3925/1105/2955 4316/1092/3346 4331/1101/3361
f 4303/1097/3333 4319/1102/3349 4318/1106/3348
f 4310/1098/3418 4326/1104/3419 4325/1107/3355
f 4302/1099/3332 4318/1106/3348 4317/1108/3347
f 4309/1083/3339 4325/1107/3355 4324/1109/3354
f 4312/1084/3342 4317/1108/3347 4327/1110/3357
f 4308/1085/3338 4324/1109/3354 4323/1111/3399
f 4313/1086/3343 4327/1110/3357 4328/1112/3358
f 4307/1087/3337 4323/1111/3399 4322/1113/3352
f 4314/1088/3344 4328/1112/3358 4329/1114/3359
f 4306/1089/3336 4322/1113/3352 4321/1115/3351
f 4315/1090/3345 4329/1114/3359 4330/1116/3420
f 4327/1110/3357 4332/580/3362 3913/573/2943
f 4323/1111/3399 4335/583/3365 4334/575/3364
f 4328/1112/3358 3913/573/2943 4336/571/3366
f 4322/1113/3352 4334/575/3364 3917/577/2947
f 4329/1114/3359 4336/571/3366 3912/563/2942
f 4321/1115/3351 3917/577/2947 3916/585/2946
f 4330/1116/3420 3912/563/2942 4337/565/3421
f 4320/1100/3350 3916/585/2946 3915/578/2945
f 4331/1101/3361 4337/565/3421 4338/588/3368
f 4319/1102/3349 3915/578/2945 4333/566/3363
f 4326/1104/3419 4161/1117/3191 3919/560/2949
f 3925/1118/2955 4331/1101/3361 4338/588/3368
f 4318/1106/3348 4333/566/3363 3914/568/2944
f 4325/1107/3355 3919/560/2949 3918/562/2948
f 4317/1108/3347 3914/568/2944 4332/580/3362
f 4324/1109/3354 3918/562/2948 4335/583/3365
f 4400/562/2948 4379/570/2927 4380/561/3371
f 4819/565/3367 4391/572/2939 4392/564/2940
f 4396/568/2944 4386/579/2934 4387/567/2935
f 4401/560/2949 4643/569/3191 4379/570/2927
f 4394/563/2942 4390/574/2938 4391/572/2939
f 4818/571/3366 4389/581/2937 4390/574/2938
f 4399/577/2947 4382/584/2930 4383/576/2931
f 4815/566/3363 4385/586/2933 4386/579/2934
f 4395/573/3423 4388/582/2936 4389/581/2937
f 4814/580/3362 4387/567/2935 4388/582/2936
f 4816/575/3364 4381/591/2929 4382/584/2930
f 4397/578/2945 4384/590/2932 4385/586/2933
f 4407/587/2955 4820/588/3368 4393/589/2941
f 4398/585/2946 4383/576/2931 4384/590/2932
f 4817/583/3365 4380/561/3371 4381/591/2929
f 4820/588/3368 4392/564/2940 4393/589/2941
f 4385/586/2933 4373/595/2921 4372/592/2920
f 4391/572/2939 4367/600/2915 4366/593/2914
f 4383/576/2931 4375/608/2923 4374/594/2922
f 4384/590/2932 4374/594/2922 4373/595/2921
f 4386/579/2934 4372/592/2920 4371/596/2919
f 4392/564/2940 4366/593/2914 4365/597/2913
f 4389/581/2937 4369/603/2917 4368/598/2916
f 4393/589/2941 4365/597/2913 4364/599/2912
f 4390/574/2938 4368/598/2916 4367/600/2915
f 4407/601/2955 4393/589/2941 4364/599/2912
f 4387/567/2935 4371/596/2919 4370/602/2918
f 4388/582/2936 4370/602/2918 4369/603/2917
f 4379/570/2927 4643/604/3191 4378/605/2926
f 4380/561/3371 4378/605/2926 4377/606/3370
f 4381/591/2929 4377/606/3370 4376/607/2924
f 4382/584/2930 4376/607/2924 4375/608/2923
f 4364/599/2912 4362/610/2910 4363/609/2911
f 4365/597/2913 4361/611/2909 4362/610/2910
f 4366/593/2914 4360/623/2908 4361/611/2909
f 4376/607/2924 4350/613/2898 4351/612/2899
f 4377/606/3370 4349/618/3400 4350/613/2898
f 4374/594/2922 4352/619/2900 4353/614/2901
f 4368/598/2916 4358/616/2906 4359/615/2907
f 4369/603/2917 4357/620/2905 4358/616/2906
f 4378/605/2926 4643/617/3191 4349/618/3400
f 4375/608/2923 4351/612/2899 4352/619/2900
f 4370/602/2918 4356/622/2904 4357/620/2905
f 4407/621/2955 4364/599/2912 4363/609/2911
f 4371/596/2919 4355/624/2903 4356/622/2904
f 4367/600/2915 4359/615/2907 4360/623/2908
f 4372/592/2920 4354/625/2902 4355/624/2903
f 4373/595/2921 4353/614/2901 4354/625/2902
f 4354/625/2902 4344/630/2892 4343/626/3422
f 4360/623/2908 4402/635/2950 4403/627/2951
f 4361/611/2909 4403/627/2951 4404/628/2952
f 4352/619/2900 4346/642/2894 4345/629/2893
f 4353/614/2901 4345/629/2893 4344/630/2892
f 4355/624/2903 4343/626/3422 4342/631/2890
f 4358/616/2906 4340/637/2888 4339/632/2887
f 4407/633/2955 4363/609/2911 4406/634/2954
f 4359/615/2907 4339/632/2887 4402/635/2950
f 4356/622/2904 4342/631/2890 4341/636/2889
f 4357/620/2905 4341/636/2889 4340/637/2888
f 4349/618/3400 4347/638/2895 4350/613/2898
f 4362/610/2910 4404/628/2952 4405/639/3372
f 4349/618/3400 4643/640/3191 4348/641/2896
f 4351/612/2899 4347/638/2895 4346/642/2894
f 4363/609/2911 4405/639/3372 4406/634/2954
f 4405/639/3372 4420/654/3375 4421/643/2969
f 4407/644/2955 4406/634/2954 4422/645/2970
f 4343/626/3422 4413/649/2961 4412/646/2960
f 4345/629/2893 4415/648/2963 4414/647/2962
f 4346/642/2894 4416/652/2964 4415/648/2963
f 4344/630/2892 4414/647/2962 4413/649/2961
f 4402/635/2950 4408/651/2956 4418/650/2966
f 4339/632/2887 4409/653/2957 4408/651/2956
f 4348/641/2896 4416/652/2964 4347/638/2895
f 4340/637/2888 4410/658/2958 4409/653/2957
f 4404/628/2952 4419/657/3405 4420/654/3375
f 4348/641/2896 4643/655/3191 4417/656/2965
f 4403/627/2951 4418/650/2966 4419/657/3405
f 4341/636/2889 4411/659/2959 4410/658/2958
f 4342/631/2890 4412/646/2960 4411/659/2959
f 4406/634/2954 4421/643/2969 4422/645/2970
f 4408/651/2956 4424/675/2972 4423/660/2971
f 4413/649/2961 4429/676/2977 4428/661/2976
f 4418/650/2966 4423/660/2971 4433/662/2981
f 4412/646/2960 4428/661/2976 4427/663/2975
f 4419/657/3405 4433/662/2981 4434/664/2982
f 4420/654/3375 4434/664/2982 4435/665/2983
f 4417/656/2965 4643/666/3191 4432/667/2980
f 4421/643/2969 4435/665/2983 4436/668/2984
f 4422/645/2970 4436/668/2984 4437/669/2985
f 4411/659/2959 4427/663/2975 4426/670/2974
f 4417/656/2965 4431/671/3376 4416/652/2964
f 4407/672/2955 4422/645/2970 4437/669/2985
f 4410/658/2958 4426/670/2974 4425/673/2973
f 4416/652/2964 4430/674/3406 4415/648/2963
f 4409/653/2957 4425/673/2973 4424/675/2972
f 4415/648/2963 4429/676/2977 4414/647/2962
f 4427/663/2975 4441/677/2989 4426/670/2974
f 4437/669/2985 4451/678/3377 4452/679/3000
f 4426/670/2974 4440/680/2988 4425/673/2973
f 4432/667/2980 4643/681/3191 4447/682/2995
f 4407/683/2955 4437/669/2985 4452/679/3000
f 4425/673/2973 4439/684/2987 4424/675/2972
f 4432/667/2980 4446/685/2994 4431/671/3376
f 4423/660/2971 4439/684/2987 4438/686/2986
f 4431/671/3376 4445/687/2993 4430/674/3406
f 4433/662/2981 4438/686/2986 4448/688/2996
f 4430/674/3406 4444/689/2992 4429/676/2977
f 4434/664/2982 4448/688/2996 4449/690/2997
f 4429/676/2977 4443/691/2991 4428/661/2976
f 4435/665/2983 4449/690/2997 4450/692/2998
f 4428/661/2976 4442/693/2990 4427/663/2975
f 4436/668/2984 4450/692/2998 4451/678/3377
f 4438/686/2986 4463/694/3011 4448/688/2996
f 4445/687/2993 4459/695/3007 4444/689/2992
f 4448/688/2996 4464/696/3012 4449/690/2997
f 4444/689/2992 4458/697/3006 4443/691/2991
f 4449/690/2997 4465/698/3013 4450/692/2998
f 4443/691/2991 4457/699/3005 4442/693/2990
f 4450/692/2998 4466/700/3014 4451/678/3377
f 4442/693/2990 4456/701/3004 4441/677/2989
f 4451/678/3377 4467/702/3015 4452/679/3000
f 4441/677/2989 4455/703/3003 4440/680/2988
f 4447/682/2995 4643/704/3191 4462/705/3010
f 4407/706/2955 4452/679/3000 4467/702/3015
f 4440/680/2988 4454/707/3002 4439/684/2987
f 4447/682/2995 4461/708/3009 4446/685/2994
f 4439/684/2987 4453/709/3001 4438/686/2986
f 4446/685/2994 4460/710/3008 4445/687/2993
f 4466/700/3014 4482/712/3030 4467/702/3015
f 4456/701/3004 4470/713/3018 4455/703/3003
f 4462/705/3010 4643/714/3191 4477/715/3025
f 4407/716/2955 4467/702/3015 4482/712/3030
f 4455/703/3003 4469/717/3017 4454/707/3002
f 4462/705/3010 4476/718/3024 4461/708/3009
f 4454/707/3002 4468/719/3016 4453/709/3001
f 4461/708/3009 4475/720/3023 4460/710/3008
f 4453/709/3001 4478/721/3026 4463/694/3011
f 4460/710/3008 4474/722/3022 4459/695/3007
f 4463/694/3011 4479/723/3027 4464/696/3012
f 4459/695/3007 4473/724/3021 4458/697/3006
f 4464/696/3012 4480/725/3028 4465/698/3013
f 4458/697/3006 4472/726/3020 4457/699/3005
f 4465/698/3013 4481/711/3029 4466/700/3014
f 4457/699/3005 4471/727/3019 4456/701/3004
f 4478/721/3026 4494/729/3042 4479/723/3027
f 4474/722/3022 4488/731/3036 4473/724/3021
f 4479/723/3027 4495/732/3043 4480/725/3028
f 4473/724/3021 4487/733/3035 4472/726/3020
f 4480/725/3028 4496/734/3044 4481/711/3029
f 4472/726/3020 4486/735/3034 4471/727/3019
f 4481/711/3029 4497/736/3381 4482/712/3030
f 4471/727/3019 4485/737/3033 4470/713/3018
f 4477/715/3025 4643/738/3191 4492/739/3040
f 4407/740/2955 4482/712/3030 4497/736/3381
f 4470/713/3018 4484/741/3032 4469/717/3017
f 4477/715/3025 4491/742/3039 4476/718/3024
f 4469/717/3017 4483/743/3031 4468/719/3016
f 4476/718/3024 4490/744/3380 4475/720/3023
f 4468/719/3016 4493/728/3041 4478/721/3026
f 4475/720/3023 4489/730/3037 4474/722/3022
f 4492/739/3040 4643/745/3191 4507/746/3055
f 4407/747/2955 4497/736/3381 4512/748/3424
f 4485/737/3033 4499/750/3047 4484/741/3032
f 4492/739/3040 4506/751/3054 4491/742/3039
f 4484/741/3032 4498/752/3046 4483/743/3031
f 4491/742/3039 4505/753/3053 4490/744/3380
f 4483/743/3031 4508/754/3056 4493/728/3041
f 4490/744/3380 4504/755/3052 4489/730/3037
f 4493/728/3041 4509/756/3057 4494/729/3042
f 4489/730/3037 4503/757/3051 4488/731/3036
f 4494/729/3042 4510/758/3058 4495/732/3043
f 4488/731/3036 4502/759/3050 4487/733/3035
f 4495/732/3043 4511/760/3059 4496/734/3044
f 4487/733/3035 4501/761/3049 4486/735/3034
f 4496/734/3044 4512/748/3424 4497/736/3381
f 4486/735/3034 4500/749/3048 4485/737/3033
f 4504/755/3052 4518/763/3066 4503/757/3051
f 4509/756/3057 4525/765/3073 4510/758/3058
f 4503/757/3051 4517/766/3065 4502/759/3050
f 4510/758/3058 4526/767/3074 4511/760/3059
f 4502/759/3050 4516/768/3064 4501/761/3049
f 4511/760/3059 4527/769/3075 4512/748/3424
f 4501/761/3049 4515/770/3063 4500/749/3048
f 4507/746/3055 4643/771/3191 4522/772/3070
f 4407/773/2955 4512/748/3424 4527/769/3075
f 4500/749/3048 4514/774/3062 4499/750/3047
f 4507/746/3055 4521/775/3069 4506/751/3054
f 4499/750/3047 4513/776/3061 4498/752/3046
f 4506/751/3054 4520/777/3068 4505/753/3053
f 4498/752/3046 4523/778/3426 4508/754/3056
f 4505/753/3053 4519/762/3425 4504/755/3052
f 4508/754/3056 4524/764/3072 4509/756/3057
f 4515/770/3063 4529/780/3077 4514/774/3062
f 4522/772/3070 4536/782/3084 4521/775/3069
f 4514/774/3062 4528/783/3076 4513/776/3061
f 4521/775/3069 4535/784/3083 4520/777/3068
f 4513/776/3061 4538/785/3086 4523/778/3426
f 4520/777/3068 4534/786/3427 4519/762/3425
f 4523/778/3426 4539/787/3087 4524/764/3072
f 4519/762/3425 4533/788/3081 4518/763/3066
f 4524/764/3072 4540/789/3088 4525/765/3073
f 4518/763/3066 4532/790/3080 4517/766/3065
f 4525/765/3073 4541/791/3089 4526/767/3074
f 4517/766/3065 4531/792/3079 4516/768/3064
f 4526/767/3074 4542/793/3090 4527/769/3075
f 4516/768/3064 4530/779/3078 4515/770/3063
f 4522/772/3070 4643/794/3191 4537/781/3085
f 4407/795/2955 4527/769/3075 4542/793/3090
f 4539/787/3087 4555/797/3103 4540/789/3088
f 4533/788/3081 4547/799/3428 4532/790/3080
f 4540/789/3088 4556/800/3104 4541/791/3089
f 4532/790/3080 4546/801/3094 4531/792/3079
f 4541/791/3089 4557/802/3105 4542/793/3090
f 4531/792/3079 4545/803/3093 4530/779/3078
f 4537/781/3085 4643/804/3191 4552/805/3100
f 4407/806/2955 4542/793/3090 4557/802/3105
f 4530/779/3078 4544/807/3092 4529/780/3077
f 4537/781/3085 4551/808/3099 4536/782/3084
f 4529/780/3077 4543/809/3091 4528/783/3076
f 4536/782/3084 4550/810/3098 4535/784/3083
f 4528/783/3076 4553/811/3101 4538/785/3086
f 4535/784/3083 4549/812/3097 4534/786/3427
f 4538/785/3086 4554/796/3102 4539/787/3087
f 4534/786/3427 4548/798/3096 4533/788/3081
f 4552/805/3100 4566/814/3114 4551/808/3099
f 4544/807/3092 4558/816/3106 4543/809/3091
f 4551/808/3099 4565/817/3113 4550/810/3098
f 4543/809/3091 4568/818/3116 4553/811/3101
f 4550/810/3098 4564/819/3112 4549/812/3097
f 4553/811/3101 4569/820/3117 4554/796/3102
f 4549/812/3097 4563/821/3111 4548/798/3096
f 4554/796/3102 4570/822/3118 4555/797/3103
f 4548/798/3096 4562/823/3110 4547/799/3428
f 4555/797/3103 4571/824/3119 4556/800/3104
f 4547/799/3428 4561/825/3109 4546/801/3094
f 4556/800/3104 4572/826/3384 4557/802/3105
f 4546/801/3094 4560/827/3108 4545/803/3093
f 4552/805/3100 4643/828/3191 4567/813/3115
f 4407/829/2955 4557/802/3105 4572/826/3384
f 4545/803/3093 4559/815/3107 4544/807/3092
f 4563/821/3111 4577/831/3125 4562/823/3110
f 4570/822/3118 4586/833/3134 4571/824/3119
f 4562/823/3110 4576/834/3124 4561/825/3109
f 4571/824/3119 4587/835/3135 4572/826/3384
f 4561/825/3109 4575/836/3123 4560/827/3108
f 4567/813/3115 4643/837/3191 4582/838/3130
f 4407/839/2955 4572/826/3384 4587/835/3135
f 4560/827/3108 4574/840/3122 4559/815/3107
f 4567/813/3115 4581/841/3129 4566/814/3114
f 4559/815/3107 4573/842/3121 4558/816/3106
f 4566/814/3114 4580/843/3128 4565/817/3113
f 4558/816/3106 4583/844/3131 4568/818/3116
f 4565/817/3113 4579/845/3127 4564/819/3112
f 4568/818/3116 4584/846/3132 4569/820/3117
f 4564/819/3112 4578/830/3126 4563/821/3111
f 4569/820/3117 4585/832/3133 4570/822/3118
f 4574/840/3122 4588/848/3136 4573/842/3121
f 4581/841/3129 4595/850/3387 4580/843/3128
f 4573/842/3121 4598/851/3146 4583/844/3131
f 4580/843/3128 4594/852/3142 4579/845/3127
f 4583/844/3131 4599/853/3147 4584/846/3132
f 4579/845/3127 4593/854/3141 4578/830/3126
f 4584/846/3132 4600/855/3148 4585/832/3133
f 4578/830/3126 4592/856/3140 4577/831/3125
f 4585/832/3133 4601/857/3149 4586/833/3134
f 4577/831/3125 4591/858/3139 4576/834/3124
f 4586/833/3134 4602/859/3388 4587/835/3135
f 4576/834/3124 4590/860/3138 4575/836/3123
f 4582/838/3130 4643/861/3191 4597/862/3145
f 4407/863/2955 4587/835/3135 4602/859/3388
f 4575/836/3123 4589/847/3137 4574/840/3122
f 4582/838/3130 4596/849/3144 4581/841/3129
f 4600/855/3148 4616/865/3389 4601/857/3149
f 4592/856/3140 4606/867/3154 4591/858/3139
f 4601/857/3149 4617/868/3165 4602/859/3388
f 4591/858/3139 4605/869/3153 4590/860/3138
f 4597/862/3145 4643/870/3191 4612/871/3160
f 4407/872/2955 4602/859/3388 4617/868/3165
f 4590/860/3138 4604/873/3152 4589/847/3137
f 4597/862/3145 4611/874/3159 4596/849/3144
f 4589/847/3137 4603/875/3151 4588/848/3136
f 4596/849/3144 4610/876/3158 4595/850/3387
f 4588/848/3136 4613/877/3161 4598/851/3146
f 4595/850/3387 4609/878/3157 4594/852/3142
f 4598/851/3146 4614/879/3162 4599/853/3147
f 4594/852/3142 4608/880/3156 4593/854/3141
f 4599/853/3147 4615/864/3163 4600/855/3148
f 4593/854/3141 4607/866/3155 4592/856/3140
f 4603/875/3151 4628/882/3176 4613/877/3161
f 4610/876/3158 4624/884/3172 4609/878/3157
f 4613/877/3161 4629/885/3177 4614/879/3162
f 4609/878/3157 4623/886/3171 4608/880/3156
f 4614/879/3162 4630/887/3178 4615/864/3163
f 4608/880/3156 4622/888/3170 4607/866/3155
f 4615/864/3163 4631/889/3179 4616/865/3389
f 4607/866/3155 4621/890/3169 4606/867/3154
f 4616/865/3389 4632/891/3430 4617/868/3165
f 4606/867/3154 4620/892/3168 4605/869/3153
f 4612/871/3160 4643/893/3191 4627/894/3429
f 4407/895/2955 4617/868/3165 4632/891/3430
f 4605/869/3153 4619/896/3167 4604/873/3152
f 4612/871/3160 4626/897/3174 4611/874/3159
f 4604/873/3152 4618/881/3166 4603/875/3151
f 4611/874/3159 4625/883/3173 4610/876/3158
f 4632/891/3430 4647/898/3195 4648/899/3196
f 4621/890/3169 4635/901/3183 4620/892/3168
f 4627/894/3429 4643/902/3191 4642/903/3190
f 4407/904/2955 4632/891/3430 4648/899/3196
f 4620/892/3168 4634/905/3182 4619/896/3167
f 4627/894/3429 4641/906/3189 4626/897/3174
f 4619/896/3167 4633/907/3181 4618/881/3166
f 4626/897/3174 4640/908/3188 4625/883/3173
f 4618/881/3166 4644/909/3192 4628/882/3176
f 4625/883/3173 4639/910/3187 4624/884/3172
f 4628/882/3176 4645/911/3193 4629/885/3177
f 4624/884/3172 4638/912/3431 4623/886/3171
f 4629/885/3177 4646/913/3194 4630/887/3178
f 4623/886/3171 4637/914/3185 4622/888/3170
f 4630/887/3178 4647/898/3195 4631/889/3179
f 4622/888/3170 4636/900/3184 4621/890/3169
f 4640/908/3188 4655/916/3432 4639/910/3187
f 4644/909/3192 4660/918/3208 4645/911/3193
f 4639/910/3187 4654/919/3202 4638/912/3431
f 4645/911/3193 4661/920/3390 4646/913/3194
f 4638/912/3431 4653/921/3201 4637/914/3185
f 4646/913/3194 4662/922/3210 4647/898/3195
f 4637/914/3185 4652/923/3200 4636/900/3184
f 4648/899/3196 4662/922/3210 4663/924/3211
f 4636/900/3184 4651/925/3199 4635/901/3183
f 4642/903/3190 4643/926/3191 4658/927/3206
f 4407/928/2955 4648/899/3196 4663/924/3211
f 4635/901/3183 4650/929/3198 4634/905/3182
f 4642/903/3190 4657/930/3205 4641/906/3189
f 4634/905/3182 4649/931/3197 4633/907/3181
f 4641/906/3189 4656/915/3204 4640/908/3188
f 4633/907/3181 4659/917/3207 4644/909/3192
f 4652/923/3200 4666/933/3214 4651/925/3199
f 4658/927/3206 4643/934/3191 4673/935/3221
f 4407/936/2955 4663/924/3211 4678/937/3413
f 4651/925/3199 4665/938/3213 4650/929/3198
f 4658/927/3206 4672/939/3220 4657/930/3205
f 4650/929/3198 4664/940/3212 4649/931/3197
f 4657/930/3205 4671/941/3219 4656/915/3204
f 4649/931/3197 4674/942/3222 4659/917/3207
f 4656/915/3204 4670/943/3218 4655/916/3432
f 4659/917/3207 4675/944/3223 4660/918/3208
f 4655/916/3432 4669/945/3217 4654/919/3202
f 4661/920/3390 4675/944/3223 4676/946/3224
f 4654/919/3202 4668/947/3216 4653/921/3201
f 4662/922/3210 4676/946/3224 4677/948/3225
f 4653/921/3201 4667/932/3215 4652/923/3200
f 4663/924/3211 4677/948/3225 4678/937/3413
f 4675/944/3223 4689/949/3237 4690/950/3238
f 4670/943/3218 4684/952/3232 4669/945/3217
f 4676/946/3224 4690/950/3238 4691/953/3239
f 4669/945/3217 4683/954/3231 4668/947/3216
f 4677/948/3225 4691/953/3239 4692/955/3240
f 4668/947/3216 4682/956/3230 4667/932/3215
f 4678/937/3413 4692/955/3240 4693/957/3241
f 4666/933/3214 4682/956/3230 4681/958/3229
f 4673/935/3221 4643/959/3191 4688/960/3236
f 4407/961/2955 4678/937/3413 4693/957/3241
f 4665/938/3213 4681/958/3229 4680/962/3228
f 4673/935/3221 4687/963/3235 4672/939/3220
f 4664/940/3212 4680/962/3228 4679/964/3227
f 4672/939/3220 4686/965/3234 4671/941/3219
f 4674/942/3222 4679/964/3227 4689/949/3237
f 4671/941/3219 4685/951/3233 4670/943/3218
f 4688/960/3236 4643/966/3191 4703/967/3251
f 4407/968/2955 4693/957/3241 4708/969/3256
f 4680/962/3228 4696/970/3244 4695/971/3392
f 4687/963/3235 4703/967/3251 4702/972/3250
f 4679/964/3227 4695/971/3392 4694/973/3242
f 4686/965/3234 4702/972/3250 4701/974/3249
f 4689/949/3237 4694/973/3242 4704/975/3252
f 4685/951/3233 4701/974/3249 4700/976/3248
f 4690/950/3238 4704/975/3252 4705/977/3253
f 4684/952/3232 4700/976/3248 4699/978/3247
f 4691/953/3239 4705/977/3253 4706/979/3254
f 4683/954/3231 4699/978/3247 4698/980/3246
f 4692/955/3240 4706/979/3254 4707/981/3255
f 4682/956/3230 4698/980/3246 4697/982/3245
f 4693/957/3241 4707/981/3255 4708/969/3256
f 4681/958/3229 4697/982/3245 4696/970/3244
f 4699/983/3247 4715/984/3263 4714/985/3262
f 4706/986/3254 4720/987/3268 4721/988/3269
f 4698/989/3246 4714/985/3262 4713/990/3261
f 4707/991/3255 4721/988/3269 4722/992/3270
f 4697/993/3245 4713/990/3261 4712/994/3260
f 4708/995/3256 4722/992/3270 4723/996/3433
f 4696/997/3244 4712/994/3260 4711/998/3259
f 4703/999/3251 4643/1000/3191 4718/1001/3266
f 4407/1002/2955 4708/995/3256 4723/996/3433
f 4695/1003/3392 4711/998/3259 4710/1004/3258
f 4702/1006/3250 4718/1001/3266 4717/1005/3265
f 4694/1007/3242 4710/1004/3258 4709/1008/3257
f 4701/1010/3249 4717/1005/3265 4716/1009/3264
f 4704/1011/3252 4709/1008/3257 4719/1012/3267
f 4700/1013/3248 4716/1009/3264 4715/984/3263
f 4705/1014/3253 4719/1012/3267 4720/987/3268
f 4710/1004/3258 4726/1029/3274 4725/1015/3273
f 4717/1005/3265 4733/1016/3281 4732/1017/3280
f 4709/1008/3257 4725/1015/3273 4724/1018/3272
f 4716/1009/3264 4732/1017/3280 4731/1019/3279
f 4719/1012/3267 4724/1018/3272 4734/1020/3282
f 4715/984/3263 4731/1019/3279 4730/1021/3278
f 4720/987/3268 4734/1020/3282 4735/1022/3283
f 4714/985/3262 4730/1021/3278 4729/1023/3277
f 4721/988/3269 4735/1022/3283 4736/1024/3394
f 4713/990/3261 4729/1023/3277 4728/1025/3276
f 4722/992/3270 4736/1024/3394 4737/1026/3285
f 4712/994/3260 4728/1025/3276 4727/1027/3275
f 4723/996/3433 4737/1026/3285 4738/1028/3286
f 4711/998/3259 4727/1027/3275 4726/1029/3274
f 4718/1001/3266 4643/1030/3191 4733/1016/3281
f 4407/1031/2955 4723/996/3433 4738/1028/3286
f 4736/1024/3394 4750/1047/3298 4751/1032/3299
f 4728/1025/3276 4744/1048/3292 4743/1033/3291
f 4737/1026/3285 4751/1032/3299 4752/1034/3300
f 4727/1027/3275 4743/1033/3291 4742/1035/3290
f 4738/1028/3286 4752/1034/3300 4753/1036/3301
f 4726/1029/3274 4742/1035/3290 4741/1037/3289
f 4733/1016/3281 4643/1038/3191 4748/1039/3296
f 4407/1040/2955 4738/1028/3286 4753/1036/3301
f 4725/1015/3273 4741/1037/3289 4740/1041/3288
f 4732/1017/3280 4748/1039/3296 4747/1042/3295
f 4724/1018/3272 4740/1041/3288 4739/1043/3287
f 4731/1019/3279 4747/1042/3295 4746/1044/3294
f 4734/1020/3282 4739/1043/3287 4749/1045/3297
f 4730/1021/3278 4746/1044/3294 4745/1046/3293
f 4735/1022/3283 4749/1045/3297 4750/1047/3298
f 4729/1023/3277 4745/1046/3293 4744/1048/3292
f 4739/1043/3287 4755/1065/3303 4754/1049/3302
f 4746/1044/3294 4762/1050/3310 4761/1051/3309
f 4749/1045/3297 4754/1049/3302 4764/1052/3312
f 4745/1046/3293 4761/1051/3309 4760/1053/3308
f 4750/1047/3298 4764/1052/3312 4765/1054/3313
f 4744/1048/3292 4760/1053/3308 4759/1055/3307
f 4751/1032/3299 4765/1054/3313 4766/1056/3314
f 4743/1033/3291 4759/1055/3307 4758/1057/3306
f 4752/1034/3300 4766/1056/3314 4767/1058/3315
f 4742/1035/3290 4758/1057/3306 4757/1059/3305
f 4753/1036/3301 4767/1058/3315 4768/1060/3316
f 4741/1037/3289 4757/1059/3305 4756/1061/3304
f 4748/1039/3296 4643/1062/3191 4763/1063/3311
f 4407/1064/2955 4753/1036/3301 4768/1060/3316
f 4740/1041/3288 4756/1061/3304 4755/1065/3303
f 4747/1042/3295 4763/1063/3311 4762/1050/3310
f 4767/1058/3315 4781/1081/3396 4782/1066/3330
f 4757/1059/3305 4773/1082/3321 4772/1067/3320
f 4768/1060/3316 4782/1066/3330 4783/1068/3331
f 4756/1061/3304 4772/1067/3320 4771/1069/3319
f 4763/1063/3311 4643/1070/3191 4778/1071/3326
f 4407/1072/2955 4768/1060/3316 4783/1068/3331
f 4755/1065/3303 4771/1069/3319 4770/1073/3318
f 4762/1050/3310 4778/1071/3326 4777/1074/3325
f 4754/1049/3302 4770/1073/3318 4769/1075/3317
f 4761/1051/3309 4777/1074/3325 4776/1076/3324
f 4764/1052/3312 4769/1075/3317 4779/1077/3327
f 4760/1053/3308 4776/1076/3324 4775/1078/3323
f 4765/1054/3313 4779/1077/3327 4780/1079/3434
f 4759/1055/3307 4775/1078/3323 4774/1080/3322
f 4766/1056/3314 4780/1079/3434 4781/1081/3396
f 4758/1057/3306 4774/1080/3322 4773/1082/3321
f 4776/1076/3324 4792/1098/3340 4791/1083/3339
f 4779/1077/3327 4784/1099/3332 4794/1084/3342
f 4775/1078/3323 4791/1083/3339 4790/1085/3338
f 4780/1079/3434 4794/1084/3342 4795/1086/3343
f 4774/1080/3322 4790/1085/3338 4789/1087/3337
f 4781/1081/3396 4795/1086/3343 4796/1088/3344
f 4773/1082/3321 4789/1087/3337 4788/1089/3336
f 4782/1066/3330 4796/1088/3344 4797/1090/3345
f 4772/1067/3320 4788/1089/3336 4787/1091/3335
f 4783/1068/3331 4797/1090/3345 4798/1092/3346
f 4771/1069/3319 4787/1091/3335 4786/1093/3334
f 4778/1071/3326 4643/1094/3191 4793/1095/3398
f 4407/1096/2955 4783/1068/3331 4798/1092/3346
f 4770/1073/3318 4786/1093/3334 4785/1097/3333
f 4777/1074/3325 4793/1095/3398 4792/1098/3340
f 4769/1075/3317 4785/1097/3333 4784/1099/3332
f 4787/1091/3335 4803/1115/3351 4802/1100/3350
f 4798/1092/3346 4812/1116/3420 4813/1101/3361
f 4786/1093/3334 4802/1100/3350 4801/1102/3349
f 4793/1095/3398 4643/1103/3191 4808/1104/3419
f 4407/1105/2955 4798/1092/3346 4813/1101/3361
f 4785/1097/3333 4801/1102/3349 4800/1106/3348
f 4792/1098/3340 4808/1104/3419 4807/1107/3355
f 4784/1099/3332 4800/1106/3348 4799/1108/3347
f 4791/1083/3339 4807/1107/3355 4806/1109/3354
f 4794/1084/3342 4799/1108/3347 4809/1110/3357
f 4790/1085/3338 4806/1109/3354 4805/1111/3399
f 4795/1086/3343 4809/1110/3357 4810/1112/3358
f 4789/1087/3337 4805/1111/3399 4804/1113/3352
f 4796/1088/3344 4810/1112/3358 4811/1114/3359
f 4788/1089/3336 4804/1113/3352 4803/1115/3351
f 4797/1090/3345 4811/1114/3359 4812/1116/3420
f 4809/1110/3357 4814/580/3362 4395/573/3423
f 4805/1111/3399 4817/583/3365 4816/575/3364
f 4810/1112/3358 4395/573/3423 4818/571/3366
f 4804/1113/3352 4816/575/3364 4399/577/2947
f 4811/1114/3359 4818/571/3366 4394/563/2942
f 4803/1115/3351 4399/577/2947 4398/585/2946
f 4812/1116/3420 4394/563/2942 4819/565/3367
f 4802/1100/3350 4398/585/2946 4397/578/2945
f 4813/1101/3361 4819/565/3367 4820/588/3368
f 4801/1102/3349 4397/578/2945 4815/566/3363
f 4808/1104/3419 4643/1117/3191 4401/560/2949
f 4407/1118/2955 4813/1101/3361 4820/588/3368
f 4800/1106/3348 4815/566/3363 4396/568/2944
f 4807/1107/3355 4401/560/2949 4400/562/2948
f 4799/1108/3347 4396/568/2944 4814/580/3362
f 4806/1109/3354 4400/562/2948 4817/583/3365
f 4882/562/2948 4861/570/2927 4862/561/3371
f 5301/565/3421 4873/572/2939 4874/564/2940
f 4878/568/2944 4868/579/2934 4869/567/2935
f 4883/560/2949 5125/569/3191 4861/570/2927
f 4876/563/2942 4872/574/2938 4873/572/2939
f 5300/571/3366 4871/581/2937 4872/574/2938
f 4881/577/2947 4864/584/2930 4865/576/2931
f 5297/566/3363 4867/586/2933 4868/579/2934
f 4877/573/2943 4870/582/2936 4871/581/2937
f 5296/580/3362 4869/567/2935 4870/582/2936
f 5298/575/3364 4863/591/2929 4864/584/2930
f 4879/578/2945 4866/590/2932 4867/586/2933
f 4889/587/2955 5302/588/3368 4875/589/2941
f 4880/585/2946 4865/576/2931 4866/590/2932
f 5299/583/3365 4862/561/3371 4863/591/2929
f 5302/588/3368 4874/564/2940 4875/589/2941
f 4867/586/2933 4855/595/2921 4854/592/2920
f 4873/572/2939 4849/600/2915 4848/593/2914
f 4865/576/2931 4857/608/2923 4856/594/2922
f 4866/590/2932 4856/594/2922 4855/595/2921
f 4868/579/2934 4854/592/2920 4853/596/2919
f 4874/564/2940 4848/593/2914 4847/597/2913
f 4871/581/2937 4851/603/2917 4850/598/2916
f 4875/589/2941 4847/597/2913 4846/599/2912
f 4872/574/2938 4850/598/2916 4849/600/2915
f 4889/601/2955 4875/589/2941 4846/599/2912
f 4869/567/2935 4853/596/2919 4852/602/2918
f 4870/582/2936 4852/602/2918 4851/603/2917
f 4861/570/2927 5125/604/3191 4860/605/2926
f 4862/561/3371 4860/605/2926 4859/606/3370
f 4863/591/2929 4859/606/3370 4858/607/2924
f 4864/584/2930 4858/607/2924 4857/608/2923
f 4846/599/2912 4844/610/2910 4845/609/2911
f 4847/597/2913 4843/611/2909 4844/610/2910
f 4848/593/2914 4842/623/3435 4843/611/2909
f 4858/607/2924 4832/613/2898 4833/612/2899
f 4859/606/3370 4831/618/3400 4832/613/2898
f 4856/594/2922 4834/619/2900 4835/614/2901
f 4850/598/2916 4840/616/2906 4841/615/2907
f 4851/603/2917 4839/620/2905 4840/616/2906
f 4860/605/2926 5125/617/3191 4831/618/3400
f 4857/608/2923 4833/612/2899 4834/619/2900
f 4852/602/2918 4838/622/2904 4839/620/2905
f 4889/621/2955 4846/599/2912 4845/609/2911
f 4853/596/2919 4837/624/2903 4838/622/2904
f 4849/600/2915 4841/615/2907 4842/623/3435
f 4854/592/2920 4836/625/2902 4837/624/2903
f 4855/595/2921 4835/614/2901 4836/625/2902
f 4836/625/2902 4826/630/2892 4825/626/3422
f 4842/623/3435 4884/635/2950 4885/627/2951
f 4843/611/2909 4885/627/2951 4886/628/2952
f 4834/619/2900 4828/642/2894 4827/629/2893
f 4835/614/2901 4827/629/2893 4826/630/2892
f 4837/624/2903 4825/626/3422 4824/631/2890
f 4840/616/2906 4822/637/2888 4821/632/2887
f 4889/633/2955 4845/609/2911 4888/634/2954
f 4841/615/2907 4821/632/2887 4884/635/2950
f 4838/622/2904 4824/631/2890 4823/636/2889
f 4839/620/2905 4823/636/2889 4822/637/2888
f 4831/618/3400 4829/638/2895 4832/613/2898
f 4844/610/2910 4886/628/2952 4887/639/2953
f 4831/618/3400 5125/640/3191 4830/641/2896
f 4833/612/2899 4829/638/2895 4828/642/2894
f 4845/609/2911 4887/639/2953 4888/634/2954
f 4887/639/2953 4902/654/3375 4903/643/2969
f 4889/644/2955 4888/634/2954 4904/645/2970
f 4825/626/3422 4895/649/2961 4894/646/2960
f 4827/629/2893 4897/648/2963 4896/647/2962
f 4828/642/2894 4898/652/2964 4897/648/2963
f 4826/630/2892 4896/647/2962 4895/649/2961
f 4884/635/2950 4890/651/2956 4900/650/2966
f 4821/632/2887 4891/653/2957 4890/651/2956
f 4830/641/2896 4898/652/2964 4829/638/2895
f 4822/637/2888 4892/658/3373 4891/653/2957
f 4886/628/2952 4901/657/3405 4902/654/3375
f 4830/641/2896 5125/655/3191 4899/656/2965
f 4885/627/2951 4900/650/2966 4901/657/3405
f 4823/636/2889 4893/659/2959 4892/658/3373
f 4824/631/2890 4894/646/2960 4893/659/2959
f 4888/634/2954 4903/643/2969 4904/645/2970
f 4890/651/2956 4906/675/2972 4905/660/2971
f 4895/649/2961 4911/676/2977 4910/661/2976
f 4900/650/2966 4905/660/2971 4915/662/2981
f 4894/646/2960 4910/661/2976 4909/663/2975
f 4901/657/3405 4915/662/2981 4916/664/2982
f 4902/654/3375 4916/664/2982 4917/665/2983
f 4899/656/2965 5125/666/3191 4914/667/2980
f 4903/643/2969 4917/665/2983 4918/668/2984
f 4904/645/2970 4918/668/2984 4919/669/2985
f 4893/659/2959 4909/663/2975 4908/670/2974
f 4899/656/2965 4913/671/2979 4898/652/2964
f 4889/672/2955 4904/645/2970 4919/669/2985
f 4892/658/3373 4908/670/2974 4907/673/2973
f 4898/652/2964 4912/674/3406 4897/648/2963
f 4891/653/2957 4907/673/2973 4906/675/2972
f 4897/648/2963 4911/676/2977 4896/647/2962
f 4909/663/2975 4923/677/2989 4908/670/2974
f 4919/669/2985 4933/678/3377 4934/679/3000
f 4908/670/2974 4922/680/2988 4907/673/2973
f 4914/667/2980 5125/681/3191 4929/682/2995
f 4889/683/2955 4919/669/2985 4934/679/3000
f 4907/673/2973 4921/684/2987 4906/675/2972
f 4914/667/2980 4928/685/2994 4913/671/2979
f 4905/660/2971 4921/684/2987 4920/686/2986
f 4913/671/2979 4927/687/2993 4912/674/3406
f 4915/662/2981 4920/686/2986 4930/688/2996
f 4912/674/3406 4926/689/2992 4911/676/2977
f 4916/664/2982 4930/688/2996 4931/690/2997
f 4911/676/2977 4925/691/3436 4910/661/2976
f 4917/665/2983 4931/690/2997 4932/692/2998
f 4910/661/2976 4924/693/2990 4909/663/2975
f 4918/668/2984 4932/692/2998 4933/678/3377
f 4920/686/2986 4945/694/3011 4930/688/2996
f 4927/687/2993 4941/695/3007 4926/689/2992
f 4930/688/2996 4946/696/3012 4931/690/2997
f 4926/689/2992 4940/697/3006 4925/691/3436
f 4931/690/2997 4947/698/3013 4932/692/2998
f 4925/691/3436 4939/699/3005 4924/693/2990
f 4932/692/2998 4948/700/3014 4933/678/3377
f 4924/693/2990 4938/701/3437 4923/677/2989
f 4933/678/3377 4949/702/3015 4934/679/3000
f 4923/677/2989 4937/703/3003 4922/680/2988
f 4929/682/2995 5125/704/3191 4944/705/3010
f 4889/706/2955 4934/679/3000 4949/702/3015
f 4922/680/2988 4936/707/3002 4921/684/2987
f 4929/682/2995 4943/708/3009 4928/685/2994
f 4921/684/2987 4935/709/3001 4920/686/2986
f 4928/685/2994 4942/710/3008 4927/687/2993
f 4948/700/3014 4964/712/3030 4949/702/3015
f 4938/701/3437 4952/713/3018 4937/703/3003
f 4944/705/3010 5125/714/3191 4959/715/3379
f 4889/716/2955 4949/702/3015 4964/712/3030
f 4937/703/3003 4951/717/3017 4936/707/3002
f 4944/705/3010 4958/718/3024 4943/708/3009
f 4936/707/3002 4950/719/3016 4935/709/3001
f 4943/708/3009 4957/720/3023 4942/710/3008
f 4935/709/3001 4960/721/3026 4945/694/3011
f 4942/710/3008 4956/722/3022 4941/695/3007
f 4945/694/3011 4961/723/3027 4946/696/3012
f 4941/695/3007 4955/724/3021 4940/697/3006
f 4946/696/3012 4962/725/3028 4947/698/3013
f 4940/697/3006 4954/726/3020 4939/699/3005
f 4947/698/3013 4963/711/3029 4948/700/3014
f 4939/699/3005 4953/727/3019 4938/701/3437
f 4960/721/3026 4976/729/3042 4961/723/3027
f 4956/722/3022 4970/731/3036 4955/724/3021
f 4961/723/3027 4977/732/3043 4962/725/3028
f 4955/724/3021 4969/733/3035 4954/726/3020
f 4962/725/3028 4978/734/3044 4963/711/3029
f 4954/726/3020 4968/735/3034 4953/727/3019
f 4963/711/3029 4979/736/3438 4964/712/3030
f 4953/727/3019 4967/737/3033 4952/713/3018
f 4959/715/3379 5125/738/3191 4974/739/3040
f 4889/740/2955 4964/712/3030 4979/736/3438
f 4952/713/3018 4966/741/3032 4951/717/3017
f 4959/715/3379 4973/742/3039 4958/718/3024
f 4951/717/3017 4965/743/3031 4950/719/3016
f 4958/718/3024 4972/744/3380 4957/720/3023
f 4950/719/3016 4975/728/3041 4960/721/3026
f 4957/720/3023 4971/730/3037 4956/722/3022
f 4974/739/3040 5125/745/3191 4989/746/3055
f 4889/747/2955 4979/736/3438 4994/748/3060
f 4967/737/3033 4981/750/3047 4966/741/3032
f 4974/739/3040 4988/751/3054 4973/742/3039
f 4966/741/3032 4980/752/3046 4965/743/3031
f 4973/742/3039 4987/753/3053 4972/744/3380
f 4965/743/3031 4990/754/3056 4975/728/3041
f 4972/744/3380 4986/755/3052 4971/730/3037
f 4975/728/3041 4991/756/3057 4976/729/3042
f 4971/730/3037 4985/757/3051 4970/731/3036
f 4976/729/3042 4992/758/3058 4977/732/3043
f 4970/731/3036 4984/759/3050 4969/733/3035
f 4977/732/3043 4993/760/3059 4978/734/3044
f 4969/733/3035 4983/761/3049 4968/735/3034
f 4978/734/3044 4994/748/3060 4979/736/3438
f 4968/735/3034 4982/749/3048 4967/737/3033
f 4986/755/3052 5000/763/3066 4985/757/3051
f 4991/756/3057 5007/765/3073 4992/758/3058
f 4985/757/3051 4999/766/3065 4984/759/3050
f 4992/758/3058 5008/767/3074 4993/760/3059
f 4984/759/3050 4998/768/3064 4983/761/3049
f 4993/760/3059 5009/769/3075 4994/748/3060
f 4983/761/3049 4997/770/3063 4982/749/3048
f 4989/746/3055 5125/771/3191 5004/772/3070
f 4889/773/2955 4994/748/3060 5009/769/3075
f 4982/749/3048 4996/774/3062 4981/750/3047
f 4989/746/3055 5003/775/3069 4988/751/3054
f 4981/750/3047 4995/776/3061 4980/752/3046
f 4988/751/3054 5002/777/3068 4987/753/3053
f 4980/752/3046 5005/778/3071 4990/754/3056
f 4987/753/3053 5001/762/3425 4986/755/3052
f 4990/754/3056 5006/764/3072 4991/756/3057
f 4997/770/3063 5011/780/3077 4996/774/3062
f 5004/772/3070 5018/782/3084 5003/775/3069
f 4996/774/3062 5010/783/3076 4995/776/3061
f 5003/775/3069 5017/784/3083 5002/777/3068
f 4995/776/3061 5020/785/3086 5005/778/3071
f 5002/777/3068 5016/786/3082 5001/762/3425
f 5005/778/3071 5021/787/3087 5006/764/3072
f 5001/762/3425 5015/788/3081 5000/763/3066
f 5006/764/3072 5022/789/3088 5007/765/3073
f 5000/763/3066 5014/790/3080 4999/766/3065
f 5007/765/3073 5023/791/3089 5008/767/3074
f 4999/766/3065 5013/792/3079 4998/768/3064
f 5008/767/3074 5024/793/3090 5009/769/3075
f 4998/768/3064 5012/779/3078 4997/770/3063
f 5004/772/3070 5125/794/3191 5019/781/3085
f 4889/795/2955 5009/769/3075 5024/793/3090
f 5021/787/3087 5037/797/3103 5022/789/3088
f 5015/788/3081 5029/799/3428 5014/790/3080
f 5022/789/3088 5038/800/3104 5023/791/3089
f 5014/790/3080 5028/801/3094 5013/792/3079
f 5023/791/3089 5039/802/3383 5024/793/3090
f 5013/792/3079 5027/803/3093 5012/779/3078
f 5019/781/3085 5125/804/3191 5034/805/3100
f 4889/806/2955 5024/793/3090 5039/802/3383
f 5012/779/3078 5026/807/3092 5011/780/3077
f 5019/781/3085 5033/808/3099 5018/782/3084
f 5011/780/3077 5025/809/3091 5010/783/3076
f 5018/782/3084 5032/810/3098 5017/784/3083
f 5010/783/3076 5035/811/3101 5020/785/3086
f 5017/784/3083 5031/812/3097 5016/786/3082
f 5020/785/3086 5036/796/3102 5021/787/3087
f 5016/786/3082 5030/798/3096 5015/788/3081
f 5034/805/3100 5048/814/3114 5033/808/3099
f 5026/807/3092 5040/816/3106 5025/809/3091
f 5033/808/3099 5047/817/3113 5032/810/3098
f 5025/809/3091 5050/818/3116 5035/811/3101
f 5032/810/3098 5046/819/3112 5031/812/3097
f 5035/811/3101 5051/820/3117 5036/796/3102
f 5031/812/3097 5045/821/3439 5030/798/3096
f 5036/796/3102 5052/822/3118 5037/797/3103
f 5030/798/3096 5044/823/3110 5029/799/3428
f 5037/797/3103 5053/824/3119 5038/800/3104
f 5029/799/3428 5043/825/3109 5028/801/3094
f 5038/800/3104 5054/826/3120 5039/802/3383
f 5028/801/3094 5042/827/3108 5027/803/3093
f 5034/805/3100 5125/828/3191 5049/813/3115
f 4889/829/2955 5039/802/3383 5054/826/3120
f 5027/803/3093 5041/815/3107 5026/807/3092
f 5045/821/3439 5059/831/3125 5044/823/3110
f 5052/822/3118 5068/833/3134 5053/824/3119
f 5044/823/3110 5058/834/3124 5043/825/3109
f 5053/824/3119 5069/835/3135 5054/826/3120
f 5043/825/3109 5057/836/3123 5042/827/3108
f 5049/813/3115 5125/837/3191 5064/838/3130
f 4889/839/2955 5054/826/3120 5069/835/3135
f 5042/827/3108 5056/840/3122 5041/815/3107
f 5049/813/3115 5063/841/3129 5048/814/3114
f 5041/815/3107 5055/842/3121 5040/816/3106
f 5048/814/3114 5062/843/3128 5047/817/3113
f 5040/816/3106 5065/844/3131 5050/818/3116
f 5047/817/3113 5061/845/3127 5046/819/3112
f 5050/818/3116 5066/846/3132 5051/820/3117
f 5046/819/3112 5060/830/3126 5045/821/3439
f 5051/820/3117 5067/832/3386 5052/822/3118
f 5056/840/3122 5070/848/3136 5055/842/3121
f 5063/841/3129 5077/850/3387 5062/843/3128
f 5055/842/3121 5080/851/3146 5065/844/3131
f 5062/843/3128 5076/852/3142 5061/845/3127
f 5065/844/3131 5081/853/3147 5066/846/3132
f 5061/845/3127 5075/854/3141 5060/830/3126
f 5066/846/3132 5082/855/3148 5067/832/3386
f 5060/830/3126 5074/856/3140 5059/831/3125
f 5067/832/3386 5083/857/3149 5068/833/3134
f 5059/831/3125 5073/858/3139 5058/834/3124
f 5068/833/3134 5084/859/3150 5069/835/3135
f 5058/834/3124 5072/860/3138 5057/836/3123
f 5064/838/3130 5125/861/3191 5079/862/3145
f 4889/863/2955 5069/835/3135 5084/859/3150
f 5057/836/3123 5071/847/3137 5056/840/3122
f 5064/838/3130 5078/849/3144 5063/841/3129
f 5082/855/3148 5098/865/3389 5083/857/3149
f 5074/856/3140 5088/867/3154 5073/858/3139
f 5083/857/3149 5099/868/3440 5084/859/3150
f 5073/858/3139 5087/869/3153 5072/860/3138
f 5079/862/3145 5125/870/3191 5094/871/3160
f 4889/872/2955 5084/859/3150 5099/868/3440
f 5072/860/3138 5086/873/3152 5071/847/3137
f 5079/862/3145 5093/874/3159 5078/849/3144
f 5071/847/3137 5085/875/3151 5070/848/3136
f 5078/849/3144 5092/876/3158 5077/850/3387
f 5070/848/3136 5095/877/3161 5080/851/3146
f 5077/850/3387 5091/878/3157 5076/852/3142
f 5080/851/3146 5096/879/3162 5081/853/3147
f 5076/852/3142 5090/880/3156 5075/854/3141
f 5081/853/3147 5097/864/3163 5082/855/3148
f 5075/854/3141 5089/866/3155 5074/856/3140
f 5085/875/3151 5110/882/3176 5095/877/3161
f 5092/876/3158 5106/884/3172 5091/878/3157
f 5095/877/3161 5111/885/3177 5096/879/3162
f 5091/878/3157 5105/886/3171 5090/880/3156
f 5096/879/3162 5112/887/3178 5097/864/3163
f 5090/880/3156 5104/888/3441 5089/866/3155
f 5097/864/3163 5113/889/3412 5098/865/3389
f 5089/866/3155 5103/890/3169 5088/867/3154
f 5098/865/3389 5114/891/3430 5099/868/3440
f 5088/867/3154 5102/892/3168 5087/869/3153
f 5094/871/3160 5125/893/3191 5109/894/3175
f 4889/895/2955 5099/868/3440 5114/891/3430
f 5087/869/3153 5101/896/3167 5086/873/3152
f 5094/871/3160 5108/897/3174 5093/874/3159
f 5086/873/3152 5100/881/3166 5085/875/3151
f 5093/874/3159 5107/883/3173 5092/876/3158
f 5114/891/3430 5129/898/3195 5130/899/3196
f 5103/890/3169 5117/901/3183 5102/892/3168
f 5109/894/3175 5125/902/3191 5124/903/3190
f 4889/904/2955 5114/891/3430 5130/899/3196
f 5102/892/3168 5116/905/3182 5101/896/3167
f 5109/894/3175 5123/906/3189 5108/897/3174
f 5101/896/3167 5115/907/3181 5100/881/3166
f 5108/897/3174 5122/908/3188 5107/883/3173
f 5100/881/3166 5126/909/3192 5110/882/3176
f 5107/883/3173 5121/910/3187 5106/884/3172
f 5110/882/3176 5127/911/3193 5111/885/3177
f 5106/884/3172 5120/912/3186 5105/886/3171
f 5111/885/3177 5128/913/3194 5112/887/3178
f 5105/886/3171 5119/914/3185 5104/888/3441
f 5112/887/3178 5129/898/3195 5113/889/3412
f 5104/888/3441 5118/900/3442 5103/890/3169
f 5122/908/3188 5137/916/3203 5121/910/3187
f 5126/909/3192 5142/918/3208 5127/911/3193
f 5121/910/3187 5136/919/3202 5120/912/3186
f 5127/911/3193 5143/920/3209 5128/913/3194
f 5120/912/3186 5135/921/3201 5119/914/3185
f 5128/913/3194 5144/922/3210 5129/898/3195
f 5119/914/3185 5134/923/3200 5118/900/3442
f 5130/899/3196 5144/922/3210 5145/924/3211
f 5118/900/3442 5133/925/3199 5117/901/3183
f 5124/903/3190 5125/926/3191 5140/927/3206
f 4889/928/2955 5130/899/3196 5145/924/3211
f 5117/901/3183 5132/929/3198 5116/905/3182
f 5124/903/3190 5139/930/3205 5123/906/3189
f 5116/905/3182 5131/931/3197 5115/907/3181
f 5123/906/3189 5138/915/3204 5122/908/3188
f 5115/907/3181 5141/917/3207 5126/909/3192
f 5134/923/3200 5148/933/3214 5133/925/3199
f 5140/927/3206 5125/934/3191 5155/935/3221
f 4889/936/2955 5145/924/3211 5160/937/3444
f 5133/925/3199 5147/938/3213 5132/929/3198
f 5140/927/3206 5154/939/3220 5139/930/3205
f 5132/929/3198 5146/940/3212 5131/931/3197
f 5139/930/3205 5153/941/3219 5138/915/3204
f 5131/931/3197 5156/942/3222 5141/917/3207
f 5138/915/3204 5152/943/3218 5137/916/3203
f 5141/917/3207 5157/944/3223 5142/918/3208
f 5137/916/3203 5151/945/3217 5136/919/3202
f 5143/920/3209 5157/944/3223 5158/946/3224
f 5136/919/3202 5150/947/3216 5135/921/3201
f 5144/922/3210 5158/946/3224 5159/948/3443
f 5135/921/3201 5149/932/3215 5134/923/3200
f 5145/924/3211 5159/948/3443 5160/937/3444
f 5157/944/3223 5171/949/3237 5172/950/3238
f 5152/943/3218 5166/952/3232 5151/945/3217
f 5158/946/3224 5172/950/3238 5173/953/3239
f 5151/945/3217 5165/954/3231 5150/947/3216
f 5159/948/3443 5173/953/3239 5174/955/3240
f 5150/947/3216 5164/956/3230 5149/932/3215
f 5160/937/3444 5174/955/3240 5175/957/3241
f 5148/933/3214 5164/956/3230 5163/958/3229
f 5155/935/3221 5125/959/3191 5170/960/3236
f 4889/961/2955 5160/937/3444 5175/957/3241
f 5147/938/3213 5163/958/3229 5162/962/3228
f 5155/935/3221 5169/963/3235 5154/939/3220
f 5146/940/3212 5162/962/3228 5161/964/3227
f 5154/939/3220 5168/965/3234 5153/941/3219
f 5156/942/3222 5161/964/3227 5171/949/3237
f 5153/941/3219 5167/951/3233 5152/943/3218
f 5170/960/3236 5125/966/3191 5185/967/3251
f 4889/968/2955 5175/957/3241 5190/969/3393
f 5162/962/3228 5178/970/3244 5177/971/3243
f 5169/963/3235 5185/967/3251 5184/972/3250
f 5161/964/3227 5177/971/3243 5176/973/3242
f 5168/965/3234 5184/972/3250 5183/974/3249
f 5171/949/3237 5176/973/3242 5186/975/3252
f 5167/951/3233 5183/974/3249 5182/976/3248
f 5172/950/3238 5186/975/3252 5187/977/3253
f 5166/952/3232 5182/976/3248 5181/978/3247
f 5173/953/3239 5187/977/3253 5188/979/3254
f 5165/954/3231 5181/978/3247 5180/980/3246
f 5174/955/3240 5188/979/3254 5189/981/3255
f 5164/956/3230 5180/980/3246 5179/982/3245
f 5175/957/3241 5189/981/3255 5190/969/3393
f 5163/958/3229 5179/982/3245 5178/970/3244
f 5181/983/3247 5197/984/3263 5196/985/3262
f 5188/986/3254 5202/987/3268 5203/988/3269
f 5180/989/3246 5196/985/3262 5195/990/3261
f 5189/991/3255 5203/988/3269 5204/992/3270
f 5179/993/3245 5195/990/3261 5194/994/3260
f 5190/995/3393 5204/992/3270 5205/996/3271
f 5178/997/3244 5194/994/3260 5193/998/3259
f 5185/999/3251 5125/1000/3191 5200/1001/3266
f 4889/1002/2955 5190/995/3393 5205/996/3271
f 5177/1003/3243 5193/998/3259 5192/1004/3258
f 5184/1006/3250 5200/1001/3266 5199/1005/3265
f 5176/1007/3242 5192/1004/3258 5191/1008/3257
f 5183/1010/3249 5199/1005/3265 5198/1009/3264
f 5186/1011/3252 5191/1008/3257 5201/1012/3267
f 5182/1013/3248 5198/1009/3264 5197/984/3263
f 5187/1014/3253 5201/1012/3267 5202/987/3268
f 5192/1004/3258 5208/1029/3274 5207/1015/3273
f 5199/1005/3265 5215/1016/3281 5214/1017/3280
f 5191/1008/3257 5207/1015/3273 5206/1018/3272
f 5198/1009/3264 5214/1017/3280 5213/1019/3279
f 5201/1012/3267 5206/1018/3272 5216/1020/3282
f 5197/984/3263 5213/1019/3279 5212/1021/3278
f 5202/987/3268 5216/1020/3282 5217/1022/3283
f 5196/985/3262 5212/1021/3278 5211/1023/3277
f 5203/988/3269 5217/1022/3283 5218/1024/3394
f 5195/990/3261 5211/1023/3277 5210/1025/3276
f 5204/992/3270 5218/1024/3394 5219/1026/3417
f 5194/994/3260 5210/1025/3276 5209/1027/3275
f 5205/996/3271 5219/1026/3417 5220/1028/3286
f 5193/998/3259 5209/1027/3275 5208/1029/3274
f 5200/1001/3266 5125/1030/3191 5215/1016/3281
f 4889/1031/2955 5205/996/3271 5220/1028/3286
f 5218/1024/3394 5232/1047/3298 5233/1032/3299
f 5210/1025/3276 5226/1048/3292 5225/1033/3291
f 5219/1026/3417 5233/1032/3299 5234/1034/3300
f 5209/1027/3275 5225/1033/3291 5224/1035/3290
f 5220/1028/3286 5234/1034/3300 5235/1036/3301
f 5208/1029/3274 5224/1035/3290 5223/1037/3289
f 5215/1016/3281 5125/1038/3191 5230/1039/3296
f 4889/1040/2955 5220/1028/3286 5235/1036/3301
f 5207/1015/3273 5223/1037/3289 5222/1041/3288
f 5214/1017/3280 5230/1039/3296 5229/1042/3295
f 5206/1018/3272 5222/1041/3288 5221/1043/3287
f 5213/1019/3279 5229/1042/3295 5228/1044/3294
f 5216/1020/3282 5221/1043/3287 5231/1045/3297
f 5212/1021/3278 5228/1044/3294 5227/1046/3293
f 5217/1022/3283 5231/1045/3297 5232/1047/3298
f 5211/1023/3277 5227/1046/3293 5226/1048/3292
f 5221/1043/3287 5237/1065/3303 5236/1049/3302
f 5228/1044/3294 5244/1050/3310 5243/1051/3309
f 5231/1045/3297 5236/1049/3302 5246/1052/3312
f 5227/1046/3293 5243/1051/3309 5242/1053/3308
f 5232/1047/3298 5246/1052/3312 5247/1054/3313
f 5226/1048/3292 5242/1053/3308 5241/1055/3307
f 5233/1032/3299 5247/1054/3313 5248/1056/3314
f 5225/1033/3291 5241/1055/3307 5240/1057/3306
f 5234/1034/3300 5248/1056/3314 5249/1058/3315
f 5224/1035/3290 5240/1057/3306 5239/1059/3305
f 5235/1036/3301 5249/1058/3315 5250/1060/3316
f 5223/1037/3289 5239/1059/3305 5238/1061/3304
f 5230/1039/3296 5125/1062/3191 5245/1063/3311
f 4889/1064/2955 5235/1036/3301 5250/1060/3316
f 5222/1041/3288 5238/1061/3304 5237/1065/3303
f 5229/1042/3295 5245/1063/3311 5244/1050/3310
f 5249/1058/3315 5263/1081/3396 5264/1066/3330
f 5239/1059/3305 5255/1082/3321 5254/1067/3320
f 5250/1060/3316 5264/1066/3330 5265/1068/3331
f 5238/1061/3304 5254/1067/3320 5253/1069/3319
f 5245/1063/3311 5125/1070/3191 5260/1071/3326
f 4889/1072/2955 5250/1060/3316 5265/1068/3331
f 5237/1065/3303 5253/1069/3319 5252/1073/3318
f 5244/1050/3310 5260/1071/3326 5259/1074/3325
f 5236/1049/3302 5252/1073/3318 5251/1075/3317
f 5243/1051/3309 5259/1074/3325 5258/1076/3324
f 5246/1052/3312 5251/1075/3317 5261/1077/3327
f 5242/1053/3308 5258/1076/3324 5257/1078/3323
f 5247/1054/3313 5261/1077/3327 5262/1079/3434
f 5241/1055/3307 5257/1078/3323 5256/1080/3322
f 5248/1056/3314 5262/1079/3434 5263/1081/3396
f 5240/1057/3306 5256/1080/3322 5255/1082/3321
f 5258/1076/3324 5274/1098/3340 5273/1083/3339
f 5261/1077/3327 5266/1099/3332 5276/1084/3342
f 5257/1078/3323 5273/1083/3339 5272/1085/3338
f 5262/1079/3434 5276/1084/3342 5277/1086/3445
f 5256/1080/3322 5272/1085/3338 5271/1087/3337
f 5263/1081/3396 5277/1086/3445 5278/1088/3344
f 5255/1082/3321 5271/1087/3337 5270/1089/3336
f 5264/1066/3330 5278/1088/3344 5279/1090/3345
f 5254/1067/3320 5270/1089/3336 5269/1091/3335
f 5265/1068/3331 5279/1090/3345 5280/1092/3346
f 5253/1069/3319 5269/1091/3335 5268/1093/3334
f 5260/1071/3326 5125/1094/3191 5275/1095/3398
f 4889/1096/2955 5265/1068/3331 5280/1092/3346
f 5252/1073/3318 5268/1093/3334 5267/1097/3333
f 5259/1074/3325 5275/1095/3398 5274/1098/3340
f 5251/1075/3317 5267/1097/3333 5266/1099/3332
f 5269/1091/3335 5285/1115/3351 5284/1100/3350
f 5280/1092/3346 5294/1116/3420 5295/1101/3446
f 5268/1093/3334 5284/1100/3350 5283/1102/3349
f 5275/1095/3398 5125/1103/3191 5290/1104/3356
f 4889/1105/2955 5280/1092/3346 5295/1101/3446
f 5267/1097/3333 5283/1102/3349 5282/1106/3348
f 5274/1098/3340 5290/1104/3356 5289/1107/3355
f 5266/1099/3332 5282/1106/3348 5281/1108/3347
f 5273/1083/3339 5289/1107/3355 5288/1109/3354
f 5276/1084/3342 5281/1108/3347 5291/1110/3357
f 5272/1085/3338 5288/1109/3354 5287/1111/3399
f 5277/1086/3445 5291/1110/3357 5292/1112/3358
f 5271/1087/3337 5287/1111/3399 5286/1113/3352
f 5278/1088/3344 5292/1112/3358 5293/1114/3359
f 5270/1089/3336 5286/1113/3352 5285/1115/3351
f 5279/1090/3345 5293/1114/3359 5294/1116/3420
f 5291/1110/3357 5296/580/3362 4877/573/2943
f 5287/1111/3399 5299/583/3365 5298/575/3364
f 5292/1112/3358 4877/573/2943 5300/571/3366
f 5286/1113/3352 5298/575/3364 4881/577/2947
f 5293/1114/3359 5300/571/3366 4876/563/2942
f 5285/1115/3351 4881/577/2947 4880/585/2946
f 5294/1116/3420 4876/563/2942 5301/565/3421
f 5284/1100/3350 4880/585/2946 4879/578/2945
f 5295/1101/3446 5301/565/3421 5302/588/3368
f 5283/1102/3349 4879/578/2945 5297/566/3363
f 5290/1104/3356 5125/1117/3191 4883/560/2949
f 4889/1118/2955 5295/1101/3446 5302/588/3368
f 5282/1106/3348 5297/566/3363 4878/568/2944
f 5289/1107/3355 4883/560/2949 4882/562/2948
f 5281/1108/3347 4878/568/2944 5296/580/3362
f 5288/1109/3354 4882/562/2948 5299/583/3365
f 5364/562/2948 5343/570/2927 5344/561/2928
f 5783/565/3367 5355/572/2939 5356/564/2940
f 5360/568/2944 5350/579/2934 5351/567/2935
f 5365/560/2949 5607/569/3191 5343/570/2927
f 5358/563/2942 5354/574/2938 5355/572/2939
f 5782/571/3366 5353/581/2937 5354/574/2938
f 5363/577/2947 5346/584/2930 5347/576/2931
f 5779/566/3363 5349/586/2933 5350/579/2934
f 5359/573/2943 5352/582/2936 5353/581/2937
f 5778/580/3362 5351/567/2935 5352/582/2936
f 5780/575/3364 5345/591/2929 5346/584/2930
f 5361/578/2945 5348/590/2932 5349/586/2933
f 5371/587/2955 5784/588/3368 5357/589/3447
f 5362/585/2946 5347/576/2931 5348/590/2932
f 5781/583/3365 5344/561/2928 5345/591/2929
f 5784/588/3368 5356/564/2940 5357/589/3447
f 5349/586/2933 5337/595/2921 5336/592/2920
f 5355/572/2939 5331/600/2915 5330/593/2914
f 5347/576/2931 5339/608/2923 5338/594/2922
f 5348/590/2932 5338/594/2922 5337/595/2921
f 5350/579/2934 5336/592/2920 5335/596/2919
f 5356/564/2940 5330/593/2914 5329/597/2913
f 5353/581/2937 5333/603/2917 5332/598/2916
f 5357/589/3447 5329/597/2913 5328/599/2912
f 5354/574/2938 5332/598/2916 5331/600/2915
f 5371/601/2955 5357/589/3447 5328/599/2912
f 5351/567/2935 5335/596/2919 5334/602/2918
f 5352/582/2936 5334/602/2918 5333/603/2917
f 5343/570/2927 5607/604/3191 5342/605/2926
f 5344/561/2928 5342/605/2926 5341/606/3370
f 5345/591/2929 5341/606/3370 5340/607/2924
f 5346/584/2930 5340/607/2924 5339/608/2923
f 5328/599/2912 5326/610/2910 5327/609/2911
f 5329/597/2913 5325/611/2909 5326/610/2910
f 5330/593/2914 5324/623/2908 5325/611/2909
f 5340/607/2924 5314/613/2898 5315/612/2899
f 5341/606/3370 5313/618/3369 5314/613/2898
f 5338/594/2922 5316/619/2900 5317/614/2901
f 5332/598/2916 5322/616/2906 5323/615/2907
f 5333/603/2917 5321/620/2905 5322/616/2906
f 5342/605/2926 5607/617/3191 5313/618/3369
f 5339/608/2923 5315/612/2899 5316/619/2900
f 5334/602/2918 5320/622/2904 5321/620/2905
f 5371/621/2955 5328/599/2912 5327/609/2911
f 5335/596/2919 5319/624/2903 5320/622/2904
f 5331/600/2915 5323/615/2907 5324/623/2908
f 5336/592/2920 5318/625/2902 5319/624/2903
f 5337/595/2921 5317/614/2901 5318/625/2902
f 5318/625/2902 5308/630/2892 5307/626/2891
f 5324/623/2908 5366/635/3404 5367/627/2951
f 5325/611/2909 5367/627/2951 5368/628/2952
f 5316/619/2900 5310/642/2894 5309/629/2893
f 5317/614/2901 5309/629/2893 5308/630/2892
f 5319/624/2903 5307/626/2891 5306/631/2890
f 5322/616/2906 5304/637/2888 5303/632/2887
f 5371/633/2955 5327/609/2911 5370/634/2954
f 5323/615/2907 5303/632/2887 5366/635/3404
f 5320/622/2904 5306/631/2890 5305/636/2889
f 5321/620/2905 5305/636/2889 5304/637/2888
f 5313/618/3369 5311/638/2895 5314/613/2898
f 5326/610/2910 5368/628/2952 5369/639/3372
f 5313/618/3369 5607/640/3191 5312/641/2896
f 5315/612/2899 5311/638/2895 5310/642/2894
f 5327/609/2911 5369/639/3372 5370/634/2954
f 5369/639/3372 5384/654/3375 5385/643/2969
f 5371/644/2955 5370/634/2954 5386/645/2970
f 5307/626/2891 5377/649/2961 5376/646/2960
f 5309/629/2893 5379/648/2963 5378/647/2962
f 5310/642/2894 5380/652/2964 5379/648/2963
f 5308/630/2892 5378/647/2962 5377/649/2961
f 5366/635/3404 5372/651/2956 5382/650/2966
f 5303/632/2887 5373/653/2957 5372/651/2956
f 5312/641/2896 5380/652/2964 5311/638/2895
f 5304/637/2888 5374/658/3373 5373/653/2957
f 5368/628/2952 5383/657/3405 5384/654/3375
f 5312/641/2896 5607/655/3191 5381/656/2965
f 5367/627/2951 5382/650/2966 5383/657/3405
f 5305/636/2889 5375/659/2959 5374/658/3373
f 5306/631/2890 5376/646/2960 5375/659/2959
f 5370/634/2954 5385/643/2969 5386/645/2970
f 5372/651/2956 5388/675/2972 5387/660/2971
f 5377/649/2961 5393/676/2977 5392/661/2976
f 5382/650/2966 5387/660/2971 5397/662/2981
f 5376/646/2960 5392/661/2976 5391/663/2975
f 5383/657/3405 5397/662/2981 5398/664/2982
f 5384/654/3375 5398/664/2982 5399/665/2983
f 5381/656/2965 5607/666/3191 5396/667/2980
f 5385/643/2969 5399/665/2983 5400/668/2984
f 5386/645/2970 5400/668/2984 5401/669/2985
f 5375/659/2959 5391/663/2975 5390/670/2974
f 5381/656/2965 5395/671/3376 5380/652/2964
f 5371/672/2955 5386/645/2970 5401/669/2985
f 5374/658/3373 5390/670/2974 5389/673/2973
f 5380/652/2964 5394/674/3406 5379/648/2963
f 5373/653/2957 5389/673/2973 5388/675/2972
f 5379/648/2963 5393/676/2977 5378/647/2962
f 5391/663/2975 5405/677/2989 5390/670/2974
f 5401/669/2985 5415/678/3377 5416/679/3000
f 5390/670/2974 5404/680/2988 5389/673/2973
f 5396/667/2980 5607/681/3191 5411/682/2995
f 5371/683/2955 5401/669/2985 5416/679/3000
f 5389/673/2973 5403/684/2987 5388/675/2972
f 5396/667/2980 5410/685/2994 5395/671/3376
f 5387/660/2971 5403/684/2987 5402/686/2986
f 5395/671/3376 5409/687/2993 5394/674/3406
f 5397/662/2981 5402/686/2986 5412/688/2996
f 5394/674/3406 5408/689/2992 5393/676/2977
f 5398/664/2982 5412/688/2996 5413/690/2997
f 5393/676/2977 5407/691/2991 5392/661/2976
f 5399/665/2983 5413/690/2997 5414/692/2998
f 5392/661/2976 5406/693/2990 5391/663/2975
f 5400/668/2984 5414/692/2998 5415/678/3377
f 5402/686/2986 5427/694/3011 5412/688/2996
f 5409/687/2993 5423/695/3007 5408/689/2992
f 5412/688/2996 5428/696/3012 5413/690/2997
f 5408/689/2992 5422/697/3006 5407/691/2991
f 5413/690/2997 5429/698/3013 5414/692/2998
f 5407/691/2991 5421/699/3005 5406/693/2990
f 5414/692/2998 5430/700/3014 5415/678/3377
f 5406/693/2990 5420/701/3437 5405/677/2989
f 5415/678/3377 5431/702/3015 5416/679/3000
f 5405/677/2989 5419/703/3003 5404/680/2988
f 5411/682/2995 5607/704/3191 5426/705/3010
f 5371/706/2955 5416/679/3000 5431/702/3015
f 5404/680/2988 5418/707/3002 5403/684/2987
f 5411/682/2995 5425/708/3009 5410/685/2994
f 5403/684/2987 5417/709/3001 5402/686/2986
f 5410/685/2994 5424/710/3008 5409/687/2993
f 5430/700/3014 5446/712/3030 5431/702/3015
f 5420/701/3437 5434/713/3018 5419/703/3003
f 5426/705/3010 5607/714/3191 5441/715/3025
f 5371/716/2955 5431/702/3015 5446/712/3030
f 5419/703/3003 5433/717/3017 5418/707/3002
f 5426/705/3010 5440/718/3024 5425/708/3009
f 5418/707/3002 5432/719/3016 5417/709/3001
f 5425/708/3009 5439/720/3023 5424/710/3008
f 5417/709/3001 5442/721/3026 5427/694/3011
f 5424/710/3008 5438/722/3022 5423/695/3007
f 5427/694/3011 5443/723/3027 5428/696/3012
f 5423/695/3007 5437/724/3021 5422/697/3006
f 5428/696/3012 5444/725/3028 5429/698/3013
f 5422/697/3006 5436/726/3020 5421/699/3005
f 5429/698/3013 5445/711/3029 5430/700/3014
f 5421/699/3005 5435/727/3019 5420/701/3437
f 5442/721/3026 5458/729/3042 5443/723/3027
f 5438/722/3022 5452/731/3036 5437/724/3021
f 5443/723/3027 5459/732/3043 5444/725/3028
f 5437/724/3021 5451/733/3035 5436/726/3020
f 5444/725/3028 5460/734/3044 5445/711/3029
f 5436/726/3020 5450/735/3034 5435/727/3019
f 5445/711/3029 5461/736/3381 5446/712/3030
f 5435/727/3019 5449/737/3033 5434/713/3018
f 5441/715/3025 5607/738/3191 5456/739/3040
f 5371/740/2955 5446/712/3030 5461/736/3381
f 5434/713/3018 5448/741/3032 5433/717/3017
f 5441/715/3025 5455/742/3039 5440/718/3024
f 5433/717/3017 5447/743/3031 5432/719/3016
f 5440/718/3024 5454/744/3038 5439/720/3023
f 5432/719/3016 5457/728/3041 5442/721/3026
f 5439/720/3023 5453/730/3037 5438/722/3022
f 5456/739/3040 5607/745/3191 5471/746/3055
f 5371/747/2955 5461/736/3381 5476/748/3060
f 5449/737/3033 5463/750/3047 5448/741/3032
f 5456/739/3040 5470/751/3054 5455/742/3039
f 5448/741/3032 5462/752/3046 5447/743/3031
f 5455/742/3039 5469/753/3053 5454/744/3038
f 5447/743/3031 5472/754/3056 5457/728/3041
f 5454/744/3038 5468/755/3052 5453/730/3037
f 5457/728/3041 5473/756/3057 5458/729/3042
f 5453/730/3037 5467/757/3051 5452/731/3036
f 5458/729/3042 5474/758/3058 5459/732/3043
f 5452/731/3036 5466/759/3050 5451/733/3035
f 5459/732/3043 5475/760/3059 5460/734/3044
f 5451/733/3035 5465/761/3049 5450/735/3034
f 5460/734/3044 5476/748/3060 5461/736/3381
f 5450/735/3034 5464/749/3048 5449/737/3033
f 5468/755/3052 5482/763/3066 5467/757/3051
f 5473/756/3057 5489/765/3073 5474/758/3058
f 5467/757/3051 5481/766/3065 5466/759/3050
f 5474/758/3058 5490/767/3074 5475/760/3059
f 5466/759/3050 5480/768/3064 5465/761/3049
f 5475/760/3059 5491/769/3075 5476/748/3060
f 5465/761/3049 5479/770/3063 5464/749/3048
f 5471/746/3055 5607/771/3191 5486/772/3070
f 5371/773/2955 5476/748/3060 5491/769/3075
f 5464/749/3048 5478/774/3062 5463/750/3047
f 5471/746/3055 5485/775/3069 5470/751/3054
f 5463/750/3047 5477/776/3061 5462/752/3046
f 5470/751/3054 5484/777/3068 5469/753/3053
f 5462/752/3046 5487/778/3426 5472/754/3056
f 5469/753/3053 5483/762/3067 5468/755/3052
f 5472/754/3056 5488/764/3072 5473/756/3057
f 5479/770/3063 5493/780/3077 5478/774/3062
f 5486/772/3070 5500/782/3084 5485/775/3069
f 5478/774/3062 5492/783/3076 5477/776/3061
f 5485/775/3069 5499/784/3083 5484/777/3068
f 5477/776/3061 5502/785/3086 5487/778/3426
f 5484/777/3068 5498/786/3082 5483/762/3067
f 5487/778/3426 5503/787/3087 5488/764/3072
f 5483/762/3067 5497/788/3081 5482/763/3066
f 5488/764/3072 5504/789/3088 5489/765/3073
f 5482/763/3066 5496/790/3080 5481/766/3065
f 5489/765/3073 5505/791/3089 5490/767/3074
f 5481/766/3065 5495/792/3079 5480/768/3064
f 5490/767/3074 5506/793/3090 5491/769/3075
f 5480/768/3064 5494/779/3078 5479/770/3063
f 5486/772/3070 5607/794/3191 5501/781/3085
f 5371/795/2955 5491/769/3075 5506/793/3090
f 5503/787/3087 5519/797/3103 5504/789/3088
f 5497/788/3081 5511/799/3428 5496/790/3080
f 5504/789/3088 5520/800/3104 5505/791/3089
f 5496/790/3080 5510/801/3094 5495/792/3079
f 5505/791/3089 5521/802/3383 5506/793/3090
f 5495/792/3079 5509/803/3093 5494/779/3078
f 5501/781/3085 5607/804/3191 5516/805/3100
f 5371/806/2955 5506/793/3090 5521/802/3383
f 5494/779/3078 5508/807/3092 5493/780/3077
f 5501/781/3085 5515/808/3099 5500/782/3084
f 5493/780/3077 5507/809/3091 5492/783/3076
f 5500/782/3084 5514/810/3098 5499/784/3083
f 5492/783/3076 5517/811/3101 5502/785/3086
f 5499/784/3083 5513/812/3097 5498/786/3082
f 5502/785/3086 5518/796/3102 5503/787/3087
f 5498/786/3082 5512/798/3096 5497/788/3081
f 5516/805/3100 5530/814/3114 5515/808/3099
f 5508/807/3092 5522/816/3106 5507/809/3091
f 5515/808/3099 5529/817/3113 5514/810/3098
f 5507/809/3091 5532/818/3116 5517/811/3101
f 5514/810/3098 5528/819/3112 5513/812/3097
f 5517/811/3101 5533/820/3117 5518/796/3102
f 5513/812/3097 5527/821/3439 5512/798/3096
f 5518/796/3102 5534/822/3118 5519/797/3103
f 5512/798/3096 5526/823/3110 5511/799/3428
f 5519/797/3103 5535/824/3119 5520/800/3104
f 5511/799/3428 5525/825/3109 5510/801/3094
f 5520/800/3104 5536/826/3384 5521/802/3383
f 5510/801/3094 5524/827/3108 5509/803/3093
f 5516/805/3100 5607/828/3191 5531/813/3115
f 5371/829/2955 5521/802/3383 5536/826/3384
f 5509/803/3093 5523/815/3107 5508/807/3092
f 5527/821/3439 5541/831/3125 5526/823/3110
f 5534/822/3118 5550/833/3134 5535/824/3119
f 5526/823/3110 5540/834/3124 5525/825/3109
f 5535/824/3119 5551/835/3135 5536/826/3384
f 5525/825/3109 5539/836/3123 5524/827/3108
f 5531/813/3115 5607/837/3191 5546/838/3130
f 5371/839/2955 5536/826/3384 5551/835/3135
f 5524/827/3108 5538/840/3122 5523/815/3107
f 5531/813/3115 5545/841/3129 5530/814/3114
f 5523/815/3107 5537/842/3121 5522/816/3106
f 5530/814/3114 5544/843/3128 5529/817/3113
f 5522/816/3106 5547/844/3131 5532/818/3116
f 5529/817/3113 5543/845/3127 5528/819/3112
f 5532/818/3116 5548/846/3132 5533/820/3117
f 5528/819/3112 5542/830/3126 5527/821/3439
f 5533/820/3117 5549/832/3133 5534/822/3118
f 5538/840/3122 5552/848/3136 5537/842/3121
f 5545/841/3129 5559/850/3387 5544/843/3128
f 5537/842/3121 5562/851/3146 5547/844/3131
f 5544/843/3128 5558/852/3142 5543/845/3127
f 5547/844/3131 5563/853/3147 5548/846/3132
f 5543/845/3127 5557/854/3141 5542/830/3126
f 5548/846/3132 5564/855/3148 5549/832/3133
f 5542/830/3126 5556/856/3140 5541/831/3125
f 5549/832/3133 5565/857/3149 5550/833/3134
f 5541/831/3125 5555/858/3139 5540/834/3124
f 5550/833/3134 5566/859/3388 5551/835/3135
f 5540/834/3124 5554/860/3138 5539/836/3123
f 5546/838/3130 5607/861/3191 5561/862/3145
f 5371/863/2955 5551/835/3135 5566/859/3388
f 5539/836/3123 5553/847/3137 5538/840/3122
f 5546/838/3130 5560/849/3144 5545/841/3129
f 5564/855/3148 5580/865/3389 5565/857/3149
f 5556/856/3140 5570/867/3154 5555/858/3139
f 5565/857/3149 5581/868/3165 5566/859/3388
f 5555/858/3139 5569/869/3153 5554/860/3138
f 5561/862/3145 5607/870/3191 5576/871/3160
f 5371/872/2955 5566/859/3388 5581/868/3165
f 5554/860/3138 5568/873/3152 5553/847/3137
f 5561/862/3145 5575/874/3159 5560/849/3144
f 5553/847/3137 5567/875/3151 5552/848/3136
f 5560/849/3144 5574/876/3158 5559/850/3387
f 5552/848/3136 5577/877/3161 5562/851/3146
f 5559/850/3387 5573/878/3157 5558/852/3142
f 5562/851/3146 5578/879/3162 5563/853/3147
f 5558/852/3142 5572/880/3156 5557/854/3141
f 5563/853/3147 5579/864/3448 5564/855/3148
f 5557/854/3141 5571/866/3155 5556/856/3140
f 5567/875/3151 5592/882/3176 5577/877/3161
f 5574/876/3158 5588/884/3449 5573/878/3157
f 5577/877/3161 5593/885/3177 5578/879/3162
f 5573/878/3157 5587/886/3171 5572/880/3156
f 5578/879/3162 5594/887/3178 5579/864/3448
f 5572/880/3156 5586/888/3170 5571/866/3155
f 5579/864/3448 5595/889/3179 5580/865/3389
f 5571/866/3155 5585/890/3169 5570/867/3154
f 5580/865/3389 5596/891/3430 5581/868/3165
f 5570/867/3154 5584/892/3168 5569/869/3153
f 5576/871/3160 5607/893/3191 5591/894/3175
f 5371/895/2955 5581/868/3165 5596/891/3430
f 5569/869/3153 5583/896/3167 5568/873/3152
f 5576/871/3160 5590/897/3174 5575/874/3159
f 5568/873/3152 5582/881/3166 5567/875/3151
f 5575/874/3159 5589/883/3173 5574/876/3158
f 5596/891/3430 5611/898/3195 5612/899/3196
f 5585/890/3169 5599/901/3183 5584/892/3168
f 5591/894/3175 5607/902/3191 5606/903/3190
f 5371/904/2955 5596/891/3430 5612/899/3196
f 5584/892/3168 5598/905/3182 5583/896/3167
f 5591/894/3175 5605/906/3189 5590/897/3174
f 5583/896/3167 5597/907/3181 5582/881/3166
f 5590/897/3174 5604/908/3188 5589/883/3173
f 5582/881/3166 5608/909/3192 5592/882/3176
f 5589/883/3173 5603/910/3187 5588/884/3449
f 5592/882/3176 5609/911/3193 5593/885/3177
f 5588/884/3449 5602/912/3186 5587/886/3171
f 5593/885/3177 5610/913/3194 5594/887/3178
f 5587/886/3171 5601/914/3185 5586/888/3170
f 5594/887/3178 5611/898/3195 5595/889/3179
f 5586/888/3170 5600/900/3184 5585/890/3169
f 5604/908/3188 5619/916/3432 5603/910/3187
f 5608/909/3192 5624/918/3208 5609/911/3193
f 5603/910/3187 5618/919/3202 5602/912/3186
f 5609/911/3193 5625/920/3450 5610/913/3194
f 5602/912/3186 5617/921/3201 5601/914/3185
f 5610/913/3194 5626/922/3210 5611/898/3195
f 5601/914/3185 5616/923/3200 5600/900/3184
f 5612/899/3196 5626/922/3210 5627/924/3211
f 5600/900/3184 5615/925/3199 5599/901/3183
f 5606/903/3190 5607/926/3191 5622/927/3206
f 5371/928/2955 5612/899/3196 5627/924/3211
f 5599/901/3183 5614/929/3198 5598/905/3182
f 5606/903/3190 5621/930/3205 5605/906/3189
f 5598/905/3182 5613/931/3197 5597/907/3181
f 5605/906/3189 5620/915/3204 5604/908/3188
f 5597/907/3181 5623/917/3207 5608/909/3192
f 5616/923/3200 5630/933/3214 5615/925/3199
f 5622/927/3206 5607/934/3191 5637/935/3221
f 5371/936/2955 5627/924/3211 5642/937/3413
f 5615/925/3199 5629/938/3213 5614/929/3198
f 5622/927/3206 5636/939/3220 5621/930/3205
f 5614/929/3198 5628/940/3212 5613/931/3197
f 5621/930/3205 5635/941/3219 5620/915/3204
f 5613/931/3197 5638/942/3222 5623/917/3207
f 5620/915/3204 5634/943/3218 5619/916/3432
f 5623/917/3207 5639/944/3223 5624/918/3208
f 5619/916/3432 5633/945/3217 5618/919/3202
f 5625/920/3450 5639/944/3223 5640/946/3224
f 5618/919/3202 5632/947/3216 5617/921/3201
f 5626/922/3210 5640/946/3224 5641/948/3443
f 5617/921/3201 5631/932/3215 5616/923/3200
f 5627/924/3211 5641/948/3443 5642/937/3413
f 5639/944/3223 5653/949/3237 5654/950/3238
f 5634/943/3218 5648/952/3232 5633/945/3217
f 5640/946/3224 5654/950/3238 5655/953/3239
f 5633/945/3217 5647/954/3231 5632/947/3216
f 5641/948/3443 5655/953/3239 5656/955/3240
f 5632/947/3216 5646/956/3230 5631/932/3215
f 5642/937/3413 5656/955/3240 5657/957/3241
f 5630/933/3214 5646/956/3230 5645/958/3229
f 5637/935/3221 5607/959/3191 5652/960/3236
f 5371/961/2955 5642/937/3413 5657/957/3241
f 5629/938/3213 5645/958/3229 5644/962/3228
f 5637/935/3221 5651/963/3391 5636/939/3220
f 5628/940/3212 5644/962/3228 5643/964/3227
f 5636/939/3220 5650/965/3234 5635/941/3219
f 5638/942/3222 5643/964/3227 5653/949/3237
f 5635/941/3219 5649/951/3233 5634/943/3218
f 5652/960/3236 5607/966/3191 5667/967/3251
f 5371/968/2955 5657/957/3241 5672/969/3256
f 5644/962/3228 5660/970/3244 5659/971/3392
f 5651/963/3391 5667/967/3251 5666/972/3250
f 5643/964/3227 5659/971/3392 5658/973/3242
f 5650/965/3234 5666/972/3250 5665/974/3249
f 5653/949/3237 5658/973/3242 5668/975/3252
f 5649/951/3233 5665/974/3249 5664/976/3248
f 5654/950/3238 5668/975/3252 5669/977/3253
f 5648/952/3232 5664/976/3248 5663/978/3247
f 5655/953/3239 5669/977/3253 5670/979/3254
f 5647/954/3231 5663/978/3247 5662/980/3246
f 5656/955/3240 5670/979/3254 5671/981/3255
f 5646/956/3230 5662/980/3246 5661/982/3245
f 5657/957/3241 5671/981/3255 5672/969/3256
f 5645/958/3229 5661/982/3245 5660/970/3244
f 5663/983/3247 5679/984/3263 5678/985/3262
f 5670/986/3254 5684/987/3268 5685/988/3269
f 5662/989/3246 5678/985/3262 5677/990/3261
f 5671/991/3255 5685/988/3269 5686/992/3270
f 5661/993/3245 5677/990/3261 5676/994/3260
f 5672/995/3256 5686/992/3270 5687/996/3433
f 5660/997/3244 5676/994/3260 5675/998/3259
f 5667/999/3251 5607/1000/3191 5682/1001/3266
f 5371/1002/2955 5672/995/3256 5687/996/3433
f 5659/1003/3392 5675/998/3259 5674/1004/3258
f 5666/1006/3250 5682/1001/3266 5681/1005/3265
f 5658/1007/3242 5674/1004/3258 5673/1008/3257
f 5665/1010/3249 5681/1005/3265 5680/1009/3264
f 5668/1011/3252 5673/1008/3257 5683/1012/3267
f 5664/1013/3248 5680/1009/3264 5679/984/3263
f 5669/1014/3253 5683/1012/3267 5684/987/3268
f 5674/1004/3258 5690/1029/3274 5689/1015/3273
f 5681/1005/3265 5697/1016/3451 5696/1017/3280
f 5673/1008/3257 5689/1015/3273 5688/1018/3272
f 5680/1009/3264 5696/1017/3280 5695/1019/3279
f 5683/1012/3267 5688/1018/3272 5698/1020/3282
f 5679/984/3263 5695/1019/3279 5694/1021/3278
f 5684/987/3268 5698/1020/3282 5699/1022/3283
f 5678/985/3262 5694/1021/3278 5693/1023/3277
f 5685/988/3269 5699/1022/3283 5700/1024/3394
f 5677/990/3261 5693/1023/3277 5692/1025/3276
f 5686/992/3270 5700/1024/3394 5701/1026/3285
f 5676/994/3260 5692/1025/3276 5691/1027/3275
f 5687/996/3433 5701/1026/3285 5702/1028/3286
f 5675/998/3259 5691/1027/3275 5690/1029/3274
f 5682/1001/3266 5607/1030/3191 5697/1016/3451
f 5371/1031/2955 5687/996/3433 5702/1028/3286
f 5700/1024/3394 5714/1047/3298 5715/1032/3299
f 5692/1025/3276 5708/1048/3292 5707/1033/3291
f 5701/1026/3285 5715/1032/3299 5716/1034/3300
f 5691/1027/3275 5707/1033/3291 5706/1035/3290
f 5702/1028/3286 5716/1034/3300 5717/1036/3452
f 5690/1029/3274 5706/1035/3290 5705/1037/3289
f 5697/1016/3451 5607/1038/3191 5712/1039/3296
f 5371/1040/2955 5702/1028/3286 5717/1036/3452
f 5689/1015/3273 5705/1037/3289 5704/1041/3288
f 5696/1017/3280 5712/1039/3296 5711/1042/3295
f 5688/1018/3272 5704/1041/3288 5703/1043/3287
f 5695/1019/3279 5711/1042/3295 5710/1044/3294
f 5698/1020/3282 5703/1043/3287 5713/1045/3297
f 5694/1021/3278 5710/1044/3294 5709/1046/3293
f 5699/1022/3283 5713/1045/3297 5714/1047/3298
f 5693/1023/3277 5709/1046/3293 5708/1048/3292
f 5703/1043/3287 5719/1065/3303 5718/1049/3302
f 5710/1044/3294 5726/1050/3310 5725/1051/3309
f 5713/1045/3297 5718/1049/3302 5728/1052/3312
f 5709/1046/3293 5725/1051/3309 5724/1053/3308
f 5714/1047/3298 5728/1052/3312 5729/1054/3313
f 5708/1048/3292 5724/1053/3308 5723/1055/3395
f 5715/1032/3299 5729/1054/3313 5730/1056/3314
f 5707/1033/3291 5723/1055/3395 5722/1057/3306
f 5716/1034/3300 5730/1056/3314 5731/1058/3315
f 5706/1035/3290 5722/1057/3306 5721/1059/3305
f 5717/1036/3452 5731/1058/3315 5732/1060/3316
f 5705/1037/3289 5721/1059/3305 5720/1061/3304
f 5712/1039/3296 5607/1062/3191 5727/1063/3311
f 5371/1064/2955 5717/1036/3452 5732/1060/3316
f 5704/1041/3288 5720/1061/3304 5719/1065/3303
f 5711/1042/3295 5727/1063/3311 5726/1050/3310
f 5731/1058/3315 5745/1081/3396 5746/1066/3330
f 5721/1059/3305 5737/1082/3321 5736/1067/3320
f 5732/1060/3316 5746/1066/3330 5747/1068/3331
f 5720/1061/3304 5736/1067/3320 5735/1069/3319
f 5727/1063/3311 5607/1070/3191 5742/1071/3326
f 5371/1072/2955 5732/1060/3316 5747/1068/3331
f 5719/1065/3303 5735/1069/3319 5734/1073/3318
f 5726/1050/3310 5742/1071/3326 5741/1074/3325
f 5718/1049/3302 5734/1073/3318 5733/1075/3317
f 5725/1051/3309 5741/1074/3325 5740/1076/3324
f 5728/1052/3312 5733/1075/3317 5743/1077/3327
f 5724/1053/3308 5740/1076/3324 5739/1078/3323
f 5729/1054/3313 5743/1077/3327 5744/1079/3434
f 5723/1055/3395 5739/1078/3323 5738/1080/3322
f 5730/1056/3314 5744/1079/3434 5745/1081/3396
f 5722/1057/3306 5738/1080/3322 5737/1082/3321
f 5740/1076/3324 5756/1098/3340 5755/1083/3339
f 5743/1077/3327 5748/1099/3397 5758/1084/3342
f 5739/1078/3323 5755/1083/3339 5754/1085/3338
f 5744/1079/3434 5758/1084/3342 5759/1086/3343
f 5738/1080/3322 5754/1085/3338 5753/1087/3337
f 5745/1081/3396 5759/1086/3343 5760/1088/3344
f 5737/1082/3321 5753/1087/3337 5752/1089/3336
f 5746/1066/3330 5760/1088/3344 5761/1090/3345
f 5736/1067/3320 5752/1089/3336 5751/1091/3335
f 5747/1068/3331 5761/1090/3345 5762/1092/3346
f 5735/1069/3319 5751/1091/3335 5750/1093/3334
f 5742/1071/3326 5607/1094/3191 5757/1095/3398
f 5371/1096/2955 5747/1068/3331 5762/1092/3346
f 5734/1073/3318 5750/1093/3334 5749/1097/3333
f 5741/1074/3325 5757/1095/3398 5756/1098/3340
f 5733/1075/3317 5749/1097/3333 5748/1099/3397
f 5751/1091/3335 5767/1115/3351 5766/1100/3350
f 5762/1092/3346 5776/1116/3420 5777/1101/3361
f 5750/1093/3334 5766/1100/3350 5765/1102/3349
f 5757/1095/3398 5607/1103/3191 5772/1104/3419
f 5371/1105/2955 5762/1092/3346 5777/1101/3361
f 5749/1097/3333 5765/1102/3349 5764/1106/3348
f 5756/1098/3340 5772/1104/3419 5771/1107/3355
f 5748/1099/3397 5764/1106/3348 5763/1108/3347
f 5755/1083/3339 5771/1107/3355 5770/1109/3354
f 5758/1084/3342 5763/1108/3347 5773/1110/3357
f 5754/1085/3338 5770/1109/3354 5769/1111/3399
f 5759/1086/3343 5773/1110/3357 5774/1112/3358
f 5753/1087/3337 5769/1111/3399 5768/1113/3352
f 5760/1088/3344 5774/1112/3358 5775/1114/3359
f 5752/1089/3336 5768/1113/3352 5767/1115/3351
f 5761/1090/3345 5775/1114/3359 5776/1116/3420
f 5773/1110/3357 5778/580/3362 5359/573/2943
f 5769/1111/3399 5781/583/3365 5780/575/3364
f 5774/1112/3358 5359/573/2943 5782/571/3366
f 5768/1113/3352 5780/575/3364 5363/577/2947
f 5775/1114/3359 5782/571/3366 5358/563/2942
f 5767/1115/3351 5363/577/2947 5362/585/2946
f 5776/1116/3420 5358/563/2942 5783/565/3367
f 5766/1100/3350 5362/585/2946 5361/578/2945
f 5777/1101/3361 5783/565/3367 5784/588/3368
f 5765/1102/3349 5361/578/2945 5779/566/3363
f 5772/1104/3419 5607/1117/3191 5365/560/2949
f 5371/1118/2955 5777/1101/3361 5784/588/3368
f 5764/1106/3348 5779/566/3363 5360/568/2944
f 5771/1107/3355 5365/560/2949 5364/562/2948
f 5763/1108/3347 5360/568/2944 5778/580/3362
f 5770/1109/3354 5364/562/2948 5781/583/3365
f 5846/562/2948 5825/570/2927 5826/561/2928
f 6265/565/3367 5837/572/2939 5838/564/2940
f 5842/568/2944 5832/579/2934 5833/567/2935
f 5847/560/3454 6089/569/3191 5825/570/2927
f 5840/563/2942 5836/574/2938 5837/572/2939
f 6264/571/3366 5835/581/2937 5836/574/2938
f 5845/577/2947 5828/584/2930 5829/576/2931
f 6261/566/3363 5831/586/2933 5832/579/2934
f 5841/573/2943 5834/582/2936 5835/581/2937
f 6260/580/3362 5833/567/2935 5834/582/2936
f 6262/575/3364 5827/591/2929 5828/584/2930
f 5843/578/2945 5830/590/2932 5831/586/2933
f 5853/587/2955 6266/588/3368 5839/589/3447
f 5844/585/2946 5829/576/2931 5830/590/2932
f 6263/583/3365 5826/561/2928 5827/591/2929
f 6266/588/3368 5838/564/2940 5839/589/3447
f 5831/586/2933 5819/595/2921 5818/592/2920
f 5837/572/2939 5813/600/2915 5812/593/2914
f 5829/576/2931 5821/608/2923 5820/594/2922
f 5830/590/2932 5820/594/2922 5819/595/2921
f 5832/579/2934 5818/592/2920 5817/596/2919
f 5838/564/2940 5812/593/2914 5811/597/2913
f 5835/581/2937 5815/603/2917 5814/598/2916
f 5839/589/3447 5811/597/2913 5810/599/2912
f 5836/574/2938 5814/598/2916 5813/600/2915
f 5853/601/2955 5839/589/3447 5810/599/2912
f 5833/567/2935 5817/596/2919 5816/602/2918
f 5834/582/2936 5816/602/2918 5815/603/2917
f 5825/570/2927 6089/604/3191 5824/605/2926
f 5826/561/2928 5824/605/2926 5823/606/3370
f 5827/591/2929 5823/606/3370 5822/607/3453
f 5828/584/2930 5822/607/3453 5821/608/2923
f 5810/599/2912 5808/610/2910 5809/609/2911
f 5811/597/2913 5807/611/2909 5808/610/2910
f 5812/593/2914 5806/623/2908 5807/611/2909
f 5822/607/3453 5796/613/2898 5797/612/2899
f 5823/606/3370 5795/618/3369 5796/613/2898
f 5820/594/2922 5798/619/2900 5799/614/2901
f 5814/598/2916 5804/616/2906 5805/615/2907
f 5815/603/2917 5803/620/2905 5804/616/2906
f 5824/605/2926 6089/617/3191 5795/618/3369
f 5821/608/2923 5797/612/2899 5798/619/2900
f 5816/602/2918 5802/622/2904 5803/620/2905
f 5853/621/2955 5810/599/2912 5809/609/2911
f 5817/596/2919 5801/624/2903 5802/622/2904
f 5813/600/2915 5805/615/2907 5806/623/2908
f 5818/592/2920 5800/625/2902 5801/624/2903
f 5819/595/2921 5799/614/2901 5800/625/2902
f 5800/625/2902 5790/630/2892 5789/626/2891
f 5806/623/2908 5848/635/2950 5849/627/2951
f 5807/611/2909 5849/627/2951 5850/628/2952
f 5798/619/2900 5792/642/2894 5791/629/2893
f 5799/614/2901 5791/629/2893 5790/630/2892
f 5801/624/2903 5789/626/2891 5788/631/2890
f 5804/616/2906 5786/637/2888 5785/632/2887
f 5853/633/2955 5809/609/2911 5852/634/2954
f 5805/615/2907 5785/632/2887 5848/635/2950
f 5802/622/2904 5788/631/2890 5787/636/2889
f 5803/620/2905 5787/636/2889 5786/637/2888
f 5795/618/3369 5793/638/2895 5796/613/2898
f 5808/610/2910 5850/628/2952 5851/639/3372
f 5795/618/3369 6089/640/3191 5794/641/2896
f 5797/612/2899 5793/638/2895 5792/642/2894
f 5809/609/2911 5851/639/3372 5852/634/2954
f 5851/639/3372 5866/654/3375 5867/643/2969
f 5853/644/2955 5852/634/2954 5868/645/2970
f 5789/626/2891 5859/649/2961 5858/646/2960
f 5791/629/2893 5861/648/2963 5860/647/2962
f 5792/642/2894 5862/652/2964 5861/648/2963
f 5790/630/2892 5860/647/2962 5859/649/2961
f 5848/635/2950 5854/651/2956 5864/650/2966
f 5785/632/2887 5855/653/2957 5854/651/2956
f 5794/641/2896 5862/652/2964 5793/638/2895
f 5786/637/2888 5856/658/2958 5855/653/2957
f 5850/628/2952 5865/657/3405 5866/654/3375
f 5794/641/2896 6089/655/3191 5863/656/2965
f 5849/627/2951 5864/650/2966 5865/657/3405
f 5787/636/2889 5857/659/2959 5856/658/2958
f 5788/631/2890 5858/646/2960 5857/659/2959
f 5852/634/2954 5867/643/2969 5868/645/2970
f 5854/651/2956 5870/675/2972 5869/660/2971
f 5859/649/2961 5875/676/2977 5874/661/2976
f 5864/650/2966 5869/660/2971 5879/662/2981
f 5858/646/2960 5874/661/2976 5873/663/2975
f 5865/657/3405 5879/662/2981 5880/664/2982
f 5866/654/3375 5880/664/2982 5881/665/2983
f 5863/656/2965 6089/666/3191 5878/667/2980
f 5867/643/2969 5881/665/2983 5882/668/2984
f 5868/645/2970 5882/668/2984 5883/669/2985
f 5857/659/2959 5873/663/2975 5872/670/2974
f 5863/656/2965 5877/671/3376 5862/652/2964
f 5853/672/2955 5868/645/2970 5883/669/2985
f 5856/658/2958 5872/670/2974 5871/673/2973
f 5862/652/2964 5876/674/3406 5861/648/2963
f 5855/653/2957 5871/673/2973 5870/675/2972
f 5861/648/2963 5875/676/2977 5860/647/2962
f 5873/663/2975 5887/677/2989 5872/670/2974
f 5883/669/2985 5897/678/2999 5898/679/3000
f 5872/670/2974 5886/680/2988 5871/673/2973
f 5878/667/2980 6089/681/3191 5893/682/2995
f 5853/683/2955 5883/669/2985 5898/679/3000
f 5871/673/2973 5885/684/2987 5870/675/2972
f 5878/667/2980 5892/685/2994 5877/671/3376
f 5869/660/2971 5885/684/2987 5884/686/2986
f 5877/671/3376 5891/687/2993 5876/674/3406
f 5879/662/2981 5884/686/2986 5894/688/2996
f 5876/674/3406 5890/689/2992 5875/676/2977
f 5880/664/2982 5894/688/2996 5895/690/2997
f 5875/676/2977 5889/691/2991 5874/661/2976
f 5881/665/2983 5895/690/2997 5896/692/2998
f 5874/661/2976 5888/693/2990 5873/663/2975
f 5882/668/2984 5896/692/2998 5897/678/2999
f 5884/686/2986 5909/694/3011 5894/688/2996
f 5891/687/2993 5905/695/3007 5890/689/2992
f 5894/688/2996 5910/696/3012 5895/690/2997
f 5890/689/2992 5904/697/3006 5889/691/2991
f 5895/690/2997 5911/698/3013 5896/692/2998
f 5889/691/2991 5903/699/3005 5888/693/2990
f 5896/692/2998 5912/700/3014 5897/678/2999
f 5888/693/2990 5902/701/3004 5887/677/2989
f 5897/678/2999 5913/702/3015 5898/679/3000
f 5887/677/2989 5901/703/3003 5886/680/2988
f 5893/682/2995 6089/704/3191 5908/705/3010
f 5853/706/2955 5898/679/3000 5913/702/3015
f 5886/680/2988 5900/707/3002 5885/684/2987
f 5893/682/2995 5907/708/3009 5892/685/2994
f 5885/684/2987 5899/709/3001 5884/686/2986
f 5892/685/2994 5906/710/3008 5891/687/2993
f 5912/700/3014 5928/712/3030 5913/702/3015
f 5902/701/3004 5916/713/3018 5901/703/3003
f 5908/705/3010 6089/714/3191 5923/715/3379
f 5853/716/2955 5913/702/3015 5928/712/3030
f 5901/703/3003 5915/717/3017 5900/707/3002
f 5908/705/3010 5922/718/3024 5907/708/3009
f 5900/707/3002 5914/719/3016 5899/709/3001
f 5907/708/3009 5921/720/3023 5906/710/3008
f 5899/709/3001 5924/721/3026 5909/694/3011
f 5906/710/3008 5920/722/3022 5905/695/3007
f 5909/694/3011 5925/723/3027 5910/696/3012
f 5905/695/3007 5919/724/3021 5904/697/3006
f 5910/696/3012 5926/725/3028 5911/698/3013
f 5904/697/3006 5918/726/3020 5903/699/3005
f 5911/698/3013 5927/711/3029 5912/700/3014
f 5903/699/3005 5917/727/3019 5902/701/3004
f 5924/721/3026 5940/729/3042 5925/723/3027
f 5920/722/3022 5934/731/3036 5919/724/3021
f 5925/723/3027 5941/732/3043 5926/725/3028
f 5919/724/3021 5933/733/3035 5918/726/3020
f 5926/725/3028 5942/734/3044 5927/711/3029
f 5918/726/3020 5932/735/3034 5917/727/3019
f 5927/711/3029 5943/736/3045 5928/712/3030
f 5917/727/3019 5931/737/3033 5916/713/3018
f 5923/715/3379 6089/738/3191 5938/739/3040
f 5853/740/2955 5928/712/3030 5943/736/3045
f 5916/713/3018 5930/741/3032 5915/717/3017
f 5923/715/3379 5937/742/3039 5922/718/3024
f 5915/717/3017 5929/743/3031 5914/719/3016
f 5922/718/3024 5936/744/3038 5921/720/3023
f 5914/719/3016 5939/728/3041 5924/721/3026
f 5921/720/3023 5935/730/3037 5920/722/3022
f 5938/739/3040 6089/745/3191 5953/746/3055
f 5853/747/2955 5943/736/3045 5958/748/3060
f 5931/737/3033 5945/750/3047 5930/741/3032
f 5938/739/3040 5952/751/3054 5937/742/3039
f 5930/741/3032 5944/752/3046 5929/743/3031
f 5937/742/3039 5951/753/3053 5936/744/3038
f 5929/743/3031 5954/754/3056 5939/728/3041
f 5936/744/3038 5950/755/3052 5935/730/3037
f 5939/728/3041 5955/756/3057 5940/729/3042
f 5935/730/3037 5949/757/3051 5934/731/3036
f 5940/729/3042 5956/758/3058 5941/732/3043
f 5934/731/3036 5948/759/3050 5933/733/3035
f 5941/732/3043 5957/760/3059 5942/734/3044
f 5933/733/3035 5947/761/3049 5932/735/3034
f 5942/734/3044 5958/748/3060 5943/736/3045
f 5932/735/3034 5946/749/3048 5931/737/3033
f 5950/755/3052 5964/763/3066 5949/757/3051
f 5955/756/3057 5971/765/3073 5956/758/3058
f 5949/757/3051 5963/766/3065 5948/759/3050
f 5956/758/3058 5972/767/3074 5957/760/3059
f 5948/759/3050 5962/768/3064 5947/761/3049
f 5957/760/3059 5973/769/3075 5958/748/3060
f 5947/761/3049 5961/770/3063 5946/749/3048
f 5953/746/3055 6089/771/3191 5968/772/3070
f 5853/773/2955 5958/748/3060 5973/769/3075
f 5946/749/3048 5960/774/3062 5945/750/3047
f 5953/746/3055 5967/775/3069 5952/751/3054
f 5945/750/3047 5959/776/3061 5944/752/3046
f 5952/751/3054 5966/777/3068 5951/753/3053
f 5944/752/3046 5969/778/3071 5954/754/3056
f 5951/753/3053 5965/762/3425 5950/755/3052
f 5954/754/3056 5970/764/3072 5955/756/3057
f 5961/770/3063 5975/780/3077 5960/774/3062
f 5968/772/3070 5982/782/3084 5967/775/3069
f 5960/774/3062 5974/783/3076 5959/776/3061
f 5967/775/3069 5981/784/3083 5966/777/3068
f 5959/776/3061 5984/785/3086 5969/778/3071
f 5966/777/3068 5980/786/3082 5965/762/3425
f 5969/778/3071 5985/787/3087 5970/764/3072
f 5965/762/3425 5979/788/3081 5964/763/3066
f 5970/764/3072 5986/789/3088 5971/765/3073
f 5964/763/3066 5978/790/3080 5963/766/3065
f 5971/765/3073 5987/791/3089 5972/767/3074
f 5963/766/3065 5977/792/3079 5962/768/3064
f 5972/767/3074 5988/793/3090 5973/769/3075
f 5962/768/3064 5976/779/3078 5961/770/3063
f 5968/772/3070 6089/794/3191 5983/781/3085
f 5853/795/2955 5973/769/3075 5988/793/3090
f 5985/787/3087 6001/797/3103 5986/789/3088
f 5979/788/3081 5993/799/3095 5978/790/3080
f 5986/789/3088 6002/800/3104 5987/791/3089
f 5978/790/3080 5992/801/3094 5977/792/3079
f 5987/791/3089 6003/802/3105 5988/793/3090
f 5977/792/3079 5991/803/3093 5976/779/3078
f 5983/781/3085 6089/804/3191 5998/805/3100
f 5853/806/2955 5988/793/3090 6003/802/3105
f 5976/779/3078 5990/807/3092 5975/780/3077
f 5983/781/3085 5997/808/3099 5982/782/3084
f 5975/780/3077 5989/809/3091 5974/783/3076
f 5982/782/3084 5996/810/3098 5981/784/3083
f 5974/783/3076 5999/811/3101 5984/785/3086
f 5981/784/3083 5995/812/3097 5980/786/3082
f 5984/785/3086 6000/796/3102 5985/787/3087
f 5980/786/3082 5994/798/3096 5979/788/3081
f 5998/805/3100 6012/814/3114 5997/808/3099
f 5990/807/3092 6004/816/3106 5989/809/3091
f 5997/808/3099 6011/817/3113 5996/810/3098
f 5989/809/3091 6014/818/3116 5999/811/3101
f 5996/810/3098 6010/819/3112 5995/812/3097
f 5999/811/3101 6015/820/3117 6000/796/3102
f 5995/812/3097 6009/821/3111 5994/798/3096
f 6000/796/3102 6016/822/3118 6001/797/3103
f 5994/798/3096 6008/823/3110 5993/799/3095
f 6001/797/3103 6017/824/3119 6002/800/3104
f 5993/799/3095 6007/825/3109 5992/801/3094
f 6002/800/3104 6018/826/3384 6003/802/3105
f 5992/801/3094 6006/827/3108 5991/803/3093
f 5998/805/3100 6089/828/3191 6013/813/3115
f 5853/829/2955 6003/802/3105 6018/826/3384
f 5991/803/3093 6005/815/3107 5990/807/3092
f 6009/821/3111 6023/831/3125 6008/823/3110
f 6016/822/3118 6032/833/3134 6017/824/3119
f 6008/823/3110 6022/834/3124 6007/825/3109
f 6017/824/3119 6033/835/3135 6018/826/3384
f 6007/825/3109 6021/836/3123 6006/827/3108
f 6013/813/3115 6089/837/3191 6028/838/3130
f 5853/839/2955 6018/826/3384 6033/835/3135
f 6006/827/3108 6020/840/3122 6005/815/3107
f 6013/813/3115 6027/841/3455 6012/814/3114
f 6005/815/3107 6019/842/3121 6004/816/3106
f 6012/814/3114 6026/843/3128 6011/817/3113
f 6004/816/3106 6029/844/3131 6014/818/3116
f 6011/817/3113 6025/845/3127 6010/819/3112
f 6014/818/3116 6030/846/3132 6015/820/3117
f 6010/819/3112 6024/830/3126 6009/821/3111
f 6015/820/3117 6031/832/3133 6016/822/3118
f 6020/840/3122 6034/848/3136 6019/842/3121
f 6027/841/3455 6041/850/3387 6026/843/3128
f 6019/842/3121 6044/851/3146 6029/844/3131
f 6026/843/3128 6040/852/3142 6025/845/3127
f 6029/844/3131 6045/853/3147 6030/846/3132
f 6025/845/3127 6039/854/3141 6024/830/3126
f 6030/846/3132 6046/855/3148 6031/832/3133
f 6024/830/3126 6038/856/3140 6023/831/3125
f 6031/832/3133 6047/857/3149 6032/833/3134
f 6023/831/3125 6037/858/3139 6022/834/3124
f 6032/833/3134 6048/859/3388 6033/835/3135
f 6022/834/3124 6036/860/3138 6021/836/3123
f 6028/838/3130 6089/861/3191 6043/862/3145
f 5853/863/2955 6033/835/3135 6048/859/3388
f 6021/836/3123 6035/847/3137 6020/840/3122
f 6028/838/3130 6042/849/3144 6027/841/3455
f 6046/855/3148 6062/865/3389 6047/857/3149
f 6038/856/3140 6052/867/3154 6037/858/3139
f 6047/857/3149 6063/868/3165 6048/859/3388
f 6037/858/3139 6051/869/3153 6036/860/3138
f 6043/862/3145 6089/870/3191 6058/871/3160
f 5853/872/2955 6048/859/3388 6063/868/3165
f 6036/860/3138 6050/873/3152 6035/847/3137
f 6043/862/3145 6057/874/3159 6042/849/3144
f 6035/847/3137 6049/875/3151 6034/848/3136
f 6042/849/3144 6056/876/3158 6041/850/3387
f 6034/848/3136 6059/877/3161 6044/851/3146
f 6041/850/3387 6055/878/3157 6040/852/3142
f 6044/851/3146 6060/879/3162 6045/853/3147
f 6040/852/3142 6054/880/3156 6039/854/3141
f 6045/853/3147 6061/864/3163 6046/855/3148
f 6039/854/3141 6053/866/3155 6038/856/3140
f 6049/875/3151 6074/882/3176 6059/877/3161
f 6056/876/3158 6070/884/3449 6055/878/3157
f 6059/877/3161 6075/885/3411 6060/879/3162
f 6055/878/3157 6069/886/3171 6054/880/3156
f 6060/879/3162 6076/887/3178 6061/864/3163
f 6054/880/3156 6068/888/3170 6053/866/3155
f 6061/864/3163 6077/889/3179 6062/865/3389
f 6053/866/3155 6067/890/3169 6052/867/3154
f 6062/865/3389 6078/891/3180 6063/868/3165
f 6052/867/3154 6066/892/3168 6051/869/3153
f 6058/871/3160 6089/893/3191 6073/894/3175
f 5853/895/2955 6063/868/3165 6078/891/3180
f 6051/869/3153 6065/896/3167 6050/873/3152
f 6058/871/3160 6072/897/3174 6057/874/3159
f 6050/873/3152 6064/881/3166 6049/875/3151
f 6057/874/3159 6071/883/3173 6056/876/3158
f 6078/891/3180 6093/898/3195 6094/899/3196
f 6067/890/3169 6081/901/3183 6066/892/3168
f 6073/894/3175 6089/902/3191 6088/903/3190
f 5853/904/2955 6078/891/3180 6094/899/3196
f 6066/892/3168 6080/905/3182 6065/896/3167
f 6073/894/3175 6087/906/3189 6072/897/3174
f 6065/896/3167 6079/907/3181 6064/881/3166
f 6072/897/3174 6086/908/3188 6071/883/3173
f 6064/881/3166 6090/909/3192 6074/882/3176
f 6071/883/3173 6085/910/3187 6070/884/3449
f 6074/882/3176 6091/911/3193 6075/885/3411
f 6070/884/3449 6084/912/3431 6069/886/3171
f 6075/885/3411 6092/913/3194 6076/887/3178
f 6069/886/3171 6083/914/3185 6068/888/3170
f 6076/887/3178 6093/898/3195 6077/889/3179
f 6068/888/3170 6082/900/3184 6067/890/3169
f 6086/908/3188 6101/916/3432 6085/910/3187
f 6090/909/3192 6106/918/3208 6091/911/3193
f 6085/910/3187 6100/919/3202 6084/912/3431
f 6091/911/3193 6107/920/3209 6092/913/3194
f 6084/912/3431 6099/921/3201 6083/914/3185
f 6092/913/3194 6108/922/3210 6093/898/3195
f 6083/914/3185 6098/923/3200 6082/900/3184
f 6094/899/3196 6108/922/3210 6109/924/3211
f 6082/900/3184 6097/925/3199 6081/901/3183
f 6088/903/3190 6089/926/3191 6104/927/3206
f 5853/928/2955 6094/899/3196 6109/924/3211
f 6081/901/3183 6096/929/3198 6080/905/3182
f 6088/903/3190 6103/930/3205 6087/906/3189
f 6080/905/3182 6095/931/3197 6079/907/3181
f 6087/906/3189 6102/915/3204 6086/908/3188
f 6079/907/3181 6105/917/3207 6090/909/3192
f 6098/923/3200 6112/933/3214 6097/925/3199
f 6104/927/3206 6089/934/3191 6119/935/3221
f 5853/936/2955 6109/924/3211 6124/937/3226
f 6097/925/3199 6111/938/3213 6096/929/3198
f 6104/927/3206 6118/939/3220 6103/930/3205
f 6096/929/3198 6110/940/3212 6095/931/3197
f 6103/930/3205 6117/941/3219 6102/915/3204
f 6095/931/3197 6120/942/3222 6105/917/3207
f 6102/915/3204 6116/943/3218 6101/916/3432
f 6105/917/3207 6121/944/3223 6106/918/3208
f 6101/916/3432 6115/945/3217 6100/919/3202
f 6107/920/3209 6121/944/3223 6122/946/3224
f 6100/919/3202 6114/947/3216 6099/921/3201
f 6108/922/3210 6122/946/3224 6123/948/3225
f 6099/921/3201 6113/932/3215 6098/923/3200
f 6109/924/3211 6123/948/3225 6124/937/3226
f 6121/944/3223 6135/949/3237 6136/950/3238
f 6116/943/3218 6130/952/3232 6115/945/3217
f 6122/946/3224 6136/950/3238 6137/953/3239
f 6115/945/3217 6129/954/3231 6114/947/3216
f 6123/948/3225 6137/953/3239 6138/955/3240
f 6114/947/3216 6128/956/3230 6113/932/3215
f 6124/937/3226 6138/955/3240 6139/957/3241
f 6112/933/3214 6128/956/3230 6127/958/3229
f 6119/935/3221 6089/959/3191 6134/960/3236
f 5853/961/2955 6124/937/3226 6139/957/3241
f 6111/938/3213 6127/958/3229 6126/962/3228
f 6119/935/3221 6133/963/3391 6118/939/3220
f 6110/940/3212 6126/962/3228 6125/964/3227
f 6118/939/3220 6132/965/3234 6117/941/3219
f 6120/942/3222 6125/964/3227 6135/949/3237
f 6117/941/3219 6131/951/3233 6116/943/3218
f 6134/960/3236 6089/966/3191 6149/967/3251
f 5853/968/2955 6139/957/3241 6154/969/3256
f 6126/962/3228 6142/970/3244 6141/971/3392
f 6133/963/3391 6149/967/3251 6148/972/3250
f 6125/964/3227 6141/971/3392 6140/973/3242
f 6132/965/3234 6148/972/3250 6147/974/3249
f 6135/949/3237 6140/973/3242 6150/975/3252
f 6131/951/3233 6147/974/3249 6146/976/3248
f 6136/950/3238 6150/975/3252 6151/977/3253
f 6130/952/3232 6146/976/3248 6145/978/3247
f 6137/953/3239 6151/977/3253 6152/979/3254
f 6129/954/3231 6145/978/3247 6144/980/3246
f 6138/955/3240 6152/979/3254 6153/981/3255
f 6128/956/3230 6144/980/3246 6143/982/3245
f 6139/957/3241 6153/981/3255 6154/969/3256
f 6127/958/3229 6143/982/3245 6142/970/3244
f 6145/983/3247 6161/984/3263 6160/985/3262
f 6152/986/3254 6166/987/3268 6167/988/3269
f 6144/989/3246 6160/985/3262 6159/990/3261
f 6153/991/3255 6167/988/3269 6168/992/3270
f 6143/993/3245 6159/990/3261 6158/994/3260
f 6154/995/3256 6168/992/3270 6169/996/3433
f 6142/997/3244 6158/994/3260 6157/998/3259
f 6149/999/3251 6089/1000/3191 6164/1001/3266
f 5853/1002/2955 6154/995/3256 6169/996/3433
f 6141/1003/3392 6157/998/3259 6156/1004/3258
f 6148/1006/3250 6164/1001/3266 6163/1005/3265
f 6140/1007/3242 6156/1004/3258 6155/1008/3257
f 6147/1010/3249 6163/1005/3265 6162/1009/3264
f 6150/1011/3252 6155/1008/3257 6165/1012/3267
f 6146/1013/3248 6162/1009/3264 6161/984/3263
f 6151/1014/3253 6165/1012/3267 6166/987/3268
f 6156/1004/3258 6172/1029/3274 6171/1015/3273
f 6163/1005/3265 6179/1016/3281 6178/1017/3280
f 6155/1008/3257 6171/1015/3273 6170/1018/3272
f 6162/1009/3264 6178/1017/3280 6177/1019/3279
f 6165/1012/3267 6170/1018/3272 6180/1020/3282
f 6161/984/3263 6177/1019/3279 6176/1021/3278
f 6166/987/3268 6180/1020/3282 6181/1022/3283
f 6160/985/3262 6176/1021/3278 6175/1023/3277
f 6167/988/3269 6181/1022/3283 6182/1024/3394
f 6159/990/3261 6175/1023/3277 6174/1025/3276
f 6168/992/3270 6182/1024/3394 6183/1026/3285
f 6158/994/3260 6174/1025/3276 6173/1027/3275
f 6169/996/3433 6183/1026/3285 6184/1028/3286
f 6157/998/3259 6173/1027/3275 6172/1029/3274
f 6164/1001/3266 6089/1030/3191 6179/1016/3281
f 5853/1031/2955 6169/996/3433 6184/1028/3286
f 6182/1024/3394 6196/1047/3298 6197/1032/3299
f 6174/1025/3276 6190/1048/3292 6189/1033/3291
f 6183/1026/3285 6197/1032/3299 6198/1034/3300
f 6173/1027/3275 6189/1033/3291 6188/1035/3290
f 6184/1028/3286 6198/1034/3300 6199/1036/3452
f 6172/1029/3274 6188/1035/3290 6187/1037/3289
f 6179/1016/3281 6089/1038/3191 6194/1039/3296
f 5853/1040/2955 6184/1028/3286 6199/1036/3452
f 6171/1015/3273 6187/1037/3289 6186/1041/3288
f 6178/1017/3280 6194/1039/3296 6193/1042/3295
f 6170/1018/3272 6186/1041/3288 6185/1043/3287
f 6177/1019/3279 6193/1042/3295 6192/1044/3294
f 6180/1020/3282 6185/1043/3287 6195/1045/3297
f 6176/1021/3278 6192/1044/3294 6191/1046/3293
f 6181/1022/3283 6195/1045/3297 6196/1047/3298
f 6175/1023/3277 6191/1046/3293 6190/1048/3292
f 6185/1043/3287 6201/1065/3303 6200/1049/3302
f 6192/1044/3294 6208/1050/3310 6207/1051/3309
f 6195/1045/3297 6200/1049/3302 6210/1052/3312
f 6191/1046/3293 6207/1051/3309 6206/1053/3308
f 6196/1047/3298 6210/1052/3312 6211/1054/3313
f 6190/1048/3292 6206/1053/3308 6205/1055/3307
f 6197/1032/3299 6211/1054/3313 6212/1056/3314
f 6189/1033/3291 6205/1055/3307 6204/1057/3306
f 6198/1034/3300 6212/1056/3314 6213/1058/3315
f 6188/1035/3290 6204/1057/3306 6203/1059/3305
f 6199/1036/3452 6213/1058/3315 6214/1060/3316
f 6187/1037/3289 6203/1059/3305 6202/1061/3304
f 6194/1039/3296 6089/1062/3191 6209/1063/3311
f 5853/1064/2955 6199/1036/3452 6214/1060/3316
f 6186/1041/3288 6202/1061/3304 6201/1065/3303
f 6193/1042/3295 6209/1063/3311 6208/1050/3310
f 6213/1058/3315 6227/1081/3396 6228/1066/3330
f 6203/1059/3305 6219/1082/3321 6218/1067/3320
f 6214/1060/3316 6228/1066/3330 6229/1068/3331
f 6202/1061/3304 6218/1067/3320 6217/1069/3319
f 6209/1063/3311 6089/1070/3191 6224/1071/3326
f 5853/1072/2955 6214/1060/3316 6229/1068/3331
f 6201/1065/3303 6217/1069/3319 6216/1073/3318
f 6208/1050/3310 6224/1071/3326 6223/1074/3325
f 6200/1049/3302 6216/1073/3318 6215/1075/3317
f 6207/1051/3309 6223/1074/3325 6222/1076/3324
f 6210/1052/3312 6215/1075/3317 6225/1077/3327
f 6206/1053/3308 6222/1076/3324 6221/1078/3323
f 6211/1054/3313 6225/1077/3327 6226/1079/3434
f 6205/1055/3307 6221/1078/3323 6220/1080/3322
f 6212/1056/3314 6226/1079/3434 6227/1081/3396
f 6204/1057/3306 6220/1080/3322 6219/1082/3321
f 6222/1076/3324 6238/1098/3340 6237/1083/3339
f 6225/1077/3327 6230/1099/3332 6240/1084/3342
f 6221/1078/3323 6237/1083/3339 6236/1085/3338
f 6226/1079/3434 6240/1084/3342 6241/1086/3343
f 6220/1080/3322 6236/1085/3338 6235/1087/3337
f 6227/1081/3396 6241/1086/3343 6242/1088/3344
f 6219/1082/3321 6235/1087/3337 6234/1089/3336
f 6228/1066/3330 6242/1088/3344 6243/1090/3345
f 6218/1067/3320 6234/1089/3336 6233/1091/3335
f 6229/1068/3331 6243/1090/3345 6244/1092/3346
f 6217/1069/3319 6233/1091/3335 6232/1093/3334
f 6224/1071/3326 6089/1094/3191 6239/1095/3398
f 5853/1096/2955 6229/1068/3331 6244/1092/3346
f 6216/1073/3318 6232/1093/3334 6231/1097/3333
f 6223/1074/3325 6239/1095/3398 6238/1098/3340
f 6215/1075/3317 6231/1097/3333 6230/1099/3332
f 6233/1091/3335 6249/1115/3351 6248/1100/3350
f 6244/1092/3346 6258/1116/3420 6259/1101/3361
f 6232/1093/3334 6248/1100/3350 6247/1102/3349
f 6239/1095/3398 6089/1103/3191 6254/1104/3356
f 5853/1105/2955 6244/1092/3346 6259/1101/3361
f 6231/1097/3333 6247/1102/3349 6246/1106/3348
f 6238/1098/3340 6254/1104/3356 6253/1107/3355
f 6230/1099/3332 6246/1106/3348 6245/1108/3347
f 6237/1083/3339 6253/1107/3355 6252/1109/3354
f 6240/1084/3342 6245/1108/3347 6255/1110/3357
f 6236/1085/3338 6252/1109/3354 6251/1111/3399
f 6241/1086/3343 6255/1110/3357 6256/1112/3358
f 6235/1087/3337 6251/1111/3399 6250/1113/3352
f 6242/1088/3344 6256/1112/3358 6257/1114/3359
f 6234/1089/3336 6250/1113/3352 6249/1115/3351
f 6243/1090/3345 6257/1114/3359 6258/1116/3420
f 6255/1110/3357 6260/580/3362 5841/573/2943
f 6251/1111/3399 6263/583/3365 6262/575/3364
f 6256/1112/3358 5841/573/2943 6264/571/3366
f 6250/1113/3352 6262/575/3364 5845/577/2947
f 6257/1114/3359 6264/571/3366 5840/563/2942
f 6249/1115/3351 5845/577/2947 5844/585/2946
f 6258/1116/3420 5840/563/2942 6265/565/3367
f 6248/1100/3350 5844/585/2946 5843/578/2945
f 6259/1101/3361 6265/565/3367 6266/588/3368
f 6247/1102/3349 5843/578/2945 6261/566/3363
f 6254/1104/3356 6089/1117/3191 5847/560/3454
f 5853/1118/2955 6259/1101/3361 6266/588/3368
f 6246/1106/3348 6261/566/3363 5842/568/2944
f 6253/1107/3355 5847/560/3454 5846/562/2948
f 6245/1108/3347 5842/568/2944 6260/580/3362
f 6252/1109/3354 5846/562/2948 6263/583/3365
f 2/1/2 11/31/11 12/2/12
f 481/4/481 480/32/480 19/5/19
f 477/3/477 12/2/12 13/7/13
f 482/9/482 481/4/481 20/6/20
f 3/8/3 13/7/13 14/11/14
f 5/17/5 4/12/4 14/11/14
f 474/13/474 7/15/7 8/19/8
f 478/21/478 5/17/5 15/18/15
f 475/20/475 8/19/8 9/23/9
f 6/25/6 478/21/478 16/22/16
f 1/24/1 9/23/9 10/27/10
f 479/29/479 6/25/6 17/26/17
f 476/28/476 10/27/10 11/31/11
f 480/32/480 479/29/479 18/30/18
f 18/30/18 17/26/17 32/33/32
f 10/27/10 25/49/25 26/35/26
f 19/5/19 18/30/18 33/34/33
f 11/31/11 26/35/26 27/37/27
f 20/6/20 19/5/19 34/36/34
f 12/2/12 27/37/27 28/39/28
f 21/10/21 20/6/20 35/38/35
f 13/7/13 28/39/28 29/41/29
f 15/18/15 14/11/14 29/41/29
f 7/15/7 22/43/22 23/46/23
f 16/22/16 15/18/15 30/45/30
f 8/19/8 23/46/23 24/48/24
f 17/26/17 16/22/16 31/47/31
f 9/23/9 24/48/24 25/49/25
f 30/45/30 29/41/29 44/52/44
f 22/43/22 37/66/37 38/54/38
f 31/47/31 30/45/30 45/53/45
f 23/46/23 38/54/38 39/56/39
f 32/33/32 31/47/31 46/55/46
f 24/48/24 39/56/39 40/58/40
f 33/34/33 32/33/32 47/57/47
f 25/49/25 40/58/40 41/60/41
f 34/36/34 33/34/33 48/59/48
f 26/35/26 41/60/41 42/62/42
f 35/38/35 34/36/34 49/61/49
f 27/37/27 42/62/42 43/64/43
f 36/40/36 35/38/35 50/63/50
f 28/39/28 43/64/43 44/52/44
f 49/61/49 48/59/48 63/67/63
f 41/60/41 56/83/56 57/69/57
f 50/63/50 49/61/49 64/68/64
f 42/62/42 57/69/57 58/71/58
f 51/51/51 50/63/50 65/70/65
f 43/64/43 58/71/58 59/73/59
f 45/53/45 44/52/44 59/73/59
f 37/66/37 52/75/52 53/78/53
f 46/55/46 45/53/45 60/77/60
f 38/54/38 53/78/53 54/80/54
f 47/57/47 46/55/46 61/79/61
f 39/56/39 54/80/54 55/82/55
f 48/59/48 47/57/47 62/81/62
f 40/58/40 55/82/55 56/83/56
f 52/75/52 67/99/67 68/84/68
f 61/79/61 60/77/60 75/85/75
f 53/78/53 68/84/68 69/87/69
f 62/81/62 61/79/61 76/86/76
f 54/80/54 69/87/69 70/89/70
f 63/67/63 62/81/62 77/88/77
f 55/82/55 70/89/70 71/91/71
f 64/68/64 63/67/63 78/90/78
f 56/83/56 71/91/71 72/93/72
f 65/70/65 64/68/64 79/92/79
f 57/69/57 72/93/72 73/95/73
f 66/72/66 65/70/65 80/94/80
f 58/71/58 73/95/73 74/97/74
f 60/77/60 59/73/59 74/97/74
f 71/91/71 87/117/87 88/101/88
f 80/94/80 79/92/79 95/102/95
f 72/93/72 88/101/88 89/104/89
f 81/96/81 80/94/80 96/103/96
f 73/95/73 89/104/89 90/106/90
f 75/85/75 74/97/74 90/106/90
f 67/99/67 83/108/83 84/111/84
f 76/86/76 75/85/75 91/110/91
f 68/84/68 84/111/84 85/113/85
f 77/88/77 76/86/76 92/112/92
f 69/87/69 85/113/85 86/115/86
f 78/90/78 77/88/77 93/114/93
f 70/89/70 86/115/86 87/117/87
f 79/92/79 78/90/78 94/116/94
f 92/112/92 91/110/91 106/118/106
f 84/111/84 99/134/99 100/120/100
f 93/114/93 92/112/92 107/119/107
f 85/113/85 100/120/100 101/122/101
f 94/116/94 93/114/93 108/121/108
f 86/115/86 101/122/101 102/124/102
f 95/102/95 94/116/94 109/123/109
f 87/117/87 102/124/102 103/126/103
f 96/103/96 95/102/95 110/125/110
f 88/101/88 103/126/103 104/128/104
f 97/105/97 96/103/96 111/127/111
f 89/104/89 104/128/104 105/130/105
f 91/110/91 90/106/90 105/130/105
f 83/108/83 98/132/98 99/134/99
f 111/127/111 110/125/110 125/135/125
f 103/126/103 118/151/118 119/137/119
f 112/129/112 111/127/111 126/136/126
f 104/128/104 119/137/119 120/139/120
f 106/118/106 105/130/105 120/139/120
f 98/132/98 113/141/113 114/144/114
f 107/119/107 106/118/106 121/143/121
f 99/134/99 114/144/114 115/146/115
f 108/121/108 107/119/107 122/145/122
f 100/120/100 115/146/115 116/148/116
f 109/123/109 108/121/108 123/147/123
f 101/122/101 116/148/116 117/150/117
f 110/125/110 109/123/109 124/149/124
f 102/124/102 117/150/117 118/151/118
f 115/146/115 114/144/114 129/152/129
f 122/145/122 137/168/137 138/154/138
f 116/148/116 115/146/115 130/153/130
f 123/147/123 138/154/138 139/156/139
f 117/150/117 116/148/116 131/155/131
f 124/149/124 139/156/139 140/158/140
f 118/151/118 117/150/117 132/157/132
f 125/135/125 140/158/140 141/160/141
f 119/137/119 118/151/118 133/159/133
f 126/136/126 141/160/141 142/162/142
f 120/139/120 119/137/119 134/161/134
f 120/139/120 135/163/135 136/167/136
f 114/144/114 113/141/113 128/165/128
f 121/143/121 136/167/136 137/168/137
f 134/161/134 133/159/133 148/169/148
f 141/160/141 156/185/156 157/171/157
f 135/163/135 134/161/134 149/170/149
f 135/163/135 150/172/150 151/176/151
f 129/152/129 128/165/128 143/174/143
f 136/167/136 151/176/151 152/178/152
f 130/153/130 129/152/129 144/177/144
f 137/168/137 152/178/152 153/180/153
f 131/155/131 130/153/130 145/179/145
f 138/154/138 153/180/153 154/182/154
f 132/157/132 131/155/131 146/181/146
f 139/156/139 154/182/154 155/184/155
f 133/159/133 132/157/132 147/183/147
f 140/158/140 155/184/155 156/185/156
f 152/178/152 167/202/167 168/186/168
f 146/181/146 145/179/145 160/187/160
f 153/180/153 168/186/168 169/189/169
f 147/183/147 146/181/146 161/188/161
f 154/182/154 169/189/169 170/191/170
f 148/169/148 147/183/147 162/190/162
f 155/184/155 170/191/170 171/193/171
f 149/170/149 148/169/148 163/192/163
f 156/185/156 171/193/171 172/195/172
f 150/172/150 149/170/149 164/194/164
f 150/172/150 165/196/165 166/200/166
f 144/177/144 143/174/143 158/198/158
f 151/176/151 166/200/166 167/202/167
f 145/179/145 144/177/144 159/201/159
f 171/193/171 186/219/186 187/203/187
f 165/196/165 164/194/164 179/204/179
f 165/196/165 180/205/180 181/209/181
f 159/201/159 158/198/158 173/207/173
f 166/200/166 181/209/181 182/211/182
f 160/187/160 159/201/159 174/210/174
f 167/202/167 182/211/182 183/213/183
f 161/188/161 160/187/160 175/212/175
f 168/186/168 183/213/183 184/215/184
f 162/190/162 161/188/161 176/214/176
f 169/189/169 184/215/184 185/217/185
f 163/192/163 162/190/162 177/216/177
f 170/191/170 185/217/185 186/219/186
f 164/194/164 163/192/163 178/218/178
f 183/213/183 198/236/198 199/220/199
f 177/216/177 176/214/176 191/221/191
f 184/215/184 199/220/199 200/223/200
f 178/218/178 177/216/177 192/222/192
f 185/217/185 200/223/200 201/225/201
f 179/204/179 178/218/178 193/224/193
f 186/219/186 201/225/201 202/227/202
f 180/205/180 179/204/179 194/226/194
f 180/205/180 195/228/195 196/232/196
f 174/210/174 173/207/173 188/230/188
f 181/209/181 196/232/196 197/234/197
f 175/212/175 174/210/174 189/233/189
f 182/211/182 197/234/197 198/236/198
f 176/214/176 175/212/175 190/235/190
f 195/228/195 210/253/210 211/241/211
f 189/233/189 188/230/188 203/238/203
f 196/232/196 211/241/211 212/243/212
f 190/235/190 189/233/189 204/242/204
f 197/234/197 212/243/212 213/245/213
f 191/221/191 190/235/190 205/244/205
f 198/236/198 213/245/213 214/247/214
f 192/222/192 191/221/191 206/246/206
f 199/220/199 214/247/214 215/249/215
f 193/224/193 192/222/192 207/248/207
f 200/223/200 215/249/215 216/251/216
f 194/226/194 193/224/193 208/250/208
f 201/225/201 216/251/216 217/240/217
f 195/228/195 194/226/194 209/252/209
f 207/248/207 206/246/206 221/254/221
f 214/247/214 229/270/229 230/256/230
f 208/250/208 207/248/207 222/255/222
f 215/249/215 230/256/230 231/258/231
f 209/252/209 208/250/208 223/257/223
f 216/251/216 231/258/231 232/260/232
f 210/253/210 209/252/209 224/259/224
f 210/253/210 225/261/225 226/265/226
f 204/242/204 203/238/203 218/263/218
f 211/241/211 226/265/226 227/267/227
f 205/244/205 204/242/204 219/266/219
f 212/243/212 227/267/227 228/269/228
f 206/246/206 205/244/205 220/268/220
f 213/245/213 228/269/228 229/270/229
f 225/261/225 240/285/240 241/271/241
f 219/266/219 218/263/218 233/272/233
f 226/265/226 241/271/241 242/274/242
f 220/268/220 219/266/219 234/273/234
f 227/267/227 242/274/242 243/276/243
f 221/254/221 220/268/220 235/275/235
f 228/269/228 243/276/243 244/278/244
f 222/255/222 221/254/221 236/277/236
f 229/270/229 244/278/244 245/280/245
f 223/257/223 222/255/222 237/279/237
f 230/256/230 245/280/245 246/282/246
f 224/259/224 223/257/223 238/281/238
f 231/258/231 246/282/246 247/284/247
f 225/261/225 224/259/224 239/283/239
f 245/280/245 244/278/244 259/288/259
f 237/279/237 252/304/252 253/290/253
f 246/282/246 245/280/245 260/289/260
f 238/281/238 253/290/253 254/292/254
f 247/284/247 246/282/246 261/291/261
f 239/283/239 254/292/254 255/294/255
f 241/271/241 240/285/240 255/294/255
f 233/272/233 248/296/248 249/299/249
f 242/274/242 241/271/241 256/298/256
f 234/273/234 249/299/249 250/301/250
f 243/276/243 242/274/242 257/300/257
f 235/275/235 250/301/250 251/303/251
f 244/278/244 243/276/243 258/302/258
f 236/277/236 251/303/251 252/304/252
f 248/296/248 263/320/263 264/305/264
f 257/300/257 256/298/256 271/306/271
f 249/299/249 264/305/264 265/308/265
f 258/302/258 257/300/257 272/307/272
f 250/301/250 265/308/265 266/310/266
f 259/288/259 258/302/258 273/309/273
f 251/303/251 266/310/266 267/312/267
f 260/289/260 259/288/259 274/311/274
f 252/304/252 267/312/267 268/314/268
f 261/291/261 260/289/260 275/313/275
f 253/290/253 268/314/268 269/316/269
f 262/293/262 261/291/261 276/315/276
f 254/292/254 269/316/269 270/318/270
f 256/298/256 255/294/255 270/318/270
f 267/312/267 282/338/282 283/322/283
f 276/315/276 275/313/275 290/323/290
f 268/314/268 283/322/283 284/325/284
f 277/317/277 276/315/276 291/324/291
f 269/316/269 284/325/284 285/327/285
f 271/306/271 270/318/270 285/327/285
f 263/320/263 278/329/278 279/332/279
f 272/307/272 271/306/271 286/331/286
f 264/305/264 279/332/279 280/334/280
f 273/309/273 272/307/272 287/333/287
f 265/308/265 280/334/280 281/336/281
f 274/311/274 273/309/273 288/335/288
f 266/310/266 281/336/281 282/338/282
f 275/313/275 274/311/274 289/337/289
f 287/333/287 286/331/286 301/339/301
f 279/332/279 294/355/294 295/341/295
f 288/335/288 287/333/287 302/340/302
f 280/334/280 295/341/295 296/343/296
f 289/337/289 288/335/288 303/342/303
f 281/336/281 296/343/296 297/345/297
f 290/323/290 289/337/289 304/344/304
f 282/338/282 297/345/297 298/347/298
f 291/324/291 290/323/290 305/346/305
f 283/322/283 298/347/298 299/349/299
f 292/326/292 291/324/291 306/348/306
f 284/325/284 299/349/299 300/351/300
f 286/331/286 285/327/285 300/351/300
f 278/329/278 293/353/293 294/355/294
f 306/348/306 305/346/305 321/356/321
f 298/347/298 314/372/314 315/358/315
f 307/350/307 306/348/306 322/357/322
f 299/349/299 315/358/315 316/360/316
f 301/339/301 300/351/300 316/360/316
f 293/353/293 309/362/309 310/365/310
f 302/340/302 301/339/301 317/364/317
f 294/355/294 310/365/310 311/367/311
f 303/342/303 302/340/302 318/366/318
f 295/341/295 311/367/311 312/369/312
f 304/344/304 303/342/303 319/368/319
f 296/343/296 312/369/312 313/371/313
f 305/346/305 304/344/304 320/370/320
f 297/345/297 313/371/313 314/372/314
f 319/368/319 318/366/318 333/373/333
f 311/367/311 326/389/326 327/375/327
f 320/370/320 319/368/319 334/374/334
f 312/369/312 327/375/327 328/377/328
f 321/356/321 320/370/320 335/376/335
f 313/371/313 328/377/328 329/379/329
f 322/357/322 321/356/321 336/378/336
f 314/372/314 329/379/329 330/381/330
f 323/359/323 322/357/322 337/380/337
f 315/358/315 330/381/330 331/383/331
f 317/364/317 316/360/316 331/383/331
f 309/362/309 324/385/324 325/388/325
f 318/366/318 317/364/317 332/387/332
f 310/365/310 325/388/325 326/389/326
f 338/382/338 337/380/337 352/390/352
f 330/381/330 345/406/345 346/392/346
f 332/387/332 331/383/331 346/392/346
f 324/385/324 339/394/339 340/397/340
f 333/373/333 332/387/332 347/396/347
f 325/388/325 340/397/340 341/399/341
f 334/374/334 333/373/333 348/398/348
f 326/389/326 341/399/341 342/401/342
f 335/376/335 334/374/334 349/400/349
f 327/375/327 342/401/342 343/403/343
f 336/378/336 335/376/335 350/402/350
f 328/377/328 343/403/343 344/405/344
f 337/380/337 336/378/336 351/404/351
f 329/379/329 344/405/344 345/406/345
f 341/399/341 356/423/356 357/407/357
f 350/402/350 349/400/349 364/408/364
f 342/401/342 357/407/357 358/410/358
f 351/404/351 350/402/350 365/409/365
f 343/403/343 358/410/358 359/412/359
f 352/390/352 351/404/351 366/411/366
f 344/405/344 359/412/359 360/414/360
f 353/391/353 352/390/352 367/413/367
f 345/406/345 360/414/360 361/416/361
f 347/396/347 346/392/346 361/416/361
f 339/394/339 354/418/354 355/421/355
f 348/398/348 347/396/347 362/420/362
f 340/397/340 355/421/355 356/423/356
f 349/400/349 348/398/348 363/422/363
f 361/424/361 360/455/360 375/425/375
f 361/424/361 376/426/376 377/433/377
f 355/435/355 354/427/354 369/429/369
f 362/434/362 377/433/377 378/437/378
f 356/439/356 355/435/355 370/436/370
f 363/438/363 378/437/378 379/441/379
f 357/443/357 356/439/356 371/440/371
f 364/442/364 379/441/379 380/445/380
f 358/447/358 357/443/357 372/444/372
f 365/446/365 380/445/380 381/449/381
f 359/451/359 358/447/358 373/448/373
f 366/450/366 381/449/381 382/453/382
f 360/455/360 359/451/359 374/452/374
f 367/454/367 382/453/382 383/432/383
f 379/441/379 394/472/394 395/456/395
f 373/448/373 372/444/372 387/457/387
f 380/445/380 395/456/395 396/459/396
f 374/452/374 373/448/373 388/458/388
f 381/449/381 396/459/396 397/461/397
f 375/425/375 374/452/374 389/460/389
f 382/453/382 397/461/397 398/463/398
f 376/426/376 375/425/375 390/462/390
f 376/426/376 391/464/391 392/468/392
f 370/436/370 369/429/369 384/466/384
f 377/433/377 392/468/392 393/470/393
f 371/440/371 370/436/370 385/469/385
f 378/437/378 393/470/393 394/472/394
f 372/444/372 371/440/371 386/471/386
f 391/464/391 406/489/406 407/477/407
f 385/469/385 384/466/384 399/474/399
f 392/468/392 407/477/407 408/479/408
f 386/471/386 385/469/385 400/478/400
f 393/470/393 408/479/408 409/481/409
f 387/457/387 386/471/386 401/480/401
f 394/472/394 409/481/409 410/483/410
f 388/458/388 387/457/387 402/482/402
f 395/456/395 410/483/410 411/485/411
f 389/460/389 388/458/388 403/484/403
f 396/459/396 411/485/411 412/487/412
f 390/462/390 389/460/389 404/486/404
f 397/461/397 412/487/412 413/476/413
f 391/464/391 390/462/390 405/488/405
f 403/484/403 402/482/402 417/490/417
f 410/483/410 425/506/425 426/492/426
f 404/486/404 403/484/403 418/491/418
f 411/485/411 426/492/426 427/494/427
f 405/488/405 404/486/404 419/493/419
f 412/487/412 427/494/427 428/496/428
f 406/489/406 405/488/405 420/495/420
f 406/489/406 421/497/421 422/501/422
f 400/478/400 399/474/399 414/499/414
f 407/477/407 422/501/422 423/503/423
f 401/480/401 400/478/400 415/502/415
f 408/479/408 423/503/423 424/505/424
f 402/482/402 401/480/401 416/504/416
f 409/481/409 424/505/424 425/506/425
f 421/497/421 436/521/436 437/507/437
f 415/502/415 414/499/414 429/508/429
f 422/501/422 437/507/437 438/510/438
f 416/504/416 415/502/415 430/509/430
f 423/503/423 438/510/438 439/512/439
f 417/490/417 416/504/416 431/511/431
f 424/505/424 439/512/439 440/514/440
f 418/491/418 417/490/417 432/513/432
f 425/506/425 440/514/440 441/516/441
f 419/493/419 418/491/418 433/515/433
f 426/492/426 441/516/441 442/518/442
f 420/495/420 419/493/419 434/517/434
f 427/494/427 442/518/442 443/520/443
f 421/497/421 420/495/420 435/519/435
f 440/514/440 455/540/455 456/524/456
f 434/517/434 433/515/433 448/525/448
f 441/516/441 456/524/456 457/527/457
f 435/519/435 434/517/434 449/526/449
f 442/518/442 457/527/457 458/529/458
f 436/521/436 435/519/435 450/528/450
f 436/521/436 451/530/451 452/534/452
f 430/509/430 429/508/429 444/532/444
f 437/507/437 452/534/452 453/536/453
f 431/511/431 430/509/430 445/535/445
f 438/510/438 453/536/453 454/538/454
f 432/513/432 431/511/431 446/537/446
f 439/512/439 454/538/454 455/540/455
f 433/515/433 432/513/432 447/539/447
f 452/534/452 467/557/467 468/541/468
f 446/537/446 445/535/445 460/542/460
f 453/536/453 468/541/468 469/544/469
f 447/539/447 446/537/446 461/543/461
f 454/538/454 469/544/469 470/546/470
f 448/525/448 447/539/447 462/545/462
f 455/540/455 470/546/470 471/548/471
f 449/526/449 448/525/448 463/547/463
f 456/524/456 471/548/471 472/550/472
f 450/528/450 449/526/449 464/549/464
f 457/527/457 472/550/472 473/552/473
f 451/530/451 450/528/450 465/551/465
f 451/530/451 466/553/466 467/557/467
f 445/535/445 444/532/444 459/555/459
f 471/548/471 480/32/480 481/4/481
f 465/551/465 464/549/464 477/3/477
f 472/550/472 481/4/481 482/9/482
f 466/553/466 465/551/465 3/8/3
f 466/553/466 4/12/4 5/17/5
f 460/542/460 459/555/459 474/13/474
f 467/557/467 5/17/5 478/21/478
f 461/543/461 460/542/460 475/20/475
f 468/541/468 478/21/478 6/25/6
f 462/545/462 461/543/461 1/24/1
f 469/544/469 6/25/6 479/29/479
f 463/547/463 462/545/462 476/28/476
f 470/546/470 479/29/479 480/32/480
f 464/549/464 463/547/463 2/1/2
f 961/29/955 500/30/499 501/5/500
f 959/3/953 484/1/484 493/31/492
f 962/32/956 501/5/500 502/6/501
f 485/8/485 959/3/953 494/2/493
f 963/4/957 502/6/501 503/10/502
f 486/12/4 485/8/485 495/7/494
f 486/12/4 496/11/495 497/18/496
f 957/20/951 956/13/950 489/15/488
f 487/17/486 497/18/496 498/22/497
f 483/24/483 957/20/951 490/19/489
f 960/21/954 498/22/497 499/26/498
f 958/28/952 483/24/483 491/23/490
f 488/25/487 499/26/498 500/30/499
f 484/1/484 958/28/952 492/27/491
f 492/27/491 491/23/490 506/48/505
f 499/26/498 514/33/513 515/34/514
f 493/31/492 492/27/491 507/49/506
f 500/30/499 515/34/514 516/36/515
f 494/2/493 493/31/492 508/35/507
f 501/5/500 516/36/515 517/38/516
f 495/7/494 494/2/493 509/37/508
f 502/6/501 517/38/516 518/40/517
f 496/11/495 495/7/494 510/39/509
f 496/11/495 511/41/510 512/45/511
f 490/19/489 489/15/488 504/43/503
f 497/18/496 512/45/511 513/47/512
f 491/23/490 490/19/489 505/46/504
f 498/22/497 513/47/512 514/33/513
f 511/41/510 510/39/509 525/64/524
f 511/41/510 526/52/525 527/53/526
f 505/46/504 504/43/503 519/66/518
f 512/45/511 527/53/526 528/55/527
f 506/48/505 505/46/504 520/54/519
f 513/47/512 528/55/527 529/57/528
f 507/49/506 506/48/505 521/56/520
f 514/33/513 529/57/528 530/59/529
f 508/35/507 507/49/506 522/58/521
f 515/34/514 530/59/529 531/61/530
f 509/37/508 508/35/507 523/60/522
f 516/36/515 531/61/530 532/63/531
f 510/39/509 509/37/508 524/62/523
f 517/38/516 532/63/531 533/51/532
f 529/57/528 544/81/543 545/67/544
f 523/60/522 522/58/521 537/82/536
f 530/59/529 545/67/544 546/68/545
f 524/62/523 523/60/522 538/83/537
f 531/61/530 546/68/545 547/70/546
f 525/64/524 524/62/523 539/69/538
f 532/63/531 547/70/546 548/72/547
f 526/52/525 525/64/524 540/71/539
f 526/52/525 541/73/540 542/77/541
f 520/54/519 519/66/518 534/75/533
f 527/53/526 542/77/541 543/79/542
f 521/56/520 520/54/519 535/78/534
f 528/55/527 543/79/542 544/81/543
f 522/58/521 521/56/520 536/80/535
f 541/73/540 556/97/555 557/85/556
f 535/78/534 534/75/533 549/99/548
f 542/77/541 557/85/556 558/86/557
f 536/80/535 535/78/534 550/84/549
f 543/79/542 558/86/557 559/88/558
f 537/82/536 536/80/535 551/87/550
f 544/81/543 559/88/558 560/90/559
f 538/83/537 537/82/536 552/89/551
f 545/67/544 560/90/559 561/92/560
f 539/69/538 538/83/537 553/91/552
f 546/68/545 561/92/560 562/94/561
f 540/71/539 539/69/538 554/93/553
f 547/70/546 562/94/561 563/96/562
f 541/73/540 540/71/539 555/95/554
f 560/90/559 576/116/574 577/102/575
f 554/93/553 553/91/552 569/117/567
f 561/92/560 577/102/575 578/103/576
f 555/95/554 554/93/553 570/101/568
f 562/94/561 578/103/576 579/105/577
f 556/97/555 555/95/554 571/104/569
f 556/97/555 572/106/570 573/110/571
f 550/84/549 549/99/548 565/108/563
f 557/85/556 573/110/571 574/112/572
f 551/87/550 550/84/549 566/111/564
f 558/86/557 574/112/572 575/114/573
f 552/89/551 551/87/550 567/113/565
f 559/88/558 575/114/573 576/116/574
f 553/91/552 552/89/551 568/115/566
f 566/111/564 565/108/563 580/132/578
f 573/110/571 588/118/586 589/119/587
f 567/113/565 566/111/564 581/134/579
f 574/112/572 589/119/587 590/121/588
f 568/115/566 567/113/565 582/120/580
f 575/114/573 590/121/588 591/123/589
f 569/117/567 568/115/566 583/122/581
f 576/116/574 591/123/589 592/125/590
f 570/101/568 569/117/567 584/124/582
f 577/102/575 592/125/590 593/127/591
f 571/104/569 570/101/568 585/126/583
f 578/103/576 593/127/591 594/129/592
f 572/106/570 571/104/569 586/128/584
f 572/106/570 587/130/585 588/118/586
f 585/126/583 584/124/582 599/150/597
f 592/125/590 607/135/604 608/136/605
f 586/128/584 585/126/583 600/151/598
f 593/127/591 608/136/605 609/138/606
f 587/130/585 586/128/584 601/137/599
f 587/130/585 602/139/120 603/143/600
f 581/134/579 580/132/578 595/141/593
f 588/118/586 603/143/600 604/145/601
f 582/120/580 581/134/579 596/144/594
f 589/119/587 604/145/601 605/147/602
f 583/122/581 582/120/580 597/146/595
f 590/121/588 605/147/602 606/149/603
f 584/124/582 583/122/581 598/148/596
f 591/123/589 606/149/603 607/135/604
f 604/145/601 603/143/600 618/167/615
f 596/144/594 611/152/608 612/153/609
f 605/147/602 604/145/601 619/168/616
f 597/146/595 612/153/609 613/155/610
f 606/149/603 605/147/602 620/154/617
f 598/148/596 613/155/610 614/157/611
f 607/135/604 606/149/603 621/156/618
f 599/150/597 614/157/611 615/159/612
f 608/136/605 607/135/604 622/158/619
f 600/151/598 615/159/612 616/161/613
f 609/138/606 608/136/605 623/160/620
f 601/137/599 616/161/613 617/163/614
f 603/143/600 602/139/120 617/163/614
f 595/141/593 610/165/607 611/152/608
f 623/160/620 622/158/619 637/184/634
f 615/159/612 630/169/627 631/170/628
f 624/162/621 623/160/620 638/185/635
f 616/161/613 631/170/628 632/172/629
f 618/167/615 617/163/614 632/172/629
f 610/165/607 625/174/622 626/177/623
f 619/168/616 618/167/615 633/176/630
f 611/152/608 626/177/623 627/179/624
f 620/154/617 619/168/616 634/178/631
f 612/153/609 627/179/624 628/181/625
f 621/156/618 620/154/617 635/180/632
f 613/155/610 628/181/625 629/183/626
f 622/158/619 621/156/618 636/182/633
f 614/157/611 629/183/626 630/169/627
f 626/177/623 641/201/638 642/187/639
f 635/180/632 634/178/631 649/202/646
f 627/179/624 642/187/639 643/188/640
f 636/182/633 635/180/632 650/186/647
f 628/181/625 643/188/640 644/190/641
f 637/184/634 636/182/633 651/189/648
f 629/183/626 644/190/641 645/192/642
f 638/185/635 637/184/634 652/191/649
f 630/169/627 645/192/642 646/194/643
f 639/171/636 638/185/635 653/193/650
f 631/170/628 646/194/643 647/196/644
f 633/176/630 632/172/629 647/196/644
f 625/174/622 640/198/637 641/201/638
f 634/178/631 633/176/630 648/200/645
f 645/192/642 660/218/657 661/204/658
f 654/195/651 653/193/650 668/219/665
f 646/194/643 661/204/658 662/205/659
f 648/200/645 647/196/644 662/205/659
f 640/198/637 655/207/652 656/210/653
f 649/202/646 648/200/645 663/209/660
f 641/201/638 656/210/653 657/212/654
f 650/186/647 649/202/646 664/211/661
f 642/187/639 657/212/654 658/214/655
f 651/189/648 650/186/647 665/213/662
f 643/188/640 658/214/655 659/216/656
f 652/191/649 651/189/648 666/215/663
f 644/190/641 659/216/656 660/218/657
f 653/193/650 652/191/649 667/217/664
f 665/213/662 664/211/661 679/234/676
f 657/212/654 672/235/669 673/221/670
f 666/215/663 665/213/662 680/236/677
f 658/214/655 673/221/670 674/222/671
f 667/217/664 666/215/663 681/220/678
f 659/216/656 674/222/671 675/224/672
f 668/219/665 667/217/664 682/223/679
f 660/218/657 675/224/672 676/226/673
f 669/203/666 668/219/665 683/225/680
f 661/204/658 676/226/673 677/228/674
f 663/209/660 662/205/659 677/228/674
f 655/207/652 670/230/667 671/233/668
f 664/211/661 663/209/660 678/232/675
f 656/210/653 671/233/668 672/235/669
f 684/227/681 683/225/680 698/251/695
f 676/226/673 691/252/688 692/253/689
f 678/232/675 677/228/674 692/253/689
f 670/230/667 685/238/682 686/242/683
f 679/234/676 678/232/675 693/241/690
f 671/233/668 686/242/683 687/244/684
f 680/236/677 679/234/676 694/243/691
f 672/235/669 687/244/684 688/246/685
f 681/220/678 680/236/677 695/245/692
f 673/221/670 688/246/685 689/248/686
f 682/223/679 681/220/678 696/247/693
f 674/222/671 689/248/686 690/250/687
f 683/225/680 682/223/679 697/249/694
f 675/224/672 690/250/687 691/252/688
f 696/247/693 695/245/692 710/269/707
f 688/246/685 703/254/700 704/255/701
f 697/249/694 696/247/693 711/270/708
f 689/248/686 704/255/701 705/257/702
f 698/251/695 697/249/694 712/256/709
f 690/250/687 705/257/702 706/259/703
f 699/240/696 698/251/695 713/258/710
f 691/252/688 706/259/703 707/261/704
f 693/241/690 692/253/689 707/261/704
f 685/238/682 700/263/697 701/266/698
f 694/243/691 693/241/690 708/265/705
f 686/242/683 701/266/698 702/268/699
f 695/245/692 694/243/691 709/267/706
f 687/244/684 702/268/699 703/254/700
f 708/265/705 707/261/704 722/285/240
f 700/263/697 715/272/712 716/273/713
f 709/267/706 708/265/705 723/271/719
f 701/266/698 716/273/713 717/275/714
f 710/269/707 709/267/706 724/274/720
f 702/268/699 717/275/714 718/277/715
f 711/270/708 710/269/707 725/276/721
f 703/254/700 718/277/715 719/279/716
f 712/256/709 711/270/708 726/278/722
f 704/255/701 719/279/716 720/281/717
f 713/258/710 712/256/709 727/280/723
f 705/257/702 720/281/717 721/283/718
f 714/260/711 713/258/710 728/282/724
f 706/259/703 721/283/718 722/285/240
f 719/279/716 718/277/715 733/303/729
f 726/278/722 741/288/737 742/289/738
f 720/281/717 719/279/716 734/304/730
f 727/280/723 742/289/738 743/291/739
f 721/283/718 720/281/717 735/290/731
f 728/282/724 743/291/739 744/293/740
f 722/285/240 721/283/718 736/292/732
f 722/285/240 737/294/733 738/298/734
f 716/273/713 715/272/712 730/296/726
f 723/271/719 738/298/734 739/300/735
f 717/275/714 716/273/713 731/299/727
f 724/274/720 739/300/735 740/302/736
f 718/277/715 717/275/714 732/301/728
f 725/276/721 740/302/736 741/288/737
f 737/294/733 752/318/748 753/306/749
f 731/299/727 730/296/726 745/320/741
f 738/298/734 753/306/749 754/307/750
f 732/301/728 731/299/727 746/305/742
f 739/300/735 754/307/750 755/309/751
f 733/303/729 732/301/728 747/308/743
f 740/302/736 755/309/751 756/311/752
f 734/304/730 733/303/729 748/310/744
f 741/288/737 756/311/752 757/313/753
f 735/290/731 734/304/730 749/312/745
f 742/289/738 757/313/753 758/315/754
f 736/292/732 735/290/731 750/314/746
f 743/291/739 758/315/754 759/317/755
f 737/294/733 736/292/732 751/316/747
f 756/311/752 771/337/767 772/323/768
f 750/314/746 749/312/745 764/338/760
f 757/313/753 772/323/768 773/324/769
f 751/316/747 750/314/746 765/322/761
f 758/315/754 773/324/769 774/326/770
f 752/318/748 751/316/747 766/325/762
f 752/318/748 767/327/763 768/331/764
f 746/305/742 745/320/741 760/329/756
f 753/306/749 768/331/764 769/333/765
f 747/308/743 746/305/742 761/332/757
f 754/307/750 769/333/765 770/335/766
f 748/310/744 747/308/743 762/334/758
f 755/309/751 770/335/766 771/337/767
f 749/312/745 748/310/744 763/336/759
f 761/332/757 760/329/756 775/353/771
f 768/331/764 783/339/779 784/340/780
f 762/334/758 761/332/757 776/355/772
f 769/333/765 784/340/780 785/342/781
f 763/336/759 762/334/758 777/341/773
f 770/335/766 785/342/781 786/344/782
f 764/338/760 763/336/759 778/343/774
f 771/337/767 786/344/782 787/346/783
f 765/322/761 764/338/760 779/345/775
f 772/323/768 787/346/783 788/348/784
f 766/325/762 765/322/761 780/347/776
f 773/324/769 788/348/784 789/350/785
f 767/327/763 766/325/762 781/349/777
f 767/327/763 782/351/778 783/339/779
f 785/342/781 801/368/796 802/370/797
f 779/345/775 778/343/774 794/369/789
f 786/344/782 802/370/797 803/356/798
f 780/347/776 779/345/775 795/371/790
f 787/346/783 803/356/798 804/357/799
f 781/349/777 780/347/776 796/372/791
f 788/348/784 804/357/799 805/359/800
f 776/355/772 775/353/771 791/362/786
f 782/351/778 781/349/777 797/358/792
f 777/341/773 776/355/772 792/365/787
f 782/351/778 798/360/793 799/364/794
f 783/339/779 799/364/794 800/366/795
f 784/340/780 800/366/795 801/368/796
f 778/343/774 777/341/773 793/367/788
f 798/360/793 813/383/808 814/387/809
f 792/365/787 791/362/786 806/385/801
f 799/364/794 814/387/809 815/373/810
f 793/367/788 792/365/787 807/388/802
f 800/366/795 815/373/810 816/374/811
f 794/369/789 793/367/788 808/389/803
f 801/368/796 816/374/811 817/376/812
f 795/371/790 794/369/789 809/375/804
f 802/370/797 817/376/812 818/378/813
f 796/372/791 795/371/790 810/377/805
f 803/356/798 818/378/813 819/380/814
f 797/358/792 796/372/791 811/379/806
f 804/357/799 819/380/814 820/382/815
f 798/360/793 797/358/792 812/381/807
f 810/377/805 809/375/804 824/401/819
f 817/376/812 832/402/827 833/404/828
f 811/379/806 810/377/805 825/403/820
f 818/378/813 833/404/828 834/390/829
f 812/381/807 811/379/806 826/405/821
f 819/380/814 834/390/829 835/391/830
f 813/383/808 812/381/807 827/406/822
f 813/383/808 828/392/823 829/396/824
f 807/388/802 806/385/801 821/394/816
f 814/387/809 829/396/824 830/398/825
f 808/389/803 807/388/802 822/397/817
f 815/373/810 830/398/825 831/400/826
f 809/375/804 808/389/803 823/399/818
f 816/374/811 831/400/826 832/402/827
f 828/392/823 843/416/361 844/420/838
f 822/397/817 821/394/816 836/418/831
f 829/396/824 844/420/838 845/422/839
f 823/399/818 822/397/817 837/421/832
f 830/398/825 845/422/839 846/408/840
f 824/401/819 823/399/818 838/423/833
f 831/400/826 846/408/840 847/409/841
f 825/403/820 824/401/819 839/407/834
f 832/402/827 847/409/841 848/411/842
f 826/405/821 825/403/820 840/410/835
f 833/404/828 848/411/842 849/413/843
f 827/406/822 826/405/821 841/412/836
f 834/390/829 849/413/843 850/415/844
f 828/392/823 827/406/822 842/414/837
f 848/450/842 847/446/841 862/445/856
f 840/447/835 855/448/849 856/452/850
f 849/454/843 848/450/842 863/449/857
f 841/451/836 856/452/850 857/425/851
f 850/431/844 849/454/843 864/453/858
f 842/455/837 857/425/851 858/426/852
f 844/434/838 843/424/361 858/426/852
f 836/427/831 851/429/845 852/436/846
f 845/438/839 844/434/838 859/433/853
f 837/435/832 852/436/846 853/440/847
f 846/442/840 845/438/839 860/437/854
f 838/439/833 853/440/847 854/444/848
f 847/446/841 846/442/840 861/441/855
f 839/443/834 854/444/848 855/448/849
f 851/429/845 866/466/860 867/469/861
f 860/437/854 859/433/853 874/468/868
f 852/436/846 867/469/861 868/471/862
f 861/441/855 860/437/854 875/470/869
f 853/440/847 868/471/862 869/457/863
f 862/445/856 861/441/855 876/472/870
f 854/444/848 869/457/863 870/458/864
f 863/449/857 862/445/856 877/456/871
f 855/448/849 870/458/864 871/460/865
f 864/453/858 863/449/857 878/459/872
f 856/452/850 871/460/865 872/462/866
f 865/432/859 864/453/858 879/461/873
f 857/425/851 872/462/866 873/464/867
f 859/433/853 858/426/852 873/464/867
f 870/458/864 885/484/879 886/486/880
f 879/461/873 878/459/872 893/485/887
f 871/460/865 886/486/880 887/488/881
f 880/463/874 879/461/873 894/487/888
f 872/462/866 887/488/881 888/489/882
f 874/468/868 873/464/867 888/489/882
f 866/466/860 881/474/875 882/478/876
f 875/470/869 874/468/868 889/477/883
f 867/469/861 882/478/876 883/480/877
f 876/472/870 875/470/869 890/479/884
f 868/471/862 883/480/877 884/482/878
f 877/456/871 876/472/870 891/481/885
f 869/457/863 884/482/878 885/484/879
f 878/459/872 877/456/871 892/483/886
f 890/479/884 889/477/883 904/501/898
f 882/478/876 897/502/891 898/504/892
f 891/481/885 890/479/884 905/503/899
f 883/480/877 898/504/892 899/490/893
f 892/483/886 891/481/885 906/505/900
f 884/482/878 899/490/893 900/491/894
f 893/485/887 892/483/886 907/506/901
f 885/484/879 900/491/894 901/493/895
f 894/487/888 893/485/887 908/492/902
f 886/486/880 901/493/895 902/495/896
f 895/476/889 894/487/888 909/494/903
f 887/488/881 902/495/896 903/497/897
f 889/477/883 888/489/882 903/497/897
f 881/474/875 896/499/890 897/502/891
f 909/494/903 908/492/902 923/516/917
f 901/493/895 916/517/910 917/519/911
f 910/496/904 909/494/903 924/518/918
f 902/495/896 917/519/911 918/521/912
f 904/501/898 903/497/897 918/521/912
f 896/499/890 911/508/905 912/509/906
f 905/503/899 904/501/898 919/507/913
f 897/502/891 912/509/906 913/511/907
f 906/505/900 905/503/899 920/510/914
f 898/504/892 913/511/907 914/513/908
f 907/506/901 906/505/900 921/512/915
f 899/490/893 914/513/908 915/515/909
f 908/492/902 907/506/901 922/514/916
f 900/491/894 915/515/909 916/517/910
f 921/512/915 920/510/914 935/536/929
f 913/511/907 928/537/922 929/539/923
f 922/514/916 921/512/915 936/538/930
f 914/513/908 929/539/923 930/525/924
f 923/516/917 922/514/916 937/540/931
f 915/515/909 930/525/924 931/526/925
f 924/518/918 923/516/917 938/524/932
f 916/517/910 931/526/925 932/528/926
f 925/520/919 924/518/918 939/527/933
f 917/519/911 932/528/926 933/530/927
f 919/507/913 918/521/912 933/530/927
f 911/508/905 926/532/920 927/535/921
f 920/510/914 919/507/913 934/534/928
f 912/509/906 927/535/921 928/537/922
f 940/529/934 939/527/933 954/550/948
f 932/528/926 947/551/941 948/553/942
f 934/534/928 933/530/927 948/553/942
f 926/532/920 941/555/935 942/542/936
f 935/536/929 934/534/928 949/557/943
f 927/535/921 942/542/936 943/543/937
f 936/538/930 935/536/929 950/541/944
f 928/537/922 943/543/937 944/545/938
f 937/540/931 936/538/930 951/544/945
f 929/539/923 944/545/938 945/547/939
f 938/524/932 937/540/931 952/546/946
f 930/525/924 945/547/939 946/549/940
f 939/527/933 938/524/932 953/548/947
f 931/526/925 946/549/940 947/551/941
f 943/543/937 483/24/483 958/28/952
f 952/546/946 951/544/945 488/25/487
f 944/545/938 958/28/952 484/1/484
f 953/548/947 952/546/946 961/29/955
f 945/547/939 484/1/484 959/3/953
f 954/550/948 953/548/947 962/32/956
f 946/549/940 959/3/953 485/8/485
f 955/552/949 954/550/948 963/4/957
f 947/551/941 485/8/485 486/12/4
f 949/557/943 948/553/942 486/12/4
f 941/555/935 956/13/950 957/20/951
f 950/541/944 949/557/943 487/17/486
f 942/542/936 957/20/951 483/24/483
f 951/544/945 950/541/944 960/21/954
f 1027/560/1021 1005/570/999 1006/561/1000
f 1020/563/1014 1017/572/1011 1018/564/1012
f 1441/566/1435 1012/579/1006 1013/567/1007
f 1444/571/1438 1016/574/1010 1017/572/1011
f 1021/573/1015 1015/581/1009 1016/574/1010
f 1442/575/1436 1008/584/1002 1009/576/1003
f 1023/578/1017 1011/586/1005 1012/579/1006
f 1440/580/1434 1014/582/1008 1015/581/1009
f 1022/568/1016 1013/567/1007 1014/582/1008
f 1443/583/1437 1007/591/1001 1008/584/1002
f 1024/585/1018 1010/590/1004 1011/586/1005
f 1025/577/1019 1009/576/1003 1010/590/1004
f 1026/562/1020 1006/561/1000 1007/591/1001
f 1445/565/1439 1018/564/1012 1019/589/1013
f 1010/590/1004 999/595/993 998/592/992
f 1016/574/1010 993/600/987 992/593/986
f 1008/584/1002 1001/608/995 1000/594/994
f 1009/576/1003 1000/594/994 999/595/993
f 1011/586/1005 998/592/992 997/596/991
f 1017/572/1011 992/593/986 991/597/985
f 1014/582/1008 995/603/989 994/598/988
f 1018/564/1012 991/597/985 990/599/984
f 1015/581/1009 994/598/988 993/600/987
f 1012/579/1006 997/596/991 996/602/990
f 1013/567/1007 996/602/990 995/603/989
f 1005/570/999 1004/605/998 1003/606/997
f 1006/561/1000 1003/606/997 1002/607/996
f 1007/591/1001 1002/607/996 1001/608/995
f 991/597/985 988/610/982 989/609/983
f 992/593/986 987/611/981 988/610/982
f 993/600/987 986/623/980 987/611/981
f 1003/606/997 976/613/970 977/612/971
f 1004/605/998 975/618/969 976/613/970
f 1001/608/995 978/619/972 979/614/973
f 995/603/989 984/616/978 985/615/979
f 996/602/990 983/620/977 984/616/978
f 1002/607/996 977/612/971 978/619/972
f 997/596/991 982/622/976 983/620/977
f 998/592/992 981/624/975 982/622/976
f 994/598/988 985/615/979 986/623/980
f 999/595/993 980/625/974 981/624/975
f 1000/594/994 979/614/973 980/625/974
f 979/614/973 970/630/964 969/626/963
f 985/615/979 1028/635/1022 1029/627/1023
f 986/623/980 1029/627/1023 1030/628/1024
f 977/612/971 972/642/966 971/629/965
f 978/619/972 971/629/965 970/630/964
f 980/625/974 969/626/963 968/631/962
f 983/620/977 966/637/960 965/632/959
f 984/616/978 965/632/959 1028/635/1022
f 981/624/975 968/631/962 967/636/961
f 982/622/976 967/636/961 966/637/960
f 975/618/969 974/641/968 973/638/967
f 987/611/981 1030/628/1024 1031/639/1025
f 976/613/970 973/638/967 972/642/966
f 989/609/983 988/610/982 1031/639/1025
f 1030/628/1024 1046/654/1040 1047/643/1041
f 970/630/964 1039/649/1033 1038/646/1032
f 972/642/966 1041/648/1035 1040/647/1034
f 973/638/967 1042/652/1036 1041/648/1035
f 971/629/965 1040/647/1034 1039/649/1033
f 965/632/959 1034/651/1028 1044/650/1038
f 966/637/960 1035/653/1029 1034/651/1028
f 974/641/968 1043/656/1037 1042/652/1036
f 967/636/961 1036/658/1030 1035/653/1029
f 1029/627/1023 1045/657/1039 1046/654/1040
f 1028/635/1022 1044/650/1038 1045/657/1039
f 968/631/962 1037/659/1031 1036/658/1030
f 969/626/963 1038/646/1032 1037/659/1031
f 1032/634/1026 1031/639/1025 1047/643/1041
f 1035/653/1029 1050/675/1044 1049/660/1043
f 1040/647/1034 1055/676/1049 1054/661/1048
f 1034/651/1028 1049/660/1043 1059/662/1053
f 1039/649/1033 1054/661/1048 1053/663/1047
f 1044/650/1038 1059/662/1053 1060/664/1054
f 1045/657/1039 1060/664/1054 1061/665/1055
f 1047/643/1041 1046/654/1040 1061/665/1055
f 1048/645/1042 1047/643/1041 1062/668/1056
f 1038/646/1032 1053/663/1047 1052/670/1046
f 1043/656/1037 1058/667/1052 1057/671/1051
f 1037/659/1031 1052/670/1046 1051/673/1045
f 1042/652/1036 1057/671/1051 1056/674/1050
f 1036/658/1030 1051/673/1045 1050/675/1044
f 1041/648/1035 1056/674/1050 1055/676/1049
f 1053/663/1047 1068/693/1062 1067/677/1061
f 1063/669/1057 1062/668/1056 1077/678/1071
f 1052/670/1046 1067/677/1061 1066/680/1060
f 1051/673/1045 1066/680/1060 1065/684/1059
f 1058/667/1052 1073/682/1067 1072/685/1066
f 1050/675/1044 1065/684/1059 1064/686/1058
f 1057/671/1051 1072/685/1066 1071/687/1065
f 1049/660/1043 1064/686/1058 1074/688/1068
f 1056/674/1050 1071/687/1065 1070/689/1064
f 1059/662/1053 1074/688/1068 1075/690/1069
f 1055/676/1049 1070/689/1064 1069/691/1063
f 1060/664/1054 1075/690/1069 1076/692/1070
f 1054/661/1048 1069/691/1063 1068/693/1062
f 1062/668/1056 1061/665/1055 1076/692/1070
f 1064/686/1058 1079/709/1073 1089/694/1083
f 1071/687/1065 1086/710/1080 1085/695/1079
f 1074/688/1068 1089/694/1083 1090/696/1084
f 1070/689/1064 1085/695/1079 1084/697/1078
f 1075/690/1069 1090/696/1084 1091/698/1085
f 1069/691/1063 1084/697/1078 1083/699/1077
f 1077/678/1071 1076/692/1070 1091/698/1085
f 1068/693/1062 1083/699/1077 1082/701/1076
f 1078/679/1072 1077/678/1071 1092/700/1086
f 1067/677/1061 1082/701/1076 1081/703/1075
f 1066/680/1060 1081/703/1075 1080/707/1074
f 1073/682/1067 1088/705/1082 1087/708/1081
f 1065/684/1059 1080/707/1074 1079/709/1073
f 1072/685/1066 1087/708/1081 1086/710/1080
f 1093/702/1087 1092/700/1086 1107/711/1101
f 1082/701/1076 1097/727/1091 1096/713/1090
f 1081/703/1075 1096/713/1090 1095/717/1089
f 1088/705/1082 1103/715/1097 1102/718/1096
f 1080/707/1074 1095/717/1089 1094/719/1088
f 1087/708/1081 1102/718/1096 1101/720/1095
f 1079/709/1073 1094/719/1088 1104/721/1098
f 1086/710/1080 1101/720/1095 1100/722/1094
f 1089/694/1083 1104/721/1098 1105/723/1099
f 1085/695/1079 1100/722/1094 1099/724/1093
f 1090/696/1084 1105/723/1099 1106/725/1100
f 1084/697/1078 1099/724/1093 1098/726/1092
f 1092/700/1086 1091/698/1085 1106/725/1100
f 1083/699/1077 1098/726/1092 1097/727/1091
f 1105/723/1099 1104/721/1098 1119/728/1113
f 1099/724/1093 1100/722/1094 1115/730/1109
f 1105/723/1099 1120/729/1114 1121/732/1115
f 1098/726/1092 1099/724/1093 1114/731/1108
f 1106/725/1100 1121/732/1115 1122/734/1116
f 1097/727/1091 1098/726/1092 1113/733/1107
f 1107/711/1101 1122/734/1116 1123/736/1117
f 1096/713/1090 1097/727/1091 1112/735/1106
f 1095/717/1089 1096/713/1090 1111/737/1105
f 1102/718/1096 1103/715/1097 1118/739/1112
f 1094/719/1088 1095/717/1089 1110/741/1104
f 1101/720/1095 1102/718/1096 1117/742/1111
f 1104/721/1098 1094/719/1088 1109/743/1103
f 1100/722/1094 1101/720/1095 1116/744/1110
f 1110/741/1104 1111/737/1105 1126/749/1120
f 1117/742/1111 1118/739/1112 1133/746/1127
f 1109/743/1103 1110/741/1104 1125/750/1119
f 1116/744/1110 1117/742/1111 1132/751/1126
f 1119/728/1113 1109/743/1103 1124/752/1118
f 1115/730/1109 1116/744/1110 1131/753/1125
f 1120/729/1114 1119/728/1113 1134/754/1128
f 1114/731/1108 1115/730/1109 1130/755/1124
f 1121/732/1115 1120/729/1114 1135/756/1129
f 1113/733/1107 1114/731/1108 1129/757/1123
f 1121/732/1115 1136/758/1130 1137/760/1131
f 1112/735/1106 1113/733/1107 1128/759/1122
f 1122/734/1116 1137/760/1131 1138/748/1132
f 1111/737/1105 1112/735/1106 1127/761/1121
f 1129/757/1123 1130/755/1124 1145/762/1139
f 1136/758/1130 1135/756/1129 1150/764/1144
f 1128/759/1122 1129/757/1123 1144/763/1138
f 1136/758/1130 1151/765/1145 1152/767/1146
f 1127/761/1121 1128/759/1122 1143/766/1137
f 1137/760/1131 1152/767/1146 1153/769/1147
f 1126/749/1120 1127/761/1121 1142/768/1136
f 1125/750/1119 1126/749/1120 1141/770/1135
f 1132/751/1126 1133/746/1127 1148/772/1142
f 1124/752/1118 1125/750/1119 1140/774/1134
f 1131/753/1125 1132/751/1126 1147/775/1141
f 1134/754/1128 1124/752/1118 1139/776/1133
f 1130/755/1124 1131/753/1125 1146/777/1140
f 1135/756/1129 1134/754/1128 1149/778/1143
f 1140/774/1134 1141/770/1135 1156/779/1150
f 1147/775/1141 1148/772/1142 1163/781/1157
f 1139/776/1133 1140/774/1134 1155/780/1149
f 1146/777/1140 1147/775/1141 1162/782/1156
f 1149/778/1143 1139/776/1133 1154/783/1148
f 1145/762/1139 1146/777/1140 1161/784/1155
f 1150/764/1144 1149/778/1143 1164/785/1158
f 1144/763/1138 1145/762/1139 1160/786/1154
f 1151/765/1145 1150/764/1144 1165/787/1159
f 1143/766/1137 1144/763/1138 1159/788/1153
f 1151/765/1145 1166/789/1160 1167/791/1161
f 1142/768/1136 1143/766/1137 1158/790/1152
f 1152/767/1146 1167/791/1161 1168/793/1162
f 1141/770/1135 1142/768/1136 1157/792/1151
f 1166/789/1160 1165/787/1159 1180/796/1174
f 1158/790/1152 1159/788/1153 1174/798/1168
f 1167/791/1161 1166/789/1160 1181/797/1175
f 1157/792/1151 1158/790/1152 1173/799/1167
f 1167/791/1161 1182/800/1176 1183/802/1177
f 1156/779/1150 1157/792/1151 1172/801/1166
f 1155/780/1149 1156/779/1150 1171/803/1165
f 1162/782/1156 1163/781/1157 1178/805/1172
f 1154/783/1148 1155/780/1149 1170/807/1164
f 1161/784/1155 1162/782/1156 1177/808/1171
f 1164/785/1158 1154/783/1148 1169/809/1163
f 1160/786/1154 1161/784/1155 1176/810/1170
f 1165/787/1159 1164/785/1158 1179/811/1173
f 1159/788/1153 1160/786/1154 1175/812/1169
f 1177/808/1171 1178/805/1172 1193/813/1187
f 1169/809/1163 1170/807/1164 1185/815/1179
f 1176/810/1170 1177/808/1171 1192/814/1186
f 1179/811/1173 1169/809/1163 1184/816/1178
f 1175/812/1169 1176/810/1170 1191/817/1185
f 1180/796/1174 1179/811/1173 1194/818/1188
f 1174/798/1168 1175/812/1169 1190/819/1184
f 1181/797/1175 1180/796/1174 1195/820/1189
f 1173/799/1167 1174/798/1168 1189/821/1183
f 1182/800/1176 1181/797/1175 1196/822/1190
f 1172/801/1166 1173/799/1167 1188/823/1182
f 1182/800/1176 1197/824/1191 1198/826/1192
f 1171/803/1165 1172/801/1166 1187/825/1181
f 1170/807/1164 1171/803/1165 1186/827/1180
f 1188/823/1182 1189/821/1183 1204/830/1198
f 1197/824/1191 1196/822/1190 1211/832/1205
f 1187/825/1181 1188/823/1182 1203/831/1197
f 1198/826/1192 1197/824/1191 1212/833/1206
f 1186/827/1180 1187/825/1181 1202/834/1196
f 1185/815/1179 1186/827/1180 1201/836/1195
f 1192/814/1186 1193/813/1187 1208/838/1202
f 1184/816/1178 1185/815/1179 1200/840/1194
f 1191/817/1185 1192/814/1186 1207/841/1201
f 1194/818/1188 1184/816/1178 1199/842/1193
f 1190/819/1184 1191/817/1185 1206/843/1200
f 1195/820/1189 1194/818/1188 1209/844/1203
f 1189/821/1183 1190/819/1184 1205/845/1199
f 1196/822/1190 1195/820/1189 1210/846/1204
f 1199/842/1193 1200/840/1194 1215/847/1209
f 1206/843/1200 1207/841/1201 1222/849/1216
f 1209/844/1203 1199/842/1193 1214/848/1208
f 1205/845/1199 1206/843/1200 1221/850/1215
f 1210/846/1204 1209/844/1203 1224/851/1218
f 1204/830/1198 1205/845/1199 1220/852/1214
f 1211/832/1205 1210/846/1204 1225/853/1219
f 1203/831/1197 1204/830/1198 1219/854/1213
f 1212/833/1206 1211/832/1205 1226/855/1220
f 1202/834/1196 1203/831/1197 1218/856/1212
f 1213/835/1207 1212/833/1206 1227/857/1221
f 1201/836/1195 1202/834/1196 1217/858/1211
f 1200/840/1194 1201/836/1195 1216/860/1210
f 1207/841/1201 1208/838/1202 1223/862/1217
f 1227/857/1221 1226/855/1220 1241/864/1235
f 1217/858/1211 1218/856/1212 1233/866/1227
f 1228/859/1222 1227/857/1221 1242/865/1236
f 1216/860/1210 1217/858/1211 1232/867/1226
f 1215/847/1209 1216/860/1210 1231/869/1225
f 1222/849/1216 1223/862/1217 1238/871/1232
f 1214/848/1208 1215/847/1209 1230/873/1224
f 1221/850/1215 1222/849/1216 1237/874/1231
f 1224/851/1218 1214/848/1208 1229/875/1223
f 1220/852/1214 1221/850/1215 1236/876/1230
f 1225/853/1219 1224/851/1218 1239/877/1233
f 1219/854/1213 1220/852/1214 1235/878/1229
f 1226/855/1220 1225/853/1219 1240/879/1234
f 1218/856/1212 1219/854/1213 1234/880/1228
f 1239/877/1233 1229/875/1223 1244/881/1238
f 1235/878/1229 1236/876/1230 1251/883/1245
f 1240/879/1234 1239/877/1233 1254/882/1248
f 1234/880/1228 1235/878/1229 1250/884/1244
f 1241/864/1235 1240/879/1234 1255/885/1249
f 1233/866/1227 1234/880/1228 1249/886/1243
f 1242/865/1236 1241/864/1235 1256/887/1250
f 1232/867/1226 1233/866/1227 1248/888/1242
f 1243/868/1237 1242/865/1236 1257/889/1251
f 1231/869/1225 1232/867/1226 1247/890/1241
f 1230/873/1224 1231/869/1225 1246/892/1240
f 1237/874/1231 1238/871/1232 1253/894/1247
f 1229/875/1223 1230/873/1224 1245/896/1239
f 1236/876/1230 1237/874/1231 1252/897/1246
f 1258/891/1252 1257/889/1251 1273/898/1267
f 1246/892/1240 1247/890/1241 1262/900/1256
f 1245/896/1239 1246/892/1240 1261/901/1255
f 1253/894/1247 1268/903/1262 1267/906/1261
f 1244/881/1238 1245/896/1239 1260/905/1254
f 1251/883/1245 1252/897/1246 1267/906/1261
f 1254/882/1248 1244/881/1238 1259/907/1253
f 1250/884/1244 1251/883/1245 1266/908/1260
f 1255/885/1249 1254/882/1248 1270/909/1264
f 1249/886/1243 1250/884/1244 1265/910/1259
f 1256/887/1250 1255/885/1249 1271/911/1265
f 1248/888/1242 1249/886/1243 1264/912/1258
f 1257/889/1251 1256/887/1250 1272/913/1266
f 1247/890/1241 1248/888/1242 1263/914/1257
f 1265/910/1259 1266/908/1260 1282/915/1276
f 1271/911/1265 1270/909/1264 1285/917/1279
f 1264/912/1258 1265/910/1259 1281/916/1275
f 1272/913/1266 1271/911/1265 1286/918/1280
f 1263/914/1257 1264/912/1258 1280/919/1274
f 1273/898/1267 1272/913/1266 1287/920/1281
f 1262/900/1256 1263/914/1257 1279/921/1273
f 1274/899/1268 1273/898/1267 1288/922/1282
f 1261/901/1255 1262/900/1256 1278/923/1272
f 1260/905/1254 1261/901/1255 1277/925/1271
f 1268/903/1262 1284/927/1278 1283/930/1277
f 1259/907/1253 1260/905/1254 1276/929/1270
f 1266/908/1260 1267/906/1261 1283/930/1277
f 1270/909/1264 1259/907/1253 1275/931/1269
f 1277/925/1271 1278/923/1272 1293/932/1287
f 1276/929/1270 1277/925/1271 1292/933/1286
f 1284/927/1278 1299/935/1293 1298/939/1292
f 1275/931/1269 1276/929/1270 1291/938/1285
f 1283/930/1277 1298/939/1292 1297/941/1291
f 1285/917/1279 1275/931/1269 1290/940/1284
f 1281/916/1275 1282/915/1276 1297/941/1291
f 1286/918/1280 1285/917/1279 1300/942/1294
f 1280/919/1274 1281/916/1275 1296/943/1290
f 1287/920/1281 1286/918/1280 1301/944/1295
f 1279/921/1273 1280/919/1274 1295/945/1289
f 1288/922/1282 1287/920/1281 1302/946/1296
f 1278/923/1272 1279/921/1273 1294/947/1288
f 1289/924/1283 1288/922/1282 1303/948/1297
f 1301/944/1295 1300/942/1294 1315/949/1309
f 1295/945/1289 1296/943/1290 1311/951/1305
f 1302/946/1296 1301/944/1295 1316/950/1310
f 1294/947/1288 1295/945/1289 1310/952/1304
f 1303/948/1297 1302/946/1296 1317/953/1311
f 1293/932/1287 1294/947/1288 1309/954/1303
f 1304/937/1298 1303/948/1297 1318/955/1312
f 1292/933/1286 1293/932/1287 1308/956/1302
f 1291/938/1285 1292/933/1286 1307/958/1301
f 1299/935/1293 1314/960/1308 1313/963/1307
f 1290/940/1284 1291/938/1285 1306/962/1300
f 1298/939/1292 1313/963/1307 1312/965/1306
f 1300/942/1294 1290/940/1284 1305/964/1299
f 1296/943/1290 1297/941/1291 1312/965/1306
f 1306/962/1300 1307/958/1301 1322/970/1316
f 1314/960/1308 1329/967/1323 1328/972/1322
f 1305/964/1299 1306/962/1300 1321/971/1315
f 1313/963/1307 1328/972/1322 1327/974/1321
f 1315/949/1309 1305/964/1299 1320/973/1314
f 1311/951/1305 1312/965/1306 1327/974/1321
f 1316/950/1310 1315/949/1309 1330/975/1324
f 1310/952/1304 1311/951/1305 1326/976/1320
f 1317/953/1311 1316/950/1310 1331/977/1325
f 1309/954/1303 1310/952/1304 1325/978/1319
f 1318/955/1312 1317/953/1311 1332/979/1326
f 1308/956/1302 1309/954/1303 1324/980/1318
f 1319/957/1313 1318/955/1312 1333/981/1327
f 1307/958/1301 1308/956/1302 1323/982/1317
f 1325/983/1319 1326/1013/1320 1341/984/1335
f 1332/986/1326 1331/1014/1325 1346/987/1340
f 1324/989/1318 1325/983/1319 1340/985/1334
f 1333/991/1327 1332/986/1326 1347/988/1341
f 1323/993/1317 1324/989/1318 1339/990/1333
f 1334/995/1328 1333/991/1327 1348/992/1342
f 1322/997/1316 1323/993/1317 1338/994/1332
f 1321/1003/1315 1322/997/1316 1337/998/1331
f 1329/999/1323 1344/1001/1338 1343/1005/1337
f 1320/1007/1314 1321/1003/1315 1336/1004/1330
f 1328/1006/1322 1343/1005/1337 1342/1009/1336
f 1330/1011/1324 1320/1007/1314 1335/1008/1329
f 1326/1013/1320 1327/1010/1321 1342/1009/1336
f 1331/1014/1325 1330/1011/1324 1345/1012/1339
f 1337/998/1331 1352/1029/1346 1351/1015/1345
f 1343/1005/1337 1344/1001/1338 1359/1016/1353
f 1336/1004/1330 1351/1015/1345 1350/1018/1344
f 1342/1009/1336 1343/1005/1337 1358/1017/1352
f 1335/1008/1329 1350/1018/1344 1360/1020/1354
f 1341/984/1335 1342/1009/1336 1357/1019/1351
f 1345/1012/1339 1360/1020/1354 1361/1022/1355
f 1341/984/1335 1356/1021/1350 1355/1023/1349
f 1346/987/1340 1361/1022/1355 1362/1024/1356
f 1340/985/1334 1355/1023/1349 1354/1025/1348
f 1347/988/1341 1362/1024/1356 1363/1026/1357
f 1339/990/1333 1354/1025/1348 1353/1027/1347
f 1348/992/1342 1363/1026/1357 1364/1028/1358
f 1338/994/1332 1353/1027/1347 1352/1029/1346
f 1361/1022/1355 1376/1047/1370 1377/1032/1371
f 1355/1023/1349 1370/1048/1364 1369/1033/1363
f 1362/1024/1356 1377/1032/1371 1378/1034/1372
f 1354/1025/1348 1369/1033/1363 1368/1035/1362
f 1363/1026/1357 1378/1034/1372 1379/1036/1373
f 1353/1027/1347 1368/1035/1362 1367/1037/1361
f 1352/1029/1346 1367/1037/1361 1366/1041/1360
f 1358/1017/1352 1359/1016/1353 1374/1039/1368
f 1351/1015/1345 1366/1041/1360 1365/1043/1359
f 1357/1019/1351 1358/1017/1352 1373/1042/1367
f 1350/1018/1344 1365/1043/1359 1375/1045/1369
f 1357/1019/1351 1372/1044/1366 1371/1046/1365
f 1360/1020/1354 1375/1045/1369 1376/1047/1370
f 1356/1021/1350 1371/1046/1365 1370/1048/1364
f 1366/1041/1360 1381/1065/1375 1380/1049/1374
f 1372/1044/1366 1373/1042/1367 1388/1050/1382
f 1365/1043/1359 1380/1049/1374 1390/1052/1384
f 1372/1044/1366 1387/1051/1381 1386/1053/1380
f 1375/1045/1369 1390/1052/1384 1391/1054/1385
f 1371/1046/1365 1386/1053/1380 1385/1055/1379
f 1376/1047/1370 1391/1054/1385 1392/1056/1386
f 1370/1048/1364 1385/1055/1379 1384/1057/1378
f 1377/1032/1371 1392/1056/1386 1393/1058/1387
f 1369/1033/1363 1384/1057/1378 1383/1059/1377
f 1378/1034/1372 1393/1058/1387 1394/1060/1388
f 1368/1035/1362 1383/1059/1377 1382/1061/1376
f 1367/1037/1361 1382/1061/1376 1381/1065/1375
f 1373/1042/1367 1374/1039/1368 1389/1063/1383
f 1392/1056/1386 1407/1081/1401 1408/1066/1402
f 1384/1057/1378 1399/1082/1393 1398/1067/1392
f 1393/1058/1387 1408/1066/1402 1409/1068/1403
f 1383/1059/1377 1398/1067/1392 1397/1069/1391
f 1382/1061/1376 1397/1069/1391 1396/1073/1390
f 1388/1050/1382 1389/1063/1383 1404/1071/1398
f 1381/1065/1375 1396/1073/1390 1395/1075/1389
f 1387/1051/1381 1388/1050/1382 1403/1074/1397
f 1380/1049/1374 1395/1075/1389 1405/1077/1399
f 1387/1051/1381 1402/1076/1396 1401/1078/1395
f 1390/1052/1384 1405/1077/1399 1406/1079/1400
f 1386/1053/1380 1401/1078/1395 1400/1080/1394
f 1391/1054/1385 1406/1079/1400 1407/1081/1401
f 1385/1055/1379 1400/1080/1394 1399/1082/1393
f 1403/1074/1397 1418/1098/1412 1417/1083/1411
f 1395/1075/1389 1410/1099/1404 1420/1084/1414
f 1402/1076/1396 1417/1083/1411 1416/1085/1410
f 1405/1077/1399 1420/1084/1414 1421/1086/1415
f 1401/1078/1395 1416/1085/1410 1415/1087/1409
f 1406/1079/1400 1421/1086/1415 1422/1088/1416
f 1400/1080/1394 1415/1087/1409 1414/1089/1408
f 1407/1081/1401 1422/1088/1416 1423/1090/1417
f 1399/1082/1393 1414/1089/1408 1413/1091/1407
f 1408/1066/1402 1423/1090/1417 1424/1092/1418
f 1398/1067/1392 1413/1091/1407 1412/1093/1406
f 1397/1069/1391 1412/1093/1406 1411/1097/1405
f 1403/1074/1397 1404/1071/1398 1419/1095/1413
f 1396/1073/1390 1411/1097/1405 1410/1099/1404
f 1414/1089/1408 1429/1115/1423 1428/1100/1422
f 1423/1090/1417 1438/1116/1432 1439/1101/1433
f 1413/1091/1407 1428/1100/1422 1427/1102/1421
f 1412/1093/1406 1427/1102/1421 1426/1106/1420
f 1418/1098/1412 1419/1095/1413 1434/1104/1428
f 1411/1097/1405 1426/1106/1420 1425/1108/1419
f 1418/1098/1412 1433/1107/1427 1432/1109/1426
f 1410/1099/1404 1425/1108/1419 1435/1110/1429
f 1417/1083/1411 1432/1109/1426 1431/1111/1425
f 1420/1084/1414 1435/1110/1429 1436/1112/1430
f 1416/1085/1410 1431/1111/1425 1430/1113/1424
f 1421/1086/1415 1436/1112/1430 1437/1114/1431
f 1415/1087/1409 1430/1113/1424 1429/1115/1423
f 1422/1088/1416 1437/1114/1431 1438/1116/1432
f 1425/1108/1419 1440/580/1434 1021/573/1015
f 1432/1109/1426 1443/583/1437 1442/575/1436
f 1435/1110/1429 1021/573/1015 1444/571/1438
f 1431/1111/1425 1442/575/1436 1025/577/1019
f 1436/1112/1430 1444/571/1438 1020/563/1014
f 1430/1113/1424 1025/577/1019 1024/585/1018
f 1437/1114/1431 1020/563/1014 1445/565/1439
f 1429/1115/1423 1024/585/1018 1023/578/1017
f 1438/1116/1432 1445/565/1439 1446/588/1440
f 1428/1100/1422 1023/578/1017 1441/566/1435
f 1427/1102/1421 1441/566/1435 1022/568/1016
f 1434/1104/1428 1027/560/1021 1026/562/1020
f 1426/1106/1420 1022/568/1016 1440/580/1434
f 1433/1107/1427 1026/562/1020 1443/583/1437
f 1509/560/1503 1487/570/1481 1488/561/1482
f 1502/563/1496 1499/572/1493 1500/564/1494
f 1923/566/1917 1494/579/1488 1495/567/1489
f 1926/571/1920 1498/574/1492 1499/572/1493
f 1503/573/1497 1497/581/1491 1498/574/1492
f 1924/575/1918 1490/584/1484 1491/576/1485
f 1505/578/1499 1493/586/1487 1494/579/1488
f 1922/580/1916 1496/582/1490 1497/581/1491
f 1504/568/1498 1495/567/1489 1496/582/1490
f 1925/583/1919 1489/591/1483 1490/584/1484
f 1506/585/1500 1492/590/1486 1493/586/1487
f 1507/577/1501 1491/576/1485 1492/590/1486
f 1508/562/1502 1488/561/1482 1489/591/1483
f 1927/565/1921 1500/564/1494 1501/589/1495
f 1492/590/1486 1481/595/1475 1480/592/1474
f 1498/574/1492 1475/600/1469 1474/593/1468
f 1490/584/1484 1483/608/1477 1482/594/1476
f 1491/576/1485 1482/594/1476 1481/595/1475
f 1493/586/1487 1480/592/1474 1479/596/1473
f 1499/572/1493 1474/593/1468 1473/597/1467
f 1496/582/1490 1477/603/1471 1476/598/1470
f 1500/564/1494 1473/597/1467 1472/599/1466
f 1497/581/1491 1476/598/1470 1475/600/1469
f 1494/579/1488 1479/596/1473 1478/602/1472
f 1495/567/1489 1478/602/1472 1477/603/1471
f 1487/570/1481 1486/605/1480 1485/606/1479
f 1488/561/1482 1485/606/1479 1484/607/1478
f 1489/591/1483 1484/607/1478 1483/608/1477
f 1473/597/1467 1470/610/1464 1471/609/1465
f 1474/593/1468 1469/611/1463 1470/610/1464
f 1475/600/1469 1468/623/1462 1469/611/1463
f 1485/606/1479 1458/613/1452 1459/612/1453
f 1486/605/1480 1457/618/1451 1458/613/1452
f 1483/608/1477 1460/619/1454 1461/614/1455
f 1477/603/1471 1466/616/1460 1467/615/1461
f 1478/602/1472 1465/620/1459 1466/616/1460
f 1484/607/1478 1459/612/1453 1460/619/1454
f 1479/596/1473 1464/622/1458 1465/620/1459
f 1480/592/1474 1463/624/1457 1464/622/1458
f 1476/598/1470 1467/615/1461 1468/623/1462
f 1481/595/1475 1462/625/1456 1463/624/1457
f 1482/594/1476 1461/614/1455 1462/625/1456
f 1461/614/1455 1452/630/1446 1451/626/1445
f 1467/615/1461 1510/635/1504 1511/627/1505
f 1468/623/1462 1511/627/1505 1512/628/1506
f 1459/612/1453 1454/642/1448 1453/629/1447
f 1460/619/1454 1453/629/1447 1452/630/1446
f 1462/625/1456 1451/626/1445 1450/631/1444
f 1465/620/1459 1448/637/1442 1447/632/1441
f 1466/616/1460 1447/632/1441 1510/635/1504
f 1463/624/1457 1450/631/1444 1449/636/1443
f 1464/622/1458 1449/636/1443 1448/637/1442
f 1457/618/1451 1456/641/1450 1455/638/1449
f 1469/611/1463 1512/628/1506 1513/639/1507
f 1458/613/1452 1455/638/1449 1454/642/1448
f 1471/609/1465 1470/610/1464 1513/639/1507
f 1512/628/1506 1528/654/1522 1529/643/1523
f 1452/630/1446 1521/649/1515 1520/646/1514
f 1454/642/1448 1523/648/1517 1522/647/1516
f 1455/638/1449 1524/652/1518 1523/648/1517
f 1453/629/1447 1522/647/1516 1521/649/1515
f 1447/632/1441 1516/651/1510 1526/650/1520
f 1448/637/1442 1517/653/1511 1516/651/1510
f 1456/641/1450 1525/656/1519 1524/652/1518
f 1449/636/1443 1518/658/1512 1517/653/1511
f 1511/627/1505 1527/657/1521 1528/654/1522
f 1510/635/1504 1526/650/1520 1527/657/1521
f 1450/631/1444 1519/659/1513 1518/658/1512
f 1451/626/1445 1520/646/1514 1519/659/1513
f 1514/634/1508 1513/639/1507 1529/643/1523
f 1517/653/1511 1532/675/1526 1531/660/1525
f 1522/647/1516 1537/676/1531 1536/661/1530
f 1516/651/1510 1531/660/1525 1541/662/1535
f 1521/649/1515 1536/661/1530 1535/663/1529
f 1526/650/1520 1541/662/1535 1542/664/1536
f 1527/657/1521 1542/664/1536 1543/665/1537
f 1529/643/1523 1528/654/1522 1543/665/1537
f 1530/645/1524 1529/643/1523 1544/668/1538
f 1520/646/1514 1535/663/1529 1534/670/1528
f 1525/656/1519 1540/667/1534 1539/671/1533
f 1519/659/1513 1534/670/1528 1533/673/1527
f 1524/652/1518 1539/671/1533 1538/674/1532
f 1518/658/1512 1533/673/1527 1532/675/1526
f 1523/648/1517 1538/674/1532 1537/676/1531
f 1535/663/1529 1550/693/1544 1549/677/1543
f 1545/669/1539 1544/668/1538 1559/678/1553
f 1534/670/1528 1549/677/1543 1548/680/1542
f 1533/673/1527 1548/680/1542 1547/684/1541
f 1540/667/1534 1555/682/1549 1554/685/1548
f 1532/675/1526 1547/684/1541 1546/686/1540
f 1539/671/1533 1554/685/1548 1553/687/1547
f 1531/660/1525 1546/686/1540 1556/688/1550
f 1538/674/1532 1553/687/1547 1552/689/1546
f 1541/662/1535 1556/688/1550 1557/690/1551
f 1537/676/1531 1552/689/1546 1551/691/1545
f 1542/664/1536 1557/690/1551 1558/692/1552
f 1536/661/1530 1551/691/1545 1550/693/1544
f 1544/668/1538 1543/665/1537 1558/692/1552
f 1546/686/1540 1561/709/1555 1571/694/1565
f 1553/687/1547 1568/710/1562 1567/695/1561
f 1556/688/1550 1571/694/1565 1572/696/1566
f 1552/689/1546 1567/695/1561 1566/697/1560
f 1557/690/1551 1572/696/1566 1573/698/1567
f 1551/691/1545 1566/697/1560 1565/699/1559
f 1559/678/1553 1558/692/1552 1573/698/1567
f 1550/693/1544 1565/699/1559 1564/701/1558
f 1560/679/1554 1559/678/1553 1574/700/1568
f 1549/677/1543 1564/701/1558 1563/703/1557
f 1548/680/1542 1563/703/1557 1562/707/1556
f 1555/682/1549 1570/705/1564 1569/708/1563
f 1547/684/1541 1562/707/1556 1561/709/1555
f 1554/685/1548 1569/708/1563 1568/710/1562
f 1575/702/1569 1574/700/1568 1589/711/1583
f 1564/701/1558 1579/727/1573 1578/713/1572
f 1563/703/1557 1578/713/1572 1577/717/1571
f 1570/705/1564 1585/715/1579 1584/718/1578
f 1562/707/1556 1577/717/1571 1576/719/1570
f 1569/708/1563 1584/718/1578 1583/720/1577
f 1561/709/1555 1576/719/1570 1586/721/1580
f 1568/710/1562 1583/720/1577 1582/722/1576
f 1571/694/1565 1586/721/1580 1587/723/1581
f 1567/695/1561 1582/722/1576 1581/724/1575
f 1572/696/1566 1587/723/1581 1588/725/1582
f 1566/697/1560 1581/724/1575 1580/726/1574
f 1574/700/1568 1573/698/1567 1588/725/1582
f 1565/699/1559 1580/726/1574 1579/727/1573
f 1587/723/1581 1586/721/1580 1601/728/1595
f 1581/724/1575 1582/722/1576 1597/730/1591
f 1587/723/1581 1602/729/1596 1603/732/1597
f 1580/726/1574 1581/724/1575 1596/731/1590
f 1588/725/1582 1603/732/1597 1604/734/1598
f 1579/727/1573 1580/726/1574 1595/733/1589
f 1589/711/1583 1604/734/1598 1605/736/1599
f 1578/713/1572 1579/727/1573 1594/735/1588
f 1577/717/1571 1578/713/1572 1593/737/1587
f 1584/718/1578 1585/715/1579 1600/739/1594
f 1576/719/1570 1577/717/1571 1592/741/1586
f 1583/720/1577 1584/718/1578 1599/742/1593
f 1586/721/1580 1576/719/1570 1591/743/1585
f 1582/722/1576 1583/720/1577 1598/744/1592
f 1592/741/1586 1593/737/1587 1608/749/1602
f 1599/742/1593 1600/739/1594 1615/746/1609
f 1591/743/1585 1592/741/1586 1607/750/1601
f 1598/744/1592 1599/742/1593 1614/751/1608
f 1601/728/1595 1591/743/1585 1606/752/1600
f 1597/730/1591 1598/744/1592 1613/753/1607
f 1602/729/1596 1601/728/1595 1616/754/1610
f 1596/731/1590 1597/730/1591 1612/755/1606
f 1603/732/1597 1602/729/1596 1617/756/1611
f 1595/733/1589 1596/731/1590 1611/757/1605
f 1603/732/1597 1618/758/1612 1619/760/1613
f 1594/735/1588 1595/733/1589 1610/759/1604
f 1604/734/1598 1619/760/1613 1620/748/1614
f 1593/737/1587 1594/735/1588 1609/761/1603
f 1611/757/1605 1612/755/1606 1627/762/1621
f 1618/758/1612 1617/756/1611 1632/764/1626
f 1610/759/1604 1611/757/1605 1626/763/1620
f 1618/758/1612 1633/765/1627 1634/767/1628
f 1609/761/1603 1610/759/1604 1625/766/1619
f 1619/760/1613 1634/767/1628 1635/769/1629
f 1608/749/1602 1609/761/1603 1624/768/1618
f 1607/750/1601 1608/749/1602 1623/770/1617
f 1614/751/1608 1615/746/1609 1630/772/1624
f 1606/752/1600 1607/750/1601 1622/774/1616
f 1613/753/1607 1614/751/1608 1629/775/1623
f 1616/754/1610 1606/752/1600 1621/776/1615
f 1612/755/1606 1613/753/1607 1628/777/1622
f 1617/756/1611 1616/754/1610 1631/778/1625
f 1622/774/1616 1623/770/1617 1638/779/1632
f 1629/775/1623 1630/772/1624 1645/781/1639
f 1621/776/1615 1622/774/1616 1637/780/1631
f 1628/777/1622 1629/775/1623 1644/782/1638
f 1631/778/1625 1621/776/1615 1636/783/1630
f 1627/762/1621 1628/777/1622 1643/784/1637
f 1632/764/1626 1631/778/1625 1646/785/1640
f 1626/763/1620 1627/762/1621 1642/786/1636
f 1633/765/1627 1632/764/1626 1647/787/1641
f 1625/766/1619 1626/763/1620 1641/788/1635
f 1633/765/1627 1648/789/1642 1649/791/1643
f 1624/768/1618 1625/766/1619 1640/790/1634
f 1634/767/1628 1649/791/1643 1650/793/1644
f 1623/770/1617 1624/768/1618 1639/792/1633
f 1648/789/1642 1647/787/1641 1662/796/1656
f 1640/790/1634 1641/788/1635 1656/798/1650
f 1649/791/1643 1648/789/1642 1663/797/1657
f 1639/792/1633 1640/790/1634 1655/799/1649
f 1649/791/1643 1664/800/1658 1665/802/1659
f 1638/779/1632 1639/792/1633 1654/801/1648
f 1637/780/1631 1638/779/1632 1653/803/1647
f 1644/782/1638 1645/781/1639 1660/805/1654
f 1636/783/1630 1637/780/1631 1652/807/1646
f 1643/784/1637 1644/782/1638 1659/808/1653
f 1646/785/1640 1636/783/1630 1651/809/1645
f 1642/786/1636 1643/784/1637 1658/810/1652
f 1647/787/1641 1646/785/1640 1661/811/1655
f 1641/788/1635 1642/786/1636 1657/812/1651
f 1659/808/1653 1660/805/1654 1675/813/1669
f 1651/809/1645 1652/807/1646 1667/815/1661
f 1658/810/1652 1659/808/1653 1674/814/1668
f 1661/811/1655 1651/809/1645 1666/816/1660
f 1657/812/1651 1658/810/1652 1673/817/1667
f 1662/796/1656 1661/811/1655 1676/818/1670
f 1656/798/1650 1657/812/1651 1672/819/1666
f 1663/797/1657 1662/796/1656 1677/820/1671
f 1655/799/1649 1656/798/1650 1671/821/1665
f 1664/800/1658 1663/797/1657 1678/822/1672
f 1654/801/1648 1655/799/1649 1670/823/1664
f 1664/800/1658 1679/824/1673 1680/826/1674
f 1653/803/1647 1654/801/1648 1669/825/1663
f 1652/807/1646 1653/803/1647 1668/827/1662
f 1670/823/1664 1671/821/1665 1686/830/1680
f 1679/824/1673 1678/822/1672 1693/832/1687
f 1669/825/1663 1670/823/1664 1685/831/1679
f 1680/826/1674 1679/824/1673 1694/833/1688
f 1668/827/1662 1669/825/1663 1684/834/1678
f 1667/815/1661 1668/827/1662 1683/836/1677
f 1674/814/1668 1675/813/1669 1690/838/1684
f 1666/816/1660 1667/815/1661 1682/840/1676
f 1673/817/1667 1674/814/1668 1689/841/1683
f 1676/818/1670 1666/816/1660 1681/842/1675
f 1672/819/1666 1673/817/1667 1688/843/1682
f 1677/820/1671 1676/818/1670 1691/844/1685
f 1671/821/1665 1672/819/1666 1687/845/1681
f 1678/822/1672 1677/820/1671 1692/846/1686
f 1681/842/1675 1682/840/1676 1697/847/1691
f 1688/843/1682 1689/841/1683 1704/849/1698
f 1691/844/1685 1681/842/1675 1696/848/1690
f 1687/845/1681 1688/843/1682 1703/850/1697
f 1692/846/1686 1691/844/1685 1706/851/1700
f 1686/830/1680 1687/845/1681 1702/852/1696
f 1693/832/1687 1692/846/1686 1707/853/1701
f 1685/831/1679 1686/830/1680 1701/854/1695
f 1694/833/1688 1693/832/1687 1708/855/1702
f 1684/834/1678 1685/831/1679 1700/856/1694
f 1695/835/1689 1694/833/1688 1709/857/1703
f 1683/836/1677 1684/834/1678 1699/858/1693
f 1682/840/1676 1683/836/1677 1698/860/1692
f 1689/841/1683 1690/838/1684 1705/862/1699
f 1709/857/1703 1708/855/1702 1723/864/1717
f 1699/858/1693 1700/856/1694 1715/866/1709
f 1710/859/1704 1709/857/1703 1724/865/1718
f 1698/860/1692 1699/858/1693 1714/867/1708
f 1697/847/1691 1698/860/1692 1713/869/1707
f 1704/849/1698 1705/862/1699 1720/871/1714
f 1696/848/1690 1697/847/1691 1712/873/1706
f 1703/850/1697 1704/849/1698 1719/874/1713
f 1706/851/1700 1696/848/1690 1711/875/1705
f 1702/852/1696 1703/850/1697 1718/876/1712
f 1707/853/1701 1706/851/1700 1721/877/1715
f 1701/854/1695 1702/852/1696 1717/878/1711
f 1708/855/1702 1707/853/1701 1722/879/1716
f 1700/856/1694 1701/854/1695 1716/880/1710
f 1721/877/1715 1711/875/1705 1726/881/1720
f 1717/878/1711 1718/876/1712 1733/883/1727
f 1722/879/1716 1721/877/1715 1736/882/1730
f 1716/880/1710 1717/878/1711 1732/884/1726
f 1723/864/1717 1722/879/1716 1737/885/1731
f 1715/866/1709 1716/880/1710 1731/886/1725
f 1724/865/1718 1723/864/1717 1738/887/1732
f 1714/867/1708 1715/866/1709 1730/888/1724
f 1725/868/1719 1724/865/1718 1739/889/1733
f 1713/869/1707 1714/867/1708 1729/890/1723
f 1712/873/1706 1713/869/1707 1728/892/1722
f 1719/874/1713 1720/871/1714 1735/894/1729
f 1711/875/1705 1712/873/1706 1727/896/1721
f 1718/876/1712 1719/874/1713 1734/897/1728
f 1740/891/1734 1739/889/1733 1755/898/1749
f 1728/892/1722 1729/890/1723 1744/900/1738
f 1727/896/1721 1728/892/1722 1743/901/1737
f 1735/894/1729 1750/903/1744 1749/906/1743
f 1726/881/1720 1727/896/1721 1742/905/1736
f 1733/883/1727 1734/897/1728 1749/906/1743
f 1736/882/1730 1726/881/1720 1741/907/1735
f 1732/884/1726 1733/883/1727 1748/908/1742
f 1737/885/1731 1736/882/1730 1752/909/1746
f 1731/886/1725 1732/884/1726 1747/910/1741
f 1738/887/1732 1737/885/1731 1753/911/1747
f 1730/888/1724 1731/886/1725 1746/912/1740
f 1739/889/1733 1738/887/1732 1754/913/1748
f 1729/890/1723 1730/888/1724 1745/914/1739
f 1747/910/1741 1748/908/1742 1764/915/1758
f 1753/911/1747 1752/909/1746 1767/917/1761
f 1746/912/1740 1747/910/1741 1763/916/1757
f 1754/913/1748 1753/911/1747 1768/918/1762
f 1745/914/1739 1746/912/1740 1762/919/1756
f 1755/898/1749 1754/913/1748 1769/920/1763
f 1744/900/1738 1745/914/1739 1761/921/1755
f 1756/899/1750 1755/898/1749 1770/922/1764
f 1743/901/1737 1744/900/1738 1760/923/1754
f 1742/905/1736 1743/901/1737 1759/925/1753
f 1750/903/1744 1766/927/1760 1765/930/1759
f 1741/907/1735 1742/905/1736 1758/929/1752
f 1748/908/1742 1749/906/1743 1765/930/1759
f 1752/909/1746 1741/907/1735 1757/931/1751
f 1759/925/1753 1760/923/1754 1775/932/1769
f 1758/929/1752 1759/925/1753 1774/933/1768
f 1766/927/1760 1781/935/1775 1780/939/1774
f 1757/931/1751 1758/929/1752 1773/938/1767
f 1765/930/1759 1780/939/1774 1779/941/1773
f 1767/917/1761 1757/931/1751 1772/940/1766
f 1763/916/1757 1764/915/1758 1779/941/1773
f 1768/918/1762 1767/917/1761 1782/942/1776
f 1762/919/1756 1763/916/1757 1778/943/1772
f 1769/920/1763 1768/918/1762 1783/944/1777
f 1761/921/1755 1762/919/1756 1777/945/1771
f 1770/922/1764 1769/920/1763 1784/946/1778
f 1760/923/1754 1761/921/1755 1776/947/1770
f 1771/924/1765 1770/922/1764 1785/948/1779
f 1783/944/1777 1782/942/1776 1797/949/1791
f 1777/945/1771 1778/943/1772 1793/951/1787
f 1784/946/1778 1783/944/1777 1798/950/1792
f 1776/947/1770 1777/945/1771 1792/952/1786
f 1785/948/1779 1784/946/1778 1799/953/1793
f 1775/932/1769 1776/947/1770 1791/954/1785
f 1786/937/1780 1785/948/1779 1800/955/1794
f 1774/933/1768 1775/932/1769 1790/956/1784
f 1773/938/1767 1774/933/1768 1789/958/1783
f 1781/935/1775 1796/960/1790 1795/963/1789
f 1772/940/1766 1773/938/1767 1788/962/1782
f 1780/939/1774 1795/963/1789 1794/965/1788
f 1782/942/1776 1772/940/1766 1787/964/1781
f 1778/943/1772 1779/941/1773 1794/965/1788
f 1788/962/1782 1789/958/1783 1804/970/1798
f 1796/960/1790 1811/967/1805 1810/972/1804
f 1787/964/1781 1788/962/1782 1803/971/1797
f 1795/963/1789 1810/972/1804 1809/974/1803
f 1797/949/1791 1787/964/1781 1802/973/1796
f 1793/951/1787 1794/965/1788 1809/974/1803
f 1798/950/1792 1797/949/1791 1812/975/1806
f 1792/952/1786 1793/951/1787 1808/976/1802
f 1799/953/1793 1798/950/1792 1813/977/1807
f 1791/954/1785 1792/952/1786 1807/978/1801
f 1800/955/1794 1799/953/1793 1814/979/1808
f 1790/956/1784 1791/954/1785 1806/980/1800
f 1801/957/1795 1800/955/1794 1815/981/1809
f 1789/958/1783 1790/956/1784 1805/982/1799
f 1807/983/1801 1808/1013/1802 1823/984/1817
f 1814/986/1808 1813/1014/1807 1828/987/1822
f 1806/989/1800 1807/983/1801 1822/985/1816
f 1815/991/1809 1814/986/1808 1829/988/1823
f 1805/993/1799 1806/989/1800 1821/990/1815
f 1816/995/1810 1815/991/1809 1830/992/1824
f 1804/997/1798 1805/993/1799 1820/994/1814
f 1803/1003/1797 1804/997/1798 1819/998/1813
f 1811/999/1805 1826/1001/1820 1825/1005/1819
f 1802/1007/1796 1803/1003/1797 1818/1004/1812
f 1810/1006/1804 1825/1005/1819 1824/1009/1818
f 1812/1011/1806 1802/1007/1796 1817/1008/1811
f 1808/1013/1802 1809/1010/1803 1824/1009/1818
f 1813/1014/1807 1812/1011/1806 1827/1012/1821
f 1819/998/1813 1834/1029/1828 1833/1015/1827
f 1825/1005/1819 1826/1001/1820 1841/1016/1835
f 1818/1004/1812 1833/1015/1827 1832/1018/1826
f 1824/1009/1818 1825/1005/1819 1840/1017/1834
f 1817/1008/1811 1832/1018/1826 1842/1020/1836
f 1823/984/1817 1824/1009/1818 1839/1019/1833
f 1827/1012/1821 1842/1020/1836 1843/1022/1837
f 1823/984/1817 1838/1021/1832 1837/1023/1831
f 1828/987/1822 1843/1022/1837 1844/1024/1838
f 1822/985/1816 1837/1023/1831 1836/1025/1830
f 1829/988/1823 1844/1024/1838 1845/1026/1839
f 1821/990/1815 1836/1025/1830 1835/1027/1829
f 1830/992/1824 1845/1026/1839 1846/1028/1840
f 1820/994/1814 1835/1027/1829 1834/1029/1828
f 1843/1022/1837 1858/1047/1852 1859/1032/1853
f 1837/1023/1831 1852/1048/1846 1851/1033/1845
f 1844/1024/1838 1859/1032/1853 1860/1034/1854
f 1836/1025/1830 1851/1033/1845 1850/1035/1844
f 1845/1026/1839 1860/1034/1854 1861/1036/1855
f 1835/1027/1829 1850/1035/1844 1849/1037/1843
f 1834/1029/1828 1849/1037/1843 1848/1041/1842
f 1840/1017/1834 1841/1016/1835 1856/1039/1850
f 1833/1015/1827 1848/1041/1842 1847/1043/1841
f 1839/1019/1833 1840/1017/1834 1855/1042/1849
f 1832/1018/1826 1847/1043/1841 1857/1045/1851
f 1839/1019/1833 1854/1044/1848 1853/1046/1847
f 1842/1020/1836 1857/1045/1851 1858/1047/1852
f 1838/1021/1832 1853/1046/1847 1852/1048/1846
f 1848/1041/1842 1863/1065/1857 1862/1049/1856
f 1854/1044/1848 1855/1042/1849 1870/1050/1864
f 1847/1043/1841 1862/1049/1856 1872/1052/1866
f 1854/1044/1848 1869/1051/1863 1868/1053/1862
f 1857/1045/1851 1872/1052/1866 1873/1054/1867
f 1853/1046/1847 1868/1053/1862 1867/1055/1861
f 1858/1047/1852 1873/1054/1867 1874/1056/1868
f 1852/1048/1846 1867/1055/1861 1866/1057/1860
f 1859/1032/1853 1874/1056/1868 1875/1058/1869
f 1851/1033/1845 1866/1057/1860 1865/1059/1859
f 1860/1034/1854 1875/1058/1869 1876/1060/1870
f 1850/1035/1844 1865/1059/1859 1864/1061/1858
f 1849/1037/1843 1864/1061/1858 1863/1065/1857
f 1855/1042/1849 1856/1039/1850 1871/1063/1865
f 1874/1056/1868 1889/1081/1883 1890/1066/1884
f 1866/1057/1860 1881/1082/1875 1880/1067/1874
f 1875/1058/1869 1890/1066/1884 1891/1068/1885
f 1865/1059/1859 1880/1067/1874 1879/1069/1873
f 1864/1061/1858 1879/1069/1873 1878/1073/1872
f 1870/1050/1864 1871/1063/1865 1886/1071/1880
f 1863/1065/1857 1878/1073/1872 1877/1075/1871
f 1869/1051/1863 1870/1050/1864 1885/1074/1879
f 1862/1049/1856 1877/1075/1871 1887/1077/1881
f 1869/1051/1863 1884/1076/1878 1883/1078/1877
f 1872/1052/1866 1887/1077/1881 1888/1079/1882
f 1868/1053/1862 1883/1078/1877 1882/1080/1876
f 1873/1054/1867 1888/1079/1882 1889/1081/1883
f 1867/1055/1861 1882/1080/1876 1881/1082/1875
f 1885/1074/1879 1900/1098/1894 1899/1083/1893
f 1877/1075/1871 1892/1099/1886 1902/1084/1896
f 1884/1076/1878 1899/1083/1893 1898/1085/1892
f 1887/1077/1881 1902/1084/1896 1903/1086/1897
f 1883/1078/1877 1898/1085/1892 1897/1087/1891
f 1888/1079/1882 1903/1086/1897 1904/1088/1898
f 1882/1080/1876 1897/1087/1891 1896/1089/1890
f 1889/1081/1883 1904/1088/1898 1905/1090/1899
f 1881/1082/1875 1896/1089/1890 1895/1091/1889
f 1890/1066/1884 1905/1090/1899 1906/1092/1900
f 1880/1067/1874 1895/1091/1889 1894/1093/1888
f 1879/1069/1873 1894/1093/1888 1893/1097/1887
f 1885/1074/1879 1886/1071/1880 1901/1095/1895
f 1878/1073/1872 1893/1097/1887 1892/1099/1886
f 1896/1089/1890 1911/1115/1905 1910/1100/1904
f 1905/1090/1899 1920/1116/1914 1921/1101/1915
f 1895/1091/1889 1910/1100/1904 1909/1102/1903
f 1894/1093/1888 1909/1102/1903 1908/1106/1902
f 1900/1098/1894 1901/1095/1895 1916/1104/1910
f 1893/1097/1887 1908/1106/1902 1907/1108/1901
f 1900/1098/1894 1915/1107/1909 1914/1109/1908
f 1892/1099/1886 1907/1108/1901 1917/1110/1911
f 1899/1083/1893 1914/1109/1908 1913/1111/1907
f 1902/1084/1896 1917/1110/1911 1918/1112/1912
f 1898/1085/1892 1913/1111/1907 1912/1113/1906
f 1903/1086/1897 1918/1112/1912 1919/1114/1913
f 1897/1087/1891 1912/1113/1906 1911/1115/1905
f 1904/1088/1898 1919/1114/1913 1920/1116/1914
f 1907/1108/1901 1922/580/1916 1503/573/1497
f 1914/1109/1908 1925/583/1919 1924/575/1918
f 1917/1110/1911 1503/573/1497 1926/571/1920
f 1913/1111/1907 1924/575/1918 1507/577/1501
f 1918/1112/1912 1926/571/1920 1502/563/1496
f 1912/1113/1906 1507/577/1501 1506/585/1500
f 1919/1114/1913 1502/563/1496 1927/565/1921
f 1911/1115/1905 1506/585/1500 1505/578/1499
f 1920/1116/1914 1927/565/1921 1928/588/1922
f 1910/1100/1904 1505/578/1499 1923/566/1917
f 1909/1102/1903 1923/566/1917 1504/568/1498
f 1916/1104/1910 1509/560/1503 1508/562/1502
f 1908/1106/1902 1504/568/1498 1922/580/1916
f 1915/1107/1909 1508/562/1502 1925/583/1919
f 1990/20/1984 1991/1120/1985 1969/15/1963
f 1984/1119/1978 1981/5/1975 1982/6/1976
f 2405/12/2399 1976/11/1970 1977/18/1971
f 2408/29/2402 1980/30/1974 1981/5/1975
f 1985/25/1979 1979/26/1973 1980/30/1974
f 2406/28/2400 1972/27/1966 1973/31/1967
f 1987/8/1981 1975/7/1969 1976/11/1970
f 2404/21/2398 1978/22/1972 1979/26/1973
f 1986/17/1980 1977/18/1971 1978/22/1972
f 2407/1121/2401 1971/23/1965 1972/27/1966
f 1988/1122/1982 1974/2/1968 1975/7/1969
f 1989/1/1983 1973/31/1967 1974/2/1968
f 2407/1121/2401 1990/20/1984 1970/19/1964
f 2409/4/2403 1982/6/1976 1983/10/1977
f 1974/2/1968 1963/37/1957 1962/39/1956
f 1981/5/1975 1980/30/1974 1957/34/1951
f 1972/27/1966 1965/49/1959 1964/35/1958
f 1973/31/1967 1964/35/1958 1963/37/1957
f 1975/7/1969 1962/39/1956 1961/41/1955
f 1982/6/1976 1981/5/1975 1956/36/1950
f 1979/26/1973 1978/22/1972 1959/47/1953
f 1983/10/1977 1982/6/1976 1955/38/1949
f 1980/30/1974 1979/26/1973 1958/33/1952
f 1976/11/1970 1961/41/1955 1960/45/1954
f 1977/18/1971 1960/45/1954 1959/47/1953
f 1969/15/1963 1968/43/1962 1967/46/1961
f 1970/19/1964 1967/46/1961 1966/48/1960
f 1971/23/1965 1966/48/1960 1965/49/1959
f 1954/40/1948 1955/38/1949 1952/63/1946
f 1955/38/1949 1956/36/1950 1951/61/1945
f 1956/36/1950 1957/34/1951 1950/59/1944
f 1967/46/1961 1940/54/1934 1941/56/1935
f 1968/43/1962 1939/66/1933 1940/54/1934
f 1965/49/1959 1942/58/1936 1943/60/1937
f 1958/33/1952 1959/47/1953 1948/55/1942
f 1959/47/1953 1960/45/1954 1947/53/1941
f 1966/48/1960 1941/56/1935 1942/58/1936
f 1961/41/1955 1946/52/1940 1947/53/1941
f 1962/39/1956 1945/64/1939 1946/52/1940
f 1957/34/1951 1958/33/1952 1949/57/1943
f 1963/37/1957 1944/62/1938 1945/64/1939
f 1964/35/1958 1943/60/1937 1944/62/1938
f 1943/60/1937 1934/83/1928 1933/69/1927
f 1950/59/1944 1949/57/1943 1992/81/1986
f 1951/61/1945 1950/59/1944 1993/67/1987
f 1941/56/1935 1936/80/1930 1935/82/1929
f 1942/58/1936 1935/82/1929 1934/83/1928
f 1944/62/1938 1933/69/1927 1932/71/1926
f 1948/55/1942 1947/53/1941 1930/77/1924
f 1949/57/1943 1948/55/1942 1929/79/1923
f 1945/64/1939 1932/71/1926 1931/73/1925
f 1946/52/1940 1931/73/1925 1930/77/1924
f 1939/66/1933 1938/75/1932 1937/78/1931
f 1952/63/1946 1951/61/1945 1994/68/1988
f 1940/54/1934 1937/78/1931 1936/80/1930
f 1953/51/1947 1952/63/1946 1995/70/1989
f 1995/70/1989 1994/68/1988 2010/92/2004
f 1934/83/1928 2003/91/1997 2002/93/1996
f 1936/80/1930 2005/87/1999 2004/89/1998
f 1937/78/1931 2006/84/2000 2005/87/1999
f 1935/82/1929 2004/89/1998 2003/91/1997
f 1992/81/1986 1929/79/1923 1998/86/1992
f 1929/79/1923 1930/77/1924 1999/85/1993
f 1938/75/1932 2007/99/2001 2006/84/2000
f 1930/77/1924 1931/73/1925 2000/97/1994
f 1994/68/1988 1993/67/1987 2009/90/2003
f 1993/67/1987 1992/81/1986 2008/88/2002
f 1932/71/1926 2001/95/1995 2000/97/1994
f 1933/69/1927 2002/93/1996 2001/95/1995
f 1996/72/1990 1995/70/1989 2011/94/2005
f 1998/86/1992 1999/85/1993 2014/110/2008
f 2004/89/1998 2019/115/2013 2018/117/2012
f 2008/88/2002 1998/86/1992 2013/112/2007
f 2003/91/1997 2018/117/2012 2017/101/2011
f 2009/90/2003 2008/88/2002 2023/114/2017
f 2010/92/2004 2009/90/2003 2024/116/2018
f 2011/94/2005 2010/92/2004 2025/102/2019
f 2012/96/2006 2011/94/2005 2026/103/2020
f 2002/93/1996 2017/101/2011 2016/104/2010
f 2007/99/2001 2022/108/2016 2021/111/2015
f 2001/95/1995 2016/104/2010 2015/106/2009
f 2006/84/2000 2021/111/2015 2020/113/2014
f 1999/85/1993 2000/97/1994 2015/106/2009
f 2005/87/1999 2020/113/2014 2019/115/2013
f 2017/101/2011 2032/126/2026 2031/128/2025
f 2027/105/2021 2026/103/2020 2041/127/2035
f 2016/104/2010 2031/128/2025 2030/130/2024
f 2014/110/2008 2015/106/2009 2030/130/2024
f 2022/108/2016 2037/132/2031 2036/134/2030
f 2013/112/2007 2014/110/2008 2029/118/2023
f 2021/111/2015 2036/134/2030 2035/120/2029
f 2023/114/2017 2013/112/2007 2028/119/2022
f 2020/113/2014 2035/120/2029 2034/122/2028
f 2024/116/2018 2023/114/2017 2038/121/2032
f 2019/115/2013 2034/122/2028 2033/124/2027
f 2025/102/2019 2024/116/2018 2039/123/2033
f 2018/117/2012 2033/124/2027 2032/126/2026
f 2026/103/2020 2025/102/2019 2040/125/2034
f 2038/121/2032 2028/119/2022 2043/145/2037
f 2035/120/2029 2050/146/2044 2049/148/2043
f 2039/123/2033 2038/121/2032 2053/147/2047
f 2034/122/2028 2049/148/2043 2048/150/2042
f 2040/125/2034 2039/123/2033 2054/149/2048
f 2033/124/2027 2048/150/2042 2047/151/2041
f 2041/127/2035 2040/125/2034 2055/135/2049
f 2032/126/2026 2047/151/2041 2046/137/2040
f 2042/129/2036 2041/127/2035 2056/136/2050
f 2031/128/2025 2046/137/2040 2045/139/2039
f 2029/118/2023 2030/130/2024 2045/139/2039
f 2037/132/2031 2052/141/2046 2051/144/2045
f 2028/119/2022 2029/118/2023 2044/143/2038
f 2036/134/2030 2051/144/2045 2050/146/2044
f 2057/138/2051 2056/136/2050 2071/160/2065
f 2045/139/2039 2046/137/2040 2061/161/2055
f 2044/143/2038 2045/139/2039 2060/163/2054
f 2052/141/2046 2067/165/2061 2066/152/2060
f 2043/145/2037 2044/143/2038 2059/167/2053
f 2051/144/2045 2066/152/2060 2065/153/2059
f 2053/147/2047 2043/145/2037 2058/168/2052
f 2050/146/2044 2065/153/2059 2064/155/2058
f 2054/149/2048 2053/147/2047 2068/154/2062
f 2049/148/2043 2064/155/2058 2063/157/2057
f 2055/135/2049 2054/149/2048 2069/156/2063
f 2048/150/2042 2063/157/2057 2062/159/2056
f 2056/136/2050 2055/135/2049 2070/158/2064
f 2046/137/2040 2047/151/2041 2062/159/2056
f 2068/154/2062 2083/180/2077 2084/182/2078
f 2063/157/2057 2064/155/2058 2079/181/2073
f 2069/156/2063 2084/182/2078 2085/184/2079
f 2062/159/2056 2063/157/2057 2078/183/2072
f 2070/158/2064 2085/184/2079 2086/185/2080
f 2061/161/2055 2062/159/2056 2077/169/2071
f 2071/160/2065 2086/185/2080 2087/171/2081
f 2060/163/2054 2061/161/2055 2076/170/2070
f 2059/167/2053 2060/163/2054 2075/172/2069
f 2066/152/2060 2067/165/2061 2082/174/2076
f 2059/167/2053 2074/176/2068 2073/178/2067
f 2065/153/2059 2066/152/2060 2081/177/2075
f 2058/168/2052 2073/178/2067 2083/180/2077
f 2064/155/2058 2065/153/2059 2080/179/2074
f 2074/176/2068 2075/172/2069 2090/196/2084
f 2081/177/2075 2082/174/2076 2097/198/2091
f 2074/176/2068 2089/200/2083 2088/202/2082
f 2080/179/2074 2081/177/2075 2096/201/2090
f 2073/178/2067 2088/202/2082 2098/186/2092
f 2079/181/2073 2080/179/2074 2095/187/2089
f 2083/180/2077 2098/186/2092 2099/189/2093
f 2078/183/2072 2079/181/2073 2094/188/2088
f 2084/182/2078 2099/189/2093 2100/191/2094
f 2077/169/2071 2078/183/2072 2093/190/2087
f 2085/184/2079 2100/191/2094 2101/193/2095
f 2076/170/2070 2077/169/2071 2092/192/2086
f 2086/185/2080 2101/193/2095 2102/195/2096
f 2075/172/2069 2076/170/2070 2091/194/2085
f 2093/190/2087 2094/188/2088 2109/214/2103
f 2099/189/2093 2114/215/2108 2115/217/2109
f 2092/192/2086 2093/190/2087 2108/216/2102
f 2100/191/2094 2115/217/2109 2116/219/2110
f 2091/194/2085 2092/192/2086 2107/218/2101
f 2101/193/2095 2116/219/2110 2117/203/2111
f 2090/196/2084 2091/194/2085 2106/204/2100
f 2089/200/2083 2090/196/2084 2105/205/2099
f 2096/201/2090 2097/198/2091 2112/207/2106
f 2089/200/2083 2104/209/2098 2103/211/2097
f 2095/187/2089 2096/201/2090 2111/210/2105
f 2088/202/2082 2103/211/2097 2113/213/2107
f 2094/188/2088 2095/187/2089 2110/212/2104
f 2098/186/2092 2113/213/2107 2114/215/2108
f 2104/209/2098 2105/205/2099 2120/228/2114
f 2111/210/2105 2112/207/2106 2127/230/2121
f 2104/209/2098 2119/232/2113 2118/234/2112
f 2110/212/2104 2111/210/2105 2126/233/2120
f 2103/211/2097 2118/234/2112 2128/236/2122
f 2109/214/2103 2110/212/2104 2125/235/2119
f 2113/213/2107 2128/236/2122 2129/220/2123
f 2108/216/2102 2109/214/2103 2124/221/2118
f 2114/215/2108 2129/220/2123 2130/223/2124
f 2107/218/2101 2108/216/2102 2123/222/2117
f 2115/217/2109 2130/223/2124 2131/225/2125
f 2106/204/2100 2107/218/2101 2122/224/2116
f 2116/219/2110 2131/225/2125 2132/227/2126
f 2105/205/2099 2106/204/2100 2121/226/2115
f 2129/220/2123 2144/247/2138 2145/249/2139
f 2122/224/2116 2123/222/2117 2138/248/2132
f 2130/223/2124 2145/249/2139 2146/251/2140
f 2121/226/2115 2122/224/2116 2137/250/2131
f 2131/225/2125 2146/251/2140 2147/240/2141
f 2120/228/2114 2121/226/2115 2136/252/2130
f 2119/232/2113 2120/228/2114 2135/253/2129
f 2126/233/2120 2127/230/2121 2142/238/2136
f 2119/232/2113 2134/241/2128 2133/243/2127
f 2125/235/2119 2126/233/2120 2141/242/2135
f 2118/234/2112 2133/243/2127 2143/245/2137
f 2124/221/2118 2125/235/2119 2140/244/2134
f 2128/236/2122 2143/245/2137 2144/247/2138
f 2123/222/2117 2124/221/2118 2139/246/2133
f 2141/242/2135 2142/238/2136 2157/263/2151
f 2134/241/2128 2149/265/2143 2148/267/2142
f 2140/244/2134 2141/242/2135 2156/266/2150
f 2133/243/2127 2148/267/2142 2158/269/2152
f 2139/246/2133 2140/244/2134 2155/268/2149
f 2143/245/2137 2158/269/2152 2159/270/2153
f 2138/248/2132 2139/246/2133 2154/254/2148
f 2144/247/2138 2159/270/2153 2160/256/2154
f 2137/250/2131 2138/248/2132 2153/255/2147
f 2145/249/2139 2160/256/2154 2161/258/2155
f 2136/252/2130 2137/250/2131 2152/257/2146
f 2146/251/2140 2161/258/2155 2162/260/2156
f 2135/253/2129 2136/252/2130 2151/259/2145
f 2134/241/2128 2135/253/2129 2150/261/2144
f 2152/257/2146 2153/255/2147 2168/279/2162
f 2160/256/2154 2175/280/2169 2176/282/2170
f 2151/259/2145 2152/257/2146 2167/281/2161
f 2161/258/2155 2176/282/2170 2177/284/2171
f 2150/261/2144 2151/259/2145 2166/283/2160
f 2149/265/2143 2150/261/2144 2165/285/2159
f 2156/266/2150 2157/263/2151 2172/272/2166
f 2148/267/2142 2149/265/2143 2164/271/2158
f 2155/268/2149 2156/266/2150 2171/273/2165
f 2148/267/2142 2163/274/2157 2173/276/2167
f 2154/254/2148 2155/268/2149 2170/275/2164
f 2158/269/2152 2173/276/2167 2174/278/2168
f 2153/255/2147 2154/254/2148 2169/277/2163
f 2159/270/2153 2174/278/2168 2175/280/2169
f 2163/274/2157 2164/271/2158 2179/298/2173
f 2170/275/2164 2171/273/2165 2186/299/2180
f 2173/276/2167 2163/274/2157 2178/300/2172
f 2169/277/2163 2170/275/2164 2185/301/2179
f 2174/278/2168 2173/276/2167 2188/302/2182
f 2168/279/2162 2169/277/2163 2184/303/2178
f 2175/280/2169 2174/278/2168 2189/288/2183
f 2167/281/2161 2168/279/2162 2183/304/2177
f 2175/280/2169 2190/289/2184 2191/291/2185
f 2166/283/2160 2167/281/2161 2182/290/2176
f 2176/282/2170 2191/291/2185 2192/293/2186
f 2165/285/2159 2166/283/2160 2181/292/2175
f 2164/271/2158 2165/285/2159 2180/294/2174
f 2171/273/2165 2172/272/2166 2187/296/2181
f 2191/291/2185 2190/289/2184 2205/313/2199
f 2181/292/2175 2182/290/2176 2197/314/2191
f 2192/293/2186 2191/291/2185 2206/315/2200
f 2180/294/2174 2181/292/2175 2196/316/2190
f 2179/298/2173 2180/294/2174 2195/318/2189
f 2187/296/2181 2202/320/2196 2201/305/2195
f 2178/300/2172 2179/298/2173 2194/306/2188
f 2186/299/2180 2201/305/2195 2200/308/2194
f 2188/302/2182 2178/300/2172 2193/307/2187
f 2185/301/2179 2200/308/2194 2199/310/2193
f 2189/288/2183 2188/302/2182 2203/309/2197
f 2184/303/2178 2199/310/2193 2198/312/2192
f 2190/289/2184 2189/288/2183 2204/311/2198
f 2183/304/2177 2198/312/2192 2197/314/2191
f 2203/309/2197 2193/307/2187 2208/333/2202
f 2200/308/2194 2215/334/2209 2214/336/2208
f 2204/311/2198 2203/309/2197 2218/335/2212
f 2199/310/2193 2214/336/2208 2213/338/2207
f 2205/313/2199 2204/311/2198 2219/337/2213
f 2198/312/2192 2213/338/2207 2212/322/2206
f 2206/315/2200 2205/313/2199 2220/323/2214
f 2197/314/2191 2212/322/2206 2211/325/2205
f 2207/317/2201 2206/315/2200 2221/324/2215
f 2195/318/2189 2196/316/2190 2211/325/2205
f 2194/306/2188 2195/318/2189 2210/327/2204
f 2202/320/2196 2217/329/2211 2216/332/2210
f 2193/307/2187 2194/306/2188 2209/331/2203
f 2201/305/2195 2216/332/2210 2215/334/2209
f 2222/326/2216 2221/324/2215 2237/348/2231
f 2210/327/2204 2211/325/2205 2226/349/2220
f 2209/331/2203 2210/327/2204 2225/351/2219
f 2217/329/2211 2232/353/2226 2231/355/2225
f 2208/333/2202 2209/331/2203 2224/339/2218
f 2216/332/2210 2231/355/2225 2230/341/2224
f 2218/335/2212 2208/333/2202 2223/340/2217
f 2215/334/2209 2230/341/2224 2229/343/2223
f 2219/337/2213 2218/335/2212 2234/342/2228
f 2214/336/2208 2229/343/2223 2228/345/2222
f 2220/323/2214 2219/337/2213 2235/344/2229
f 2213/338/2207 2228/345/2222 2227/347/2221
f 2221/324/2215 2220/323/2214 2236/346/2230
f 2212/322/2206 2227/347/2221 2226/349/2220
f 2230/341/2224 2246/367/2240 2245/369/2239
f 2235/344/2229 2234/342/2228 2249/368/2243
f 2229/343/2223 2245/369/2239 2244/371/2238
f 2236/346/2230 2235/344/2229 2250/370/2244
f 2228/345/2222 2244/371/2238 2243/372/2237
f 2237/348/2231 2236/346/2230 2251/356/2245
f 2227/347/2221 2243/372/2237 2242/358/2236
f 2238/350/2232 2237/348/2231 2252/357/2246
f 2226/349/2220 2242/358/2236 2241/360/2235
f 2224/339/2218 2225/351/2219 2241/360/2235
f 2232/353/2226 2248/362/2242 2247/365/2241
f 2223/340/2217 2224/339/2218 2240/364/2234
f 2231/355/2225 2247/365/2241 2246/367/2240
f 2234/342/2228 2223/340/2217 2239/366/2233
f 2242/358/2236 2257/381/2251 2256/383/2250
f 2240/364/2234 2241/360/2235 2256/383/2250
f 2248/362/2242 2263/385/2257 2262/388/2256
f 2239/366/2233 2240/364/2234 2255/387/2249
f 2247/365/2241 2262/388/2256 2261/389/2255
f 2249/368/2243 2239/366/2233 2254/373/2248
f 2246/367/2240 2261/389/2255 2260/375/2254
f 2250/370/2244 2249/368/2243 2264/374/2258
f 2245/369/2239 2260/375/2254 2259/377/2253
f 2251/356/2245 2250/370/2244 2265/376/2259
f 2244/371/2238 2259/377/2253 2258/379/2252
f 2252/357/2246 2251/356/2245 2266/378/2260
f 2243/372/2237 2258/379/2252 2257/381/2251
f 2253/359/2247 2252/357/2246 2267/380/2261
f 2265/376/2259 2264/374/2258 2279/400/2273
f 2260/375/2254 2275/401/2269 2274/403/2268
f 2266/378/2260 2265/376/2259 2280/402/2274
f 2259/377/2253 2274/403/2268 2273/405/2267
f 2267/380/2261 2266/378/2260 2281/404/2275
f 2258/379/2252 2273/405/2267 2272/406/2266
f 2268/382/2262 2267/380/2261 2282/390/2276
f 2257/381/2251 2272/406/2266 2271/392/2265
f 2255/387/2249 2256/383/2250 2271/392/2265
f 2263/385/2257 2278/394/2272 2277/397/2271
f 2254/373/2248 2255/387/2249 2270/396/2264
f 2262/388/2256 2277/397/2271 2276/399/2270
f 2264/374/2258 2254/373/2248 2269/398/2263
f 2261/389/2255 2276/399/2270 2275/401/2269
f 2270/396/2264 2271/392/2265 2286/416/2280
f 2278/394/2272 2293/418/2287 2292/421/2286
f 2269/398/2263 2270/396/2264 2285/420/2279
f 2277/397/2271 2292/421/2286 2291/423/2285
f 2279/400/2273 2269/398/2263 2284/422/2278
f 2276/399/2270 2291/423/2285 2290/407/2284
f 2280/402/2274 2279/400/2273 2294/408/2288
f 2275/401/2269 2290/407/2284 2289/410/2283
f 2281/404/2275 2280/402/2274 2295/409/2289
f 2274/403/2268 2289/410/2283 2288/412/2282
f 2282/390/2276 2281/404/2275 2296/411/2290
f 2273/405/2267 2288/412/2282 2287/414/2281
f 2283/391/2277 2282/390/2276 2297/413/2291
f 2272/406/2266 2287/414/2281 2286/416/2280
f 2290/443/2284 2305/444/2299 2304/448/2298
f 2296/450/2290 2295/446/2289 2310/445/2304
f 2289/447/2283 2304/448/2298 2303/452/2297
f 2297/454/2291 2296/450/2290 2311/449/2305
f 2288/451/2282 2303/452/2297 2302/425/2296
f 2298/431/2292 2297/454/2291 2312/453/2306
f 2287/455/2281 2302/425/2296 2301/426/2295
f 2286/424/2280 2301/426/2295 2300/433/2294
f 2293/427/2287 2308/429/2302 2307/436/2301
f 2285/434/2279 2300/433/2294 2299/437/2293
f 2292/435/2286 2307/436/2301 2306/440/2300
f 2294/442/2288 2284/438/2278 2299/437/2293
f 2291/439/2285 2306/440/2300 2305/444/2299
f 2295/446/2289 2294/442/2288 2309/441/2303
f 2301/426/2295 2316/464/2310 2315/468/2309
f 2307/436/2301 2308/429/2302 2323/466/2317
f 2300/433/2294 2315/468/2309 2314/470/2308
f 2306/440/2300 2307/436/2301 2322/469/2316
f 2299/437/2293 2314/470/2308 2324/472/2318
f 2305/444/2299 2306/440/2300 2321/471/2315
f 2309/441/2303 2324/472/2318 2325/456/2319
f 2304/448/2298 2305/444/2299 2320/457/2314
f 2310/445/2304 2325/456/2319 2326/459/2320
f 2303/452/2297 2304/448/2298 2319/458/2313
f 2311/449/2305 2326/459/2320 2327/461/2321
f 2302/425/2296 2303/452/2297 2318/460/2312
f 2312/453/2306 2327/461/2321 2328/463/2322
f 2302/425/2296 2317/462/2311 2316/464/2310
f 2325/456/2319 2340/483/2334 2341/485/2335
f 2318/460/2312 2319/458/2313 2334/484/2328
f 2326/459/2320 2341/485/2335 2342/487/2336
f 2317/462/2311 2318/460/2312 2333/486/2327
f 2327/461/2321 2342/487/2336 2343/476/2337
f 2317/462/2311 2332/488/2326 2331/489/2325
f 2316/464/2310 2331/489/2325 2330/477/2324
f 2322/469/2316 2323/466/2317 2338/474/2332
f 2315/468/2309 2330/477/2324 2329/479/2323
f 2321/471/2315 2322/469/2316 2337/478/2331
f 2314/470/2308 2329/479/2323 2339/481/2333
f 2320/457/2314 2321/471/2315 2336/480/2330
f 2324/472/2318 2339/481/2333 2340/483/2334
f 2319/458/2313 2320/457/2314 2335/482/2329
f 2330/477/2324 2345/501/2339 2344/503/2338
f 2336/480/2330 2337/478/2331 2352/502/2346
f 2329/479/2323 2344/503/2338 2354/505/2348
f 2335/482/2329 2336/480/2330 2351/504/2345
f 2339/481/2333 2354/505/2348 2355/506/2349
f 2334/484/2328 2335/482/2329 2350/490/2344
f 2340/483/2334 2355/506/2349 2356/492/2350
f 2333/486/2327 2334/484/2328 2349/491/2343
f 2341/485/2335 2356/492/2350 2357/494/2351
f 2332/488/2326 2333/486/2327 2348/493/2342
f 2342/487/2336 2357/494/2351 2358/496/2352
f 2332/488/2326 2347/495/2341 2346/497/2340
f 2331/489/2325 2346/497/2340 2345/501/2339
f 2337/478/2331 2338/474/2332 2353/499/2347
f 2356/492/2350 2371/516/2365 2372/518/2366
f 2347/495/2341 2348/493/2342 2363/517/2357
f 2357/494/2351 2372/518/2366 2373/520/2367
f 2347/495/2341 2362/519/2356 2361/521/2355
f 2346/497/2340 2361/521/2355 2360/507/2354
f 2352/502/2346 2353/499/2347 2368/508/2362
f 2345/501/2339 2360/507/2354 2359/510/2353
f 2351/504/2345 2352/502/2346 2367/509/2361
f 2344/503/2338 2359/510/2353 2369/512/2363
f 2350/490/2344 2351/504/2345 2366/511/2360
f 2354/505/2348 2369/512/2363 2370/514/2364
f 2349/491/2343 2350/490/2344 2365/513/2359
f 2355/506/2349 2370/514/2364 2371/516/2365
f 2348/493/2342 2349/491/2343 2364/515/2358
f 2366/511/2360 2367/509/2361 2382/535/2376
f 2359/510/2353 2374/536/2368 2384/538/2378
f 2365/513/2359 2366/511/2360 2381/537/2375
f 2369/512/2363 2384/538/2378 2385/540/2379
f 2364/515/2358 2365/513/2359 2380/539/2374
f 2370/514/2364 2385/540/2379 2386/524/2380
f 2363/517/2357 2364/515/2358 2379/525/2373
f 2371/516/2365 2386/524/2380 2387/527/2381
f 2362/519/2356 2363/517/2357 2378/526/2372
f 2372/518/2366 2387/527/2381 2388/529/2382
f 2362/519/2356 2377/528/2371 2376/530/2370
f 2361/521/2355 2376/530/2370 2375/534/2369
f 2367/509/2361 2368/508/2362 2383/532/2377
f 2360/507/2354 2375/534/2369 2374/536/2368
f 2377/528/2371 2378/526/2372 2393/549/2387
f 2387/527/2381 2402/550/2396 2403/552/2397
f 2377/528/2371 2392/551/2386 2391/553/2385
f 2376/530/2370 2391/553/2385 2390/557/2384
f 2382/535/2376 2383/532/2377 2398/555/2392
f 2375/534/2369 2390/557/2384 2389/541/2383
f 2381/537/2375 2382/535/2376 2397/542/2391
f 2374/536/2368 2389/541/2383 2399/544/2393
f 2380/539/2374 2381/537/2375 2396/543/2390
f 2384/538/2378 2399/544/2393 2400/546/2394
f 2379/525/2373 2380/539/2374 2395/545/2389
f 2385/540/2379 2400/546/2394 2401/548/2395
f 2378/526/2372 2379/525/2373 2394/547/2388
f 2386/524/2380 2401/548/2395 2402/550/2396
f 2389/541/2383 2404/21/2398 1985/25/1979
f 2395/545/2389 2396/543/2390 2407/1121/2401
f 2399/544/2393 1985/25/1979 2408/29/2402
f 2394/547/2388 2395/545/2389 2406/28/2400
f 2400/546/2394 2408/29/2402 1984/1119/1978
f 2393/549/2387 2394/547/2388 1989/1/1983
f 2401/548/2395 1984/1119/1978 2409/4/2403
f 2393/549/2387 1988/1122/1982 1987/8/1981
f 2402/550/2396 2409/4/2403 2410/9/2404
f 2392/551/2386 1987/8/1981 2405/12/2399
f 2391/553/2385 2405/12/2399 1986/17/1980
f 2397/542/2391 2398/555/2392 1991/1120/1985
f 2390/557/2384 1986/17/1980 2404/21/2398
f 2396/543/2390 2397/542/2391 1990/20/1984
f 2472/20/2466 2473/1120/2467 2451/15/2445
f 2466/1119/2460 2463/5/2457 2464/6/2458
f 2887/12/2881 2458/11/2452 2459/18/2453
f 2890/29/2884 2462/30/2456 2463/5/2457
f 2467/25/2461 2461/26/2455 2462/30/2456
f 2888/28/2882 2454/27/2448 2455/31/2449
f 2469/8/2463 2457/7/2451 2458/11/2452
f 2886/21/2880 2460/22/2454 2461/26/2455
f 2468/17/2462 2459/18/2453 2460/22/2454
f 2889/1121/2883 2453/23/2447 2454/27/2448
f 2470/1122/2464 2456/2/2450 2457/7/2451
f 2471/1/2465 2455/31/2449 2456/2/2450
f 2889/1121/2883 2472/20/2466 2452/19/2446
f 2891/4/2885 2464/6/2458 2465/10/2459
f 2456/2/2450 2445/37/2439 2444/39/2438
f 2463/5/2457 2462/30/2456 2439/34/2433
f 2454/27/2448 2447/49/2441 2446/35/2440
f 2455/31/2449 2446/35/2440 2445/37/2439
f 2457/7/2451 2444/39/2438 2443/41/2437
f 2464/6/2458 2463/5/2457 2438/36/2432
f 2461/26/2455 2460/22/2454 2441/47/2435
f 2465/10/2459 2464/6/2458 2437/38/2431
f 2462/30/2456 2461/26/2455 2440/33/2434
f 2458/11/2452 2443/41/2437 2442/45/2436
f 2459/18/2453 2442/45/2436 2441/47/2435
f 2451/15/2445 2450/43/2444 2449/46/2443
f 2452/19/2446 2449/46/2443 2448/48/2442
f 2453/23/2447 2448/48/2442 2447/49/2441
f 2436/40/2430 2437/38/2431 2434/63/2428
f 2437/38/2431 2438/36/2432 2433/61/2427
f 2438/36/2432 2439/34/2433 2432/59/2426
f 2449/46/2443 2422/54/2416 2423/56/2417
f 2450/43/2444 2421/66/2415 2422/54/2416
f 2447/49/2441 2424/58/2418 2425/60/2419
f 2440/33/2434 2441/47/2435 2430/55/2424
f 2441/47/2435 2442/45/2436 2429/53/2423
f 2448/48/2442 2423/56/2417 2424/58/2418
f 2443/41/2437 2428/52/2422 2429/53/2423
f 2444/39/2438 2427/64/2421 2428/52/2422
f 2439/34/2433 2440/33/2434 2431/57/2425
f 2445/37/2439 2426/62/2420 2427/64/2421
f 2446/35/2440 2425/60/2419 2426/62/2420
f 2425/60/2419 2416/83/2410 2415/69/2409
f 2432/59/2426 2431/57/2425 2474/81/2468
f 2433/61/2427 2432/59/2426 2475/67/2469
f 2423/56/2417 2418/80/2412 2417/82/2411
f 2424/58/2418 2417/82/2411 2416/83/2410
f 2426/62/2420 2415/69/2409 2414/71/2408
f 2430/55/2424 2429/53/2423 2412/77/2406
f 2431/57/2425 2430/55/2424 2411/79/2405
f 2427/64/2421 2414/71/2408 2413/73/2407
f 2428/52/2422 2413/73/2407 2412/77/2406
f 2421/66/2415 2420/75/2414 2419/78/2413
f 2434/63/2428 2433/61/2427 2476/68/2470
f 2422/54/2416 2419/78/2413 2418/80/2412
f 2435/51/2429 2434/63/2428 2477/70/2471
f 2477/70/2471 2476/68/2470 2492/92/2486
f 2416/83/2410 2485/91/2479 2484/93/2478
f 2418/80/2412 2487/87/2481 2486/89/2480
f 2419/78/2413 2488/84/2482 2487/87/2481
f 2417/82/2411 2486/89/2480 2485/91/2479
f 2474/81/2468 2411/79/2405 2480/86/2474
f 2411/79/2405 2412/77/2406 2481/85/2475
f 2420/75/2414 2489/99/2483 2488/84/2482
f 2412/77/2406 2413/73/2407 2482/97/2476
f 2476/68/2470 2475/67/2469 2491/90/2485
f 2475/67/2469 2474/81/2468 2490/88/2484
f 2414/71/2408 2483/95/2477 2482/97/2476
f 2415/69/2409 2484/93/2478 2483/95/2477
f 2478/72/2472 2477/70/2471 2493/94/2487
f 2480/86/2474 2481/85/2475 2496/110/2490
f 2486/89/2480 2501/115/2495 2500/117/2494
f 2490/88/2484 2480/86/2474 2495/112/2489
f 2485/91/2479 2500/117/2494 2499/101/2493
f 2491/90/2485 2490/88/2484 2505/114/2499
f 2492/92/2486 2491/90/2485 2506/116/2500
f 2493/94/2487 2492/92/2486 2507/102/2501
f 2494/96/2488 2493/94/2487 2508/103/2502
f 2484/93/2478 2499/101/2493 2498/104/2492
f 2489/99/2483 2504/108/2498 2503/111/2497
f 2483/95/2477 2498/104/2492 2497/106/2491
f 2488/84/2482 2503/111/2497 2502/113/2496
f 2481/85/2475 2482/97/2476 2497/106/2491
f 2487/87/2481 2502/113/2496 2501/115/2495
f 2499/101/2493 2514/126/2508 2513/128/2507
f 2509/105/2503 2508/103/2502 2523/127/2517
f 2498/104/2492 2513/128/2507 2512/130/2506
f 2496/110/2490 2497/106/2491 2512/130/2506
f 2504/108/2498 2519/132/2513 2518/134/2512
f 2495/112/2489 2496/110/2490 2511/118/2505
f 2503/111/2497 2518/134/2512 2517/120/2511
f 2505/114/2499 2495/112/2489 2510/119/2504
f 2502/113/2496 2517/120/2511 2516/122/2510
f 2506/116/2500 2505/114/2499 2520/121/2514
f 2501/115/2495 2516/122/2510 2515/124/2509
f 2507/102/2501 2506/116/2500 2521/123/2515
f 2500/117/2494 2515/124/2509 2514/126/2508
f 2508/103/2502 2507/102/2501 2522/125/2516
f 2520/121/2514 2510/119/2504 2525/145/2519
f 2517/120/2511 2532/146/2526 2531/148/2525
f 2521/123/2515 2520/121/2514 2535/147/2529
f 2516/122/2510 2531/148/2525 2530/150/2524
f 2522/125/2516 2521/123/2515 2536/149/2530
f 2515/124/2509 2530/150/2524 2529/151/2523
f 2523/127/2517 2522/125/2516 2537/135/2531
f 2514/126/2508 2529/151/2523 2528/137/2522
f 2524/129/2518 2523/127/2517 2538/136/2532
f 2513/128/2507 2528/137/2522 2527/139/2521
f 2511/118/2505 2512/130/2506 2527/139/2521
f 2519/132/2513 2534/141/2528 2533/144/2527
f 2510/119/2504 2511/118/2505 2526/143/2520
f 2518/134/2512 2533/144/2527 2532/146/2526
f 2539/138/2533 2538/136/2532 2553/160/2547
f 2527/139/2521 2528/137/2522 2543/161/2537
f 2526/143/2520 2527/139/2521 2542/163/2536
f 2534/141/2528 2549/165/2543 2548/152/2542
f 2525/145/2519 2526/143/2520 2541/167/2535
f 2533/144/2527 2548/152/2542 2547/153/2541
f 2535/147/2529 2525/145/2519 2540/168/2534
f 2532/146/2526 2547/153/2541 2546/155/2540
f 2536/149/2530 2535/147/2529 2550/154/2544
f 2531/148/2525 2546/155/2540 2545/157/2539
f 2537/135/2531 2536/149/2530 2551/156/2545
f 2530/150/2524 2545/157/2539 2544/159/2538
f 2538/136/2532 2537/135/2531 2552/158/2546
f 2528/137/2522 2529/151/2523 2544/159/2538
f 2550/154/2544 2565/180/2559 2566/182/2560
f 2545/157/2539 2546/155/2540 2561/181/2555
f 2551/156/2545 2566/182/2560 2567/184/2561
f 2544/159/2538 2545/157/2539 2560/183/2554
f 2552/158/2546 2567/184/2561 2568/185/2562
f 2543/161/2537 2544/159/2538 2559/169/2553
f 2553/160/2547 2568/185/2562 2569/171/2563
f 2542/163/2536 2543/161/2537 2558/170/2552
f 2541/167/2535 2542/163/2536 2557/172/2551
f 2548/152/2542 2549/165/2543 2564/174/2558
f 2541/167/2535 2556/176/2550 2555/178/2549
f 2547/153/2541 2548/152/2542 2563/177/2557
f 2540/168/2534 2555/178/2549 2565/180/2559
f 2546/155/2540 2547/153/2541 2562/179/2556
f 2556/176/2550 2557/172/2551 2572/196/2566
f 2563/177/2557 2564/174/2558 2579/198/2573
f 2556/176/2550 2571/200/2565 2570/202/2564
f 2562/179/2556 2563/177/2557 2578/201/2572
f 2555/178/2549 2570/202/2564 2580/186/2574
f 2561/181/2555 2562/179/2556 2577/187/2571
f 2565/180/2559 2580/186/2574 2581/189/2575
f 2560/183/2554 2561/181/2555 2576/188/2570
f 2566/182/2560 2581/189/2575 2582/191/2576
f 2559/169/2553 2560/183/2554 2575/190/2569
f 2567/184/2561 2582/191/2576 2583/193/2577
f 2558/170/2552 2559/169/2553 2574/192/2568
f 2568/185/2562 2583/193/2577 2584/195/2578
f 2557/172/2551 2558/170/2552 2573/194/2567
f 2575/190/2569 2576/188/2570 2591/214/2585
f 2581/189/2575 2596/215/2590 2597/217/2591
f 2574/192/2568 2575/190/2569 2590/216/2584
f 2582/191/2576 2597/217/2591 2598/219/2592
f 2573/194/2567 2574/192/2568 2589/218/2583
f 2583/193/2577 2598/219/2592 2599/203/2593
f 2572/196/2566 2573/194/2567 2588/204/2582
f 2571/200/2565 2572/196/2566 2587/205/2581
f 2578/201/2572 2579/198/2573 2594/207/2588
f 2571/200/2565 2586/209/2580 2585/211/2579
f 2577/187/2571 2578/201/2572 2593/210/2587
f 2570/202/2564 2585/211/2579 2595/213/2589
f 2576/188/2570 2577/187/2571 2592/212/2586
f 2580/186/2574 2595/213/2589 2596/215/2590
f 2586/209/2580 2587/205/2581 2602/228/2596
f 2593/210/2587 2594/207/2588 2609/230/2603
f 2586/209/2580 2601/232/2595 2600/234/2594
f 2592/212/2586 2593/210/2587 2608/233/2602
f 2585/211/2579 2600/234/2594 2610/236/2604
f 2591/214/2585 2592/212/2586 2607/235/2601
f 2595/213/2589 2610/236/2604 2611/220/2605
f 2590/216/2584 2591/214/2585 2606/221/2600
f 2596/215/2590 2611/220/2605 2612/223/2606
f 2589/218/2583 2590/216/2584 2605/222/2599
f 2597/217/2591 2612/223/2606 2613/225/2607
f 2588/204/2582 2589/218/2583 2604/224/2598
f 2598/219/2592 2613/225/2607 2614/227/2608
f 2587/205/2581 2588/204/2582 2603/226/2597
f 2611/220/2605 2626/247/2620 2627/249/2621
f 2604/224/2598 2605/222/2599 2620/248/2614
f 2612/223/2606 2627/249/2621 2628/251/2622
f 2603/226/2597 2604/224/2598 2619/250/2613
f 2613/225/2607 2628/251/2622 2629/240/2623
f 2602/228/2596 2603/226/2597 2618/252/2612
f 2601/232/2595 2602/228/2596 2617/253/2611
f 2608/233/2602 2609/230/2603 2624/238/2618
f 2601/232/2595 2616/241/2610 2615/243/2609
f 2607/235/2601 2608/233/2602 2623/242/2617
f 2600/234/2594 2615/243/2609 2625/245/2619
f 2606/221/2600 2607/235/2601 2622/244/2616
f 2610/236/2604 2625/245/2619 2626/247/2620
f 2605/222/2599 2606/221/2600 2621/246/2615
f 2623/242/2617 2624/238/2618 2639/263/2633
f 2616/241/2610 2631/265/2625 2630/267/2624
f 2622/244/2616 2623/242/2617 2638/266/2632
f 2615/243/2609 2630/267/2624 2640/269/2634
f 2621/246/2615 2622/244/2616 2637/268/2631
f 2625/245/2619 2640/269/2634 2641/270/2635
f 2620/248/2614 2621/246/2615 2636/254/2630
f 2626/247/2620 2641/270/2635 2642/256/2636
f 2619/250/2613 2620/248/2614 2635/255/2629
f 2627/249/2621 2642/256/2636 2643/258/2637
f 2618/252/2612 2619/250/2613 2634/257/2628
f 2628/251/2622 2643/258/2637 2644/260/2638
f 2617/253/2611 2618/252/2612 2633/259/2627
f 2616/241/2610 2617/253/2611 2632/261/2626
f 2634/257/2628 2635/255/2629 2650/279/2644
f 2642/256/2636 2657/280/2651 2658/282/2652
f 2633/259/2627 2634/257/2628 2649/281/2643
f 2643/258/2637 2658/282/2652 2659/284/2653
f 2632/261/2626 2633/259/2627 2648/283/2642
f 2631/265/2625 2632/261/2626 2647/285/2641
f 2638/266/2632 2639/263/2633 2654/272/2648
f 2630/267/2624 2631/265/2625 2646/271/2640
f 2637/268/2631 2638/266/2632 2653/273/2647
f 2630/267/2624 2645/274/2639 2655/276/2649
f 2636/254/2630 2637/268/2631 2652/275/2646
f 2640/269/2634 2655/276/2649 2656/278/2650
f 2635/255/2629 2636/254/2630 2651/277/2645
f 2641/270/2635 2656/278/2650 2657/280/2651
f 2645/274/2639 2646/271/2640 2661/298/2655
f 2652/275/2646 2653/273/2647 2668/299/2662
f 2655/276/2649 2645/274/2639 2660/300/2654
f 2651/277/2645 2652/275/2646 2667/301/2661
f 2656/278/2650 2655/276/2649 2670/302/2664
f 2650/279/2644 2651/277/2645 2666/303/2660
f 2657/280/2651 2656/278/2650 2671/288/2665
f 2649/281/2643 2650/279/2644 2665/304/2659
f 2657/280/2651 2672/289/2666 2673/291/2667
f 2648/283/2642 2649/281/2643 2664/290/2658
f 2658/282/2652 2673/291/2667 2674/293/2668
f 2647/285/2641 2648/283/2642 2663/292/2657
f 2646/271/2640 2647/285/2641 2662/294/2656
f 2653/273/2647 2654/272/2648 2669/296/2663
f 2673/291/2667 2672/289/2666 2687/313/2681
f 2663/292/2657 2664/290/2658 2679/314/2673
f 2674/293/2668 2673/291/2667 2688/315/2682
f 2662/294/2656 2663/292/2657 2678/316/2672
f 2661/298/2655 2662/294/2656 2677/318/2671
f 2669/296/2663 2684/320/2678 2683/305/2677
f 2660/300/2654 2661/298/2655 2676/306/2670
f 2668/299/2662 2683/305/2677 2682/308/2676
f 2670/302/2664 2660/300/2654 2675/307/2669
f 2667/301/2661 2682/308/2676 2681/310/2675
f 2671/288/2665 2670/302/2664 2685/309/2679
f 2666/303/2660 2681/310/2675 2680/312/2674
f 2672/289/2666 2671/288/2665 2686/311/2680
f 2665/304/2659 2680/312/2674 2679/314/2673
f 2685/309/2679 2675/307/2669 2690/333/2684
f 2682/308/2676 2697/334/2691 2696/336/2690
f 2686/311/2680 2685/309/2679 2700/335/2694
f 2681/310/2675 2696/336/2690 2695/338/2689
f 2687/313/2681 2686/311/2680 2701/337/2695
f 2680/312/2674 2695/338/2689 2694/322/2688
f 2688/315/2682 2687/313/2681 2702/323/2696
f 2679/314/2673 2694/322/2688 2693/325/2687
f 2689/317/2683 2688/315/2682 2703/324/2697
f 2677/318/2671 2678/316/2672 2693/325/2687
f 2676/306/2670 2677/318/2671 2692/327/2686
f 2684/320/2678 2699/329/2693 2698/332/2692
f 2675/307/2669 2676/306/2670 2691/331/2685
f 2683/305/2677 2698/332/2692 2697/334/2691
f 2704/326/2698 2703/324/2697 2719/348/2713
f 2692/327/2686 2693/325/2687 2708/349/2702
f 2691/331/2685 2692/327/2686 2707/351/2701
f 2699/329/2693 2714/353/2708 2713/355/2707
f 2690/333/2684 2691/331/2685 2706/339/2700
f 2698/332/2692 2713/355/2707 2712/341/2706
f 2700/335/2694 2690/333/2684 2705/340/2699
f 2697/334/2691 2712/341/2706 2711/343/2705
f 2701/337/2695 2700/335/2694 2716/342/2710
f 2696/336/2690 2711/343/2705 2710/345/2704
f 2702/323/2696 2701/337/2695 2717/344/2711
f 2695/338/2689 2710/345/2704 2709/347/2703
f 2703/324/2697 2702/323/2696 2718/346/2712
f 2694/322/2688 2709/347/2703 2708/349/2702
f 2712/341/2706 2728/367/2722 2727/369/2721
f 2717/344/2711 2716/342/2710 2731/368/2725
f 2711/343/2705 2727/369/2721 2726/371/2720
f 2718/346/2712 2717/344/2711 2732/370/2726
f 2710/345/2704 2726/371/2720 2725/372/2719
f 2719/348/2713 2718/346/2712 2733/356/2727
f 2709/347/2703 2725/372/2719 2724/358/2718
f 2720/350/2714 2719/348/2713 2734/357/2728
f 2708/349/2702 2724/358/2718 2723/360/2717
f 2706/339/2700 2707/351/2701 2723/360/2717
f 2714/353/2708 2730/362/2724 2729/365/2723
f 2705/340/2699 2706/339/2700 2722/364/2716
f 2713/355/2707 2729/365/2723 2728/367/2722
f 2716/342/2710 2705/340/2699 2721/366/2715
f 2724/358/2718 2739/381/2733 2738/383/2732
f 2722/364/2716 2723/360/2717 2738/383/2732
f 2730/362/2724 2745/385/2739 2744/388/2738
f 2721/366/2715 2722/364/2716 2737/387/2731
f 2729/365/2723 2744/388/2738 2743/389/2737
f 2731/368/2725 2721/366/2715 2736/373/2730
f 2728/367/2722 2743/389/2737 2742/375/2736
f 2732/370/2726 2731/368/2725 2746/374/2740
f 2727/369/2721 2742/375/2736 2741/377/2735
f 2733/356/2727 2732/370/2726 2747/376/2741
f 2726/371/2720 2741/377/2735 2740/379/2734
f 2734/357/2728 2733/356/2727 2748/378/2742
f 2725/372/2719 2740/379/2734 2739/381/2733
f 2735/359/2729 2734/357/2728 2749/380/2743
f 2747/376/2741 2746/374/2740 2761/400/2755
f 2742/375/2736 2757/401/2751 2756/403/2750
f 2748/378/2742 2747/376/2741 2762/402/2756
f 2741/377/2735 2756/403/2750 2755/405/2749
f 2749/380/2743 2748/378/2742 2763/404/2757
f 2740/379/2734 2755/405/2749 2754/406/2748
f 2750/382/2744 2749/380/2743 2764/390/2758
f 2739/381/2733 2754/406/2748 2753/392/2747
f 2737/387/2731 2738/383/2732 2753/392/2747
f 2745/385/2739 2760/394/2754 2759/397/2753
f 2736/373/2730 2737/387/2731 2752/396/2746
f 2744/388/2738 2759/397/2753 2758/399/2752
f 2746/374/2740 2736/373/2730 2751/398/2745
f 2743/389/2737 2758/399/2752 2757/401/2751
f 2752/396/2746 2753/392/2747 2768/416/2762
f 2760/394/2754 2775/418/2769 2774/421/2768
f 2751/398/2745 2752/396/2746 2767/420/2761
f 2759/397/2753 2774/421/2768 2773/423/2767
f 2761/400/2755 2751/398/2745 2766/422/2760
f 2758/399/2752 2773/423/2767 2772/407/2766
f 2762/402/2756 2761/400/2755 2776/408/2770
f 2757/401/2751 2772/407/2766 2771/410/2765
f 2763/404/2757 2762/402/2756 2777/409/2771
f 2756/403/2750 2771/410/2765 2770/412/2764
f 2764/390/2758 2763/404/2757 2778/411/2772
f 2755/405/2749 2770/412/2764 2769/414/2763
f 2765/391/2759 2764/390/2758 2779/413/2773
f 2754/406/2748 2769/414/2763 2768/416/2762
f 2772/443/2766 2787/444/2781 2786/448/2780
f 2778/450/2772 2777/446/2771 2792/445/2786
f 2771/447/2765 2786/448/2780 2785/452/2779
f 2779/454/2773 2778/450/2772 2793/449/2787
f 2770/451/2764 2785/452/2779 2784/425/2778
f 2780/431/2774 2779/454/2773 2794/453/2788
f 2769/455/2763 2784/425/2778 2783/426/2777
f 2768/424/2762 2783/426/2777 2782/433/2776
f 2775/427/2769 2790/429/2784 2789/436/2783
f 2767/434/2761 2782/433/2776 2781/437/2775
f 2774/435/2768 2789/436/2783 2788/440/2782
f 2776/442/2770 2766/438/2760 2781/437/2775
f 2773/439/2767 2788/440/2782 2787/444/2781
f 2777/446/2771 2776/442/2770 2791/441/2785
f 2783/426/2777 2798/464/2792 2797/468/2791
f 2789/436/2783 2790/429/2784 2805/466/2799
f 2782/433/2776 2797/468/2791 2796/470/2790
f 2788/440/2782 2789/436/2783 2804/469/2798
f 2781/437/2775 2796/470/2790 2806/472/2800
f 2787/444/2781 2788/440/2782 2803/471/2797
f 2791/441/2785 2806/472/2800 2807/456/2801
f 2786/448/2780 2787/444/2781 2802/457/2796
f 2792/445/2786 2807/456/2801 2808/459/2802
f 2785/452/2779 2786/448/2780 2801/458/2795
f 2793/449/2787 2808/459/2802 2809/461/2803
f 2784/425/2778 2785/452/2779 2800/460/2794
f 2794/453/2788 2809/461/2803 2810/463/2804
f 2784/425/2778 2799/462/2793 2798/464/2792
f 2807/456/2801 2822/483/2816 2823/485/2817
f 2800/460/2794 2801/458/2795 2816/484/2810
f 2808/459/2802 2823/485/2817 2824/487/2818
f 2799/462/2793 2800/460/2794 2815/486/2809
f 2809/461/2803 2824/487/2818 2825/476/2819
f 2799/462/2793 2814/488/2808 2813/489/2807
f 2798/464/2792 2813/489/2807 2812/477/2806
f 2804/469/2798 2805/466/2799 2820/474/2814
f 2797/468/2791 2812/477/2806 2811/479/2805
f 2803/471/2797 2804/469/2798 2819/478/2813
f 2796/470/2790 2811/479/2805 2821/481/2815
f 2802/457/2796 2803/471/2797 2818/480/2812
f 2806/472/2800 2821/481/2815 2822/483/2816
f 2801/458/2795 2802/457/2796 2817/482/2811
f 2812/477/2806 2827/501/2821 2826/503/2820
f 2818/480/2812 2819/478/2813 2834/502/2828
f 2811/479/2805 2826/503/2820 2836/505/2830
f 2817/482/2811 2818/480/2812 2833/504/2827
f 2821/481/2815 2836/505/2830 2837/506/2831
f 2816/484/2810 2817/482/2811 2832/490/2826
f 2822/483/2816 2837/506/2831 2838/492/2832
f 2815/486/2809 2816/484/2810 2831/491/2825
f 2823/485/2817 2838/492/2832 2839/494/2833
f 2814/488/2808 2815/486/2809 2830/493/2824
f 2824/487/2818 2839/494/2833 2840/496/2834
f 2814/488/2808 2829/495/2823 2828/497/2822
f 2813/489/2807 2828/497/2822 2827/501/2821
f 2819/478/2813 2820/474/2814 2835/499/2829
f 2838/492/2832 2853/516/2847 2854/518/2848
f 2829/495/2823 2830/493/2824 2845/517/2839
f 2839/494/2833 2854/518/2848 2855/520/2849
f 2829/495/2823 2844/519/2838 2843/521/2837
f 2828/497/2822 2843/521/2837 2842/507/2836
f 2834/502/2828 2835/499/2829 2850/508/2844
f 2827/501/2821 2842/507/2836 2841/510/2835
f 2833/504/2827 2834/502/2828 2849/509/2843
f 2826/503/2820 2841/510/2835 2851/512/2845
f 2832/490/2826 2833/504/2827 2848/511/2842
f 2836/505/2830 2851/512/2845 2852/514/2846
f 2831/491/2825 2832/490/2826 2847/513/2841
f 2837/506/2831 2852/514/2846 2853/516/2847
f 2830/493/2824 2831/491/2825 2846/515/2840
f 2848/511/2842 2849/509/2843 2864/535/2858
f 2841/510/2835 2856/536/2850 2866/538/2860
f 2847/513/2841 2848/511/2842 2863/537/2857
f 2851/512/2845 2866/538/2860 2867/540/2861
f 2846/515/2840 2847/513/2841 2862/539/2856
f 2852/514/2846 2867/540/2861 2868/524/2862
f 2845/517/2839 2846/515/2840 2861/525/2855
f 2853/516/2847 2868/524/2862 2869/527/2863
f 2844/519/2838 2845/517/2839 2860/526/2854
f 2854/518/2848 2869/527/2863 2870/529/2864
f 2844/519/2838 2859/528/2853 2858/530/2852
f 2843/521/2837 2858/530/2852 2857/534/2851
f 2849/509/2843 2850/508/2844 2865/532/2859
f 2842/507/2836 2857/534/2851 2856/536/2850
f 2859/528/2853 2860/526/2854 2875/549/2869
f 2869/527/2863 2884/550/2878 2885/552/2879
f 2859/528/2853 2874/551/2868 2873/553/2867
f 2858/530/2852 2873/553/2867 2872/557/2866
f 2864/535/2858 2865/532/2859 2880/555/2874
f 2857/534/2851 2872/557/2866 2871/541/2865
f 2863/537/2857 2864/535/2858 2879/542/2873
f 2856/536/2850 2871/541/2865 2881/544/2875
f 2862/539/2856 2863/537/2857 2878/543/2872
f 2866/538/2860 2881/544/2875 2882/546/2876
f 2861/525/2855 2862/539/2856 2877/545/2871
f 2867/540/2861 2882/546/2876 2883/548/2877
f 2860/526/2854 2861/525/2855 2876/547/2870
f 2868/524/2862 2883/548/2877 2884/550/2878
f 2871/541/2865 2886/21/2880 2467/25/2461
f 2877/545/2871 2878/543/2872 2889/1121/2883
f 2881/544/2875 2467/25/2461 2890/29/2884
f 2876/547/2870 2877/545/2871 2888/28/2882
f 2882/546/2876 2890/29/2884 2466/1119/2460
f 2875/549/2869 2876/547/2870 2471/1/2465
f 2883/548/2877 2466/1119/2460 2891/4/2885
f 2875/549/2869 2470/1122/2464 2469/8/2463
f 2884/550/2878 2891/4/2885 2892/9/2886
f 2874/551/2868 2469/8/2463 2887/12/2881
f 2873/553/2867 2887/12/2881 2468/17/2462
f 2879/542/2873 2880/555/2874 2473/1120/2467
f 2872/557/2866 2468/17/2462 2886/21/2880
f 2878/543/2872 2879/542/2873 2472/20/2466
f 2954/562/2948 2955/560/2949 2933/570/2927
f 3373/565/3367 2948/563/2942 2945/572/2939
f 2950/568/2944 3369/566/3363 2940/579/2934
f 2948/563/2942 3372/571/3366 2944/574/2938
f 3372/571/3366 2949/573/2943 2943/581/2937
f 2953/577/2947 3370/575/3364 2936/584/2930
f 3369/566/3363 2951/578/2945 2939/586/2933
f 2949/573/2943 3368/580/3362 2942/582/2936
f 3368/580/3362 2950/568/2944 2941/567/2935
f 3370/575/3364 3371/583/3365 2935/591/2929
f 2951/578/2945 2952/585/2946 2938/590/2932
f 2952/585/2946 2953/577/2947 2937/576/2931
f 3371/583/3365 2954/562/2948 2934/561/2928
f 3374/588/3368 3373/565/3367 2946/564/2940
f 2939/586/2933 2938/590/2932 2927/595/2921
f 2945/572/2939 2944/574/2938 2921/600/2915
f 2937/576/2931 2936/584/2930 2929/608/2923
f 2938/590/2932 2937/576/2931 2928/594/2922
f 2940/579/2934 2939/586/2933 2926/592/2920
f 2946/564/2940 2945/572/2939 2920/593/2914
f 2943/581/2937 2942/582/2936 2923/603/2917
f 2947/589/2941 2946/564/2940 2919/597/2913
f 2944/574/2938 2943/581/2937 2922/598/2916
f 2941/567/2935 2940/579/2934 2925/596/2919
f 2942/582/2936 2941/567/2935 2924/602/2918
f 2934/561/2928 2933/570/2927 2932/605/2926
f 2935/591/2929 2934/561/2928 2931/606/2925
f 2936/584/2930 2935/591/2929 2930/607/2924
f 2918/599/2912 2919/597/2913 2916/610/2910
f 2919/597/2913 2920/593/2914 2915/611/2909
f 2920/593/2914 2921/600/2915 2914/623/2908
f 2930/607/2924 2931/606/2925 2904/613/2898
f 2931/606/2925 2932/605/2926 2903/618/2897
f 2928/594/2922 2929/608/2923 2906/619/2900
f 2922/598/2916 2923/603/2917 2912/616/2906
f 2923/603/2917 2924/602/2918 2911/620/2905
f 2929/608/2923 2930/607/2924 2905/612/2899
f 2924/602/2918 2925/596/2919 2910/622/2904
f 2925/596/2919 2926/592/2920 2909/624/2903
f 2921/600/2915 2922/598/2916 2913/615/2907
f 2926/592/2920 2927/595/2921 2908/625/2902
f 2927/595/2921 2928/594/2922 2907/614/2901
f 2908/625/2902 2907/614/2901 2898/630/2892
f 2914/623/2908 2913/615/2907 2956/635/2950
f 2915/611/2909 2914/623/2908 2957/627/2951
f 2906/619/2900 2905/612/2899 2900/642/2894
f 2907/614/2901 2906/619/2900 2899/629/2893
f 2909/624/2903 2908/625/2902 2897/626/2891
f 2912/616/2906 2911/620/2905 2894/637/2888
f 2913/615/2907 2912/616/2906 2893/632/2887
f 2910/622/2904 2909/624/2903 2896/631/2890
f 2911/620/2905 2910/622/2904 2895/636/2889
f 2903/618/2897 2902/641/2896 2901/638/2895
f 2916/610/2910 2915/611/2909 2958/628/2952
f 2905/612/2899 2904/613/2898 2901/638/2895
f 2917/609/2911 2916/610/2910 2959/639/2953
f 2959/639/2953 2958/628/2952 2974/654/2968
f 2897/626/2891 2898/630/2892 2967/649/2961
f 2899/629/2893 2900/642/2894 2969/648/2963
f 2900/642/2894 2901/638/2895 2970/652/2964
f 2898/630/2892 2899/629/2893 2968/647/2962
f 2956/635/2950 2893/632/2887 2962/651/2956
f 2893/632/2887 2894/637/2888 2963/653/2957
f 2902/641/2896 2971/656/2965 2970/652/2964
f 2894/637/2888 2895/636/2889 2964/658/2958
f 2958/628/2952 2957/627/2951 2973/657/2967
f 2957/627/2951 2956/635/2950 2972/650/2966
f 2895/636/2889 2896/631/2890 2965/659/2959
f 2896/631/2890 2897/626/2891 2966/646/2960
f 2960/634/2954 2959/639/2953 2975/643/2969
f 2962/651/2956 2963/653/2957 2978/675/2972
f 2967/649/2961 2968/647/2962 2983/676/2977
f 2972/650/2966 2962/651/2956 2977/660/2971
f 2966/646/2960 2967/649/2961 2982/661/2976
f 2973/657/2967 2972/650/2966 2987/662/2981
f 2974/654/2968 2973/657/2967 2988/664/2982
f 2975/643/2969 2974/654/2968 2989/665/2983
f 2976/645/2970 2975/643/2969 2990/668/2984
f 2965/659/2959 2966/646/2960 2981/663/2975
f 2971/656/2965 2986/667/2980 2985/671/2979
f 2964/658/2958 2965/659/2959 2980/670/2974
f 2970/652/2964 2985/671/2979 2984/674/2978
f 2963/653/2957 2964/658/2958 2979/673/2973
f 2969/648/2963 2984/674/2978 2983/676/2977
f 2981/663/2975 2996/693/2990 2995/677/2989
f 2991/669/2985 2990/668/2984 3005/678/2999
f 2980/670/2974 2995/677/2989 2994/680/2988
f 2979/673/2973 2994/680/2988 2993/684/2987
f 2986/667/2980 3001/682/2995 3000/685/2994
f 2977/660/2971 2978/675/2972 2993/684/2987
f 2985/671/2979 3000/685/2994 2999/687/2993
f 2987/662/2981 2977/660/2971 2992/686/2986
f 2984/674/2978 2999/687/2993 2998/689/2992
f 2988/664/2982 2987/662/2981 3002/688/2996
f 2983/676/2977 2998/689/2992 2997/691/2991
f 2989/665/2983 2988/664/2982 3003/690/2997
f 2982/661/2976 2997/691/2991 2996/693/2990
f 2990/668/2984 2989/665/2983 3004/692/2998
f 2992/686/2986 3007/709/3001 3017/694/3011
f 2999/687/2993 3014/710/3008 3013/695/3007
f 3002/688/2996 3017/694/3011 3018/696/3012
f 2998/689/2992 3013/695/3007 3012/697/3006
f 3003/690/2997 3018/696/3012 3019/698/3013
f 2997/691/2991 3012/697/3006 3011/699/3005
f 3004/692/2998 3019/698/3013 3020/700/3014
f 2996/693/2990 3011/699/3005 3010/701/3004
f 3005/678/2999 3020/700/3014 3021/702/3015
f 2995/677/2989 3010/701/3004 3009/703/3003
f 2994/680/2988 3009/703/3003 3008/707/3002
f 3001/682/2995 3016/705/3010 3015/708/3009
f 2993/684/2987 3008/707/3002 3007/709/3001
f 3000/685/2994 3015/708/3009 3014/710/3008
f 3020/700/3014 3035/711/3029 3036/712/3030
f 3010/701/3004 3025/727/3019 3024/713/3018
f 3009/703/3003 3024/713/3018 3023/717/3017
f 3016/705/3010 3031/715/3025 3030/718/3024
f 3008/707/3002 3023/717/3017 3022/719/3016
f 3015/708/3009 3030/718/3024 3029/720/3023
f 3007/709/3001 3022/719/3016 3032/721/3026
f 3014/710/3008 3029/720/3023 3028/722/3022
f 3017/694/3011 3032/721/3026 3033/723/3027
f 3013/695/3007 3028/722/3022 3027/724/3021
f 3018/696/3012 3033/723/3027 3034/725/3028
f 3012/697/3006 3027/724/3021 3026/726/3020
f 3019/698/3013 3034/725/3028 3035/711/3029
f 3011/699/3005 3026/726/3020 3025/727/3019
f 3032/721/3026 3047/728/3041 3048/729/3042
f 3028/722/3022 3043/730/3037 3042/731/3036
f 3033/723/3027 3048/729/3042 3049/732/3043
f 3027/724/3021 3042/731/3036 3041/733/3035
f 3034/725/3028 3049/732/3043 3050/734/3044
f 3026/726/3020 3041/733/3035 3040/735/3034
f 3035/711/3029 3050/734/3044 3051/736/3045
f 3025/727/3019 3040/735/3034 3039/737/3033
f 3024/713/3018 3039/737/3033 3038/741/3032
f 3031/715/3025 3046/739/3040 3045/742/3039
f 3023/717/3017 3038/741/3032 3037/743/3031
f 3030/718/3024 3045/742/3039 3044/744/3038
f 3022/719/3016 3037/743/3031 3047/728/3041
f 3029/720/3023 3044/744/3038 3043/730/3037
f 3039/737/3033 3054/749/3048 3053/750/3047
f 3046/739/3040 3061/746/3055 3060/751/3054
f 3038/741/3032 3053/750/3047 3052/752/3046
f 3045/742/3039 3060/751/3054 3059/753/3053
f 3037/743/3031 3052/752/3046 3062/754/3056
f 3044/744/3038 3059/753/3053 3058/755/3052
f 3047/728/3041 3062/754/3056 3063/756/3057
f 3043/730/3037 3058/755/3052 3057/757/3051
f 3048/729/3042 3063/756/3057 3064/758/3058
f 3042/731/3036 3057/757/3051 3056/759/3050
f 3049/732/3043 3064/758/3058 3065/760/3059
f 3041/733/3035 3056/759/3050 3055/761/3049
f 3050/734/3044 3065/760/3059 3066/748/3060
f 3040/735/3034 3055/761/3049 3054/749/3048
f 3058/755/3052 3073/762/3067 3072/763/3066
f 3063/756/3057 3078/764/3072 3079/765/3073
f 3057/757/3051 3072/763/3066 3071/766/3065
f 3064/758/3058 3079/765/3073 3080/767/3074
f 3056/759/3050 3071/766/3065 3070/768/3064
f 3065/760/3059 3080/767/3074 3081/769/3075
f 3055/761/3049 3070/768/3064 3069/770/3063
f 3054/749/3048 3069/770/3063 3068/774/3062
f 3061/746/3055 3076/772/3070 3075/775/3069
f 3053/750/3047 3068/774/3062 3067/776/3061
f 3060/751/3054 3075/775/3069 3074/777/3068
f 3052/752/3046 3067/776/3061 3077/778/3071
f 3059/753/3053 3074/777/3068 3073/762/3067
f 3062/754/3056 3077/778/3071 3078/764/3072
f 3069/770/3063 3084/779/3078 3083/780/3077
f 3076/772/3070 3091/781/3085 3090/782/3084
f 3068/774/3062 3083/780/3077 3082/783/3076
f 3075/775/3069 3090/782/3084 3089/784/3083
f 3067/776/3061 3082/783/3076 3092/785/3086
f 3074/777/3068 3089/784/3083 3088/786/3082
f 3077/778/3071 3092/785/3086 3093/787/3087
f 3073/762/3067 3088/786/3082 3087/788/3081
f 3078/764/3072 3093/787/3087 3094/789/3088
f 3072/763/3066 3087/788/3081 3086/790/3080
f 3079/765/3073 3094/789/3088 3095/791/3089
f 3071/766/3065 3086/790/3080 3085/792/3079
f 3080/767/3074 3095/791/3089 3096/793/3090
f 3070/768/3064 3085/792/3079 3084/779/3078
f 3093/787/3087 3108/796/3102 3109/797/3103
f 3087/788/3081 3102/798/3096 3101/799/3095
f 3094/789/3088 3109/797/3103 3110/800/3104
f 3086/790/3080 3101/799/3095 3100/801/3094
f 3095/791/3089 3110/800/3104 3111/802/3105
f 3085/792/3079 3100/801/3094 3099/803/3093
f 3084/779/3078 3099/803/3093 3098/807/3092
f 3091/781/3085 3106/805/3100 3105/808/3099
f 3083/780/3077 3098/807/3092 3097/809/3091
f 3090/782/3084 3105/808/3099 3104/810/3098
f 3082/783/3076 3097/809/3091 3107/811/3101
f 3089/784/3083 3104/810/3098 3103/812/3097
f 3092/785/3086 3107/811/3101 3108/796/3102
f 3088/786/3082 3103/812/3097 3102/798/3096
f 3106/805/3100 3121/813/3115 3120/814/3114
f 3098/807/3092 3113/815/3107 3112/816/3106
f 3105/808/3099 3120/814/3114 3119/817/3113
f 3097/809/3091 3112/816/3106 3122/818/3116
f 3104/810/3098 3119/817/3113 3118/819/3112
f 3107/811/3101 3122/818/3116 3123/820/3117
f 3103/812/3097 3118/819/3112 3117/821/3111
f 3108/796/3102 3123/820/3117 3124/822/3118
f 3102/798/3096 3117/821/3111 3116/823/3110
f 3109/797/3103 3124/822/3118 3125/824/3119
f 3101/799/3095 3116/823/3110 3115/825/3109
f 3110/800/3104 3125/824/3119 3126/826/3120
f 3100/801/3094 3115/825/3109 3114/827/3108
f 3099/803/3093 3114/827/3108 3113/815/3107
f 3117/821/3111 3132/830/3126 3131/831/3125
f 3124/822/3118 3139/832/3133 3140/833/3134
f 3116/823/3110 3131/831/3125 3130/834/3124
f 3125/824/3119 3140/833/3134 3141/835/3135
f 3115/825/3109 3130/834/3124 3129/836/3123
f 3114/827/3108 3129/836/3123 3128/840/3122
f 3121/813/3115 3136/838/3130 3135/841/3129
f 3113/815/3107 3128/840/3122 3127/842/3121
f 3120/814/3114 3135/841/3129 3134/843/3128
f 3112/816/3106 3127/842/3121 3137/844/3131
f 3119/817/3113 3134/843/3128 3133/845/3127
f 3122/818/3116 3137/844/3131 3138/846/3132
f 3118/819/3112 3133/845/3127 3132/830/3126
f 3123/820/3117 3138/846/3132 3139/832/3133
f 3128/840/3122 3143/847/3137 3142/848/3136
f 3135/841/3129 3150/849/3144 3149/850/3143
f 3127/842/3121 3142/848/3136 3152/851/3146
f 3134/843/3128 3149/850/3143 3148/852/3142
f 3137/844/3131 3152/851/3146 3153/853/3147
f 3133/845/3127 3148/852/3142 3147/854/3141
f 3138/846/3132 3153/853/3147 3154/855/3148
f 3132/830/3126 3147/854/3141 3146/856/3140
f 3139/832/3133 3154/855/3148 3155/857/3149
f 3131/831/3125 3146/856/3140 3145/858/3139
f 3140/833/3134 3155/857/3149 3156/859/3150
f 3130/834/3124 3145/858/3139 3144/860/3138
f 3129/836/3123 3144/860/3138 3143/847/3137
f 3136/838/3130 3151/862/3145 3150/849/3144
f 3154/855/3148 3169/864/3163 3170/865/3164
f 3146/856/3140 3161/866/3155 3160/867/3154
f 3155/857/3149 3170/865/3164 3171/868/3165
f 3145/858/3139 3160/867/3154 3159/869/3153
f 3144/860/3138 3159/869/3153 3158/873/3152
f 3151/862/3145 3166/871/3160 3165/874/3159
f 3143/847/3137 3158/873/3152 3157/875/3151
f 3150/849/3144 3165/874/3159 3164/876/3158
f 3142/848/3136 3157/875/3151 3167/877/3161
f 3149/850/3143 3164/876/3158 3163/878/3157
f 3152/851/3146 3167/877/3161 3168/879/3162
f 3148/852/3142 3163/878/3157 3162/880/3156
f 3153/853/3147 3168/879/3162 3169/864/3163
f 3147/854/3141 3162/880/3156 3161/866/3155
f 3157/875/3151 3172/881/3166 3182/882/3176
f 3164/876/3158 3179/883/3173 3178/884/3172
f 3167/877/3161 3182/882/3176 3183/885/3177
f 3163/878/3157 3178/884/3172 3177/886/3171
f 3168/879/3162 3183/885/3177 3184/887/3178
f 3162/880/3156 3177/886/3171 3176/888/3170
f 3169/864/3163 3184/887/3178 3185/889/3179
f 3161/866/3155 3176/888/3170 3175/890/3169
f 3170/865/3164 3185/889/3179 3186/891/3180
f 3160/867/3154 3175/890/3169 3174/892/3168
f 3159/869/3153 3174/892/3168 3173/896/3167
f 3166/871/3160 3181/894/3175 3180/897/3174
f 3158/873/3152 3173/896/3167 3172/881/3166
f 3165/874/3159 3180/897/3174 3179/883/3173
f 3186/891/3180 3185/889/3179 3201/898/3195
f 3175/890/3169 3190/900/3184 3189/901/3183
f 3174/892/3168 3189/901/3183 3188/905/3182
f 3181/894/3175 3196/903/3190 3195/906/3189
f 3173/896/3167 3188/905/3182 3187/907/3181
f 3180/897/3174 3195/906/3189 3194/908/3188
f 3172/881/3166 3187/907/3181 3198/909/3192
f 3179/883/3173 3194/908/3188 3193/910/3187
f 3182/882/3176 3198/909/3192 3199/911/3193
f 3178/884/3172 3193/910/3187 3192/912/3186
f 3183/885/3177 3199/911/3193 3200/913/3194
f 3177/886/3171 3192/912/3186 3191/914/3185
f 3184/887/3178 3200/913/3194 3201/898/3195
f 3176/888/3170 3191/914/3185 3190/900/3184
f 3194/908/3188 3210/915/3204 3209/916/3203
f 3198/909/3192 3213/917/3207 3214/918/3208
f 3193/910/3187 3209/916/3203 3208/919/3202
f 3199/911/3193 3214/918/3208 3215/920/3209
f 3192/912/3186 3208/919/3202 3207/921/3201
f 3200/913/3194 3215/920/3209 3216/922/3210
f 3191/914/3185 3207/921/3201 3206/923/3200
f 3202/899/3196 3201/898/3195 3216/922/3210
f 3190/900/3184 3206/923/3200 3205/925/3199
f 3189/901/3183 3205/925/3199 3204/929/3198
f 3196/903/3190 3212/927/3206 3211/930/3205
f 3188/905/3182 3204/929/3198 3203/931/3197
f 3195/906/3189 3211/930/3205 3210/915/3204
f 3187/907/3181 3203/931/3197 3213/917/3207
f 3206/923/3200 3221/932/3215 3220/933/3214
f 3205/925/3199 3220/933/3214 3219/938/3213
f 3212/927/3206 3227/935/3221 3226/939/3220
f 3204/929/3198 3219/938/3213 3218/940/3212
f 3211/930/3205 3226/939/3220 3225/941/3219
f 3203/931/3197 3218/940/3212 3228/942/3222
f 3210/915/3204 3225/941/3219 3224/943/3218
f 3213/917/3207 3228/942/3222 3229/944/3223
f 3209/916/3203 3224/943/3218 3223/945/3217
f 3215/920/3209 3214/918/3208 3229/944/3223
f 3208/919/3202 3223/945/3217 3222/947/3216
f 3216/922/3210 3215/920/3209 3230/946/3224
f 3207/921/3201 3222/947/3216 3221/932/3215
f 3217/924/3211 3216/922/3210 3231/948/3225
f 3229/944/3223 3228/942/3222 3243/949/3237
f 3224/943/3218 3239/951/3233 3238/952/3232
f 3230/946/3224 3229/944/3223 3244/950/3238
f 3223/945/3217 3238/952/3232 3237/954/3231
f 3231/948/3225 3230/946/3224 3245/953/3239
f 3222/947/3216 3237/954/3231 3236/956/3230
f 3232/937/3226 3231/948/3225 3246/955/3240
f 3220/933/3214 3221/932/3215 3236/956/3230
f 3219/938/3213 3220/933/3214 3235/958/3229
f 3227/935/3221 3242/960/3236 3241/963/3235
f 3218/940/3212 3219/938/3213 3234/962/3228
f 3226/939/3220 3241/963/3235 3240/965/3234
f 3228/942/3222 3218/940/3212 3233/964/3227
f 3225/941/3219 3240/965/3234 3239/951/3233
f 3234/962/3228 3235/958/3229 3250/970/3244
f 3241/963/3235 3242/960/3236 3257/967/3251
f 3233/964/3227 3234/962/3228 3249/971/3243
f 3240/965/3234 3241/963/3235 3256/972/3250
f 3243/949/3237 3233/964/3227 3248/973/3242
f 3239/951/3233 3240/965/3234 3255/974/3249
f 3244/950/3238 3243/949/3237 3258/975/3252
f 3238/952/3232 3239/951/3233 3254/976/3248
f 3245/953/3239 3244/950/3238 3259/977/3253
f 3237/954/3231 3238/952/3232 3253/978/3247
f 3246/955/3240 3245/953/3239 3260/979/3254
f 3236/956/3230 3237/954/3231 3252/980/3246
f 3247/957/3241 3246/955/3240 3261/981/3255
f 3235/958/3229 3236/956/3230 3251/982/3245
f 3253/983/3247 3254/1013/3248 3269/984/3263
f 3260/986/3254 3259/1014/3253 3274/987/3268
f 3252/989/3246 3253/983/3247 3268/985/3262
f 3261/991/3255 3260/986/3254 3275/988/3269
f 3251/993/3245 3252/989/3246 3267/990/3261
f 3262/995/3256 3261/991/3255 3276/992/3270
f 3250/997/3244 3251/993/3245 3266/994/3260
f 3249/1003/3243 3250/997/3244 3265/998/3259
f 3256/1006/3250 3257/999/3251 3272/1001/3266
f 3248/1007/3242 3249/1003/3243 3264/1004/3258
f 3255/1010/3249 3256/1006/3250 3271/1005/3265
f 3258/1011/3252 3248/1007/3242 3263/1008/3257
f 3254/1013/3248 3255/1010/3249 3270/1009/3264
f 3259/1014/3253 3258/1011/3252 3273/1012/3267
f 3264/1004/3258 3265/998/3259 3280/1029/3274
f 3271/1005/3265 3272/1001/3266 3287/1016/3281
f 3263/1008/3257 3264/1004/3258 3279/1015/3273
f 3270/1009/3264 3271/1005/3265 3286/1017/3280
f 3273/1012/3267 3263/1008/3257 3278/1018/3272
f 3269/984/3263 3270/1009/3264 3285/1019/3279
f 3274/987/3268 3273/1012/3267 3288/1020/3282
f 3268/985/3262 3269/984/3263 3284/1021/3278
f 3275/988/3269 3274/987/3268 3289/1022/3283
f 3267/990/3261 3268/985/3262 3283/1023/3277
f 3276/992/3270 3275/988/3269 3290/1024/3284
f 3266/994/3260 3267/990/3261 3282/1025/3276
f 3277/996/3271 3276/992/3270 3291/1026/3285
f 3265/998/3259 3266/994/3260 3281/1027/3275
f 3290/1024/3284 3289/1022/3283 3304/1047/3298
f 3282/1025/3276 3283/1023/3277 3298/1048/3292
f 3291/1026/3285 3290/1024/3284 3305/1032/3299
f 3281/1027/3275 3282/1025/3276 3297/1033/3291
f 3292/1028/3286 3291/1026/3285 3306/1034/3300
f 3280/1029/3274 3281/1027/3275 3296/1035/3290
f 3279/1015/3273 3280/1029/3274 3295/1037/3289
f 3286/1017/3280 3287/1016/3281 3302/1039/3296
f 3278/1018/3272 3279/1015/3273 3294/1041/3288
f 3285/1019/3279 3286/1017/3280 3301/1042/3295
f 3288/1020/3282 3278/1018/3272 3293/1043/3287
f 3284/1021/3278 3285/1019/3279 3300/1044/3294
f 3289/1022/3283 3288/1020/3282 3303/1045/3297
f 3283/1023/3277 3284/1021/3278 3299/1046/3293
f 3293/1043/3287 3294/1041/3288 3309/1065/3303
f 3300/1044/3294 3301/1042/3295 3316/1050/3310
f 3303/1045/3297 3293/1043/3287 3308/1049/3302
f 3299/1046/3293 3300/1044/3294 3315/1051/3309
f 3304/1047/3298 3303/1045/3297 3318/1052/3312
f 3298/1048/3292 3299/1046/3293 3314/1053/3308
f 3305/1032/3299 3304/1047/3298 3319/1054/3313
f 3297/1033/3291 3298/1048/3292 3313/1055/3307
f 3306/1034/3300 3305/1032/3299 3320/1056/3314
f 3296/1035/3290 3297/1033/3291 3312/1057/3306
f 3307/1036/3301 3306/1034/3300 3321/1058/3315
f 3295/1037/3289 3296/1035/3290 3311/1059/3305
f 3294/1041/3288 3295/1037/3289 3310/1061/3304
f 3301/1042/3295 3302/1039/3296 3317/1063/3311
f 3321/1058/3315 3320/1056/3314 3335/1081/3329
f 3311/1059/3305 3312/1057/3306 3327/1082/3321
f 3322/1060/3316 3321/1058/3315 3336/1066/3330
f 3310/1061/3304 3311/1059/3305 3326/1067/3320
f 3309/1065/3303 3310/1061/3304 3325/1069/3319
f 3316/1050/3310 3317/1063/3311 3332/1071/3326
f 3308/1049/3302 3309/1065/3303 3324/1073/3318
f 3315/1051/3309 3316/1050/3310 3331/1074/3325
f 3318/1052/3312 3308/1049/3302 3323/1075/3317
f 3314/1053/3308 3315/1051/3309 3330/1076/3324
f 3319/1054/3313 3318/1052/3312 3333/1077/3327
f 3313/1055/3307 3314/1053/3308 3329/1078/3323
f 3320/1056/3314 3319/1054/3313 3334/1079/3328
f 3312/1057/3306 3313/1055/3307 3328/1080/3322
f 3330/1076/3324 3331/1074/3325 3346/1098/3340
f 3333/1077/3327 3323/1075/3317 3338/1099/3332
f 3329/1078/3323 3330/1076/3324 3345/1083/3339
f 3334/1079/3328 3333/1077/3327 3348/1084/3342
f 3328/1080/3322 3329/1078/3323 3344/1085/3338
f 3335/1081/3329 3334/1079/3328 3349/1086/3343
f 3327/1082/3321 3328/1080/3322 3343/1087/3337
f 3336/1066/3330 3335/1081/3329 3350/1088/3344
f 3326/1067/3320 3327/1082/3321 3342/1089/3336
f 3337/1068/3331 3336/1066/3330 3351/1090/3345
f 3325/1069/3319 3326/1067/3320 3341/1091/3335
f 3324/1073/3318 3325/1069/3319 3340/1093/3334
f 3331/1074/3325 3332/1071/3326 3347/1095/3341
f 3323/1075/3317 3324/1073/3318 3339/1097/3333
f 3341/1091/3335 3342/1089/3336 3357/1115/3351
f 3352/1092/3346 3351/1090/3345 3366/1116/3360
f 3340/1093/3334 3341/1091/3335 3356/1100/3350
f 3339/1097/3333 3340/1093/3334 3355/1102/3349
f 3346/1098/3340 3347/1095/3341 3362/1104/3356
f 3338/1099/3332 3339/1097/3333 3354/1106/3348
f 3345/1083/3339 3346/1098/3340 3361/1107/3355
f 3348/1084/3342 3338/1099/3332 3353/1108/3347
f 3344/1085/3338 3345/1083/3339 3360/1109/3354
f 3349/1086/3343 3348/1084/3342 3363/1110/3357
f 3343/1087/3337 3344/1085/3338 3359/1111/3353
f 3350/1088/3344 3349/1086/3343 3364/1112/3358
f 3342/1089/3336 3343/1087/3337 3358/1113/3352
f 3351/1090/3345 3350/1088/3344 3365/1114/3359
f 3363/1110/3357 3353/1108/3347 3368/580/3362
f 3359/1111/3353 3360/1109/3354 3371/583/3365
f 3364/1112/3358 3363/1110/3357 2949/573/2943
f 3358/1113/3352 3359/1111/3353 3370/575/3364
f 3365/1114/3359 3364/1112/3358 3372/571/3366
f 3357/1115/3351 3358/1113/3352 2953/577/2947
f 3366/1116/3360 3365/1114/3359 2948/563/2942
f 3356/1100/3350 3357/1115/3351 2952/585/2946
f 3367/1101/3361 3366/1116/3360 3373/565/3367
f 3355/1102/3349 3356/1100/3350 2951/578/2945
f 3354/1106/3348 3355/1102/3349 3369/566/3363
f 3361/1107/3355 3362/1104/3356 2955/560/2949
f 3353/1108/3347 3354/1106/3348 2950/568/2944
f 3360/1109/3354 3361/1107/3355 2954/562/2948
f 3436/562/2948 3437/560/2949 3415/570/2927
f 3855/565/3367 3430/563/2942 3427/572/2939
f 3432/568/2944 3851/566/3363 3422/579/2934
f 3430/563/2942 3854/571/3366 3426/574/2938
f 3854/571/3366 3431/573/2943 3425/581/2937
f 3435/577/2947 3852/575/3364 3418/584/2930
f 3851/566/3363 3433/578/2945 3421/586/2933
f 3431/573/2943 3850/580/3362 3424/582/2936
f 3850/580/3362 3432/568/2944 3423/567/2935
f 3852/575/3364 3853/583/3365 3417/591/2929
f 3433/578/2945 3434/585/2946 3420/590/2932
f 3434/585/2946 3435/577/2947 3419/576/2931
f 3853/583/3365 3436/562/2948 3416/561/3371
f 3856/588/3368 3855/565/3367 3428/564/2940
f 3421/586/2933 3420/590/2932 3409/595/2921
f 3427/572/2939 3426/574/2938 3403/600/2915
f 3419/576/2931 3418/584/2930 3411/608/2923
f 3420/590/2932 3419/576/2931 3410/594/2922
f 3422/579/2934 3421/586/2933 3408/592/2920
f 3428/564/2940 3427/572/2939 3402/593/2914
f 3425/581/2937 3424/582/2936 3405/603/2917
f 3429/589/2941 3428/564/2940 3401/597/2913
f 3426/574/2938 3425/581/2937 3404/598/2916
f 3423/567/2935 3422/579/2934 3407/596/2919
f 3424/582/2936 3423/567/2935 3406/602/2918
f 3416/561/3371 3415/570/2927 3414/605/2926
f 3417/591/2929 3416/561/3371 3413/606/3370
f 3418/584/2930 3417/591/2929 3412/607/2924
f 3400/599/2912 3401/597/2913 3398/610/2910
f 3401/597/2913 3402/593/2914 3397/611/2909
f 3402/593/2914 3403/600/2915 3396/623/2908
f 3412/607/2924 3413/606/3370 3386/613/2898
f 3413/606/3370 3414/605/2926 3385/618/3369
f 3410/594/2922 3411/608/2923 3388/619/2900
f 3404/598/2916 3405/603/2917 3394/616/2906
f 3405/603/2917 3406/602/2918 3393/620/2905
f 3411/608/2923 3412/607/2924 3387/612/2899
f 3406/602/2918 3407/596/2919 3392/622/2904
f 3407/596/2919 3408/592/2920 3391/624/2903
f 3403/600/2915 3404/598/2916 3395/615/2907
f 3408/592/2920 3409/595/2921 3390/625/2902
f 3409/595/2921 3410/594/2922 3389/614/2901
f 3390/625/2902 3389/614/2901 3380/630/2892
f 3396/623/2908 3395/615/2907 3438/635/2950
f 3397/611/2909 3396/623/2908 3439/627/2951
f 3388/619/2900 3387/612/2899 3382/642/2894
f 3389/614/2901 3388/619/2900 3381/629/2893
f 3391/624/2903 3390/625/2902 3379/626/2891
f 3394/616/2906 3393/620/2905 3376/637/2888
f 3395/615/2907 3394/616/2906 3375/632/2887
f 3392/622/2904 3391/624/2903 3378/631/2890
f 3393/620/2905 3392/622/2904 3377/636/2889
f 3385/618/3369 3384/641/2896 3383/638/2895
f 3398/610/2910 3397/611/2909 3440/628/2952
f 3387/612/2899 3386/613/2898 3383/638/2895
f 3399/609/2911 3398/610/2910 3441/639/3372
f 3441/639/3372 3440/628/2952 3456/654/3375
f 3379/626/2891 3380/630/2892 3449/649/2961
f 3381/629/2893 3382/642/2894 3451/648/3374
f 3382/642/2894 3383/638/2895 3452/652/2964
f 3380/630/2892 3381/629/2893 3450/647/2962
f 3438/635/2950 3375/632/2887 3444/651/2956
f 3375/632/2887 3376/637/2888 3445/653/2957
f 3384/641/2896 3453/656/2965 3452/652/2964
f 3376/637/2888 3377/636/2889 3446/658/3373
f 3440/628/2952 3439/627/2951 3455/657/2967
f 3439/627/2951 3438/635/2950 3454/650/2966
f 3377/636/2889 3378/631/2890 3447/659/2959
f 3378/631/2890 3379/626/2891 3448/646/2960
f 3442/634/2954 3441/639/3372 3457/643/2969
f 3444/651/2956 3445/653/2957 3460/675/2972
f 3449/649/2961 3450/647/2962 3465/676/2977
f 3454/650/2966 3444/651/2956 3459/660/2971
f 3448/646/2960 3449/649/2961 3464/661/2976
f 3455/657/2967 3454/650/2966 3469/662/2981
f 3456/654/3375 3455/657/2967 3470/664/2982
f 3457/643/2969 3456/654/3375 3471/665/2983
f 3458/645/2970 3457/643/2969 3472/668/2984
f 3447/659/2959 3448/646/2960 3463/663/2975
f 3453/656/2965 3468/667/2980 3467/671/3376
f 3446/658/3373 3447/659/2959 3462/670/2974
f 3452/652/2964 3467/671/3376 3466/674/2978
f 3445/653/2957 3446/658/3373 3461/673/2973
f 3451/648/3374 3466/674/2978 3465/676/2977
f 3463/663/2975 3478/693/2990 3477/677/2989
f 3473/669/2985 3472/668/2984 3487/678/3377
f 3462/670/2974 3477/677/2989 3476/680/2988
f 3461/673/2973 3476/680/2988 3475/684/2987
f 3468/667/2980 3483/682/2995 3482/685/2994
f 3459/660/2971 3460/675/2972 3475/684/2987
f 3467/671/3376 3482/685/2994 3481/687/2993
f 3469/662/2981 3459/660/2971 3474/686/2986
f 3466/674/2978 3481/687/2993 3480/689/2992
f 3470/664/2982 3469/662/2981 3484/688/2996
f 3465/676/2977 3480/689/2992 3479/691/2991
f 3471/665/2983 3470/664/2982 3485/690/2997
f 3464/661/2976 3479/691/2991 3478/693/2990
f 3472/668/2984 3471/665/2983 3486/692/2998
f 3474/686/2986 3489/709/3001 3499/694/3011
f 3481/687/2993 3496/710/3008 3495/695/3007
f 3484/688/2996 3499/694/3011 3500/696/3012
f 3480/689/2992 3495/695/3007 3494/697/3006
f 3485/690/2997 3500/696/3012 3501/698/3013
f 3479/691/2991 3494/697/3006 3493/699/3005
f 3486/692/2998 3501/698/3013 3502/700/3014
f 3478/693/2990 3493/699/3005 3492/701/3004
f 3487/678/3377 3502/700/3014 3503/702/3015
f 3477/677/2989 3492/701/3004 3491/703/3003
f 3476/680/2988 3491/703/3003 3490/707/3002
f 3483/682/2995 3498/705/3378 3497/708/3009
f 3475/684/2987 3490/707/3002 3489/709/3001
f 3482/685/2994 3497/708/3009 3496/710/3008
f 3502/700/3014 3517/711/3029 3518/712/3030
f 3492/701/3004 3507/727/3019 3506/713/3018
f 3491/703/3003 3506/713/3018 3505/717/3017
f 3498/705/3378 3513/715/3379 3512/718/3024
f 3490/707/3002 3505/717/3017 3504/719/3016
f 3497/708/3009 3512/718/3024 3511/720/3023
f 3489/709/3001 3504/719/3016 3514/721/3026
f 3496/710/3008 3511/720/3023 3510/722/3022
f 3499/694/3011 3514/721/3026 3515/723/3027
f 3495/695/3007 3510/722/3022 3509/724/3021
f 3500/696/3012 3515/723/3027 3516/725/3028
f 3494/697/3006 3509/724/3021 3508/726/3020
f 3501/698/3013 3516/725/3028 3517/711/3029
f 3493/699/3005 3508/726/3020 3507/727/3019
f 3514/721/3026 3529/728/3041 3530/729/3042
f 3510/722/3022 3525/730/3037 3524/731/3036
f 3515/723/3027 3530/729/3042 3531/732/3043
f 3509/724/3021 3524/731/3036 3523/733/3035
f 3516/725/3028 3531/732/3043 3532/734/3044
f 3508/726/3020 3523/733/3035 3522/735/3034
f 3517/711/3029 3532/734/3044 3533/736/3381
f 3507/727/3019 3522/735/3034 3521/737/3033
f 3506/713/3018 3521/737/3033 3520/741/3032
f 3513/715/3379 3528/739/3040 3527/742/3039
f 3505/717/3017 3520/741/3032 3519/743/3031
f 3512/718/3024 3527/742/3039 3526/744/3380
f 3504/719/3016 3519/743/3031 3529/728/3041
f 3511/720/3023 3526/744/3380 3525/730/3037
f 3521/737/3033 3536/749/3048 3535/750/3047
f 3528/739/3040 3543/746/3055 3542/751/3054
f 3520/741/3032 3535/750/3047 3534/752/3046
f 3527/742/3039 3542/751/3054 3541/753/3053
f 3519/743/3031 3534/752/3046 3544/754/3056
f 3526/744/3380 3541/753/3053 3540/755/3052
f 3529/728/3041 3544/754/3056 3545/756/3057
f 3525/730/3037 3540/755/3052 3539/757/3051
f 3530/729/3042 3545/756/3057 3546/758/3058
f 3524/731/3036 3539/757/3051 3538/759/3050
f 3531/732/3043 3546/758/3058 3547/760/3059
f 3523/733/3035 3538/759/3050 3537/761/3049
f 3532/734/3044 3547/760/3059 3548/748/3060
f 3522/735/3034 3537/761/3049 3536/749/3048
f 3540/755/3052 3555/762/3067 3554/763/3066
f 3545/756/3057 3560/764/3072 3561/765/3073
f 3539/757/3051 3554/763/3066 3553/766/3065
f 3546/758/3058 3561/765/3073 3562/767/3074
f 3538/759/3050 3553/766/3065 3552/768/3064
f 3547/760/3059 3562/767/3074 3563/769/3075
f 3537/761/3049 3552/768/3064 3551/770/3063
f 3536/749/3048 3551/770/3063 3550/774/3062
f 3543/746/3055 3558/772/3070 3557/775/3069
f 3535/750/3047 3550/774/3062 3549/776/3061
f 3542/751/3054 3557/775/3069 3556/777/3068
f 3534/752/3046 3549/776/3061 3559/778/3382
f 3541/753/3053 3556/777/3068 3555/762/3067
f 3544/754/3056 3559/778/3382 3560/764/3072
f 3551/770/3063 3566/779/3078 3565/780/3077
f 3558/772/3070 3573/781/3085 3572/782/3084
f 3550/774/3062 3565/780/3077 3564/783/3076
f 3557/775/3069 3572/782/3084 3571/784/3083
f 3549/776/3061 3564/783/3076 3574/785/3086
f 3556/777/3068 3571/784/3083 3570/786/3082
f 3559/778/3382 3574/785/3086 3575/787/3087
f 3555/762/3067 3570/786/3082 3569/788/3081
f 3560/764/3072 3575/787/3087 3576/789/3088
f 3554/763/3066 3569/788/3081 3568/790/3080
f 3561/765/3073 3576/789/3088 3577/791/3089
f 3553/766/3065 3568/790/3080 3567/792/3079
f 3562/767/3074 3577/791/3089 3578/793/3090
f 3552/768/3064 3567/792/3079 3566/779/3078
f 3575/787/3087 3590/796/3102 3591/797/3103
f 3569/788/3081 3584/798/3096 3583/799/3095
f 3576/789/3088 3591/797/3103 3592/800/3104
f 3568/790/3080 3583/799/3095 3582/801/3094
f 3577/791/3089 3592/800/3104 3593/802/3383
f 3567/792/3079 3582/801/3094 3581/803/3093
f 3566/779/3078 3581/803/3093 3580/807/3092
f 3573/781/3085 3588/805/3100 3587/808/3099
f 3565/780/3077 3580/807/3092 3579/809/3091
f 3572/782/3084 3587/808/3099 3586/810/3098
f 3564/783/3076 3579/809/3091 3589/811/3101
f 3571/784/3083 3586/810/3098 3585/812/3097
f 3574/785/3086 3589/811/3101 3590/796/3102
f 3570/786/3082 3585/812/3097 3584/798/3096
f 3588/805/3100 3603/813/3115 3602/814/3114
f 3580/807/3092 3595/815/3107 3594/816/3106
f 3587/808/3099 3602/814/3114 3601/817/3113
f 3579/809/3091 3594/816/3106 3604/818/3116
f 3586/810/3098 3601/817/3113 3600/819/3112
f 3589/811/3101 3604/818/3116 3605/820/3117
f 3585/812/3097 3600/819/3112 3599/821/3111
f 3590/796/3102 3605/820/3117 3606/822/3118
f 3584/798/3096 3599/821/3111 3598/823/3110
f 3591/797/3103 3606/822/3118 3607/824/3119
f 3583/799/3095 3598/823/3110 3597/825/3109
f 3592/800/3104 3607/824/3119 3608/826/3384
f 3582/801/3094 3597/825/3109 3596/827/3108
f 3581/803/3093 3596/827/3108 3595/815/3107
f 3599/821/3111 3614/830/3126 3613/831/3125
f 3606/822/3118 3621/832/3386 3622/833/3134
f 3598/823/3110 3613/831/3125 3612/834/3124
f 3607/824/3119 3622/833/3134 3623/835/3135
f 3597/825/3109 3612/834/3124 3611/836/3123
f 3596/827/3108 3611/836/3123 3610/840/3122
f 3603/813/3115 3618/838/3130 3617/841/3129
f 3595/815/3107 3610/840/3122 3609/842/3121
f 3602/814/3114 3617/841/3129 3616/843/3128
f 3594/816/3106 3609/842/3121 3619/844/3131
f 3601/817/3113 3616/843/3128 3615/845/3127
f 3604/818/3116 3619/844/3131 3620/846/3385
f 3600/819/3112 3615/845/3127 3614/830/3126
f 3605/820/3117 3620/846/3385 3621/832/3386
f 3610/840/3122 3625/847/3137 3624/848/3136
f 3617/841/3129 3632/849/3144 3631/850/3387
f 3609/842/3121 3624/848/3136 3634/851/3146
f 3616/843/3128 3631/850/3387 3630/852/3142
f 3619/844/3131 3634/851/3146 3635/853/3147
f 3615/845/3127 3630/852/3142 3629/854/3141
f 3620/846/3385 3635/853/3147 3636/855/3148
f 3614/830/3126 3629/854/3141 3628/856/3140
f 3621/832/3386 3636/855/3148 3637/857/3149
f 3613/831/3125 3628/856/3140 3627/858/3139
f 3622/833/3134 3637/857/3149 3638/859/3388
f 3612/834/3124 3627/858/3139 3626/860/3138
f 3611/836/3123 3626/860/3138 3625/847/3137
f 3618/838/3130 3633/862/3145 3632/849/3144
f 3636/855/3148 3651/864/3163 3652/865/3389
f 3628/856/3140 3643/866/3155 3642/867/3154
f 3637/857/3149 3652/865/3389 3653/868/3165
f 3627/858/3139 3642/867/3154 3641/869/3153
f 3626/860/3138 3641/869/3153 3640/873/3152
f 3633/862/3145 3648/871/3160 3647/874/3159
f 3625/847/3137 3640/873/3152 3639/875/3151
f 3632/849/3144 3647/874/3159 3646/876/3158
f 3624/848/3136 3639/875/3151 3649/877/3161
f 3631/850/3387 3646/876/3158 3645/878/3157
f 3634/851/3146 3649/877/3161 3650/879/3162
f 3630/852/3142 3645/878/3157 3644/880/3156
f 3635/853/3147 3650/879/3162 3651/864/3163
f 3629/854/3141 3644/880/3156 3643/866/3155
f 3639/875/3151 3654/881/3166 3664/882/3176
f 3646/876/3158 3661/883/3173 3660/884/3172
f 3649/877/3161 3664/882/3176 3665/885/3177
f 3645/878/3157 3660/884/3172 3659/886/3171
f 3650/879/3162 3665/885/3177 3666/887/3178
f 3644/880/3156 3659/886/3171 3658/888/3170
f 3651/864/3163 3666/887/3178 3667/889/3179
f 3643/866/3155 3658/888/3170 3657/890/3169
f 3652/865/3389 3667/889/3179 3668/891/3180
f 3642/867/3154 3657/890/3169 3656/892/3168
f 3641/869/3153 3656/892/3168 3655/896/3167
f 3648/871/3160 3663/894/3175 3662/897/3174
f 3640/873/3152 3655/896/3167 3654/881/3166
f 3647/874/3159 3662/897/3174 3661/883/3173
f 3668/891/3180 3667/889/3179 3683/898/3195
f 3657/890/3169 3672/900/3184 3671/901/3183
f 3656/892/3168 3671/901/3183 3670/905/3182
f 3663/894/3175 3678/903/3190 3677/906/3189
f 3655/896/3167 3670/905/3182 3669/907/3181
f 3662/897/3174 3677/906/3189 3676/908/3188
f 3654/881/3166 3669/907/3181 3680/909/3192
f 3661/883/3173 3676/908/3188 3675/910/3187
f 3664/882/3176 3680/909/3192 3681/911/3193
f 3660/884/3172 3675/910/3187 3674/912/3186
f 3665/885/3177 3681/911/3193 3682/913/3194
f 3659/886/3171 3674/912/3186 3673/914/3185
f 3666/887/3178 3682/913/3194 3683/898/3195
f 3658/888/3170 3673/914/3185 3672/900/3184
f 3676/908/3188 3692/915/3204 3691/916/3203
f 3680/909/3192 3695/917/3207 3696/918/3208
f 3675/910/3187 3691/916/3203 3690/919/3202
f 3681/911/3193 3696/918/3208 3697/920/3390
f 3674/912/3186 3690/919/3202 3689/921/3201
f 3682/913/3194 3697/920/3390 3698/922/3210
f 3673/914/3185 3689/921/3201 3688/923/3200
f 3684/899/3196 3683/898/3195 3698/922/3210
f 3672/900/3184 3688/923/3200 3687/925/3199
f 3671/901/3183 3687/925/3199 3686/929/3198
f 3678/903/3190 3694/927/3206 3693/930/3205
f 3670/905/3182 3686/929/3198 3685/931/3197
f 3677/906/3189 3693/930/3205 3692/915/3204
f 3669/907/3181 3685/931/3197 3695/917/3207
f 3688/923/3200 3703/932/3215 3702/933/3214
f 3687/925/3199 3702/933/3214 3701/938/3213
f 3694/927/3206 3709/935/3221 3708/939/3220
f 3686/929/3198 3701/938/3213 3700/940/3212
f 3693/930/3205 3708/939/3220 3707/941/3219
f 3685/931/3197 3700/940/3212 3710/942/3222
f 3692/915/3204 3707/941/3219 3706/943/3218
f 3695/917/3207 3710/942/3222 3711/944/3223
f 3691/916/3203 3706/943/3218 3705/945/3217
f 3697/920/3390 3696/918/3208 3711/944/3223
f 3690/919/3202 3705/945/3217 3704/947/3216
f 3698/922/3210 3697/920/3390 3712/946/3224
f 3689/921/3201 3704/947/3216 3703/932/3215
f 3699/924/3211 3698/922/3210 3713/948/3225
f 3711/944/3223 3710/942/3222 3725/949/3237
f 3706/943/3218 3721/951/3233 3720/952/3232
f 3712/946/3224 3711/944/3223 3726/950/3238
f 3705/945/3217 3720/952/3232 3719/954/3231
f 3713/948/3225 3712/946/3224 3727/953/3239
f 3704/947/3216 3719/954/3231 3718/956/3230
f 3714/937/3226 3713/948/3225 3728/955/3240
f 3702/933/3214 3703/932/3215 3718/956/3230
f 3701/938/3213 3702/933/3214 3717/958/3229
f 3709/935/3221 3724/960/3236 3723/963/3391
f 3700/940/3212 3701/938/3213 3716/962/3228
f 3708/939/3220 3723/963/3391 3722/965/3234
f 3710/942/3222 3700/940/3212 3715/964/3227
f 3707/941/3219 3722/965/3234 3721/951/3233
f 3716/962/3228 3717/958/3229 3732/970/3244
f 3723/963/3391 3724/960/3236 3739/967/3251
f 3715/964/3227 3716/962/3228 3731/971/3392
f 3722/965/3234 3723/963/3391 3738/972/3250
f 3725/949/3237 3715/964/3227 3730/973/3242
f 3721/951/3233 3722/965/3234 3737/974/3249
f 3726/950/3238 3725/949/3237 3740/975/3252
f 3720/952/3232 3721/951/3233 3736/976/3248
f 3727/953/3239 3726/950/3238 3741/977/3253
f 3719/954/3231 3720/952/3232 3735/978/3247
f 3728/955/3240 3727/953/3239 3742/979/3254
f 3718/956/3230 3719/954/3231 3734/980/3246
f 3729/957/3241 3728/955/3240 3743/981/3255
f 3717/958/3229 3718/956/3230 3733/982/3245
f 3735/983/3247 3736/1013/3248 3751/984/3263
f 3742/986/3254 3741/1014/3253 3756/987/3268
f 3734/989/3246 3735/983/3247 3750/985/3262
f 3743/991/3255 3742/986/3254 3757/988/3269
f 3733/993/3245 3734/989/3246 3749/990/3261
f 3744/995/3393 3743/991/3255 3758/992/3270
f 3732/997/3244 3733/993/3245 3748/994/3260
f 3731/1003/3392 3732/997/3244 3747/998/3259
f 3738/1006/3250 3739/999/3251 3754/1001/3266
f 3730/1007/3242 3731/1003/3392 3746/1004/3258
f 3737/1010/3249 3738/1006/3250 3753/1005/3265
f 3740/1011/3252 3730/1007/3242 3745/1008/3257
f 3736/1013/3248 3737/1010/3249 3752/1009/3264
f 3741/1014/3253 3740/1011/3252 3755/1012/3267
f 3746/1004/3258 3747/998/3259 3762/1029/3274
f 3753/1005/3265 3754/1001/3266 3769/1016/3281
f 3745/1008/3257 3746/1004/3258 3761/1015/3273
f 3752/1009/3264 3753/1005/3265 3768/1017/3280
f 3755/1012/3267 3745/1008/3257 3760/1018/3272
f 3751/984/3263 3752/1009/3264 3767/1019/3279
f 3756/987/3268 3755/1012/3267 3770/1020/3282
f 3750/985/3262 3751/984/3263 3766/1021/3278
f 3757/988/3269 3756/987/3268 3771/1022/3283
f 3749/990/3261 3750/985/3262 3765/1023/3277
f 3758/992/3270 3757/988/3269 3772/1024/3394
f 3748/994/3260 3749/990/3261 3764/1025/3276
f 3759/996/3271 3758/992/3270 3773/1026/3285
f 3747/998/3259 3748/994/3260 3763/1027/3275
f 3772/1024/3394 3771/1022/3283 3786/1047/3298
f 3764/1025/3276 3765/1023/3277 3780/1048/3292
f 3773/1026/3285 3772/1024/3394 3787/1032/3299
f 3763/1027/3275 3764/1025/3276 3779/1033/3291
f 3774/1028/3286 3773/1026/3285 3788/1034/3300
f 3762/1029/3274 3763/1027/3275 3778/1035/3290
f 3761/1015/3273 3762/1029/3274 3777/1037/3289
f 3768/1017/3280 3769/1016/3281 3784/1039/3296
f 3760/1018/3272 3761/1015/3273 3776/1041/3288
f 3767/1019/3279 3768/1017/3280 3783/1042/3295
f 3770/1020/3282 3760/1018/3272 3775/1043/3287
f 3766/1021/3278 3767/1019/3279 3782/1044/3294
f 3771/1022/3283 3770/1020/3282 3785/1045/3297
f 3765/1023/3277 3766/1021/3278 3781/1046/3293
f 3775/1043/3287 3776/1041/3288 3791/1065/3303
f 3782/1044/3294 3783/1042/3295 3798/1050/3310
f 3785/1045/3297 3775/1043/3287 3790/1049/3302
f 3781/1046/3293 3782/1044/3294 3797/1051/3309
f 3786/1047/3298 3785/1045/3297 3800/1052/3312
f 3780/1048/3292 3781/1046/3293 3796/1053/3308
f 3787/1032/3299 3786/1047/3298 3801/1054/3313
f 3779/1033/3291 3780/1048/3292 3795/1055/3395
f 3788/1034/3300 3787/1032/3299 3802/1056/3314
f 3778/1035/3290 3779/1033/3291 3794/1057/3306
f 3789/1036/3301 3788/1034/3300 3803/1058/3315
f 3777/1037/3289 3778/1035/3290 3793/1059/3305
f 3776/1041/3288 3777/1037/3289 3792/1061/3304
f 3783/1042/3295 3784/1039/3296 3799/1063/3311
f 3803/1058/3315 3802/1056/3314 3817/1081/3396
f 3793/1059/3305 3794/1057/3306 3809/1082/3321
f 3804/1060/3316 3803/1058/3315 3818/1066/3330
f 3792/1061/3304 3793/1059/3305 3808/1067/3320
f 3791/1065/3303 3792/1061/3304 3807/1069/3319
f 3798/1050/3310 3799/1063/3311 3814/1071/3326
f 3790/1049/3302 3791/1065/3303 3806/1073/3318
f 3797/1051/3309 3798/1050/3310 3813/1074/3325
f 3800/1052/3312 3790/1049/3302 3805/1075/3317
f 3796/1053/3308 3797/1051/3309 3812/1076/3324
f 3801/1054/3313 3800/1052/3312 3815/1077/3327
f 3795/1055/3395 3796/1053/3308 3811/1078/3323
f 3802/1056/3314 3801/1054/3313 3816/1079/3328
f 3794/1057/3306 3795/1055/3395 3810/1080/3322
f 3812/1076/3324 3813/1074/3325 3828/1098/3340
f 3815/1077/3327 3805/1075/3317 3820/1099/3397
f 3811/1078/3323 3812/1076/3324 3827/1083/3339
f 3816/1079/3328 3815/1077/3327 3830/1084/3342
f 3810/1080/3322 3811/1078/3323 3826/1085/3338
f 3817/1081/3396 3816/1079/3328 3831/1086/3343
f 3809/1082/3321 3810/1080/3322 3825/1087/3337
f 3818/1066/3330 3817/1081/3396 3832/1088/3344
f 3808/1067/3320 3809/1082/3321 3824/1089/3336
f 3819/1068/3331 3818/1066/3330 3833/1090/3345
f 3807/1069/3319 3808/1067/3320 3823/1091/3335
f 3806/1073/3318 3807/1069/3319 3822/1093/3334
f 3813/1074/3325 3814/1071/3326 3829/1095/3398
f 3805/1075/3317 3806/1073/3318 3821/1097/3333
f 3823/1091/3335 3824/1089/3336 3839/1115/3351
f 3834/1092/3346 3833/1090/3345 3848/1116/3360
f 3822/1093/3334 3823/1091/3335 3838/1100/3350
f 3821/1097/3333 3822/1093/3334 3837/1102/3349
f 3828/1098/3340 3829/1095/3398 3844/1104/3356
f 3820/1099/3397 3821/1097/3333 3836/1106/3348
f 3827/1083/3339 3828/1098/3340 3843/1107/3355
f 3830/1084/3342 3820/1099/3397 3835/1108/3347
f 3826/1085/3338 3827/1083/3339 3842/1109/3354
f 3831/1086/3343 3830/1084/3342 3845/1110/3357
f 3825/1087/3337 3826/1085/3338 3841/1111/3399
f 3832/1088/3344 3831/1086/3343 3846/1112/3358
f 3824/1089/3336 3825/1087/3337 3840/1113/3352
f 3833/1090/3345 3832/1088/3344 3847/1114/3359
f 3845/1110/3357 3835/1108/3347 3850/580/3362
f 3841/1111/3399 3842/1109/3354 3853/583/3365
f 3846/1112/3358 3845/1110/3357 3431/573/2943
f 3840/1113/3352 3841/1111/3399 3852/575/3364
f 3847/1114/3359 3846/1112/3358 3854/571/3366
f 3839/1115/3351 3840/1113/3352 3435/577/2947
f 3848/1116/3360 3847/1114/3359 3430/563/2942
f 3838/1100/3350 3839/1115/3351 3434/585/2946
f 3849/1101/3361 3848/1116/3360 3855/565/3367
f 3837/1102/3349 3838/1100/3350 3433/578/2945
f 3836/1106/3348 3837/1102/3349 3851/566/3363
f 3843/1107/3355 3844/1104/3356 3437/560/2949
f 3835/1108/3347 3836/1106/3348 3432/568/2944
f 3842/1109/3354 3843/1107/3355 3436/562/2948
f 3918/562/2948 3919/560/2949 3897/570/3403
f 4337/565/3421 3912/563/2942 3909/572/2939
f 3914/568/2944 4333/566/3363 3904/579/2934
f 3912/563/2942 4336/571/3366 3908/574/2938
f 4336/571/3366 3913/573/2943 3907/581/2937
f 3917/577/2947 4334/575/3364 3900/584/2930
f 4333/566/3363 3915/578/2945 3903/586/2933
f 3913/573/2943 4332/580/3362 3906/582/2936
f 4332/580/3362 3914/568/2944 3905/567/2935
f 4334/575/3364 4335/583/3365 3899/591/2929
f 3915/578/2945 3916/585/2946 3902/590/2932
f 3916/585/2946 3917/577/2947 3901/576/2931
f 4335/583/3365 3918/562/2948 3898/561/3371
f 4338/588/3368 4337/565/3421 3910/564/2940
f 3903/586/2933 3902/590/2932 3891/595/2921
f 3909/572/2939 3908/574/2938 3885/600/2915
f 3901/576/2931 3900/584/2930 3893/608/2923
f 3902/590/2932 3901/576/2931 3892/594/3402
f 3904/579/2934 3903/586/2933 3890/592/2920
f 3910/564/2940 3909/572/2939 3884/593/2914
f 3907/581/2937 3906/582/2936 3887/603/2917
f 3911/589/2941 3910/564/2940 3883/597/2913
f 3908/574/2938 3907/581/2937 3886/598/2916
f 3905/567/2935 3904/579/2934 3889/596/2919
f 3906/582/2936 3905/567/2935 3888/602/2918
f 3898/561/3371 3897/570/3403 3896/605/2926
f 3899/591/2929 3898/561/3371 3895/606/2925
f 3900/584/2930 3899/591/2929 3894/607/2924
f 3882/599/2912 3883/597/2913 3880/610/2910
f 3883/597/2913 3884/593/2914 3879/611/2909
f 3884/593/2914 3885/600/2915 3878/623/2908
f 3894/607/2924 3895/606/2925 3868/613/2898
f 3895/606/2925 3896/605/2926 3867/618/3400
f 3892/594/3402 3893/608/2923 3870/619/2900
f 3886/598/2916 3887/603/2917 3876/616/3401
f 3887/603/2917 3888/602/2918 3875/620/2905
f 3893/608/2923 3894/607/2924 3869/612/2899
f 3888/602/2918 3889/596/2919 3874/622/2904
f 3889/596/2919 3890/592/2920 3873/624/2903
f 3885/600/2915 3886/598/2916 3877/615/2907
f 3890/592/2920 3891/595/2921 3872/625/2902
f 3891/595/2921 3892/594/3402 3871/614/2901
f 3872/625/2902 3871/614/2901 3862/630/2892
f 3878/623/2908 3877/615/2907 3920/635/3404
f 3879/611/2909 3878/623/2908 3921/627/2951
f 3870/619/2900 3869/612/2899 3864/642/2894
f 3871/614/2901 3870/619/2900 3863/629/2893
f 3873/624/2903 3872/625/2902 3861/626/2891
f 3876/616/3401 3875/620/2905 3858/637/2888
f 3877/615/2907 3876/616/3401 3857/632/2887
f 3874/622/2904 3873/624/2903 3860/631/2890
f 3875/620/2905 3874/622/2904 3859/636/2889
f 3867/618/3400 3866/641/2896 3865/638/2895
f 3880/610/2910 3879/611/2909 3922/628/2952
f 3869/612/2899 3868/613/2898 3865/638/2895
f 3881/609/2911 3880/610/2910 3923/639/2953
f 3923/639/2953 3922/628/2952 3938/654/2968
f 3861/626/2891 3862/630/2892 3931/649/2961
f 3863/629/2893 3864/642/2894 3933/648/2963
f 3864/642/2894 3865/638/2895 3934/652/2964
f 3862/630/2892 3863/629/2893 3932/647/2962
f 3920/635/3404 3857/632/2887 3926/651/2956
f 3857/632/2887 3858/637/2888 3927/653/2957
f 3866/641/2896 3935/656/2965 3934/652/2964
f 3858/637/2888 3859/636/2889 3928/658/2958
f 3922/628/2952 3921/627/2951 3937/657/3405
f 3921/627/2951 3920/635/3404 3936/650/2966
f 3859/636/2889 3860/631/2890 3929/659/2959
f 3860/631/2890 3861/626/2891 3930/646/2960
f 3924/634/2954 3923/639/2953 3939/643/2969
f 3926/651/2956 3927/653/2957 3942/675/2972
f 3931/649/2961 3932/647/2962 3947/676/2977
f 3936/650/2966 3926/651/2956 3941/660/2971
f 3930/646/2960 3931/649/2961 3946/661/2976
f 3937/657/3405 3936/650/2966 3951/662/2981
f 3938/654/2968 3937/657/3405 3952/664/2982
f 3939/643/2969 3938/654/2968 3953/665/2983
f 3940/645/2970 3939/643/2969 3954/668/2984
f 3929/659/2959 3930/646/2960 3945/663/2975
f 3935/656/2965 3950/667/3408 3949/671/3407
f 3928/658/2958 3929/659/2959 3944/670/2974
f 3934/652/2964 3949/671/3407 3948/674/3406
f 3927/653/2957 3928/658/2958 3943/673/2973
f 3933/648/2963 3948/674/3406 3947/676/2977
f 3945/663/2975 3960/693/2990 3959/677/2989
f 3955/669/2985 3954/668/2984 3969/678/3377
f 3944/670/2974 3959/677/2989 3958/680/2988
f 3943/673/2973 3958/680/2988 3957/684/2987
f 3950/667/3408 3965/682/2995 3964/685/2994
f 3941/660/2971 3942/675/2972 3957/684/2987
f 3949/671/3407 3964/685/2994 3963/687/2993
f 3951/662/2981 3941/660/2971 3956/686/2986
f 3948/674/3406 3963/687/2993 3962/689/2992
f 3952/664/2982 3951/662/2981 3966/688/2996
f 3947/676/2977 3962/689/2992 3961/691/2991
f 3953/665/2983 3952/664/2982 3967/690/2997
f 3946/661/2976 3961/691/2991 3960/693/2990
f 3954/668/2984 3953/665/2983 3968/692/2998
f 3956/686/2986 3971/709/3001 3981/694/3011
f 3963/687/2993 3978/710/3008 3977/695/3007
f 3966/688/2996 3981/694/3011 3982/696/3012
f 3962/689/2992 3977/695/3007 3976/697/3006
f 3967/690/2997 3982/696/3012 3983/698/3013
f 3961/691/2991 3976/697/3006 3975/699/3005
f 3968/692/2998 3983/698/3013 3984/700/3014
f 3960/693/2990 3975/699/3005 3974/701/3004
f 3969/678/3377 3984/700/3014 3985/702/3015
f 3959/677/2989 3974/701/3004 3973/703/3003
f 3958/680/2988 3973/703/3003 3972/707/3002
f 3965/682/2995 3980/705/3010 3979/708/3009
f 3957/684/2987 3972/707/3002 3971/709/3001
f 3964/685/2994 3979/708/3009 3978/710/3008
f 3984/700/3014 3999/711/3029 4000/712/3030
f 3974/701/3004 3989/727/3019 3988/713/3018
f 3973/703/3003 3988/713/3018 3987/717/3017
f 3980/705/3010 3995/715/3379 3994/718/3024
f 3972/707/3002 3987/717/3017 3986/719/3016
f 3979/708/3009 3994/718/3024 3993/720/3023
f 3971/709/3001 3986/719/3016 3996/721/3026
f 3978/710/3008 3993/720/3023 3992/722/3022
f 3981/694/3011 3996/721/3026 3997/723/3027
f 3977/695/3007 3992/722/3022 3991/724/3021
f 3982/696/3012 3997/723/3027 3998/725/3028
f 3976/697/3006 3991/724/3021 3990/726/3020
f 3983/698/3013 3998/725/3028 3999/711/3029
f 3975/699/3005 3990/726/3020 3989/727/3019
f 3996/721/3026 4011/728/3041 4012/729/3042
f 3992/722/3022 4007/730/3037 4006/731/3036
f 3997/723/3027 4012/729/3042 4013/732/3043
f 3991/724/3021 4006/731/3036 4005/733/3035
f 3998/725/3028 4013/732/3043 4014/734/3044
f 3990/726/3020 4005/733/3035 4004/735/3034
f 3999/711/3029 4014/734/3044 4015/736/3045
f 3989/727/3019 4004/735/3034 4003/737/3033
f 3988/713/3018 4003/737/3033 4002/741/3032
f 3995/715/3379 4010/739/3040 4009/742/3039
f 3987/717/3017 4002/741/3032 4001/743/3031
f 3994/718/3024 4009/742/3039 4008/744/3038
f 3986/719/3016 4001/743/3031 4011/728/3041
f 3993/720/3023 4008/744/3038 4007/730/3037
f 4003/737/3033 4018/749/3048 4017/750/3047
f 4010/739/3040 4025/746/3055 4024/751/3054
f 4002/741/3032 4017/750/3047 4016/752/3046
f 4009/742/3039 4024/751/3054 4023/753/3053
f 4001/743/3031 4016/752/3046 4026/754/3056
f 4008/744/3038 4023/753/3053 4022/755/3052
f 4011/728/3041 4026/754/3056 4027/756/3057
f 4007/730/3037 4022/755/3052 4021/757/3051
f 4012/729/3042 4027/756/3057 4028/758/3058
f 4006/731/3036 4021/757/3051 4020/759/3050
f 4013/732/3043 4028/758/3058 4029/760/3059
f 4005/733/3035 4020/759/3050 4019/761/3049
f 4014/734/3044 4029/760/3059 4030/748/3060
f 4004/735/3034 4019/761/3049 4018/749/3048
f 4022/755/3052 4037/762/3067 4036/763/3066
f 4027/756/3057 4042/764/3072 4043/765/3073
f 4021/757/3051 4036/763/3066 4035/766/3065
f 4028/758/3058 4043/765/3073 4044/767/3074
f 4020/759/3050 4035/766/3065 4034/768/3064
f 4029/760/3059 4044/767/3074 4045/769/3075
f 4019/761/3049 4034/768/3064 4033/770/3063
f 4018/749/3048 4033/770/3063 4032/774/3062
f 4025/746/3055 4040/772/3070 4039/775/3069
f 4017/750/3047 4032/774/3062 4031/776/3061
f 4024/751/3054 4039/775/3069 4038/777/3068
f 4016/752/3046 4031/776/3061 4041/778/3071
f 4023/753/3053 4038/777/3068 4037/762/3067
f 4026/754/3056 4041/778/3071 4042/764/3072
f 4033/770/3063 4048/779/3078 4047/780/3077
f 4040/772/3070 4055/781/3085 4054/782/3084
f 4032/774/3062 4047/780/3077 4046/783/3076
f 4039/775/3069 4054/782/3084 4053/784/3083
f 4031/776/3061 4046/783/3076 4056/785/3409
f 4038/777/3068 4053/784/3083 4052/786/3082
f 4041/778/3071 4056/785/3409 4057/787/3087
f 4037/762/3067 4052/786/3082 4051/788/3081
f 4042/764/3072 4057/787/3087 4058/789/3088
f 4036/763/3066 4051/788/3081 4050/790/3080
f 4043/765/3073 4058/789/3088 4059/791/3089
f 4035/766/3065 4050/790/3080 4049/792/3079
f 4044/767/3074 4059/791/3089 4060/793/3090
f 4034/768/3064 4049/792/3079 4048/779/3078
f 4057/787/3087 4072/796/3102 4073/797/3103
f 4051/788/3081 4066/798/3096 4065/799/3095
f 4058/789/3088 4073/797/3103 4074/800/3104
f 4050/790/3080 4065/799/3095 4064/801/3094
f 4059/791/3089 4074/800/3104 4075/802/3105
f 4049/792/3079 4064/801/3094 4063/803/3093
f 4048/779/3078 4063/803/3093 4062/807/3092
f 4055/781/3085 4070/805/3100 4069/808/3099
f 4047/780/3077 4062/807/3092 4061/809/3091
f 4054/782/3084 4069/808/3099 4068/810/3098
f 4046/783/3076 4061/809/3091 4071/811/3101
f 4053/784/3083 4068/810/3098 4067/812/3097
f 4056/785/3409 4071/811/3101 4072/796/3102
f 4052/786/3082 4067/812/3097 4066/798/3096
f 4070/805/3100 4085/813/3115 4084/814/3114
f 4062/807/3092 4077/815/3107 4076/816/3106
f 4069/808/3099 4084/814/3114 4083/817/3113
f 4061/809/3091 4076/816/3106 4086/818/3116
f 4068/810/3098 4083/817/3113 4082/819/3410
f 4071/811/3101 4086/818/3116 4087/820/3117
f 4067/812/3097 4082/819/3410 4081/821/3111
f 4072/796/3102 4087/820/3117 4088/822/3118
f 4066/798/3096 4081/821/3111 4080/823/3110
f 4073/797/3103 4088/822/3118 4089/824/3119
f 4065/799/3095 4080/823/3110 4079/825/3109
f 4074/800/3104 4089/824/3119 4090/826/3384
f 4064/801/3094 4079/825/3109 4078/827/3108
f 4063/803/3093 4078/827/3108 4077/815/3107
f 4081/821/3111 4096/830/3126 4095/831/3125
f 4088/822/3118 4103/832/3386 4104/833/3134
f 4080/823/3110 4095/831/3125 4094/834/3124
f 4089/824/3119 4104/833/3134 4105/835/3135
f 4079/825/3109 4094/834/3124 4093/836/3123
f 4078/827/3108 4093/836/3123 4092/840/3122
f 4085/813/3115 4100/838/3130 4099/841/3129
f 4077/815/3107 4092/840/3122 4091/842/3121
f 4084/814/3114 4099/841/3129 4098/843/3128
f 4076/816/3106 4091/842/3121 4101/844/3131
f 4083/817/3113 4098/843/3128 4097/845/3127
f 4086/818/3116 4101/844/3131 4102/846/3132
f 4082/819/3410 4097/845/3127 4096/830/3126
f 4087/820/3117 4102/846/3132 4103/832/3386
f 4092/840/3122 4107/847/3137 4106/848/3136
f 4099/841/3129 4114/849/3144 4113/850/3387
f 4091/842/3121 4106/848/3136 4116/851/3146
f 4098/843/3128 4113/850/3387 4112/852/3142
f 4101/844/3131 4116/851/3146 4117/853/3147
f 4097/845/3127 4112/852/3142 4111/854/3141
f 4102/846/3132 4117/853/3147 4118/855/3148
f 4096/830/3126 4111/854/3141 4110/856/3140
f 4103/832/3386 4118/855/3148 4119/857/3149
f 4095/831/3125 4110/856/3140 4109/858/3139
f 4104/833/3134 4119/857/3149 4120/859/3388
f 4094/834/3124 4109/858/3139 4108/860/3138
f 4093/836/3123 4108/860/3138 4107/847/3137
f 4100/838/3130 4115/862/3145 4114/849/3144
f 4118/855/3148 4133/864/3163 4134/865/3389
f 4110/856/3140 4125/866/3155 4124/867/3154
f 4119/857/3149 4134/865/3389 4135/868/3165
f 4109/858/3139 4124/867/3154 4123/869/3153
f 4108/860/3138 4123/869/3153 4122/873/3152
f 4115/862/3145 4130/871/3160 4129/874/3159
f 4107/847/3137 4122/873/3152 4121/875/3151
f 4114/849/3144 4129/874/3159 4128/876/3158
f 4106/848/3136 4121/875/3151 4131/877/3161
f 4113/850/3387 4128/876/3158 4127/878/3157
f 4116/851/3146 4131/877/3161 4132/879/3162
f 4112/852/3142 4127/878/3157 4126/880/3156
f 4117/853/3147 4132/879/3162 4133/864/3163
f 4111/854/3141 4126/880/3156 4125/866/3155
f 4121/875/3151 4136/881/3166 4146/882/3176
f 4128/876/3158 4143/883/3173 4142/884/3172
f 4131/877/3161 4146/882/3176 4147/885/3411
f 4127/878/3157 4142/884/3172 4141/886/3171
f 4132/879/3162 4147/885/3411 4148/887/3178
f 4126/880/3156 4141/886/3171 4140/888/3170
f 4133/864/3163 4148/887/3178 4149/889/3412
f 4125/866/3155 4140/888/3170 4139/890/3169
f 4134/865/3389 4149/889/3412 4150/891/3180
f 4124/867/3154 4139/890/3169 4138/892/3168
f 4123/869/3153 4138/892/3168 4137/896/3167
f 4130/871/3160 4145/894/3175 4144/897/3174
f 4122/873/3152 4137/896/3167 4136/881/3166
f 4129/874/3159 4144/897/3174 4143/883/3173
f 4150/891/3180 4149/889/3412 4165/898/3195
f 4139/890/3169 4154/900/3184 4153/901/3183
f 4138/892/3168 4153/901/3183 4152/905/3182
f 4145/894/3175 4160/903/3190 4159/906/3189
f 4137/896/3167 4152/905/3182 4151/907/3181
f 4144/897/3174 4159/906/3189 4158/908/3188
f 4136/881/3166 4151/907/3181 4162/909/3192
f 4143/883/3173 4158/908/3188 4157/910/3187
f 4146/882/3176 4162/909/3192 4163/911/3193
f 4142/884/3172 4157/910/3187 4156/912/3186
f 4147/885/3411 4163/911/3193 4164/913/3194
f 4141/886/3171 4156/912/3186 4155/914/3185
f 4148/887/3178 4164/913/3194 4165/898/3195
f 4140/888/3170 4155/914/3185 4154/900/3184
f 4158/908/3188 4174/915/3204 4173/916/3203
f 4162/909/3192 4177/917/3207 4178/918/3208
f 4157/910/3187 4173/916/3203 4172/919/3202
f 4163/911/3193 4178/918/3208 4179/920/3209
f 4156/912/3186 4172/919/3202 4171/921/3201
f 4164/913/3194 4179/920/3209 4180/922/3210
f 4155/914/3185 4171/921/3201 4170/923/3200
f 4166/899/3196 4165/898/3195 4180/922/3210
f 4154/900/3184 4170/923/3200 4169/925/3199
f 4153/901/3183 4169/925/3199 4168/929/3198
f 4160/903/3190 4176/927/3206 4175/930/3205
f 4152/905/3182 4168/929/3198 4167/931/3197
f 4159/906/3189 4175/930/3205 4174/915/3204
f 4151/907/3181 4167/931/3197 4177/917/3207
f 4170/923/3200 4185/932/3215 4184/933/3214
f 4169/925/3199 4184/933/3214 4183/938/3213
f 4176/927/3206 4191/935/3221 4190/939/3220
f 4168/929/3198 4183/938/3213 4182/940/3212
f 4175/930/3205 4190/939/3220 4189/941/3219
f 4167/931/3197 4182/940/3212 4192/942/3222
f 4174/915/3204 4189/941/3219 4188/943/3218
f 4177/917/3207 4192/942/3222 4193/944/3223
f 4173/916/3203 4188/943/3218 4187/945/3217
f 4179/920/3209 4178/918/3208 4193/944/3223
f 4172/919/3202 4187/945/3217 4186/947/3216
f 4180/922/3210 4179/920/3209 4194/946/3224
f 4171/921/3201 4186/947/3216 4185/932/3215
f 4181/924/3211 4180/922/3210 4195/948/3225
f 4193/944/3223 4192/942/3222 4207/949/3237
f 4188/943/3218 4203/951/3233 4202/952/3232
f 4194/946/3224 4193/944/3223 4208/950/3238
f 4187/945/3217 4202/952/3232 4201/954/3231
f 4195/948/3225 4194/946/3224 4209/953/3239
f 4186/947/3216 4201/954/3231 4200/956/3230
f 4196/937/3413 4195/948/3225 4210/955/3240
f 4184/933/3214 4185/932/3215 4200/956/3230
f 4183/938/3213 4184/933/3214 4199/958/3229
f 4191/935/3221 4206/960/3236 4205/963/3235
f 4182/940/3212 4183/938/3213 4198/962/3228
f 4190/939/3220 4205/963/3235 4204/965/3234
f 4192/942/3222 4182/940/3212 4197/964/3227
f 4189/941/3219 4204/965/3234 4203/951/3233
f 4198/962/3228 4199/958/3229 4214/970/3244
f 4205/963/3235 4206/960/3236 4221/967/3251
f 4197/964/3227 4198/962/3228 4213/971/3243
f 4204/965/3234 4205/963/3235 4220/972/3250
f 4207/949/3237 4197/964/3227 4212/973/3242
f 4203/951/3233 4204/965/3234 4219/974/3249
f 4208/950/3238 4207/949/3237 4222/975/3252
f 4202/952/3232 4203/951/3233 4218/976/3248
f 4209/953/3239 4208/950/3238 4223/977/3253
f 4201/954/3231 4202/952/3232 4217/978/3247
f 4210/955/3240 4209/953/3239 4224/979/3254
f 4200/956/3230 4201/954/3231 4216/980/3246
f 4211/957/3241 4210/955/3240 4225/981/3255
f 4199/958/3229 4200/956/3230 4215/982/3245
f 4217/983/3247 4218/1013/3248 4233/984/3415
f 4224/986/3254 4223/1014/3253 4238/987/3268
f 4216/989/3246 4217/983/3247 4232/985/3262
f 4225/991/3255 4224/986/3254 4239/988/3269
f 4215/993/3245 4216/989/3246 4231/990/3261
f 4226/995/3256 4225/991/3255 4240/992/3270
f 4214/997/3244 4215/993/3245 4230/994/3260
f 4213/1003/3243 4214/997/3244 4229/998/3259
f 4220/1006/3250 4221/999/3251 4236/1001/3266
f 4212/1007/3242 4213/1003/3243 4228/1004/3414
f 4219/1010/3249 4220/1006/3250 4235/1005/3265
f 4222/1011/3252 4212/1007/3242 4227/1008/3257
f 4218/1013/3248 4219/1010/3249 4234/1009/3264
f 4223/1014/3253 4222/1011/3252 4237/1012/3267
f 4228/1004/3414 4229/998/3259 4244/1029/3274
f 4235/1005/3265 4236/1001/3266 4251/1016/3281
f 4227/1008/3257 4228/1004/3414 4243/1015/3273
f 4234/1009/3264 4235/1005/3265 4250/1017/3280
f 4237/1012/3267 4227/1008/3257 4242/1018/3272
f 4233/984/3415 4234/1009/3264 4249/1019/3279
f 4238/987/3268 4237/1012/3267 4252/1020/3282
f 4232/985/3262 4233/984/3415 4248/1021/3278
f 4239/988/3269 4238/987/3268 4253/1022/3283
f 4231/990/3261 4232/985/3262 4247/1023/3277
f 4240/992/3270 4239/988/3269 4254/1024/3416
f 4230/994/3260 4231/990/3261 4246/1025/3276
f 4241/996/3271 4240/992/3270 4255/1026/3417
f 4229/998/3259 4230/994/3260 4245/1027/3275
f 4254/1024/3416 4253/1022/3283 4268/1047/3298
f 4246/1025/3276 4247/1023/3277 4262/1048/3292
f 4255/1026/3417 4254/1024/3416 4269/1032/3299
f 4245/1027/3275 4246/1025/3276 4261/1033/3291
f 4256/1028/3286 4255/1026/3417 4270/1034/3300
f 4244/1029/3274 4245/1027/3275 4260/1035/3290
f 4243/1015/3273 4244/1029/3274 4259/1037/3289
f 4250/1017/3280 4251/1016/3281 4266/1039/3296
f 4242/1018/3272 4243/1015/3273 4258/1041/3288
f 4249/1019/3279 4250/1017/3280 4265/1042/3295
f 4252/1020/3282 4242/1018/3272 4257/1043/3287
f 4248/1021/3278 4249/1019/3279 4264/1044/3294
f 4253/1022/3283 4252/1020/3282 4267/1045/3297
f 4247/1023/3277 4248/1021/3278 4263/1046/3293
f 4257/1043/3287 4258/1041/3288 4273/1065/3303
f 4264/1044/3294 4265/1042/3295 4280/1050/3310
f 4267/1045/3297 4257/1043/3287 4272/1049/3302
f 4263/1046/3293 4264/1044/3294 4279/1051/3309
f 4268/1047/3298 4267/1045/3297 4282/1052/3312
f 4262/1048/3292 4263/1046/3293 4278/1053/3308
f 4269/1032/3299 4268/1047/3298 4283/1054/3313
f 4261/1033/3291 4262/1048/3292 4277/1055/3395
f 4270/1034/3300 4269/1032/3299 4284/1056/3314
f 4260/1035/3290 4261/1033/3291 4276/1057/3306
f 4271/1036/3301 4270/1034/3300 4285/1058/3315
f 4259/1037/3289 4260/1035/3290 4275/1059/3305
f 4258/1041/3288 4259/1037/3289 4274/1061/3304
f 4265/1042/3295 4266/1039/3296 4281/1063/3311
f 4285/1058/3315 4284/1056/3314 4299/1081/3396
f 4275/1059/3305 4276/1057/3306 4291/1082/3321
f 4286/1060/3316 4285/1058/3315 4300/1066/3330
f 4274/1061/3304 4275/1059/3305 4290/1067/3320
f 4273/1065/3303 4274/1061/3304 4289/1069/3319
f 4280/1050/3310 4281/1063/3311 4296/1071/3326
f 4272/1049/3302 4273/1065/3303 4288/1073/3318
f 4279/1051/3309 4280/1050/3310 4295/1074/3325
f 4282/1052/3312 4272/1049/3302 4287/1075/3317
f 4278/1053/3308 4279/1051/3309 4294/1076/3324
f 4283/1054/3313 4282/1052/3312 4297/1077/3327
f 4277/1055/3395 4278/1053/3308 4293/1078/3323
f 4284/1056/3314 4283/1054/3313 4298/1079/3328
f 4276/1057/3306 4277/1055/3395 4292/1080/3322
f 4294/1076/3324 4295/1074/3325 4310/1098/3418
f 4297/1077/3327 4287/1075/3317 4302/1099/3332
f 4293/1078/3323 4294/1076/3324 4309/1083/3339
f 4298/1079/3328 4297/1077/3327 4312/1084/3342
f 4292/1080/3322 4293/1078/3323 4308/1085/3338
f 4299/1081/3396 4298/1079/3328 4313/1086/3343
f 4291/1082/3321 4292/1080/3322 4307/1087/3337
f 4300/1066/3330 4299/1081/3396 4314/1088/3344
f 4290/1067/3320 4291/1082/3321 4306/1089/3336
f 4301/1068/3331 4300/1066/3330 4315/1090/3345
f 4289/1069/3319 4290/1067/3320 4305/1091/3335
f 4288/1073/3318 4289/1069/3319 4304/1093/3334
f 4295/1074/3325 4296/1071/3326 4311/1095/3398
f 4287/1075/3317 4288/1073/3318 4303/1097/3333
f 4305/1091/3335 4306/1089/3336 4321/1115/3351
f 4316/1092/3346 4315/1090/3345 4330/1116/3420
f 4304/1093/3334 4305/1091/3335 4320/1100/3350
f 4303/1097/3333 4304/1093/3334 4319/1102/3349
f 4310/1098/3418 4311/1095/3398 4326/1104/3419
f 4302/1099/3332 4303/1097/3333 4318/1106/3348
f 4309/1083/3339 4310/1098/3418 4325/1107/3355
f 4312/1084/3342 4302/1099/3332 4317/1108/3347
f 4308/1085/3338 4309/1083/3339 4324/1109/3354
f 4313/1086/3343 4312/1084/3342 4327/1110/3357
f 4307/1087/3337 4308/1085/3338 4323/1111/3399
f 4314/1088/3344 4313/1086/3343 4328/1112/3358
f 4306/1089/3336 4307/1087/3337 4322/1113/3352
f 4315/1090/3345 4314/1088/3344 4329/1114/3359
f 4327/1110/3357 4317/1108/3347 4332/580/3362
f 4323/1111/3399 4324/1109/3354 4335/583/3365
f 4328/1112/3358 4327/1110/3357 3913/573/2943
f 4322/1113/3352 4323/1111/3399 4334/575/3364
f 4329/1114/3359 4328/1112/3358 4336/571/3366
f 4321/1115/3351 4322/1113/3352 3917/577/2947
f 4330/1116/3420 4329/1114/3359 3912/563/2942
f 4320/1100/3350 4321/1115/3351 3916/585/2946
f 4331/1101/3361 4330/1116/3420 4337/565/3421
f 4319/1102/3349 4320/1100/3350 3915/578/2945
f 4318/1106/3348 4319/1102/3349 4333/566/3363
f 4325/1107/3355 4326/1104/3419 3919/560/2949
f 4317/1108/3347 4318/1106/3348 3914/568/2944
f 4324/1109/3354 4325/1107/3355 3918/562/2948
f 4400/562/2948 4401/560/2949 4379/570/2927
f 4819/565/3367 4394/563/2942 4391/572/2939
f 4396/568/2944 4815/566/3363 4386/579/2934
f 4394/563/2942 4818/571/3366 4390/574/2938
f 4818/571/3366 4395/573/3423 4389/581/2937
f 4399/577/2947 4816/575/3364 4382/584/2930
f 4815/566/3363 4397/578/2945 4385/586/2933
f 4395/573/3423 4814/580/3362 4388/582/2936
f 4814/580/3362 4396/568/2944 4387/567/2935
f 4816/575/3364 4817/583/3365 4381/591/2929
f 4397/578/2945 4398/585/2946 4384/590/2932
f 4398/585/2946 4399/577/2947 4383/576/2931
f 4817/583/3365 4400/562/2948 4380/561/3371
f 4820/588/3368 4819/565/3367 4392/564/2940
f 4385/586/2933 4384/590/2932 4373/595/2921
f 4391/572/2939 4390/574/2938 4367/600/2915
f 4383/576/2931 4382/584/2930 4375/608/2923
f 4384/590/2932 4383/576/2931 4374/594/2922
f 4386/579/2934 4385/586/2933 4372/592/2920
f 4392/564/2940 4391/572/2939 4366/593/2914
f 4389/581/2937 4388/582/2936 4369/603/2917
f 4393/589/2941 4392/564/2940 4365/597/2913
f 4390/574/2938 4389/581/2937 4368/598/2916
f 4387/567/2935 4386/579/2934 4371/596/2919
f 4388/582/2936 4387/567/2935 4370/602/2918
f 4380/561/3371 4379/570/2927 4378/605/2926
f 4381/591/2929 4380/561/3371 4377/606/3370
f 4382/584/2930 4381/591/2929 4376/607/2924
f 4364/599/2912 4365/597/2913 4362/610/2910
f 4365/597/2913 4366/593/2914 4361/611/2909
f 4366/593/2914 4367/600/2915 4360/623/2908
f 4376/607/2924 4377/606/3370 4350/613/2898
f 4377/606/3370 4378/605/2926 4349/618/3400
f 4374/594/2922 4375/608/2923 4352/619/2900
f 4368/598/2916 4369/603/2917 4358/616/2906
f 4369/603/2917 4370/602/2918 4357/620/2905
f 4375/608/2923 4376/607/2924 4351/612/2899
f 4370/602/2918 4371/596/2919 4356/622/2904
f 4371/596/2919 4372/592/2920 4355/624/2903
f 4367/600/2915 4368/598/2916 4359/615/2907
f 4372/592/2920 4373/595/2921 4354/625/2902
f 4373/595/2921 4374/594/2922 4353/614/2901
f 4354/625/2902 4353/614/2901 4344/630/2892
f 4360/623/2908 4359/615/2907 4402/635/2950
f 4361/611/2909 4360/623/2908 4403/627/2951
f 4352/619/2900 4351/612/2899 4346/642/2894
f 4353/614/2901 4352/619/2900 4345/629/2893
f 4355/624/2903 4354/625/2902 4343/626/3422
f 4358/616/2906 4357/620/2905 4340/637/2888
f 4359/615/2907 4358/616/2906 4339/632/2887
f 4356/622/2904 4355/624/2903 4342/631/2890
f 4357/620/2905 4356/622/2904 4341/636/2889
f 4349/618/3400 4348/641/2896 4347/638/2895
f 4362/610/2910 4361/611/2909 4404/628/2952
f 4351/612/2899 4350/613/2898 4347/638/2895
f 4363/609/2911 4362/610/2910 4405/639/3372
f 4405/639/3372 4404/628/2952 4420/654/3375
f 4343/626/3422 4344/630/2892 4413/649/2961
f 4345/629/2893 4346/642/2894 4415/648/2963
f 4346/642/2894 4347/638/2895 4416/652/2964
f 4344/630/2892 4345/629/2893 4414/647/2962
f 4402/635/2950 4339/632/2887 4408/651/2956
f 4339/632/2887 4340/637/2888 4409/653/2957
f 4348/641/2896 4417/656/2965 4416/652/2964
f 4340/637/2888 4341/636/2889 4410/658/2958
f 4404/628/2952 4403/627/2951 4419/657/3405
f 4403/627/2951 4402/635/2950 4418/650/2966
f 4341/636/2889 4342/631/2890 4411/659/2959
f 4342/631/2890 4343/626/3422 4412/646/2960
f 4406/634/2954 4405/639/3372 4421/643/2969
f 4408/651/2956 4409/653/2957 4424/675/2972
f 4413/649/2961 4414/647/2962 4429/676/2977
f 4418/650/2966 4408/651/2956 4423/660/2971
f 4412/646/2960 4413/649/2961 4428/661/2976
f 4419/657/3405 4418/650/2966 4433/662/2981
f 4420/654/3375 4419/657/3405 4434/664/2982
f 4421/643/2969 4420/654/3375 4435/665/2983
f 4422/645/2970 4421/643/2969 4436/668/2984
f 4411/659/2959 4412/646/2960 4427/663/2975
f 4417/656/2965 4432/667/2980 4431/671/3376
f 4410/658/2958 4411/659/2959 4426/670/2974
f 4416/652/2964 4431/671/3376 4430/674/3406
f 4409/653/2957 4410/658/2958 4425/673/2973
f 4415/648/2963 4430/674/3406 4429/676/2977
f 4427/663/2975 4442/693/2990 4441/677/2989
f 4437/669/2985 4436/668/2984 4451/678/3377
f 4426/670/2974 4441/677/2989 4440/680/2988
f 4425/673/2973 4440/680/2988 4439/684/2987
f 4432/667/2980 4447/682/2995 4446/685/2994
f 4423/660/2971 4424/675/2972 4439/684/2987
f 4431/671/3376 4446/685/2994 4445/687/2993
f 4433/662/2981 4423/660/2971 4438/686/2986
f 4430/674/3406 4445/687/2993 4444/689/2992
f 4434/664/2982 4433/662/2981 4448/688/2996
f 4429/676/2977 4444/689/2992 4443/691/2991
f 4435/665/2983 4434/664/2982 4449/690/2997
f 4428/661/2976 4443/691/2991 4442/693/2990
f 4436/668/2984 4435/665/2983 4450/692/2998
f 4438/686/2986 4453/709/3001 4463/694/3011
f 4445/687/2993 4460/710/3008 4459/695/3007
f 4448/688/2996 4463/694/3011 4464/696/3012
f 4444/689/2992 4459/695/3007 4458/697/3006
f 4449/690/2997 4464/696/3012 4465/698/3013
f 4443/691/2991 4458/697/3006 4457/699/3005
f 4450/692/2998 4465/698/3013 4466/700/3014
f 4442/693/2990 4457/699/3005 4456/701/3004
f 4451/678/3377 4466/700/3014 4467/702/3015
f 4441/677/2989 4456/701/3004 4455/703/3003
f 4440/680/2988 4455/703/3003 4454/707/3002
f 4447/682/2995 4462/705/3010 4461/708/3009
f 4439/684/2987 4454/707/3002 4453/709/3001
f 4446/685/2994 4461/708/3009 4460/710/3008
f 4466/700/3014 4481/711/3029 4482/712/3030
f 4456/701/3004 4471/727/3019 4470/713/3018
f 4455/703/3003 4470/713/3018 4469/717/3017
f 4462/705/3010 4477/715/3025 4476/718/3024
f 4454/707/3002 4469/717/3017 4468/719/3016
f 4461/708/3009 4476/718/3024 4475/720/3023
f 4453/709/3001 4468/719/3016 4478/721/3026
f 4460/710/3008 4475/720/3023 4474/722/3022
f 4463/694/3011 4478/721/3026 4479/723/3027
f 4459/695/3007 4474/722/3022 4473/724/3021
f 4464/696/3012 4479/723/3027 4480/725/3028
f 4458/697/3006 4473/724/3021 4472/726/3020
f 4465/698/3013 4480/725/3028 4481/711/3029
f 4457/699/3005 4472/726/3020 4471/727/3019
f 4478/721/3026 4493/728/3041 4494/729/3042
f 4474/722/3022 4489/730/3037 4488/731/3036
f 4479/723/3027 4494/729/3042 4495/732/3043
f 4473/724/3021 4488/731/3036 4487/733/3035
f 4480/725/3028 4495/732/3043 4496/734/3044
f 4472/726/3020 4487/733/3035 4486/735/3034
f 4481/711/3029 4496/734/3044 4497/736/3381
f 4471/727/3019 4486/735/3034 4485/737/3033
f 4470/713/3018 4485/737/3033 4484/741/3032
f 4477/715/3025 4492/739/3040 4491/742/3039
f 4469/717/3017 4484/741/3032 4483/743/3031
f 4476/718/3024 4491/742/3039 4490/744/3380
f 4468/719/3016 4483/743/3031 4493/728/3041
f 4475/720/3023 4490/744/3380 4489/730/3037
f 4485/737/3033 4500/749/3048 4499/750/3047
f 4492/739/3040 4507/746/3055 4506/751/3054
f 4484/741/3032 4499/750/3047 4498/752/3046
f 4491/742/3039 4506/751/3054 4505/753/3053
f 4483/743/3031 4498/752/3046 4508/754/3056
f 4490/744/3380 4505/753/3053 4504/755/3052
f 4493/728/3041 4508/754/3056 4509/756/3057
f 4489/730/3037 4504/755/3052 4503/757/3051
f 4494/729/3042 4509/756/3057 4510/758/3058
f 4488/731/3036 4503/757/3051 4502/759/3050
f 4495/732/3043 4510/758/3058 4511/760/3059
f 4487/733/3035 4502/759/3050 4501/761/3049
f 4496/734/3044 4511/760/3059 4512/748/3424
f 4486/735/3034 4501/761/3049 4500/749/3048
f 4504/755/3052 4519/762/3425 4518/763/3066
f 4509/756/3057 4524/764/3072 4525/765/3073
f 4503/757/3051 4518/763/3066 4517/766/3065
f 4510/758/3058 4525/765/3073 4526/767/3074
f 4502/759/3050 4517/766/3065 4516/768/3064
f 4511/760/3059 4526/767/3074 4527/769/3075
f 4501/761/3049 4516/768/3064 4515/770/3063
f 4500/749/3048 4515/770/3063 4514/774/3062
f 4507/746/3055 4522/772/3070 4521/775/3069
f 4499/750/3047 4514/774/3062 4513/776/3061
f 4506/751/3054 4521/775/3069 4520/777/3068
f 4498/752/3046 4513/776/3061 4523/778/3426
f 4505/753/3053 4520/777/3068 4519/762/3425
f 4508/754/3056 4523/778/3426 4524/764/3072
f 4515/770/3063 4530/779/3078 4529/780/3077
f 4522/772/3070 4537/781/3085 4536/782/3084
f 4514/774/3062 4529/780/3077 4528/783/3076
f 4521/775/3069 4536/782/3084 4535/784/3083
f 4513/776/3061 4528/783/3076 4538/785/3086
f 4520/777/3068 4535/784/3083 4534/786/3427
f 4523/778/3426 4538/785/3086 4539/787/3087
f 4519/762/3425 4534/786/3427 4533/788/3081
f 4524/764/3072 4539/787/3087 4540/789/3088
f 4518/763/3066 4533/788/3081 4532/790/3080
f 4525/765/3073 4540/789/3088 4541/791/3089
f 4517/766/3065 4532/790/3080 4531/792/3079
f 4526/767/3074 4541/791/3089 4542/793/3090
f 4516/768/3064 4531/792/3079 4530/779/3078
f 4539/787/3087 4554/796/3102 4555/797/3103
f 4533/788/3081 4548/798/3096 4547/799/3428
f 4540/789/3088 4555/797/3103 4556/800/3104
f 4532/790/3080 4547/799/3428 4546/801/3094
f 4541/791/3089 4556/800/3104 4557/802/3105
f 4531/792/3079 4546/801/3094 4545/803/3093
f 4530/779/3078 4545/803/3093 4544/807/3092
f 4537/781/3085 4552/805/3100 4551/808/3099
f 4529/780/3077 4544/807/3092 4543/809/3091
f 4536/782/3084 4551/808/3099 4550/810/3098
f 4528/783/3076 4543/809/3091 4553/811/3101
f 4535/784/3083 4550/810/3098 4549/812/3097
f 4538/785/3086 4553/811/3101 4554/796/3102
f 4534/786/3427 4549/812/3097 4548/798/3096
f 4552/805/3100 4567/813/3115 4566/814/3114
f 4544/807/3092 4559/815/3107 4558/816/3106
f 4551/808/3099 4566/814/3114 4565/817/3113
f 4543/809/3091 4558/816/3106 4568/818/3116
f 4550/810/3098 4565/817/3113 4564/819/3112
f 4553/811/3101 4568/818/3116 4569/820/3117
f 4549/812/3097 4564/819/3112 4563/821/3111
f 4554/796/3102 4569/820/3117 4570/822/3118
f 4548/798/3096 4563/821/3111 4562/823/3110
f 4555/797/3103 4570/822/3118 4571/824/3119
f 4547/799/3428 4562/823/3110 4561/825/3109
f 4556/800/3104 4571/824/3119 4572/826/3384
f 4546/801/3094 4561/825/3109 4560/827/3108
f 4545/803/3093 4560/827/3108 4559/815/3107
f 4563/821/3111 4578/830/3126 4577/831/3125
f 4570/822/3118 4585/832/3133 4586/833/3134
f 4562/823/3110 4577/831/3125 4576/834/3124
f 4571/824/3119 4586/833/3134 4587/835/3135
f 4561/825/3109 4576/834/3124 4575/836/3123
f 4560/827/3108 4575/836/3123 4574/840/3122
f 4567/813/3115 4582/838/3130 4581/841/3129
f 4559/815/3107 4574/840/3122 4573/842/3121
f 4566/814/3114 4581/841/3129 4580/843/3128
f 4558/816/3106 4573/842/3121 4583/844/3131
f 4565/817/3113 4580/843/3128 4579/845/3127
f 4568/818/3116 4583/844/3131 4584/846/3132
f 4564/819/3112 4579/845/3127 4578/830/3126
f 4569/820/3117 4584/846/3132 4585/832/3133
f 4574/840/3122 4589/847/3137 4588/848/3136
f 4581/841/3129 4596/849/3144 4595/850/3387
f 4573/842/3121 4588/848/3136 4598/851/3146
f 4580/843/3128 4595/850/3387 4594/852/3142
f 4583/844/3131 4598/851/3146 4599/853/3147
f 4579/845/3127 4594/852/3142 4593/854/3141
f 4584/846/3132 4599/853/3147 4600/855/3148
f 4578/830/3126 4593/854/3141 4592/856/3140
f 4585/832/3133 4600/855/3148 4601/857/3149
f 4577/831/3125 4592/856/3140 4591/858/3139
f 4586/833/3134 4601/857/3149 4602/859/3388
f 4576/834/3124 4591/858/3139 4590/860/3138
f 4575/836/3123 4590/860/3138 4589/847/3137
f 4582/838/3130 4597/862/3145 4596/849/3144
f 4600/855/3148 4615/864/3163 4616/865/3389
f 4592/856/3140 4607/866/3155 4606/867/3154
f 4601/857/3149 4616/865/3389 4617/868/3165
f 4591/858/3139 4606/867/3154 4605/869/3153
f 4590/860/3138 4605/869/3153 4604/873/3152
f 4597/862/3145 4612/871/3160 4611/874/3159
f 4589/847/3137 4604/873/3152 4603/875/3151
f 4596/849/3144 4611/874/3159 4610/876/3158
f 4588/848/3136 4603/875/3151 4613/877/3161
f 4595/850/3387 4610/876/3158 4609/878/3157
f 4598/851/3146 4613/877/3161 4614/879/3162
f 4594/852/3142 4609/878/3157 4608/880/3156
f 4599/853/3147 4614/879/3162 4615/864/3163
f 4593/854/3141 4608/880/3156 4607/866/3155
f 4603/875/3151 4618/881/3166 4628/882/3176
f 4610/876/3158 4625/883/3173 4624/884/3172
f 4613/877/3161 4628/882/3176 4629/885/3177
f 4609/878/3157 4624/884/3172 4623/886/3171
f 4614/879/3162 4629/885/3177 4630/887/3178
f 4608/880/3156 4623/886/3171 4622/888/3170
f 4615/864/3163 4630/887/3178 4631/889/3179
f 4607/866/3155 4622/888/3170 4621/890/3169
f 4616/865/3389 4631/889/3179 4632/891/3430
f 4606/867/3154 4621/890/3169 4620/892/3168
f 4605/869/3153 4620/892/3168 4619/896/3167
f 4612/871/3160 4627/894/3429 4626/897/3174
f 4604/873/3152 4619/896/3167 4618/881/3166
f 4611/874/3159 4626/897/3174 4625/883/3173
f 4632/891/3430 4631/889/3179 4647/898/3195
f 4621/890/3169 4636/900/3184 4635/901/3183
f 4620/892/3168 4635/901/3183 4634/905/3182
f 4627/894/3429 4642/903/3190 4641/906/3189
f 4619/896/3167 4634/905/3182 4633/907/3181
f 4626/897/3174 4641/906/3189 4640/908/3188
f 4618/881/3166 4633/907/3181 4644/909/3192
f 4625/883/3173 4640/908/3188 4639/910/3187
f 4628/882/3176 4644/909/3192 4645/911/3193
f 4624/884/3172 4639/910/3187 4638/912/3431
f 4629/885/3177 4645/911/3193 4646/913/3194
f 4623/886/3171 4638/912/3431 4637/914/3185
f 4630/887/3178 4646/913/3194 4647/898/3195
f 4622/888/3170 4637/914/3185 4636/900/3184
f 4640/908/3188 4656/915/3204 4655/916/3432
f 4644/909/3192 4659/917/3207 4660/918/3208
f 4639/910/3187 4655/916/3432 4654/919/3202
f 4645/911/3193 4660/918/3208 4661/920/3390
f 4638/912/3431 4654/919/3202 4653/921/3201
f 4646/913/3194 4661/920/3390 4662/922/3210
f 4637/914/3185 4653/921/3201 4652/923/3200
f 4648/899/3196 4647/898/3195 4662/922/3210
f 4636/900/3184 4652/923/3200 4651/925/3199
f 4635/901/3183 4651/925/3199 4650/929/3198
f 4642/903/3190 4658/927/3206 4657/930/3205
f 4634/905/3182 4650/929/3198 4649/931/3197
f 4641/906/3189 4657/930/3205 4656/915/3204
f 4633/907/3181 4649/931/3197 4659/917/3207
f 4652/923/3200 4667/932/3215 4666/933/3214
f 4651/925/3199 4666/933/3214 4665/938/3213
f 4658/927/3206 4673/935/3221 4672/939/3220
f 4650/929/3198 4665/938/3213 4664/940/3212
f 4657/930/3205 4672/939/3220 4671/941/3219
f 4649/931/3197 4664/940/3212 4674/942/3222
f 4656/915/3204 4671/941/3219 4670/943/3218
f 4659/917/3207 4674/942/3222 4675/944/3223
f 4655/916/3432 4670/943/3218 4669/945/3217
f 4661/920/3390 4660/918/3208 4675/944/3223
f 4654/919/3202 4669/945/3217 4668/947/3216
f 4662/922/3210 4661/920/3390 4676/946/3224
f 4653/921/3201 4668/947/3216 4667/932/3215
f 4663/924/3211 4662/922/3210 4677/948/3225
f 4675/944/3223 4674/942/3222 4689/949/3237
f 4670/943/3218 4685/951/3233 4684/952/3232
f 4676/946/3224 4675/944/3223 4690/950/3238
f 4669/945/3217 4684/952/3232 4683/954/3231
f 4677/948/3225 4676/946/3224 4691/953/3239
f 4668/947/3216 4683/954/3231 4682/956/3230
f 4678/937/3413 4677/948/3225 4692/955/3240
f 4666/933/3214 4667/932/3215 4682/956/3230
f 4665/938/3213 4666/933/3214 4681/958/3229
f 4673/935/3221 4688/960/3236 4687/963/3235
f 4664/940/3212 4665/938/3213 4680/962/3228
f 4672/939/3220 4687/963/3235 4686/965/3234
f 4674/942/3222 4664/940/3212 4679/964/3227
f 4671/941/3219 4686/965/3234 4685/951/3233
f 4680/962/3228 4681/958/3229 4696/970/3244
f 4687/963/3235 4688/960/3236 4703/967/3251
f 4679/964/3227 4680/962/3228 4695/971/3392
f 4686/965/3234 4687/963/3235 4702/972/3250
f 4689/949/3237 4679/964/3227 4694/973/3242
f 4685/951/3233 4686/965/3234 4701/974/3249
f 4690/950/3238 4689/949/3237 4704/975/3252
f 4684/952/3232 4685/951/3233 4700/976/3248
f 4691/953/3239 4690/950/3238 4705/977/3253
f 4683/954/3231 4684/952/3232 4699/978/3247
f 4692/955/3240 4691/953/3239 4706/979/3254
f 4682/956/3230 4683/954/3231 4698/980/3246
f 4693/957/3241 4692/955/3240 4707/981/3255
f 4681/958/3229 4682/956/3230 4697/982/3245
f 4699/983/3247 4700/1013/3248 4715/984/3263
f 4706/986/3254 4705/1014/3253 4720/987/3268
f 4698/989/3246 4699/983/3247 4714/985/3262
f 4707/991/3255 4706/986/3254 4721/988/3269
f 4697/993/3245 4698/989/3246 4713/990/3261
f 4708/995/3256 4707/991/3255 4722/992/3270
f 4696/997/3244 4697/993/3245 4712/994/3260
f 4695/1003/3392 4696/997/3244 4711/998/3259
f 4702/1006/3250 4703/999/3251 4718/1001/3266
f 4694/1007/3242 4695/1003/3392 4710/1004/3258
f 4701/1010/3249 4702/1006/3250 4717/1005/3265
f 4704/1011/3252 4694/1007/3242 4709/1008/3257
f 4700/1013/3248 4701/1010/3249 4716/1009/3264
f 4705/1014/3253 4704/1011/3252 4719/1012/3267
f 4710/1004/3258 4711/998/3259 4726/1029/3274
f 4717/1005/3265 4718/1001/3266 4733/1016/3281
f 4709/1008/3257 4710/1004/3258 4725/1015/3273
f 4716/1009/3264 4717/1005/3265 4732/1017/3280
f 4719/1012/3267 4709/1008/3257 4724/1018/3272
f 4715/984/3263 4716/1009/3264 4731/1019/3279
f 4720/987/3268 4719/1012/3267 4734/1020/3282
f 4714/985/3262 4715/984/3263 4730/1021/3278
f 4721/988/3269 4720/987/3268 4735/1022/3283
f 4713/990/3261 4714/985/3262 4729/1023/3277
f 4722/992/3270 4721/988/3269 4736/1024/3394
f 4712/994/3260 4713/990/3261 4728/1025/3276
f 4723/996/3433 4722/992/3270 4737/1026/3285
f 4711/998/3259 4712/994/3260 4727/1027/3275
f 4736/1024/3394 4735/1022/3283 4750/1047/3298
f 4728/1025/3276 4729/1023/3277 4744/1048/3292
f 4737/1026/3285 4736/1024/3394 4751/1032/3299
f 4727/1027/3275 4728/1025/3276 4743/1033/3291
f 4738/1028/3286 4737/1026/3285 4752/1034/3300
f 4726/1029/3274 4727/1027/3275 4742/1035/3290
f 4725/1015/3273 4726/1029/3274 4741/1037/3289
f 4732/1017/3280 4733/1016/3281 4748/1039/3296
f 4724/1018/3272 4725/1015/3273 4740/1041/3288
f 4731/1019/3279 4732/1017/3280 4747/1042/3295
f 4734/1020/3282 4724/1018/3272 4739/1043/3287
f 4730/1021/3278 4731/1019/3279 4746/1044/3294
f 4735/1022/3283 4734/1020/3282 4749/1045/3297
f 4729/1023/3277 4730/1021/3278 4745/1046/3293
f 4739/1043/3287 4740/1041/3288 4755/1065/3303
f 4746/1044/3294 4747/1042/3295 4762/1050/3310
f 4749/1045/3297 4739/1043/3287 4754/1049/3302
f 4745/1046/3293 4746/1044/3294 4761/1051/3309
f 4750/1047/3298 4749/1045/3297 4764/1052/3312
f 4744/1048/3292 4745/1046/3293 4760/1053/3308
f 4751/1032/3299 4750/1047/3298 4765/1054/3313
f 4743/1033/3291 4744/1048/3292 4759/1055/3307
f 4752/1034/3300 4751/1032/3299 4766/1056/3314
f 4742/1035/3290 4743/1033/3291 4758/1057/3306
f 4753/1036/3301 4752/1034/3300 4767/1058/3315
f 4741/1037/3289 4742/1035/3290 4757/1059/3305
f 4740/1041/3288 4741/1037/3289 4756/1061/3304
f 4747/1042/3295 4748/1039/3296 4763/1063/3311
f 4767/1058/3315 4766/1056/3314 4781/1081/3396
f 4757/1059/3305 4758/1057/3306 4773/1082/3321
f 4768/1060/3316 4767/1058/3315 4782/1066/3330
f 4756/1061/3304 4757/1059/3305 4772/1067/3320
f 4755/1065/3303 4756/1061/3304 4771/1069/3319
f 4762/1050/3310 4763/1063/3311 4778/1071/3326
f 4754/1049/3302 4755/1065/3303 4770/1073/3318
f 4761/1051/3309 4762/1050/3310 4777/1074/3325
f 4764/1052/3312 4754/1049/3302 4769/1075/3317
f 4760/1053/3308 4761/1051/3309 4776/1076/3324
f 4765/1054/3313 4764/1052/3312 4779/1077/3327
f 4759/1055/3307 4760/1053/3308 4775/1078/3323
f 4766/1056/3314 4765/1054/3313 4780/1079/3434
f 4758/1057/3306 4759/1055/3307 4774/1080/3322
f 4776/1076/3324 4777/1074/3325 4792/1098/3340
f 4779/1077/3327 4769/1075/3317 4784/1099/3332
f 4775/1078/3323 4776/1076/3324 4791/1083/3339
f 4780/1079/3434 4779/1077/3327 4794/1084/3342
f 4774/1080/3322 4775/1078/3323 4790/1085/3338
f 4781/1081/3396 4780/1079/3434 4795/1086/3343
f 4773/1082/3321 4774/1080/3322 4789/1087/3337
f 4782/1066/3330 4781/1081/3396 4796/1088/3344
f 4772/1067/3320 4773/1082/3321 4788/1089/3336
f 4783/1068/3331 4782/1066/3330 4797/1090/3345
f 4771/1069/3319 4772/1067/3320 4787/1091/3335
f 4770/1073/3318 4771/1069/3319 4786/1093/3334
f 4777/1074/3325 4778/1071/3326 4793/1095/3398
f 4769/1075/3317 4770/1073/3318 4785/1097/3333
f 4787/1091/3335 4788/1089/3336 4803/1115/3351
f 4798/1092/3346 4797/1090/3345 4812/1116/3420
f 4786/1093/3334 4787/1091/3335 4802/1100/3350
f 4785/1097/3333 4786/1093/3334 4801/1102/3349
f 4792/1098/3340 4793/1095/3398 4808/1104/3419
f 4784/1099/3332 4785/1097/3333 4800/1106/3348
f 4791/1083/3339 4792/1098/3340 4807/1107/3355
f 4794/1084/3342 4784/1099/3332 4799/1108/3347
f 4790/1085/3338 4791/1083/3339 4806/1109/3354
f 4795/1086/3343 4794/1084/3342 4809/1110/3357
f 4789/1087/3337 4790/1085/3338 4805/1111/3399
f 4796/1088/3344 4795/1086/3343 4810/1112/3358
f 4788/1089/3336 4789/1087/3337 4804/1113/3352
f 4797/1090/3345 4796/1088/3344 4811/1114/3359
f 4809/1110/3357 4799/1108/3347 4814/580/3362
f 4805/1111/3399 4806/1109/3354 4817/583/3365
f 4810/1112/3358 4809/1110/3357 4395/573/3423
f 4804/1113/3352 4805/1111/3399 4816/575/3364
f 4811/1114/3359 4810/1112/3358 4818/571/3366
f 4803/1115/3351 4804/1113/3352 4399/577/2947
f 4812/1116/3420 4811/1114/3359 4394/563/2942
f 4802/1100/3350 4803/1115/3351 4398/585/2946
f 4813/1101/3361 4812/1116/3420 4819/565/3367
f 4801/1102/3349 4802/1100/3350 4397/578/2945
f 4800/1106/3348 4801/1102/3349 4815/566/3363
f 4807/1107/3355 4808/1104/3419 4401/560/2949
f 4799/1108/3347 4800/1106/3348 4396/568/2944
f 4806/1109/3354 4807/1107/3355 4400/562/2948
f 4882/562/2948 4883/560/2949 4861/570/2927
f 5301/565/3421 4876/563/2942 4873/572/2939
f 4878/568/2944 5297/566/3363 4868/579/2934
f 4876/563/2942 5300/571/3366 4872/574/2938
f 5300/571/3366 4877/573/2943 4871/581/2937
f 4881/577/2947 5298/575/3364 4864/584/2930
f 5297/566/3363 4879/578/2945 4867/586/2933
f 4877/573/2943 5296/580/3362 4870/582/2936
f 5296/580/3362 4878/568/2944 4869/567/2935
f 5298/575/3364 5299/583/3365 4863/591/2929
f 4879/578/2945 4880/585/2946 4866/590/2932
f 4880/585/2946 4881/577/2947 4865/576/2931
f 5299/583/3365 4882/562/2948 4862/561/3371
f 5302/588/3368 5301/565/3421 4874/564/2940
f 4867/586/2933 4866/590/2932 4855/595/2921
f 4873/572/2939 4872/574/2938 4849/600/2915
f 4865/576/2931 4864/584/2930 4857/608/2923
f 4866/590/2932 4865/576/2931 4856/594/2922
f 4868/579/2934 4867/586/2933 4854/592/2920
f 4874/564/2940 4873/572/2939 4848/593/2914
f 4871/581/2937 4870/582/2936 4851/603/2917
f 4875/589/2941 4874/564/2940 4847/597/2913
f 4872/574/2938 4871/581/2937 4850/598/2916
f 4869/567/2935 4868/579/2934 4853/596/2919
f 4870/582/2936 4869/567/2935 4852/602/2918
f 4862/561/3371 4861/570/2927 4860/605/2926
f 4863/591/2929 4862/561/3371 4859/606/3370
f 4864/584/2930 4863/591/2929 4858/607/2924
f 4846/599/2912 4847/597/2913 4844/610/2910
f 4847/597/2913 4848/593/2914 4843/611/2909
f 4848/593/2914 4849/600/2915 4842/623/3435
f 4858/607/2924 4859/606/3370 4832/613/2898
f 4859/606/3370 4860/605/2926 4831/618/3400
f 4856/594/2922 4857/608/2923 4834/619/2900
f 4850/598/2916 4851/603/2917 4840/616/2906
f 4851/603/2917 4852/602/2918 4839/620/2905
f 4857/608/2923 4858/607/2924 4833/612/2899
f 4852/602/2918 4853/596/2919 4838/622/2904
f 4853/596/2919 4854/592/2920 4837/624/2903
f 4849/600/2915 4850/598/2916 4841/615/2907
f 4854/592/2920 4855/595/2921 4836/625/2902
f 4855/595/2921 4856/594/2922 4835/614/2901
f 4836/625/2902 4835/614/2901 4826/630/2892
f 4842/623/3435 4841/615/2907 4884/635/2950
f 4843/611/2909 4842/623/3435 4885/627/2951
f 4834/619/2900 4833/612/2899 4828/642/2894
f 4835/614/2901 4834/619/2900 4827/629/2893
f 4837/624/2903 4836/625/2902 4825/626/3422
f 4840/616/2906 4839/620/2905 4822/637/2888
f 4841/615/2907 4840/616/2906 4821/632/2887
f 4838/622/2904 4837/624/2903 4824/631/2890
f 4839/620/2905 4838/622/2904 4823/636/2889
f 4831/618/3400 4830/641/2896 4829/638/2895
f 4844/610/2910 4843/611/2909 4886/628/2952
f 4833/612/2899 4832/613/2898 4829/638/2895
f 4845/609/2911 4844/610/2910 4887/639/2953
f 4887/639/2953 4886/628/2952 4902/654/3375
f 4825/626/3422 4826/630/2892 4895/649/2961
f 4827/629/2893 4828/642/2894 4897/648/2963
f 4828/642/2894 4829/638/2895 4898/652/2964
f 4826/630/2892 4827/629/2893 4896/647/2962
f 4884/635/2950 4821/632/2887 4890/651/2956
f 4821/632/2887 4822/637/2888 4891/653/2957
f 4830/641/2896 4899/656/2965 4898/652/2964
f 4822/637/2888 4823/636/2889 4892/658/3373
f 4886/628/2952 4885/627/2951 4901/657/3405
f 4885/627/2951 4884/635/2950 4900/650/2966
f 4823/636/2889 4824/631/2890 4893/659/2959
f 4824/631/2890 4825/626/3422 4894/646/2960
f 4888/634/2954 4887/639/2953 4903/643/2969
f 4890/651/2956 4891/653/2957 4906/675/2972
f 4895/649/2961 4896/647/2962 4911/676/2977
f 4900/650/2966 4890/651/2956 4905/660/2971
f 4894/646/2960 4895/649/2961 4910/661/2976
f 4901/657/3405 4900/650/2966 4915/662/2981
f 4902/654/3375 4901/657/3405 4916/664/2982
f 4903/643/2969 4902/654/3375 4917/665/2983
f 4904/645/2970 4903/643/2969 4918/668/2984
f 4893/659/2959 4894/646/2960 4909/663/2975
f 4899/656/2965 4914/667/2980 4913/671/2979
f 4892/658/3373 4893/659/2959 4908/670/2974
f 4898/652/2964 4913/671/2979 4912/674/3406
f 4891/653/2957 4892/658/3373 4907/673/2973
f 4897/648/2963 4912/674/3406 4911/676/2977
f 4909/663/2975 4924/693/2990 4923/677/2989
f 4919/669/2985 4918/668/2984 4933/678/3377
f 4908/670/2974 4923/677/2989 4922/680/2988
f 4907/673/2973 4922/680/2988 4921/684/2987
f 4914/667/2980 4929/682/2995 4928/685/2994
f 4905/660/2971 4906/675/2972 4921/684/2987
f 4913/671/2979 4928/685/2994 4927/687/2993
f 4915/662/2981 4905/660/2971 4920/686/2986
f 4912/674/3406 4927/687/2993 4926/689/2992
f 4916/664/2982 4915/662/2981 4930/688/2996
f 4911/676/2977 4926/689/2992 4925/691/3436
f 4917/665/2983 4916/664/2982 4931/690/2997
f 4910/661/2976 4925/691/3436 4924/693/2990
f 4918/668/2984 4917/665/2983 4932/692/2998
f 4920/686/2986 4935/709/3001 4945/694/3011
f 4927/687/2993 4942/710/3008 4941/695/3007
f 4930/688/2996 4945/694/3011 4946/696/3012
f 4926/689/2992 4941/695/3007 4940/697/3006
f 4931/690/2997 4946/696/3012 4947/698/3013
f 4925/691/3436 4940/697/3006 4939/699/3005
f 4932/692/2998 4947/698/3013 4948/700/3014
f 4924/693/2990 4939/699/3005 4938/701/3437
f 4933/678/3377 4948/700/3014 4949/702/3015
f 4923/677/2989 4938/701/3437 4937/703/3003
f 4922/680/2988 4937/703/3003 4936/707/3002
f 4929/682/2995 4944/705/3010 4943/708/3009
f 4921/684/2987 4936/707/3002 4935/709/3001
f 4928/685/2994 4943/708/3009 4942/710/3008
f 4948/700/3014 4963/711/3029 4964/712/3030
f 4938/701/3437 4953/727/3019 4952/713/3018
f 4937/703/3003 4952/713/3018 4951/717/3017
f 4944/705/3010 4959/715/3379 4958/718/3024
f 4936/707/3002 4951/717/3017 4950/719/3016
f 4943/708/3009 4958/718/3024 4957/720/3023
f 4935/709/3001 4950/719/3016 4960/721/3026
f 4942/710/3008 4957/720/3023 4956/722/3022
f 4945/694/3011 4960/721/3026 4961/723/3027
f 4941/695/3007 4956/722/3022 4955/724/3021
f 4946/696/3012 4961/723/3027 4962/725/3028
f 4940/697/3006 4955/724/3021 4954/726/3020
f 4947/698/3013 4962/725/3028 4963/711/3029
f 4939/699/3005 4954/726/3020 4953/727/3019
f 4960/721/3026 4975/728/3041 4976/729/3042
f 4956/722/3022 4971/730/3037 4970/731/3036
f 4961/723/3027 4976/729/3042 4977/732/3043
f 4955/724/3021 4970/731/3036 4969/733/3035
f 4962/725/3028 4977/732/3043 4978/734/3044
f 4954/726/3020 4969/733/3035 4968/735/3034
f 4963/711/3029 4978/734/3044 4979/736/3438
f 4953/727/3019 4968/735/3034 4967/737/3033
f 4952/713/3018 4967/737/3033 4966/741/3032
f 4959/715/3379 4974/739/3040 4973/742/3039
f 4951/717/3017 4966/741/3032 4965/743/3031
f 4958/718/3024 4973/742/3039 4972/744/3380
f 4950/719/3016 4965/743/3031 4975/728/3041
f 4957/720/3023 4972/744/3380 4971/730/3037
f 4967/737/3033 4982/749/3048 4981/750/3047
f 4974/739/3040 4989/746/3055 4988/751/3054
f 4966/741/3032 4981/750/3047 4980/752/3046
f 4973/742/3039 4988/751/3054 4987/753/3053
f 4965/743/3031 4980/752/3046 4990/754/3056
f 4972/744/3380 4987/753/3053 4986/755/3052
f 4975/728/3041 4990/754/3056 4991/756/3057
f 4971/730/3037 4986/755/3052 4985/757/3051
f 4976/729/3042 4991/756/3057 4992/758/3058
f 4970/731/3036 4985/757/3051 4984/759/3050
f 4977/732/3043 4992/758/3058 4993/760/3059
f 4969/733/3035 4984/759/3050 4983/761/3049
f 4978/734/3044 4993/760/3059 4994/748/3060
f 4968/735/3034 4983/761/3049 4982/749/3048
f 4986/755/3052 5001/762/3425 5000/763/3066
f 4991/756/3057 5006/764/3072 5007/765/3073
f 4985/757/3051 5000/763/3066 4999/766/3065
f 4992/758/3058 5007/765/3073 5008/767/3074
f 4984/759/3050 4999/766/3065 4998/768/3064
f 4993/760/3059 5008/767/3074 5009/769/3075
f 4983/761/3049 4998/768/3064 4997/770/3063
f 4982/749/3048 4997/770/3063 4996/774/3062
f 4989/746/3055 5004/772/3070 5003/775/3069
f 4981/750/3047 4996/774/3062 4995/776/3061
f 4988/751/3054 5003/775/3069 5002/777/3068
f 4980/752/3046 4995/776/3061 5005/778/3071
f 4987/753/3053 5002/777/3068 5001/762/3425
f 4990/754/3056 5005/778/3071 5006/764/3072
f 4997/770/3063 5012/779/3078 5011/780/3077
f 5004/772/3070 5019/781/3085 5018/782/3084
f 4996/774/3062 5011/780/3077 5010/783/3076
f 5003/775/3069 5018/782/3084 5017/784/3083
f 4995/776/3061 5010/783/3076 5020/785/3086
f 5002/777/3068 5017/784/3083 5016/786/3082
f 5005/778/3071 5020/785/3086 5021/787/3087
f 5001/762/3425 5016/786/3082 5015/788/3081
f 5006/764/3072 5021/787/3087 5022/789/3088
f 5000/763/3066 5015/788/3081 5014/790/3080
f 5007/765/3073 5022/789/3088 5023/791/3089
f 4999/766/3065 5014/790/3080 5013/792/3079
f 5008/767/3074 5023/791/3089 5024/793/3090
f 4998/768/3064 5013/792/3079 5012/779/3078
f 5021/787/3087 5036/796/3102 5037/797/3103
f 5015/788/3081 5030/798/3096 5029/799/3428
f 5022/789/3088 5037/797/3103 5038/800/3104
f 5014/790/3080 5029/799/3428 5028/801/3094
f 5023/791/3089 5038/800/3104 5039/802/3383
f 5013/792/3079 5028/801/3094 5027/803/3093
f 5012/779/3078 5027/803/3093 5026/807/3092
f 5019/781/3085 5034/805/3100 5033/808/3099
f 5011/780/3077 5026/807/3092 5025/809/3091
f 5018/782/3084 5033/808/3099 5032/810/3098
f 5010/783/3076 5025/809/3091 5035/811/3101
f 5017/784/3083 5032/810/3098 5031/812/3097
f 5020/785/3086 5035/811/3101 5036/796/3102
f 5016/786/3082 5031/812/3097 5030/798/3096
f 5034/805/3100 5049/813/3115 5048/814/3114
f 5026/807/3092 5041/815/3107 5040/816/3106
f 5033/808/3099 5048/814/3114 5047/817/3113
f 5025/809/3091 5040/816/3106 5050/818/3116
f 5032/810/3098 5047/817/3113 5046/819/3112
f 5035/811/3101 5050/818/3116 5051/820/3117
f 5031/812/3097 5046/819/3112 5045/821/3439
f 5036/796/3102 5051/820/3117 5052/822/3118
f 5030/798/3096 5045/821/3439 5044/823/3110
f 5037/797/3103 5052/822/3118 5053/824/3119
f 5029/799/3428 5044/823/3110 5043/825/3109
f 5038/800/3104 5053/824/3119 5054/826/3120
f 5028/801/3094 5043/825/3109 5042/827/3108
f 5027/803/3093 5042/827/3108 5041/815/3107
f 5045/821/3439 5060/830/3126 5059/831/3125
f 5052/822/3118 5067/832/3386 5068/833/3134
f 5044/823/3110 5059/831/3125 5058/834/3124
f 5053/824/3119 5068/833/3134 5069/835/3135
f 5043/825/3109 5058/834/3124 5057/836/3123
f 5042/827/3108 5057/836/3123 5056/840/3122
f 5049/813/3115 5064/838/3130 5063/841/3129
f 5041/815/3107 5056/840/3122 5055/842/3121
f 5048/814/3114 5063/841/3129 5062/843/3128
f 5040/816/3106 5055/842/3121 5065/844/3131
f 5047/817/3113 5062/843/3128 5061/845/3127
f 5050/818/3116 5065/844/3131 5066/846/3132
f 5046/819/3112 5061/845/3127 5060/830/3126
f 5051/820/3117 5066/846/3132 5067/832/3386
f 5056/840/3122 5071/847/3137 5070/848/3136
f 5063/841/3129 5078/849/3144 5077/850/3387
f 5055/842/3121 5070/848/3136 5080/851/3146
f 5062/843/3128 5077/850/3387 5076/852/3142
f 5065/844/3131 5080/851/3146 5081/853/3147
f 5061/845/3127 5076/852/3142 5075/854/3141
f 5066/846/3132 5081/853/3147 5082/855/3148
f 5060/830/3126 5075/854/3141 5074/856/3140
f 5067/832/3386 5082/855/3148 5083/857/3149
f 5059/831/3125 5074/856/3140 5073/858/3139
f 5068/833/3134 5083/857/3149 5084/859/3150
f 5058/834/3124 5073/858/3139 5072/860/3138
f 5057/836/3123 5072/860/3138 5071/847/3137
f 5064/838/3130 5079/862/3145 5078/849/3144
f 5082/855/3148 5097/864/3163 5098/865/3389
f 5074/856/3140 5089/866/3155 5088/867/3154
f 5083/857/3149 5098/865/3389 5099/868/3440
f 5073/858/3139 5088/867/3154 5087/869/3153
f 5072/860/3138 5087/869/3153 5086/873/3152
f 5079/862/3145 5094/871/3160 5093/874/3159
f 5071/847/3137 5086/873/3152 5085/875/3151
f 5078/849/3144 5093/874/3159 5092/876/3158
f 5070/848/3136 5085/875/3151 5095/877/3161
f 5077/850/3387 5092/876/3158 5091/878/3157
f 5080/851/3146 5095/877/3161 5096/879/3162
f 5076/852/3142 5091/878/3157 5090/880/3156
f 5081/853/3147 5096/879/3162 5097/864/3163
f 5075/854/3141 5090/880/3156 5089/866/3155
f 5085/875/3151 5100/881/3166 5110/882/3176
f 5092/876/3158 5107/883/3173 5106/884/3172
f 5095/877/3161 5110/882/3176 5111/885/3177
f 5091/878/3157 5106/884/3172 5105/886/3171
f 5096/879/3162 5111/885/3177 5112/887/3178
f 5090/880/3156 5105/886/3171 5104/888/3441
f 5097/864/3163 5112/887/3178 5113/889/3412
f 5089/866/3155 5104/888/3441 5103/890/3169
f 5098/865/3389 5113/889/3412 5114/891/3430
f 5088/867/3154 5103/890/3169 5102/892/3168
f 5087/869/3153 5102/892/3168 5101/896/3167
f 5094/871/3160 5109/894/3175 5108/897/3174
f 5086/873/3152 5101/896/3167 5100/881/3166
f 5093/874/3159 5108/897/3174 5107/883/3173
f 5114/891/3430 5113/889/3412 5129/898/3195
f 5103/890/3169 5118/900/3442 5117/901/3183
f 5102/892/3168 5117/901/3183 5116/905/3182
f 5109/894/3175 5124/903/3190 5123/906/3189
f 5101/896/3167 5116/905/3182 5115/907/3181
f 5108/897/3174 5123/906/3189 5122/908/3188
f 5100/881/3166 5115/907/3181 5126/909/3192
f 5107/883/3173 5122/908/3188 5121/910/3187
f 5110/882/3176 5126/909/3192 5127/911/3193
f 5106/884/3172 5121/910/3187 5120/912/3186
f 5111/885/3177 5127/911/3193 5128/913/3194
f 5105/886/3171 5120/912/3186 5119/914/3185
f 5112/887/3178 5128/913/3194 5129/898/3195
f 5104/888/3441 5119/914/3185 5118/900/3442
f 5122/908/3188 5138/915/3204 5137/916/3203
f 5126/909/3192 5141/917/3207 5142/918/3208
f 5121/910/3187 5137/916/3203 5136/919/3202
f 5127/911/3193 5142/918/3208 5143/920/3209
f 5120/912/3186 5136/919/3202 5135/921/3201
f 5128/913/3194 5143/920/3209 5144/922/3210
f 5119/914/3185 5135/921/3201 5134/923/3200
f 5130/899/3196 5129/898/3195 5144/922/3210
f 5118/900/3442 5134/923/3200 5133/925/3199
f 5117/901/3183 5133/925/3199 5132/929/3198
f 5124/903/3190 5140/927/3206 5139/930/3205
f 5116/905/3182 5132/929/3198 5131/931/3197
f 5123/906/3189 5139/930/3205 5138/915/3204
f 5115/907/3181 5131/931/3197 5141/917/3207
f 5134/923/3200 5149/932/3215 5148/933/3214
f 5133/925/3199 5148/933/3214 5147/938/3213
f 5140/927/3206 5155/935/3221 5154/939/3220
f 5132/929/3198 5147/938/3213 5146/940/3212
f 5139/930/3205 5154/939/3220 5153/941/3219
f 5131/931/3197 5146/940/3212 5156/942/3222
f 5138/915/3204 5153/941/3219 5152/943/3218
f 5141/917/3207 5156/942/3222 5157/944/3223
f 5137/916/3203 5152/943/3218 5151/945/3217
f 5143/920/3209 5142/918/3208 5157/944/3223
f 5136/919/3202 5151/945/3217 5150/947/3216
f 5144/922/3210 5143/920/3209 5158/946/3224
f 5135/921/3201 5150/947/3216 5149/932/3215
f 5145/924/3211 5144/922/3210 5159/948/3443
f 5157/944/3223 5156/942/3222 5171/949/3237
f 5152/943/3218 5167/951/3233 5166/952/3232
f 5158/946/3224 5157/944/3223 5172/950/3238
f 5151/945/3217 5166/952/3232 5165/954/3231
f 5159/948/3443 5158/946/3224 5173/953/3239
f 5150/947/3216 5165/954/3231 5164/956/3230
f 5160/937/3444 5159/948/3443 5174/955/3240
f 5148/933/3214 5149/932/3215 5164/956/3230
f 5147/938/3213 5148/933/3214 5163/958/3229
f 5155/935/3221 5170/960/3236 5169/963/3235
f 5146/940/3212 5147/938/3213 5162/962/3228
f 5154/939/3220 5169/963/3235 5168/965/3234
f 5156/942/3222 5146/940/3212 5161/964/3227
f 5153/941/3219 5168/965/3234 5167/951/3233
f 5162/962/3228 5163/958/3229 5178/970/3244
f 5169/963/3235 5170/960/3236 5185/967/3251
f 5161/964/3227 5162/962/3228 5177/971/3243
f 5168/965/3234 5169/963/3235 5184/972/3250
f 5171/949/3237 5161/964/3227 5176/973/3242
f 5167/951/3233 5168/965/3234 5183/974/3249
f 5172/950/3238 5171/949/3237 5186/975/3252
f 5166/952/3232 5167/951/3233 5182/976/3248
f 5173/953/3239 5172/950/3238 5187/977/3253
f 5165/954/3231 5166/952/3232 5181/978/3247
f 5174/955/3240 5173/953/3239 5188/979/3254
f 5164/956/3230 5165/954/3231 5180/980/3246
f 5175/957/3241 5174/955/3240 5189/981/3255
f 5163/958/3229 5164/956/3230 5179/982/3245
f 5181/983/3247 5182/1013/3248 5197/984/3263
f 5188/986/3254 5187/1014/3253 5202/987/3268
f 5180/989/3246 5181/983/3247 5196/985/3262
f 5189/991/3255 5188/986/3254 5203/988/3269
f 5179/993/3245 5180/989/3246 5195/990/3261
f 5190/995/3393 5189/991/3255 5204/992/3270
f 5178/997/3244 5179/993/3245 5194/994/3260
f 5177/1003/3243 5178/997/3244 5193/998/3259
f 5184/1006/3250 5185/999/3251 5200/1001/3266
f 5176/1007/3242 5177/1003/3243 5192/1004/3258
f 5183/1010/3249 5184/1006/3250 5199/1005/3265
f 5186/1011/3252 5176/1007/3242 5191/1008/3257
f 5182/1013/3248 5183/1010/3249 5198/1009/3264
f 5187/1014/3253 5186/1011/3252 5201/1012/3267
f 5192/1004/3258 5193/998/3259 5208/1029/3274
f 5199/1005/3265 5200/1001/3266 5215/1016/3281
f 5191/1008/3257 5192/1004/3258 5207/1015/3273
f 5198/1009/3264 5199/1005/3265 5214/1017/3280
f 5201/1012/3267 5191/1008/3257 5206/1018/3272
f 5197/984/3263 5198/1009/3264 5213/1019/3279
f 5202/987/3268 5201/1012/3267 5216/1020/3282
f 5196/985/3262 5197/984/3263 5212/1021/3278
f 5203/988/3269 5202/987/3268 5217/1022/3283
f 5195/990/3261 5196/985/3262 5211/1023/3277
f 5204/992/3270 5203/988/3269 5218/1024/3394
f 5194/994/3260 5195/990/3261 5210/1025/3276
f 5205/996/3271 5204/992/3270 5219/1026/3417
f 5193/998/3259 5194/994/3260 5209/1027/3275
f 5218/1024/3394 5217/1022/3283 5232/1047/3298
f 5210/1025/3276 5211/1023/3277 5226/1048/3292
f 5219/1026/3417 5218/1024/3394 5233/1032/3299
f 5209/1027/3275 5210/1025/3276 5225/1033/3291
f 5220/1028/3286 5219/1026/3417 5234/1034/3300
f 5208/1029/3274 5209/1027/3275 5224/1035/3290
f 5207/1015/3273 5208/1029/3274 5223/1037/3289
f 5214/1017/3280 5215/1016/3281 5230/1039/3296
f 5206/1018/3272 5207/1015/3273 5222/1041/3288
f 5213/1019/3279 5214/1017/3280 5229/1042/3295
f 5216/1020/3282 5206/1018/3272 5221/1043/3287
f 5212/1021/3278 5213/1019/3279 5228/1044/3294
f 5217/1022/3283 5216/1020/3282 5231/1045/3297
f 5211/1023/3277 5212/1021/3278 5227/1046/3293
f 5221/1043/3287 5222/1041/3288 5237/1065/3303
f 5228/1044/3294 5229/1042/3295 5244/1050/3310
f 5231/1045/3297 5221/1043/3287 5236/1049/3302
f 5227/1046/3293 5228/1044/3294 5243/1051/3309
f 5232/1047/3298 5231/1045/3297 5246/1052/3312
f 5226/1048/3292 5227/1046/3293 5242/1053/3308
f 5233/1032/3299 5232/1047/3298 5247/1054/3313
f 5225/1033/3291 5226/1048/3292 5241/1055/3307
f 5234/1034/3300 5233/1032/3299 5248/1056/3314
f 5224/1035/3290 5225/1033/3291 5240/1057/3306
f 5235/1036/3301 5234/1034/3300 5249/1058/3315
f 5223/1037/3289 5224/1035/3290 5239/1059/3305
f 5222/1041/3288 5223/1037/3289 5238/1061/3304
f 5229/1042/3295 5230/1039/3296 5245/1063/3311
f 5249/1058/3315 5248/1056/3314 5263/1081/3396
f 5239/1059/3305 5240/1057/3306 5255/1082/3321
f 5250/1060/3316 5249/1058/3315 5264/1066/3330
f 5238/1061/3304 5239/1059/3305 5254/1067/3320
f 5237/1065/3303 5238/1061/3304 5253/1069/3319
f 5244/1050/3310 5245/1063/3311 5260/1071/3326
f 5236/1049/3302 5237/1065/3303 5252/1073/3318
f 5243/1051/3309 5244/1050/3310 5259/1074/3325
f 5246/1052/3312 5236/1049/3302 5251/1075/3317
f 5242/1053/3308 5243/1051/3309 5258/1076/3324
f 5247/1054/3313 5246/1052/3312 5261/1077/3327
f 5241/1055/3307 5242/1053/3308 5257/1078/3323
f 5248/1056/3314 5247/1054/3313 5262/1079/3434
f 5240/1057/3306 5241/1055/3307 5256/1080/3322
f 5258/1076/3324 5259/1074/3325 5274/1098/3340
f 5261/1077/3327 5251/1075/3317 5266/1099/3332
f 5257/1078/3323 5258/1076/3324 5273/1083/3339
f 5262/1079/3434 5261/1077/3327 5276/1084/3342
f 5256/1080/3322 5257/1078/3323 5272/1085/3338
f 5263/1081/3396 5262/1079/3434 5277/1086/3445
f 5255/1082/3321 5256/1080/3322 5271/1087/3337
f 5264/1066/3330 5263/1081/3396 5278/1088/3344
f 5254/1067/3320 5255/1082/3321 5270/1089/3336
f 5265/1068/3331 5264/1066/3330 5279/1090/3345
f 5253/1069/3319 5254/1067/3320 5269/1091/3335
f 5252/1073/3318 5253/1069/3319 5268/1093/3334
f 5259/1074/3325 5260/1071/3326 5275/1095/3398
f 5251/1075/3317 5252/1073/3318 5267/1097/3333
f 5269/1091/3335 5270/1089/3336 5285/1115/3351
f 5280/1092/3346 5279/1090/3345 5294/1116/3420
f 5268/1093/3334 5269/1091/3335 5284/1100/3350
f 5267/1097/3333 5268/1093/3334 5283/1102/3349
f 5274/1098/3340 5275/1095/3398 5290/1104/3356
f 5266/1099/3332 5267/1097/3333 5282/1106/3348
f 5273/1083/3339 5274/1098/3340 5289/1107/3355
f 5276/1084/3342 5266/1099/3332 5281/1108/3347
f 5272/1085/3338 5273/1083/3339 5288/1109/3354
f 5277/1086/3445 5276/1084/3342 5291/1110/3357
f 5271/1087/3337 5272/1085/3338 5287/1111/3399
f 5278/1088/3344 5277/1086/3445 5292/1112/3358
f 5270/1089/3336 5271/1087/3337 5286/1113/3352
f 5279/1090/3345 5278/1088/3344 5293/1114/3359
f 5291/1110/3357 5281/1108/3347 5296/580/3362
f 5287/1111/3399 5288/1109/3354 5299/583/3365
f 5292/1112/3358 5291/1110/3357 4877/573/2943
f 5286/1113/3352 5287/1111/3399 5298/575/3364
f 5293/1114/3359 5292/1112/3358 5300/571/3366
f 5285/1115/3351 5286/1113/3352 4881/577/2947
f 5294/1116/3420 5293/1114/3359 4876/563/2942
f 5284/1100/3350 5285/1115/3351 4880/585/2946
f 5295/1101/3446 5294/1116/3420 5301/565/3421
f 5283/1102/3349 5284/1100/3350 4879/578/2945
f 5282/1106/3348 5283/1102/3349 5297/566/3363
f 5289/1107/3355 5290/1104/3356 4883/560/2949
f 5281/1108/3347 5282/1106/3348 4878/568/2944
f 5288/1109/3354 5289/1107/3355 4882/562/2948
f 5364/562/2948 5365/560/2949 5343/570/2927
f 5783/565/3367 5358/563/2942 5355/572/2939
f 5360/568/2944 5779/566/3363 5350/579/2934
f 5358/563/2942 5782/571/3366 5354/574/2938
f 5782/571/3366 5359/573/2943 5353/581/2937
f 5363/577/2947 5780/575/3364 5346/584/2930
f 5779/566/3363 5361/578/2945 5349/586/2933
f 5359/573/2943 5778/580/3362 5352/582/2936
f 5778/580/3362 5360/568/2944 5351/567/2935
f 5780/575/3364 5781/583/3365 5345/591/2929
f 5361/578/2945 5362/585/2946 5348/590/2932
f 5362/585/2946 5363/577/2947 5347/576/2931
f 5781/583/3365 5364/562/2948 5344/561/2928
f 5784/588/3368 5783/565/3367 5356/564/2940
f 5349/586/2933 5348/590/2932 5337/595/2921
f 5355/572/2939 5354/574/2938 5331/600/2915
f 5347/576/2931 5346/584/2930 5339/608/2923
f 5348/590/2932 5347/576/2931 5338/594/2922
f 5350/579/2934 5349/586/2933 5336/592/2920
f 5356/564/2940 5355/572/2939 5330/593/2914
f 5353/581/2937 5352/582/2936 5333/603/2917
f 5357/589/3447 5356/564/2940 5329/597/2913
f 5354/574/2938 5353/581/2937 5332/598/2916
f 5351/567/2935 5350/579/2934 5335/596/2919
f 5352/582/2936 5351/567/2935 5334/602/2918
f 5344/561/2928 5343/570/2927 5342/605/2926
f 5345/591/2929 5344/561/2928 5341/606/3370
f 5346/584/2930 5345/591/2929 5340/607/2924
f 5328/599/2912 5329/597/2913 5326/610/2910
f 5329/597/2913 5330/593/2914 5325/611/2909
f 5330/593/2914 5331/600/2915 5324/623/2908
f 5340/607/2924 5341/606/3370 5314/613/2898
f 5341/606/3370 5342/605/2926 5313/618/3369
f 5338/594/2922 5339/608/2923 5316/619/2900
f 5332/598/2916 5333/603/2917 5322/616/2906
f 5333/603/2917 5334/602/2918 5321/620/2905
f 5339/608/2923 5340/607/2924 5315/612/2899
f 5334/602/2918 5335/596/2919 5320/622/2904
f 5335/596/2919 5336/592/2920 5319/624/2903
f 5331/600/2915 5332/598/2916 5323/615/2907
f 5336/592/2920 5337/595/2921 5318/625/2902
f 5337/595/2921 5338/594/2922 5317/614/2901
f 5318/625/2902 5317/614/2901 5308/630/2892
f 5324/623/2908 5323/615/2907 5366/635/3404
f 5325/611/2909 5324/623/2908 5367/627/2951
f 5316/619/2900 5315/612/2899 5310/642/2894
f 5317/614/2901 5316/619/2900 5309/629/2893
f 5319/624/2903 5318/625/2902 5307/626/2891
f 5322/616/2906 5321/620/2905 5304/637/2888
f 5323/615/2907 5322/616/2906 5303/632/2887
f 5320/622/2904 5319/624/2903 5306/631/2890
f 5321/620/2905 5320/622/2904 5305/636/2889
f 5313/618/3369 5312/641/2896 5311/638/2895
f 5326/610/2910 5325/611/2909 5368/628/2952
f 5315/612/2899 5314/613/2898 5311/638/2895
f 5327/609/2911 5326/610/2910 5369/639/3372
f 5369/639/3372 5368/628/2952 5384/654/3375
f 5307/626/2891 5308/630/2892 5377/649/2961
f 5309/629/2893 5310/642/2894 5379/648/2963
f 5310/642/2894 5311/638/2895 5380/652/2964
f 5308/630/2892 5309/629/2893 5378/647/2962
f 5366/635/3404 5303/632/2887 5372/651/2956
f 5303/632/2887 5304/637/2888 5373/653/2957
f 5312/641/2896 5381/656/2965 5380/652/2964
f 5304/637/2888 5305/636/2889 5374/658/3373
f 5368/628/2952 5367/627/2951 5383/657/3405
f 5367/627/2951 5366/635/3404 5382/650/2966
f 5305/636/2889 5306/631/2890 5375/659/2959
f 5306/631/2890 5307/626/2891 5376/646/2960
f 5370/634/2954 5369/639/3372 5385/643/2969
f 5372/651/2956 5373/653/2957 5388/675/2972
f 5377/649/2961 5378/647/2962 5393/676/2977
f 5382/650/2966 5372/651/2956 5387/660/2971
f 5376/646/2960 5377/649/2961 5392/661/2976
f 5383/657/3405 5382/650/2966 5397/662/2981
f 5384/654/3375 5383/657/3405 5398/664/2982
f 5385/643/2969 5384/654/3375 5399/665/2983
f 5386/645/2970 5385/643/2969 5400/668/2984
f 5375/659/2959 5376/646/2960 5391/663/2975
f 5381/656/2965 5396/667/2980 5395/671/3376
f 5374/658/3373 5375/659/2959 5390/670/2974
f 5380/652/2964 5395/671/3376 5394/674/3406
f 5373/653/2957 5374/658/3373 5389/673/2973
f 5379/648/2963 5394/674/3406 5393/676/2977
f 5391/663/2975 5406/693/2990 5405/677/2989
f 5401/669/2985 5400/668/2984 5415/678/3377
f 5390/670/2974 5405/677/2989 5404/680/2988
f 5389/673/2973 5404/680/2988 5403/684/2987
f 5396/667/2980 5411/682/2995 5410/685/2994
f 5387/660/2971 5388/675/2972 5403/684/2987
f 5395/671/3376 5410/685/2994 5409/687/2993
f 5397/662/2981 5387/660/2971 5402/686/2986
f 5394/674/3406 5409/687/2993 5408/689/2992
f 5398/664/2982 5397/662/2981 5412/688/2996
f 5393/676/2977 5408/689/2992 5407/691/2991
f 5399/665/2983 5398/664/2982 5413/690/2997
f 5392/661/2976 5407/691/2991 5406/693/2990
f 5400/668/2984 5399/665/2983 5414/692/2998
f 5402/686/2986 5417/709/3001 5427/694/3011
f 5409/687/2993 5424/710/3008 5423/695/3007
f 5412/688/2996 5427/694/3011 5428/696/3012
f 5408/689/2992 5423/695/3007 5422/697/3006
f 5413/690/2997 5428/696/3012 5429/698/3013
f 5407/691/2991 5422/697/3006 5421/699/3005
f 5414/692/2998 5429/698/3013 5430/700/3014
f 5406/693/2990 5421/699/3005 5420/701/3437
f 5415/678/3377 5430/700/3014 5431/702/3015
f 5405/677/2989 5420/701/3437 5419/703/3003
f 5404/680/2988 5419/703/3003 5418/707/3002
f 5411/682/2995 5426/705/3010 5425/708/3009
f 5403/684/2987 5418/707/3002 5417/709/3001
f 5410/685/2994 5425/708/3009 5424/710/3008
f 5430/700/3014 5445/711/3029 5446/712/3030
f 5420/701/3437 5435/727/3019 5434/713/3018
f 5419/703/3003 5434/713/3018 5433/717/3017
f 5426/705/3010 5441/715/3025 5440/718/3024
f 5418/707/3002 5433/717/3017 5432/719/3016
f 5425/708/3009 5440/718/3024 5439/720/3023
f 5417/709/3001 5432/719/3016 5442/721/3026
f 5424/710/3008 5439/720/3023 5438/722/3022
f 5427/694/3011 5442/721/3026 5443/723/3027
f 5423/695/3007 5438/722/3022 5437/724/3021
f 5428/696/3012 5443/723/3027 5444/725/3028
f 5422/697/3006 5437/724/3021 5436/726/3020
f 5429/698/3013 5444/725/3028 5445/711/3029
f 5421/699/3005 5436/726/3020 5435/727/3019
f 5442/721/3026 5457/728/3041 5458/729/3042
f 5438/722/3022 5453/730/3037 5452/731/3036
f 5443/723/3027 5458/729/3042 5459/732/3043
f 5437/724/3021 5452/731/3036 5451/733/3035
f 5444/725/3028 5459/732/3043 5460/734/3044
f 5436/726/3020 5451/733/3035 5450/735/3034
f 5445/711/3029 5460/734/3044 5461/736/3381
f 5435/727/3019 5450/735/3034 5449/737/3033
f 5434/713/3018 5449/737/3033 5448/741/3032
f 5441/715/3025 5456/739/3040 5455/742/3039
f 5433/717/3017 5448/741/3032 5447/743/3031
f 5440/718/3024 5455/742/3039 5454/744/3038
f 5432/719/3016 5447/743/3031 5457/728/3041
f 5439/720/3023 5454/744/3038 5453/730/3037
f 5449/737/3033 5464/749/3048 5463/750/3047
f 5456/739/3040 5471/746/3055 5470/751/3054
f 5448/741/3032 5463/750/3047 5462/752/3046
f 5455/742/3039 5470/751/3054 5469/753/3053
f 5447/743/3031 5462/752/3046 5472/754/3056
f 5454/744/3038 5469/753/3053 5468/755/3052
f 5457/728/3041 5472/754/3056 5473/756/3057
f 5453/730/3037 5468/755/3052 5467/757/3051
f 5458/729/3042 5473/756/3057 5474/758/3058
f 5452/731/3036 5467/757/3051 5466/759/3050
f 5459/732/3043 5474/758/3058 5475/760/3059
f 5451/733/3035 5466/759/3050 5465/761/3049
f 5460/734/3044 5475/760/3059 5476/748/3060
f 5450/735/3034 5465/761/3049 5464/749/3048
f 5468/755/3052 5483/762/3067 5482/763/3066
f 5473/756/3057 5488/764/3072 5489/765/3073
f 5467/757/3051 5482/763/3066 5481/766/3065
f 5474/758/3058 5489/765/3073 5490/767/3074
f 5466/759/3050 5481/766/3065 5480/768/3064
f 5475/760/3059 5490/767/3074 5491/769/3075
f 5465/761/3049 5480/768/3064 5479/770/3063
f 5464/749/3048 5479/770/3063 5478/774/3062
f 5471/746/3055 5486/772/3070 5485/775/3069
f 5463/750/3047 5478/774/3062 5477/776/3061
f 5470/751/3054 5485/775/3069 5484/777/3068
f 5462/752/3046 5477/776/3061 5487/778/3426
f 5469/753/3053 5484/777/3068 5483/762/3067
f 5472/754/3056 5487/778/3426 5488/764/3072
f 5479/770/3063 5494/779/3078 5493/780/3077
f 5486/772/3070 5501/781/3085 5500/782/3084
f 5478/774/3062 5493/780/3077 5492/783/3076
f 5485/775/3069 5500/782/3084 5499/784/3083
f 5477/776/3061 5492/783/3076 5502/785/3086
f 5484/777/3068 5499/784/3083 5498/786/3082
f 5487/778/3426 5502/785/3086 5503/787/3087
f 5483/762/3067 5498/786/3082 5497/788/3081
f 5488/764/3072 5503/787/3087 5504/789/3088
f 5482/763/3066 5497/788/3081 5496/790/3080
f 5489/765/3073 5504/789/3088 5505/791/3089
f 5481/766/3065 5496/790/3080 5495/792/3079
f 5490/767/3074 5505/791/3089 5506/793/3090
f 5480/768/3064 5495/792/3079 5494/779/3078
f 5503/787/3087 5518/796/3102 5519/797/3103
f 5497/788/3081 5512/798/3096 5511/799/3428
f 5504/789/3088 5519/797/3103 5520/800/3104
f 5496/790/3080 5511/799/3428 5510/801/3094
f 5505/791/3089 5520/800/3104 5521/802/3383
f 5495/792/3079 5510/801/3094 5509/803/3093
f 5494/779/3078 5509/803/3093 5508/807/3092
f 5501/781/3085 5516/805/3100 5515/808/3099
f 5493/780/3077 5508/807/3092 5507/809/3091
f 5500/782/3084 5515/808/3099 5514/810/3098
f 5492/783/3076 5507/809/3091 5517/811/3101
f 5499/784/3083 5514/810/3098 5513/812/3097
f 5502/785/3086 5517/811/3101 5518/796/3102
f 5498/786/3082 5513/812/3097 5512/798/3096
f 5516/805/3100 5531/813/3115 5530/814/3114
f 5508/807/3092 5523/815/3107 5522/816/3106
f 5515/808/3099 5530/814/3114 5529/817/3113
f 5507/809/3091 5522/816/3106 5532/818/3116
f 5514/810/3098 5529/817/3113 5528/819/3112
f 5517/811/3101 5532/818/3116 5533/820/3117
f 5513/812/3097 5528/819/3112 5527/821/3439
f 5518/796/3102 5533/820/3117 5534/822/3118
f 5512/798/3096 5527/821/3439 5526/823/3110
f 5519/797/3103 5534/822/3118 5535/824/3119
f 5511/799/3428 5526/823/3110 5525/825/3109
f 5520/800/3104 5535/824/3119 5536/826/3384
f 5510/801/3094 5525/825/3109 5524/827/3108
f 5509/803/3093 5524/827/3108 5523/815/3107
f 5527/821/3439 5542/830/3126 5541/831/3125
f 5534/822/3118 5549/832/3133 5550/833/3134
f 5526/823/3110 5541/831/3125 5540/834/3124
f 5535/824/3119 5550/833/3134 5551/835/3135
f 5525/825/3109 5540/834/3124 5539/836/3123
f 5524/827/3108 5539/836/3123 5538/840/3122
f 5531/813/3115 5546/838/3130 5545/841/3129
f 5523/815/3107 5538/840/3122 5537/842/3121
f 5530/814/3114 5545/841/3129 5544/843/3128
f 5522/816/3106 5537/842/3121 5547/844/3131
f 5529/817/3113 5544/843/3128 5543/845/3127
f 5532/818/3116 5547/844/3131 5548/846/3132
f 5528/819/3112 5543/845/3127 5542/830/3126
f 5533/820/3117 5548/846/3132 5549/832/3133
f 5538/840/3122 5553/847/3137 5552/848/3136
f 5545/841/3129 5560/849/3144 5559/850/3387
f 5537/842/3121 5552/848/3136 5562/851/3146
f 5544/843/3128 5559/850/3387 5558/852/3142
f 5547/844/3131 5562/851/3146 5563/853/3147
f 5543/845/3127 5558/852/3142 5557/854/3141
f 5548/846/3132 5563/853/3147 5564/855/3148
f 5542/830/3126 5557/854/3141 5556/856/3140
f 5549/832/3133 5564/855/3148 5565/857/3149
f 5541/831/3125 5556/856/3140 5555/858/3139
f 5550/833/3134 5565/857/3149 5566/859/3388
f 5540/834/3124 5555/858/3139 5554/860/3138
f 5539/836/3123 5554/860/3138 5553/847/3137
f 5546/838/3130 5561/862/3145 5560/849/3144
f 5564/855/3148 5579/864/3448 5580/865/3389
f 5556/856/3140 5571/866/3155 5570/867/3154
f 5565/857/3149 5580/865/3389 5581/868/3165
f 5555/858/3139 5570/867/3154 5569/869/3153
f 5554/860/3138 5569/869/3153 5568/873/3152
f 5561/862/3145 5576/871/3160 5575/874/3159
f 5553/847/3137 5568/873/3152 5567/875/3151
f 5560/849/3144 5575/874/3159 5574/876/3158
f 5552/848/3136 5567/875/3151 5577/877/3161
f 5559/850/3387 5574/876/3158 5573/878/3157
f 5562/851/3146 5577/877/3161 5578/879/3162
f 5558/852/3142 5573/878/3157 5572/880/3156
f 5563/853/3147 5578/879/3162 5579/864/3448
f 5557/854/3141 5572/880/3156 5571/866/3155
f 5567/875/3151 5582/881/3166 5592/882/3176
f 5574/876/3158 5589/883/3173 5588/884/3449
f 5577/877/3161 5592/882/3176 5593/885/3177
f 5573/878/3157 5588/884/3449 5587/886/3171
f 5578/879/3162 5593/885/3177 5594/887/3178
f 5572/880/3156 5587/886/3171 5586/888/3170
f 5579/864/3448 5594/887/3178 5595/889/3179
f 5571/866/3155 5586/888/3170 5585/890/3169
f 5580/865/3389 5595/889/3179 5596/891/3430
f 5570/867/3154 5585/890/3169 5584/892/3168
f 5569/869/3153 5584/892/3168 5583/896/3167
f 5576/871/3160 5591/894/3175 5590/897/3174
f 5568/873/3152 5583/896/3167 5582/881/3166
f 5575/874/3159 5590/897/3174 5589/883/3173
f 5596/891/3430 5595/889/3179 5611/898/3195
f 5585/890/3169 5600/900/3184 5599/901/3183
f 5584/892/3168 5599/901/3183 5598/905/3182
f 5591/894/3175 5606/903/3190 5605/906/3189
f 5583/896/3167 5598/905/3182 5597/907/3181
f 5590/897/3174 5605/906/3189 5604/908/3188
f 5582/881/3166 5597/907/3181 5608/909/3192
f 5589/883/3173 5604/908/3188 5603/910/3187
f 5592/882/3176 5608/909/3192 5609/911/3193
f 5588/884/3449 5603/910/3187 5602/912/3186
f 5593/885/3177 5609/911/3193 5610/913/3194
f 5587/886/3171 5602/912/3186 5601/914/3185
f 5594/887/3178 5610/913/3194 5611/898/3195
f 5586/888/3170 5601/914/3185 5600/900/3184
f 5604/908/3188 5620/915/3204 5619/916/3432
f 5608/909/3192 5623/917/3207 5624/918/3208
f 5603/910/3187 5619/916/3432 5618/919/3202
f 5609/911/3193 5624/918/3208 5625/920/3450
f 5602/912/3186 5618/919/3202 5617/921/3201
f 5610/913/3194 5625/920/3450 5626/922/3210
f 5601/914/3185 5617/921/3201 5616/923/3200
f 5612/899/3196 5611/898/3195 5626/922/3210
f 5600/900/3184 5616/923/3200 5615/925/3199
f 5599/901/3183 5615/925/3199 5614/929/3198
f 5606/903/3190 5622/927/3206 5621/930/3205
f 5598/905/3182 5614/929/3198 5613/931/3197
f 5605/906/3189 5621/930/3205 5620/915/3204
f 5597/907/3181 5613/931/3197 5623/917/3207
f 5616/923/3200 5631/932/3215 5630/933/3214
f 5615/925/3199 5630/933/3214 5629/938/3213
f 5622/927/3206 5637/935/3221 5636/939/3220
f 5614/929/3198 5629/938/3213 5628/940/3212
f 5621/930/3205 5636/939/3220 5635/941/3219
f 5613/931/3197 5628/940/3212 5638/942/3222
f 5620/915/3204 5635/941/3219 5634/943/3218
f 5623/917/3207 5638/942/3222 5639/944/3223
f 5619/916/3432 5634/943/3218 5633/945/3217
f 5625/920/3450 5624/918/3208 5639/944/3223
f 5618/919/3202 5633/945/3217 5632/947/3216
f 5626/922/3210 5625/920/3450 5640/946/3224
f 5617/921/3201 5632/947/3216 5631/932/3215
f 5627/924/3211 5626/922/3210 5641/948/3443
f 5639/944/3223 5638/942/3222 5653/949/3237
f 5634/943/3218 5649/951/3233 5648/952/3232
f 5640/946/3224 5639/944/3223 5654/950/3238
f 5633/945/3217 5648/952/3232 5647/954/3231
f 5641/948/3443 5640/946/3224 5655/953/3239
f 5632/947/3216 5647/954/3231 5646/956/3230
f 5642/937/3413 5641/948/3443 5656/955/3240
f 5630/933/3214 5631/932/3215 5646/956/3230
f 5629/938/3213 5630/933/3214 5645/958/3229
f 5637/935/3221 5652/960/3236 5651/963/3391
f 5628/940/3212 5629/938/3213 5644/962/3228
f 5636/939/3220 5651/963/3391 5650/965/3234
f 5638/942/3222 5628/940/3212 5643/964/3227
f 5635/941/3219 5650/965/3234 5649/951/3233
f 5644/962/3228 5645/958/3229 5660/970/3244
f 5651/963/3391 5652/960/3236 5667/967/3251
f 5643/964/3227 5644/962/3228 5659/971/3392
f 5650/965/3234 5651/963/3391 5666/972/3250
f 5653/949/3237 5643/964/3227 5658/973/3242
f 5649/951/3233 5650/965/3234 5665/974/3249
f 5654/950/3238 5653/949/3237 5668/975/3252
f 5648/952/3232 5649/951/3233 5664/976/3248
f 5655/953/3239 5654/950/3238 5669/977/3253
f 5647/954/3231 5648/952/3232 5663/978/3247
f 5656/955/3240 5655/953/3239 5670/979/3254
f 5646/956/3230 5647/954/3231 5662/980/3246
f 5657/957/3241 5656/955/3240 5671/981/3255
f 5645/958/3229 5646/956/3230 5661/982/3245
f 5663/983/3247 5664/1013/3248 5679/984/3263
f 5670/986/3254 5669/1014/3253 5684/987/3268
f 5662/989/3246 5663/983/3247 5678/985/3262
f 5671/991/3255 5670/986/3254 5685/988/3269
f 5661/993/3245 5662/989/3246 5677/990/3261
f 5672/995/3256 5671/991/3255 5686/992/3270
f 5660/997/3244 5661/993/3245 5676/994/3260
f 5659/1003/3392 5660/997/3244 5675/998/3259
f 5666/1006/3250 5667/999/3251 5682/1001/3266
f 5658/1007/3242 5659/1003/3392 5674/1004/3258
f 5665/1010/3249 5666/1006/3250 5681/1005/3265
f 5668/1011/3252 5658/1007/3242 5673/1008/3257
f 5664/1013/3248 5665/1010/3249 5680/1009/3264
f 5669/1014/3253 5668/1011/3252 5683/1012/3267
f 5674/1004/3258 5675/998/3259 5690/1029/3274
f 5681/1005/3265 5682/1001/3266 5697/1016/3451
f 5673/1008/3257 5674/1004/3258 5689/1015/3273
f 5680/1009/3264 5681/1005/3265 5696/1017/3280
f 5683/1012/3267 5673/1008/3257 5688/1018/3272
f 5679/984/3263 5680/1009/3264 5695/1019/3279
f 5684/987/3268 5683/1012/3267 5698/1020/3282
f 5678/985/3262 5679/984/3263 5694/1021/3278
f 5685/988/3269 5684/987/3268 5699/1022/3283
f 5677/990/3261 5678/985/3262 5693/1023/3277
f 5686/992/3270 5685/988/3269 5700/1024/3394
f 5676/994/3260 5677/990/3261 5692/1025/3276
f 5687/996/3433 5686/992/3270 5701/1026/3285
f 5675/998/3259 5676/994/3260 5691/1027/3275
f 5700/1024/3394 5699/1022/3283 5714/1047/3298
f 5692/1025/3276 5693/1023/3277 5708/1048/3292
f 5701/1026/3285 5700/1024/3394 5715/1032/3299
f 5691/1027/3275 5692/1025/3276 5707/1033/3291
f 5702/1028/3286 5701/1026/3285 5716/1034/3300
f 5690/1029/3274 5691/1027/3275 5706/1035/3290
f 5689/1015/3273 5690/1029/3274 5705/1037/3289
f 5696/1017/3280 5697/1016/3451 5712/1039/3296
f 5688/1018/3272 5689/1015/3273 5704/1041/3288
f 5695/1019/3279 5696/1017/3280 5711/1042/3295
f 5698/1020/3282 5688/1018/3272 5703/1043/3287
f 5694/1021/3278 5695/1019/3279 5710/1044/3294
f 5699/1022/3283 5698/1020/3282 5713/1045/3297
f 5693/1023/3277 5694/1021/3278 5709/1046/3293
f 5703/1043/3287 5704/1041/3288 5719/1065/3303
f 5710/1044/3294 5711/1042/3295 5726/1050/3310
f 5713/1045/3297 5703/1043/3287 5718/1049/3302
f 5709/1046/3293 5710/1044/3294 5725/1051/3309
f 5714/1047/3298 5713/1045/3297 5728/1052/3312
f 5708/1048/3292 5709/1046/3293 5724/1053/3308
f 5715/1032/3299 5714/1047/3298 5729/1054/3313
f 5707/1033/3291 5708/1048/3292 5723/1055/3395
f 5716/1034/3300 5715/1032/3299 5730/1056/3314
f 5706/1035/3290 5707/1033/3291 5722/1057/3306
f 5717/1036/3452 5716/1034/3300 5731/1058/3315
f 5705/1037/3289 5706/1035/3290 5721/1059/3305
f 5704/1041/3288 5705/1037/3289 5720/1061/3304
f 5711/1042/3295 5712/1039/3296 5727/1063/3311
f 5731/1058/3315 5730/1056/3314 5745/1081/3396
f 5721/1059/3305 5722/1057/3306 5737/1082/3321
f 5732/1060/3316 5731/1058/3315 5746/1066/3330
f 5720/1061/3304 5721/1059/3305 5736/1067/3320
f 5719/1065/3303 5720/1061/3304 5735/1069/3319
f 5726/1050/3310 5727/1063/3311 5742/1071/3326
f 5718/1049/3302 5719/1065/3303 5734/1073/3318
f 5725/1051/3309 5726/1050/3310 5741/1074/3325
f 5728/1052/3312 5718/1049/3302 5733/1075/3317
f 5724/1053/3308 5725/1051/3309 5740/1076/3324
f 5729/1054/3313 5728/1052/3312 5743/1077/3327
f 5723/1055/3395 5724/1053/3308 5739/1078/3323
f 5730/1056/3314 5729/1054/3313 5744/1079/3434
f 5722/1057/3306 5723/1055/3395 5738/1080/3322
f 5740/1076/3324 5741/1074/3325 5756/1098/3340
f 5743/1077/3327 5733/1075/3317 5748/1099/3397
f 5739/1078/3323 5740/1076/3324 5755/1083/3339
f 5744/1079/3434 5743/1077/3327 5758/1084/3342
f 5738/1080/3322 5739/1078/3323 5754/1085/3338
f 5745/1081/3396 5744/1079/3434 5759/1086/3343
f 5737/1082/3321 5738/1080/3322 5753/1087/3337
f 5746/1066/3330 5745/1081/3396 5760/1088/3344
f 5736/1067/3320 5737/1082/3321 5752/1089/3336
f 5747/1068/3331 5746/1066/3330 5761/1090/3345
f 5735/1069/3319 5736/1067/3320 5751/1091/3335
f 5734/1073/3318 5735/1069/3319 5750/1093/3334
f 5741/1074/3325 5742/1071/3326 5757/1095/3398
f 5733/1075/3317 5734/1073/3318 5749/1097/3333
f 5751/1091/3335 5752/1089/3336 5767/1115/3351
f 5762/1092/3346 5761/1090/3345 5776/1116/3420
f 5750/1093/3334 5751/1091/3335 5766/1100/3350
f 5749/1097/3333 5750/1093/3334 5765/1102/3349
f 5756/1098/3340 5757/1095/3398 5772/1104/3419
f 5748/1099/3397 5749/1097/3333 5764/1106/3348
f 5755/1083/3339 5756/1098/3340 5771/1107/3355
f 5758/1084/3342 5748/1099/3397 5763/1108/3347
f 5754/1085/3338 5755/1083/3339 5770/1109/3354
f 5759/1086/3343 5758/1084/3342 5773/1110/3357
f 5753/1087/3337 5754/1085/3338 5769/1111/3399
f 5760/1088/3344 5759/1086/3343 5774/1112/3358
f 5752/1089/3336 5753/1087/3337 5768/1113/3352
f 5761/1090/3345 5760/1088/3344 5775/1114/3359
f 5773/1110/3357 5763/1108/3347 5778/580/3362
f 5769/1111/3399 5770/1109/3354 5781/583/3365
f 5774/1112/3358 5773/1110/3357 5359/573/2943
f 5768/1113/3352 5769/1111/3399 5780/575/3364
f 5775/1114/3359 5774/1112/3358 5782/571/3366
f 5767/1115/3351 5768/1113/3352 5363/577/2947
f 5776/1116/3420 5775/1114/3359 5358/563/2942
f 5766/1100/3350 5767/1115/3351 5362/585/2946
f 5777/1101/3361 5776/1116/3420 5783/565/3367
f 5765/1102/3349 5766/1100/3350 5361/578/2945
f 5764/1106/3348 5765/1102/3349 5779/566/3363
f 5771/1107/3355 5772/1104/3419 5365/560/2949
f 5763/1108/3347 5764/1106/3348 5360/568/2944
f 5770/1109/3354 5771/1107/3355 5364/562/2948
f 5846/562/2948 5847/560/3454 5825/570/2927
f 6265/565/3367 5840/563/2942 5837/572/2939
f 5842/568/2944 6261/566/3363 5832/579/2934
f 5840/563/2942 6264/571/3366 5836/574/2938
f 6264/571/3366 5841/573/2943 5835/581/2937
f 5845/577/2947 6262/575/3364 5828/584/2930
f 6261/566/3363 5843/578/2945 5831/586/2933
f 5841/573/2943 6260/580/3362 5834/582/2936
f 6260/580/3362 5842/568/2944 5833/567/2935
f 6262/575/3364 6263/583/3365 5827/591/2929
f 5843/578/2945 5844/585/2946 5830/590/2932
f 5844/585/2946 5845/577/2947 5829/576/2931
f 6263/583/3365 5846/562/2948 5826/561/2928
f 6266/588/3368 6265/565/3367 5838/564/2940
f 5831/586/2933 5830/590/2932 5819/595/2921
f 5837/572/2939 5836/574/2938 5813/600/2915
f 5829/576/2931 5828/584/2930 5821/608/2923
f 5830/590/2932 5829/576/2931 5820/594/2922
f 5832/579/2934 5831/586/2933 5818/592/2920
f 5838/564/2940 5837/572/2939 5812/593/2914
f 5835/581/2937 5834/582/2936 5815/603/2917
f 5839/589/3447 5838/564/2940 5811/597/2913
f 5836/574/2938 5835/581/2937 5814/598/2916
f 5833/567/2935 5832/579/2934 5817/596/2919
f 5834/582/2936 5833/567/2935 5816/602/2918
f 5826/561/2928 5825/570/2927 5824/605/2926
f 5827/591/2929 5826/561/2928 5823/606/3370
f 5828/584/2930 5827/591/2929 5822/607/3453
f 5810/599/2912 5811/597/2913 5808/610/2910
f 5811/597/2913 5812/593/2914 5807/611/2909
f 5812/593/2914 5813/600/2915 5806/623/2908
f 5822/607/3453 5823/606/3370 5796/613/2898
f 5823/606/3370 5824/605/2926 5795/618/3369
f 5820/594/2922 5821/608/2923 5798/619/2900
f 5814/598/2916 5815/603/2917 5804/616/2906
f 5815/603/2917 5816/602/2918 5803/620/2905
f 5821/608/2923 5822/607/3453 5797/612/2899
f 5816/602/2918 5817/596/2919 5802/622/2904
f 5817/596/2919 5818/592/2920 5801/624/2903
f 5813/600/2915 5814/598/2916 5805/615/2907
f 5818/592/2920 5819/595/2921 5800/625/2902
f 5819/595/2921 5820/594/2922 5799/614/2901
f 5800/625/2902 5799/614/2901 5790/630/2892
f 5806/623/2908 5805/615/2907 5848/635/2950
f 5807/611/2909 5806/623/2908 5849/627/2951
f 5798/619/2900 5797/612/2899 5792/642/2894
f 5799/614/2901 5798/619/2900 5791/629/2893
f 5801/624/2903 5800/625/2902 5789/626/2891
f 5804/616/2906 5803/620/2905 5786/637/2888
f 5805/615/2907 5804/616/2906 5785/632/2887
f 5802/622/2904 5801/624/2903 5788/631/2890
f 5803/620/2905 5802/622/2904 5787/636/2889
f 5795/618/3369 5794/641/2896 5793/638/2895
f 5808/610/2910 5807/611/2909 5850/628/2952
f 5797/612/2899 5796/613/2898 5793/638/2895
f 5809/609/2911 5808/610/2910 5851/639/3372
f 5851/639/3372 5850/628/2952 5866/654/3375
f 5789/626/2891 5790/630/2892 5859/649/2961
f 5791/629/2893 5792/642/2894 5861/648/2963
f 5792/642/2894 5793/638/2895 5862/652/2964
f 5790/630/2892 5791/629/2893 5860/647/2962
f 5848/635/2950 5785/632/2887 5854/651/2956
f 5785/632/2887 5786/637/2888 5855/653/2957
f 5794/641/2896 5863/656/2965 5862/652/2964
f 5786/637/2888 5787/636/2889 5856/658/2958
f 5850/628/2952 5849/627/2951 5865/657/3405
f 5849/627/2951 5848/635/2950 5864/650/2966
f 5787/636/2889 5788/631/2890 5857/659/2959
f 5788/631/2890 5789/626/2891 5858/646/2960
f 5852/634/2954 5851/639/3372 5867/643/2969
f 5854/651/2956 5855/653/2957 5870/675/2972
f 5859/649/2961 5860/647/2962 5875/676/2977
f 5864/650/2966 5854/651/2956 5869/660/2971
f 5858/646/2960 5859/649/2961 5874/661/2976
f 5865/657/3405 5864/650/2966 5879/662/2981
f 5866/654/3375 5865/657/3405 5880/664/2982
f 5867/643/2969 5866/654/3375 5881/665/2983
f 5868/645/2970 5867/643/2969 5882/668/2984
f 5857/659/2959 5858/646/2960 5873/663/2975
f 5863/656/2965 5878/667/2980 5877/671/3376
f 5856/658/2958 5857/659/2959 5872/670/2974
f 5862/652/2964 5877/671/3376 5876/674/3406
f 5855/653/2957 5856/658/2958 5871/673/2973
f 5861/648/2963 5876/674/3406 5875/676/2977
f 5873/663/2975 5888/693/2990 5887/677/2989
f 5883/669/2985 5882/668/2984 5897/678/2999
f 5872/670/2974 5887/677/2989 5886/680/2988
f 5871/673/2973 5886/680/2988 5885/684/2987
f 5878/667/2980 5893/682/2995 5892/685/2994
f 5869/660/2971 5870/675/2972 5885/684/2987
f 5877/671/3376 5892/685/2994 5891/687/2993
f 5879/662/2981 5869/660/2971 5884/686/2986
f 5876/674/3406 5891/687/2993 5890/689/2992
f 5880/664/2982 5879/662/2981 5894/688/2996
f 5875/676/2977 5890/689/2992 5889/691/2991
f 5881/665/2983 5880/664/2982 5895/690/2997
f 5874/661/2976 5889/691/2991 5888/693/2990
f 5882/668/2984 5881/665/2983 5896/692/2998
f 5884/686/2986 5899/709/3001 5909/694/3011
f 5891/687/2993 5906/710/3008 5905/695/3007
f 5894/688/2996 5909/694/3011 5910/696/3012
f 5890/689/2992 5905/695/3007 5904/697/3006
f 5895/690/2997 5910/696/3012 5911/698/3013
f 5889/691/2991 5904/697/3006 5903/699/3005
f 5896/692/2998 5911/698/3013 5912/700/3014
f 5888/693/2990 5903/699/3005 5902/701/3004
f 5897/678/2999 5912/700/3014 5913/702/3015
f 5887/677/2989 5902/701/3004 5901/703/3003
f 5886/680/2988 5901/703/3003 5900/707/3002
f 5893/682/2995 5908/705/3010 5907/708/3009
f 5885/684/2987 5900/707/3002 5899/709/3001
f 5892/685/2994 5907/708/3009 5906/710/3008
f 5912/700/3014 5927/711/3029 5928/712/3030
f 5902/701/3004 5917/727/3019 5916/713/3018
f 5901/703/3003 5916/713/3018 5915/717/3017
f 5908/705/3010 5923/715/3379 5922/718/3024
f 5900/707/3002 5915/717/3017 5914/719/3016
f 5907/708/3009 5922/718/3024 5921/720/3023
f 5899/709/3001 5914/719/3016 5924/721/3026
f 5906/710/3008 5921/720/3023 5920/722/3022
f 5909/694/3011 5924/721/3026 5925/723/3027
f 5905/695/3007 5920/722/3022 5919/724/3021
f 5910/696/3012 5925/723/3027 5926/725/3028
f 5904/697/3006 5919/724/3021 5918/726/3020
f 5911/698/3013 5926/725/3028 5927/711/3029
f 5903/699/3005 5918/726/3020 5917/727/3019
f 5924/721/3026 5939/728/3041 5940/729/3042
f 5920/722/3022 5935/730/3037 5934/731/3036
f 5925/723/3027 5940/729/3042 5941/732/3043
f 5919/724/3021 5934/731/3036 5933/733/3035
f 5926/725/3028 5941/732/3043 5942/734/3044
f 5918/726/3020 5933/733/3035 5932/735/3034
f 5927/711/3029 5942/734/3044 5943/736/3045
f 5917/727/3019 5932/735/3034 5931/737/3033
f 5916/713/3018 5931/737/3033 5930/741/3032
f 5923/715/3379 5938/739/3040 5937/742/3039
f 5915/717/3017 5930/741/3032 5929/743/3031
f 5922/718/3024 5937/742/3039 5936/744/3038
f 5914/719/3016 5929/743/3031 5939/728/3041
f 5921/720/3023 5936/744/3038 5935/730/3037
f 5931/737/3033 5946/749/3048 5945/750/3047
f 5938/739/3040 5953/746/3055 5952/751/3054
f 5930/741/3032 5945/750/3047 5944/752/3046
f 5937/742/3039 5952/751/3054 5951/753/3053
f 5929/743/3031 5944/752/3046 5954/754/3056
f 5936/744/3038 5951/753/3053 5950/755/3052
f 5939/728/3041 5954/754/3056 5955/756/3057
f 5935/730/3037 5950/755/3052 5949/757/3051
f 5940/729/3042 5955/756/3057 5956/758/3058
f 5934/731/3036 5949/757/3051 5948/759/3050
f 5941/732/3043 5956/758/3058 5957/760/3059
f 5933/733/3035 5948/759/3050 5947/761/3049
f 5942/734/3044 5957/760/3059 5958/748/3060
f 5932/735/3034 5947/761/3049 5946/749/3048
f 5950/755/3052 5965/762/3425 5964/763/3066
f 5955/756/3057 5970/764/3072 5971/765/3073
f 5949/757/3051 5964/763/3066 5963/766/3065
f 5956/758/3058 5971/765/3073 5972/767/3074
f 5948/759/3050 5963/766/3065 5962/768/3064
f 5957/760/3059 5972/767/3074 5973/769/3075
f 5947/761/3049 5962/768/3064 5961/770/3063
f 5946/749/3048 5961/770/3063 5960/774/3062
f 5953/746/3055 5968/772/3070 5967/775/3069
f 5945/750/3047 5960/774/3062 5959/776/3061
f 5952/751/3054 5967/775/3069 5966/777/3068
f 5944/752/3046 5959/776/3061 5969/778/3071
f 5951/753/3053 5966/777/3068 5965/762/3425
f 5954/754/3056 5969/778/3071 5970/764/3072
f 5961/770/3063 5976/779/3078 5975/780/3077
f 5968/772/3070 5983/781/3085 5982/782/3084
f 5960/774/3062 5975/780/3077 5974/783/3076
f 5967/775/3069 5982/782/3084 5981/784/3083
f 5959/776/3061 5974/783/3076 5984/785/3086
f 5966/777/3068 5981/784/3083 5980/786/3082
f 5969/778/3071 5984/785/3086 5985/787/3087
f 5965/762/3425 5980/786/3082 5979/788/3081
f 5970/764/3072 5985/787/3087 5986/789/3088
f 5964/763/3066 5979/788/3081 5978/790/3080
f 5971/765/3073 5986/789/3088 5987/791/3089
f 5963/766/3065 5978/790/3080 5977/792/3079
f 5972/767/3074 5987/791/3089 5988/793/3090
f 5962/768/3064 5977/792/3079 5976/779/3078
f 5985/787/3087 6000/796/3102 6001/797/3103
f 5979/788/3081 5994/798/3096 5993/799/3095
f 5986/789/3088 6001/797/3103 6002/800/3104
f 5978/790/3080 5993/799/3095 5992/801/3094
f 5987/791/3089 6002/800/3104 6003/802/3105
f 5977/792/3079 5992/801/3094 5991/803/3093
f 5976/779/3078 5991/803/3093 5990/807/3092
f 5983/781/3085 5998/805/3100 5997/808/3099
f 5975/780/3077 5990/807/3092 5989/809/3091
f 5982/782/3084 5997/808/3099 5996/810/3098
f 5974/783/3076 5989/809/3091 5999/811/3101
f 5981/784/3083 5996/810/3098 5995/812/3097
f 5984/785/3086 5999/811/3101 6000/796/3102
f 5980/786/3082 5995/812/3097 5994/798/3096
f 5998/805/3100 6013/813/3115 6012/814/3114
f 5990/807/3092 6005/815/3107 6004/816/3106
f 5997/808/3099 6012/814/3114 6011/817/3113
f 5989/809/3091 6004/816/3106 6014/818/3116
f 5996/810/3098 6011/817/3113 6010/819/3112
f 5999/811/3101 6014/818/3116 6015/820/3117
f 5995/812/3097 6010/819/3112 6009/821/3111
f 6000/796/3102 6015/820/3117 6016/822/3118
f 5994/798/3096 6009/821/3111 6008/823/3110
f 6001/797/3103 6016/822/3118 6017/824/3119
f 5993/799/3095 6008/823/3110 6007/825/3109
f 6002/800/3104 6017/824/3119 6018/826/3384
f 5992/801/3094 6007/825/3109 6006/827/3108
f 5991/803/3093 6006/827/3108 6005/815/3107
f 6009/821/3111 6024/830/3126 6023/831/3125
f 6016/822/3118 6031/832/3133 6032/833/3134
f 6008/823/3110 6023/831/3125 6022/834/3124
f 6017/824/3119 6032/833/3134 6033/835/3135
f 6007/825/3109 6022/834/3124 6021/836/3123
f 6006/827/3108 6021/836/3123 6020/840/3122
f 6013/813/3115 6028/838/3130 6027/841/3455
f 6005/815/3107 6020/840/3122 6019/842/3121
f 6012/814/3114 6027/841/3455 6026/843/3128
f 6004/816/3106 6019/842/3121 6029/844/3131
f 6011/817/3113 6026/843/3128 6025/845/3127
f 6014/818/3116 6029/844/3131 6030/846/3132
f 6010/819/3112 6025/845/3127 6024/830/3126
f 6015/820/3117 6030/846/3132 6031/832/3133
f 6020/840/3122 6035/847/3137 6034/848/3136
f 6027/841/3455 6042/849/3144 6041/850/3387
f 6019/842/3121 6034/848/3136 6044/851/3146
f 6026/843/3128 6041/850/3387 6040/852/3142
f 6029/844/3131 6044/851/3146 6045/853/3147
f 6025/845/3127 6040/852/3142 6039/854/3141
f 6030/846/3132 6045/853/3147 6046/855/3148
f 6024/830/3126 6039/854/3141 6038/856/3140
f 6031/832/3133 6046/855/3148 6047/857/3149
f 6023/831/3125 6038/856/3140 6037/858/3139
f 6032/833/3134 6047/857/3149 6048/859/3388
f 6022/834/3124 6037/858/3139 6036/860/3138
f 6021/836/3123 6036/860/3138 6035/847/3137
f 6028/838/3130 6043/862/3145 6042/849/3144
f 6046/855/3148 6061/864/3163 6062/865/3389
f 6038/856/3140 6053/866/3155 6052/867/3154
f 6047/857/3149 6062/865/3389 6063/868/3165
f 6037/858/3139 6052/867/3154 6051/869/3153
f 6036/860/3138 6051/869/3153 6050/873/3152
f 6043/862/3145 6058/871/3160 6057/874/3159
f 6035/847/3137 6050/873/3152 6049/875/3151
f 6042/849/3144 6057/874/3159 6056/876/3158
f 6034/848/3136 6049/875/3151 6059/877/3161
f 6041/850/3387 6056/876/3158 6055/878/3157
f 6044/851/3146 6059/877/3161 6060/879/3162
f 6040/852/3142 6055/878/3157 6054/880/3156
f 6045/853/3147 6060/879/3162 6061/864/3163
f 6039/854/3141 6054/880/3156 6053/866/3155
f 6049/875/3151 6064/881/3166 6074/882/3176
f 6056/876/3158 6071/883/3173 6070/884/3449
f 6059/877/3161 6074/882/3176 6075/885/3411
f 6055/878/3157 6070/884/3449 6069/886/3171
f 6060/879/3162 6075/885/3411 6076/887/3178
f 6054/880/3156 6069/886/3171 6068/888/3170
f 6061/864/3163 6076/887/3178 6077/889/3179
f 6053/866/3155 6068/888/3170 6067/890/3169
f 6062/865/3389 6077/889/3179 6078/891/3180
f 6052/867/3154 6067/890/3169 6066/892/3168
f 6051/869/3153 6066/892/3168 6065/896/3167
f 6058/871/3160 6073/894/3175 6072/897/3174
f 6050/873/3152 6065/896/3167 6064/881/3166
f 6057/874/3159 6072/897/3174 6071/883/3173
f 6078/891/3180 6077/889/3179 6093/898/3195
f 6067/890/3169 6082/900/3184 6081/901/3183
f 6066/892/3168 6081/901/3183 6080/905/3182
f 6073/894/3175 6088/903/3190 6087/906/3189
f 6065/896/3167 6080/905/3182 6079/907/3181
f 6072/897/3174 6087/906/3189 6086/908/3188
f 6064/881/3166 6079/907/3181 6090/909/3192
f 6071/883/3173 6086/908/3188 6085/910/3187
f 6074/882/3176 6090/909/3192 6091/911/3193
f 6070/884/3449 6085/910/3187 6084/912/3431
f 6075/885/3411 6091/911/3193 6092/913/3194
f 6069/886/3171 6084/912/3431 6083/914/3185
f 6076/887/3178 6092/913/3194 6093/898/3195
f 6068/888/3170 6083/914/3185 6082/900/3184
f 6086/908/3188 6102/915/3204 6101/916/3432
f 6090/909/3192 6105/917/3207 6106/918/3208
f 6085/910/3187 6101/916/3432 6100/919/3202
f 6091/911/3193 6106/918/3208 6107/920/3209
f 6084/912/3431 6100/919/3202 6099/921/3201
f 6092/913/3194 6107/920/3209 6108/922/3210
f 6083/914/3185 6099/921/3201 6098/923/3200
f 6094/899/3196 6093/898/3195 6108/922/3210
f 6082/900/3184 6098/923/3200 6097/925/3199
f 6081/901/3183 6097/925/3199 6096/929/3198
f 6088/903/3190 6104/927/3206 6103/930/3205
f 6080/905/3182 6096/929/3198 6095/931/3197
f 6087/906/3189 6103/930/3205 6102/915/3204
f 6079/907/3181 6095/931/3197 6105/917/3207
f 6098/923/3200 6113/932/3215 6112/933/3214
f 6097/925/3199 6112/933/3214 6111/938/3213
f 6104/927/3206 6119/935/3221 6118/939/3220
f 6096/929/3198 6111/938/3213 6110/940/3212
f 6103/930/3205 6118/939/3220 6117/941/3219
f 6095/931/3197 6110/940/3212 6120/942/3222
f 6102/915/3204 6117/941/3219 6116/943/3218
f 6105/917/3207 6120/942/3222 6121/944/3223
f 6101/916/3432 6116/943/3218 6115/945/3217
f 6107/920/3209 6106/918/3208 6121/944/3223
f 6100/919/3202 6115/945/3217 6114/947/3216
f 6108/922/3210 6107/920/3209 6122/946/3224
f 6099/921/3201 6114/947/3216 6113/932/3215
f 6109/924/3211 6108/922/3210 6123/948/3225
f 6121/944/3223 6120/942/3222 6135/949/3237
f 6116/943/3218 6131/951/3233 6130/952/3232
f 6122/946/3224 6121/944/3223 6136/950/3238
f 6115/945/3217 6130/952/3232 6129/954/3231
f 6123/948/3225 6122/946/3224 6137/953/3239
f 6114/947/3216 6129/954/3231 6128/956/3230
f 6124/937/3226 6123/948/3225 6138/955/3240
f 6112/933/3214 6113/932/3215 6128/956/3230
f 6111/938/3213 6112/933/3214 6127/958/3229
f 6119/935/3221 6134/960/3236 6133/963/3391
f 6110/940/3212 6111/938/3213 6126/962/3228
f 6118/939/3220 6133/963/3391 6132/965/3234
f 6120/942/3222 6110/940/3212 6125/964/3227
f 6117/941/3219 6132/965/3234 6131/951/3233
f 6126/962/3228 6127/958/3229 6142/970/3244
f 6133/963/3391 6134/960/3236 6149/967/3251
f 6125/964/3227 6126/962/3228 6141/971/3392
f 6132/965/3234 6133/963/3391 6148/972/3250
f 6135/949/3237 6125/964/3227 6140/973/3242
f 6131/951/3233 6132/965/3234 6147/974/3249
f 6136/950/3238 6135/949/3237 6150/975/3252
f 6130/952/3232 6131/951/3233 6146/976/3248
f 6137/953/3239 6136/950/3238 6151/977/3253
f 6129/954/3231 6130/952/3232 6145/978/3247
f 6138/955/3240 6137/953/3239 6152/979/3254
f 6128/956/3230 6129/954/3231 6144/980/3246
f 6139/957/3241 6138/955/3240 6153/981/3255
f 6127/958/3229 6128/956/3230 6143/982/3245
f 6145/983/3247 6146/1013/3248 6161/984/3263
f 6152/986/3254 6151/1014/3253 6166/987/3268
f 6144/989/3246 6145/983/3247 6160/985/3262
f 6153/991/3255 6152/986/3254 6167/988/3269
f 6143/993/3245 6144/989/3246 6159/990/3261
f 6154/995/3256 6153/991/3255 6168/992/3270
f 6142/997/3244 6143/993/3245 6158/994/3260
f 6141/1003/3392 6142/997/3244 6157/998/3259
f 6148/1006/3250 6149/999/3251 6164/1001/3266
f 6140/1007/3242 6141/1003/3392 6156/1004/3258
f 6147/1010/3249 6148/1006/3250 6163/1005/3265
f 6150/1011/3252 6140/1007/3242 6155/1008/3257
f 6146/1013/3248 6147/1010/3249 6162/1009/3264
f 6151/1014/3253 6150/1011/3252 6165/1012/3267
f 6156/1004/3258 6157/998/3259 6172/1029/3274
f 6163/1005/3265 6164/1001/3266 6179/1016/3281
f 6155/1008/3257 6156/1004/3258 6171/1015/3273
f 6162/1009/3264 6163/1005/3265 6178/1017/3280
f 6165/1012/3267 6155/1008/3257 6170/1018/3272
f 6161/984/3263 6162/1009/3264 6177/1019/3279
f 6166/987/3268 6165/1012/3267 6180/1020/3282
f 6160/985/3262 6161/984/3263 6176/1021/3278
f 6167/988/3269 6166/987/3268 6181/1022/3283
f 6159/990/3261 6160/985/3262 6175/1023/3277
f 6168/992/3270 6167/988/3269 6182/1024/3394
f 6158/994/3260 6159/990/3261 6174/1025/3276
f 6169/996/3433 6168/992/3270 6183/1026/3285
f 6157/998/3259 6158/994/3260 6173/1027/3275
f 6182/1024/3394 6181/1022/3283 6196/1047/3298
f 6174/1025/3276 6175/1023/3277 6190/1048/3292
f 6183/1026/3285 6182/1024/3394 6197/1032/3299
f 6173/1027/3275 6174/1025/3276 6189/1033/3291
f 6184/1028/3286 6183/1026/3285 6198/1034/3300
f 6172/1029/3274 6173/1027/3275 6188/1035/3290
f 6171/1015/3273 6172/1029/3274 6187/1037/3289
f 6178/1017/3280 6179/1016/3281 6194/1039/3296
f 6170/1018/3272 6171/1015/3273 6186/1041/3288
f 6177/1019/3279 6178/1017/3280 6193/1042/3295
f 6180/1020/3282 6170/1018/3272 6185/1043/3287
f 6176/1021/3278 6177/1019/3279 6192/1044/3294
f 6181/1022/3283 6180/1020/3282 6195/1045/3297
f 6175/1023/3277 6176/1021/3278 6191/1046/3293
f 6185/1043/3287 6186/1041/3288 6201/1065/3303
f 6192/1044/3294 6193/1042/3295 6208/1050/3310
f 6195/1045/3297 6185/1043/3287 6200/1049/3302
f 6191/1046/3293 6192/1044/3294 6207/1051/3309
f 6196/1047/3298 6195/1045/3297 6210/1052/3312
f 6190/1048/3292 6191/1046/3293 6206/1053/3308
f 6197/1032/3299 6196/1047/3298 6211/1054/3313
f 6189/1033/3291 6190/1048/3292 6205/1055/3307
f 6198/1034/3300 6197/1032/3299 6212/1056/3314
f 6188/1035/3290 6189/1033/3291 6204/1057/3306
f 6199/1036/3452 6198/1034/3300 6213/1058/3315
f 6187/1037/3289 6188/1035/3290 6203/1059/3305
f 6186/1041/3288 6187/1037/3289 6202/1061/3304
f 6193/1042/3295 6194/1039/3296 6209/1063/3311
f 6213/1058/3315 6212/1056/3314 6227/1081/3396
f 6203/1059/3305 6204/1057/3306 6219/1082/3321
f 6214/1060/3316 6213/1058/3315 6228/1066/3330
f 6202/1061/3304 6203/1059/3305 6218/1067/3320
f 6201/1065/3303 6202/1061/3304 6217/1069/3319
f 6208/1050/3310 6209/1063/3311 6224/1071/3326
f 6200/1049/3302 6201/1065/3303 6216/1073/3318
f 6207/1051/3309 6208/1050/3310 6223/1074/3325
f 6210/1052/3312 6200/1049/3302 6215/1075/3317
f 6206/1053/3308 6207/1051/3309 6222/1076/3324
f 6211/1054/3313 6210/1052/3312 6225/1077/3327
f 6205/1055/3307 6206/1053/3308 6221/1078/3323
f 6212/1056/3314 6211/1054/3313 6226/1079/3434
f 6204/1057/3306 6205/1055/3307 6220/1080/3322
f 6222/1076/3324 6223/1074/3325 6238/1098/3340
f 6225/1077/3327 6215/1075/3317 6230/1099/3332
f 6221/1078/3323 6222/1076/3324 6237/1083/3339
f 6226/1079/3434 6225/1077/3327 6240/1084/3342
f 6220/1080/3322 6221/1078/3323 6236/1085/3338
f 6227/1081/3396 6226/1079/3434 6241/1086/3343
f 6219/1082/3321 6220/1080/3322 6235/1087/3337
f 6228/1066/3330 6227/1081/3396 6242/1088/3344
f 6218/1067/3320 6219/1082/3321 6234/1089/3336
f 6229/1068/3331 6228/1066/3330 6243/1090/3345
f 6217/1069/3319 6218/1067/3320 6233/1091/3335
f 6216/1073/3318 6217/1069/3319 6232/1093/3334
f 6223/1074/3325 6224/1071/3326 6239/1095/3398
f 6215/1075/3317 6216/1073/3318 6231/1097/3333
f 6233/1091/3335 6234/1089/3336 6249/1115/3351
f 6244/1092/3346 6243/1090/3345 6258/1116/3420
f 6232/1093/3334 6233/1091/3335 6248/1100/3350
f 6231/1097/3333 6232/1093/3334 6247/1102/3349
f 6238/1098/3340 6239/1095/3398 6254/1104/3356
f 6230/1099/3332 6231/1097/3333 6246/1106/3348
f 6237/1083/3339 6238/1098/3340 6253/1107/3355
f 6240/1084/3342 6230/1099/3332 6245/1108/3347
f 6236/1085/3338 6237/1083/3339 6252/1109/3354
f 6241/1086/3343 6240/1084/3342 6255/1110/3357
f 6235/1087/3337 6236/1085/3338 6251/1111/3399
f 6242/1088/3344 6241/1086/3343 6256/1112/3358
f 6234/1089/3336 6235/1087/3337 6250/1113/3352
f 6243/1090/3345 6242/1088/3344 6257/1114/3359
f 6255/1110/3357 6245/1108/3347 6260/580/3362
f 6251/1111/3399 6252/1109/3354 6263/583/3365
f 6256/1112/3358 6255/1110/3357 5841/573/2943
f 6250/1113/3352 6251/1111/3399 6262/575/3364
f 6257/1114/3359 6256/1112/3358 6264/571/3366
f 6249/1115/3351 6250/1113/3352 5845/577/2947
f 6258/1116/3420 6257/1114/3359 5840/563/2942
f 6248/1100/3350 6249/1115/3351 5844/585/2946
f 6259/1101/3361 6258/1116/3420 6265/565/3367
f 6247/1102/3349 6248/1100/3350 5843/578/2945
f 6246/1106/3348 6247/1102/3349 6261/566/3363
f 6253/1107/3355 6254/1104/3356 5847/560/3454
f 6245/1108/3347 6246/1106/3348 5842/568/2944
f 6252/1109/3354 6253/1107/3355 5846/562/2948
