# Blender 4.5.3 LTS
# www.blender.org
o Cone.002
v 0.000000 -3.207139 -1.896016
v 0.625682 -3.145514 -1.896016
v 1.227319 -2.963010 -1.896016
v 1.781790 -2.666638 -1.896016
v 2.267789 -2.267790 -1.896016
v 2.666638 -1.781791 -1.896016
v 2.963009 -1.227319 -1.896016
v 3.145514 -0.625682 -1.896015
v 3.207138 -0.000000 -1.896015
v 3.145514 0.625681 -1.896015
v 2.963009 1.227318 -1.896015
v 2.666638 1.781790 -1.896015
v 2.267789 2.267789 -1.896015
v 1.781790 2.666638 -1.896015
v 1.227319 2.963009 -1.896015
v 0.625682 3.145514 -1.896015
v 0.000000 3.207138 -1.896015
v -0.625682 3.145514 -1.896015
v -1.227319 2.963009 -1.896015
v -1.781790 2.666638 -1.896015
v -2.267789 2.267789 -1.896015
v -2.666638 1.781790 -1.896015
v -2.963009 1.227318 -1.896015
v -3.145514 0.625681 -1.896015
v -3.207138 -0.000000 -1.896015
v -3.145514 -0.625682 -1.896015
v -2.963009 -1.227319 -1.896016
v -2.666638 -1.781791 -1.896016
v -2.267789 -2.267790 -1.896016
v -1.781790 -2.666638 -1.896016
v -1.227319 -2.963010 -1.896016
v -0.625682 -3.145514 -1.896016
v 0.000000 -0.000000 -4.064716
vn -0.0000 -0.5602 -0.8284
vn -0.0000 -0.0000 -1.0000
vn 0.1093 -0.5494 -0.8284
vn 0.2144 -0.5175 -0.8284
vn 0.3112 -0.4658 -0.8284
vn 0.3961 -0.3961 -0.8284
vn 0.4658 -0.3112 -0.8284
vn 0.5175 -0.2144 -0.8284
vn 0.5494 -0.1093 -0.8284
vn 0.5602 -0.0000 -0.8284
vn 0.5494 0.1093 -0.8284
vn 0.5175 0.2144 -0.8284
vn 0.4658 0.3112 -0.8284
vn 0.3961 0.3961 -0.8284
vn 0.3112 0.4658 -0.8284
vn 0.2144 0.5175 -0.8284
vn 0.1093 0.5494 -0.8284
vn -0.0000 0.5602 -0.8284
vn -0.1093 0.5494 -0.8284
vn -0.2144 0.5175 -0.8284
vn -0.3112 0.4658 -0.8284
vn -0.3961 0.3961 -0.8284
vn -0.4658 0.3112 -0.8284
vn -0.5175 0.2144 -0.8284
vn -0.5494 0.1093 -0.8284
vn -0.5602 -0.0000 -0.8284
vn -0.5494 -0.1093 -0.8284
vn -0.5175 -0.2144 -0.8284
vn -0.4658 -0.3112 -0.8284
vn -0.3961 -0.3961 -0.8284
vn -0.3112 -0.4658 -0.8284
vn -0.2144 -0.5175 -0.8284
vn -0.0000 -0.0000 1.0000
vn -0.1093 -0.5494 -0.8284
vt 0.656284 0.242265
vt 0.656284 0.132403
vt 0.677717 0.240154
vt 0.698326 0.233902
vt 0.717320 0.223750
vt 0.733968 0.210087
vt 0.747630 0.193439
vt 0.757783 0.174445
vt 0.764034 0.153836
vt 0.766145 0.132403
vt 0.764034 0.110970
vt 0.757783 0.090361
vt 0.747630 0.071368
vt 0.733968 0.054720
vt 0.717320 0.041057
vt 0.698326 0.030905
vt 0.677717 0.024653
vt 0.656284 0.022542
vt 0.634851 0.024653
vt 0.614242 0.030905
vt 0.595248 0.041057
vt 0.578600 0.054720
vt 0.564938 0.071368
vt 0.554785 0.090361
vt 0.548534 0.110970
vt 0.546423 0.132403
vt 0.548534 0.153836
vt 0.554785 0.174445
vt 0.564938 0.193439
vt 0.578600 0.210087
vt 0.595248 0.223750
vt 0.614242 0.233902
vt 0.819534 0.052889
vt 0.699200 0.133294
vt 0.779605 0.253628
vt 0.634851 0.240154
vt 0.799569 0.255594
vt 0.819534 0.253628
vt 0.838732 0.247804
vt 0.856424 0.238348
vt 0.871932 0.225621
vt 0.884659 0.210113
vt 0.894115 0.192421
vt 0.899939 0.173223
vt 0.901905 0.153258
vt 0.899939 0.133294
vt 0.894115 0.114096
vt 0.884659 0.096404
vt 0.871932 0.080896
vt 0.856424 0.068169
vt 0.838732 0.058712
vt 0.799569 0.050922
vt 0.779605 0.052889
vt 0.760407 0.058712
vt 0.742715 0.068169
vt 0.727207 0.080896
vt 0.714480 0.096404
vt 0.705023 0.114096
vt 0.697233 0.153258
vt 0.699200 0.173223
vt 0.705023 0.192421
vt 0.714480 0.210113
vt 0.727207 0.225621
vt 0.742715 0.238348
vt 0.760407 0.247804
s 1
f 1/1/1 33/2/2 2/3/3
f 2/3/3 33/2/2 3/4/4
f 3/4/4 33/2/2 4/5/5
f 4/5/5 33/2/2 5/6/6
f 5/6/6 33/2/2 6/7/7
f 6/7/7 33/2/2 7/8/8
f 7/8/8 33/2/2 8/9/9
f 8/9/9 33/2/2 9/10/10
f 9/10/10 33/2/2 10/11/11
f 10/11/11 33/2/2 11/12/12
f 11/12/12 33/2/2 12/13/13
f 12/13/13 33/2/2 13/14/14
f 13/14/14 33/2/2 14/15/15
f 14/15/15 33/2/2 15/16/16
f 15/16/16 33/2/2 16/17/17
f 16/17/17 33/2/2 17/18/18
f 17/18/18 33/2/2 18/19/19
f 18/19/19 33/2/2 19/20/20
f 19/20/20 33/2/2 20/21/21
f 20/21/21 33/2/2 21/22/22
f 21/22/22 33/2/2 22/23/23
f 22/23/23 33/2/2 23/24/24
f 23/24/24 33/2/2 24/25/25
f 24/25/25 33/2/2 25/26/26
f 25/26/26 33/2/2 26/27/27
f 26/27/27 33/2/2 27/28/28
f 27/28/28 33/2/2 28/29/29
f 28/29/29 33/2/2 29/30/30
f 29/30/30 33/2/2 30/31/31
f 30/31/31 33/2/2 31/32/32
f 16/33/33 24/34/33 32/35/33
f 31/32/32 33/2/2 32/36/34
f 32/36/34 33/2/2 1/1/1
f 32/35/33 1/37/33 2/38/33
f 2/38/33 3/39/33 4/40/33
f 4/40/33 5/41/33 6/42/33
f 6/42/33 7/43/33 8/44/33
f 8/44/33 9/45/33 10/46/33
f 10/46/33 11/47/33 12/48/33
f 12/48/33 13/49/33 14/50/33
f 14/50/33 15/51/33 16/33/33
f 16/33/33 17/52/33 18/53/33
f 18/53/33 19/54/33 20/55/33
f 20/55/33 21/56/33 22/57/33
f 22/57/33 23/58/33 24/34/33
f 24/34/33 25/59/33 26/60/33
f 26/60/33 27/61/33 28/62/33
f 28/62/33 29/63/33 30/64/33
f 30/64/33 31/65/33 32/35/33
f 32/35/33 2/38/33 4/40/33
f 4/40/33 6/42/33 8/44/33
f 8/44/33 10/46/33 12/48/33
f 12/48/33 14/50/33 16/33/33
f 16/33/33 18/53/33 20/55/33
f 20/55/33 22/57/33 24/34/33
f 24/34/33 26/60/33 28/62/33
f 28/62/33 30/64/33 32/35/33
f 32/35/33 4/40/33 8/44/33
f 8/44/33 12/48/33 16/33/33
f 16/33/33 20/55/33 24/34/33
f 24/34/33 28/62/33 32/35/33
f 32/35/33 8/44/33 16/33/33
o Cube.001
v 0.957418 0.957418 0.769826
v 0.274641 0.634884 -0.564837
v 0.957418 -0.957418 0.769826
v -0.957418 0.957418 0.769826
v -0.274641 0.634884 -0.564837
v -0.957418 -0.957418 0.769826
v -0.621135 -0.000000 -0.384913
v 0.000000 0.709786 -0.464967
v 0.769826 0.769826 -0.000000
v -0.769826 -0.769826 0.000000
v 0.769826 -0.769826 0.000000
v -0.769826 0.769826 -0.000000
v 0.000000 -0.957418 0.769826
v 0.957418 0.000000 0.769826
v 0.000000 -0.769826 -0.769826
v -0.957418 0.000000 0.769826
v 0.000000 0.957418 0.769826
v 0.621135 -0.000000 -0.384913
v 0.000000 0.769826 -0.000000
v 0.769826 0.000000 0.000000
v 0.000000 -0.000000 -0.769826
v -0.769826 0.000000 0.000000
v 0.000000 -0.769826 0.000000
v -0.577370 -0.577370 -0.577370
v 0.000000 0.710975 1.211368
v 0.000000 -0.710975 1.211368
v -0.769826 -0.769826 0.384913
v 0.538878 -0.615861 -0.615861
v -0.355487 0.710975 1.211368
v -0.478709 -0.957418 0.769826
v 0.957418 -0.478709 0.769826
v -0.957418 0.478709 0.769826
v 0.478709 0.957418 0.769826
v 0.355487 -0.710975 1.211368
v -0.710975 0.000000 1.211368
v 0.710975 0.710975 1.211368
v 0.769826 0.769826 0.384913
v 0.769826 -0.769826 0.384913
v -0.769826 0.769826 0.384913
v 0.478709 -0.957418 0.769826
v 0.957418 0.478709 0.769826
v -0.957418 -0.478709 0.769826
v -0.478709 0.957418 0.769826
v 0.384913 0.769826 -0.000000
v -0.384913 0.769826 -0.000000
v -0.355487 -0.710975 1.211368
v 0.000000 0.769826 0.384913
v 0.769826 -0.384913 0.000000
v 0.769826 0.384913 -0.000000
v -0.710975 -0.710975 1.211368
v 0.769826 0.000000 0.384913
v 0.000000 -0.384913 -0.769826
v 0.000000 0.384913 -0.769826
v -0.257747 -0.000000 -0.769826
v 0.257747 -0.000000 -0.769826
v -0.769826 0.384913 -0.000000
v -0.769826 -0.384913 0.000000
v 0.710975 -0.355487 1.211368
v -0.769826 0.000000 0.384913
v -0.384913 -0.769826 0.000000
v 0.384913 -0.769826 0.000000
v 0.000000 -0.769826 -0.384913
v 0.000000 -0.769826 0.384913
v 0.384913 -0.769826 0.384913
v -0.769826 -0.384913 0.384913
v -0.710975 -0.355487 1.211368
v 0.355487 0.710975 1.211368
v 0.710975 0.000000 1.211368
v 0.769826 0.384913 0.384913
v -0.710975 0.710975 1.211368
v 0.710975 -0.710975 1.211368
v -0.384913 0.769826 0.384913
v 0.710975 0.355487 1.211368
v -0.710975 0.355487 1.211368
v 0.384913 0.769826 0.384913
v 0.769826 -0.384913 0.384913
v -0.769826 0.384913 0.384913
v -0.384913 -0.769826 0.384913
v 0.249304 0.249304 1.513548
v 0.124652 0.000000 1.513548
v -0.124652 0.000000 1.513548
v 0.124652 0.249304 1.513548
v 0.000000 -0.124652 1.513548
v 0.249304 0.124652 1.513548
v 0.124652 0.124652 1.513548
v -0.124652 -0.124652 1.513548
v -0.249304 -0.124652 1.513548
v -0.487396 -0.243698 1.397001
v 0.487396 0.243698 1.397001
v 0.243698 0.487396 1.397001
v 0.487396 0.487396 1.397001
v -0.487396 0.000000 1.397001
v -0.243698 -0.487396 1.397001
v -0.487396 0.243698 1.397001
v 0.487396 -0.243698 1.397001
v -0.243698 0.487396 1.397001
v -0.487396 0.487396 1.397001
v 0.487396 0.000000 1.397001
v 0.000000 -0.487396 1.397001
v 0.243698 -0.487396 1.397001
v 0.000000 0.487396 1.397001
v 0.487396 -0.487396 1.397001
v -0.487396 -0.487396 1.397001
v -0.249304 0.000000 1.513548
v 0.000000 0.124652 1.513548
v 0.000000 0.000000 1.513548
v -0.124652 -0.249304 1.513548
v -0.249304 0.124652 1.513548
v -0.124652 0.124652 1.513548
v 0.124652 -0.124652 1.513548
v 0.249304 -0.124652 1.513548
v -0.124652 0.249304 1.513548
v -0.249304 0.249304 1.513548
v 0.249304 0.000000 1.513548
v 0.000000 -0.249304 1.513548
v 0.124652 -0.249304 1.513548
v 0.000000 0.249304 1.513548
v 0.249304 -0.249304 1.513548
v -0.249304 -0.249304 1.513548
vn -0.0000 -0.9996 0.0278
vn 0.4959 -0.4959 0.7129
vn -0.0000 -0.7690 0.6392
vn -0.6639 -0.6639 -0.3441
vn -0.0000 -0.9744 -0.2248
vn -0.9996 -0.0000 0.0278
vn -0.6639 0.6639 -0.3441
vn -0.9744 -0.0000 -0.2248
vn 0.9996 -0.0000 0.0278
vn 0.6639 -0.6639 -0.3441
vn 0.9744 -0.0000 -0.2248
vn -0.0000 0.9996 0.0278
vn 0.6639 0.6639 -0.3441
vn -0.0000 0.9744 -0.2248
vn 0.3843 0.6427 -0.6628
vn 0.0134 0.9944 -0.1047
vn 0.7016 0.6463 -0.2999
vn -0.0134 0.9944 -0.1047
vn -0.0000 0.9053 -0.4247
vn -0.3843 0.6427 -0.6628
vn 0.6103 -0.4779 -0.6317
vn 0.9836 0.0014 -0.1801
vn 0.7028 -0.6853 -0.1908
vn 0.9549 0.0496 -0.2928
vn 0.8409 0.1225 -0.5271
vn -0.6479 -0.4420 -0.6204
vn -0.0192 -0.0699 -0.9974
vn -0.0242 -0.7069 -0.7069
vn -0.0000 0.3424 -0.9396
vn -0.3948 0.0756 -0.9156
vn 0.3947 0.0837 -0.9150
vn -0.9549 0.0496 -0.2928
vn -0.7017 0.6463 -0.2999
vn -0.9857 0.0064 -0.1682
vn -0.8406 0.1322 -0.5252
vn -0.0427 -0.9934 -0.1069
vn -0.6928 -0.6928 -0.2000
vn 0.0322 -0.9960 -0.0839
vn -0.0180 -0.9966 -0.0810
vn -0.4959 0.4959 0.7129
vn -0.7069 0.7069 0.0261
vn -0.7690 -0.0000 0.6392
vn 0.7069 -0.7069 0.0261
vn 0.7690 -0.0000 0.6392
vn -0.4959 -0.4959 0.7129
vn -0.7069 -0.7069 0.0261
vn -0.0000 0.7690 0.6392
vn 0.4959 0.4959 0.7129
vn -0.0000 -1.0000 -0.0000
vn -0.9831 -0.0000 -0.1833
vn 0.5431 -0.0000 0.8397
vn 0.3230 0.3230 0.8896
vn -0.5431 -0.0000 0.8397
vn -0.0000 -0.0000 -1.0000
vn -0.3230 -0.3230 0.8896
vn 0.9831 -0.0000 -0.1833
vn -0.0000 -0.5431 0.8397
vn -0.0000 0.5431 0.8397
vn -0.0000 0.9979 -0.0642
vn -0.3230 0.3230 0.8896
vn 0.3230 -0.3230 0.8896
vn 0.7069 0.7069 0.0261
vn -0.0000 0.2256 0.9742
vn -0.0000 -0.2256 0.9742
vn 0.1721 -0.1721 0.9699
vn -0.1721 -0.1721 0.9699
vn 0.2256 -0.0000 0.9742
vn 0.1721 0.1721 0.9699
vn -0.1721 0.1721 0.9699
vn -0.2256 -0.0000 0.9742
vn -0.0000 -0.0000 1.0000
vt 0.815858 0.837181
vt 0.815858 0.819738
vt 0.815858 0.872065
vt 0.798415 0.889508
vt 0.798415 0.872065
vt 0.815858 0.662758
vt 0.798415 0.680200
vt 0.798415 0.662758
vt 0.815858 0.802296
vt 0.798415 0.819738
vt 0.798415 0.802296
vt 0.815858 0.732527
vt 0.798415 0.749969
vt 0.798415 0.732527
vt 0.763531 0.732527
vt 0.780973 0.732527
vt 0.780973 0.749969
vt 0.780973 0.697642
vt 0.763531 0.715085
vt 0.763531 0.697642
vt 0.798415 0.697642
vt 0.815858 0.715085
vt 0.798415 0.715085
vt 0.763531 0.802296
vt 0.780973 0.802296
vt 0.780973 0.819738
vt 0.780973 0.767411
vt 0.763531 0.784854
vt 0.763531 0.767411
vt 0.798415 0.767411
vt 0.815858 0.784854
vt 0.798415 0.784854
vt 0.693762 0.802296
vt 0.711204 0.802296
vt 0.711204 0.819738
vt 0.711204 0.767411
vt 0.693762 0.784854
vt 0.693762 0.767411
vt 0.746089 0.767411
vt 0.746089 0.784854
vt 0.728646 0.784854
vt 0.763531 0.662758
vt 0.780973 0.662758
vt 0.780973 0.680200
vt 0.780973 0.627873
vt 0.763531 0.645315
vt 0.763531 0.627873
vt 0.798415 0.627873
vt 0.815858 0.645315
vt 0.798415 0.645315
vt 0.763531 0.872065
vt 0.780973 0.872065
vt 0.780973 0.889508
vt 0.780973 0.837181
vt 0.763531 0.854623
vt 0.763531 0.837181
vt 0.798415 0.837181
vt 0.815858 0.854623
vt 0.798415 0.854623
vt 0.815858 0.680200
vt 0.815858 0.889508
vt 0.815858 0.697642
vt 0.815858 0.627873
vt 0.815858 0.610431
vt 0.815858 0.767411
vt 0.815858 0.749969
vt 0.780973 0.854623
vt 0.746089 0.854623
vt 0.763531 0.819738
vt 0.746089 0.872065
vt 0.780973 0.645315
vt 0.798415 0.610431
vt 0.780973 0.610431
vt 0.763531 0.610431
vt 0.711204 0.784854
vt 0.711204 0.749969
vt 0.728646 0.767411
vt 0.676319 0.784854
vt 0.693762 0.749969
vt 0.676319 0.802296
vt 0.780973 0.784854
vt 0.763531 0.749969
vt 0.780973 0.715085
vt 0.763531 0.680200
vt 0.728646 0.819738
vt 0.728646 0.802296
vt 0.868185 0.749969
vt 0.850742 0.767411
vt 0.850742 0.749969
vt 0.868185 0.784854
vt 0.850742 0.802296
vt 0.850742 0.784854
vt 0.868185 0.767411
vt 0.833300 0.784854
vt 0.868185 0.802296
vt 0.850742 0.819738
vt 0.885627 0.767411
vt 0.833300 0.802296
vt 0.833300 0.767411
vt 0.833300 0.819738
vt 0.833300 0.749969
vt 0.885627 0.802296
vt 0.868185 0.819738
vt 0.885627 0.749969
vt 0.885627 0.784854
vt 0.885627 0.819738
s 1
f 73/66/35 104/67/36 67/66/37
f 63/68/35 60/69/38 111/70/39
f 65/71/40 72/72/41 110/73/42
f 64/74/43 71/75/44 109/76/45
f 66/77/46 70/78/47 108/79/48
f 35/80/49 77/81/50 42/82/51
f 78/83/52 41/84/53 38/85/54
f 105/86/48 50/87/46 80/88/48
f 61/89/55 81/90/56 44/91/57
f 82/92/58 51/93/59 35/94/49
f 102/95/45 47/96/43 84/97/45
f 57/98/60 85/99/61 48/100/62
f 86/101/63 87/102/64 38/103/54
f 35/104/49 51/105/59 88/106/65
f 38/107/54 89/108/66 45/109/67
f 90/110/68 40/111/69 57/112/60
f 98/113/42 49/114/40 92/115/42
f 57/116/60 93/117/70 43/118/71
f 94/119/72 95/120/73 61/121/55
f 97/122/39 46/123/35 96/124/39
f 65/71/40 103/125/74 37/125/75
f 49/114/40 107/71/76 65/71/40
f 64/74/43 104/67/36 36/67/77
f 47/96/43 91/74/78 64/74/43
f 63/68/35 83/126/79 39/126/80
f 46/123/35 79/68/37 63/68/35
f 50/87/46 62/127/81 58/87/81
f 76/127/46 103/125/74 62/127/81
f 49/114/40 99/128/76 68/114/76
f 75/128/40 83/129/79 99/128/76
f 47/96/43 106/130/78 101/96/78
f 74/130/43 69/131/82 106/130/78
f 97/122/39 56/132/83 94/119/72
f 71/75/44 94/119/72 44/91/57
f 71/75/44 73/66/35 97/122/39
f 61/121/55 95/120/73 48/133/62
f 61/134/55 44/91/57 94/119/72
f 48/133/62 95/120/73 57/135/60
f 95/120/73 93/117/70 57/116/60
f 98/113/42 55/136/84 90/110/68
f 60/137/38 90/110/68 43/138/71
f 60/137/38 75/128/40 98/113/42
f 101/96/78 128/74/85 91/74/78
f 57/139/60 43/138/71 90/110/68
f 106/130/78 124/131/86 122/130/85
f 68/114/76 127/71/87 107/71/76
f 40/111/69 89/108/66 38/107/54
f 86/101/63 88/106/65 54/140/88
f 41/141/53 35/142/49 86/101/63
f 100/77/81 124/131/86 69/131/82
f 38/103/54 87/102/64 40/143/69
f 99/128/76 136/129/89 121/128/87
f 38/144/54 41/141/53 86/101/63
f 40/143/69 87/102/64 57/145/60
f 87/102/64 85/99/61 57/98/60
f 102/95/45 53/146/90 82/92/58
f 70/78/47 82/92/58 42/82/51
f 70/78/47 74/130/43 102/95/45
f 101/96/78 122/130/85 131/96/85
f 59/123/37 133/66/91 132/123/91
f 35/147/49 42/82/51 82/92/58
f 58/87/81 123/77/92 100/77/81
f 51/93/59 81/90/56 61/89/55
f 105/86/48 52/148/93 78/83/52
f 72/72/41 78/83/52 45/109/67
f 72/72/41 76/127/46 105/86/48
f 59/123/37 126/68/91 79/68/37
f 62/127/81 130/125/94 129/127/92
f 38/149/54 45/109/67 78/83/52
f 67/66/37 135/67/95 133/66/91
f 91/74/78 135/67/95 104/67/36
f 41/84/53 77/81/50 35/80/49
f 108/79/48 42/82/51 77/81/50
f 80/88/48 77/81/50 52/148/93
f 50/87/46 108/79/48 80/88/48
f 109/76/45 44/91/57 81/90/56
f 84/97/45 81/90/56 53/146/90
f 47/96/43 109/76/45 84/97/45
f 85/99/61 61/150/55 48/100/62
f 88/106/65 85/99/61 54/140/88
f 88/106/65 51/105/59 61/151/55
f 110/73/42 45/109/67 89/108/66
f 92/115/42 89/108/66 55/136/84
f 49/114/40 110/73/42 92/115/42
f 111/70/39 43/118/71 93/117/70
f 96/124/39 93/117/70 56/132/83
f 46/123/35 111/70/39 96/124/39
f 66/77/46 69/131/82 34/131/96
f 50/87/46 100/77/81 66/77/46
f 46/123/35 67/66/37 59/123/37
f 68/114/76 121/128/87 125/114/87
f 107/71/76 130/125/94 103/125/74
f 58/87/81 129/127/92 134/87/92
f 79/68/37 136/126/89 83/126/79
f 134/87/92 115/77/97 123/77/92
f 132/123/91 149/66/98 148/123/98
f 133/66/91 151/67/99 149/66/98
f 128/74/85 151/67/99 135/67/95
f 126/68/91 152/126/100 136/126/89
f 131/96/85 117/130/101 147/96/101
f 132/123/91 140/68/98 126/68/91
f 122/130/85 112/131/102 117/130/101
f 127/71/87 146/125/103 130/125/94
f 134/87/92 145/127/97 150/87/97
f 125/114/87 120/128/104 137/114/104
f 121/128/87 152/129/100 120/128/104
f 131/96/85 144/74/101 128/74/85
f 123/77/92 112/131/102 124/131/86
f 129/127/92 146/125/103 145/127/97
f 125/114/87 141/71/104 127/71/87
f 145/152/97 138/153/105 150/154/97
f 114/155/105 116/156/105 139/157/105
f 142/158/105 139/157/105 138/153/105
f 113/159/105 144/74/101 147/96/101
f 119/160/105 148/161/98 116/156/105
f 141/162/104 114/155/105 142/158/105
f 143/163/105 151/67/99 144/74/101
f 138/153/105 113/159/105 118/164/105
f 116/156/105 149/165/98 143/163/105
f 139/157/105 143/163/105 113/159/105
f 150/154/97 118/164/105 115/166/97
f 120/167/104 140/168/98 119/160/105
f 115/166/97 117/130/101 112/131/102
f 118/164/105 147/96/101 117/130/101
f 146/169/103 142/158/105 145/152/97
f 137/170/104 119/160/105 114/155/105
f 73/66/35 36/67/77 104/67/36
f 63/68/35 39/126/80 60/69/38
f 65/71/40 37/125/75 72/72/41
f 64/74/43 36/67/77 71/75/44
f 66/77/46 34/131/96 70/78/47
f 78/83/52 52/148/93 41/84/53
f 105/86/48 76/127/46 50/87/46
f 82/92/58 53/146/90 51/93/59
f 102/95/45 74/130/43 47/96/43
f 86/101/63 54/140/88 87/102/64
f 90/110/68 55/136/84 40/111/69
f 98/113/42 75/128/40 49/114/40
f 94/119/72 56/132/83 95/120/73
f 97/122/39 73/66/35 46/123/35
f 65/71/40 107/71/76 103/125/74
f 49/114/40 68/114/76 107/71/76
f 64/74/43 91/74/78 104/67/36
f 47/96/43 101/96/78 91/74/78
f 63/68/35 79/68/37 83/126/79
f 46/123/35 59/123/37 79/68/37
f 50/87/46 76/127/46 62/127/81
f 76/127/46 37/125/75 103/125/74
f 49/114/40 75/128/40 99/128/76
f 75/128/40 39/129/80 83/129/79
f 47/96/43 74/130/43 106/130/78
f 74/130/43 34/131/96 69/131/82
f 97/122/39 96/124/39 56/132/83
f 71/75/44 97/122/39 94/119/72
f 71/75/44 36/67/77 73/66/35
f 95/120/73 56/132/83 93/117/70
f 98/113/42 92/115/42 55/136/84
f 60/137/38 98/113/42 90/110/68
f 60/137/38 39/129/80 75/128/40
f 101/96/78 131/96/85 128/74/85
f 106/130/78 69/131/82 124/131/86
f 68/114/76 125/114/87 127/71/87
f 40/111/69 55/136/84 89/108/66
f 86/101/63 35/142/49 88/106/65
f 100/77/81 123/77/92 124/131/86
f 99/128/76 83/129/79 136/129/89
f 87/102/64 54/140/88 85/99/61
f 102/95/45 84/97/45 53/146/90
f 70/78/47 102/95/45 82/92/58
f 70/78/47 34/131/96 74/130/43
f 101/96/78 106/130/78 122/130/85
f 59/123/37 67/66/37 133/66/91
f 58/87/81 134/87/92 123/77/92
f 51/93/59 53/146/90 81/90/56
f 105/86/48 80/88/48 52/148/93
f 72/72/41 105/86/48 78/83/52
f 72/72/41 37/125/75 76/127/46
f 59/123/37 132/123/91 126/68/91
f 62/127/81 103/125/74 130/125/94
f 67/66/37 104/67/36 135/67/95
f 91/74/78 128/74/85 135/67/95
f 41/84/53 52/148/93 77/81/50
f 108/79/48 70/78/47 42/82/51
f 80/88/48 108/79/48 77/81/50
f 50/87/46 66/77/46 108/79/48
f 109/76/45 71/75/44 44/91/57
f 84/97/45 109/76/45 81/90/56
f 47/96/43 64/74/43 109/76/45
f 88/106/65 61/151/55 85/99/61
f 110/73/42 72/72/41 45/109/67
f 92/115/42 110/73/42 89/108/66
f 49/114/40 65/71/40 110/73/42
f 111/70/39 60/69/38 43/118/71
f 96/124/39 111/70/39 93/117/70
f 46/123/35 63/68/35 111/70/39
f 66/77/46 100/77/81 69/131/82
f 50/87/46 58/87/81 100/77/81
f 46/123/35 73/66/35 67/66/37
f 68/114/76 99/128/76 121/128/87
f 107/71/76 127/71/87 130/125/94
f 58/87/81 62/127/81 129/127/92
f 79/68/37 126/68/91 136/126/89
f 134/87/92 150/87/97 115/77/97
f 132/123/91 133/66/91 149/66/98
f 133/66/91 135/67/95 151/67/99
f 128/74/85 144/74/101 151/67/99
f 126/68/91 140/68/98 152/126/100
f 131/96/85 122/130/85 117/130/101
f 132/123/91 148/123/98 140/68/98
f 122/130/85 124/131/86 112/131/102
f 127/71/87 141/71/104 146/125/103
f 134/87/92 129/127/92 145/127/97
f 125/114/87 121/128/87 120/128/104
f 121/128/87 136/129/89 152/129/100
f 131/96/85 147/96/101 144/74/101
f 123/77/92 115/77/97 112/131/102
f 129/127/92 130/125/94 146/125/103
f 125/114/87 137/114/104 141/71/104
f 145/152/97 142/158/105 138/153/105
f 114/155/105 119/160/105 116/156/105
f 142/158/105 114/155/105 139/157/105
f 113/159/105 143/163/105 144/74/101
f 119/160/105 140/168/98 148/161/98
f 141/162/104 137/170/104 114/155/105
f 143/163/105 149/165/98 151/67/99
f 138/153/105 139/157/105 113/159/105
f 116/156/105 148/161/98 149/165/98
f 139/157/105 116/156/105 143/163/105
f 150/154/97 138/153/105 118/164/105
f 120/167/104 152/171/100 140/168/98
f 115/166/97 118/164/105 117/130/101
f 118/164/105 113/159/105 147/96/101
f 146/169/103 141/162/104 142/158/105
f 137/170/104 120/167/104 119/160/105
o Cube.004
v -0.611682 -0.611682 -2.563592
v -0.611682 0.611682 -2.563592
v 0.611682 -0.611682 -2.563592
v 0.611682 0.611682 -2.563592
v -0.363933 -0.363933 -1.144949
v -0.363933 0.363933 -1.144949
v 0.363933 0.363933 -1.144949
v 0.363933 -0.363933 -1.144949
v -0.611682 -0.000000 -2.563592
v 0.611682 -0.000000 -2.563592
v 0.611682 -0.000000 -1.951910
v -0.611682 -0.000000 -1.951910
v -0.611682 -0.305841 -2.563592
v -0.611682 0.611682 -2.257751
v 0.000000 0.611682 -2.563592
v 0.000000 0.611682 -1.340229
v 0.611682 0.611682 -2.257751
v 0.611682 0.305841 -2.563592
v 0.611682 -0.611682 -2.257751
v 0.000000 -0.611682 -2.563592
v 0.000000 -0.611682 -1.340229
v -0.611682 0.305841 -2.563592
v -0.611682 -0.611682 -2.257751
v 0.611682 -0.305841 -2.563592
v 0.000000 -0.000000 -2.563592
v 0.000000 -0.611682 -1.951910
v 0.611682 -0.305841 -1.951910
v 0.611682 0.305841 -1.951910
v 0.611682 -0.000000 -2.257751
v 0.000000 0.611682 -1.951910
v -0.611682 0.305841 -1.951910
v -0.611682 -0.305841 -1.951910
v -0.611682 -0.000000 -2.257751
v -0.611682 -0.305841 -2.257751
v -0.611682 0.305841 -2.257751
v 0.000000 0.611682 -2.257751
v 0.611682 0.305841 -2.257751
v 0.611682 -0.305841 -2.257751
v 0.000000 -0.611682 -2.257751
v 0.000000 0.305841 -2.563592
v 0.000000 -0.305841 -2.563592
v 0.000000 -0.611682 -1.646070
v 0.000000 0.611682 -1.646070
v -1.371382 -0.000000 -1.340229
v 1.371382 0.234182 -1.340229
v 1.371382 -0.000000 -1.340229
v -1.371382 0.234182 -1.340229
v 1.371382 -0.000000 -1.675142
v -1.371382 -0.000000 -1.675142
v 1.371382 0.234182 -1.675142
v -1.371382 0.234182 -1.675142
v -1.575481 -0.305841 -1.340229
v -1.575481 0.038230 -1.371923
v 1.575481 0.267611 -1.374505
v 1.575481 0.038230 -1.374505
v -1.575481 0.267611 -1.371923
v 1.575481 -0.305841 -1.340229
v 1.575481 0.038230 -1.611794
v -1.575481 0.038230 -1.614375
v -1.575481 -0.305841 -1.646070
v 1.575481 0.267611 -1.611794
v 1.575481 -0.305841 -1.646070
v -1.575481 0.267611 -1.614375
v -1.371382 -1.899006 -1.646070
v -1.575481 -1.899006 -1.646070
v -1.371382 -1.899006 -1.340229
v 1.371382 -1.899006 -1.340229
v 1.371382 -1.899006 -1.646070
v -1.575481 -1.899006 -1.340229
v 1.575481 -1.899006 -1.340229
v 1.575481 -1.899006 -1.646070
v -1.371382 -2.139442 -1.646070
v -1.575481 -2.139442 -1.646070
v -1.371382 -2.139442 -1.340229
v 1.371382 -2.139442 -1.340229
v 1.371382 -2.139442 -1.646070
v -1.575481 -2.139442 -1.340229
v 1.575481 -2.139442 -1.340229
v 1.575481 -2.139442 -1.646070
v 1.371382 -1.899006 -1.039788
v 1.575481 -1.899006 -1.039788
v -1.575481 -1.899006 -1.039788
v -1.371382 -1.899006 -1.039788
v 1.371382 -2.139442 -1.039788
v 1.575481 -2.139442 -1.039788
v -1.575481 -2.139442 -1.039788
v -1.371382 -2.139442 -1.039788
v 1.320357 -1.838896 -0.973237
v 1.626506 -1.838896 -0.973237
v -1.626506 -1.838896 -0.973237
v -1.320357 -1.838896 -0.973237
v 1.320357 -2.199552 -0.973237
v 1.626506 -2.199552 -0.973237
v -1.626506 -2.199552 -0.973237
v -1.320357 -2.199552 -0.973237
v 1.320357 -1.838896 -0.723237
v 1.626506 -1.838896 -0.723237
v 1.320357 -2.199552 -0.723237
v 1.626506 -2.199552 -0.723237
v -1.626506 -1.838896 -0.723237
v -1.320357 -1.838896 -0.723237
v -1.626506 -2.199552 -0.723237
v -1.320357 -2.199552 -0.723237
v -1.755481 -2.139442 -1.340229
v -1.755481 -2.139442 -1.646070
v 1.755481 -2.139442 -1.340229
v 1.755481 -2.139442 -1.646070
v 1.755481 -2.051926 -1.340229
v 1.602561 -1.899006 -1.340229
v 1.722383 -2.018828 -1.340229
v 1.693056 -1.989501 -1.340229
v 1.664986 -1.961431 -1.340229
v 1.635658 -1.932103 -1.340229
v 1.602561 -1.899006 -1.646070
v 1.755481 -2.051926 -1.646070
v 1.635658 -1.932103 -1.646070
v 1.664986 -1.961431 -1.646070
v 1.693056 -1.989501 -1.646070
v 1.722383 -2.018828 -1.646070
v -1.602561 -1.899006 -1.340229
v -1.755481 -2.051926 -1.340229
v -1.635658 -1.932103 -1.340229
v -1.664986 -1.961431 -1.340229
v -1.693056 -1.989501 -1.340229
v -1.722383 -2.018828 -1.340229
v -1.755481 -2.051926 -1.646070
v -1.602561 -1.899006 -1.646070
v -1.722383 -2.018828 -1.646070
v -1.693056 -1.989501 -1.646070
v -1.664986 -1.961431 -1.646070
v -1.635658 -1.932103 -1.646070
v -1.455481 -2.259442 -1.340229
v -1.455481 -2.259442 -1.646070
v -1.635481 -2.259442 -1.340229
v -1.635481 -2.259442 -1.646070
v 1.455481 -2.259442 -1.340229
v 1.455481 -2.259442 -1.646070
v 1.635481 -2.259442 -1.340229
v 1.635481 -2.259442 -1.646070
v -0.611682 -0.342542 -1.340229
v -0.342542 -0.611682 -1.340229
v -0.376591 -0.376591 -1.154926
v -0.553429 -0.400794 -1.340229
v -0.501814 -0.452410 -1.340229
v -0.452410 -0.501814 -1.340229
v -0.400794 -0.553429 -1.340229
v 0.342542 -0.611682 -1.340229
v 0.611682 -0.342542 -1.340229
v 0.376591 -0.376591 -1.154926
v 0.400794 -0.553429 -1.340229
v 0.452410 -0.501814 -1.340229
v 0.501814 -0.452410 -1.340229
v 0.553429 -0.400794 -1.340229
v -0.342542 -0.611682 -1.951910
v -0.611682 -0.342542 -1.951910
v -0.611682 -0.611682 -2.257721
v -0.400794 -0.553429 -1.951910
v -0.452410 -0.501814 -1.951910
v -0.501814 -0.452410 -1.951910
v -0.553429 -0.400794 -1.951910
v 0.611682 -0.342542 -1.951910
v 0.342542 -0.611682 -1.951910
v 0.611682 -0.611682 -2.257721
v 0.553429 -0.400794 -1.951910
v 0.501814 -0.452410 -1.951910
v 0.452410 -0.501814 -1.951910
v 0.400794 -0.553429 -1.951910
v -0.611682 -0.342542 -1.646070
v -0.342542 -0.611682 -1.646070
v -0.553429 -0.400794 -1.646070
v -0.501814 -0.452410 -1.646070
v -0.452410 -0.501814 -1.646070
v -0.400794 -0.553429 -1.646070
v 0.611682 -0.342542 -1.646070
v 0.342542 -0.611682 -1.646070
v 0.553429 -0.400794 -1.646070
v 0.501814 -0.452410 -1.646070
v 0.452410 -0.501814 -1.646070
v 0.400794 -0.553429 -1.646070
v -0.342542 0.611682 -1.340229
v -0.611682 0.342542 -1.340229
v -0.376591 0.376591 -1.154926
v -0.400794 0.553429 -1.340229
v -0.452410 0.501814 -1.340229
v -0.501814 0.452410 -1.340229
v -0.553429 0.400794 -1.340229
v 0.611682 0.342542 -1.340229
v 0.342542 0.611682 -1.340229
v 0.376591 0.376591 -1.154926
v 0.553429 0.400794 -1.340229
v 0.501814 0.452410 -1.340229
v 0.452410 0.501814 -1.340229
v 0.400794 0.553429 -1.340229
v -0.611682 0.342542 -1.951910
v -0.342542 0.611682 -1.951910
v -0.611682 0.611682 -2.257721
v -0.553429 0.400794 -1.951910
v -0.501814 0.452410 -1.951910
v -0.452410 0.501814 -1.951910
v -0.400794 0.553429 -1.951910
v 0.342542 0.611682 -1.951910
v 0.611682 0.342542 -1.951910
v 0.611682 0.611682 -2.257721
v 0.400794 0.553429 -1.951910
v 0.452410 0.501814 -1.951910
v 0.501814 0.452410 -1.951910
v 0.553429 0.400794 -1.951910
v -0.611682 0.342542 -1.646070
v -0.342542 0.611682 -1.646070
v -0.553429 0.400794 -1.646070
v -0.501814 0.452410 -1.646070
v -0.452410 0.501814 -1.646070
v -0.400794 0.553429 -1.646070
v 0.342542 0.611682 -1.646070
v 0.611682 0.342542 -1.646070
v 0.400794 0.553429 -1.646070
v 0.452410 0.501814 -1.646070
v 0.501814 0.452410 -1.646070
v 0.553429 0.400794 -1.646070
v -1.371382 -1.899006 -1.967638
v -1.575481 -1.899006 -1.967638
v 1.575481 -1.899006 -1.967638
v 1.371382 -1.899006 -1.967638
v -1.371382 -2.139442 -1.967638
v -1.575481 -2.139442 -1.967638
v 1.575481 -2.139442 -1.967638
v 1.371382 -2.139442 -1.967638
v -1.371382 -1.899006 -2.241988
v -1.575481 -1.899006 -2.241988
v 1.575481 -1.899006 -2.241988
v 1.371382 -1.899006 -2.241988
v -1.371382 -2.139442 -2.241988
v -1.575481 -2.139442 -2.241988
v 1.575481 -2.139442 -2.241988
v 1.371382 -2.139442 -2.241988
v -1.371382 -0.507696 -1.340229
v -1.371382 -0.020375 -1.340229
v -1.575450 -0.305841 -1.340229
v -1.327693 -0.464007 -1.340229
v -1.288981 -0.425295 -1.340229
v -1.251928 -0.388242 -1.340229
v -1.213216 -0.349530 -1.340229
v -1.371382 -0.507696 -1.671458
v -1.575451 -0.305841 -1.646074
v -1.371382 -0.020375 -1.675142
v -1.213216 -0.349530 -1.674345
v -1.251928 -0.388242 -1.673638
v -1.288981 -0.425295 -1.672962
v -1.327693 -0.464007 -1.672256
v 1.371382 -0.507696 -1.340229
v 1.575450 -0.305841 -1.340229
v 1.371382 -0.020375 -1.340229
v 1.213216 -0.349530 -1.340229
v 1.251928 -0.388242 -1.340229
v 1.288981 -0.425295 -1.340229
v 1.327693 -0.464007 -1.340229
v 1.371382 -0.507696 -1.671458
v 1.371382 -0.020375 -1.675142
v 1.575451 -0.305841 -1.646074
v 1.327693 -0.464007 -1.672256
v 1.288981 -0.425295 -1.672962
v 1.251928 -0.388242 -1.673638
v 1.213216 -0.349530 -1.674345
v -1.213216 -0.349530 -1.340229
v -0.863686 -0.122060 -1.340229
v -1.371355 -0.020389 -1.340229
v -1.137564 -0.300297 -1.340229
v -1.070531 -0.256673 -1.340229
v -1.006371 -0.214918 -1.340229
v -0.939338 -0.171294 -1.340229
v -0.863686 -0.122060 -1.675142
v -1.213216 -0.349530 -1.674345
v -1.371355 -0.020389 -1.675142
v -0.939338 -0.171294 -1.674969
v -1.006371 -0.214918 -1.674817
v -1.070531 -0.256673 -1.674670
v -1.137564 -0.300297 -1.674517
v 0.863686 -0.122060 -1.340229
v 1.213216 -0.349530 -1.340229
v 1.371355 -0.020389 -1.340229
v 0.939338 -0.171294 -1.340229
v 1.006371 -0.214918 -1.340229
v 1.070531 -0.256673 -1.340229
v 1.137564 -0.300297 -1.340229
v 1.213216 -0.349530 -1.674345
v 0.863686 -0.122060 -1.675142
v 1.371355 -0.020389 -1.675142
v 1.137564 -0.300297 -1.674517
v 1.070531 -0.256673 -1.674670
v 1.006371 -0.214918 -1.674817
v 0.939338 -0.171294 -1.674969
v -0.515603 -0.000000 -1.264498
v -0.734018 -0.000000 -1.340229
v -0.562877 -0.000000 -1.280889
v -0.604764 -0.000000 -1.295413
v -0.644857 -0.000000 -1.309314
v -0.686745 -0.000000 -1.323838
v -0.734018 0.234182 -1.340229
v -0.515603 0.234182 -1.264498
v -0.611682 0.234182 -1.513238
v -0.686745 0.234182 -1.323838
v -0.644857 0.234182 -1.309314
v -0.604764 0.234182 -1.295413
v -0.562877 0.234182 -1.280889
v -0.515603 -0.122060 -1.264498
v -0.734018 -0.122060 -1.340229
v -0.611682 -0.122060 -1.513238
v -0.562877 -0.122060 -1.280889
v -0.604764 -0.122060 -1.295413
v -0.644857 -0.122060 -1.309314
v -0.686745 -0.122060 -1.323838
v 0.515603 -0.000000 -1.264498
v 0.734018 -0.000000 -1.340229
v 0.562877 -0.000000 -1.280889
v 0.604764 -0.000000 -1.295413
v 0.644857 -0.000000 -1.309314
v 0.686745 -0.000000 -1.323838
v 0.734018 -0.122060 -1.340229
v 0.515603 -0.122060 -1.264498
v 0.611682 -0.122060 -1.513238
v 0.686745 -0.122060 -1.323838
v 0.644857 -0.122060 -1.309314
v 0.604764 -0.122060 -1.295413
v 0.562877 -0.122060 -1.280889
v 0.515603 0.234182 -1.264498
v 0.734018 0.234182 -1.340229
v 0.611682 0.234182 -1.513238
v 0.562877 0.234182 -1.280889
v 0.604764 0.234182 -1.295413
v 0.644857 0.234182 -1.309314
v 0.686745 0.234182 -1.323838
v 0.642266 -0.000000 -1.675142
v 0.611682 -0.000000 -1.705726
v 0.635646 -0.000000 -1.681762
v 0.629781 -0.000000 -1.687627
v 0.624167 -0.000000 -1.693241
v 0.618301 -0.000000 -1.699107
v 0.642266 0.234182 -1.675142
v 0.611682 0.242101 -1.705726
v 0.611682 0.275957 -1.663934
v 0.611682 0.234182 -1.631890
v 0.635646 0.235896 -1.681762
v 0.629781 0.237415 -1.687627
v 0.624167 0.238868 -1.693241
v 0.618301 0.240387 -1.699107
v 0.611682 -0.142369 -1.705726
v 0.642266 -0.122060 -1.675142
v 0.611682 -0.122060 -1.631890
v 0.611682 -0.164942 -1.669488
v 0.618301 -0.137973 -1.699107
v 0.624167 -0.134079 -1.693241
v 0.629781 -0.130351 -1.687627
v 0.635646 -0.126456 -1.681762
v -0.642266 -0.000000 -1.675142
v -0.611682 -0.000000 -1.705726
v -0.635646 -0.000000 -1.681762
v -0.629781 -0.000000 -1.687627
v -0.624167 -0.000000 -1.693241
v -0.618301 -0.000000 -1.699107
v -0.642266 -0.122060 -1.675142
v -0.611682 -0.142369 -1.705726
v -0.611682 -0.164942 -1.669488
v -0.611682 -0.122060 -1.631890
v -0.635646 -0.126456 -1.681762
v -0.629781 -0.130351 -1.687627
v -0.624167 -0.134079 -1.693241
v -0.618301 -0.137973 -1.699107
v -0.611682 0.242101 -1.705726
v -0.642266 0.234182 -1.675142
v -0.611682 0.234182 -1.631890
v -0.611682 0.275957 -1.663934
v -0.618301 0.240387 -1.699107
v -0.624167 0.238868 -1.693241
v -0.629781 0.237415 -1.687627
v -0.635646 0.235896 -1.681762
vn -0.0000 -0.0000 -1.0000
vn -0.2541 0.2541 0.9332
vn 0.2541 -0.2541 0.9332
vn 0.2541 0.2541 0.9332
vn 1.0000 -0.0000 -0.0000
vn -1.0000 -0.0000 -0.0000
vn -0.0000 1.0000 -0.0000
vn -0.0000 -1.0000 -0.0000
vn 0.0770 0.9970 -0.0000
vn 0.1616 0.9869 -0.0000
vn 0.0871 -0.0000 0.9962
vn 0.1542 0.0402 0.9872
vn 0.1656 -0.0000 0.9862
vn 0.1570 -0.0000 -0.9876
vn 0.2859 0.0391 -0.9574
vn 0.1499 -0.0000 -0.9887
vn -0.1510 -0.0000 -0.9885
vn -0.2756 0.0363 -0.9606
vn -0.2854 -0.0000 -0.9584
vn -0.0807 -0.0000 0.9967
vn -0.1429 0.0373 0.9890
vn -0.0770 -0.0000 0.9970
vn -0.0766 0.9971 -0.0000
vn -0.1616 0.9869 -0.0000
vn -0.0726 0.9974 -0.0000
vn -0.0000 -0.9124 -0.4092
vn -0.0000 -0.9124 -0.4093
vn -0.0000 -0.0000 1.0000
vn -0.0000 0.9124 -0.4093
vn -0.0000 0.9578 -0.2875
vn -0.0000 -0.9578 -0.2875
vn 0.9275 -0.0000 -0.3737
vn -0.9275 -0.0000 -0.3737
vn -0.0000 0.9124 -0.4092
vn -0.9705 -0.0000 -0.2411
vn 0.9705 -0.0000 -0.2411
vn -0.9275 -0.0000 -0.3738
vn 0.9239 0.3827 -0.0000
vn 0.7071 0.7071 -0.0000
vn 0.3827 0.9239 -0.0000
vn 0.9239 -0.3827 -0.0000
vn -0.3827 0.9239 -0.0000
vn -0.7071 0.7071 -0.0000
vn -0.9239 0.3827 -0.0000
vn -0.9239 -0.3827 -0.0000
vn -0.3827 -0.9239 -0.0000
vn 0.3827 -0.9239 -0.0000
vn -0.8800 -0.2788 0.3846
vn -0.6696 -0.6696 0.3214
vn -0.4032 -0.4032 0.8215
vn -0.3291 -0.8639 0.3812
vn 0.3291 -0.8639 0.3811
vn 0.6696 -0.6696 0.3214
vn 0.4032 -0.4032 0.8215
vn 0.8800 -0.2788 0.3846
vn -0.2975 -0.9498 0.0968
vn -0.6799 -0.6799 0.2748
vn -0.7019 -0.7020 0.1200
vn -0.9498 -0.2975 0.0968
vn 0.9498 -0.2975 0.0968
vn 0.6799 -0.6799 0.2748
vn 0.7020 -0.7020 0.1200
vn 0.2975 -0.9498 0.0968
vn -0.7071 -0.7071 -0.0000
vn 0.7071 -0.7071 -0.0000
vn -0.0000 -0.8997 0.4364
vn -0.2541 -0.2541 0.9332
vn 0.0001 -1.0000 -0.0000
vn -0.3291 0.8639 0.3811
vn -0.6696 0.6696 0.3214
vn -0.4032 0.4032 0.8215
vn -0.9044 0.1824 0.3857
vn 0.9044 0.1824 0.3857
vn 0.6696 0.6696 0.3214
vn 0.4032 0.4032 0.8215
vn 0.3291 0.8639 0.3812
vn -0.9498 0.2975 0.0968
vn -0.6799 0.6799 0.2748
vn -0.7020 0.7020 0.1200
vn -0.2975 0.9498 0.0968
vn 0.2975 0.9498 0.0968
vn 0.6799 0.6799 0.2748
vn 0.7019 0.7020 0.1200
vn 0.9498 0.2975 0.0968
vn -0.0000 0.8997 0.4364
vn -0.0001 1.0000 -0.0000
vn 0.9223 -0.3865 -0.0000
vn -0.0567 0.0182 0.9982
vn -0.0254 0.0181 0.9995
vn -0.1308 -0.0058 -0.9914
vn -0.0115 -0.0015 -0.9999
vn -0.1245 0.0153 -0.9921
vn -0.1595 0.0165 -0.9871
vn -0.9223 -0.3865 -0.0000
vn 0.0612 0.0202 0.9979
vn 0.0274 0.0192 0.9994
vn -0.0000 -0.0005 1.0000
vn 0.1257 -0.0014 -0.9921
vn 0.1615 0.0175 -0.9867
vn 0.1216 -0.0068 -0.9926
vn 0.0115 -0.0015 -0.9999
vn -0.0005 -0.0027 -1.0000
vn -0.0018 -0.0035 -1.0000
vn -0.0000 0.0007 1.0000
vn 0.0005 -0.0027 -1.0000
vn 0.4703 0.8794 -0.0733
vn 0.0002 -0.0005 -1.0000
vn 0.2845 -0.9587 -0.0000
vn 0.5455 -0.8381 -0.0000
vn 0.2843 -0.9587 -0.0000
vn 0.5454 -0.8381 -0.0000
vn -0.2845 -0.9587 -0.0000
vn -0.5455 -0.8381 -0.0000
vn -0.5454 -0.8381 -0.0000
vn -0.0000 -0.6355 0.7721
vn -0.0000 -0.0111 0.9999
vn -0.0082 -0.6390 -0.7692
vn -0.0107 -0.0075 -0.9999
vn -0.0000 -0.4245 0.9054
vn 0.0107 -0.0076 -0.9999
vn -0.0302 -0.6334 -0.7732
vn 0.0226 -0.0209 -0.9995
vn -0.4800 -0.0000 0.8773
vn -0.3276 -0.0000 0.9448
vn -0.6240 0.0510 0.7798
vn -0.1661 -0.0000 0.9861
vn -0.6007 -0.0708 0.7963
vn 0.4800 -0.0000 0.8773
vn 0.3276 -0.0000 0.9448
vn 0.6007 -0.0708 0.7963
vn 0.1661 -0.0000 0.9861
vn 0.6240 0.0510 0.7798
vn 0.0831 -0.0000 0.9965
vn 0.5963 0.6847 -0.4191
vn 0.9806 0.1271 -0.1492
vn 0.7058 0.7083 0.0148
vn 0.7376 -0.5731 -0.3570
vn 0.4162 -0.9059 0.0780
vn 0.9852 -0.1698 0.0245
vn 0.3038 0.7899 -0.5326
vn 0.7071 -0.0000 -0.7071
vn 0.5963 0.6847 -0.4190
vn 0.7020 -0.0000 -0.7122
vn 0.7299 0.1108 -0.6745
vn 0.9239 -0.0000 -0.3827
vn 0.4291 -0.0000 -0.9033
vn 0.3827 -0.0000 -0.9239
vn 0.9714 -0.1181 -0.2059
vn 0.9923 -0.1047 0.0656
vn 0.9908 0.0834 0.1062
vn -0.3512 -0.9028 0.2482
vn -0.9887 -0.1111 -0.1003
vn -0.7044 -0.7088 0.0374
vn -0.7106 0.3155 -0.6289
vn -0.5360 0.6417 -0.5486
vn -0.9881 0.1520 0.0234
vn -0.4291 -0.0000 -0.9033
vn -0.7071 -0.0000 -0.7071
vn -0.9239 -0.0000 -0.3827
vn -0.3827 -0.0000 -0.9239
vn -0.6956 -0.0000 -0.7184
vn -0.7020 -0.0000 -0.7122
vn -0.9600 0.1130 -0.2560
vn -0.1442 -0.0000 -0.9896
vn -0.9908 0.0834 0.1062
vn -0.9923 -0.1047 0.0656
vn 0.0730 0.9973 -0.0000
vn 0.2964 -0.0000 -0.9551
vn -0.1534 -0.0000 0.9882
vn 0.9275 -0.0000 -0.3738
vn -0.0000 -0.3162 0.9487
vn -0.1130 -0.0138 -0.9935
vn 0.1131 0.0106 -0.9935
vn -0.0000 0.1961 0.9806
vn -0.0001 -0.0006 -1.0000
vn 0.3276 -0.7559 -0.5669
vn -0.0004 -0.7375 -0.6753
vn 0.0413 -0.0052 -0.9991
vn -0.3276 -0.7559 -0.5669
vn -0.5034 -0.6638 -0.5532
vn -0.2843 -0.9587 -0.0000
vn -0.0000 0.7071 -0.7071
vn -0.4230 0.6407 -0.6407
vn -0.7396 0.6730 -0.0000
vn 0.0713 0.0532 -0.9960
vn 0.0627 0.0093 -0.9980
vn 0.0078 -1.0000 -0.0000
vn -0.0078 -1.0000 -0.0000
vn 0.7376 -0.5732 -0.3570
vn 0.7068 -0.6970 0.1208
vn 0.4903 -0.0000 -0.8716
vn -0.1587 -0.9809 0.1122
vn -0.3512 -0.9028 0.2483
vn -0.6944 0.0983 -0.7128
vn -0.7078 0.6942 0.1305
vt 0.663806 0.864566
vt 0.615984 0.888476
vt 0.615984 0.864566
vt 0.855092 0.792833
vt 0.759449 0.888476
vt 0.759449 0.792833
vt 0.663806 0.816744
vt 0.615984 0.840655
vt 0.615984 0.816744
vt 0.711627 0.816744
vt 0.687717 0.840655
vt 0.687717 0.816744
vt 0.711627 0.625458
vt 0.687717 0.649368
vt 0.687717 0.625458
vt 0.663806 0.649368
vt 0.663806 0.625458
vt 0.687717 0.601547
vt 0.663806 0.601547
vt 0.687717 0.673279
vt 0.663806 0.697190
vt 0.663806 0.673279
vt 0.711627 0.649368
vt 0.687717 0.745012
vt 0.663806 0.792833
vt 0.663806 0.745012
vt 0.687717 0.697190
vt 0.663806 0.840655
vt 0.687717 0.792833
vt 0.687717 0.864566
vt 0.663806 0.888476
vt 0.711627 0.840655
vt 0.687717 0.936298
vt 0.663806 0.984120
vt 0.663806 0.936298
vt 0.687717 0.888476
vt 0.568163 0.840655
vt 0.568163 0.816744
vt 0.615984 0.792833
vt 0.568163 0.792833
vt 0.568163 0.888476
vt 0.568163 0.864566
vt 0.759449 0.673279
vt 0.735538 0.673279
vt 0.759449 0.816744
vt 0.735538 0.840655
vt 0.735538 0.816744
vt 0.759449 0.625458
vt 0.735538 0.649368
vt 0.735538 0.625458
vt 0.759449 0.840655
vt 0.735538 0.864566
vt 0.759449 0.649368
vt 0.668010 0.046080
vt 0.710120 0.097540
vt 0.665865 0.146186
vt 0.761006 0.020368
vt 0.651445 0.106500
vt 0.651445 0.020368
vt 0.759449 0.864566
vt 0.761006 0.106500
vt 0.651445 0.179614
vt 0.651392 0.106500
vt 0.541831 0.179614
vt 0.541831 0.106500
vt 0.651392 0.020369
vt 0.541831 0.020369
vt 0.754432 0.145653
vt 0.710438 0.092481
vt 0.754432 0.043731
vt 0.608558 0.185568
vt 0.643152 0.148342
vt 0.610477 0.183739
vt 0.697488 0.183514
vt 0.731486 0.146253
vt 0.699448 0.181633
vt 0.543026 0.116481
vt 0.593573 0.111809
vt 0.636506 0.208909
vt 0.578838 0.033622
vt 0.593718 0.075108
vt 0.587809 0.063245
vt 0.610313 0.188001
vt 0.579324 0.149815
vt 0.699654 0.185852
vt 0.667597 0.147662
vt 0.731486 0.219801
vt 0.701168 0.183912
vt 0.643166 0.223413
vt 0.612288 0.185651
vt 0.665865 0.223165
vt 0.577195 0.223413
vt 0.692262 0.100264
vt 0.677635 0.085090
vt 0.701625 0.061340
vt 0.589237 0.070946
vt 0.748047 0.207352
vt 0.748047 0.039911
vt 0.636506 0.060868
vt 0.636559 0.108266
vt 0.650454 0.033622
vt 0.668863 0.067453
vt 0.571293 0.109885
vt 0.664735 0.096298
vt 0.592221 0.143211
vt 0.599483 0.106290
vt 0.562121 0.038148
vt 0.673115 0.089751
vt 0.676490 0.085288
vt 0.670197 0.095510
vt 0.759449 0.622588
vt 0.759449 0.615882
vt 0.759449 0.601547
vt 0.759449 0.909518
vt 0.759449 0.904964
vt 0.759449 0.900928
vt 0.759449 0.897066
vt 0.759449 0.893031
vt 0.711627 0.601547
vt 0.711627 0.606101
vt 0.687719 0.601547
vt 0.711627 0.610136
vt 0.711627 0.613999
vt 0.711627 0.618034
vt 0.711627 0.622588
vt 0.711627 0.867435
vt 0.711627 0.871989
vt 0.687719 0.888476
vt 0.711627 0.876024
vt 0.711627 0.879887
vt 0.711627 0.883922
vt 0.711627 0.888476
vt 0.759449 0.963078
vt 0.735538 0.967632
vt 0.735538 0.963078
vt 0.759449 0.967632
vt 0.735538 0.984120
vt 0.735538 0.613999
vt 0.735538 0.601547
vt 0.759449 0.613999
vt 0.735538 0.618034
vt 0.759449 0.618034
vt 0.735538 0.622588
vt 0.711627 0.909518
vt 0.735538 0.904964
vt 0.735538 0.909518
vt 0.711627 0.904964
vt 0.735538 0.900928
vt 0.711627 0.900928
vt 0.735538 0.876024
vt 0.735538 0.871989
vt 0.735538 0.867435
vt 0.711627 0.967632
vt 0.711627 0.963078
vt 0.711627 0.984120
vt 0.759449 0.876024
vt 0.759449 0.871989
vt 0.759449 0.867435
vt 0.759449 0.936298
vt 0.735538 0.936298
vt 0.759449 0.984120
vt 0.711627 0.936298
vt 0.687719 0.984120
vt 0.687717 0.984120
vt 0.711627 0.864566
vt 0.759449 0.718232
vt 0.759449 0.713677
vt 0.759449 0.697190
vt 0.759449 0.709642
vt 0.759449 0.705780
vt 0.759449 0.701744
vt 0.759449 0.813875
vt 0.759449 0.809321
vt 0.759449 0.805285
vt 0.759449 0.801423
vt 0.759449 0.797387
vt 0.711627 0.676149
vt 0.711627 0.680703
vt 0.687719 0.697190
vt 0.711627 0.684738
vt 0.711627 0.688600
vt 0.711627 0.692636
vt 0.711627 0.697190
vt 0.711627 0.771792
vt 0.711627 0.776346
vt 0.687719 0.792833
vt 0.711627 0.780381
vt 0.711627 0.784244
vt 0.711627 0.788279
vt 0.711627 0.792833
vt 0.711627 0.718232
vt 0.735538 0.713677
vt 0.735538 0.718232
vt 0.711627 0.713677
vt 0.735538 0.709642
vt 0.711627 0.709642
vt 0.735538 0.684738
vt 0.735538 0.680703
vt 0.735538 0.676149
vt 0.711627 0.813875
vt 0.735538 0.809321
vt 0.735538 0.813875
vt 0.711627 0.809321
vt 0.735538 0.805285
vt 0.711627 0.805285
vt 0.735538 0.780381
vt 0.735538 0.776346
vt 0.735538 0.771792
vt 0.759449 0.684738
vt 0.759449 0.680703
vt 0.759449 0.676149
vt 0.759449 0.780381
vt 0.759449 0.776346
vt 0.759449 0.771792
vt 0.759449 0.745012
vt 0.735538 0.745012
vt 0.711627 0.673279
vt 0.711627 0.745012
vt 0.709826 0.094033
vt 0.712990 0.095040
vt 0.709951 0.094486
vt 0.665798 0.043731
vt 0.618373 0.096821
vt 0.577195 0.047933
vt 0.663739 0.145851
vt 0.620738 0.094177
vt 0.707988 0.094584
vt 0.577195 0.148275
vt 0.623017 0.097298
vt 0.620496 0.099578
vt 0.620187 0.097160
vt 0.620488 0.097524
vt 0.619997 0.097752
vt 0.710169 0.094582
vt 0.710033 0.094709
vt 0.620525 0.097168
vt 0.735568 0.625458
vt 0.735686 0.625458
vt 0.735653 0.625458
vt 0.735645 0.625458
vt 0.759449 0.647776
vt 0.735538 0.647776
vt 0.735567 0.864566
vt 0.759449 0.842248
vt 0.735538 0.842248
vt 0.735561 0.625458
vt 0.735583 0.625458
vt 0.735538 0.647772
vt 0.759449 0.842251
vt 0.735553 0.864566
vt 0.735555 0.864566
vt 0.735540 0.864566
vt 0.735550 0.625458
vt 0.735572 0.625458
vt 0.735595 0.625458
vt 0.735550 0.864566
vt 0.735552 0.864566
vt 0.735554 0.864566
vt 0.759449 0.647773
vt 0.735538 0.842251
vt 0.759449 0.672851
vt 0.760422 0.673458
vt 0.747097 0.673279
vt 0.759449 0.629278
vt 0.759449 0.626706
vt 0.747097 0.625458
vt 0.759449 0.648031
vt 0.759449 0.632107
vt 0.761135 0.631201
vt 0.759449 0.647882
vt 0.759449 0.648285
vt 0.759449 0.625653
vt 0.759449 0.625948
vt 0.759449 0.672878
vt 0.759449 0.863381
vt 0.761135 0.859525
vt 0.747097 0.864566
vt 0.759449 0.817668
vt 0.759449 0.817412
vt 0.747097 0.816744
vt 0.759449 0.841992
vt 0.759449 0.817573
vt 0.760422 0.816541
vt 0.759449 0.842141
vt 0.759449 0.841738
vt 0.759449 0.816855
vt 0.759449 0.816869
vt 0.759449 0.862391
vt 0.735538 0.816414
vt 0.732952 0.816727
vt 0.738626 0.816744
vt 0.735012 0.865398
vt 0.735538 0.865124
vt 0.735538 0.816569
vt 0.733974 0.840655
vt 0.734498 0.816584
vt 0.733468 0.840655
vt 0.734120 0.816545
vt 0.732896 0.840655
vt 0.735267 0.865018
vt 0.733974 0.864566
vt 0.733468 0.864566
vt 0.732896 0.864566
vt 0.735538 0.815638
vt 0.734726 0.624325
vt 0.732951 0.625375
vt 0.738626 0.625458
vt 0.735176 0.673498
vt 0.735538 0.674385
vt 0.735538 0.624596
vt 0.735538 0.623832
vt 0.733974 0.649368
vt 0.733468 0.649368
vt 0.734404 0.624046
vt 0.732896 0.649368
vt 0.735356 0.673398
vt 0.733974 0.673279
vt 0.733468 0.673279
vt 0.732896 0.673279
vt 0.735538 0.624900
vt 0.855092 0.888476
vt 0.761006 0.179614
vt 0.651392 0.179614
vt 0.738626 0.864566
vt 0.738626 0.673279
s 1
f 176/172/106 172/173/106 193/174/106
f 158/175/107 160/176/108 159/177/109
f 170/178/106 177/179/106 192/180/106
f 180/181/110 181/182/110 189/183/110
f 184/184/111 185/185/111 186/186/111
f 186/186/111 161/187/111 165/188/111
f 175/189/111 165/188/111 153/190/111
f 187/191/111 154/192/111 174/193/111
f 185/185/111 174/193/111 161/187/111
f 164/194/111 187/191/111 185/185/111
f 188/195/112 156/196/112 167/197/112
f 166/198/112 167/197/112 154/192/112
f 189/183/110 162/199/110 170/178/110
f 169/200/110 170/178/110 156/196/110
f 190/201/110 155/202/110 176/172/110
f 181/182/110 176/172/110 162/199/110
f 163/203/110 190/201/110 181/182/110
f 191/204/113 153/205/113 172/206/113
f 171/207/113 172/206/113 155/202/113
f 192/180/106 161/208/106 174/209/106
f 167/210/106 174/209/106 154/211/106
f 156/196/106 192/180/106 167/210/106
f 193/174/106 153/212/106 165/213/106
f 177/179/106 165/213/106 161/208/106
f 162/199/106 193/174/106 177/179/106
f 199/214/114 215/215/115 208/214/115
f 206/216/110 210/217/110 213/218/110
f 204/219/111 211/220/111 212/221/111
f 207/222/110 214/223/110 210/217/110
f 205/224/111 215/215/111 211/220/111
f 197/216/116 207/222/117 206/216/118
f 202/218/119 210/217/120 200/217/121
f 203/215/122 211/220/123 215/215/124
f 199/214/125 205/224/126 196/224/127
f 197/216/128 213/218/129 202/218/130
f 217/225/111 377/226/111 225/227/111
f 218/228/110 224/229/110 216/230/110
f 209/231/110 223/223/110 214/223/110
f 212/221/111 221/219/111 204/219/111
f 226/232/113 225/233/113 224/229/113
f 228/234/113 230/235/113 227/236/113
f 220/237/111 227/236/111 219/238/111
f 224/239/110 372/240/110 216/241/110
f 230/242/113 236/243/131 227/244/113
f 226/245/113 238/246/132 229/247/113
f 229/219/133 286/219/133 284/219/133
f 232/248/134 241/249/135 233/250/134
f 236/251/131 245/252/136 244/253/136
f 222/254/110 237/255/137 230/242/110
f 218/256/110 239/257/137 226/245/110
f 229/247/111 234/258/138 221/259/111
f 227/244/111 232/260/138 219/261/111
f 221/259/112 235/262/139 218/256/112
f 219/261/112 233/263/134 222/254/112
f 246/264/140 252/265/111 242/266/140
f 241/249/141 251/267/110 245/252/141
f 238/268/142 242/266/140 234/269/138
f 237/270/137 241/249/141 245/252/141
f 239/271/132 246/264/136 238/268/132
f 235/272/139 242/266/135 243/273/135
f 236/251/142 240/274/140 232/248/138
f 239/271/137 243/273/141 247/275/141
f 248/276/133 251/267/133 249/277/133
f 244/253/140 248/276/111 240/274/140
f 245/252/136 250/278/113 244/253/136
f 240/274/135 249/277/112 241/249/135
f 252/265/133 255/279/133 253/280/133
f 247/275/136 254/281/113 246/264/136
f 242/266/135 253/280/112 243/273/135
f 243/273/141 255/279/110 247/275/141
f 231/223/106 291/223/106 289/223/106
f 267/223/143 262/231/144 260/231/143
f 271/223/144 263/231/144 262/231/144
f 270/223/144 264/231/144 263/231/144
f 269/223/144 265/231/144 264/231/144
f 268/223/144 261/231/145 265/231/144
f 222/231/112 266/223/145 223/223/112
f 260/231/143 259/223/146 267/223/143
f 230/231/133 263/231/133 264/231/133
f 223/223/106 270/223/106 267/223/106
f 279/221/147 274/219/148 272/219/147
f 283/221/148 275/219/148 274/219/148
f 282/221/148 276/219/148 275/219/148
f 281/221/148 277/219/148 276/219/148
f 280/221/148 273/219/149 277/219/148
f 217/221/112 272/219/147 221/219/112
f 278/221/149 256/219/150 273/219/149
f 221/219/133 276/219/133 273/219/133
f 225/221/106 282/221/106 283/221/106
f 284/219/113 287/221/151 285/221/113
f 225/221/106 287/221/106 257/221/106
f 257/221/150 286/219/151 256/219/150
f 229/219/144 285/221/144 225/221/144
f 289/223/113 290/231/152 288/231/113
f 258/231/146 291/223/152 259/223/146
f 231/223/148 288/231/148 230/231/148
f 230/231/133 290/231/133 258/231/133
f 292/282/153 295/283/154 294/284/155
f 295/283/154 296/284/154 294/284/155
f 296/284/154 297/284/154 294/284/155
f 297/284/154 298/284/154 294/284/155
f 298/284/154 293/284/156 294/284/155
f 299/285/157 302/286/158 301/176/159
f 302/286/158 303/287/158 301/176/159
f 303/287/158 304/288/158 301/176/159
f 304/288/158 305/289/158 301/176/159
f 305/289/158 300/176/160 301/176/159
f 306/290/161 309/291/162 308/292/163
f 309/291/162 310/293/162 308/292/163
f 310/293/162 311/294/162 308/292/163
f 311/294/162 312/295/162 308/292/163
f 312/295/162 307/296/164 308/292/163
f 313/297/165 316/298/166 315/299/167
f 316/298/166 317/300/166 315/299/167
f 317/300/166 318/301/166 315/299/167
f 318/301/166 319/302/166 315/299/167
f 319/302/166 314/303/168 315/299/167
f 293/304/156 325/305/169 321/306/151
f 298/307/154 324/308/169 325/305/169
f 297/284/154 323/309/169 324/310/169
f 296/311/154 322/312/169 323/309/169
f 295/313/154 320/314/150 322/312/169
f 314/315/168 331/316/170 327/317/152
f 319/318/166 330/319/170 331/316/170
f 318/320/166 329/321/170 330/319/170
f 317/300/166 328/322/170 329/321/170
f 316/298/166 326/323/146 328/322/170
f 321/306/151 309/324/162 306/325/161
f 325/305/169 310/326/162 309/324/162
f 324/310/169 311/294/162 310/290/162
f 323/309/169 312/295/162 311/294/162
f 322/312/169 307/296/164 312/295/162
f 327/317/152 302/286/158 299/285/157
f 331/316/170 303/287/158 302/286/158
f 330/319/170 304/327/158 303/287/158
f 329/321/170 305/328/158 304/327/158
f 328/322/170 300/329/160 305/328/158
f 173/330/171 321/306/151 194/331/113
f 173/330/171 301/176/159 157/332/172
f 299/285/157 194/331/113 327/317/152
f 308/292/163 184/184/111 186/186/111
f 178/333/113 308/334/163 175/335/173
f 194/331/113 306/325/161 178/333/113
f 179/336/110 315/299/167 171/207/110
f 315/299/167 178/333/113 191/204/113
f 327/317/152 178/333/113 314/315/168
f 332/337/174 335/338/175 334/339/176
f 335/338/175 336/340/175 334/339/176
f 336/340/175 337/341/175 334/339/176
f 337/341/175 338/342/175 334/339/176
f 338/342/175 333/339/177 334/339/176
f 339/343/178 342/344/179 341/177/180
f 342/344/179 343/345/179 341/177/180
f 343/345/179 344/346/179 341/177/180
f 344/346/179 345/347/179 341/177/180
f 345/347/179 340/177/181 341/177/180
f 346/348/182 349/349/183 348/350/184
f 349/349/183 350/351/183 348/350/184
f 350/351/183 351/352/183 348/350/184
f 351/352/183 352/353/183 348/350/184
f 352/353/183 347/354/185 348/350/184
f 353/355/186 356/356/187 355/357/188
f 356/356/187 357/358/187 355/357/188
f 357/358/187 358/359/187 355/357/188
f 358/359/187 359/360/187 355/357/188
f 359/360/187 354/361/189 355/357/188
f 347/362/185 365/363/148 361/364/147
f 352/365/183 364/366/148 365/363/148
f 351/367/183 363/368/148 364/366/148
f 350/351/183 362/369/148 363/368/148
f 349/349/183 360/370/149 362/369/148
f 354/371/189 371/372/144 367/373/143
f 359/374/187 370/375/144 371/372/144
f 358/376/187 369/377/144 370/375/144
f 357/358/187 368/378/144 369/377/144
f 356/356/187 366/379/145 368/378/144
f 361/364/147 335/338/175 332/337/174
f 365/363/148 336/340/175 335/338/175
f 364/366/148 337/380/175 336/340/175
f 363/368/148 338/381/175 337/380/175
f 362/369/148 333/382/177 338/381/175
f 367/373/143 342/344/179 339/343/178
f 371/372/144 343/345/179 342/344/179
f 370/375/144 344/383/179 343/345/179
f 369/377/144 345/384/179 344/383/179
f 368/378/144 340/385/181 345/384/179
f 168/386/190 334/339/176 159/177/109
f 332/337/174 195/387/112 361/364/147
f 168/386/190 366/379/145 195/387/112
f 183/388/111 348/350/184 166/198/111
f 348/350/184 182/389/112 188/195/112
f 361/364/147 182/389/112 347/362/185
f 195/387/112 353/355/186 182/389/112
f 182/389/112 355/357/188 169/200/191
f 355/357/188 180/181/110 189/183/110
f 377/226/113 384/390/113 376/391/113
f 376/391/110 380/392/110 372/240/110
f 223/393/112 375/394/112 220/395/112
f 231/396/110 374/397/110 223/393/110
f 216/241/112 373/398/112 217/225/112
f 228/399/113 378/400/113 231/396/113
f 220/395/111 379/401/111 228/399/111
f 225/227/113 376/391/113 224/239/113
f 382/402/106 387/403/106 383/404/106
f 380/392/106 385/405/106 381/406/106
f 372/240/112 381/406/112 373/398/112
f 373/398/111 385/405/111 377/226/111
f 378/400/110 382/402/110 374/397/110
f 379/401/113 386/407/113 378/400/113
f 374/397/112 383/404/112 375/394/112
f 375/394/111 387/403/111 379/401/111
f 395/408/192 391/219/170 388/219/146
f 401/409/170 392/219/170 391/219/170
f 400/410/170 393/219/170 392/219/170
f 399/411/170 394/219/170 393/219/170
f 389/412/193 205/224/126 204/219/194
f 390/219/133 221/219/133 218/219/133
f 388/219/146 216/221/110 395/408/192
f 396/221/195 216/221/196 217/221/106
f 397/413/197 212/221/198 211/220/123
f 405/231/169 414/414/169 406/231/169
f 406/231/169 413/223/169 407/231/169
f 407/231/169 412/223/169 408/231/169
f 408/231/169 409/223/199 402/231/150
f 404/415/200 209/231/201 207/222/117
f 403/231/202 219/231/133 222/231/133
f 402/231/150 220/223/111 219/231/111
f 410/416/203 210/217/120 214/223/204
f 411/223/205 223/223/106 220/223/206
f 419/219/133 421/219/133 417/219/133
f 427/417/207 429/418/207 425/419/208
f 434/231/133 436/231/133 432/420/209
f 440/421/210 442/422/211 438/423/212
f 417/219/213 426/424/214 423/221/215
f 422/219/214 427/417/214 426/424/214
f 421/219/214 428/425/214 427/417/214
f 420/219/214 429/418/216 428/425/214
f 419/219/216 424/426/216 429/418/216
f 430/231/217 443/427/218 433/231/218
f 433/231/218 442/422/218 434/231/218
f 434/231/218 441/428/218 435/231/218
f 435/231/218 440/421/219 436/231/219
f 436/231/219 437/429/219 431/231/219
s 0
f 394/219/133 424/426/133 416/219/112
s 1
f 393/219/133 394/219/220 418/430/221
f 425/419/208 398/426/222 399/411/223
f 432/420/209 431/231/224 406/231/133
s 0
f 431/231/133 415/429/133 405/231/112
s 1
f 414/414/225 437/429/226 439/431/227
f 455/432/112 451/433/112 452/434/112
f 461/435/113 463/436/113 459/437/113
f 444/438/228 460/439/229 457/440/230
f 446/441/229 461/435/229 460/439/229
f 447/442/229 462/443/229 461/435/229
f 448/224/229 463/436/229 462/443/229
f 449/224/229 458/444/231 463/436/229
f 451/433/232 446/441/229 444/438/228
f 456/445/229 447/442/229 446/441/229
f 455/432/229 448/224/229 447/442/229
f 454/214/229 449/224/229 448/224/229
f 453/214/229 445/224/231 449/224/229
f 445/224/231 389/412/193 417/219/133
f 444/438/228 294/284/155 158/339/107
f 450/214/231 196/224/127 445/224/231
f 475/446/113 471/447/113 472/448/113
f 481/449/112 483/450/112 479/451/112
f 464/452/233 480/453/234 477/454/235
f 466/455/234 481/449/234 480/453/234
f 467/456/234 482/457/234 481/449/234
f 468/222/234 483/450/234 482/457/234
f 469/222/234 478/458/236 483/450/234
f 471/447/237 466/455/234 464/452/233
f 476/459/234 467/456/234 466/455/234
f 475/446/234 468/222/234 467/456/234
f 474/231/234 469/222/234 468/222/234
f 473/231/234 465/222/236 469/222/234
f 464/452/233 341/177/180 160/176/108
f 470/231/236 432/420/209 198/222/238
f 465/222/236 197/216/116 478/458/236
f 495/460/239 491/461/240 493/462/241
f 504/463/242 499/223/243 501/464/244
f 490/218/245 486/217/246 494/465/247
f 494/465/247 487/217/246 495/460/239
f 495/460/239 488/466/246 496/467/248
f 496/467/248 489/468/246 497/469/249
f 497/469/249 485/470/250 491/461/240
f 499/223/251 486/217/246 484/217/252
f 505/471/246 487/217/246 486/217/246
f 504/463/246 488/466/246 487/217/246
f 503/472/246 489/468/246 488/466/246
f 502/473/246 485/470/250 489/468/246
f 163/203/110 498/474/253 179/336/110
f 484/217/252 410/416/203 438/423/212
f 491/461/240 163/203/110 180/181/110
f 490/218/245 200/217/121 484/217/252
f 339/343/178 479/451/254 492/475/110
f 493/462/241 478/458/112 202/218/130
f 367/373/143 491/461/240 180/181/110
f 498/474/253 326/323/146 313/297/165
f 472/448/113 499/223/243 430/231/217
f 472/448/255 300/329/160 326/323/146
f 518/476/256 513/477/257 515/478/258
f 526/479/259 521/215/260 523/480/261
f 512/221/262 508/220/263 516/481/263
f 516/481/263 509/220/263 517/482/263
f 517/482/263 510/483/263 518/476/263
f 518/476/263 511/484/263 519/485/263
f 519/485/263 507/486/264 513/477/257
f 521/215/260 508/220/263 506/220/265
f 527/487/266 509/220/263 508/220/263
f 526/479/259 510/483/263 509/220/263
f 525/488/267 511/484/263 510/483/263
f 524/489/259 507/486/264 511/484/263
f 164/194/111 520/490/268 183/388/111
f 506/220/265 203/215/122 521/215/260
f 513/477/257 164/194/111 184/184/111
f 512/221/262 425/419/208 201/220/269
f 515/478/258 458/444/113 423/221/215
f 320/314/150 513/477/257 184/184/111
f 292/282/153 459/437/270 514/491/111
f 452/434/112 521/215/260 199/214/114
f 520/490/268 360/370/149 346/348/182
f 452/434/271 333/382/177 360/370/149
f 176/172/106 155/202/106 172/173/106
f 158/175/107 157/492/172 160/176/108
f 170/178/106 162/199/106 177/179/106
f 180/181/110 163/203/110 181/182/110
f 184/184/111 164/194/111 185/185/111
f 186/186/111 185/185/111 161/187/111
f 175/189/111 186/186/111 165/188/111
f 187/191/111 166/198/111 154/192/111
f 185/185/111 187/191/111 174/193/111
f 164/194/111 183/388/111 187/191/111
f 188/195/112 169/200/191 156/196/112
f 166/198/112 188/195/112 167/197/112
f 189/183/110 181/182/110 162/199/110
f 169/200/110 189/183/110 170/178/110
f 190/201/110 171/207/110 155/202/110
f 181/182/110 190/201/110 176/172/110
f 163/203/110 179/336/110 190/201/110
f 191/204/113 175/335/173 153/205/113
f 171/207/113 191/204/113 172/206/113
f 192/180/106 177/179/106 161/208/106
f 167/210/106 192/180/106 174/209/106
f 156/196/106 170/178/106 192/180/106
f 193/174/106 172/173/106 153/212/106
f 177/179/106 193/174/106 165/213/106
f 162/199/106 176/172/106 193/174/106
f 199/214/114 203/215/272 215/215/115
f 206/216/110 207/222/110 210/217/110
f 204/219/111 205/224/111 211/220/111
f 207/222/110 209/231/110 214/223/110
f 205/224/111 208/214/111 215/215/111
f 197/216/116 198/222/238 207/222/117
f 202/218/119 213/218/273 210/217/120
f 203/215/122 201/220/269 211/220/123
f 199/214/125 208/214/274 205/224/126
f 197/216/128 206/216/129 213/218/129
f 217/225/111 373/398/111 377/226/111
f 218/228/110 226/232/110 224/229/110
f 209/231/110 222/231/110 223/223/110
f 212/221/111 217/221/111 221/219/111
f 226/232/113 229/493/113 225/233/113
f 228/234/113 231/494/113 230/235/113
f 220/237/111 228/234/111 227/236/111
f 224/239/110 376/391/110 372/240/110
f 230/242/113 237/255/132 236/243/131
f 226/245/113 239/257/132 238/246/132
f 229/219/133 256/219/133 286/219/133
f 232/248/134 240/274/135 241/249/135
f 236/251/131 237/270/132 245/252/136
f 222/254/110 233/263/275 237/255/137
f 218/256/110 235/262/275 239/257/137
f 229/247/111 238/246/142 234/258/138
f 227/244/111 236/243/142 232/260/138
f 221/259/112 234/258/134 235/262/139
f 219/261/112 232/260/134 233/263/134
f 246/264/140 254/281/111 252/265/111
f 241/249/141 249/277/110 251/267/110
f 238/268/142 246/264/140 242/266/140
f 237/270/137 233/250/275 241/249/141
f 239/271/132 247/275/136 246/264/136
f 235/272/139 234/269/134 242/266/135
f 236/251/142 244/253/140 240/274/140
f 239/271/137 235/272/275 243/273/141
f 248/276/133 250/278/133 251/267/133
f 244/253/140 250/278/111 248/276/111
f 245/252/136 251/267/113 250/278/113
f 240/274/135 248/276/112 249/277/112
f 252/265/133 254/281/133 255/279/133
f 247/275/136 255/279/113 254/281/113
f 242/266/135 252/265/112 253/280/112
f 243/273/141 253/280/110 255/279/110
f 231/223/106 259/223/106 291/223/106
f 267/223/143 271/223/144 262/231/144
f 271/223/144 270/223/144 263/231/144
f 270/223/144 269/223/144 264/231/144
f 269/223/144 268/223/144 265/231/144
f 268/223/144 266/223/145 261/231/145
f 222/231/112 261/231/145 266/223/145
f 260/231/143 258/231/146 259/223/146
f 261/231/133 222/231/133 230/231/133
f 230/231/133 258/231/133 260/231/133
f 230/231/133 260/231/133 262/231/133
f 265/231/133 261/231/133 230/231/133
f 264/231/133 265/231/133 230/231/133
f 230/231/133 262/231/133 263/231/133
f 259/223/106 231/223/106 223/223/106
f 223/223/106 266/223/106 268/223/106
f 223/223/106 268/223/106 269/223/106
f 267/223/106 259/223/106 223/223/106
f 270/223/106 271/223/106 267/223/106
f 223/223/106 269/223/106 270/223/106
f 279/221/147 283/221/148 274/219/148
f 283/221/148 282/221/148 275/219/148
f 282/221/148 281/221/148 276/219/148
f 281/221/148 280/221/148 277/219/148
f 280/221/148 278/221/149 273/219/149
f 217/221/112 279/221/147 272/219/147
f 278/221/149 257/221/150 256/219/150
f 256/219/133 229/219/133 221/219/133
f 221/219/133 272/219/133 274/219/133
f 221/219/133 274/219/133 275/219/133
f 273/219/133 256/219/133 221/219/133
f 276/219/133 277/219/276 273/219/133
f 221/219/133 275/219/133 276/219/133
f 279/221/106 217/221/106 225/221/106
f 225/221/106 257/221/106 278/221/106
f 278/221/106 280/221/106 281/221/106
f 225/221/106 278/221/106 281/221/106
f 283/221/106 279/221/106 225/221/106
f 225/221/106 281/221/106 282/221/106
f 284/219/113 286/219/151 287/221/151
f 225/221/106 285/221/106 287/221/106
f 257/221/150 287/221/151 286/219/151
f 229/219/144 284/219/144 285/221/144
f 289/223/113 291/223/152 290/231/152
f 258/231/146 290/231/152 291/223/152
f 231/223/148 289/223/148 288/231/148
f 230/231/133 288/231/133 290/231/133
f 293/304/156 298/307/154 325/305/169
f 298/307/154 297/332/154 324/308/169
f 297/284/154 296/311/154 323/309/169
f 296/311/154 295/313/154 322/312/169
f 295/313/154 292/282/153 320/314/150
f 314/315/168 319/318/166 331/316/170
f 319/318/166 318/320/166 330/319/170
f 318/320/166 317/300/166 329/321/170
f 317/300/166 316/298/166 328/322/170
f 316/298/166 313/297/165 326/323/146
f 321/306/151 325/305/169 309/324/162
f 325/305/169 324/308/169 310/326/162
f 324/310/169 323/309/169 311/294/162
f 323/309/169 322/312/169 312/295/162
f 322/312/169 320/314/150 307/296/164
f 327/317/152 331/316/170 302/286/158
f 331/316/170 330/319/170 303/287/158
f 330/319/170 329/321/170 304/327/158
f 329/321/170 328/322/170 305/328/158
f 328/322/170 326/323/146 300/329/160
f 173/330/171 293/304/156 321/306/151
f 157/332/172 294/332/155 293/304/156
f 173/330/171 299/285/157 301/176/159
f 157/332/172 293/304/156 173/330/171
f 301/176/159 160/176/108 157/332/172
f 299/285/157 173/330/171 194/331/113
f 186/186/111 175/189/111 308/292/163
f 308/292/163 307/296/164 184/184/111
f 175/335/173 191/204/113 178/333/113
f 178/333/113 306/325/161 308/334/163
f 194/331/113 321/306/151 306/325/161
f 171/207/110 190/201/110 179/336/110
f 179/336/110 313/297/165 315/299/167
f 191/204/113 171/207/113 315/299/167
f 315/299/167 314/315/168 178/333/113
f 327/317/152 194/331/113 178/333/113
f 347/362/185 352/365/183 365/363/148
f 352/365/183 351/367/183 364/366/148
f 351/367/183 350/351/183 363/368/148
f 350/351/183 349/349/183 362/369/148
f 349/349/183 346/348/182 360/370/149
f 354/371/189 359/374/187 371/372/144
f 359/374/187 358/376/187 370/375/144
f 358/376/187 357/358/187 369/377/144
f 357/358/187 356/356/187 368/378/144
f 356/356/187 353/355/186 366/379/145
f 361/364/147 365/363/148 335/338/175
f 365/363/148 364/366/148 336/340/175
f 364/366/148 363/368/148 337/380/175
f 363/368/148 362/369/148 338/381/175
f 362/369/148 360/370/149 333/382/177
f 367/373/143 371/372/144 342/344/179
f 371/372/144 370/375/144 343/345/179
f 370/375/144 369/377/144 344/383/179
f 369/377/144 368/378/144 345/384/179
f 368/378/144 366/379/145 340/385/181
f 159/177/109 341/177/180 340/385/181
f 168/386/190 332/337/174 334/339/176
f 159/177/109 340/385/181 168/386/190
f 334/339/176 158/339/107 159/177/109
f 332/337/174 168/386/190 195/387/112
f 168/386/190 340/385/181 366/379/145
f 166/198/111 187/191/111 183/388/111
f 183/388/111 346/348/182 348/350/184
f 188/195/112 166/198/112 348/350/184
f 348/350/184 347/362/185 182/389/112
f 361/364/147 195/387/112 182/389/112
f 195/387/112 366/379/145 353/355/186
f 169/200/191 188/195/112 182/389/112
f 182/389/112 353/355/186 355/357/188
f 189/183/110 169/200/110 355/357/188
f 355/357/188 354/371/189 180/181/110
f 377/226/113 385/405/113 384/390/113
f 376/391/110 384/390/110 380/392/110
f 223/393/112 374/397/112 375/394/112
f 231/396/110 378/400/110 374/397/110
f 216/241/112 372/240/112 373/398/112
f 228/399/113 379/401/113 378/400/113
f 220/395/111 375/394/111 379/401/111
f 225/227/113 377/226/113 376/391/113
f 382/402/106 386/407/106 387/403/106
f 380/392/106 384/390/106 385/405/106
f 372/240/112 380/392/112 381/406/112
f 373/398/111 381/406/111 385/405/111
f 378/400/110 386/407/110 382/402/110
f 379/401/113 387/403/113 386/407/113
f 374/397/112 382/402/112 383/404/112
f 375/394/111 383/404/111 387/403/111
f 395/408/192 401/409/170 391/219/170
f 401/409/170 400/410/170 392/219/170
f 400/410/170 399/411/170 393/219/170
f 399/411/170 398/426/170 394/219/170
f 204/219/194 390/219/133 389/412/193
f 389/412/193 196/224/127 205/224/126
f 218/219/133 388/219/133 390/219/133
f 390/219/133 204/219/194 221/219/133
f 388/219/146 218/219/110 216/221/110
f 217/221/106 212/221/198 396/221/195
f 396/221/195 395/408/277 216/221/196
f 211/220/123 201/220/269 397/413/197
f 397/413/197 396/221/195 212/221/198
f 405/231/169 415/429/169 414/414/169
f 406/231/169 414/414/169 413/223/169
f 407/231/169 413/223/169 412/223/169
f 408/231/169 412/223/169 409/223/199
f 207/222/117 198/222/238 404/415/200
f 404/415/200 403/231/202 209/231/201
f 222/231/133 209/231/201 403/231/202
f 403/231/202 402/231/133 219/231/133
f 402/231/150 409/223/199 220/223/111
f 214/223/204 411/223/205 410/416/203
f 410/416/203 200/217/121 210/217/120
f 220/223/206 409/223/278 411/223/205
f 411/223/205 214/223/204 223/223/106
f 418/430/221 416/219/133 419/219/133
f 419/219/133 420/219/133 421/219/133
f 421/219/133 422/219/279 417/219/133
f 417/219/133 418/430/221 419/219/133
f 425/419/208 423/221/280 426/424/207
f 427/417/207 428/425/281 429/418/207
f 425/419/208 426/424/207 427/417/207
f 429/418/207 424/426/282 425/419/208
f 432/420/209 430/231/133 433/231/133
f 434/231/133 435/231/133 436/231/133
f 432/420/209 433/231/133 434/231/133
f 436/231/133 431/231/224 432/420/209
f 439/431/227 437/429/283 440/421/210
f 440/421/210 441/428/284 442/422/211
f 442/422/211 443/427/285 438/423/212
f 438/423/212 439/431/227 440/421/210
f 417/219/213 422/219/214 426/424/214
f 422/219/214 421/219/214 427/417/214
f 421/219/214 420/219/214 428/425/214
f 420/219/214 419/219/216 429/418/216
f 419/219/216 416/219/216 424/426/216
f 430/231/217 438/423/286 443/427/218
f 433/231/218 443/427/218 442/422/218
f 434/231/218 442/422/218 441/428/218
f 435/231/218 441/428/218 440/421/219
f 436/231/219 440/421/219 437/429/219
s 0
f 394/219/106 398/426/112 424/426/133
s 1
f 390/219/133 388/219/133 391/219/133
f 391/219/133 392/219/287 393/219/133
f 390/219/133 391/219/133 393/219/133
f 418/430/221 389/412/193 390/219/133
f 418/430/221 390/219/133 393/219/133
f 394/219/220 416/219/113 418/430/221
f 400/410/288 401/409/289 395/408/277
f 395/408/277 396/221/195 397/413/197
f 399/411/223 400/410/288 395/408/277
f 395/408/277 397/413/197 425/419/208
f 399/411/223 395/408/277 425/419/208
f 425/419/208 424/426/282 398/426/222
f 406/231/133 407/231/287 408/231/133
f 408/231/133 402/231/133 403/231/202
f 403/231/202 404/415/200 432/420/209
f 408/231/133 403/231/202 432/420/209
f 406/231/133 408/231/133 432/420/209
f 431/231/224 405/231/113 406/231/133
s 0
f 431/231/106 437/429/112 415/429/133
s 1
f 411/223/205 409/223/278 412/223/290
f 411/223/205 412/223/290 413/223/291
f 439/431/227 410/416/203 411/223/205
f 439/431/227 411/223/205 413/223/291
f 439/431/227 413/223/291 414/414/225
f 414/414/225 415/429/113 437/429/226
f 452/434/112 450/214/112 453/214/112
f 453/214/112 454/214/112 455/432/112
f 455/432/112 456/445/112 451/433/112
f 452/434/112 453/214/112 455/432/112
f 459/437/113 457/440/113 460/439/113
f 461/435/113 462/443/292 463/436/113
f 459/437/113 460/439/113 461/435/113
f 463/436/113 458/444/113 459/437/113
f 444/438/228 446/441/229 460/439/229
f 446/441/229 447/442/229 461/435/229
f 447/442/229 448/224/229 462/443/229
f 448/224/229 449/224/229 463/436/229
f 449/224/229 445/224/231 458/444/231
f 451/433/232 456/445/229 446/441/229
f 456/445/229 455/432/229 447/442/229
f 455/432/229 454/214/229 448/224/229
f 454/214/229 453/214/229 449/224/229
f 453/214/229 450/214/231 445/224/231
f 417/219/133 458/444/231 445/224/231
f 445/224/231 196/224/127 389/412/193
f 389/412/193 418/430/221 417/219/133
f 158/339/107 334/339/176 333/382/177
f 158/339/107 333/382/177 451/433/232
f 294/284/155 157/284/172 158/339/107
f 457/440/230 292/282/153 294/284/155
f 158/339/107 451/433/232 444/438/228
f 444/438/228 457/440/230 294/284/155
f 450/214/231 199/214/125 196/224/127
f 472/448/113 470/231/113 473/231/113
f 473/231/113 474/231/293 475/446/113
f 475/446/113 476/459/113 471/447/113
f 472/448/113 473/231/113 475/446/113
f 479/451/112 477/454/112 480/453/112
f 481/449/112 482/457/112 483/450/112
f 479/451/112 480/453/112 481/449/112
f 483/450/112 478/458/112 479/451/112
f 464/452/233 466/455/234 480/453/234
f 466/455/234 467/456/234 481/449/234
f 467/456/234 468/222/234 482/457/234
f 468/222/234 469/222/234 483/450/234
f 469/222/234 465/222/236 478/458/236
f 471/447/237 476/459/234 466/455/234
f 476/459/234 475/446/234 467/456/234
f 475/446/234 474/231/234 468/222/234
f 474/231/234 473/231/234 469/222/234
f 473/231/234 470/231/236 465/222/236
f 160/176/108 301/176/159 300/329/160
f 160/176/108 300/329/160 471/447/237
f 341/177/180 159/177/109 160/176/108
f 477/454/235 339/343/178 341/177/180
f 160/176/108 471/447/237 464/452/233
f 464/452/233 477/454/235 341/177/180
f 198/222/238 465/222/236 470/231/236
f 470/231/236 430/231/133 432/420/209
f 432/420/209 404/415/200 198/222/238
f 465/222/236 198/222/238 197/216/116
f 493/462/241 490/218/245 494/465/247
f 495/460/239 496/467/248 497/469/249
f 493/462/241 494/465/247 495/460/239
f 491/461/240 492/475/110 493/462/241
f 495/460/239 497/469/249 491/461/240
f 501/464/244 498/474/253 502/473/242
f 501/464/244 502/473/242 503/472/294
f 499/223/243 500/495/295 501/464/244
f 504/463/242 505/471/296 499/223/243
f 501/464/244 503/472/294 504/463/242
f 490/218/245 484/217/252 486/217/246
f 494/465/247 486/217/246 487/217/246
f 495/460/239 487/217/246 488/466/246
f 496/467/248 488/466/246 489/468/246
f 497/469/249 489/468/246 485/470/250
f 499/223/251 505/471/246 486/217/246
f 505/471/246 504/463/246 487/217/246
f 504/463/246 503/472/246 488/466/246
f 503/472/246 502/473/246 489/468/246
f 502/473/246 498/474/253 485/470/250
f 163/203/110 485/470/250 498/474/253
f 438/423/212 499/223/251 484/217/252
f 484/217/252 200/217/121 410/416/203
f 410/416/203 439/431/227 438/423/212
f 491/461/240 485/470/250 163/203/110
f 490/218/245 202/218/119 200/217/121
f 492/475/110 367/373/143 339/343/178
f 339/343/178 477/454/235 479/451/254
f 479/451/254 493/462/241 492/475/110
f 202/218/130 490/218/245 493/462/241
f 493/462/241 479/451/112 478/458/112
f 478/458/112 197/216/128 202/218/130
f 180/181/110 354/371/189 367/373/143
f 367/373/143 492/475/110 491/461/240
f 313/297/165 179/336/110 498/474/253
f 498/474/253 501/464/244 326/323/146
f 430/231/217 470/231/113 472/448/113
f 472/448/113 500/495/295 499/223/243
f 499/223/243 438/423/286 430/231/217
f 326/323/146 501/464/244 500/495/295
f 472/448/255 471/447/237 300/329/160
f 326/323/146 500/495/295 472/448/255
f 515/478/258 512/221/297 516/481/298
f 515/478/258 516/481/298 517/482/298
f 513/477/257 514/491/111 515/478/258
f 518/476/256 519/485/299 513/477/257
f 515/478/258 517/482/298 518/476/256
f 523/480/261 520/490/268 524/489/259
f 524/489/259 525/488/267 526/479/259
f 526/479/259 527/487/266 521/215/260
f 521/215/260 522/496/300 523/480/261
f 523/480/261 524/489/259 526/479/259
f 512/221/262 506/220/265 508/220/263
f 516/481/263 508/220/263 509/220/263
f 517/482/263 509/220/263 510/483/263
f 518/476/263 510/483/263 511/484/263
f 519/485/263 511/484/263 507/486/264
f 521/215/260 527/487/266 508/220/263
f 527/487/266 526/479/259 509/220/263
f 526/479/259 525/488/267 510/483/263
f 525/488/267 524/489/259 511/484/263
f 524/489/259 520/490/268 507/486/264
f 164/194/111 507/486/264 520/490/268
f 506/220/265 201/220/269 203/215/122
f 513/477/257 507/486/264 164/194/111
f 201/220/269 506/220/265 512/221/262
f 512/221/262 423/221/280 425/419/208
f 425/419/208 397/413/197 201/220/269
f 423/221/215 512/221/297 515/478/258
f 515/478/258 459/437/113 458/444/113
f 458/444/113 417/219/213 423/221/215
f 184/184/111 307/296/164 320/314/150
f 320/314/150 514/491/111 513/477/257
f 514/491/111 320/314/150 292/282/153
f 292/282/153 457/440/230 459/437/270
f 459/437/270 515/478/258 514/491/111
f 199/214/114 450/214/112 452/434/112
f 452/434/112 522/496/300 521/215/260
f 521/215/260 203/215/272 199/214/114
f 346/348/182 183/388/111 520/490/268
f 520/490/268 523/480/261 360/370/149
f 360/370/149 523/480/261 522/496/300
f 452/434/271 451/433/232 333/382/177
f 360/370/149 522/496/300 452/434/271
o Cube.005
v -1.038867 -1.067129 0.888352
v -0.805439 -0.608261 1.848537
v -1.038867 0.970974 0.484480
v -0.805439 0.971891 1.535413
v 1.038867 -1.067129 0.888352
v 0.805439 -0.608261 1.848537
v 1.038867 0.970974 0.484480
v 0.805439 0.971891 1.535413
v -0.937695 -2.119813 0.888352
v 0.937695 -2.119813 0.888352
v 0.000000 -1.130933 0.974358
v 0.000000 -2.183617 0.974358
v -0.988281 -1.593471 0.888352
v 0.988281 -1.593471 0.888352
v 0.000000 -1.657275 0.974358
v 0.519433 -1.130933 0.974358
v 0.468847 -2.183617 0.974358
v -1.013574 -1.330300 0.888352
v 0.962988 -1.856642 0.888352
v -0.519433 -1.130933 0.974358
v -0.468847 -2.183617 0.974358
v -0.962988 -1.856642 0.888352
v 1.013574 -1.330300 0.888352
v 0.000000 -1.920446 0.974358
v 0.000000 -1.394104 0.974358
v -0.494140 -1.657275 0.974358
v 0.494140 -1.657275 0.974358
v 0.506787 -1.394104 0.974358
v -0.506787 -1.394104 0.974358
v -0.481494 -1.920446 0.974358
v 0.481494 -1.920446 0.974358
v -0.874033 -0.743102 1.566380
v -0.874033 0.971622 1.226589
v 0.874033 0.971622 1.226589
v 0.874033 -0.743102 1.566380
v -0.840914 0.146093 1.539312
v 0.000000 0.971752 1.375694
v 0.840914 0.146093 1.539312
v 0.961523 0.026492 1.019912
v 0.000000 0.971278 0.832654
v -0.961523 0.026492 1.019912
v 0.000000 -0.934277 1.230298
v -1.031267 -1.056674 0.899796
v 1.046467 -1.056674 0.899796
v -0.930095 -2.109358 0.899796
v 0.945295 -2.109358 0.899796
v 0.007600 -1.120478 0.985802
v 0.007600 -2.173162 0.985802
v -0.980681 -1.583016 0.899796
v 0.995881 -1.583016 0.899796
v 0.527033 -1.120478 0.985802
v 0.476447 -2.173162 0.985802
v -1.005974 -1.319845 0.899796
v 0.970588 -1.846187 0.899796
v -0.511833 -1.120478 0.985802
v -0.461247 -2.173162 0.985802
v -0.955388 -1.846187 0.899796
v 1.021174 -1.319845 0.899796
vn -0.0000 1.0000 -0.0009
vn 0.9753 0.0429 0.2166
vn -0.0000 -0.9023 0.4312
vn -0.0126 -0.8969 0.4421
vn 0.0126 -0.8969 0.4421
vn -0.0070 -0.2123 -0.9772
vn 0.0396 -0.2658 -0.9632
vn 0.0321 -0.2637 -0.9641
vn -0.0000 0.1944 0.9809
vn -0.0898 0.0050 -0.9959
vn 0.4047 -0.7619 -0.5056
vn -0.0012 -0.9309 -0.3652
vn -0.0000 -0.0000 -1.0000
vn -0.0903 -0.9429 -0.3204
vn 0.0898 0.0050 -0.9959
vn 0.0875 0.0049 -0.9961
vn 0.0854 0.0048 -0.9963
vn -0.0854 0.0048 -0.9963
vn 0.4225 -0.0414 -0.9054
vn -0.0875 0.0049 -0.9961
vn -0.0896 0.0055 -0.9960
vn 0.4244 -0.0416 -0.9045
vn -0.8481 -0.0833 -0.5233
vn -0.8492 -0.0834 -0.5215
vn 0.0896 0.0055 -0.9960
vn -0.7872 0.3464 -0.5102
vn -0.6382 -0.6826 -0.3560
vn -0.8469 -0.0833 -0.5252
vn -0.0000 -0.9150 -0.4034
vn 0.4205 -0.0413 -0.9064
vn -0.9753 0.0429 0.2166
vn 0.0686 -0.8418 0.5353
vn -0.0000 -0.8356 0.5493
vn -0.0686 -0.8418 0.5353
vn -0.1680 -0.5870 0.7920
vn -0.0000 -0.7930 0.6093
vn 0.1680 -0.5870 0.7920
vn -0.0711 0.7595 -0.6466
vn -0.0000 0.7383 -0.6745
vn -0.1247 0.7724 -0.6228
vn -0.7969 -0.0766 0.5992
vn -0.2267 0.7893 -0.5705
vn 0.8791 -0.4411 -0.1808
vn 0.0706 0.7127 -0.6979
vn 0.1371 -0.7750 0.6169
vn -0.0000 -0.7383 0.6745
vn 0.1311 0.6870 -0.7147
vn -0.5663 -0.3856 0.7284
vn 0.3289 0.3368 -0.8823
vn 0.8634 -0.0830 -0.4976
vn -0.0779 -0.7097 0.7002
vn 0.3519 0.5629 -0.7479
vn -0.1652 -0.0159 0.9861
vn 0.1652 -0.0159 0.9861
vn -0.0000 -0.0000 1.0000
vn -0.1725 -0.0083 0.9850
vn -0.1827 -0.0176 0.9830
vn 0.1827 -0.0176 0.9830
vn 0.1725 -0.0083 0.9850
vn -0.0000 -0.1944 -0.9809
vn -0.1372 -0.1925 -0.9716
vn -0.0544 -0.2139 -0.9753
vn -0.0000 -0.8031 -0.5958
vt 0.291429 0.708842
vt 0.316834 0.708842
vt 0.303695 0.752068
vt 0.291429 0.795294
vt 0.316834 0.795294
vt 0.303695 0.838570
vt 0.230382 0.795294
vt 0.259027 0.838629
vt 0.316834 0.881746
vt 0.291429 0.968197
vt 0.291429 0.881746
vt 0.187156 0.881746
vt 0.143930 0.881746
vt 0.403286 0.795294
vt 0.230382 0.903359
vt 0.230382 0.881746
vt 0.230382 0.924972
vt 0.230382 0.946585
vt 0.230382 0.968197
vt 0.230382 0.708842
vt 0.259024 0.752068
vt 0.230382 0.622391
vt 0.291429 0.622391
vt 0.259027 0.665507
vt 0.316834 0.622391
vt 0.303695 0.665566
vt 0.258348 0.924972
vt 0.208769 0.881746
vt 0.165543 0.881746
vt 0.000000 0.000000
vt 0.316834 0.968197
vt 0.143930 0.795294
vt 0.403286 0.881746
s 1
f 560/497/301 531/498/301 564/499/301
f 561/500/302 535/501/302 565/502/302
f 534/503/302 561/500/302 566/504/302
f 533/505/303 559/506/304 562/507/305
f 534/503/306 538/508/307 528/509/308
f 531/510/309 533/505/309 535/501/309
f 558/511/310 537/512/311 544/511/312
f 551/513/313 548/514/314 557/514/315
f 552/513/313 553/514/316 556/514/317
f 555/511/318 541/512/319 554/511/320
f 552/513/313 554/511/320 542/513/313
f 538/513/313 555/511/318 552/513/313
f 543/511/321 550/512/322 555/511/318
f 556/514/317 540/515/323 545/515/324
f 547/514/325 545/515/324 528/515/326
f 538/513/313 556/514/317 547/514/325
f 557/514/315 536/515/327 549/515/328
f 553/514/316 549/515/328 540/515/323
f 542/513/313 557/514/315 553/514/316
f 551/513/313 544/511/312 539/513/329
f 542/513/313 558/511/310 551/513/313
f 554/511/320 546/512/330 558/511/310
f 530/516/301 560/497/301 567/517/301
f 528/518/331 559/519/331 568/520/331
f 559/519/331 529/521/331 563/522/331
f 529/521/331 531/498/331 563/522/331
f 531/498/331 560/497/331 563/522/331
f 560/497/331 559/519/331 563/522/331
f 531/498/301 535/501/301 564/499/301
f 535/501/301 561/500/301 564/499/301
f 561/500/301 560/497/301 564/499/301
f 535/501/302 533/505/302 565/502/302
f 533/505/302 562/507/302 565/502/302
f 562/507/302 561/500/302 565/502/302
f 561/500/302 562/507/302 566/504/302
f 562/507/302 532/512/302 566/504/302
f 532/512/302 534/503/302 566/504/302
f 560/497/301 561/500/301 567/517/301
f 561/500/301 534/503/301 567/517/301
f 534/503/301 530/516/301 567/517/301
f 559/519/331 560/497/331 568/520/331
f 560/497/331 530/516/331 568/520/331
f 530/516/331 528/518/331 568/520/331
f 532/512/332 562/507/305 569/523/333
f 562/507/305 559/506/304 569/523/333
f 559/506/304 528/515/334 569/523/333
f 528/515/334 547/514/335 569/523/333
f 547/514/335 538/513/336 569/523/333
f 538/513/336 543/511/337 569/523/333
f 543/511/337 532/512/332 569/523/333
f 543/524/338 574/508/339 578/524/340
f 528/515/326 580/515/341 570/515/342
f 546/512/330 573/512/343 537/512/311
f 538/508/339 582/525/344 574/508/339
f 537/512/311 579/511/345 544/511/312
f 544/511/312 575/513/346 539/513/329
f 547/525/347 570/509/342 582/525/344
f 549/515/328 572/515/348 584/515/341
f 532/512/349 585/512/350 550/512/322
f 541/512/319 581/512/350 546/512/330
f 548/514/314 572/515/348 536/515/327
f 545/515/324 576/515/341 580/515/341
f 550/512/322 577/512/350 541/512/319
f 540/515/323 584/515/341 576/515/341
f 539/513/329 583/514/351 548/514/314
f 532/512/349 578/524/340 571/512/352
s 0
f 580/526/353 582/526/353 570/526/353
f 578/526/354 585/526/354 571/526/354
f 580/526/353 576/526/353 582/526/353
f 583/526/355 574/526/355 582/526/355
f 576/526/356 583/526/356 582/526/356
f 574/526/355 579/526/355 578/526/355
f 585/526/354 578/526/354 577/526/354
f 575/526/355 579/526/355 574/526/355
f 572/526/357 583/526/357 584/526/357
f 583/526/355 575/526/355 574/526/355
f 579/526/358 581/526/358 577/526/358
f 579/526/359 577/526/359 578/526/359
f 584/526/357 583/526/357 576/526/357
f 573/526/358 581/526/358 579/526/358
s 1
f 533/505/303 529/527/303 559/506/304
f 528/509/308 530/528/360 534/503/306
f 534/503/306 532/512/361 543/524/362
f 538/508/307 547/525/363 528/509/308
f 534/503/306 543/524/362 538/508/307
f 531/510/309 529/529/309 533/505/309
f 558/511/310 546/512/330 537/512/311
f 551/513/313 539/513/329 548/514/314
f 552/513/313 542/513/313 553/514/316
f 555/511/318 550/512/322 541/512/319
f 552/513/313 555/511/318 554/511/320
f 538/513/313 543/511/321 555/511/318
f 543/511/321 532/512/349 550/512/322
f 556/514/317 553/514/316 540/515/323
f 547/514/325 556/514/317 545/515/324
f 538/513/313 552/513/313 556/514/317
f 557/514/315 548/514/314 536/515/327
f 553/514/316 557/514/315 549/515/328
f 542/513/313 551/513/313 557/514/315
f 551/513/313 558/511/310 544/511/312
f 542/513/313 554/511/320 558/511/310
f 554/511/320 541/512/319 546/512/330
f 543/524/338 538/508/339 574/508/339
f 528/515/326 545/515/324 580/515/341
f 546/512/330 581/512/350 573/512/343
f 538/508/339 547/525/347 582/525/344
f 537/512/311 573/512/343 579/511/345
f 544/511/312 579/511/345 575/513/346
f 547/525/347 528/509/326 570/509/342
f 549/515/328 536/515/327 572/515/348
f 532/512/349 571/512/352 585/512/350
f 541/512/319 577/512/350 581/512/350
f 548/514/314 583/514/351 572/515/348
f 545/515/324 540/515/323 576/515/341
f 550/512/322 585/512/350 577/512/350
f 540/515/323 549/515/328 584/515/341
f 539/513/329 575/513/346 583/514/351
f 532/512/349 543/524/338 578/524/340
o Sphere.001
v -0.940440 -0.619758 0.777969
v -0.839130 -0.500797 0.674795
v -0.706763 -0.436415 0.539992
v -0.563490 -0.436415 0.394082
v -0.431123 -0.500797 0.259279
v -1.008873 -0.781592 0.820448
v -0.979182 -0.637993 0.739927
v -0.897112 -0.528087 0.617861
v -0.775157 -0.468606 0.472834
v -0.631884 -0.468606 0.326924
v -0.489104 -0.528087 0.202345
v -0.368555 -0.637993 0.118063
v -0.288589 -0.781592 0.086910
v -1.020406 -0.799826 0.809123
v -1.012026 -0.689920 0.707677
v -0.946266 -0.605802 0.569595
v -0.833139 -0.560277 0.415900
v -0.689865 -0.560277 0.269990
v -0.538259 -0.605802 0.154079
v -0.401399 -0.689920 0.085813
v -0.300123 -0.799826 0.075585
v -1.002324 -0.859307 0.840992
v -1.028112 -0.827116 0.801556
v -1.033971 -0.767636 0.686128
v -0.979110 -0.722111 0.537345
v -0.871881 -0.697473 0.377858
v -0.728608 -0.697473 0.231948
v -0.571103 -0.722111 0.121829
v -0.423345 -0.767636 0.064264
v -0.307829 -0.827116 0.068018
v -1.030818 -0.859307 0.798899
v -1.041678 -0.859307 0.678561
v -0.990644 -0.859307 0.526020
v -0.885485 -0.859307 0.364500
v -0.742212 -0.859307 0.218590
v -0.582636 -0.859307 0.110504
v -0.431051 -0.859307 0.056697
v -0.310535 -0.859307 0.065361
v -1.028112 -0.891498 0.801556
v -1.033971 -0.950978 0.686128
v -0.979110 -0.996503 0.537345
v -0.871881 -1.021140 0.377858
v -0.728607 -1.021140 0.231948
v -0.571103 -0.996503 0.121829
v -0.423345 -0.950978 0.064264
v -0.307829 -0.891498 0.068018
v -1.020406 -0.918787 0.809123
v -1.012026 -1.028693 0.707677
v -0.946266 -1.112812 0.569595
v -0.833139 -1.158336 0.415900
v -0.689865 -1.158336 0.269990
v -0.538259 -1.112812 0.154079
v -0.401399 -1.028693 0.085813
v -0.300123 -0.918787 0.075585
v -1.008873 -0.937022 0.820448
v -0.979182 -1.080621 0.739927
v -0.897112 -1.190527 0.617862
v -0.775157 -1.250008 0.472834
v -0.631884 -1.250008 0.326924
v -0.489104 -1.190527 0.202345
v -0.368555 -1.080621 0.118063
v -0.288589 -0.937022 0.086910
v -0.995268 -0.943425 0.833806
v -0.940440 -1.098855 0.777969
v -0.839130 -1.217817 0.674795
v -0.706763 -1.282198 0.539992
v -0.563490 -1.282198 0.394082
v -0.431123 -1.217817 0.259279
v -0.329813 -1.098855 0.156105
v -0.274985 -0.943425 0.100268
v -0.981664 -0.937022 0.847165
v -0.901698 -1.080621 0.816011
v -0.781149 -1.190527 0.731729
v -0.638369 -1.250007 0.607150
v -0.495096 -1.250007 0.461240
v -0.373141 -1.190527 0.316213
v -0.291071 -1.080621 0.194147
v -0.261381 -0.937022 0.113627
v -0.970130 -0.918787 0.858490
v -0.868854 -1.028693 0.848261
v -0.731994 -1.112812 0.779995
v -0.580388 -1.158336 0.664084
v -0.437114 -1.158336 0.518174
v -0.323987 -1.112812 0.364479
v -0.258227 -1.028693 0.226398
v -0.249847 -0.918787 0.124952
v -0.267929 -0.859307 0.093083
v -0.962424 -0.891498 0.866057
v -0.846908 -0.950978 0.869811
v -0.699150 -0.996503 0.812246
v -0.541646 -1.021140 0.702126
v -0.398372 -1.021140 0.556216
v -0.291143 -0.996503 0.396730
v -0.236282 -0.950978 0.247947
v -0.242141 -0.891498 0.132519
v -0.959718 -0.859307 0.868714
v -0.839202 -0.859307 0.877378
v -0.687617 -0.859307 0.823570
v -0.528041 -0.859307 0.715485
v -0.384768 -0.859307 0.569575
v -0.279610 -0.859307 0.408054
v -0.228575 -0.859307 0.255514
v -0.239435 -0.859307 0.135176
v -0.962424 -0.827116 0.866057
v -0.846908 -0.767636 0.869810
v -0.699150 -0.722111 0.812246
v -0.541646 -0.697473 0.702126
v -0.398372 -0.697473 0.556216
v -0.291143 -0.722111 0.396730
v -0.236282 -0.767636 0.247947
v -0.242141 -0.827116 0.132519
v -0.970130 -0.799826 0.858490
v -0.868854 -0.689920 0.848261
v -0.731994 -0.605802 0.779995
v -0.580388 -0.560278 0.664084
v -0.437114 -0.560278 0.518174
v -0.323987 -0.605802 0.364479
v -0.258227 -0.689920 0.226398
v -0.249847 -0.799826 0.124952
v -0.981664 -0.781592 0.847165
v -0.901698 -0.637993 0.816011
v -0.781149 -0.528087 0.731729
v -0.638369 -0.468606 0.607150
v -0.495096 -0.468606 0.461240
v -0.373141 -0.528087 0.316213
v -0.291071 -0.637993 0.194147
v -0.261381 -0.781592 0.113627
v -0.995268 -0.775189 0.833806
v -0.329813 -0.619758 0.156105
v -0.274985 -0.775189 0.100268
v 0.965269 -0.619758 0.777969
v 0.863960 -0.500797 0.674795
v 0.731592 -0.436415 0.539992
v 0.588319 -0.436415 0.394082
v 0.455952 -0.500797 0.259279
v 1.033702 -0.781592 0.820448
v 1.004011 -0.637993 0.739927
v 0.921941 -0.528087 0.617861
v 0.799986 -0.468606 0.472834
v 0.656713 -0.468606 0.326924
v 0.513934 -0.528087 0.202345
v 0.393385 -0.637993 0.118063
v 0.313419 -0.781592 0.086910
v 1.045235 -0.799826 0.809123
v 1.036855 -0.689920 0.707677
v 0.971096 -0.605802 0.569595
v 0.857968 -0.560277 0.415900
v 0.714695 -0.560277 0.269990
v 0.563088 -0.605802 0.154079
v 0.426228 -0.689920 0.085813
v 0.324952 -0.799826 0.075585
v 1.027153 -0.859307 0.840992
v 1.052941 -0.827116 0.801556
v 1.058801 -0.767636 0.686128
v 1.003939 -0.722111 0.537345
v 0.896710 -0.697473 0.377858
v 0.753437 -0.697473 0.231948
v 0.595932 -0.722111 0.121829
v 0.448174 -0.767636 0.064264
v 0.332658 -0.827116 0.068018
v 1.055647 -0.859307 0.798899
v 1.066507 -0.859307 0.678561
v 1.015473 -0.859307 0.526020
v 0.910314 -0.859307 0.364500
v 0.767041 -0.859307 0.218590
v 0.607465 -0.859307 0.110504
v 0.455880 -0.859307 0.056697
v 0.335364 -0.859307 0.065361
v 1.052941 -0.891498 0.801556
v 1.058801 -0.950978 0.686128
v 1.003939 -0.996503 0.537345
v 0.896710 -1.021140 0.377858
v 0.753437 -1.021140 0.231948
v 0.595932 -0.996503 0.121829
v 0.448174 -0.950978 0.064264
v 0.332658 -0.891498 0.068018
v 1.045235 -0.918787 0.809123
v 1.036855 -1.028693 0.707677
v 0.971096 -1.112812 0.569595
v 0.857968 -1.158336 0.415900
v 0.714695 -1.158336 0.269990
v 0.563088 -1.112812 0.154079
v 0.426228 -1.028693 0.085813
v 0.324952 -0.918787 0.075585
v 1.033702 -0.937022 0.820448
v 1.004011 -1.080621 0.739927
v 0.921941 -1.190527 0.617862
v 0.799986 -1.250008 0.472834
v 0.656713 -1.250008 0.326924
v 0.513933 -1.190527 0.202345
v 0.393385 -1.080621 0.118063
v 0.313419 -0.937022 0.086910
v 1.020097 -0.943425 0.833806
v 0.965269 -1.098855 0.777969
v 0.863960 -1.217817 0.674795
v 0.731592 -1.282198 0.539992
v 0.588319 -1.282198 0.394082
v 0.455952 -1.217817 0.259279
v 0.354642 -1.098855 0.156105
v 0.299814 -0.943425 0.100268
v 1.006493 -0.937022 0.847165
v 0.926527 -1.080621 0.816011
v 0.805978 -1.190527 0.731729
v 0.663198 -1.250007 0.607150
v 0.519925 -1.250007 0.461240
v 0.397970 -1.190527 0.316213
v 0.315900 -1.080621 0.194147
v 0.286210 -0.937022 0.113627
v 0.994960 -0.918787 0.858490
v 0.893683 -1.028693 0.848261
v 0.756824 -1.112812 0.779995
v 0.605217 -1.158336 0.664084
v 0.461944 -1.158336 0.518174
v 0.348816 -1.112812 0.364479
v 0.283057 -1.028693 0.226398
v 0.274677 -0.918787 0.124952
v 0.292759 -0.859307 0.093083
v 0.987253 -0.891498 0.866057
v 0.871737 -0.950978 0.869811
v 0.723980 -0.996503 0.812246
v 0.566475 -1.021140 0.702126
v 0.423202 -1.021140 0.556216
v 0.315972 -0.996503 0.396730
v 0.261111 -0.950978 0.247947
v 0.266970 -0.891498 0.132519
v 0.984547 -0.859307 0.868714
v 0.864031 -0.859307 0.877378
v 0.712446 -0.859307 0.823570
v 0.552870 -0.859307 0.715485
v 0.409597 -0.859307 0.569575
v 0.304439 -0.859307 0.408054
v 0.253405 -0.859307 0.255514
v 0.264264 -0.859307 0.135176
v 0.987253 -0.827116 0.866057
v 0.871737 -0.767636 0.869810
v 0.723980 -0.722111 0.812246
v 0.566475 -0.697473 0.702126
v 0.423202 -0.697473 0.556216
v 0.315972 -0.722111 0.396730
v 0.261111 -0.767636 0.247947
v 0.266970 -0.827116 0.132519
v 0.994960 -0.799826 0.858490
v 0.893683 -0.689920 0.848261
v 0.756824 -0.605802 0.779995
v 0.605217 -0.560278 0.664084
v 0.461944 -0.560278 0.518174
v 0.348816 -0.605802 0.364479
v 0.283057 -0.689920 0.226398
v 0.274677 -0.799826 0.124952
v 1.006493 -0.781592 0.847165
v 0.926527 -0.637993 0.816011
v 0.805978 -0.528087 0.731729
v 0.663198 -0.468606 0.607150
v 0.519925 -0.468606 0.461240
v 0.397970 -0.528087 0.316213
v 0.315901 -0.637993 0.194147
v 0.286210 -0.781592 0.113627
v 1.020097 -0.775189 0.833806
v 0.354643 -0.619758 0.156105
v 0.299814 -0.775189 0.100268
vn -0.7871 0.5643 0.2490
vn -0.6645 0.3170 0.6767
vn -0.5334 0.6483 0.5433
vn 0.3307 0.8816 -0.3367
vn -0.2896 0.8310 -0.4749
vn 0.1110 0.9874 -0.1130
vn -0.6896 0.5239 -0.5000
vn -0.5201 0.5203 -0.6774
vn -0.8879 0.1985 0.4151
vn -0.7006 -0.0000 0.7135
vn -0.8032 0.2854 0.5230
vn -0.4816 0.8340 -0.2691
vn -0.6577 0.7528 -0.0265
vn -0.3307 0.8816 0.3367
vn -0.8830 -0.2375 -0.4049
vn -0.7792 0.0010 -0.6268
vn -0.7599 -0.2439 -0.6025
vn -0.9767 0.1914 -0.0969
vn -0.9194 0.3919 0.0328
vn -0.6133 -0.2484 -0.7498
vn -0.2985 -0.4940 -0.8166
vn -0.5125 -0.5238 -0.6804
vn 0.2394 0.5601 -0.7931
vn -0.3002 0.4932 -0.8165
vn -0.0515 0.7475 -0.6623
vn -0.4538 0.0044 -0.8911
vn -0.1018 0.1804 -0.9783
vn -0.1541 -0.0000 -0.9881
vn -0.8866 0.2351 -0.3984
vn -0.7587 0.2474 -0.6027
vn -0.9334 -0.1126 0.3408
vn -0.9920 0.0108 -0.1261
vn -0.9794 -0.1808 -0.0904
vn 0.3962 0.1927 -0.8977
vn 0.7006 -0.0000 -0.7135
vn 0.3268 0.1124 -0.9384
vn 0.0101 0.3850 -0.9229
vn 0.5075 0.2803 -0.8148
vn -0.1110 0.9874 0.1130
vn 0.4825 0.8338 0.2683
vn 0.6664 0.3200 -0.6734
vn 0.5337 0.6481 -0.5433
vn -0.8299 0.4833 -0.2787
vn -0.6402 -0.0000 -0.7682
vn 0.2889 -0.0000 -0.9574
vn -0.6131 0.2450 -0.7510
vn -0.9374 0.1057 0.3319
vn -0.4143 0.2344 -0.8794
vn -0.9011 -0.0000 -0.4337
vn -0.9425 -0.0000 0.3341
vn 0.9222 -0.3840 -0.0451
vn 0.8832 -0.2377 0.4043
vn 0.8266 -0.4907 0.2756
vn 0.3263 -0.0887 -0.9411
vn 0.2420 -0.5620 -0.7909
vn 0.6645 -0.3170 -0.6767
vn 0.5336 -0.6491 -0.5421
vn -0.0514 -0.7473 -0.6624
vn 0.9350 -0.0887 -0.3434
vn 0.9922 -0.0108 0.1245
vn 0.9768 -0.1908 0.0970
vn -0.5125 -0.2829 0.8107
vn -0.6614 -0.3195 0.6786
vn -0.7890 -0.5602 0.2525
vn -0.5335 -0.6483 0.5432
vn 0.0188 -0.3923 -0.9196
vn -0.4204 -0.2377 -0.8757
vn -0.1046 -0.2011 -0.9740
vn -0.8299 -0.4833 -0.2787
vn -0.9194 -0.3914 0.0401
vn -0.6865 -0.5203 -0.5079
vn 0.4802 -0.8310 0.2809
vn 0.3307 -0.8816 -0.3367
vn 0.6631 -0.7475 0.0394
vn -0.8884 -0.2034 0.4115
vn -0.2899 -0.8243 -0.4862
vn -0.4808 -0.8303 -0.2817
vn -0.3307 -0.8816 0.3367
vn -0.6629 -0.7477 -0.0396
vn -0.8054 -0.2813 0.5217
vn 0.7886 -0.5601 -0.2538
vn -0.1110 -0.9874 0.1130
vn 0.2774 -0.8275 0.4881
vn 0.3903 -0.2032 -0.8980
vn 0.6810 -0.5270 0.5084
vn 0.5111 -0.2789 -0.8130
vn -0.0282 -0.3835 0.9231
vn 0.4235 -0.2314 0.8758
vn 0.1029 -0.1802 0.9782
vn 0.1110 -0.9874 -0.1130
vn 0.8035 -0.2789 -0.5258
vn 0.6409 -0.0012 0.7676
vn 0.4541 0.0044 0.8909
vn -0.2347 -0.5643 0.7915
vn 0.0471 -0.7547 0.6544
vn 0.1541 -0.0000 0.9881
vn -0.3362 -0.0970 0.9368
vn -0.3900 -0.1938 0.9002
vn 0.5204 -0.5203 0.6771
vn 0.3014 -0.4924 0.8165
vn 0.6164 -0.2473 0.7476
vn 0.7600 -0.2440 0.6024
vn 0.8908 -0.2032 -0.4065
vn 0.7785 -0.0000 0.6276
vn -0.3014 0.0146 0.9534
vn -0.3237 0.1125 0.9395
vn 0.1147 0.1914 0.9748
vn 0.8835 0.2311 0.4075
vn 0.8992 0.0044 0.4375
vn 0.6160 0.2440 0.7490
vn 0.4235 0.2314 0.8758
vn 0.9768 0.1908 0.0970
vn -0.3901 0.2031 0.8981
vn 0.9519 -0.0000 -0.3063
vn 0.3014 0.4924 0.8165
vn 0.5203 0.5204 0.6771
vn 0.9225 0.3850 -0.0269
vn 0.9305 0.1095 -0.3496
vn -0.0102 0.3856 0.9226
vn 0.2778 0.8340 0.4766
vn 0.6811 0.5270 0.5083
vn 0.7621 0.2450 0.5993
vn 0.8299 0.4836 0.2783
vn 0.8879 0.1980 -0.4152
vn -0.5124 0.2833 0.8107
vn -0.2347 0.5643 0.7915
vn 0.0501 0.7534 0.6556
vn 0.7872 0.5641 -0.2491
vn 0.6649 0.7464 0.0278
vn 0.8012 0.2830 -0.5272
vn 0.7869 0.5645 0.2491
vn 0.6641 0.3172 0.6771
vn 0.8026 0.2855 0.5238
vn 0.1110 0.9874 0.1130
vn -0.4816 0.8340 0.2691
vn -0.2770 0.8338 0.4775
vn 0.7600 0.2440 -0.6024
vn 0.8258 0.4918 -0.2760
vn 0.8867 0.2282 -0.4020
vn -0.1110 0.9874 -0.1130
vn 0.4931 0.8275 -0.2686
vn 0.2902 0.8244 -0.4859
vn -0.3143 -0.1045 -0.9436
vn 0.1327 0.0011 -0.9912
vn 0.1082 -0.1809 -0.9775
vn 0.6573 0.7531 -0.0268
vn 0.6809 0.5276 -0.5079
vn -0.2373 0.5604 -0.7935
vn 0.2980 0.4941 -0.8167
vn -0.0103 0.3858 -0.9225
vn 0.3307 0.8816 0.3367
vn -0.3307 0.8816 -0.3367
vn -0.7006 -0.0000 -0.7135
vn -0.3974 0.1937 -0.8970
vn -0.3322 0.1098 -0.9368
vn 0.9308 0.0956 0.3527
vn 0.7006 -0.0000 0.7135
vn 0.9519 0.0007 0.3063
vn 0.4181 0.2281 -0.8793
vn 0.6419 -0.0000 -0.7668
vn 0.4579 0.0001 -0.8890
vn 0.9920 0.0109 -0.1257
vn 0.9305 -0.1095 0.3496
vn 0.9800 -0.1804 -0.0839
vn -0.6659 0.3216 -0.6732
vn -0.5125 0.2829 -0.8108
vn 0.8835 -0.2379 -0.4036
vn 0.7792 0.0011 -0.6268
vn 0.9010 0.0002 -0.4338
vn 0.5203 0.5203 -0.6772
vn 0.8879 0.2022 0.4133
vn -0.5335 0.6482 -0.5433
vn 0.0388 0.7532 -0.6567
vn 0.6164 0.2473 -0.7475
vn 0.1062 0.1803 -0.9779
vn 0.9222 0.3840 0.0451
vn 0.9796 0.1802 -0.0884
vn -0.3036 -0.0147 -0.9527
vn 0.7600 -0.2440 -0.6023
vn 0.6160 -0.2440 -0.7490
vn 0.8909 -0.2031 0.4064
vn 0.6661 -0.7452 -0.0313
vn 0.5335 -0.6490 0.5424
vn 0.3307 -0.8816 0.3367
vn 0.3014 -0.4924 -0.8165
vn 0.4196 -0.2380 -0.8760
vn -0.2346 -0.5639 -0.7918
vn -0.0234 -0.3913 -0.9199
vn -0.3879 -0.1986 -0.9000
vn 0.0517 -0.7477 -0.6620
vn 0.5132 -0.5228 -0.6806
vn 0.2785 -0.8268 -0.4888
vn -0.5336 -0.6483 -0.5432
vn -0.3307 -0.8816 -0.3367
vn 0.6810 -0.5271 -0.5083
vn 0.6617 -0.3237 0.6763
vn 0.2347 -0.5645 0.7913
vn -0.7843 -0.5660 -0.2541
vn -0.6609 -0.3211 -0.6783
vn -0.8991 -0.0043 0.4377
vn -0.9796 -0.1802 0.0884
vn -0.8866 -0.2351 0.3984
vn 0.9259 -0.3758 0.0385
vn 0.8257 -0.4847 -0.2885
vn 0.4914 -0.8244 -0.2810
vn 0.7869 -0.5614 0.2561
vn -0.6657 -0.7456 0.0298
vn -0.6809 -0.5276 0.5080
vn -0.8254 -0.4851 0.2887
vn 0.8045 -0.2790 0.5243
vn -0.1110 -0.9874 -0.1130
vn 0.1110 -0.9874 0.1130
vn -0.2777 -0.8340 0.4768
vn -0.5127 -0.5235 0.6805
vn -0.9224 -0.3836 -0.0451
vn -0.5124 -0.2833 -0.8107
vn -0.4817 -0.8340 0.2690
vn 0.3909 -0.2035 0.8977
vn 0.5091 -0.2856 0.8120
vn -0.0515 -0.7475 0.6623
vn 0.0103 -0.3858 0.9225
vn -0.7587 -0.2477 0.6025
vn -0.4579 -0.0001 0.8890
vn -0.0935 -0.1914 0.9771
vn -0.1430 0.0109 0.9897
vn -0.3038 -0.4851 0.8200
vn -0.8013 -0.2825 -0.5273
vn -0.8904 -0.2035 -0.4071
vn 0.3190 -0.0909 0.9434
vn -0.6162 -0.2439 0.7489
vn -0.4194 -0.2380 0.8761
vn -0.6418 -0.0000 0.7669
vn -0.7786 -0.0000 0.6275
vn 0.5335 0.6482 0.5433
vn -0.1011 0.2008 0.9744
vn -0.4234 0.2312 0.8759
vn -0.9374 -0.1057 -0.3319
vn 0.3326 0.1095 0.9367
vn 0.3036 0.0147 0.9527
vn -0.9907 -0.0004 0.1360
vn -0.9519 -0.0007 -0.3063
vn -0.7600 0.2440 0.6024
vn -0.9334 0.1126 -0.3407
vn -0.9794 0.1808 0.0904
vn 0.3903 0.2032 0.8980
vn 0.0101 0.3848 0.9229
vn -0.8257 0.4848 0.2884
vn -0.8835 0.2379 0.4036
vn -0.5206 0.5271 0.6717
vn -0.6160 0.2440 0.7490
vn -0.3036 0.4847 0.8203
vn 0.5125 0.2830 0.8107
vn -0.9226 0.3848 -0.0269
vn -0.0470 0.7547 0.6544
vn -0.7873 0.5640 -0.2491
vn -0.8884 0.2034 -0.4115
vn -0.6661 0.7452 0.0313
vn -0.6898 0.5229 0.5009
vn 0.2346 0.5639 0.7918
vn -0.8013 0.2833 -0.5270
vt 0.400775 0.424853
vt 0.427579 0.478462
vt 0.427579 0.424853
vt 0.427579 0.210421
vt 0.400775 0.264029
vt 0.427579 0.264029
vt 0.373971 0.317637
vt 0.373971 0.264029
vt 0.373971 0.478462
vt 0.394074 0.505265
vt 0.400775 0.478462
vt 0.400775 0.317637
vt 0.400775 0.371245
vt 0.427579 0.371245
vt 0.293559 0.371245
vt 0.320363 0.317637
vt 0.293559 0.317637
vt 0.347167 0.424853
vt 0.373971 0.424853
vt 0.293559 0.264029
vt 0.266755 0.210421
vt 0.266755 0.264029
vt 0.400775 0.156813
vt 0.373971 0.210421
vt 0.400775 0.210421
vt 0.320363 0.210421
vt 0.347167 0.156813
vt 0.320363 0.156813
vt 0.347167 0.371245
vt 0.347167 0.317637
vt 0.293559 0.478462
vt 0.320363 0.424853
vt 0.293559 0.424853
vt 0.373971 0.103205
vt 0.353868 0.076401
vt 0.347167 0.103205
vt 0.373971 0.156813
vt 0.400775 0.103205
vt 0.427579 0.317637
vt 0.454383 0.264029
vt 0.407476 0.076401
vt 0.427579 0.103205
vt 0.427579 0.156813
vt 0.373971 0.371245
vt 0.320363 0.264029
vt 0.320363 0.103205
vt 0.347167 0.264029
vt 0.347167 0.478462
vt 0.347167 0.210421
vt 0.380672 0.076401
vt 0.367270 0.505265
vt 0.320363 0.371245
vt 0.320363 0.478462
vt 0.340466 0.505265
vt 0.159539 0.156813
vt 0.132735 0.210421
vt 0.159539 0.210421
vt 0.300260 0.076401
vt 0.293559 0.103205
vt 0.239951 0.156813
vt 0.213147 0.103205
vt 0.213147 0.156813
vt 0.239951 0.210421
vt 0.132735 0.103205
vt 0.105931 0.156813
vt 0.132735 0.156813
vt 0.186343 0.478462
vt 0.206446 0.505265
vt 0.213147 0.478462
vt 0.239951 0.424853
vt 0.213147 0.424853
vt 0.266755 0.156813
vt 0.293559 0.210421
vt 0.293559 0.156813
vt 0.313662 0.505265
vt 0.266755 0.371245
vt 0.266755 0.424853
vt 0.266755 0.317637
vt 0.186343 0.264029
vt 0.213147 0.210421
vt 0.186343 0.210421
vt 0.327064 0.076401
vt 0.266755 0.478462
vt 0.239951 0.264029
vt 0.239951 0.317637
vt 0.213147 0.371245
vt 0.239951 0.371245
vt 0.239951 0.478462
vt 0.186343 0.156813
vt 0.213147 0.317637
vt 0.186343 0.317637
vt 0.286858 0.505265
vt 0.266755 0.103205
vt 0.260054 0.505265
vt 0.159539 0.264029
vt 0.239951 0.103205
vt 0.273456 0.076401
vt 0.159539 0.424853
vt 0.132735 0.371245
vt 0.132735 0.424853
vt 0.213147 0.264029
vt 0.193044 0.076401
vt 0.186343 0.103205
vt 0.534795 0.317637
vt 0.105931 0.371245
vt 0.246652 0.076401
vt 0.233250 0.505265
vt 0.186343 0.424853
vt 0.186343 0.371245
vt 0.534795 0.424853
vt 0.132735 0.478462
vt 0.159539 0.478462
vt 0.219848 0.076401
vt 0.159539 0.317637
vt 0.159539 0.371245
vt 0.132735 0.317637
vt 0.132735 0.264029
vt 0.179642 0.505265
vt 0.159539 0.103205
vt 0.534795 0.371245
vt 0.166240 0.076401
vt 0.152838 0.505265
vt 0.534795 0.264029
vt 0.420878 0.505265
vt 0.139436 0.076401
vt 0.105931 0.478462
vt 0.126034 0.505265
vt 0.507991 0.478462
vt 0.507991 0.424853
vt 0.507991 0.210421
vt 0.105931 0.264029
vt 0.534795 0.210421
vt 0.105931 0.210421
vt 0.534795 0.156813
vt 0.528094 0.505265
vt 0.534795 0.478462
vt 0.507991 0.317637
vt 0.105931 0.317637
vt 0.507991 0.371245
vt 0.507991 0.156813
vt 0.481187 0.478462
vt 0.112632 0.076401
vt 0.105931 0.103205
vt 0.481187 0.371245
vt 0.481187 0.317637
vt 0.481187 0.156813
vt 0.507991 0.103205
vt 0.534795 0.103205
vt 0.481187 0.424853
vt 0.454383 0.317637
vt 0.481187 0.264029
vt 0.507991 0.264029
vt 0.481187 0.210421
vt 0.501290 0.505265
vt 0.481187 0.103205
vt 0.454383 0.478462
vt 0.454383 0.424853
vt 0.454383 0.371245
vt 0.514692 0.076401
vt 0.454383 0.156813
vt 0.454383 0.210421
vt 0.474486 0.505265
vt 0.454383 0.103205
vt 0.487888 0.076401
vt 0.434280 0.076401
vt 0.461084 0.076401
vt 0.447682 0.505265
vt 0.380627 0.451153
vt 0.399895 0.489688
vt 0.380627 0.489688
vt 0.399895 0.374082
vt 0.419162 0.335546
vt 0.419162 0.374082
vt 0.342091 0.374082
vt 0.361359 0.412617
vt 0.342091 0.412617
vt 0.399895 0.335546
vt 0.380627 0.374082
vt 0.380627 0.335546
vt 0.303556 0.219939
vt 0.322824 0.258475
vt 0.303556 0.258475
vt 0.380627 0.412617
vt 0.361359 0.374082
vt 0.380627 0.258475
vt 0.361359 0.297011
vt 0.361359 0.258475
vt 0.399895 0.412617
vt 0.399895 0.297011
vt 0.356542 0.200672
vt 0.361359 0.219939
vt 0.342091 0.219939
vt 0.342091 0.489688
vt 0.327641 0.508956
vt 0.322824 0.489688
vt 0.342091 0.297011
vt 0.322824 0.335546
vt 0.322824 0.297011
vt 0.322824 0.451153
vt 0.303556 0.489688
vt 0.303556 0.451153
vt 0.395078 0.200672
vt 0.399895 0.219939
vt 0.380627 0.219939
vt 0.303556 0.412617
vt 0.322824 0.374082
vt 0.322824 0.412617
vt 0.361359 0.335546
vt 0.366176 0.508956
vt 0.361359 0.489688
vt 0.399895 0.258475
vt 0.380627 0.297011
vt 0.342091 0.335546
vt 0.342091 0.258475
vt 0.361359 0.451153
vt 0.342091 0.451153
vt 0.346908 0.508956
vt 0.375810 0.200672
vt 0.322824 0.219939
vt 0.303556 0.374082
vt 0.303556 0.335546
vt 0.289105 0.508956
vt 0.284288 0.489688
vt 0.265020 0.412617
vt 0.245753 0.451153
vt 0.245753 0.412617
vt 0.284288 0.297011
vt 0.303556 0.297011
vt 0.265020 0.258475
vt 0.284288 0.258475
vt 0.298739 0.200672
vt 0.284288 0.219939
vt 0.265020 0.297011
vt 0.284288 0.335546
vt 0.265020 0.335546
vt 0.245753 0.258475
vt 0.245753 0.297011
vt 0.284288 0.374082
vt 0.245753 0.489688
vt 0.226485 0.451153
vt 0.226485 0.258475
vt 0.245753 0.219939
vt 0.308373 0.508956
vt 0.476966 0.297011
vt 0.187949 0.258475
vt 0.187949 0.297011
vt 0.337274 0.200672
vt 0.284288 0.451153
vt 0.284288 0.412617
vt 0.265020 0.374082
vt 0.265020 0.451153
vt 0.226485 0.297011
vt 0.207217 0.335546
vt 0.207217 0.297011
vt 0.265020 0.489688
vt 0.318007 0.200672
vt 0.245753 0.335546
vt 0.245753 0.374082
vt 0.226485 0.374082
vt 0.207217 0.374082
vt 0.207217 0.258475
vt 0.269837 0.508956
vt 0.265020 0.219939
vt 0.226485 0.335546
vt 0.212034 0.508956
vt 0.207217 0.489688
vt 0.226485 0.489688
vt 0.250569 0.508956
vt 0.279471 0.200672
vt 0.226485 0.412617
vt 0.260203 0.200672
vt 0.231302 0.508956
vt 0.207217 0.451153
vt 0.187949 0.335546
vt 0.168682 0.412617
vt 0.187949 0.451153
vt 0.476966 0.451153
vt 0.207217 0.412617
vt 0.226485 0.219939
vt 0.207217 0.219939
vt 0.187949 0.489688
vt 0.240936 0.200672
vt 0.187949 0.374082
vt 0.187949 0.412617
vt 0.476966 0.374082
vt 0.168682 0.335546
vt 0.399895 0.451153
vt 0.457698 0.451153
vt 0.457698 0.412617
vt 0.192766 0.508956
vt 0.187949 0.219939
vt 0.168682 0.451153
vt 0.168682 0.374082
vt 0.202400 0.200672
vt 0.457698 0.489688
vt 0.476966 0.335546
vt 0.168682 0.297011
vt 0.173498 0.508956
vt 0.168682 0.489688
vt 0.476966 0.258475
vt 0.168682 0.219939
vt 0.457698 0.335546
vt 0.476966 0.412617
vt 0.457698 0.219939
vt 0.457698 0.258475
vt 0.462515 0.508956
vt 0.476966 0.489688
vt 0.438430 0.489688
vt 0.438430 0.451153
vt 0.438430 0.297011
vt 0.457698 0.297011
vt 0.168682 0.258475
vt 0.443247 0.508956
vt 0.183132 0.200672
vt 0.438430 0.374082
vt 0.457698 0.374082
vt 0.438430 0.412617
vt 0.419162 0.489688
vt 0.438430 0.258475
vt 0.472149 0.200672
vt 0.476966 0.219939
vt 0.419162 0.412617
vt 0.419162 0.258475
vt 0.438430 0.219939
vt 0.419162 0.297011
vt 0.438430 0.335546
vt 0.419162 0.451153
vt 0.423979 0.508956
vt 0.419162 0.219939
vt 0.452881 0.200672
vt 0.404712 0.508956
vt 0.433613 0.200672
vt 0.385444 0.508956
vt 0.414345 0.200672
vt 0.221668 0.200672
vt 0.105931 0.424853
s 1
f 592/530/364 713/531/365 586/532/366
f 590/533/367 595/534/368 589/535/369
f 602/536/370 595/534/368 603/537/371
f 599/538/372 607/539/373 591/540/374
f 594/541/375 589/535/369 595/534/368
f 602/536/370 593/542/376 594/541/375
f 587/543/377 594/541/375 593/542/376
f 626/544/378 619/545/379 627/546/380
f 609/547/381 599/538/372 600/548/382
f 628/549/383 637/550/384 636/551/385
f 597/552/386 604/553/387 596/554/388
f 621/555/389 614/556/390 622/557/391
f 619/545/379 610/558/392 611/559/393
f 624/560/394 617/561/395 625/562/396
f 606/563/397 672/564/398 615/565/399
f 605/566/400 598/567/401 606/563/397
f 588/568/402 709/569/403 589/535/369
f 672/570/398 598/567/401 715/571/404
f 714/572/405 596/554/388 590/533/367
f 610/558/392 600/548/382 601/573/406
f 620/574/407 627/546/380 619/545/379
f 622/557/391 615/565/399 623/575/408
f 592/530/364 601/573/406 600/548/382
f 612/576/409 602/536/370 603/537/371
f 601/573/406 611/559/393 610/558/392
f 614/556/390 606/563/397 615/565/399
f 617/561/395 608/577/410 609/547/381
f 620/574/407 613/578/411 621/555/389
f 613/578/411 605/566/400 614/556/390
f 612/576/409 604/553/387 613/578/411
f 672/579/398 606/563/397 598/567/401
f 608/577/410 607/580/373 599/538/372
f 618/581/412 609/547/381 610/558/392
f 620/574/407 611/559/393 612/576/409
f 616/582/413 607/583/373 608/577/410
f 670/584/414 678/585/415 669/586/416
f 672/587/398 631/588/417 623/575/408
f 646/589/418 655/590/419 654/591/420
f 637/550/384 646/589/418 645/592/421
f 680/593/422 687/594/423 679/595/424
f 656/596/425 607/597/373 648/598/426
f 648/598/426 641/599/427 649/600/428
f 638/601/429 629/602/430 630/603/431
f 624/560/394 607/604/373 616/582/413
f 634/605/432 641/599/427 633/606/433
f 625/562/396 618/581/412 626/544/378
f 634/605/432 627/546/380 635/607/434
f 631/588/417 622/557/391 623/575/408
f 633/606/433 626/544/378 634/605/432
f 660/608/435 653/609/436 661/610/437
f 629/602/430 620/574/407 621/555/389
f 672/611/398 623/575/408 615/565/399
f 630/603/431 621/555/389 622/557/391
f 625/562/396 632/612/438 624/560/394
f 644/613/439 635/607/434 636/551/385
f 643/614/440 650/615/441 642/616/442
f 640/617/443 633/606/433 641/599/427
f 642/616/442 635/607/434 643/614/440
f 669/586/416 662/618/444 670/584/414
f 651/619/445 660/608/435 659/620/446
f 635/607/434 628/549/383 636/551/385
f 632/612/438 607/621/373 624/560/394
f 639/622/447 630/603/431 631/588/417
f 649/600/428 642/616/442 650/615/441
f 640/617/443 607/623/373 632/612/438
f 661/610/437 668/624/448 660/608/435
f 647/625/449 638/601/429 639/622/447
f 672/626/398 639/622/447 631/588/417
f 665/627/450 675/628/451 674/629/452
f 645/592/421 636/551/385 637/550/384
f 652/630/453 643/614/440 644/613/439
f 672/631/398 663/632/454 655/590/419
f 675/628/451 684/633/455 683/634/456
f 654/591/420 645/592/421 646/589/418
f 653/609/436 644/613/439 645/592/421
f 672/635/398 647/625/449 639/622/447
f 648/598/426 607/636/373 640/617/443
f 657/637/457 648/598/426 649/600/428
f 658/638/458 649/600/428 650/615/441
f 682/639/459 673/640/460 674/629/452
f 659/620/446 650/615/441 651/619/445
f 662/618/444 655/590/419 663/632/454
f 661/610/437 654/591/420 662/618/444
f 656/596/425 665/627/450 664/641/461
f 672/642/398 655/590/419 647/625/449
f 667/643/462 658/638/458 659/620/446
f 666/644/463 657/637/457 658/638/458
f 676/645/464 668/624/448 677/646/465
f 668/624/448 659/620/446 660/608/435
f 664/641/461 607/647/373 656/596/425
f 670/584/414 663/632/454 671/648/466
f 674/629/452 664/641/461 665/627/450
f 676/645/464 666/644/463 667/643/462
f 683/649/456 674/629/452 675/628/451
f 679/595/424 671/648/466 680/593/422
f 672/650/398 671/648/466 663/632/454
f 677/646/465 669/586/416 678/585/415
f 673/640/460 607/651/373 664/641/461
f 685/652/467 676/645/464 677/646/465
f 607/653/373 713/531/365 591/540/374
f 672/654/398 680/593/422 671/648/466
f 681/655/468 607/656/373 673/640/460
f 689/657/469 682/639/459 690/658/470
f 694/659/471 685/660/467 686/661/472
f 686/662/472 679/595/424 687/663/423
f 607/664/373 681/665/468 689/657/469
f 685/660/467 678/585/415 686/661/472
f 685/652/467 692/666/473 684/667/455
f 690/658/470 683/649/456 691/668/474
f 695/669/475 686/662/472 687/663/423
f 690/658/470 697/670/476 689/657/469
f 672/671/398 688/672/477 680/593/422
f 699/673/478 692/666/473 700/674/479
f 703/675/480 694/659/471 695/669/475
f 603/537/371 596/554/388 604/553/387
f 691/668/474 684/633/455 692/666/473
f 696/676/481 687/594/423 688/677/477
f 698/678/482 691/668/474 699/673/478
f 708/679/483 701/680/484 709/569/403
f 693/681/485 702/682/486 701/680/484
f 697/670/476 607/683/373 689/657/469
f 701/680/484 692/666/473 693/681/485
f 704/684/487 695/669/475 696/676/481
f 705/685/488 698/678/482 706/686/489
f 707/687/490 700/674/479 708/679/483
f 688/677/477 672/688/398 696/676/481
f 586/532/366 707/687/490 587/543/377
f 699/673/478 706/686/489 698/678/482
f 702/682/486 711/689/491 710/690/492
f 713/531/365 706/686/489 586/532/366
f 710/690/492 701/680/484 702/682/486
f 705/685/488 607/691/373 697/670/476
f 712/692/493 703/675/480 704/684/487
f 672/693/398 704/684/487 696/676/481
f 672/694/398 715/571/404 712/692/493
f 708/679/483 587/543/377 707/687/490
f 711/689/491 715/571/404 714/572/405
f 714/572/405 710/690/492 711/689/491
f 590/533/367 709/569/403 710/690/492
f 672/695/398 712/692/493 704/684/487
f 713/531/365 607/696/373 705/685/488
f 722/697/494 843/698/495 721/699/496
f 718/700/497 839/701/498 838/702/499
f 741/703/500 731/704/501 740/705/502
f 719/706/503 724/707/504 725/708/505
f 761/709/506 752/710/507 760/711/508
f 723/712/509 732/713/510 724/707/504
f 727/714/511 734/715/512 735/716/513
f 717/717/514 724/707/504 718/700/497
f 725/708/505 720/718/515 719/706/503
f 802/719/516 736/720/517 745/721/518
f 738/722/519 737/723/520 746/724/521
f 743/725/522 750/726/523 751/727/524
f 747/728/525 754/729/526 755/730/527
f 802/731/516 845/732/528 728/733/529
f 756/734/530 749/735/531 748/736/532
f 728/733/529 735/716/513 736/720/517
f 733/737/533 724/707/504 732/713/510
f 721/699/496 737/738/520 729/739/534
f 844/740/535 726/741/536 727/714/511
f 733/737/533 741/703/500 742/742/537
f 744/743/538 751/727/524 752/710/507
f 733/737/533 726/741/536 725/708/505
f 845/732/528 727/714/511 728/733/529
f 740/705/502 730/744/539 739/745/540
f 743/725/522 735/716/513 734/715/512
f 739/745/540 748/736/532 740/705/502
f 747/728/525 738/722/519 746/724/521
f 734/715/512 742/742/537 743/725/522
f 729/739/534 737/746/520 738/722/519
f 736/720/517 744/743/538 745/721/518
f 802/747/516 728/733/529 736/720/517
f 741/703/500 750/726/523 742/742/537
f 740/705/502 749/735/531 741/703/500
f 745/721/518 752/710/507 753/748/541
f 750/726/523 757/749/542 758/750/543
f 737/751/520 762/752/544 754/729/526
f 772/753/545 779/754/546 780/755/547
f 758/750/543 767/756/548 759/757/549
f 767/756/548 776/758/550 768/759/551
f 802/760/516 761/709/506 769/761/552
f 775/762/553 766/763/554 774/764/555
f 784/765/556 775/762/553 783/766/557
f 766/763/554 757/749/542 765/767/558
f 778/768/559 787/769/560 779/754/546
f 748/736/532 755/730/527 756/734/530
f 792/770/561 785/771/562 784/765/556
f 737/772/520 754/729/526 746/724/521
f 816/773/563 809/774/564 808/775/565
f 759/757/549 750/726/523 758/750/543
f 802/776/516 745/721/518 753/748/541
f 751/727/524 760/711/508 752/710/507
f 755/730/527 762/752/544 763/777/566
f 756/734/530 763/777/566 764/778/567
f 765/767/558 772/753/545 773/779/568
f 764/778/567 771/780/569 772/753/545
f 791/781/570 798/782/571 799/783/572
f 757/749/542 764/778/567 765/767/558
f 760/711/508 769/761/552 761/709/506
f 759/757/549 768/759/551 760/711/508
f 770/784/573 763/777/566 762/752/544
f 761/709/506 802/785/516 753/748/541
f 773/779/568 782/786/574 774/764/555
f 773/779/568 780/755/547 781/787/575
f 798/782/571 789/788/576 797/789/577
f 800/790/578 808/775/565 809/774/564
f 766/763/554 773/779/568 774/764/555
f 762/752/544 737/791/520 770/784/573
f 768/759/551 777/792/579 769/761/552
f 771/780/569 778/768/559 779/754/546
f 781/787/575 790/793/580 782/786/574
f 737/794/520 794/795/581 786/796/582
f 770/784/573 737/797/520 778/768/559
f 776/758/550 785/771/562 777/792/579
f 802/798/516 769/761/552 777/792/579
f 774/764/555 783/766/557 775/762/553
f 789/788/576 780/755/547 788/799/583
f 779/754/546 788/799/583 780/755/547
f 784/765/556 791/781/570 792/770/561
f 783/766/557 790/793/580 791/781/570
f 802/800/516 777/792/579 785/771/562
f 737/801/520 786/796/582 778/768/559
f 786/796/582 795/802/584 787/769/560
f 807/803/585 799/783/572 798/782/571
f 813/804/586 804/805/587 812/806/588
f 787/769/560 796/807/589 788/799/583
f 793/808/590 800/790/578 801/809/591
f 797/789/577 788/799/583 796/807/589
f 792/770/561 799/783/572 800/790/578
f 804/805/587 794/795/581 803/810/592
f 793/808/590 802/811/516 785/771/562
f 806/812/593 796/807/589 805/813/594
f 795/802/584 805/813/594 796/807/589
f 807/803/585 814/814/595 815/815/596
f 716/816/597 723/712/509 717/717/514
f 813/804/586 820/817/598 821/818/599
f 797/789/577 807/803/585 798/782/571
f 794/795/581 737/819/520 803/810/592
f 801/809/591 809/774/564 810/820/600
f 803/810/592 812/821/588 804/805/587
f 805/813/594 814/822/595 806/812/593
f 802/823/516 801/809/591 810/820/600
f 812/821/588 819/824/601 820/817/598
f 808/775/565 815/825/596 816/826/563
f 803/810/592 737/827/520 811/828/602
f 810/820/600 817/829/603 818/830/604
f 814/814/595 823/831/605 815/815/596
f 821/818/599 814/822/595 813/832/586
f 826/833/606 817/829/603 825/834/607
f 737/835/520 819/824/601 811/836/602
f 820/817/598 827/837/608 828/838/609
f 823/831/605 832/839/610 824/840/611
f 816/773/563 825/834/607 817/841/603
f 737/842/520 827/837/608 819/824/601
f 815/825/596 824/840/611 816/826/563
f 802/843/516 810/820/600 818/830/604
f 830/844/612 823/831/605 822/845/613
f 821/818/599 828/838/609 829/846/614
f 835/847/615 828/838/609 827/837/608
f 824/840/611 833/848/616 825/834/607
f 826/833/606 802/849/516 818/850/604
f 830/844/612 837/851/617 838/702/499
f 832/839/610 841/852/618 833/848/616
f 822/845/613 829/846/614 830/844/612
f 825/834/607 834/853/619 826/833/606
f 840/854/620 831/855/621 839/701/498
f 829/846/614 836/856/622 837/851/617
f 827/837/608 737/857/520 835/847/615
f 833/848/616 842/858/623 834/853/619
f 836/856/622 843/698/495 716/816/597
f 838/702/499 717/717/514 718/700/497
f 802/859/516 826/833/606 834/853/619
f 831/855/621 838/702/499 839/701/498
f 716/816/597 837/851/617 836/856/622
f 844/740/535 840/854/620 720/718/515
f 720/718/515 839/701/498 719/706/503
f 835/847/615 737/860/520 843/698/495
f 845/732/528 841/852/618 844/740/535
f 802/861/516 834/853/619 842/858/623
f 739/745/540 729/739/534 738/722/519
f 737/862/520 721/699/496 843/698/495
f 802/863/516 842/858/623 845/732/528
f 722/697/494 731/704/501 723/712/509
f 597/552/386 715/571/404 598/567/401
f 600/548/382 591/540/374 592/530/364
f 586/532/366 593/542/376 592/530/364
f 802/864/516 793/808/590 801/809/591
f 730/744/539 721/699/496 729/739/534
f 722/697/494 716/816/597 843/698/495
f 718/700/497 719/706/503 839/701/498
f 741/703/500 732/713/510 731/704/501
f 719/706/503 718/700/497 724/707/504
f 761/709/506 753/748/541 752/710/507
f 723/712/509 731/704/501 732/713/510
f 727/714/511 726/741/536 734/715/512
f 717/717/514 723/712/509 724/707/504
f 725/708/505 726/741/536 720/718/515
f 743/725/522 742/742/537 750/726/523
f 747/728/525 746/724/521 754/729/526
f 756/734/530 757/749/542 749/735/531
f 728/733/529 727/714/511 735/716/513
f 733/737/533 725/708/505 724/707/504
f 844/740/535 720/718/515 726/741/536
f 733/737/533 732/713/510 741/703/500
f 744/743/538 743/725/522 751/727/524
f 733/737/533 734/715/512 726/741/536
f 845/732/528 844/740/535 727/714/511
f 740/705/502 731/704/501 730/744/539
f 743/725/522 744/743/538 735/716/513
f 739/745/540 747/728/525 748/736/532
f 747/728/525 739/745/540 738/722/519
f 734/715/512 733/737/533 742/742/537
f 736/720/517 735/716/513 744/743/538
f 741/703/500 749/735/531 750/726/523
f 740/705/502 748/736/532 749/735/531
f 745/721/518 744/743/538 752/710/507
f 750/726/523 749/735/531 757/749/542
f 772/753/545 771/780/569 779/754/546
f 758/750/543 766/763/554 767/756/548
f 767/756/548 775/762/553 776/758/550
f 775/762/553 767/756/548 766/763/554
f 784/765/556 776/758/550 775/762/553
f 766/763/554 758/750/543 757/749/542
f 778/768/559 786/796/582 787/769/560
f 748/736/532 747/728/525 755/730/527
f 792/770/561 793/808/590 785/771/562
f 816/773/563 817/841/603 809/774/564
f 759/757/549 751/727/524 750/726/523
f 751/727/524 759/757/549 760/711/508
f 755/730/527 754/729/526 762/752/544
f 756/734/530 755/730/527 763/777/566
f 765/767/558 764/778/567 772/753/545
f 764/778/567 763/777/566 771/780/569
f 791/781/570 790/793/580 798/782/571
f 757/749/542 756/734/530 764/778/567
f 760/711/508 768/759/551 769/761/552
f 759/757/549 767/756/548 768/759/551
f 770/784/573 771/780/569 763/777/566
f 773/779/568 781/787/575 782/786/574
f 773/779/568 772/753/545 780/755/547
f 798/782/571 790/793/580 789/788/576
f 800/790/578 799/783/572 808/775/565
f 766/763/554 765/767/558 773/779/568
f 768/759/551 776/758/550 777/792/579
f 771/780/569 770/784/573 778/768/559
f 781/787/575 789/788/576 790/793/580
f 776/758/550 784/765/556 785/771/562
f 774/764/555 782/786/574 783/766/557
f 789/788/576 781/787/575 780/755/547
f 779/754/546 787/769/560 788/799/583
f 784/765/556 783/766/557 791/781/570
f 783/766/557 782/786/574 790/793/580
f 786/796/582 794/795/581 795/802/584
f 807/803/585 808/775/565 799/783/572
f 813/804/586 805/813/594 804/805/587
f 787/769/560 795/802/584 796/807/589
f 793/808/590 792/770/561 800/790/578
f 797/789/577 789/788/576 788/799/583
f 792/770/561 791/781/570 799/783/572
f 804/805/587 795/802/584 794/795/581
f 806/812/593 797/789/577 796/807/589
f 795/802/584 804/805/587 805/813/594
f 807/803/585 806/812/593 814/814/595
f 716/816/597 722/697/494 723/712/509
f 813/804/586 812/806/588 820/817/598
f 797/789/577 806/812/593 807/803/585
f 801/809/591 800/790/578 809/774/564
f 803/810/592 811/836/602 812/821/588
f 805/813/594 813/832/586 814/822/595
f 812/821/588 811/836/602 819/824/601
f 808/775/565 807/803/585 815/825/596
f 810/820/600 809/774/564 817/829/603
f 814/814/595 822/845/613 823/831/605
f 821/818/599 822/845/613 814/822/595
f 826/833/606 818/830/604 817/829/603
f 820/817/598 819/824/601 827/837/608
f 823/831/605 831/855/621 832/839/610
f 816/773/563 824/840/611 825/834/607
f 815/825/596 823/831/605 824/840/611
f 830/844/612 831/855/621 823/831/605
f 821/818/599 820/817/598 828/838/609
f 835/847/615 836/856/622 828/838/609
f 824/840/611 832/839/610 833/848/616
f 830/844/612 829/846/614 837/851/617
f 832/839/610 840/854/620 841/852/618
f 822/845/613 821/818/599 829/846/614
f 825/834/607 833/848/616 834/853/619
f 840/854/620 832/839/610 831/855/621
f 829/846/614 828/838/609 836/856/622
f 833/848/616 841/852/618 842/858/623
f 836/856/622 835/847/615 843/698/495
f 838/702/499 837/851/617 717/717/514
f 831/855/621 830/844/612 838/702/499
f 716/816/597 717/717/514 837/851/617
f 844/740/535 841/852/618 840/854/620
f 720/718/515 840/854/620 839/701/498
f 845/732/528 842/858/623 841/852/618
f 739/745/540 730/744/539 729/739/534
f 722/697/494 730/744/539 731/704/501
f 730/744/539 722/697/494 721/699/496
f 592/530/364 591/540/374 713/531/365
f 590/533/367 596/554/388 595/534/368
f 602/536/370 594/541/375 595/534/368
f 594/541/375 588/568/402 589/535/369
f 602/536/370 601/573/406 593/542/376
f 587/543/377 588/568/402 594/541/375
f 626/544/378 618/581/412 619/545/379
f 609/547/381 608/577/410 599/538/372
f 628/549/383 629/602/430 637/550/384
f 597/552/386 605/566/400 604/553/387
f 621/555/389 613/578/411 614/556/390
f 619/545/379 618/581/412 610/558/392
f 624/560/394 616/582/413 617/561/395
f 605/566/400 597/552/386 598/567/401
f 588/568/402 708/679/483 709/569/403
f 714/572/405 597/552/386 596/554/388
f 610/558/392 609/547/381 600/548/382
f 620/574/407 628/549/383 627/546/380
f 622/557/391 614/556/390 615/565/399
f 592/530/364 593/542/376 601/573/406
f 612/576/409 611/559/393 602/536/370
f 601/573/406 602/536/370 611/559/393
f 614/556/390 605/566/400 606/563/397
f 617/561/395 616/582/413 608/577/410
f 620/574/407 612/576/409 613/578/411
f 613/578/411 604/553/387 605/566/400
f 612/576/409 603/537/371 604/553/387
f 618/581/412 617/561/395 609/547/381
f 620/574/407 619/545/379 611/559/393
f 670/584/414 679/595/424 678/585/415
f 646/589/418 647/625/449 655/590/419
f 637/550/384 638/601/429 646/589/418
f 680/593/422 688/677/477 687/594/423
f 648/598/426 640/617/443 641/599/427
f 638/601/429 637/550/384 629/602/430
f 634/605/432 642/616/442 641/599/427
f 625/562/396 617/561/395 618/581/412
f 634/605/432 626/544/378 627/546/380
f 631/588/417 630/603/431 622/557/391
f 633/606/433 625/562/396 626/544/378
f 660/608/435 652/630/453 653/609/436
f 629/602/430 628/549/383 620/574/407
f 630/603/431 629/602/430 621/555/389
f 625/562/396 633/606/433 632/612/438
f 644/613/439 643/614/440 635/607/434
f 643/614/440 651/619/445 650/615/441
f 640/617/443 632/612/438 633/606/433
f 642/616/442 634/605/432 635/607/434
f 669/586/416 661/610/437 662/618/444
f 651/619/445 652/630/453 660/608/435
f 635/607/434 627/546/380 628/549/383
f 639/622/447 638/601/429 630/603/431
f 649/600/428 641/599/427 642/616/442
f 661/610/437 669/586/416 668/624/448
f 647/625/449 646/589/418 638/601/429
f 665/627/450 666/644/463 675/628/451
f 645/592/421 644/613/439 636/551/385
f 652/630/453 651/619/445 643/614/440
f 675/628/451 676/645/464 684/633/455
f 654/591/420 653/609/436 645/592/421
f 653/609/436 652/630/453 644/613/439
f 657/637/457 656/596/425 648/598/426
f 658/638/458 657/637/457 649/600/428
f 682/639/459 681/655/468 673/640/460
f 659/620/446 658/638/458 650/615/441
f 662/618/444 654/591/420 655/590/419
f 661/610/437 653/609/436 654/591/420
f 656/596/425 657/637/457 665/627/450
f 667/643/462 666/644/463 658/638/458
f 666/644/463 665/627/450 657/637/457
f 676/645/464 667/643/462 668/624/448
f 668/624/448 667/643/462 659/620/446
f 670/584/414 662/618/444 663/632/454
f 674/629/452 673/640/460 664/641/461
f 676/645/464 675/628/451 666/644/463
f 683/649/456 682/865/459 674/629/452
f 679/595/424 670/584/414 671/648/466
f 677/646/465 668/624/448 669/586/416
f 685/652/467 684/667/455 676/645/464
f 689/657/469 681/655/468 682/639/459
f 694/659/471 693/681/485 685/660/467
f 686/662/472 678/585/415 679/595/424
f 685/660/467 677/646/465 678/585/415
f 685/652/467 693/681/485 692/666/473
f 690/658/470 682/865/459 683/649/456
f 695/669/475 694/659/471 686/662/472
f 690/658/470 698/678/482 697/670/476
f 699/673/478 691/668/474 692/666/473
f 703/675/480 702/682/486 694/659/471
f 603/537/371 595/534/368 596/554/388
f 691/668/474 683/634/456 684/633/455
f 696/676/481 695/669/475 687/594/423
f 698/678/482 690/658/470 691/668/474
f 708/679/483 700/674/479 701/680/484
f 693/681/485 694/659/471 702/682/486
f 701/680/484 700/674/479 692/666/473
f 704/684/487 703/675/480 695/669/475
f 705/685/488 697/670/476 698/678/482
f 707/687/490 699/673/478 700/674/479
f 586/532/366 706/686/489 707/687/490
f 699/673/478 707/687/490 706/686/489
f 702/682/486 703/675/480 711/689/491
f 713/531/365 705/685/488 706/686/489
f 710/690/492 709/569/403 701/680/484
f 712/692/493 711/689/491 703/675/480
f 708/679/483 588/568/402 587/543/377
f 711/689/491 712/692/493 715/571/404
f 714/572/405 590/533/367 710/690/492
f 590/533/367 589/535/369 709/569/403
f 597/552/386 714/572/405 715/571/404
f 600/548/382 599/538/372 591/540/374
f 586/532/366 587/543/377 593/542/376
