# Blender 4.5.1 LTS
# www.blender.org
o Cube.001
v 0.957418 0.957418 0.769826
v 0.274641 0.634884 -0.564837
v 0.957418 -0.957418 0.769826
v -0.957418 0.957418 0.769826
v -0.274641 0.634884 -0.564837
v -0.957418 -0.957418 0.769826
v -0.621135 -0.000000 -0.384913
v 0.000000 0.709786 -0.464967
v 0.769826 0.769826 -0.000000
v -0.769826 -0.769826 0.000000
v 0.769826 -0.769826 0.000000
v -0.769826 0.769826 -0.000000
v 0.000000 -0.957418 0.769826
v 0.957418 0.000000 0.769826
v 0.000000 -0.769826 -0.769826
v -0.957418 0.000000 0.769826
v 0.000000 0.957418 0.769826
v 0.621135 -0.000000 -0.384913
v 0.000000 0.769826 -0.000000
v 0.769826 0.000000 0.000000
v 0.000000 -0.000000 -0.769826
v -0.769826 0.000000 0.000000
v 0.000000 -0.769826 0.000000
v -0.577370 -0.577370 -0.577370
v 0.000000 0.710975 1.211368
v 0.000000 -0.710975 1.211368
v -0.769826 -0.769826 0.384913
v 0.538878 -0.615861 -0.615861
v -0.355487 0.710975 1.211368
v -0.478709 -0.957418 0.769826
v 0.957418 -0.478709 0.769826
v -0.957418 0.478709 0.769826
v 0.478709 0.957418 0.769826
v 0.355487 -0.710975 1.211368
v -0.710975 0.000000 1.211368
v 0.710975 0.710975 1.211368
v 0.769826 0.769826 0.384913
v 0.769826 -0.769826 0.384913
v -0.769826 0.769826 0.384913
v 0.478709 -0.957418 0.769826
v 0.957418 0.478709 0.769826
v -0.957418 -0.478709 0.769826
v -0.478709 0.957418 0.769826
v 0.384913 0.769826 -0.000000
v -0.384913 0.769826 -0.000000
v -0.355487 -0.710975 1.211368
v 0.000000 0.769826 0.384913
v 0.769826 -0.384913 0.000000
v 0.769826 0.384913 -0.000000
v -0.710975 -0.710975 1.211368
v 0.769826 0.000000 0.384913
v 0.000000 -0.384913 -0.769826
v 0.000000 0.384913 -0.769826
v -0.257747 -0.000000 -0.769826
v 0.257747 -0.000000 -0.769826
v -0.769826 0.384913 -0.000000
v -0.769826 -0.384913 0.000000
v 0.710975 -0.355487 1.211368
v -0.769826 0.000000 0.384913
v -0.384913 -0.769826 0.000000
v 0.384913 -0.769826 0.000000
v 0.000000 -0.769826 -0.384913
v 0.000000 -0.769826 0.384913
v 0.384913 -0.769826 0.384913
v -0.769826 -0.384913 0.384913
v -0.710975 -0.355487 1.211368
v 0.355487 0.710975 1.211368
v 0.710975 0.000000 1.211368
v 0.769826 0.384913 0.384913
v -0.710975 0.710975 1.211368
v 0.710975 -0.710975 1.211368
v -0.384913 0.769826 0.384913
v 0.710975 0.355487 1.211368
v -0.710975 0.355487 1.211368
v 0.384913 0.769826 0.384913
v 0.769826 -0.384913 0.384913
v -0.769826 0.384913 0.384913
v -0.384913 -0.769826 0.384913
v 0.249304 0.249304 1.513548
v 0.124652 0.000000 1.513548
v -0.124652 0.000000 1.513548
v 0.124652 0.249304 1.513548
v 0.000000 -0.124652 1.513548
v 0.249304 0.124652 1.513548
v 0.124652 0.124652 1.513548
v -0.124652 -0.124652 1.513548
v -0.249304 -0.124652 1.513548
v -0.487396 -0.243698 1.397001
v 0.487396 0.243698 1.397001
v 0.243698 0.487396 1.397001
v 0.487396 0.487396 1.397001
v -0.487396 0.000000 1.397001
v -0.243698 -0.487396 1.397001
v -0.487396 0.243698 1.397001
v 0.487396 -0.243698 1.397001
v -0.243698 0.487396 1.397001
v -0.487396 0.487396 1.397001
v 0.487396 0.000000 1.397001
v 0.000000 -0.487396 1.397001
v 0.243698 -0.487396 1.397001
v 0.000000 0.487396 1.397001
v 0.487396 -0.487396 1.397001
v -0.487396 -0.487396 1.397001
v -0.249304 0.000000 1.513548
v 0.000000 0.124652 1.513548
v 0.000000 0.000000 1.513548
v -0.124652 -0.249304 1.513548
v -0.249304 0.124652 1.513548
v -0.124652 0.124652 1.513548
v 0.124652 -0.124652 1.513548
v 0.249304 -0.124652 1.513548
v -0.124652 0.249304 1.513548
v -0.249304 0.249304 1.513548
v 0.249304 0.000000 1.513548
v 0.000000 -0.249304 1.513548
v 0.124652 -0.249304 1.513548
v 0.000000 0.249304 1.513548
v 0.249304 -0.249304 1.513548
v -0.249304 -0.249304 1.513548
v -0.940440 -0.619758 0.777969
v -0.839130 -0.500797 0.674795
v -0.706763 -0.436415 0.539992
v -0.635127 -0.428130 0.467037
v -0.563490 -0.436415 0.394082
v -0.431123 -0.500797 0.259279
v -1.002203 -0.776805 0.826996
v -0.987977 -0.697473 0.799168
v -0.960190 -0.624361 0.758575
v -0.919912 -0.560277 0.706780
v -0.868689 -0.507685 0.645771
v -0.808491 -0.468606 0.577893
v -0.741630 -0.444541 0.505755
v -0.670677 -0.436415 0.432130
v -0.598357 -0.444541 0.359845
v -0.527450 -0.468606 0.291681
v -0.460681 -0.507685 0.230255
v -0.400617 -0.560277 0.177928
v -0.349564 -0.624361 0.136712
v -0.309485 -0.697473 0.108190
v -0.281920 -0.776805 0.093458
v -1.008873 -0.781592 0.820448
v -1.001058 -0.706863 0.786322
v -0.979182 -0.637993 0.739927
v -0.944083 -0.577627 0.683045
v -0.897112 -0.528087 0.617861
v -0.840073 -0.491275 0.546882
v -0.775157 -0.468606 0.472834
v -0.704860 -0.460952 0.398564
v -0.631884 -0.468606 0.326924
v -0.559032 -0.491275 0.260670
v -0.489104 -0.528087 0.202345
v -0.424788 -0.577627 0.154193
v -0.368555 -0.637993 0.118063
v -0.322567 -0.706863 0.095345
v -0.288589 -0.781592 0.086910
v -1.015019 -0.789365 0.814413
v -1.013114 -0.722111 0.774484
v -0.996685 -0.660129 0.722741
v -0.966360 -0.605802 0.661171
v -0.923307 -0.561217 0.592140
v -0.869178 -0.528087 0.518302
v -0.806056 -0.507685 0.442494
v -0.736364 -0.500797 0.367629
v -0.662783 -0.507685 0.296584
v -0.588138 -0.528087 0.232090
v -0.515299 -0.561217 0.176624
v -0.447065 -0.605802 0.132319
v -0.386058 -0.660129 0.100877
v -0.334623 -0.722111 0.083506
v -0.294736 -0.789365 0.080875
v -1.020406 -0.799826 0.809123
v -1.023682 -0.742631 0.764108
v -1.012026 -0.689920 0.707677
v -0.985886 -0.643719 0.641998
v -0.946266 -0.605802 0.569595
v -0.894690 -0.577627 0.493251
v -0.833139 -0.560277 0.415900
v -0.763978 -0.554419 0.340514
v -0.689865 -0.560277 0.269990
v -0.613649 -0.577627 0.207039
v -0.538259 -0.605802 0.154079
v -0.466591 -0.643719 0.113146
v -0.401399 -0.689920 0.085813
v -0.345190 -0.742631 0.073130
v -0.300123 -0.799826 0.075585
v -1.024827 -0.812573 0.804782
v -1.032354 -0.767636 0.755592
v -1.024616 -0.726221 0.695314
v -1.001910 -0.689920 0.626263
v -0.965109 -0.660129 0.551093
v -0.915627 -0.637993 0.472693
v -0.855365 -0.624361 0.394076
v -0.786640 -0.619758 0.318262
v -0.712092 -0.624361 0.248166
v -0.634586 -0.637993 0.186481
v -0.557101 -0.660129 0.135577
v -0.482615 -0.689920 0.097411
v -0.413989 -0.726221 0.073450
v -0.353862 -0.767636 0.064614
v -0.304544 -0.812573 0.071243
v -1.002324 -0.859307 0.840992
v -1.028112 -0.827116 0.801556
v -1.038798 -0.796163 0.749265
v -1.033971 -0.767636 0.686128
v -1.013817 -0.742631 0.614571
v -0.979110 -0.722111 0.537345
v -0.931184 -0.706863 0.457417
v -0.871881 -0.697473 0.377858
v -0.803479 -0.694303 0.301727
v -0.728608 -0.697473 0.231948
v -0.650144 -0.706863 0.171204
v -0.571103 -0.722111 0.121829
v -0.494522 -0.742631 0.085719
v -0.423345 -0.767636 0.064264
v -0.360306 -0.796163 0.058287
v -0.307829 -0.827116 0.068018
v -1.030135 -0.842896 0.799569
v -1.042766 -0.827116 0.745368
v -1.039732 -0.812573 0.680471
v -1.021150 -0.799826 0.607371
v -0.987732 -0.789365 0.528879
v -0.940764 -0.781592 0.448010
v -0.882051 -0.776805 0.367872
v -0.813848 -0.775189 0.291545
v -0.738778 -0.776805 0.221962
v -0.659724 -0.781592 0.161797
v -0.579725 -0.789365 0.113363
v -0.501854 -0.799826 0.078520
v -0.429106 -0.812573 0.058607
v -0.364275 -0.827116 0.054390
v -0.309852 -0.842896 0.066031
v -1.030818 -0.859307 0.798899
v -1.044106 -0.859307 0.744052
v -1.041678 -0.859307 0.678561
v -1.023625 -0.859307 0.604940
v -0.990644 -0.859307 0.526020
v -0.943999 -0.859307 0.444833
v -0.885485 -0.859307 0.364500
v -0.817350 -0.859307 0.288107
v -0.742212 -0.859307 0.218590
v -0.662959 -0.859307 0.158621
v -0.582636 -0.859307 0.110504
v -0.504330 -0.859307 0.076088
v -0.431051 -0.859307 0.056697
v -0.365615 -0.859307 0.053075
v -0.310535 -0.859307 0.065361
v -1.030135 -0.875718 0.799569
v -1.042766 -0.891498 0.745368
v -1.039732 -0.906041 0.680471
v -1.021150 -0.918787 0.607371
v -0.987732 -0.929249 0.528879
v -0.940764 -0.937022 0.448010
v -0.882051 -0.941809 0.367872
v -0.813848 -0.943425 0.291545
v -0.738778 -0.941809 0.221962
v -0.659724 -0.937022 0.161797
v -0.579725 -0.929249 0.113363
v -0.501854 -0.918787 0.078520
v -0.429106 -0.906041 0.058607
v -0.364275 -0.891498 0.054390
v -0.309852 -0.875718 0.066031
v -1.028112 -0.891498 0.801556
v -1.038798 -0.922451 0.749265
v -1.033971 -0.950978 0.686128
v -1.013817 -0.975982 0.614571
v -0.979110 -0.996503 0.537345
v -0.931184 -1.011751 0.457417
v -0.871881 -1.021140 0.377858
v -0.803479 -1.024311 0.301727
v -0.728607 -1.021140 0.231948
v -0.650144 -1.011751 0.171204
v -0.571103 -0.996503 0.121829
v -0.494522 -0.975982 0.085719
v -0.423345 -0.950978 0.064264
v -0.360306 -0.922451 0.058287
v -0.307829 -0.891498 0.068018
v -1.024827 -0.906040 0.804782
v -1.032354 -0.950978 0.755592
v -1.024616 -0.992393 0.695314
v -1.001910 -1.028693 0.626263
v -0.965109 -1.058484 0.551093
v -0.915627 -1.080621 0.472693
v -0.855365 -1.094253 0.394076
v -0.786640 -1.098856 0.318262
v -0.712092 -1.094253 0.248166
v -0.634586 -1.080621 0.186481
v -0.557101 -1.058484 0.135577
v -0.482615 -1.028693 0.097411
v -0.413989 -0.992393 0.073450
v -0.353862 -0.950978 0.064614
v -0.304544 -0.906040 0.071244
v -1.020406 -0.918787 0.809123
v -1.023682 -0.975982 0.764108
v -1.012026 -1.028693 0.707677
v -0.985886 -1.074895 0.641998
v -0.946266 -1.112812 0.569595
v -0.894690 -1.140986 0.493251
v -0.833139 -1.158336 0.415900
v -0.763978 -1.164195 0.340514
v -0.689865 -1.158336 0.269990
v -0.613649 -1.140986 0.207039
v -0.538259 -1.112812 0.154079
v -0.466591 -1.074895 0.113146
v -0.401399 -1.028693 0.085813
v -0.345190 -0.975982 0.073130
v -0.300123 -0.918787 0.075585
v -1.015019 -0.929249 0.814413
v -1.013114 -0.996503 0.774484
v -0.996685 -1.058484 0.722741
v -0.966360 -1.112812 0.661171
v -0.923307 -1.157397 0.592140
v -0.869178 -1.190527 0.518302
v -0.806056 -1.210928 0.442494
v -0.736364 -1.217817 0.367629
v -0.662782 -1.210928 0.296584
v -0.588138 -1.190527 0.232090
v -0.515299 -1.157397 0.176624
v -0.447065 -1.112812 0.132319
v -0.386058 -1.058484 0.100877
v -0.334623 -0.996503 0.083506
v -0.294736 -0.929249 0.080875
v -1.008873 -0.937022 0.820448
v -1.001058 -1.011751 0.786322
v -0.979182 -1.080621 0.739927
v -0.944083 -1.140986 0.683045
v -0.897112 -1.190527 0.617862
v -0.840073 -1.227339 0.546882
v -0.775157 -1.250008 0.472834
v -0.704860 -1.257662 0.398564
v -0.631884 -1.250008 0.326924
v -0.559032 -1.227339 0.260670
v -0.489104 -1.190527 0.202345
v -0.424788 -1.140986 0.154193
v -0.368555 -1.080621 0.118063
v -0.322567 -1.011751 0.095345
v -0.288589 -0.937022 0.086910
v -1.002203 -0.941809 0.826996
v -0.987977 -1.021140 0.799168
v -0.960190 -1.094253 0.758575
v -0.919912 -1.158336 0.706780
v -0.868689 -1.210928 0.645771
v -0.808491 -1.250008 0.577893
v -0.741630 -1.274072 0.505755
v -0.670676 -1.282198 0.432130
v -0.598357 -1.274072 0.359846
v -0.527450 -1.250008 0.291681
v -0.460681 -1.210928 0.230255
v -0.400617 -1.158336 0.177928
v -0.349564 -1.094253 0.136712
v -0.309485 -1.021140 0.108190
v -0.281920 -0.941809 0.093458
v -0.995268 -0.943425 0.833806
v -0.974372 -1.024311 0.812526
v -0.940440 -1.098855 0.777969
v -0.894774 -1.164195 0.731463
v -0.839130 -1.217817 0.674795
v -0.775647 -1.257662 0.610143
v -0.706763 -1.282198 0.539992
v -0.635126 -1.290483 0.467037
v -0.563490 -1.282198 0.394082
v -0.494606 -1.257662 0.323931
v -0.431123 -1.217817 0.259279
v -0.375479 -1.164195 0.202611
v -0.329813 -1.098855 0.156105
v -0.295881 -1.024311 0.121548
v -0.274985 -0.943425 0.100268
v -0.988333 -0.941809 0.840617
v -0.960768 -1.021140 0.825885
v -0.920689 -1.094253 0.797363
v -0.869636 -1.158336 0.756146
v -0.809572 -1.210928 0.703820
v -0.742803 -1.250008 0.642394
v -0.671896 -1.274072 0.574229
v -0.599576 -1.282198 0.501945
v -0.528623 -1.274072 0.428319
v -0.461762 -1.250008 0.356181
v -0.401564 -1.210928 0.288304
v -0.350341 -1.158336 0.227295
v -0.310063 -1.094253 0.175499
v -0.282276 -1.021140 0.134907
v -0.268050 -0.941809 0.107078
v -0.981664 -0.937022 0.847165
v -0.947686 -1.011751 0.838730
v -0.901698 -1.080621 0.816011
v -0.845465 -1.140986 0.779881
v -0.781149 -1.190527 0.731729
v -0.711221 -1.227339 0.673405
v -0.638369 -1.250007 0.607150
v -0.565393 -1.257662 0.535511
v -0.495096 -1.250007 0.461240
v -0.430181 -1.227339 0.387193
v -0.373141 -1.190527 0.316213
v -0.326170 -1.140986 0.251030
v -0.291071 -1.080621 0.194147
v -0.269195 -1.011751 0.147752
v -0.261381 -0.937022 0.113627
v -0.975518 -0.929249 0.853200
v -0.935630 -0.996503 0.850568
v -0.884195 -1.058484 0.833197
v -0.823188 -1.112812 0.801755
v -0.754954 -1.157397 0.757450
v -0.682115 -1.190527 0.701985
v -0.607471 -1.210928 0.637491
v -0.533889 -1.217817 0.566446
v -0.464197 -1.210928 0.491581
v -0.401075 -1.190527 0.415772
v -0.346947 -1.157397 0.341934
v -0.303893 -1.112812 0.272904
v -0.273569 -1.058484 0.211334
v -0.257139 -0.996503 0.159590
v -0.255235 -0.929249 0.119662
v -0.970130 -0.918787 0.858490
v -0.925063 -0.975982 0.860945
v -0.868854 -1.028693 0.848261
v -0.803662 -1.074895 0.820928
v -0.731994 -1.112812 0.779995
v -0.656604 -1.140986 0.727035
v -0.580388 -1.158336 0.664084
v -0.506275 -1.164194 0.593560
v -0.437114 -1.158336 0.518174
v -0.375563 -1.140986 0.440823
v -0.323987 -1.112812 0.364479
v -0.284367 -1.074895 0.292077
v -0.258227 -1.028693 0.226398
v -0.246571 -0.975982 0.169967
v -0.249847 -0.918787 0.124952
v -0.267929 -0.859307 0.093083
v -0.965709 -0.906040 0.862831
v -0.916391 -0.950978 0.869460
v -0.856264 -0.992393 0.860624
v -0.787638 -1.028693 0.836663
v -0.713152 -1.058484 0.798497
v -0.635667 -1.080621 0.747594
v -0.558161 -1.094253 0.685909
v -0.483613 -1.098855 0.615812
v -0.414888 -1.094253 0.539999
v -0.354626 -1.080621 0.461381
v -0.305144 -1.058484 0.382981
v -0.268343 -1.028693 0.307811
v -0.245637 -0.992393 0.238761
v -0.237899 -0.950978 0.178482
v -0.245426 -0.906040 0.129293
v -0.962424 -0.891498 0.866057
v -0.909947 -0.922451 0.875788
v -0.846908 -0.950978 0.869811
v -0.775731 -0.975982 0.848355
v -0.699150 -0.996503 0.812246
v -0.620109 -1.011751 0.762870
v -0.541646 -1.021140 0.702126
v -0.466774 -1.024311 0.632347
v -0.398372 -1.021140 0.556216
v -0.339069 -1.011751 0.476658
v -0.291143 -0.996503 0.396730
v -0.256436 -0.975982 0.319503
v -0.236282 -0.950978 0.247947
v -0.231455 -0.922451 0.184810
v -0.242141 -0.891498 0.132519
v -0.960401 -0.875718 0.868043
v -0.905979 -0.891498 0.879684
v -0.841147 -0.906040 0.875467
v -0.768399 -0.918787 0.855555
v -0.690529 -0.929249 0.820712
v -0.610529 -0.937022 0.772277
v -0.531475 -0.941809 0.712113
v -0.456405 -0.943425 0.642530
v -0.388202 -0.941809 0.566203
v -0.329489 -0.937022 0.486065
v -0.282521 -0.929249 0.405196
v -0.249103 -0.918787 0.326703
v -0.230521 -0.906040 0.253604
v -0.227487 -0.891498 0.188706
v -0.240118 -0.875718 0.134505
v -0.959718 -0.859307 0.868714
v -0.904639 -0.859307 0.881000
v -0.839202 -0.859307 0.877378
v -0.765923 -0.859307 0.857986
v -0.687617 -0.859307 0.823570
v -0.607294 -0.859307 0.775454
v -0.528041 -0.859307 0.715485
v -0.452903 -0.859307 0.645968
v -0.384768 -0.859307 0.569575
v -0.326254 -0.859307 0.489241
v -0.279610 -0.859307 0.408054
v -0.246628 -0.859307 0.329134
v -0.228575 -0.859307 0.255514
v -0.226147 -0.859307 0.190022
v -0.239435 -0.859307 0.135176
v -0.960401 -0.842896 0.868043
v -0.905979 -0.827116 0.879684
v -0.841147 -0.812573 0.875467
v -0.768399 -0.799826 0.855555
v -0.690529 -0.789365 0.820712
v -0.610529 -0.781592 0.772277
v -0.531475 -0.776805 0.712112
v -0.456405 -0.775188 0.642529
v -0.388202 -0.776805 0.566203
v -0.329489 -0.781592 0.486065
v -0.282521 -0.789365 0.405196
v -0.249103 -0.799826 0.326703
v -0.230521 -0.812573 0.253604
v -0.227487 -0.827116 0.188706
v -0.240118 -0.842896 0.134505
v -0.962424 -0.827116 0.866057
v -0.909947 -0.796163 0.875788
v -0.846908 -0.767636 0.869810
v -0.775731 -0.742631 0.848355
v -0.699150 -0.722111 0.812246
v -0.620109 -0.706863 0.762870
v -0.541646 -0.697473 0.702126
v -0.466774 -0.694303 0.632347
v -0.398372 -0.697473 0.556216
v -0.339069 -0.706863 0.476658
v -0.291143 -0.722111 0.396730
v -0.256436 -0.742631 0.319503
v -0.236282 -0.767636 0.247947
v -0.231455 -0.796163 0.184810
v -0.242141 -0.827116 0.132519
v -0.965709 -0.812573 0.862831
v -0.916391 -0.767636 0.869460
v -0.856264 -0.726221 0.860624
v -0.787638 -0.689920 0.836663
v -0.713152 -0.660129 0.798497
v -0.635667 -0.637993 0.747594
v -0.558161 -0.624361 0.685909
v -0.483614 -0.619758 0.615812
v -0.414888 -0.624361 0.539999
v -0.354626 -0.637993 0.461381
v -0.305144 -0.660129 0.382981
v -0.268343 -0.689920 0.307811
v -0.245637 -0.726221 0.238760
v -0.237899 -0.767636 0.178482
v -0.245426 -0.812573 0.129293
v -0.970130 -0.799826 0.858490
v -0.925063 -0.742631 0.860944
v -0.868854 -0.689920 0.848261
v -0.803662 -0.643719 0.820928
v -0.731994 -0.605802 0.779995
v -0.656604 -0.577627 0.727035
v -0.580388 -0.560278 0.664084
v -0.506275 -0.554419 0.593560
v -0.437114 -0.560278 0.518174
v -0.375563 -0.577627 0.440823
v -0.323987 -0.605802 0.364479
v -0.284367 -0.643719 0.292077
v -0.258227 -0.689920 0.226398
v -0.246571 -0.742631 0.169967
v -0.249847 -0.799826 0.124952
v -0.975518 -0.789365 0.853200
v -0.935630 -0.722111 0.850568
v -0.884195 -0.660129 0.833197
v -0.823188 -0.605802 0.801755
v -0.754954 -0.561217 0.757450
v -0.682115 -0.528087 0.701985
v -0.607471 -0.507686 0.637490
v -0.533889 -0.500797 0.566446
v -0.464197 -0.507686 0.491581
v -0.401075 -0.528087 0.415772
v -0.346947 -0.561217 0.341934
v -0.303893 -0.605802 0.272904
v -0.273569 -0.660129 0.211334
v -0.257139 -0.722111 0.159590
v -0.255235 -0.789365 0.119662
v -0.981664 -0.781592 0.847165
v -0.947686 -0.706863 0.838730
v -0.901698 -0.637993 0.816011
v -0.845465 -0.577627 0.779881
v -0.781149 -0.528087 0.731729
v -0.711221 -0.491275 0.673405
v -0.638369 -0.468606 0.607150
v -0.565393 -0.460952 0.535511
v -0.495096 -0.468606 0.461240
v -0.430181 -0.491275 0.387192
v -0.373141 -0.528087 0.316213
v -0.326170 -0.577627 0.251030
v -0.291071 -0.637993 0.194147
v -0.269195 -0.706863 0.147752
v -0.261381 -0.781592 0.113627
v -0.988333 -0.776805 0.840617
v -0.960768 -0.697473 0.825885
v -0.920689 -0.624361 0.797363
v -0.869636 -0.560278 0.756146
v -0.809572 -0.507686 0.703820
v -0.742803 -0.468606 0.642394
v -0.671896 -0.444541 0.574229
v -0.599577 -0.436416 0.501945
v -0.528623 -0.444541 0.428319
v -0.461762 -0.468606 0.356181
v -0.401564 -0.507686 0.288304
v -0.350341 -0.560278 0.227295
v -0.310063 -0.624361 0.175499
v -0.282276 -0.697473 0.134907
v -0.268050 -0.776805 0.107078
v -0.995268 -0.775189 0.833806
v -0.974372 -0.694303 0.812526
v -0.894774 -0.554419 0.731463
v -0.775647 -0.460952 0.610143
v -0.494606 -0.460952 0.323931
v -0.375479 -0.554419 0.202611
v -0.329813 -0.619758 0.156105
v -0.295881 -0.694303 0.121548
v -0.274985 -0.775189 0.100268
v 0.965269 -0.619758 0.777969
v 0.863960 -0.500797 0.674795
v 0.731592 -0.436415 0.539992
v 0.659956 -0.428130 0.467037
v 0.588319 -0.436415 0.394082
v 0.455952 -0.500797 0.259279
v 1.027033 -0.776805 0.826996
v 1.012806 -0.697473 0.799168
v 0.985020 -0.624361 0.758575
v 0.944741 -0.560277 0.706780
v 0.893518 -0.507685 0.645771
v 0.833320 -0.468606 0.577893
v 0.766459 -0.444541 0.505755
v 0.695506 -0.436415 0.432130
v 0.623186 -0.444541 0.359845
v 0.552279 -0.468606 0.291681
v 0.485511 -0.507685 0.230255
v 0.425446 -0.560277 0.177928
v 0.374393 -0.624361 0.136712
v 0.334314 -0.697473 0.108190
v 0.306750 -0.776805 0.093458
v 1.033702 -0.781592 0.820448
v 1.025888 -0.706863 0.786322
v 1.004011 -0.637993 0.739927
v 0.968913 -0.577627 0.683045
v 0.921941 -0.528087 0.617861
v 0.864902 -0.491275 0.546882
v 0.799986 -0.468606 0.472834
v 0.729690 -0.460952 0.398564
v 0.656713 -0.468606 0.326924
v 0.583861 -0.491275 0.260670
v 0.513934 -0.528087 0.202345
v 0.449617 -0.577627 0.154193
v 0.393385 -0.637993 0.118063
v 0.347396 -0.706863 0.095345
v 0.313419 -0.781592 0.086910
v 1.039848 -0.789365 0.814413
v 1.037944 -0.722111 0.774484
v 1.021514 -0.660129 0.722741
v 0.991189 -0.605802 0.661171
v 0.948136 -0.561217 0.592140
v 0.894008 -0.528087 0.518302
v 0.830885 -0.507685 0.442494
v 0.761194 -0.500797 0.367629
v 0.687612 -0.507685 0.296584
v 0.612967 -0.528087 0.232090
v 0.540128 -0.561217 0.176624
v 0.471894 -0.605802 0.132319
v 0.410887 -0.660129 0.100877
v 0.359452 -0.722111 0.083506
v 0.319565 -0.789365 0.080875
v 1.045235 -0.799826 0.809123
v 1.048511 -0.742631 0.764108
v 1.036855 -0.689920 0.707677
v 1.010715 -0.643719 0.641998
v 0.971096 -0.605802 0.569595
v 0.919519 -0.577627 0.493251
v 0.857968 -0.560277 0.415900
v 0.788807 -0.554419 0.340514
v 0.714695 -0.560277 0.269990
v 0.638479 -0.577627 0.207039
v 0.563088 -0.605802 0.154079
v 0.491420 -0.643719 0.113146
v 0.426228 -0.689920 0.085813
v 0.370019 -0.742631 0.073130
v 0.324952 -0.799826 0.075585
v 1.049656 -0.812573 0.804782
v 1.057183 -0.767636 0.755592
v 1.049445 -0.726221 0.695314
v 1.026739 -0.689920 0.626263
v 0.989938 -0.660129 0.551093
v 0.940456 -0.637993 0.472693
v 0.880194 -0.624361 0.394076
v 0.811469 -0.619758 0.318262
v 0.736921 -0.624361 0.248166
v 0.659415 -0.637993 0.186481
v 0.581931 -0.660129 0.135577
v 0.507444 -0.689920 0.097411
v 0.438819 -0.726221 0.073450
v 0.378691 -0.767636 0.064614
v 0.329373 -0.812573 0.071243
v 1.027153 -0.859307 0.840992
v 1.052941 -0.827116 0.801556
v 1.063627 -0.796163 0.749265
v 1.058801 -0.767636 0.686128
v 1.038646 -0.742631 0.614571
v 1.003939 -0.722111 0.537345
v 0.956013 -0.706863 0.457417
v 0.896710 -0.697473 0.377858
v 0.828308 -0.694303 0.301727
v 0.753437 -0.697473 0.231948
v 0.674973 -0.706863 0.171204
v 0.595932 -0.722111 0.121829
v 0.519351 -0.742631 0.085719
v 0.448174 -0.767636 0.064264
v 0.385136 -0.796163 0.058287
v 0.332658 -0.827116 0.068018
v 1.054964 -0.842896 0.799569
v 1.067596 -0.827116 0.745368
v 1.064562 -0.812573 0.680471
v 1.045979 -0.799826 0.607371
v 1.012561 -0.789365 0.528879
v 0.965594 -0.781592 0.448010
v 0.906880 -0.776805 0.367872
v 0.838678 -0.775189 0.291545
v 0.763607 -0.776805 0.221962
v 0.684553 -0.781592 0.161797
v 0.604554 -0.789365 0.113363
v 0.526684 -0.799826 0.078520
v 0.453935 -0.812573 0.058607
v 0.389104 -0.827116 0.054390
v 0.334681 -0.842896 0.066031
v 1.055647 -0.859307 0.798899
v 1.068936 -0.859307 0.744052
v 1.066507 -0.859307 0.678561
v 1.048455 -0.859307 0.604940
v 1.015473 -0.859307 0.526020
v 0.968828 -0.859307 0.444833
v 0.910314 -0.859307 0.364500
v 0.842179 -0.859307 0.288107
v 0.767041 -0.859307 0.218590
v 0.687788 -0.859307 0.158621
v 0.607465 -0.859307 0.110504
v 0.529160 -0.859307 0.076088
v 0.455880 -0.859307 0.056697
v 0.390444 -0.859307 0.053075
v 0.335364 -0.859307 0.065361
v 1.054964 -0.875718 0.799569
v 1.067596 -0.891498 0.745368
v 1.064562 -0.906041 0.680471
v 1.045979 -0.918787 0.607371
v 1.012561 -0.929249 0.528879
v 0.965594 -0.937022 0.448010
v 0.906880 -0.941809 0.367872
v 0.838678 -0.943425 0.291545
v 0.763607 -0.941809 0.221962
v 0.684553 -0.937022 0.161797
v 0.604554 -0.929249 0.113363
v 0.526684 -0.918787 0.078520
v 0.453935 -0.906041 0.058607
v 0.389104 -0.891498 0.054390
v 0.334681 -0.875718 0.066031
v 1.052941 -0.891498 0.801556
v 1.063627 -0.922451 0.749265
v 1.058801 -0.950978 0.686128
v 1.038646 -0.975982 0.614571
v 1.003939 -0.996503 0.537345
v 0.956013 -1.011751 0.457417
v 0.896710 -1.021140 0.377858
v 0.828308 -1.024311 0.301727
v 0.753437 -1.021140 0.231948
v 0.674973 -1.011751 0.171204
v 0.595932 -0.996503 0.121829
v 0.519351 -0.975982 0.085719
v 0.448174 -0.950978 0.064264
v 0.385136 -0.922451 0.058287
v 0.332658 -0.891498 0.068018
v 1.049656 -0.906040 0.804782
v 1.057183 -0.950978 0.755592
v 1.049445 -0.992393 0.695314
v 1.026739 -1.028693 0.626263
v 0.989938 -1.058484 0.551093
v 0.940456 -1.080621 0.472693
v 0.880194 -1.094253 0.394076
v 0.811469 -1.098856 0.318262
v 0.736921 -1.094253 0.248166
v 0.659415 -1.080621 0.186481
v 0.581931 -1.058484 0.135577
v 0.507444 -1.028693 0.097411
v 0.438819 -0.992393 0.073450
v 0.378691 -0.950978 0.064614
v 0.329373 -0.906040 0.071244
v 1.045235 -0.918787 0.809123
v 1.048511 -0.975982 0.764108
v 1.036855 -1.028693 0.707677
v 1.010715 -1.074895 0.641998
v 0.971096 -1.112812 0.569595
v 0.919519 -1.140986 0.493251
v 0.857968 -1.158336 0.415900
v 0.788807 -1.164195 0.340514
v 0.714695 -1.158336 0.269990
v 0.638479 -1.140986 0.207039
v 0.563088 -1.112812 0.154079
v 0.491420 -1.074895 0.113146
v 0.426228 -1.028693 0.085813
v 0.370019 -0.975982 0.073130
v 0.324952 -0.918787 0.075585
v 1.039848 -0.929249 0.814413
v 1.037944 -0.996503 0.774484
v 1.021514 -1.058484 0.722741
v 0.991189 -1.112812 0.661171
v 0.948136 -1.157397 0.592140
v 0.894008 -1.190527 0.518302
v 0.830885 -1.210928 0.442494
v 0.761194 -1.217817 0.367629
v 0.687612 -1.210928 0.296584
v 0.612967 -1.190527 0.232090
v 0.540128 -1.157397 0.176624
v 0.471894 -1.112812 0.132319
v 0.410887 -1.058484 0.100877
v 0.359452 -0.996503 0.083506
v 0.319565 -0.929249 0.080875
v 1.033702 -0.937022 0.820448
v 1.025888 -1.011751 0.786322
v 1.004011 -1.080621 0.739927
v 0.968913 -1.140986 0.683045
v 0.921941 -1.190527 0.617862
v 0.864902 -1.227339 0.546882
v 0.799986 -1.250008 0.472834
v 0.729690 -1.257662 0.398564
v 0.656713 -1.250008 0.326924
v 0.583861 -1.227339 0.260670
v 0.513933 -1.190527 0.202345
v 0.449617 -1.140986 0.154193
v 0.393385 -1.080621 0.118063
v 0.347396 -1.011751 0.095345
v 0.313419 -0.937022 0.086910
v 1.027033 -0.941809 0.826996
v 1.012806 -1.021140 0.799168
v 0.985020 -1.094253 0.758575
v 0.944741 -1.158336 0.706780
v 0.893518 -1.210928 0.645771
v 0.833320 -1.250008 0.577893
v 0.766459 -1.274072 0.505755
v 0.695506 -1.282198 0.432130
v 0.623186 -1.274072 0.359846
v 0.552279 -1.250008 0.291681
v 0.485511 -1.210928 0.230255
v 0.425446 -1.158336 0.177928
v 0.374393 -1.094253 0.136712
v 0.334314 -1.021140 0.108190
v 0.306750 -0.941809 0.093458
v 1.020097 -0.943425 0.833806
v 0.999202 -1.024311 0.812526
v 0.965269 -1.098855 0.777969
v 0.919603 -1.164195 0.731463
v 0.863960 -1.217817 0.674795
v 0.800476 -1.257662 0.610143
v 0.731592 -1.282198 0.539992
v 0.659956 -1.290483 0.467037
v 0.588319 -1.282198 0.394082
v 0.519435 -1.257662 0.323931
v 0.455952 -1.217817 0.259279
v 0.400308 -1.164195 0.202611
v 0.354642 -1.098855 0.156105
v 0.320710 -1.024311 0.121548
v 0.299814 -0.943425 0.100268
v 1.013162 -0.941809 0.840617
v 0.985597 -1.021140 0.825885
v 0.945518 -1.094253 0.797363
v 0.894466 -1.158336 0.756146
v 0.834401 -1.210928 0.703820
v 0.767632 -1.250008 0.642394
v 0.696725 -1.274072 0.574229
v 0.624406 -1.282198 0.501945
v 0.553452 -1.274072 0.428319
v 0.486592 -1.250008 0.356181
v 0.426393 -1.210928 0.288304
v 0.375170 -1.158336 0.227295
v 0.334892 -1.094253 0.175499
v 0.307105 -1.021140 0.134907
v 0.292879 -0.941809 0.107078
v 1.006493 -0.937022 0.847165
v 0.972516 -1.011751 0.838730
v 0.926527 -1.080621 0.816011
v 0.870294 -1.140986 0.779881
v 0.805978 -1.190527 0.731729
v 0.736050 -1.227339 0.673405
v 0.663198 -1.250007 0.607150
v 0.590222 -1.257662 0.535511
v 0.519925 -1.250007 0.461240
v 0.455010 -1.227339 0.387193
v 0.397970 -1.190527 0.316213
v 0.350999 -1.140986 0.251030
v 0.315900 -1.080621 0.194147
v 0.294024 -1.011751 0.147752
v 0.286210 -0.937022 0.113627
v 1.000347 -0.929249 0.853200
v 0.960460 -0.996503 0.850568
v 0.909024 -1.058484 0.833197
v 0.848017 -1.112812 0.801755
v 0.779783 -1.157397 0.757450
v 0.706944 -1.190527 0.701985
v 0.632300 -1.210928 0.637491
v 0.558718 -1.217817 0.566446
v 0.489027 -1.210928 0.491581
v 0.425904 -1.190527 0.415772
v 0.371776 -1.157397 0.341934
v 0.328722 -1.112812 0.272904
v 0.298398 -1.058484 0.211334
v 0.281968 -0.996503 0.159590
v 0.280064 -0.929249 0.119662
v 0.994960 -0.918787 0.858490
v 0.949892 -0.975982 0.860945
v 0.893683 -1.028693 0.848261
v 0.828492 -1.074895 0.820928
v 0.756824 -1.112812 0.779995
v 0.681433 -1.140986 0.727035
v 0.605217 -1.158336 0.664084
v 0.531104 -1.164194 0.593560
v 0.461944 -1.158336 0.518174
v 0.400392 -1.140986 0.440823
v 0.348816 -1.112812 0.364479
v 0.309196 -1.074895 0.292077
v 0.283057 -1.028693 0.226398
v 0.271401 -0.975982 0.169967
v 0.274677 -0.918787 0.124952
v 0.292759 -0.859307 0.093083
v 0.990538 -0.906040 0.862831
v 0.941220 -0.950978 0.869460
v 0.881093 -0.992393 0.860624
v 0.812467 -1.028693 0.836663
v 0.737981 -1.058484 0.798497
v 0.660496 -1.080621 0.747594
v 0.582990 -1.094253 0.685909
v 0.508443 -1.098855 0.615812
v 0.439717 -1.094253 0.539999
v 0.379456 -1.080621 0.461381
v 0.329973 -1.058484 0.382981
v 0.293172 -1.028693 0.307811
v 0.270466 -0.992393 0.238761
v 0.262728 -0.950978 0.178482
v 0.270255 -0.906040 0.129293
v 0.987253 -0.891498 0.866057
v 0.934776 -0.922451 0.875788
v 0.871737 -0.950978 0.869811
v 0.800560 -0.975982 0.848355
v 0.723980 -0.996503 0.812246
v 0.644939 -1.011751 0.762870
v 0.566475 -1.021140 0.702126
v 0.491603 -1.024311 0.632347
v 0.423202 -1.021140 0.556216
v 0.363898 -1.011751 0.476658
v 0.315972 -0.996503 0.396730
v 0.281265 -0.975982 0.319503
v 0.261111 -0.950978 0.247947
v 0.256284 -0.922451 0.184810
v 0.266970 -0.891498 0.132519
v 0.985230 -0.875718 0.868043
v 0.930808 -0.891498 0.879684
v 0.865976 -0.906040 0.875467
v 0.793228 -0.918787 0.855555
v 0.715358 -0.929249 0.820712
v 0.635358 -0.937022 0.772277
v 0.556305 -0.941809 0.712113
v 0.481234 -0.943425 0.642530
v 0.413031 -0.941809 0.566203
v 0.354318 -0.937022 0.486065
v 0.307350 -0.929249 0.405196
v 0.273933 -0.918787 0.326703
v 0.255350 -0.906040 0.253604
v 0.252316 -0.891498 0.188706
v 0.264947 -0.875718 0.134505
v 0.984547 -0.859307 0.868714
v 0.929468 -0.859307 0.881000
v 0.864031 -0.859307 0.877378
v 0.790752 -0.859307 0.857986
v 0.712446 -0.859307 0.823570
v 0.632124 -0.859307 0.775454
v 0.552870 -0.859307 0.715485
v 0.477733 -0.859307 0.645968
v 0.409597 -0.859307 0.569575
v 0.351083 -0.859307 0.489241
v 0.304439 -0.859307 0.408054
v 0.271457 -0.859307 0.329134
v 0.253405 -0.859307 0.255514
v 0.250976 -0.859307 0.190022
v 0.264264 -0.859307 0.135176
v 0.985230 -0.842896 0.868043
v 0.930808 -0.827116 0.879684
v 0.865976 -0.812573 0.875467
v 0.793228 -0.799826 0.855555
v 0.715358 -0.789365 0.820712
v 0.635358 -0.781592 0.772277
v 0.556305 -0.776805 0.712112
v 0.481234 -0.775188 0.642529
v 0.413031 -0.776805 0.566203
v 0.354318 -0.781592 0.486065
v 0.307350 -0.789365 0.405196
v 0.273933 -0.799826 0.326703
v 0.255350 -0.812573 0.253604
v 0.252316 -0.827116 0.188706
v 0.264947 -0.842896 0.134505
v 0.987253 -0.827116 0.866057
v 0.934776 -0.796163 0.875788
v 0.871737 -0.767636 0.869810
v 0.800560 -0.742631 0.848355
v 0.723980 -0.722111 0.812246
v 0.644939 -0.706863 0.762870
v 0.566475 -0.697473 0.702126
v 0.491603 -0.694303 0.632347
v 0.423202 -0.697473 0.556216
v 0.363898 -0.706863 0.476658
v 0.315972 -0.722111 0.396730
v 0.281265 -0.742631 0.319503
v 0.261111 -0.767636 0.247947
v 0.256284 -0.796163 0.184810
v 0.266970 -0.827116 0.132519
v 0.990539 -0.812573 0.862831
v 0.941220 -0.767636 0.869460
v 0.881093 -0.726221 0.860624
v 0.812467 -0.689920 0.836663
v 0.737981 -0.660129 0.798497
v 0.660496 -0.637993 0.747594
v 0.582991 -0.624361 0.685909
v 0.508443 -0.619758 0.615812
v 0.439717 -0.624361 0.539999
v 0.379456 -0.637993 0.461381
v 0.329973 -0.660129 0.382981
v 0.293172 -0.689920 0.307811
v 0.270466 -0.726221 0.238760
v 0.262728 -0.767636 0.178482
v 0.270256 -0.812573 0.129293
v 0.994960 -0.799826 0.858490
v 0.949892 -0.742631 0.860944
v 0.893683 -0.689920 0.848261
v 0.828492 -0.643719 0.820928
v 0.756824 -0.605802 0.779995
v 0.681433 -0.577627 0.727035
v 0.605217 -0.560278 0.664084
v 0.531105 -0.554419 0.593560
v 0.461944 -0.560278 0.518174
v 0.400392 -0.577627 0.440823
v 0.348816 -0.605802 0.364479
v 0.309197 -0.643719 0.292077
v 0.283057 -0.689920 0.226398
v 0.271401 -0.742631 0.169967
v 0.274677 -0.799826 0.124952
v 1.000347 -0.789365 0.853200
v 0.960460 -0.722111 0.850568
v 0.909024 -0.660129 0.833197
v 0.848017 -0.605802 0.801755
v 0.779783 -0.561217 0.757450
v 0.706944 -0.528087 0.701985
v 0.632300 -0.507686 0.637490
v 0.558718 -0.500797 0.566446
v 0.489027 -0.507686 0.491581
v 0.425904 -0.528087 0.415772
v 0.371776 -0.561217 0.341934
v 0.328722 -0.605802 0.272904
v 0.298398 -0.660129 0.211334
v 0.281968 -0.722111 0.159590
v 0.280064 -0.789365 0.119662
v 1.006493 -0.781592 0.847165
v 0.972516 -0.706863 0.838730
v 0.926527 -0.637993 0.816011
v 0.870294 -0.577627 0.779881
v 0.805978 -0.528087 0.731729
v 0.736050 -0.491275 0.673405
v 0.663198 -0.468606 0.607150
v 0.590222 -0.460952 0.535511
v 0.519925 -0.468606 0.461240
v 0.455010 -0.491275 0.387192
v 0.397970 -0.528087 0.316213
v 0.350999 -0.577627 0.251030
v 0.315901 -0.637993 0.194147
v 0.294024 -0.706863 0.147752
v 0.286210 -0.781592 0.113627
v 1.013162 -0.776805 0.840617
v 0.985597 -0.697473 0.825885
v 0.945518 -0.624361 0.797363
v 0.894466 -0.560278 0.756146
v 0.834401 -0.507686 0.703820
v 0.767632 -0.468606 0.642394
v 0.696725 -0.444541 0.574229
v 0.624406 -0.436416 0.501945
v 0.553452 -0.444541 0.428319
v 0.486592 -0.468606 0.356181
v 0.426393 -0.507686 0.288304
v 0.375171 -0.560278 0.227295
v 0.334892 -0.624361 0.175499
v 0.307105 -0.697473 0.134907
v 0.292879 -0.776805 0.107078
v 1.020097 -0.775189 0.833806
v 0.999202 -0.694303 0.812526
v 0.919603 -0.554419 0.731463
v 0.800476 -0.460952 0.610143
v 0.519436 -0.460952 0.323931
v 0.400308 -0.554419 0.202611
v 0.354643 -0.619758 0.156105
v 0.320710 -0.694303 0.121548
v 0.299814 -0.775189 0.100268
v -1.038867 -1.067129 0.888352
v -0.805439 -0.608261 1.848537
v -1.038867 0.970974 0.484480
v -0.805439 0.971891 1.535413
v 1.038867 -1.067129 0.888352
v 0.805439 -0.608261 1.848537
v 1.038867 0.970974 0.484480
v 0.805439 0.971891 1.535413
v -0.937695 -2.119813 0.888352
v 0.937695 -2.119813 0.888352
v 0.000000 -1.130933 0.974358
v 0.000000 -2.183617 0.974358
v -0.988281 -1.593471 0.888352
v 0.988281 -1.593471 0.888352
v 0.000000 -1.657275 0.974358
v 0.519433 -1.130933 0.974358
v 0.468847 -2.183617 0.974358
v -1.013574 -1.330300 0.888352
v 0.962988 -1.856642 0.888352
v -0.519433 -1.130933 0.974358
v -0.468847 -2.183617 0.974358
v -0.962988 -1.856642 0.888352
v 1.013574 -1.330300 0.888352
v 0.000000 -1.920446 0.974358
v 0.000000 -1.394104 0.974358
v -0.494140 -1.657275 0.974358
v 0.494140 -1.657275 0.974358
v 0.506787 -1.394104 0.974358
v -0.506787 -1.394104 0.974358
v -0.481494 -1.920446 0.974358
v 0.481494 -1.920446 0.974358
v -0.874033 -0.743102 1.566380
v -0.874033 0.971622 1.226589
v 0.874033 0.971622 1.226589
v 0.874033 -0.743102 1.566380
v -0.840914 0.146093 1.539312
v 0.000000 0.971752 1.375694
v 0.840914 0.146093 1.539312
v 0.961523 0.026492 1.019912
v 0.000000 0.971278 0.832654
v -0.961523 0.026492 1.019912
v 0.000000 -0.934277 1.230298
v -0.611682 -0.611682 -2.563592
v -0.611682 0.611682 -2.563592
v 0.611682 -0.611682 -2.563592
v 0.611682 0.611682 -2.563592
v -0.363933 -0.363933 -1.144949
v -0.363933 0.363933 -1.144949
v 0.363933 0.363933 -1.144949
v 0.363933 -0.363933 -1.144949
v -0.611682 -0.000000 -2.563592
v 0.611682 -0.000000 -2.563592
v 0.611682 -0.000000 -1.951910
v -0.611682 -0.000000 -1.951910
v -0.611682 -0.305841 -2.563592
v -0.611682 0.611682 -2.257751
v 0.000000 0.611682 -2.563592
v 0.000000 0.611682 -1.340229
v 0.611682 0.611682 -2.257751
v 0.611682 0.305841 -2.563592
v 0.611682 -0.611682 -2.257751
v 0.000000 -0.611682 -2.563592
v 0.000000 -0.611682 -1.340229
v -0.611682 0.305841 -2.563592
v -0.611682 -0.611682 -2.257751
v 0.611682 -0.305841 -2.563592
v 0.000000 -0.000000 -2.563592
v 0.000000 -0.611682 -1.951910
v 0.611682 -0.305841 -1.951910
v 0.611682 0.305841 -1.951910
v 0.611682 -0.000000 -2.257751
v 0.000000 0.611682 -1.951910
v -0.611682 0.305841 -1.951910
v -0.611682 -0.305841 -1.951910
v -0.611682 -0.000000 -2.257751
v -0.611682 -0.305841 -2.257751
v -0.611682 0.305841 -2.257751
v 0.000000 0.611682 -2.257751
v 0.611682 0.305841 -2.257751
v 0.611682 -0.305841 -2.257751
v 0.000000 -0.611682 -2.257751
v 0.000000 0.305841 -2.563592
v 0.000000 -0.305841 -2.563592
v 0.000000 -0.611682 -1.646070
v 0.000000 0.611682 -1.646070
v -1.371382 -0.000000 -1.340229
v 1.371382 0.234182 -1.340229
v 1.371382 -0.000000 -1.340229
v -1.371382 0.234182 -1.340229
v 1.371382 -0.000000 -1.675142
v -1.371382 -0.000000 -1.675142
v 1.371382 0.234182 -1.675142
v -1.371382 0.234182 -1.675142
v -1.575481 -0.305841 -1.340229
v -1.575481 0.038230 -1.371923
v 1.575481 0.267611 -1.374505
v 1.575481 0.038230 -1.374505
v -1.575481 0.267611 -1.371923
v 1.575481 -0.305841 -1.340229
v 1.575481 0.038230 -1.611794
v -1.575481 0.038230 -1.614375
v -1.575481 -0.305841 -1.646070
v 1.575481 0.267611 -1.611794
v 1.575481 -0.305841 -1.646070
v -1.575481 0.267611 -1.614375
v -1.371382 -1.899006 -1.646070
v -1.575481 -1.899006 -1.646070
v -1.371382 -1.899006 -1.340229
v 1.371382 -1.899006 -1.340229
v 1.371382 -1.899006 -1.646070
v -1.575481 -1.899006 -1.340229
v 1.575481 -1.899006 -1.340229
v 1.575481 -1.899006 -1.646070
v -1.371382 -2.139442 -1.646070
v -1.575481 -2.139442 -1.646070
v -1.371382 -2.139442 -1.340229
v 1.371382 -2.139442 -1.340229
v 1.371382 -2.139442 -1.646070
v -1.575481 -2.139442 -1.340229
v 1.575481 -2.139442 -1.340229
v 1.575481 -2.139442 -1.646070
v 1.371382 -1.899006 -1.039788
v 1.575481 -1.899006 -1.039788
v -1.575481 -1.899006 -1.039788
v -1.371382 -1.899006 -1.039788
v 1.371382 -2.139442 -1.039788
v 1.575481 -2.139442 -1.039788
v -1.575481 -2.139442 -1.039788
v -1.371382 -2.139442 -1.039788
v 1.320357 -1.838896 -0.973237
v 1.626506 -1.838896 -0.973237
v -1.626506 -1.838896 -0.973237
v -1.320357 -1.838896 -0.973237
v 1.320357 -2.199552 -0.973237
v 1.626506 -2.199552 -0.973237
v -1.626506 -2.199552 -0.973237
v -1.320357 -2.199552 -0.973237
v 1.320357 -1.838896 -0.723237
v 1.626506 -1.838896 -0.723237
v 1.320357 -2.199552 -0.723237
v 1.626506 -2.199552 -0.723237
v -1.626506 -1.838896 -0.723237
v -1.320357 -1.838896 -0.723237
v -1.626506 -2.199552 -0.723237
v -1.320357 -2.199552 -0.723237
v -1.755481 -2.139442 -1.340229
v -1.755481 -2.139442 -1.646070
v 1.755481 -2.139442 -1.340229
v 1.755481 -2.139442 -1.646070
v 1.755481 -2.051926 -1.340229
v 1.602561 -1.899006 -1.340229
v 1.722383 -2.018828 -1.340229
v 1.693056 -1.989501 -1.340229
v 1.664986 -1.961431 -1.340229
v 1.635658 -1.932103 -1.340229
v 1.602561 -1.899006 -1.646070
v 1.755481 -2.051926 -1.646070
v 1.635658 -1.932103 -1.646070
v 1.664986 -1.961431 -1.646070
v 1.693056 -1.989501 -1.646070
v 1.722383 -2.018828 -1.646070
v -1.602561 -1.899006 -1.340229
v -1.755481 -2.051926 -1.340229
v -1.635658 -1.932103 -1.340229
v -1.664986 -1.961431 -1.340229
v -1.693056 -1.989501 -1.340229
v -1.722383 -2.018828 -1.340229
v -1.755481 -2.051926 -1.646070
v -1.602561 -1.899006 -1.646070
v -1.722383 -2.018828 -1.646070
v -1.693056 -1.989501 -1.646070
v -1.664986 -1.961431 -1.646070
v -1.635658 -1.932103 -1.646070
v -1.455481 -2.259442 -1.340229
v -1.455481 -2.259442 -1.646070
v -1.635481 -2.259442 -1.340229
v -1.635481 -2.259442 -1.646070
v 1.455481 -2.259442 -1.340229
v 1.455481 -2.259442 -1.646070
v 1.635481 -2.259442 -1.340229
v 1.635481 -2.259442 -1.646070
v -0.611682 -0.342542 -1.340229
v -0.342542 -0.611682 -1.340229
v -0.376591 -0.376591 -1.154926
v -0.553429 -0.400794 -1.340229
v -0.501814 -0.452410 -1.340229
v -0.452410 -0.501814 -1.340229
v -0.400794 -0.553429 -1.340229
v 0.342542 -0.611682 -1.340229
v 0.611682 -0.342542 -1.340229
v 0.376591 -0.376591 -1.154926
v 0.400794 -0.553429 -1.340229
v 0.452410 -0.501814 -1.340229
v 0.501814 -0.452410 -1.340229
v 0.553429 -0.400794 -1.340229
v -0.342542 -0.611682 -1.951910
v -0.611682 -0.342542 -1.951910
v -0.611682 -0.611682 -2.257721
v -0.400794 -0.553429 -1.951910
v -0.452410 -0.501814 -1.951910
v -0.501814 -0.452410 -1.951910
v -0.553429 -0.400794 -1.951910
v 0.611682 -0.342542 -1.951910
v 0.342542 -0.611682 -1.951910
v 0.611682 -0.611682 -2.257721
v 0.553429 -0.400794 -1.951910
v 0.501814 -0.452410 -1.951910
v 0.452410 -0.501814 -1.951910
v 0.400794 -0.553429 -1.951910
v -0.611682 -0.342542 -1.646070
v -0.342542 -0.611682 -1.646070
v -0.553429 -0.400794 -1.646070
v -0.501814 -0.452410 -1.646070
v -0.452410 -0.501814 -1.646070
v -0.400794 -0.553429 -1.646070
v 0.611682 -0.342542 -1.646070
v 0.342542 -0.611682 -1.646070
v 0.553429 -0.400794 -1.646070
v 0.501814 -0.452410 -1.646070
v 0.452410 -0.501814 -1.646070
v 0.400794 -0.553429 -1.646070
v -0.342542 0.611682 -1.340229
v -0.611682 0.342542 -1.340229
v -0.376591 0.376591 -1.154926
v -0.400794 0.553429 -1.340229
v -0.452410 0.501814 -1.340229
v -0.501814 0.452410 -1.340229
v -0.553429 0.400794 -1.340229
v 0.611682 0.342542 -1.340229
v 0.342542 0.611682 -1.340229
v 0.376591 0.376591 -1.154926
v 0.553429 0.400794 -1.340229
v 0.501814 0.452410 -1.340229
v 0.452410 0.501814 -1.340229
v 0.400794 0.553429 -1.340229
v -0.611682 0.342542 -1.951910
v -0.342542 0.611682 -1.951910
v -0.611682 0.611682 -2.257721
v -0.553429 0.400794 -1.951910
v -0.501814 0.452410 -1.951910
v -0.452410 0.501814 -1.951910
v -0.400794 0.553429 -1.951910
v 0.342542 0.611682 -1.951910
v 0.611682 0.342542 -1.951910
v 0.611682 0.611682 -2.257721
v 0.400794 0.553429 -1.951910
v 0.452410 0.501814 -1.951910
v 0.501814 0.452410 -1.951910
v 0.553429 0.400794 -1.951910
v -0.611682 0.342542 -1.646070
v -0.342542 0.611682 -1.646070
v -0.553429 0.400794 -1.646070
v -0.501814 0.452410 -1.646070
v -0.452410 0.501814 -1.646070
v -0.400794 0.553429 -1.646070
v 0.342542 0.611682 -1.646070
v 0.611682 0.342542 -1.646070
v 0.400794 0.553429 -1.646070
v 0.452410 0.501814 -1.646070
v 0.501814 0.452410 -1.646070
v 0.553429 0.400794 -1.646070
v -1.371382 -1.899006 -1.967638
v -1.575481 -1.899006 -1.967638
v 1.575481 -1.899006 -1.967638
v 1.371382 -1.899006 -1.967638
v -1.371382 -2.139442 -1.967638
v -1.575481 -2.139442 -1.967638
v 1.575481 -2.139442 -1.967638
v 1.371382 -2.139442 -1.967638
v -1.371382 -1.899006 -2.241988
v -1.575481 -1.899006 -2.241988
v 1.575481 -1.899006 -2.241988
v 1.371382 -1.899006 -2.241988
v -1.371382 -2.139442 -2.241988
v -1.575481 -2.139442 -2.241988
v 1.575481 -2.139442 -2.241988
v 1.371382 -2.139442 -2.241988
v -1.371382 -0.507696 -1.340229
v -1.371382 -0.020375 -1.340229
v -1.575450 -0.305841 -1.340229
v -1.327693 -0.464007 -1.340229
v -1.288981 -0.425295 -1.340229
v -1.251928 -0.388242 -1.340229
v -1.213216 -0.349530 -1.340229
v -1.371382 -0.507696 -1.671458
v -1.575451 -0.305841 -1.646074
v -1.371382 -0.020375 -1.675142
v -1.213216 -0.349530 -1.674345
v -1.251928 -0.388242 -1.673638
v -1.288981 -0.425295 -1.672962
v -1.327693 -0.464007 -1.672256
v 1.371382 -0.507696 -1.340229
v 1.575450 -0.305841 -1.340229
v 1.371382 -0.020375 -1.340229
v 1.213216 -0.349530 -1.340229
v 1.251928 -0.388242 -1.340229
v 1.288981 -0.425295 -1.340229
v 1.327693 -0.464007 -1.340229
v 1.371382 -0.507696 -1.671458
v 1.371382 -0.020375 -1.675142
v 1.575451 -0.305841 -1.646074
v 1.327693 -0.464007 -1.672256
v 1.288981 -0.425295 -1.672962
v 1.251928 -0.388242 -1.673638
v 1.213216 -0.349530 -1.674345
v -1.213216 -0.349530 -1.340229
v -0.863686 -0.122060 -1.340229
v -1.371355 -0.020389 -1.340229
v -1.137564 -0.300297 -1.340229
v -1.070531 -0.256673 -1.340229
v -1.006371 -0.214918 -1.340229
v -0.939338 -0.171294 -1.340229
v -0.863686 -0.122060 -1.675142
v -1.213216 -0.349530 -1.674345
v -1.371355 -0.020389 -1.675142
v -0.939338 -0.171294 -1.674969
v -1.006371 -0.214918 -1.674817
v -1.070531 -0.256673 -1.674670
v -1.137564 -0.300297 -1.674517
v 0.863686 -0.122060 -1.340229
v 1.213216 -0.349530 -1.340229
v 1.371355 -0.020389 -1.340229
v 0.939338 -0.171294 -1.340229
v 1.006371 -0.214918 -1.340229
v 1.070531 -0.256673 -1.340229
v 1.137564 -0.300297 -1.340229
v 1.213216 -0.349530 -1.674345
v 0.863686 -0.122060 -1.675142
v 1.371355 -0.020389 -1.675142
v 1.137564 -0.300297 -1.674517
v 1.070531 -0.256673 -1.674670
v 1.006371 -0.214918 -1.674817
v 0.939338 -0.171294 -1.674969
v -0.515603 -0.000000 -1.264498
v -0.734018 -0.000000 -1.340229
v -0.562877 -0.000000 -1.280889
v -0.604764 -0.000000 -1.295413
v -0.644857 -0.000000 -1.309314
v -0.686745 -0.000000 -1.323838
v -0.734018 0.234182 -1.340229
v -0.515603 0.234182 -1.264498
v -0.611682 0.234182 -1.513238
v -0.686745 0.234182 -1.323838
v -0.644857 0.234182 -1.309314
v -0.604764 0.234182 -1.295413
v -0.562877 0.234182 -1.280889
v -0.515603 -0.122060 -1.264498
v -0.734018 -0.122060 -1.340229
v -0.611682 -0.122060 -1.513238
v -0.562877 -0.122060 -1.280889
v -0.604764 -0.122060 -1.295413
v -0.644857 -0.122060 -1.309314
v -0.686745 -0.122060 -1.323838
v 0.515603 -0.000000 -1.264498
v 0.734018 -0.000000 -1.340229
v 0.562877 -0.000000 -1.280889
v 0.604764 -0.000000 -1.295413
v 0.644857 -0.000000 -1.309314
v 0.686745 -0.000000 -1.323838
v 0.734018 -0.122060 -1.340229
v 0.515603 -0.122060 -1.264498
v 0.611682 -0.122060 -1.513238
v 0.686745 -0.122060 -1.323838
v 0.644857 -0.122060 -1.309314
v 0.604764 -0.122060 -1.295413
v 0.562877 -0.122060 -1.280889
v 0.515603 0.234182 -1.264498
v 0.734018 0.234182 -1.340229
v 0.611682 0.234182 -1.513238
v 0.562877 0.234182 -1.280889
v 0.604764 0.234182 -1.295413
v 0.644857 0.234182 -1.309314
v 0.686745 0.234182 -1.323838
v 0.642266 -0.000000 -1.675142
v 0.611682 -0.000000 -1.705726
v 0.635646 -0.000000 -1.681762
v 0.629781 -0.000000 -1.687627
v 0.624167 -0.000000 -1.693241
v 0.618301 -0.000000 -1.699107
v 0.642266 0.234182 -1.675142
v 0.611682 0.242101 -1.705726
v 0.611682 0.275957 -1.663934
v 0.611682 0.234182 -1.631890
v 0.635646 0.235896 -1.681762
v 0.629781 0.237415 -1.687627
v 0.624167 0.238868 -1.693241
v 0.618301 0.240387 -1.699107
v 0.611682 -0.142369 -1.705726
v 0.642266 -0.122060 -1.675142
v 0.611682 -0.122060 -1.631890
v 0.611682 -0.164942 -1.669488
v 0.618301 -0.137973 -1.699107
v 0.624167 -0.134079 -1.693241
v 0.629781 -0.130351 -1.687627
v 0.635646 -0.126456 -1.681762
v -0.642266 -0.000000 -1.675142
v -0.611682 -0.000000 -1.705726
v -0.635646 -0.000000 -1.681762
v -0.629781 -0.000000 -1.687627
v -0.624167 -0.000000 -1.693241
v -0.618301 -0.000000 -1.699107
v -0.642266 -0.122060 -1.675142
v -0.611682 -0.142369 -1.705726
v -0.611682 -0.164942 -1.669488
v -0.611682 -0.122060 -1.631890
v -0.635646 -0.126456 -1.681762
v -0.629781 -0.130351 -1.687627
v -0.624167 -0.134079 -1.693241
v -0.618301 -0.137973 -1.699107
v -0.611682 0.242101 -1.705726
v -0.642266 0.234182 -1.675142
v -0.611682 0.234182 -1.631890
v -0.611682 0.275957 -1.663934
v -0.618301 0.240387 -1.699107
v -0.624167 0.238868 -1.693241
v -0.629781 0.237415 -1.687627
v -0.635646 0.235896 -1.681762
v 0.000000 -3.207139 -1.896016
v 0.625682 -3.145514 -1.896016
v 1.227319 -2.963010 -1.896016
v 1.781790 -2.666638 -1.896016
v 2.267789 -2.267790 -1.896016
v 2.666638 -1.781791 -1.896016
v 2.963009 -1.227319 -1.896016
v 3.145514 -0.625682 -1.896015
v 3.207138 -0.000000 -1.896015
v 3.145514 0.625681 -1.896015
v 2.963009 1.227318 -1.896015
v 2.666638 1.781790 -1.896015
v 2.267789 2.267789 -1.896015
v 1.781790 2.666638 -1.896015
v 1.227319 2.963009 -1.896015
v 0.625682 3.145514 -1.896015
v 0.000000 3.207138 -1.896015
v -0.625682 3.145514 -1.896015
v -1.227319 2.963009 -1.896015
v -1.781790 2.666638 -1.896015
v -2.267789 2.267789 -1.896015
v -2.666638 1.781790 -1.896015
v -2.963009 1.227318 -1.896015
v -3.145514 0.625681 -1.896015
v -3.207138 -0.000000 -1.896015
v -3.145514 -0.625682 -1.896015
v -2.963009 -1.227319 -1.896016
v -2.666638 -1.781791 -1.896016
v -2.267789 -2.267790 -1.896016
v -1.781790 -2.666638 -1.896016
v -1.227319 -2.963010 -1.896016
v -0.625682 -3.145514 -1.896016
v 0.000000 -0.000000 -4.064716
vn -0.0000 -0.8732 0.4874
vn -0.0000 -0.8120 0.5836
vn -0.0000 -0.7690 0.6392
vn -0.0000 -0.8989 -0.4381
vn -0.0000 -0.9680 -0.2508
vn -0.0000 -0.9744 -0.2248
vn -0.8989 -0.0000 -0.4381
vn -0.9680 -0.0000 -0.2508
vn -0.9744 -0.0000 -0.2248
vn 0.8989 -0.0000 -0.4381
vn 0.9680 -0.0000 -0.2508
vn 0.9744 -0.0000 -0.2248
vn -0.0000 0.8989 -0.4381
vn -0.0000 0.9680 -0.2508
vn -0.0000 0.9744 -0.2248
vn 0.1200 0.9600 -0.2528
vn 0.0134 0.9944 -0.1047
vn -0.0000 0.9965 -0.0830
vn -0.0134 0.9944 -0.1047
vn -0.0000 0.9765 -0.2157
vn -0.1200 0.9600 -0.2528
vn 0.8753 0.0612 -0.4796
vn 0.9836 0.0014 -0.1801
vn 0.9864 -0.0000 -0.1643
vn 0.8231 0.0948 -0.5599
vn 0.8409 0.1225 -0.5271
vn 0.6697 0.2056 -0.7136
vn -0.2867 -0.0935 -0.9535
vn -0.0192 -0.0699 -0.9974
vn -0.3162 -0.0000 -0.9487
vn -0.3082 0.2064 -0.9287
vn -0.3948 0.0756 -0.9156
vn -0.6697 0.2056 -0.7136
vn 0.3947 0.0837 -0.9150
vn -0.8231 0.0948 -0.5599
vn -0.7519 -0.0000 -0.6592
vn -0.9857 0.0064 -0.1682
vn -0.8406 0.1322 -0.5252
vn -0.8862 0.0763 -0.4570
vn -0.1937 -0.9618 -0.1937
vn -0.0427 -0.9934 -0.1069
vn -0.0000 -0.9897 -0.1428
vn 0.0322 -0.9960 -0.0839
vn -0.0180 -0.9966 -0.0810
vn 0.1668 -0.9748 -0.1485
vn -0.8732 -0.0000 0.4874
vn -0.8120 -0.0000 0.5836
vn -0.7690 -0.0000 0.6392
vn 0.8732 -0.0000 0.4874
vn 0.8120 -0.0000 0.5836
vn 0.7690 -0.0000 0.6392
vn -0.0000 0.8732 0.4874
vn -0.0000 0.7690 0.6392
vn -0.0000 0.8120 0.5836
vn -0.0000 -1.0000 -0.0000
vn -0.0000 -0.9943 -0.1069
vn 0.2747 -0.9615 -0.0000
vn -0.3162 -0.9487 -0.0000
vn -0.9831 -0.0000 -0.1833
vn -0.9897 -0.0000 -0.1429
vn 0.5431 -0.0000 0.8397
vn 0.5876 -0.0000 0.8092
vn -0.5431 -0.0000 0.8397
vn 0.3082 0.2064 -0.9287
vn -0.0000 -0.0000 -1.0000
vn -0.0000 0.6843 -0.7292
vn -0.0783 0.6822 -0.7270
vn -0.0000 0.5876 0.8092
vn -0.5876 -0.0000 0.8092
vn 0.0783 0.6822 -0.7270
vn 0.9831 -0.0000 -0.1833
vn 1.0000 -0.0000 -0.0000
vn -0.0000 -0.5431 0.8397
vn 0.7519 -0.0000 -0.6592
vn -0.0000 0.5431 0.8397
vn -0.0000 0.9979 -0.0642
vn -0.0000 -0.5876 0.8092
vn 0.2441 -0.0750 -0.9668
vn 0.2747 -0.0000 -0.9615
vn -1.0000 -0.0000 -0.0000
vn -0.0000 0.2256 0.9742
vn -0.0000 -0.2256 0.9742
vn 0.1721 -0.1721 0.9699
vn -0.1721 -0.1721 0.9699
vn 0.2256 -0.0000 0.9742
vn 0.1721 0.1721 0.9699
vn -0.1721 0.1721 0.9699
vn -0.2256 -0.0000 0.9742
vn -0.0000 -0.0000 1.0000
vn -0.7254 0.4435 0.5264
vn -0.6798 0.2420 0.6923
vn -0.6238 0.4554 0.6352
vn 0.2248 0.9471 -0.2289
vn -0.1156 0.9365 -0.3311
vn 0.1126 0.9870 -0.1146
vn -0.6810 0.6136 0.3995
vn -0.5415 0.6347 0.5514
vn 0.3357 0.8778 -0.3418
vn 0.0031 0.9044 -0.4267
vn -0.6127 0.7438 0.2671
vn -0.4427 0.7751 0.4508
vn 0.4427 0.7751 -0.4508
vn 0.1274 0.8417 -0.5247
vn -0.5287 0.8377 0.1367
vn -0.3357 0.8778 0.3418
vn 0.5405 0.6352 -0.5518
vn 0.2567 0.7466 -0.6137
vn -0.4351 0.9003 0.0116
vn -0.2248 0.9471 0.2289
vn 0.6216 0.4570 -0.6362
vn 0.3873 0.6147 -0.6871
vn -0.3347 0.9362 -0.1073
vn -0.1126 0.9870 0.1146
vn 0.6766 0.2453 -0.6943
vn 0.5114 0.4432 -0.7362
vn -0.2288 0.9481 -0.2206
vn -0.0000 1.0000 -0.0000
vn -0.7388 0.2364 0.6312
vn -0.7006 -0.0000 0.7135
vn 0.7006 -0.0000 -0.7135
vn 0.6178 0.2361 -0.7500
vn -0.7852 0.2218 0.5782
vn 0.5638 0.2218 -0.7956
vn -0.4089 0.8195 -0.4015
vn -0.8113 0.4094 0.4173
vn -0.3045 0.8175 -0.4889
vn -0.7924 0.5560 0.2508
vn -0.1887 0.7917 -0.5810
vn -0.7431 0.6626 0.0937
vn -0.0601 0.7440 -0.6655
vn -0.6750 0.7362 -0.0488
vn 0.0829 0.6687 -0.7389
vn -0.5952 0.7839 -0.1768
vn 0.2399 0.5587 -0.7939
vn -0.5071 0.8108 -0.2923
vn 0.4046 0.4082 -0.8184
vn -0.7712 0.6063 -0.1939
vn -0.0654 0.5560 -0.8286
vn -0.7005 0.6392 -0.3173
vn 0.1115 0.4802 -0.8701
vn -0.6221 0.6576 -0.4249
vn 0.3072 0.3587 -0.8815
vn -0.5362 0.6641 -0.5211
vn -0.8280 0.1979 0.5246
vn 0.5121 0.1944 -0.8367
vn -0.8784 0.3575 0.3173
vn -0.4397 0.6651 -0.6036
vn -0.8721 0.4742 0.1211
vn -0.3315 0.6483 -0.6854
vn -0.8253 0.5629 -0.0452
vn -0.2068 0.6161 -0.7600
vn -0.6139 0.5096 -0.6028
vn -0.9272 0.2937 0.2324
vn -0.5288 0.5125 -0.6765
vn -0.9247 0.3803 0.0176
vn -0.4294 0.5024 -0.7505
vn -0.8859 0.4364 -0.1570
vn -0.3119 0.4822 -0.8187
vn -0.8297 0.4721 -0.2978
vn -0.1688 0.4473 -0.8783
vn -0.7646 0.4939 -0.4141
vn 0.0085 0.3899 -0.9208
vn -0.6934 0.5059 -0.5131
vn 0.2245 0.2989 -0.9275
vn -0.8594 0.1618 0.4851
vn 0.4673 0.1659 -0.8684
vn -0.2508 0.3238 -0.9123
vn -0.8024 0.3579 -0.4777
vn -0.0680 0.2951 -0.9531
vn -0.7363 0.3657 -0.5694
vn 0.1596 0.2323 -0.9595
vn -0.6648 0.3687 -0.6497
vn -0.8895 0.1297 0.4381
vn 0.4306 0.1328 -0.8927
vn -0.9607 0.2227 0.1659
vn -0.5851 0.3709 -0.7212
vn -0.9574 0.2828 -0.0588
vn -0.4932 0.3652 -0.7896
vn -0.9182 0.3205 -0.2328
vn -0.3829 0.3533 -0.8536
vn -0.8603 0.3523 -0.3685
vn -0.9818 0.1481 0.1191
vn -0.6188 0.2372 -0.7489
vn -0.9764 0.1856 -0.1105
vn -0.5325 0.2380 -0.8123
vn -0.9363 0.2089 -0.2823
vn -0.4278 0.2318 -0.8737
vn -0.8828 0.2233 -0.4133
vn -0.2950 0.2203 -0.9297
vn -0.8238 0.2318 -0.5173
vn -0.1197 0.1996 -0.9725
vn -0.7611 0.2367 -0.6039
vn 0.1137 0.1617 -0.9803
vn -0.6939 0.2388 -0.6794
vn -0.9000 0.0932 0.4259
vn 0.4037 0.0959 -0.9098
vn -0.8346 0.1134 -0.5390
vn -0.1591 0.0945 -0.9827
vn -0.7739 0.1160 -0.6226
vn 0.0869 0.0887 -0.9923
vn -0.7091 0.1173 -0.6953
vn -0.9190 0.0449 0.3916
vn 0.3877 0.0561 -0.9201
vn -0.9932 0.0720 0.0915
vn -0.6370 0.1188 -0.7617
vn -0.9860 0.0899 -0.1401
vn -0.5536 0.1182 -0.8244
vn -0.9452 0.1015 -0.3104
vn -0.4523 0.1164 -0.8842
vn -0.8915 0.1154 -0.4380
vn -0.3227 0.1125 -0.9398
vn -0.6428 -0.0000 -0.7660
vn -0.9887 -0.0046 -0.1498
vn -0.5598 0.0025 -0.8286
vn -0.9476 -0.0036 -0.3196
vn -0.4596 0.0043 -0.8881
vn -0.8948 -0.0024 -0.4465
vn -0.3311 0.0068 -0.9436
vn -0.8375 -0.0016 -0.5464
vn -0.1582 0.0105 -0.9874
vn -0.7776 -0.0006 -0.6287
vn 0.0787 0.0144 -0.9968
vn -0.7135 -0.0000 -0.7006
vn -0.9226 -0.0000 0.3858
vn 0.3828 0.0142 -0.9237
vn -0.9957 0.0136 0.0917
vn 0.0754 -0.0669 -0.9949
vn -0.8339 -0.1147 -0.5399
vn 0.3757 -0.0374 -0.9260
vn -0.7731 -0.1187 -0.6230
vn -0.9190 -0.0449 0.3916
vn -0.6366 -0.1159 -0.7624
vn -0.5541 -0.1133 -0.8247
vn -0.9907 -0.0886 0.1032
vn -0.4542 -0.1085 -0.8843
vn -0.9857 -0.1046 -0.1323
vn -0.3269 -0.1006 -0.9397
vn -0.9453 -0.1124 -0.3061
vn -0.1541 -0.1032 -0.9826
vn -0.8922 -0.1164 -0.4363
vn -0.4289 -0.2230 -0.8754
vn -0.9755 -0.1899 -0.1112
vn -0.2985 -0.2079 -0.9315
vn -0.9348 -0.2201 -0.2788
vn -0.1268 -0.1831 -0.9749
vn -0.8811 -0.2317 -0.4122
vn 0.1026 -0.1429 -0.9844
vn -0.8218 -0.2377 -0.5178
vn 0.3922 -0.0825 -0.9162
vn -0.7091 -0.1172 -0.6953
vn -0.7587 -0.2405 -0.6054
vn -0.9081 -0.0887 0.4093
vn -0.6175 -0.2369 -0.7501
vn -0.5337 -0.2362 -0.8120
vn -0.9783 -0.1615 0.1295
vn 0.4205 -0.1260 -0.8985
vn -0.6939 -0.2388 -0.6794
vn -0.7347 -0.3659 -0.5713
vn -0.8895 -0.1297 0.4381
vn -0.5826 -0.3657 -0.7258
vn -0.4919 -0.3578 -0.7938
vn -0.9568 -0.2322 0.1750
vn -0.3835 -0.3434 -0.8573
vn -0.9542 -0.2947 -0.0522
vn -0.2485 -0.3194 -0.9145
vn -0.9151 -0.3315 -0.2295
vn -0.0750 -0.2802 -0.9570
vn -0.8604 -0.3529 -0.3678
vn 0.1604 -0.2323 -0.9593
vn -0.7984 -0.3649 -0.4790
vn -0.9236 -0.3830 0.0175
vn -0.1721 -0.4353 -0.8837
vn -0.8813 -0.4467 -0.1540
vn 0.0016 -0.3781 -0.9258
vn -0.8243 -0.4816 -0.2976
vn 0.2151 -0.2908 -0.9323
vn -0.7583 -0.5019 -0.4160
vn 0.4599 -0.1652 -0.8725
vn -0.6649 -0.3686 -0.6496
vn -0.6861 -0.5121 -0.5167
vn -0.8629 -0.1666 0.4772
vn -0.5253 -0.5060 -0.6841
vn -0.4274 -0.4939 -0.7573
vn -0.9236 -0.2991 0.2397
vn -0.3136 -0.4807 -0.8189
vn -0.6158 -0.5104 -0.6002
vn -0.6197 -0.6578 -0.4281
vn -0.8280 -0.1979 0.5246
vn 0.5094 -0.1979 -0.8374
vn -0.4358 -0.6577 -0.6144
vn -0.3293 -0.6391 -0.6950
vn -0.8759 -0.3591 0.3221
vn -0.2070 -0.6058 -0.7682
vn -0.8681 -0.4801 0.1259
vn -0.0636 -0.5528 -0.8309
vn -0.8256 -0.5624 -0.0467
vn 0.1055 -0.4726 -0.8749
vn -0.7639 -0.6155 -0.1939
vn 0.3006 -0.3562 -0.8847
vn -0.6916 -0.6477 -0.3197
vn 0.0808 -0.6619 -0.7453
vn -0.7420 -0.6639 0.0928
vn 0.2365 -0.5552 -0.7973
vn -0.6670 -0.7435 -0.0489
vn 0.4021 -0.4092 -0.8190
vn -0.5848 -0.7912 -0.1788
vn 0.5634 -0.2227 -0.7956
vn -0.5362 -0.6641 -0.5211
vn -0.4949 -0.8170 -0.2961
vn -0.7852 -0.2218 0.5782
vn -0.3010 -0.8108 -0.5019
vn -0.1867 -0.7837 -0.5924
vn -0.8108 -0.4086 0.4191
vn -0.0617 -0.7431 -0.6663
vn -0.7896 -0.5588 0.2534
vn -0.7352 -0.2368 0.6352
vn 0.6217 -0.2368 -0.7466
vn -0.1131 -0.9362 -0.3328
vn -0.3983 -0.8294 -0.3917
vn 0.0042 -0.9002 -0.4355
vn -0.7266 -0.4431 0.5251
vn 0.1275 -0.8375 -0.5314
vn -0.6801 -0.6146 0.3996
vn 0.2564 -0.7436 -0.6175
vn -0.6093 -0.7465 0.2673
vn 0.3871 -0.6134 -0.6883
vn -0.5228 -0.8415 0.1363
vn 0.5131 -0.4438 -0.7347
vn -0.4270 -0.9042 0.0103
vn -0.3252 -0.9393 -0.1095
vn -0.4428 -0.7749 0.4511
vn 0.5417 -0.6347 -0.5511
vn -0.3357 -0.8778 0.3418
vn 0.6243 -0.4555 -0.6347
vn -0.2248 -0.9471 0.2289
vn 0.6804 -0.2421 -0.6917
vn -0.2251 -0.9509 -0.2126
vn -0.1126 -0.9870 0.1146
vn -0.6798 -0.2420 0.6923
vn 0.1126 -0.9870 -0.1146
vn 0.2248 -0.9471 -0.2289
vn -0.6247 -0.4571 0.6330
vn 0.3357 -0.8778 -0.3418
vn -0.5417 -0.6353 0.5503
vn 0.4424 -0.7751 -0.4511
vn 0.2272 -0.9479 0.2231
vn -0.5131 -0.4435 0.7349
vn 0.3248 -0.9394 0.1092
vn -0.3870 -0.6136 0.6883
vn 0.4266 -0.9044 -0.0108
vn -0.2559 -0.7438 0.6174
vn 0.5223 -0.8417 -0.1369
vn -0.1270 -0.8377 0.5312
vn 0.6088 -0.7467 -0.2678
vn -0.0037 -0.9003 0.4352
vn 0.6800 -0.6147 -0.3998
vn 0.1134 -0.9362 0.3327
vn 0.7266 -0.4433 -0.5249
vn -0.6176 -0.2363 0.7501
vn 0.7387 -0.2361 -0.6314
vn 0.7420 -0.6639 -0.0928
vn 0.1875 -0.7838 0.5920
vn 0.7894 -0.5588 -0.2543
vn 0.3015 -0.8108 0.5017
vn 0.8108 -0.4082 -0.4194
vn 0.4055 -0.8201 0.4038
vn -0.5638 -0.2218 0.7956
vn 0.7870 -0.2180 -0.5771
vn -0.4025 -0.4094 0.8188
vn 0.4945 -0.8174 0.2955
vn -0.2363 -0.5560 0.7969
vn 0.5843 -0.7917 0.1780
vn -0.0801 -0.6625 0.7447
vn 0.6665 -0.7440 0.0480
vn 0.0612 -0.7434 0.6660
vn 0.6197 -0.6578 0.4281
vn -0.1052 -0.4742 0.8741
vn 0.6913 -0.6483 0.3190
vn 0.0645 -0.5538 0.8301
vn 0.7636 -0.6161 0.1929
vn 0.2080 -0.6063 0.7676
vn 0.8253 -0.5629 0.0455
vn 0.3301 -0.6392 0.6946
vn 0.8679 -0.4802 -0.1273
vn 0.4363 -0.6576 0.6142
vn 0.8757 -0.3586 -0.3232
vn 0.5307 -0.6641 0.5266
vn -0.5094 -0.1979 0.8374
vn 0.8272 -0.1944 -0.5272
vn -0.3090 -0.3571 0.8815
vn 0.9236 -0.3830 -0.0175
vn 0.5256 -0.5059 0.6839
vn 0.9233 -0.2988 -0.2414
vn 0.6114 -0.5104 0.6047
vn -0.4614 -0.1666 0.8714
vn 0.8598 -0.1659 -0.4830
vn -0.2154 -0.2938 0.9313
vn 0.6860 -0.5126 0.5164
vn -0.0007 -0.3804 0.9248
vn 0.7582 -0.5024 0.4156
vn 0.1731 -0.4364 0.8829
vn 0.8243 -0.4821 0.2969
vn 0.3130 -0.4721 0.8241
vn 0.8813 -0.4473 0.1528
vn 0.4306 -0.5007 0.7509
vn 0.0762 -0.2828 0.9561
vn 0.8007 -0.3591 0.4796
vn 0.2495 -0.3205 0.9138
vn 0.8604 -0.3533 0.3672
vn 0.3841 -0.3438 0.8569
vn 0.9152 -0.3320 0.2285
vn 0.4922 -0.3579 0.7935
vn 0.9541 -0.2951 0.0506
vn 0.5827 -0.3657 0.7257
vn 0.9564 -0.2323 -0.1770
vn 0.6617 -0.3686 0.6529
vn -0.4218 -0.1298 0.8973
vn 0.8847 -0.1328 -0.4468
vn -0.1642 -0.2311 0.9590
vn 0.7317 -0.3708 0.5719
vn 0.6176 -0.2368 0.7500
vn 0.9813 -0.1513 -0.1192
vn 0.6919 -0.2388 0.6814
vn -0.3927 -0.0886 0.9154
vn 0.9023 -0.0958 -0.4203
vn -0.1011 -0.1481 0.9838
vn 0.7587 -0.2406 0.6053
vn 0.1282 -0.1856 0.9742
vn 0.8218 -0.2380 0.5176
vn 0.2993 -0.2089 0.9310
vn 0.8813 -0.2318 0.4118
vn 0.4293 -0.2233 0.8751
vn 0.9349 -0.2204 0.2780
vn 0.5336 -0.2365 0.8120
vn 0.9746 -0.1996 0.1019
vn 0.8339 -0.1147 0.5399
vn 0.3276 -0.1015 0.9394
vn 0.8923 -0.1165 0.4361
vn 0.4545 -0.1088 0.8841
vn 0.9455 -0.1125 0.3055
vn 0.5542 -0.1134 0.8247
vn 0.9858 -0.1047 0.1312
vn 0.6366 -0.1160 0.7624
vn 0.9905 -0.0887 -0.1050
vn 0.7081 -0.1172 0.6963
vn -0.3748 -0.0449 0.9260
vn 0.9128 -0.0562 -0.4044
vn -0.0733 -0.0720 0.9947
vn 0.7732 -0.1187 0.6230
vn 0.1521 -0.1042 0.9829
vn 0.9966 -0.0000 -0.0820
vn 0.7135 -0.0000 0.7006
vn -0.3689 -0.0000 0.9295
vn 0.9166 -0.0142 -0.3995
vn -0.0643 0.0040 0.9979
vn 0.7781 -0.0011 0.6281
vn 0.1679 0.0046 0.9858
vn 0.8387 -0.0025 0.5446
vn 0.3368 0.0036 0.9416
vn 0.8963 -0.0042 0.4433
vn 0.4628 0.0024 0.8865
vn 0.9494 -0.0069 0.3138
vn 0.5615 0.0015 0.8275
vn 0.9901 -0.0105 0.1402
vn 0.6427 -0.0009 0.7661
vn 0.1591 0.0945 0.9827
vn 0.9455 0.1006 0.3097
vn 0.3233 0.1124 0.9396
vn 0.9864 0.0876 0.1387
vn 0.4525 0.1163 0.8841
vn 0.9934 0.0669 -0.0936
vn 0.5536 0.1181 0.8243
vn 0.9190 0.0373 -0.3924
vn 0.6370 0.1187 0.7617
vn -0.3748 0.0449 0.9260
vn 0.7739 0.1159 0.6226
vn 0.8347 0.1133 0.5389
vn -0.0851 0.0886 0.9924
vn 0.8915 0.1150 0.4383
vn 0.7081 0.1172 0.6964
vn 0.6188 0.2371 0.7489
vn -0.3927 0.0886 0.9154
vn 0.9081 0.0886 -0.4093
vn 0.7612 0.2368 0.6038
vn 0.8240 0.2318 0.5170
vn -0.1117 0.1615 0.9805
vn 0.8831 0.2230 0.4128
vn 0.1211 0.1993 0.9724
vn 0.9368 0.2079 0.2815
vn 0.2958 0.2201 0.9295
vn 0.9770 0.1831 0.1090
vn 0.4282 0.2316 0.8735
vn 0.9824 0.1429 -0.1205
vn 0.5327 0.2378 0.8122
vn 0.9188 0.3194 0.2318
vn 0.2508 0.3238 0.9123
vn 0.9582 0.2802 0.0575
vn 0.3834 0.3529 0.8535
vn 0.9616 0.2183 -0.1665
vn 0.4934 0.3648 0.7896
vn 0.8907 0.1260 -0.4368
vn 0.6919 0.2388 0.6814
vn 0.5852 0.3706 0.7212
vn -0.4218 0.1297 0.8973
vn 0.7364 0.3657 0.5692
vn 0.8026 0.3578 0.4773
vn -0.1575 0.2323 0.9598
vn 0.8603 0.3516 0.3691
vn 0.0696 0.2947 0.9531
vn 0.8629 0.1666 -0.4772
vn 0.6935 0.5061 0.5128
vn 0.6615 0.3753 0.6493
vn -0.4614 0.1666 0.8714
vn 0.7649 0.4939 0.4135
vn -0.2228 0.2991 0.9279
vn 0.8302 0.4717 0.2970
vn -0.0068 0.3896 0.9210
vn 0.8867 0.4353 0.1559
vn 0.1700 0.4467 0.8784
vn 0.9256 0.3781 -0.0185
vn 0.3126 0.4817 0.8187
vn 0.9282 0.2908 -0.2321
vn 0.4298 0.5019 0.7506
vn 0.5290 0.5121 0.6767
vn 0.8729 0.4726 -0.1215
vn 0.2099 0.6082 0.7655
vn 0.8791 0.3562 -0.3167
vn 0.3322 0.6477 0.6857
vn 0.8286 0.1981 -0.5236
vn 0.6072 0.5171 0.6032
vn 0.4401 0.6646 0.6038
vn -0.5094 0.1979 0.8375
vn 0.6223 0.6577 0.4244
vn 0.7009 0.6392 0.3166
vn -0.3061 0.3591 0.8817
vn 0.7718 0.6058 0.1929
vn -0.1101 0.4800 0.8703
vn 0.8255 0.5625 0.0464
vn 0.0617 0.5624 0.8246
vn -0.5638 0.2218 0.7956
vn 0.5956 0.7837 0.1760
vn -0.4043 0.4085 0.8183
vn 0.6755 0.7358 0.0479
vn -0.2390 0.5588 0.7941
vn 0.7437 0.6618 -0.0943
vn -0.0818 0.6684 0.7393
vn 0.7929 0.5553 -0.2510
vn 0.0611 0.7435 0.6660
vn 0.8116 0.4093 -0.4169
vn 0.1895 0.7911 0.5815
vn 0.7852 0.2227 -0.5778
vn 0.5307 0.6641 0.5266
vn 0.3050 0.8170 0.4893
vn 0.4971 0.8151 0.2976
vn -0.1259 0.8385 0.5302
vn 0.7252 0.4438 -0.5264
vn -0.0025 0.9042 0.4271
vn 0.7347 0.2375 -0.6354
vn 0.4055 0.8201 0.4038
vn 0.1154 0.9393 0.3231
vn -0.6217 0.2368 0.7466
vn 0.3348 0.9362 0.1070
vn 0.4353 0.9002 -0.0121
vn -0.5118 0.4430 0.7361
vn 0.5290 0.8375 -0.1372
vn -0.3871 0.6146 0.6873
vn 0.6129 0.7435 -0.2675
vn -0.2562 0.7465 0.6141
vn 0.6801 0.6146 -0.3997
vn 0.2248 0.9481 0.2247
vn 0.6818 0.2453 0.6891
vn 0.7255 0.4434 0.5263
vn 0.6238 0.4554 0.6352
vn -0.2248 0.9471 -0.2289
vn 0.1156 0.9365 -0.3311
vn -0.0020 0.9010 -0.4339
vn 0.6809 0.6138 0.3995
vn 0.5415 0.6346 0.5514
vn -0.3357 0.8778 -0.3418
vn -0.1259 0.8385 -0.5302
vn 0.6122 0.7444 0.2666
vn 0.4427 0.7751 0.4508
vn -0.4427 0.7751 -0.4508
vn -0.2554 0.7444 -0.6169
vn 0.5278 0.8385 0.1356
vn 0.3357 0.8778 0.3418
vn -0.5417 0.6347 -0.5511
vn -0.3869 0.6138 -0.6882
vn 0.4338 0.9010 0.0099
vn 0.2248 0.9471 0.2289
vn -0.6242 0.4555 -0.6347
vn -0.5130 0.4434 -0.7350
vn 0.3332 0.9365 -0.1095
vn 0.1126 0.9870 0.1146
vn -0.6804 0.2421 -0.6917
vn -0.6217 0.2368 -0.7466
vn 0.2272 0.9479 -0.2231
vn 0.7006 -0.0000 0.7135
vn 0.7386 0.2362 0.6314
vn -0.7006 -0.0000 -0.7135
vn -0.1126 0.9870 -0.1146
vn 0.7852 0.2218 0.5782
vn -0.5638 0.2218 -0.7956
vn 0.4089 0.8195 -0.4015
vn 0.3047 0.8111 -0.4993
vn 0.8112 0.4095 0.4175
vn 0.1901 0.7848 -0.5898
vn 0.7919 0.5567 0.2508
vn 0.0628 0.7376 -0.6723
vn 0.7420 0.6639 0.0929
vn -0.0794 0.6639 -0.7436
vn 0.6733 0.7376 -0.0505
vn -0.2363 0.5567 -0.7964
vn 0.5931 0.7849 -0.1795
vn -0.4027 0.4094 -0.8187
vn 0.5048 0.8111 -0.2955
vn 0.7692 0.6082 -0.1959
vn 0.0654 0.5560 -0.8286
vn -0.1052 0.4758 -0.8732
vn 0.6982 0.6404 -0.3201
vn -0.3016 0.3580 -0.8837
vn 0.6197 0.6578 -0.4281
vn -0.5094 0.1979 -0.8375
vn 0.5339 0.6633 -0.5243
vn 0.8280 0.1979 0.5246
vn 0.4394 0.6578 -0.6117
vn 0.8780 0.3580 0.3177
vn 0.3328 0.6404 -0.6922
vn 0.8712 0.4758 0.1211
vn 0.2099 0.6082 -0.7655
vn 0.8253 0.5629 -0.0455
vn 0.6139 0.5096 -0.6028
vn 0.5282 0.5061 -0.6818
vn 0.9267 0.2950 0.2329
vn 0.4303 0.4951 -0.7548
vn 0.9236 0.3830 0.0175
vn 0.3150 0.4743 -0.8221
vn 0.8843 0.4393 -0.1582
vn 0.1743 0.4393 -0.8813
vn 0.8278 0.4742 -0.2998
vn -0.0007 0.3830 -0.9237
vn 0.7625 0.4951 -0.4165
vn -0.2159 0.2950 -0.9308
vn 0.6913 0.5061 -0.5157
vn -0.4614 0.1666 -0.8714
vn 0.8598 0.1658 0.4830
vn 0.2508 0.3238 -0.9123
vn 0.0766 0.2864 -0.9550
vn 0.8007 0.3591 -0.4796
vn -0.1489 0.2250 -0.9629
vn 0.7347 0.3659 -0.5713
vn -0.4219 0.1297 -0.8973
vn 0.6635 0.3680 -0.6515
vn 0.8895 0.1297 0.4381
vn 0.5846 0.3659 -0.7241
vn 0.9601 0.2250 0.1664
vn 0.4941 0.3591 -0.7918
vn 0.9563 0.2864 -0.0592
vn 0.3858 0.3461 -0.8552
vn 0.9167 0.3238 -0.2341
vn 0.8604 0.3533 -0.3672
vn 0.9813 0.1513 0.1192
vn 0.6188 0.2371 -0.7489
vn 0.5336 0.2331 -0.8130
vn 0.9755 0.1899 -0.1112
vn 0.4307 0.2256 -0.8738
vn 0.9351 0.2124 -0.2837
vn 0.3006 0.2124 -0.9298
vn 0.8815 0.2256 -0.4147
vn 0.1289 0.1899 -0.9733
vn 0.8226 0.2331 -0.5187
vn -0.1013 0.1513 -0.9833
vn 0.7600 0.2371 -0.6051
vn -0.3927 0.0886 -0.9154
vn 0.6930 0.2383 -0.6805
vn 0.9023 0.0959 0.4203
vn 0.8339 0.1147 -0.5399
vn 0.1591 0.0945 -0.9827
vn -0.0731 0.0759 -0.9944
vn 0.7733 0.1165 -0.6233
vn -0.3748 0.0449 -0.9260
vn 0.7086 0.1170 -0.6958
vn 0.9190 0.0449 0.3916
vn 0.6373 0.1165 -0.7618
vn 0.9929 0.0759 0.0912
vn 0.5550 0.1147 -0.8239
vn 0.9855 0.0945 -0.1411
vn 0.4555 0.1112 -0.8833
vn 0.9444 0.1051 -0.3115
vn 0.3287 0.1051 -0.9386
vn 0.8923 0.1164 -0.4361
vn 0.6431 -0.0000 -0.7658
vn 0.5619 -0.0000 -0.8272
vn 0.9886 -0.0000 -0.1509
vn 0.4635 -0.0000 -0.8861
vn 0.9472 -0.0000 -0.3205
vn 0.3377 -0.0000 -0.9412
vn 0.8944 -0.0000 -0.4472
vn 0.1689 -0.0000 -0.9856
vn 0.8373 -0.0000 -0.5468
vn -0.0637 -0.0000 -0.9980
vn 0.7774 -0.0000 -0.6290
vn -0.3689 -0.0000 -0.9295
vn 0.7135 -0.0000 -0.7006
vn 0.9226 -0.0000 0.3858
vn 0.9952 0.0144 0.0969
vn -0.0731 -0.0759 -0.9944
vn 0.8339 -0.1147 -0.5399
vn 0.7733 -0.1165 -0.6233
vn -0.3748 -0.0449 -0.9260
vn 0.7086 -0.1170 -0.6958
vn 0.9190 -0.0449 0.3916
vn 0.6373 -0.1165 -0.7618
vn 0.9929 -0.0759 0.0912
vn 0.5550 -0.1147 -0.8239
vn 0.9855 -0.0945 -0.1411
vn 0.4556 -0.1112 -0.8832
vn 0.9444 -0.1051 -0.3115
vn 0.3288 -0.1051 -0.9386
vn 0.8914 -0.1112 -0.4394
vn 0.1503 -0.1047 -0.9831
vn 0.4307 -0.2256 -0.8738
vn 0.9755 -0.1899 -0.1112
vn 0.9351 -0.2124 -0.2837
vn 0.3007 -0.2124 -0.9298
vn 0.8815 -0.2256 -0.4147
vn 0.1289 -0.1899 -0.9733
vn 0.8226 -0.2331 -0.5187
vn -0.1013 -0.1513 -0.9833
vn 0.7600 -0.2371 -0.6051
vn -0.3927 -0.0886 -0.9154
vn 0.6930 -0.2383 -0.6804
vn 0.9081 -0.0887 0.4093
vn 0.6188 -0.2371 -0.7489
vn 0.9813 -0.1513 0.1192
vn 0.5327 -0.2378 -0.8122
vn -0.4219 -0.1297 -0.8973
vn 0.7347 -0.3659 -0.5713
vn 0.6635 -0.3680 -0.6515
vn 0.8895 -0.1297 0.4381
vn 0.5846 -0.3659 -0.7241
vn 0.9601 -0.2249 0.1664
vn 0.4941 -0.3591 -0.7918
vn 0.9563 -0.2864 -0.0592
vn 0.3858 -0.3461 -0.8552
vn 0.9167 -0.3238 -0.2341
vn 0.2507 -0.3238 -0.9123
vn 0.8621 -0.3461 -0.3701
vn 0.0766 -0.2864 -0.9550
vn 0.8007 -0.3591 -0.4796
vn -0.1575 -0.2322 -0.9598
vn 0.9236 -0.3830 0.0175
vn 0.8843 -0.4393 -0.1582
vn 0.1743 -0.4393 -0.8813
vn 0.8278 -0.4743 -0.2998
vn -0.0007 -0.3830 -0.9237
vn 0.7625 -0.4951 -0.4165
vn -0.2159 -0.2950 -0.9308
vn 0.6913 -0.5061 -0.5157
vn -0.4614 -0.1666 -0.8714
vn 0.6139 -0.5096 -0.6028
vn 0.8629 -0.1666 0.4772
vn 0.5282 -0.5061 -0.6818
vn 0.9267 -0.2950 0.2329
vn 0.4303 -0.4951 -0.7548
vn 0.3126 -0.4817 -0.8187
vn 0.6197 -0.6578 -0.4281
vn 0.5340 -0.6633 -0.5243
vn 0.8280 -0.1979 0.5246
vn -0.5094 -0.1980 -0.8374
vn 0.4394 -0.6578 -0.6117
vn 0.8780 -0.3580 0.3177
vn 0.3328 -0.6404 -0.6922
vn 0.8712 -0.4758 0.1211
vn 0.2099 -0.6082 -0.7655
vn 0.8297 -0.5560 -0.0504
vn 0.0654 -0.5560 -0.8286
vn 0.7692 -0.6082 -0.1959
vn -0.1053 -0.4758 -0.8732
vn 0.6982 -0.6403 -0.3201
vn -0.3016 -0.3580 -0.8837
vn -0.0794 -0.6639 -0.7436
vn 0.7420 -0.6639 0.0928
vn 0.6733 -0.7376 -0.0506
vn -0.2363 -0.5567 -0.7964
vn 0.5931 -0.7849 -0.1794
vn -0.4027 -0.4094 -0.8187
vn 0.5048 -0.8111 -0.2955
vn -0.5638 -0.2218 -0.7956
vn 0.4089 -0.8195 -0.4015
vn 0.7852 -0.2218 0.5782
vn 0.3047 -0.8111 -0.4993
vn 0.8112 -0.4095 0.4175
vn 0.1901 -0.7848 -0.5898
vn 0.7919 -0.5567 0.2508
vn 0.0611 -0.7435 -0.6660
vn 0.7352 -0.2368 0.6352
vn -0.6217 -0.2368 -0.7466
vn 0.1156 -0.9365 -0.3311
vn 0.7255 -0.4434 0.5264
vn -0.0020 -0.9010 -0.4339
vn 0.6809 -0.6138 0.3995
vn -0.1259 -0.8385 -0.5302
vn 0.6122 -0.7444 0.2666
vn -0.2554 -0.7444 -0.6169
vn 0.5278 -0.8385 0.1356
vn -0.3869 -0.6138 -0.6882
vn 0.4338 -0.9010 0.0099
vn -0.5130 -0.4434 -0.7350
vn 0.3332 -0.9365 -0.1095
vn 0.2274 -0.9500 -0.2141
vn 0.4428 -0.7749 0.4511
vn 0.3357 -0.8778 0.3418
vn -0.5415 -0.6346 -0.5514
vn 0.2248 -0.9471 0.2289
vn -0.6238 -0.4554 -0.6352
vn 0.1126 -0.9870 0.1146
vn -0.6798 -0.2420 -0.6923
vn 0.6798 -0.2420 0.6923
vn -0.1126 -0.9870 -0.1146
vn 0.6238 -0.4554 0.6352
vn -0.2248 -0.9471 -0.2289
vn 0.5414 -0.6347 0.5513
vn -0.3357 -0.8778 -0.3418
vn -0.4427 -0.7751 -0.4508
vn -0.2272 -0.9479 0.2231
vn -0.3332 -0.9365 0.1095
vn 0.5129 -0.4435 0.7351
vn -0.4338 -0.9010 -0.0099
vn 0.3869 -0.6138 0.6882
vn -0.5278 -0.8385 -0.1356
vn 0.2554 -0.7444 0.6169
vn -0.6122 -0.7444 -0.2666
vn 0.1259 -0.8385 0.5302
vn -0.6810 -0.6138 -0.3994
vn 0.0020 -0.9010 0.4339
vn -0.7255 -0.4434 -0.5263
vn -0.1156 -0.9365 0.3311
vn -0.7352 -0.2368 -0.6352
vn 0.6179 -0.2361 0.7500
vn -0.7420 -0.6639 -0.0929
vn -0.7919 -0.5567 -0.2508
vn -0.1901 -0.7848 0.5898
vn -0.8112 -0.4095 -0.4175
vn -0.3047 -0.8111 0.4993
vn -0.7852 -0.2218 -0.5782
vn -0.4089 -0.8195 0.4015
vn 0.5638 -0.2218 0.7956
vn -0.5048 -0.8111 0.2955
vn 0.4027 -0.4094 0.8187
vn -0.5931 -0.7849 0.1794
vn 0.2363 -0.5567 0.7964
vn -0.6733 -0.7376 0.0505
vn 0.0794 -0.6639 0.7436
vn -0.0601 -0.7440 0.6655
vn -0.6197 -0.6578 0.4281
vn -0.6982 -0.6404 0.3201
vn 0.1053 -0.4758 0.8732
vn -0.7692 -0.6082 0.1960
vn -0.0655 -0.5560 0.8286
vn -0.8297 -0.5560 0.0504
vn -0.2099 -0.6082 0.7655
vn -0.8712 -0.4758 -0.1211
vn -0.3328 -0.6404 0.6922
vn -0.8780 -0.3580 -0.3177
vn -0.4394 -0.6578 0.6117
vn -0.8280 -0.1979 -0.5246
vn -0.5339 -0.6633 0.5243
vn 0.5094 -0.1979 0.8375
vn 0.3072 -0.3587 0.8815
vn -0.9236 -0.3830 -0.0175
vn -0.9267 -0.2950 -0.2329
vn -0.5282 -0.5061 0.6818
vn -0.8629 -0.1666 -0.4772
vn -0.6139 -0.5096 0.6028
vn 0.4614 -0.1666 0.8714
vn -0.6913 -0.5061 0.5157
vn 0.2159 -0.2950 0.9308
vn -0.7625 -0.4951 0.4165
vn 0.0007 -0.3830 0.9237
vn -0.8278 -0.4742 0.2999
vn -0.1743 -0.4393 0.8813
vn -0.8843 -0.4393 0.1582
vn -0.3150 -0.4743 0.8221
vn -0.4294 -0.5024 0.7505
vn -0.0766 -0.2864 0.9550
vn -0.8007 -0.3591 0.4796
vn -0.8621 -0.3461 0.3701
vn -0.2507 -0.3238 0.9123
vn -0.9167 -0.3238 0.2341
vn -0.3858 -0.3461 0.8552
vn -0.9563 -0.2864 0.0592
vn -0.4941 -0.3591 0.7918
vn -0.9601 -0.2250 -0.1663
vn -0.5846 -0.3659 0.7241
vn -0.8895 -0.1298 -0.4381
vn -0.6635 -0.3680 0.6515
vn 0.4218 -0.1298 0.8973
vn -0.7347 -0.3659 0.5713
vn 0.1595 -0.2323 0.9595
vn -0.6189 -0.2371 0.7489
vn -0.9813 -0.1513 -0.1192
vn -0.9081 -0.0887 -0.4093
vn -0.6930 -0.2383 0.6805
vn 0.3927 -0.0886 0.9154
vn -0.7600 -0.2371 0.6051
vn 0.1013 -0.1513 0.9833
vn -0.8226 -0.2331 0.5186
vn -0.1289 -0.1899 0.9733
vn -0.8815 -0.2256 0.4147
vn -0.3007 -0.2124 0.9298
vn -0.9351 -0.2124 0.2837
vn -0.4307 -0.2256 0.8738
vn -0.9755 -0.1899 0.1112
vn -0.5325 -0.2380 0.8123
vn -0.8339 -0.1147 0.5399
vn -0.8914 -0.1112 0.4394
vn -0.3288 -0.1051 0.9386
vn -0.9444 -0.1051 0.3115
vn -0.4556 -0.1112 0.8832
vn -0.9855 -0.0945 0.1411
vn -0.5550 -0.1147 0.8239
vn -0.9929 -0.0759 -0.0912
vn -0.6373 -0.1165 0.7618
vn -0.9190 -0.0449 -0.3916
vn -0.7086 -0.1169 0.6958
vn 0.3748 -0.0449 0.9260
vn -0.7733 -0.1165 0.6233
vn 0.0731 -0.0759 0.9944
vn -0.1492 -0.1048 0.9832
vn -0.9966 -0.0000 -0.0819
vn -0.9226 -0.0000 -0.3858
vn -0.7135 -0.0000 0.7006
vn 0.3689 -0.0000 0.9295
vn -0.7774 -0.0000 0.6290
vn 0.0637 -0.0000 0.9980
vn -0.8373 -0.0000 0.5468
vn -0.1689 -0.0000 0.9856
vn -0.8944 -0.0000 0.4472
vn -0.3377 -0.0000 0.9412
vn -0.9472 -0.0000 0.3205
vn -0.4635 -0.0000 0.8861
vn -0.9886 -0.0000 0.1509
vn -0.5619 -0.0000 0.8272
vn -0.6422 -0.0012 0.7666
vn -0.1591 0.0945 0.9827
vn -0.3287 0.1051 0.9386
vn -0.9444 0.1051 0.3115
vn -0.4556 0.1112 0.8832
vn -0.9855 0.0945 0.1411
vn -0.5550 0.1147 0.8239
vn -0.9929 0.0759 -0.0912
vn -0.6373 0.1165 0.7618
vn -0.9190 0.0449 -0.3916
vn -0.7086 0.1170 0.6958
vn 0.3748 0.0449 0.9260
vn -0.7733 0.1165 0.6233
vn 0.0731 0.0759 0.9944
vn -0.8339 0.1147 0.5399
vn -0.8922 0.1164 0.4363
vn -0.6188 0.2371 0.7489
vn -0.6930 0.2383 0.6804
vn 0.3927 0.0886 0.9154
vn -0.9081 0.0887 -0.4093
vn -0.7600 0.2371 0.6051
vn 0.1014 0.1513 0.9833
vn -0.8226 0.2331 0.5186
vn -0.1289 0.1899 0.9733
vn -0.8815 0.2256 0.4147
vn -0.3006 0.2124 0.9298
vn -0.9351 0.2124 0.2837
vn -0.4307 0.2256 0.8738
vn -0.9755 0.1899 0.1112
vn -0.5336 0.2331 0.8130
vn -0.9813 0.1513 -0.1192
vn -0.9167 0.3238 0.2341
vn -0.2507 0.3238 0.9123
vn -0.3858 0.3461 0.8552
vn -0.9563 0.2864 0.0592
vn -0.4941 0.3591 0.7918
vn -0.9601 0.2249 -0.1664
vn -0.5846 0.3659 0.7241
vn -0.8895 0.1298 -0.4381
vn -0.6635 0.3680 0.6515
vn 0.4218 0.1297 0.8973
vn -0.7347 0.3659 0.5713
vn 0.1488 0.2250 0.9629
vn -0.8007 0.3591 0.4796
vn -0.0766 0.2864 0.9550
vn -0.8603 0.3529 0.3678
vn -0.8629 0.1666 -0.4772
vn -0.6913 0.5062 0.5157
vn 0.4614 0.1666 0.8714
vn 0.2159 0.2950 0.9308
vn -0.7625 0.4951 0.4165
vn 0.0007 0.3830 0.9237
vn -0.8278 0.4743 0.2998
vn -0.1743 0.4393 0.8813
vn -0.8843 0.4393 0.1582
vn -0.3150 0.4743 0.8221
vn -0.9236 0.3830 -0.0175
vn -0.4303 0.4951 0.7548
vn -0.9267 0.2950 -0.2329
vn -0.5282 0.5062 0.6818
vn -0.6078 0.5144 0.6049
vn -0.8712 0.4758 -0.1211
vn -0.2099 0.6082 0.7655
vn -0.3328 0.6404 0.6922
vn -0.8780 0.3580 -0.3177
vn -0.4394 0.6578 0.6117
vn -0.8280 0.1979 -0.5246
vn -0.5340 0.6633 0.5243
vn 0.5094 0.1979 0.8375
vn -0.6197 0.6578 0.4281
vn 0.3015 0.3580 0.8837
vn -0.6982 0.6404 0.3201
vn 0.1053 0.4758 0.8732
vn -0.7692 0.6082 0.1959
vn -0.0654 0.5560 0.8286
vn -0.8256 0.5623 0.0467
vn 0.5638 0.2218 0.7956
vn 0.4027 0.4094 0.8187
vn -0.5931 0.7849 0.1794
vn 0.2363 0.5567 0.7964
vn -0.6733 0.7376 0.0506
vn 0.0794 0.6639 0.7436
vn -0.7420 0.6639 -0.0928
vn -0.0628 0.7376 0.6723
vn -0.7919 0.5567 -0.2509
vn -0.1901 0.7848 0.5898
vn -0.8112 0.4095 -0.4175
vn -0.3047 0.8111 0.4993
vn -0.7852 0.2218 -0.5782
vn -0.4089 0.8195 0.4015
vn -0.4949 0.8170 0.2961
vn 0.1259 0.8385 0.5302
vn 0.0020 0.9010 0.4339
vn -0.7255 0.4435 -0.5262
vn -0.1156 0.9365 0.3311
vn -0.7352 0.2368 -0.6352
vn -0.2272 0.9479 0.2231
vn 0.6217 0.2368 0.7466
vn -0.3332 0.9365 0.1095
vn 0.5130 0.4434 0.7350
vn -0.4338 0.9010 -0.0099
vn 0.3869 0.6138 0.6882
vn -0.5278 0.8385 -0.1356
vn 0.2555 0.7444 0.6169
vn -0.6122 0.7444 -0.2666
vn -0.6801 0.6146 -0.3996
vn -0.0000 1.0000 -0.0009
vn 0.9753 0.0429 0.2166
vn -0.0000 -0.9023 0.4312
vn -0.0126 -0.8969 0.4421
vn 0.0126 -0.8969 0.4421
vn -0.0070 -0.2123 -0.9772
vn 0.0396 -0.2658 -0.9632
vn 0.0321 -0.2637 -0.9641
vn -0.0000 0.1944 0.9809
vn -0.0898 0.0050 -0.9959
vn -0.1791 0.0146 -0.9837
vn -0.0842 0.0040 -0.9964
vn 0.0842 0.0040 -0.9964
vn 0.0898 0.0050 -0.9959
vn 0.0875 0.0049 -0.9961
vn 0.0854 0.0048 -0.9963
vn -0.0854 0.0048 -0.9963
vn -0.1716 0.0151 -0.9850
vn -0.0875 0.0049 -0.9961
vn -0.0896 0.0055 -0.9960
vn -0.1675 0.0148 -0.9858
vn 0.1716 0.0151 -0.9850
vn 0.1675 0.0148 -0.9858
vn 0.0896 0.0055 -0.9960
vn 0.1652 0.0159 -0.9861
vn 0.1791 0.0146 -0.9837
vn 0.1760 0.0155 -0.9843
vn -0.1760 0.0155 -0.9843
vn -0.9753 0.0429 0.2166
vn 0.0288 -0.8992 0.4367
vn -0.0000 -0.8816 0.4719
vn -0.0288 -0.8992 0.4367
vn -0.2016 -0.5352 0.8203
vn -0.1680 -0.5870 0.7920
vn -0.0000 -0.7521 0.6591
vn -0.0000 -0.7930 0.6093
vn 0.1680 -0.5870 0.7920
vn 0.2016 -0.5352 0.8203
vn 0.0770 0.9970 -0.0000
vn 0.1616 0.9869 -0.0000
vn 0.0871 -0.0000 0.9962
vn 0.1542 0.0402 0.9872
vn 0.1656 -0.0000 0.9862
vn 0.1570 -0.0000 -0.9876
vn 0.2859 0.0391 -0.9574
vn 0.1499 -0.0000 -0.9887
vn -0.1510 -0.0000 -0.9885
vn -0.2756 0.0363 -0.9606
vn -0.2854 -0.0000 -0.9584
vn -0.0807 -0.0000 0.9967
vn -0.1429 0.0373 0.9890
vn -0.0770 -0.0000 0.9970
vn -0.0766 0.9971 -0.0000
vn -0.1616 0.9869 -0.0000
vn -0.0726 0.9974 -0.0000
vn -0.0000 0.7421 -0.6703
vn -0.0000 -0.7421 -0.6703
vn -0.7936 -0.0000 -0.6085
vn -0.7936 -0.0000 -0.6084
vn 0.7936 -0.0000 -0.6085
vn 0.7071 0.7071 -0.0000
vn -0.7071 0.7071 -0.0000
vn -0.7071 -0.7071 -0.0000
vn 0.7071 -0.7071 -0.0000
vn -0.5610 -0.5610 0.6087
vn 0.5610 -0.5610 0.6087
vn -0.6004 -0.6003 0.5284
vn -0.6003 -0.6003 0.5284
vn -0.6003 -0.6004 0.5284
vn 0.6003 -0.6004 0.5284
vn 0.6003 -0.6003 0.5284
vn 0.6004 -0.6003 0.5284
vn -0.0000 -0.6190 0.7854
vn 0.0002 -1.0000 -0.0000
vn 0.0001 -1.0000 -0.0000
vn -0.5610 0.5610 0.6087
vn 0.5610 0.5610 0.6087
vn -0.6003 0.6004 0.5284
vn -0.6003 0.6003 0.5284
vn -0.6004 0.6003 0.5284
vn 0.6004 0.6003 0.5284
vn 0.6003 0.6003 0.5284
vn 0.6003 0.6004 0.5284
vn -0.0000 0.6190 0.7854
vn -0.0002 1.0000 -0.0000
vn -0.0001 1.0000 -0.0000
vn -0.0567 0.0182 0.9982
vn -0.0254 0.0181 0.9995
vn -0.1308 -0.0058 -0.9914
vn -0.0115 -0.0015 -0.9999
vn -0.1245 0.0153 -0.9921
vn -0.1595 0.0165 -0.9871
vn 0.0612 0.0202 0.9979
vn 0.0274 0.0192 0.9994
vn -0.0000 -0.0005 1.0000
vn 0.1257 -0.0014 -0.9921
vn 0.1615 0.0175 -0.9867
vn 0.1216 -0.0068 -0.9926
vn 0.0115 -0.0015 -0.9999
vn -0.0005 -0.0027 -1.0000
vn -0.0018 -0.0035 -1.0000
vn -0.0000 0.0007 1.0000
vn 0.0005 -0.0027 -1.0000
vn 0.4703 0.8794 -0.0733
vn 0.0002 -0.0005 -1.0000
vn 0.5455 -0.8381 -0.0000
vn 0.5454 -0.8381 -0.0000
vn -0.5455 -0.8381 -0.0000
vn -0.5454 -0.8381 -0.0000
vn -0.5241 -0.8517 -0.0069
vn -0.0000 -0.6355 0.7721
vn -0.0000 -0.0111 0.9999
vn -0.0082 -0.6390 -0.7692
vn -0.0107 -0.0075 -0.9999
vn -0.0000 -0.4245 0.9054
vn 0.0107 -0.0076 -0.9999
vn -0.0015 -0.4525 -0.8918
vn 0.0226 -0.0209 -0.9995
vn -0.4800 -0.0000 0.8773
vn -0.3276 -0.0000 0.9448
vn -0.5376 -0.0000 0.8432
vn -0.1661 -0.0000 0.9861
vn -0.5428 -0.0000 0.8399
vn -0.6190 -0.0000 0.7854
vn 0.4800 -0.0000 0.8773
vn 0.3276 -0.0000 0.9448
vn 0.5428 -0.0000 0.8399
vn 0.1661 -0.0000 0.9861
vn 0.5376 -0.0000 0.8432
vn 0.6190 -0.0000 0.7854
vn 0.0831 -0.0000 0.9965
vn 0.1493 0.9832 0.1053
vn 0.7607 0.6454 0.0692
vn 0.8258 0.5607 0.0601
vn 0.7376 -0.5731 -0.3570
vn 0.8140 -0.5605 0.1524
vn 0.8165 -0.5714 0.0825
vn 0.7071 -0.0000 -0.7071
vn 0.8912 -0.3845 0.2408
vn 0.9923 -0.1047 0.0656
vn 0.9908 0.0834 0.1062
vn 0.9702 0.1496 0.1906
vn -0.3512 -0.9028 0.2482
vn -0.8397 -0.5236 0.1440
vn -0.7952 -0.5846 0.1608
vn -0.6390 0.5977 -0.4842
vn -0.8059 0.5920 -0.0075
vn -0.8149 0.5729 0.0882
vn -0.7071 -0.0000 -0.7071
vn -0.1442 -0.0000 -0.9896
vn -0.9702 0.1496 0.1906
vn -0.9908 0.0834 0.1062
vn -0.9923 -0.1047 0.0656
vn -0.8912 -0.3845 0.2408
vn -0.0000 -0.5602 -0.8284
vn 0.1093 -0.5494 -0.8284
vn 0.2144 -0.5175 -0.8284
vn 0.3112 -0.4658 -0.8284
vn 0.3961 -0.3961 -0.8284
vn 0.4658 -0.3112 -0.8284
vn 0.5175 -0.2144 -0.8284
vn 0.5494 -0.1093 -0.8284
vn 0.5602 -0.0000 -0.8284
vn 0.5494 0.1093 -0.8284
vn 0.5175 0.2144 -0.8284
vn 0.4658 0.3112 -0.8284
vn 0.3961 0.3961 -0.8284
vn 0.3112 0.4658 -0.8284
vn 0.2144 0.5175 -0.8284
vn 0.1093 0.5494 -0.8284
vn -0.0000 0.5602 -0.8284
vn -0.1093 0.5494 -0.8284
vn -0.2144 0.5175 -0.8284
vn -0.3112 0.4658 -0.8284
vn -0.3961 0.3961 -0.8284
vn -0.4658 0.3112 -0.8284
vn -0.5175 0.2144 -0.8284
vn -0.5494 0.1093 -0.8284
vn -0.5602 -0.0000 -0.8284
vn -0.5494 -0.1093 -0.8284
vn -0.5175 -0.2144 -0.8284
vn -0.4658 -0.3112 -0.8284
vn -0.3961 -0.3961 -0.8284
vn -0.3112 -0.4658 -0.8284
vn -0.2144 -0.5175 -0.8284
vn -0.1093 -0.5494 -0.8284
vn -0.0000 -0.1944 -0.9809
vn -0.1372 -0.1925 -0.9716
vn -0.0544 -0.2139 -0.9753
vn -0.0000 -0.8031 -0.5958
vn -0.1652 0.0159 -0.9861
vn 0.0730 0.9973 -0.0000
vn 0.2964 -0.0000 -0.9551
vn -0.1534 -0.0000 0.9882
vn 0.7936 -0.0000 -0.6084
vn -0.0000 -0.3162 0.9487
vn -0.1130 -0.0138 -0.9935
vn 0.1131 0.0106 -0.9935
vn -0.0000 -0.7367 0.6762
vn -0.0000 0.1961 0.9806
vn -0.0001 -0.0006 -1.0000
vn 0.3276 -0.7559 -0.5669
vn -0.0004 -0.7375 -0.6753
vn -0.3276 -0.7559 -0.5669
vn -0.5034 -0.6638 -0.5532
vn -0.0000 0.7071 -0.7071
vn -0.4230 0.6407 -0.6407
vn -0.7396 0.6730 -0.0000
vn 0.0713 0.0532 -0.9960
vn 0.0627 0.0093 -0.9980
vn 0.0078 -1.0000 -0.0000
vn -0.0078 -1.0000 -0.0000
vn 0.1491 0.9832 0.1054
vn 0.1492 0.9832 0.1055
vn 0.6968 -0.0000 -0.7173
vn 0.7426 0.2200 -0.6326
vn 0.7376 -0.5732 -0.3570
vn 0.7285 -0.4516 0.5151
vn 0.4903 -0.0000 -0.8716
vn 0.8086 -0.4987 0.3123
vn 0.8976 0.2721 0.3467
vn -0.3512 -0.9028 0.2483
vn -0.6944 0.0983 -0.7128
vn -0.6390 0.5976 -0.4843
vn -0.6968 -0.0000 -0.7173
vn -0.6839 -0.0000 -0.7295
vn -0.7466 0.4049 0.5279
vn -0.8976 0.2721 0.3467
vn -0.8086 -0.4987 0.3123
vt 0.815858 0.837181
vt 0.815858 0.819738
vt 0.815858 0.872065
vt 0.798415 0.889508
vt 0.798415 0.872065
vt 0.815858 0.662758
vt 0.798415 0.680200
vt 0.798415 0.662758
vt 0.815858 0.802296
vt 0.798415 0.819738
vt 0.798415 0.802296
vt 0.815858 0.732527
vt 0.798415 0.749969
vt 0.798415 0.732527
vt 0.763531 0.732527
vt 0.780973 0.732527
vt 0.780973 0.749969
vt 0.780973 0.697642
vt 0.763531 0.715085
vt 0.763531 0.697642
vt 0.798415 0.697642
vt 0.815858 0.715085
vt 0.798415 0.715085
vt 0.763531 0.802296
vt 0.780973 0.802296
vt 0.780973 0.819738
vt 0.780973 0.767411
vt 0.763531 0.784854
vt 0.763531 0.767411
vt 0.798415 0.767411
vt 0.815858 0.784854
vt 0.798415 0.784854
vt 0.693762 0.802296
vt 0.711204 0.802296
vt 0.711204 0.819738
vt 0.711204 0.767411
vt 0.693762 0.784854
vt 0.693762 0.767411
vt 0.746089 0.767411
vt 0.746089 0.784854
vt 0.728646 0.784854
vt 0.763531 0.662758
vt 0.780973 0.662758
vt 0.780973 0.680200
vt 0.780973 0.627873
vt 0.763531 0.645315
vt 0.763531 0.627873
vt 0.798415 0.627873
vt 0.815858 0.645315
vt 0.798415 0.645315
vt 0.763531 0.872065
vt 0.780973 0.872065
vt 0.780973 0.889508
vt 0.780973 0.837181
vt 0.763531 0.854623
vt 0.763531 0.837181
vt 0.798415 0.837181
vt 0.815858 0.854623
vt 0.798415 0.854623
vt 0.815858 0.680200
vt 0.815858 0.889508
vt 0.815858 0.697642
vt 0.815858 0.627873
vt 0.815858 0.610431
vt 0.815858 0.767411
vt 0.815858 0.749969
vt 0.780973 0.854623
vt 0.746089 0.854623
vt 0.763531 0.819738
vt 0.746089 0.872065
vt 0.780973 0.645315
vt 0.798415 0.610431
vt 0.780973 0.610431
vt 0.763531 0.610431
vt 0.711204 0.784854
vt 0.711204 0.749969
vt 0.728646 0.767411
vt 0.676319 0.784854
vt 0.693762 0.749969
vt 0.676319 0.802296
vt 0.780973 0.784854
vt 0.763531 0.749969
vt 0.780973 0.715085
vt 0.763531 0.680200
vt 0.728646 0.819738
vt 0.728646 0.802296
vt 0.868185 0.749969
vt 0.850742 0.767411
vt 0.850742 0.749969
vt 0.868185 0.784854
vt 0.850742 0.802296
vt 0.850742 0.784854
vt 0.868185 0.767411
vt 0.833300 0.784854
vt 0.868185 0.802296
vt 0.850742 0.819738
vt 0.885627 0.767411
vt 0.833300 0.802296
vt 0.833300 0.767411
vt 0.833300 0.819738
vt 0.833300 0.749969
vt 0.885627 0.802296
vt 0.868185 0.819738
vt 0.885627 0.749969
vt 0.885627 0.784854
vt 0.414177 0.451657
vt 0.427579 0.478462
vt 0.427579 0.451657
vt 0.427579 0.237225
vt 0.414177 0.264029
vt 0.427579 0.264029
vt 0.414177 0.424853
vt 0.427579 0.424853
vt 0.427579 0.210421
vt 0.414177 0.237225
vt 0.414177 0.398049
vt 0.427579 0.398049
vt 0.427579 0.183617
vt 0.414177 0.210421
vt 0.414177 0.371245
vt 0.427579 0.371245
vt 0.427579 0.156813
vt 0.414177 0.183617
vt 0.414177 0.344441
vt 0.427579 0.344441
vt 0.427579 0.130009
vt 0.414177 0.156813
vt 0.414177 0.317637
vt 0.427579 0.317637
vt 0.427579 0.103205
vt 0.414177 0.130009
vt 0.414177 0.290833
vt 0.427579 0.290833
vt 0.414177 0.478462
vt 0.420878 0.505265
vt 0.420878 0.076401
vt 0.414177 0.103205
vt 0.400775 0.478462
vt 0.407476 0.505265
vt 0.407476 0.076401
vt 0.400775 0.103205
vt 0.400775 0.290833
vt 0.400775 0.451657
vt 0.400775 0.264029
vt 0.400775 0.424853
vt 0.400775 0.237225
vt 0.400775 0.398049
vt 0.400775 0.210421
vt 0.400775 0.371245
vt 0.400775 0.183617
vt 0.400775 0.344441
vt 0.400775 0.156813
vt 0.400775 0.317637
vt 0.400775 0.130009
vt 0.387373 0.371245
vt 0.387373 0.183617
vt 0.387373 0.344441
vt 0.387373 0.156813
vt 0.387373 0.317637
vt 0.387373 0.130009
vt 0.387373 0.290833
vt 0.387373 0.478462
vt 0.394074 0.505265
vt 0.394074 0.076401
vt 0.387373 0.103205
vt 0.387373 0.451657
vt 0.387373 0.264029
vt 0.387373 0.424853
vt 0.387373 0.237225
vt 0.387373 0.398049
vt 0.387373 0.210421
vt 0.373971 0.290833
vt 0.373971 0.451657
vt 0.373971 0.264029
vt 0.373971 0.424853
vt 0.373971 0.237225
vt 0.373971 0.398049
vt 0.373971 0.210421
vt 0.373971 0.371245
vt 0.373971 0.183617
vt 0.373971 0.344441
vt 0.373971 0.156813
vt 0.373971 0.317637
vt 0.373971 0.130009
vt 0.373971 0.478462
vt 0.380672 0.505265
vt 0.380672 0.076401
vt 0.373971 0.103205
vt 0.360569 0.183617
vt 0.360569 0.344441
vt 0.360569 0.156813
vt 0.360569 0.317637
vt 0.360569 0.130009
vt 0.360569 0.290833
vt 0.360569 0.478462
vt 0.367270 0.505265
vt 0.367270 0.076401
vt 0.360569 0.103205
vt 0.360569 0.451657
vt 0.360569 0.264029
vt 0.360569 0.424853
vt 0.360569 0.237225
vt 0.360569 0.398049
vt 0.360569 0.210421
vt 0.360569 0.371245
vt 0.347167 0.451657
vt 0.347167 0.264029
vt 0.347167 0.424853
vt 0.347167 0.237225
vt 0.347167 0.398049
vt 0.347167 0.210421
vt 0.347167 0.371245
vt 0.347167 0.183617
vt 0.347167 0.344441
vt 0.347167 0.156813
vt 0.347167 0.317637
vt 0.347167 0.130009
vt 0.347167 0.290833
vt 0.347167 0.478462
vt 0.353868 0.505265
vt 0.353868 0.076401
vt 0.347167 0.103205
vt 0.333765 0.344441
vt 0.333765 0.156813
vt 0.333765 0.317637
vt 0.333765 0.130009
vt 0.333765 0.290833
vt 0.333765 0.478462
vt 0.340466 0.505265
vt 0.340466 0.076401
vt 0.333765 0.103205
vt 0.333765 0.451657
vt 0.333765 0.264029
vt 0.333765 0.424853
vt 0.333765 0.237225
vt 0.333765 0.398049
vt 0.333765 0.210421
vt 0.333765 0.371245
vt 0.333765 0.183617
vt 0.320363 0.264029
vt 0.320363 0.424853
vt 0.320363 0.237225
vt 0.320363 0.398049
vt 0.320363 0.210421
vt 0.320363 0.371245
vt 0.320363 0.183617
vt 0.320363 0.344441
vt 0.320363 0.156813
vt 0.320363 0.317637
vt 0.320363 0.130009
vt 0.320363 0.290833
vt 0.320363 0.478462
vt 0.327064 0.505265
vt 0.327064 0.076401
vt 0.320363 0.103205
vt 0.320363 0.451657
vt 0.306961 0.130009
vt 0.306961 0.344441
vt 0.306961 0.103205
vt 0.306961 0.317637
vt 0.306961 0.478462
vt 0.313662 0.505265
vt 0.313662 0.076401
vt 0.306961 0.264029
vt 0.306961 0.237225
vt 0.306961 0.451657
vt 0.306961 0.210421
vt 0.306961 0.424853
vt 0.306961 0.183617
vt 0.306961 0.398049
vt 0.306961 0.156813
vt 0.306961 0.371245
vt 0.293559 0.210421
vt 0.293559 0.424853
vt 0.293559 0.183617
vt 0.293559 0.398049
vt 0.293559 0.156813
vt 0.293559 0.371245
vt 0.293559 0.130009
vt 0.293559 0.344441
vt 0.293559 0.103205
vt 0.306961 0.290833
vt 0.293559 0.317637
vt 0.293559 0.478462
vt 0.300260 0.505265
vt 0.300260 0.076401
vt 0.293559 0.264029
vt 0.293559 0.237225
vt 0.293559 0.451657
vt 0.280157 0.103205
vt 0.293559 0.290833
vt 0.280157 0.317637
vt 0.280157 0.478462
vt 0.286858 0.505265
vt 0.286858 0.076401
vt 0.280157 0.264029
vt 0.280157 0.237225
vt 0.280157 0.451657
vt 0.280157 0.210421
vt 0.280157 0.424853
vt 0.280157 0.183617
vt 0.280157 0.398049
vt 0.280157 0.156813
vt 0.280157 0.371245
vt 0.280157 0.130009
vt 0.280157 0.344441
vt 0.266755 0.424853
vt 0.266755 0.183617
vt 0.266755 0.398049
vt 0.266755 0.156813
vt 0.266755 0.371245
vt 0.266755 0.130009
vt 0.266755 0.344441
vt 0.266755 0.103205
vt 0.280157 0.290833
vt 0.266755 0.317637
vt 0.266755 0.478462
vt 0.273456 0.505265
vt 0.273456 0.076401
vt 0.266755 0.264029
vt 0.266755 0.237225
vt 0.266755 0.451657
vt 0.266755 0.210421
vt 0.266755 0.290833
vt 0.253353 0.317637
vt 0.253353 0.478462
vt 0.260054 0.505265
vt 0.260054 0.076401
vt 0.253353 0.103205
vt 0.253353 0.264029
vt 0.253353 0.237225
vt 0.253353 0.451657
vt 0.253353 0.210421
vt 0.253353 0.424853
vt 0.253353 0.183617
vt 0.253353 0.398049
vt 0.253353 0.156813
vt 0.253353 0.371245
vt 0.253353 0.130009
vt 0.253353 0.344441
vt 0.239951 0.183617
vt 0.239951 0.398049
vt 0.239951 0.156813
vt 0.239951 0.371245
vt 0.239951 0.130009
vt 0.239951 0.344441
vt 0.239951 0.103205
vt 0.253353 0.290833
vt 0.239951 0.317637
vt 0.239951 0.478462
vt 0.246652 0.505265
vt 0.246652 0.076401
vt 0.239951 0.264029
vt 0.239951 0.237225
vt 0.239951 0.451657
vt 0.239951 0.210421
vt 0.239951 0.424853
vt 0.226549 0.478462
vt 0.233250 0.505265
vt 0.233250 0.076401
vt 0.226549 0.103205
vt 0.226549 0.264029
vt 0.239951 0.290833
vt 0.226549 0.237225
vt 0.226549 0.451657
vt 0.226549 0.210421
vt 0.226549 0.424853
vt 0.226549 0.183617
vt 0.226549 0.398049
vt 0.226549 0.156813
vt 0.226549 0.371245
vt 0.226549 0.130009
vt 0.226549 0.344441
vt 0.226549 0.317637
vt 0.213147 0.398049
vt 0.213147 0.156813
vt 0.213147 0.371245
vt 0.213147 0.130009
vt 0.213147 0.344441
vt 0.213147 0.103205
vt 0.226549 0.290833
vt 0.213147 0.317637
vt 0.213147 0.478462
vt 0.219848 0.505265
vt 0.219848 0.076401
vt 0.213147 0.264029
vt 0.213147 0.237225
vt 0.213147 0.451657
vt 0.213147 0.210421
vt 0.213147 0.424853
vt 0.213147 0.183617
vt 0.199745 0.290833
vt 0.213147 0.290833
vt 0.199745 0.451657
vt 0.199745 0.264029
vt 0.199745 0.424853
vt 0.199745 0.237225
vt 0.199745 0.398049
vt 0.199745 0.210421
vt 0.199745 0.371245
vt 0.199745 0.183617
vt 0.199745 0.344441
vt 0.199745 0.156813
vt 0.199745 0.317637
vt 0.199745 0.130009
vt 0.199745 0.478462
vt 0.206446 0.505265
vt 0.206446 0.076401
vt 0.199745 0.103205
vt 0.186343 0.183617
vt 0.186343 0.344441
vt 0.186343 0.156813
vt 0.186343 0.317637
vt 0.186343 0.130009
vt 0.186343 0.290833
vt 0.186343 0.478462
vt 0.193044 0.505265
vt 0.193044 0.076401
vt 0.186343 0.103205
vt 0.186343 0.451657
vt 0.186343 0.264029
vt 0.186343 0.424853
vt 0.186343 0.237225
vt 0.186343 0.398049
vt 0.186343 0.210421
vt 0.186343 0.371245
vt 0.172941 0.264029
vt 0.172941 0.424853
vt 0.172941 0.237225
vt 0.172941 0.398049
vt 0.172941 0.210421
vt 0.172941 0.371245
vt 0.172941 0.183617
vt 0.172941 0.344441
vt 0.172941 0.156813
vt 0.172941 0.317637
vt 0.172941 0.130009
vt 0.172941 0.290833
vt 0.172941 0.478462
vt 0.179642 0.505265
vt 0.179642 0.076401
vt 0.172941 0.103205
vt 0.172941 0.451657
vt 0.159539 0.156813
vt 0.159539 0.317637
vt 0.159539 0.130009
vt 0.159539 0.290833
vt 0.159539 0.478462
vt 0.166240 0.505265
vt 0.166240 0.076401
vt 0.159539 0.103205
vt 0.159539 0.451657
vt 0.159539 0.264029
vt 0.159539 0.424853
vt 0.159539 0.237225
vt 0.159539 0.398049
vt 0.159539 0.210421
vt 0.159539 0.371245
vt 0.159539 0.183617
vt 0.159539 0.344441
vt 0.146137 0.424853
vt 0.146137 0.237225
vt 0.146137 0.398049
vt 0.146137 0.210421
vt 0.146137 0.371245
vt 0.146137 0.183617
vt 0.146137 0.344441
vt 0.146137 0.156813
vt 0.146137 0.317637
vt 0.146137 0.130009
vt 0.146137 0.290833
vt 0.146137 0.478462
vt 0.152838 0.505265
vt 0.152838 0.076401
vt 0.146137 0.103205
vt 0.146137 0.451657
vt 0.146137 0.264029
vt 0.132735 0.317637
vt 0.132735 0.130009
vt 0.132735 0.290833
vt 0.132735 0.478462
vt 0.139436 0.505265
vt 0.139436 0.076401
vt 0.132735 0.103205
vt 0.132735 0.451657
vt 0.132735 0.264029
vt 0.132735 0.424853
vt 0.132735 0.237225
vt 0.132735 0.398049
vt 0.132735 0.210421
vt 0.132735 0.371245
vt 0.132735 0.183617
vt 0.132735 0.344441
vt 0.132735 0.156813
vt 0.119333 0.237225
vt 0.119333 0.398049
vt 0.119333 0.210421
vt 0.119333 0.371245
vt 0.119333 0.183617
vt 0.119333 0.344441
vt 0.119333 0.156813
vt 0.119333 0.317637
vt 0.119333 0.130009
vt 0.119333 0.290833
vt 0.119333 0.478462
vt 0.126034 0.505265
vt 0.126034 0.076401
vt 0.119333 0.103205
vt 0.119333 0.451657
vt 0.119333 0.264029
vt 0.119333 0.424853
vt 0.105931 0.130009
vt 0.105931 0.290833
vt 0.105931 0.478462
vt 0.112632 0.505265
vt 0.112632 0.076401
vt 0.105931 0.103205
vt 0.105931 0.451657
vt 0.105931 0.264029
vt 0.105931 0.424853
vt 0.105931 0.237225
vt 0.105931 0.398049
vt 0.105931 0.210421
vt 0.105931 0.371245
vt 0.105931 0.183617
vt 0.105931 0.344441
vt 0.105931 0.156813
vt 0.105931 0.317637
vt 0.534795 0.398049
vt 0.521393 0.424853
vt 0.534795 0.424853
vt 0.521393 0.183617
vt 0.534795 0.210421
vt 0.534795 0.183617
vt 0.534795 0.371245
vt 0.521393 0.398049
vt 0.521393 0.156813
vt 0.534795 0.156813
vt 0.534795 0.344441
vt 0.521393 0.371245
vt 0.521393 0.130009
vt 0.534795 0.130009
vt 0.534795 0.317637
vt 0.521393 0.344441
vt 0.521393 0.103205
vt 0.534795 0.103205
vt 0.534795 0.290833
vt 0.521393 0.317637
vt 0.534795 0.478462
vt 0.521393 0.478462
vt 0.528094 0.505265
vt 0.528094 0.076401
vt 0.521393 0.264029
vt 0.534795 0.264029
vt 0.534795 0.451657
vt 0.521393 0.237225
vt 0.534795 0.237225
vt 0.521393 0.451657
vt 0.521393 0.210421
vt 0.521393 0.290833
vt 0.507991 0.317637
vt 0.507991 0.478462
vt 0.514692 0.505265
vt 0.514692 0.076401
vt 0.507991 0.103205
vt 0.507991 0.264029
vt 0.507991 0.237225
vt 0.507991 0.451657
vt 0.507991 0.210421
vt 0.507991 0.424853
vt 0.507991 0.183617
vt 0.507991 0.398049
vt 0.507991 0.156813
vt 0.507991 0.371245
vt 0.507991 0.130009
vt 0.507991 0.344441
vt 0.494589 0.183617
vt 0.494589 0.398049
vt 0.494589 0.156813
vt 0.494589 0.371245
vt 0.494589 0.130009
vt 0.494589 0.344441
vt 0.494589 0.103205
vt 0.507991 0.290833
vt 0.494589 0.317637
vt 0.494589 0.478462
vt 0.501290 0.505265
vt 0.501290 0.076401
vt 0.494589 0.264029
vt 0.494589 0.237225
vt 0.494589 0.451657
vt 0.494589 0.210421
vt 0.494589 0.424853
vt 0.487888 0.076401
vt 0.481187 0.103205
vt 0.481187 0.264029
vt 0.494589 0.290833
vt 0.481187 0.478462
vt 0.481187 0.237225
vt 0.481187 0.451657
vt 0.481187 0.210421
vt 0.481187 0.424853
vt 0.481187 0.183617
vt 0.481187 0.398049
vt 0.481187 0.156813
vt 0.481187 0.371245
vt 0.481187 0.130009
vt 0.481187 0.344441
vt 0.481187 0.317637
vt 0.487888 0.505265
vt 0.467785 0.156813
vt 0.467785 0.371245
vt 0.467785 0.130009
vt 0.467785 0.344441
vt 0.467785 0.103205
vt 0.481187 0.290833
vt 0.467785 0.317637
vt 0.467785 0.478462
vt 0.474486 0.505265
vt 0.474486 0.076401
vt 0.467785 0.264029
vt 0.467785 0.237225
vt 0.467785 0.451657
vt 0.467785 0.210421
vt 0.467785 0.424853
vt 0.467785 0.183617
vt 0.467785 0.398049
vt 0.454383 0.478462
vt 0.454383 0.237225
vt 0.454383 0.451657
vt 0.454383 0.210421
vt 0.454383 0.424853
vt 0.454383 0.183617
vt 0.454383 0.398049
vt 0.454383 0.156813
vt 0.454383 0.371245
vt 0.454383 0.130009
vt 0.454383 0.344441
vt 0.454383 0.103205
vt 0.467785 0.290833
vt 0.454383 0.317637
vt 0.461084 0.505265
vt 0.461084 0.076401
vt 0.454383 0.264029
vt 0.440981 0.371245
vt 0.440981 0.130009
vt 0.440981 0.344441
vt 0.440981 0.103205
vt 0.454383 0.290833
vt 0.440981 0.317637
vt 0.440981 0.478462
vt 0.447682 0.505265
vt 0.447682 0.076401
vt 0.440981 0.264029
vt 0.440981 0.237225
vt 0.440981 0.451657
vt 0.440981 0.210421
vt 0.440981 0.424853
vt 0.440981 0.183617
vt 0.440981 0.398049
vt 0.440981 0.156813
vt 0.440981 0.290833
vt 0.434280 0.505265
vt 0.434280 0.076401
vt 0.399895 0.489688
vt 0.390261 0.470420
vt 0.399895 0.470420
vt 0.399895 0.316278
vt 0.390261 0.335546
vt 0.390261 0.316278
vt 0.390261 0.451153
vt 0.399895 0.451153
vt 0.399895 0.297011
vt 0.390261 0.297011
vt 0.390261 0.431885
vt 0.399895 0.431885
vt 0.399895 0.277743
vt 0.390261 0.277743
vt 0.390261 0.412617
vt 0.399895 0.412617
vt 0.399895 0.258475
vt 0.390261 0.258475
vt 0.390261 0.393349
vt 0.399895 0.393349
vt 0.399895 0.239207
vt 0.390261 0.239207
vt 0.390261 0.374082
vt 0.399895 0.374082
vt 0.399895 0.219939
vt 0.390261 0.219939
vt 0.390261 0.354814
vt 0.399895 0.354814
vt 0.395078 0.508956
vt 0.390261 0.489688
vt 0.395078 0.200672
vt 0.399895 0.335546
vt 0.385444 0.508956
vt 0.380627 0.489688
vt 0.385444 0.200672
vt 0.380627 0.219939
vt 0.380627 0.354814
vt 0.380627 0.335546
vt 0.380627 0.470420
vt 0.380627 0.316278
vt 0.380627 0.451153
vt 0.380627 0.297011
vt 0.380627 0.431885
vt 0.380627 0.277743
vt 0.380627 0.412617
vt 0.380627 0.258475
vt 0.380627 0.393349
vt 0.380627 0.239207
vt 0.380627 0.374082
vt 0.370993 0.412617
vt 0.370993 0.277743
vt 0.370993 0.258475
vt 0.370993 0.393349
vt 0.370993 0.239207
vt 0.370993 0.374082
vt 0.370993 0.219939
vt 0.370993 0.354814
vt 0.375810 0.508956
vt 0.370993 0.489688
vt 0.375810 0.200672
vt 0.370993 0.335546
vt 0.370993 0.470420
vt 0.370993 0.316278
vt 0.370993 0.451153
vt 0.370993 0.297011
vt 0.370993 0.431885
vt 0.361359 0.354814
vt 0.361359 0.335546
vt 0.361359 0.470420
vt 0.361359 0.316278
vt 0.361359 0.451153
vt 0.361359 0.297011
vt 0.361359 0.431885
vt 0.361359 0.277743
vt 0.361359 0.412617
vt 0.361359 0.258475
vt 0.361359 0.393349
vt 0.361359 0.239207
vt 0.361359 0.374082
vt 0.361359 0.219939
vt 0.366176 0.508956
vt 0.361359 0.489688
vt 0.366176 0.200672
vt 0.351725 0.277743
vt 0.351725 0.258475
vt 0.351725 0.393349
vt 0.351725 0.239207
vt 0.351725 0.374082
vt 0.351725 0.219939
vt 0.351725 0.354814
vt 0.356542 0.508956
vt 0.351725 0.489688
vt 0.356542 0.200672
vt 0.351725 0.335546
vt 0.351725 0.470420
vt 0.351725 0.316278
vt 0.351725 0.451153
vt 0.351725 0.297011
vt 0.351725 0.431885
vt 0.351725 0.412617
vt 0.342091 0.470420
vt 0.342091 0.335546
vt 0.342091 0.316278
vt 0.342091 0.451153
vt 0.342091 0.297011
vt 0.342091 0.431885
vt 0.342091 0.277743
vt 0.342091 0.412617
vt 0.342091 0.258475
vt 0.342091 0.393349
vt 0.342091 0.239207
vt 0.342091 0.374082
vt 0.342091 0.219939
vt 0.342091 0.354814
vt 0.346908 0.508956
vt 0.342091 0.489688
vt 0.346908 0.200672
vt 0.332457 0.393349
vt 0.332457 0.258475
vt 0.332457 0.239207
vt 0.332457 0.374082
vt 0.332457 0.219939
vt 0.332457 0.354814
vt 0.337274 0.508956
vt 0.332457 0.489688
vt 0.337274 0.200672
vt 0.332457 0.335546
vt 0.332457 0.470420
vt 0.332457 0.316278
vt 0.332457 0.451153
vt 0.332457 0.297011
vt 0.332457 0.431885
vt 0.332457 0.277743
vt 0.332457 0.412617
vt 0.322824 0.335546
vt 0.322824 0.316278
vt 0.322824 0.451153
vt 0.322824 0.297011
vt 0.322824 0.431885
vt 0.322824 0.277743
vt 0.322824 0.412617
vt 0.322824 0.258475
vt 0.322824 0.393349
vt 0.322824 0.239207
vt 0.322824 0.374082
vt 0.322824 0.219939
vt 0.322824 0.354814
vt 0.327641 0.508956
vt 0.322824 0.489688
vt 0.327641 0.200672
vt 0.322824 0.470420
vt 0.313190 0.239207
vt 0.313190 0.393349
vt 0.313190 0.374082
vt 0.313190 0.219939
vt 0.313190 0.354814
vt 0.318007 0.508956
vt 0.313190 0.489688
vt 0.318007 0.200672
vt 0.313190 0.335546
vt 0.313190 0.470420
vt 0.313190 0.316278
vt 0.313190 0.451153
vt 0.313190 0.297011
vt 0.313190 0.431885
vt 0.313190 0.277743
vt 0.313190 0.412617
vt 0.313190 0.258475
vt 0.303556 0.297011
vt 0.303556 0.451153
vt 0.303556 0.431885
vt 0.303556 0.277743
vt 0.303556 0.412617
vt 0.303556 0.258475
vt 0.303556 0.393349
vt 0.303556 0.239207
vt 0.303556 0.374082
vt 0.303556 0.219939
vt 0.303556 0.354814
vt 0.308373 0.508956
vt 0.303556 0.489688
vt 0.308373 0.200672
vt 0.303556 0.335546
vt 0.303556 0.470420
vt 0.303556 0.316278
vt 0.293922 0.219939
vt 0.293922 0.374082
vt 0.293922 0.354814
vt 0.298739 0.508956
vt 0.293922 0.489688
vt 0.298739 0.200672
vt 0.293922 0.335546
vt 0.293922 0.470420
vt 0.293922 0.316278
vt 0.293922 0.451153
vt 0.293922 0.297011
vt 0.293922 0.431885
vt 0.293922 0.277743
vt 0.293922 0.412617
vt 0.293922 0.258475
vt 0.293922 0.393349
vt 0.293922 0.239207
vt 0.284288 0.451153
vt 0.284288 0.431885
vt 0.284288 0.277743
vt 0.284288 0.412617
vt 0.284288 0.258475
vt 0.284288 0.393349
vt 0.284288 0.239207
vt 0.284288 0.374082
vt 0.284288 0.219939
vt 0.284288 0.354814
vt 0.289105 0.508956
vt 0.284288 0.489688
vt 0.289105 0.200672
vt 0.284288 0.335546
vt 0.284288 0.470420
vt 0.284288 0.316278
vt 0.284288 0.297011
vt 0.274654 0.374082
vt 0.274654 0.354814
vt 0.279471 0.508956
vt 0.274654 0.489688
vt 0.279471 0.200672
vt 0.274654 0.219939
vt 0.274654 0.335546
vt 0.274654 0.470420
vt 0.274654 0.316278
vt 0.274654 0.451153
vt 0.274654 0.297011
vt 0.274654 0.431885
vt 0.274654 0.277743
vt 0.274654 0.412617
vt 0.274654 0.258475
vt 0.274654 0.393349
vt 0.274654 0.239207
vt 0.265020 0.277743
vt 0.265020 0.431885
vt 0.265020 0.412617
vt 0.265020 0.258475
vt 0.265020 0.393349
vt 0.265020 0.239207
vt 0.265020 0.374082
vt 0.265020 0.219939
vt 0.265020 0.354814
vt 0.269837 0.508956
vt 0.265020 0.489688
vt 0.269837 0.200672
vt 0.265020 0.335546
vt 0.265020 0.470420
vt 0.265020 0.316278
vt 0.265020 0.451153
vt 0.265020 0.297011
vt 0.260203 0.508956
vt 0.255386 0.489688
vt 0.260203 0.200672
vt 0.255386 0.219939
vt 0.255386 0.335546
vt 0.255386 0.470420
vt 0.255386 0.316278
vt 0.255386 0.451153
vt 0.255386 0.297011
vt 0.255386 0.431885
vt 0.255386 0.277743
vt 0.255386 0.412617
vt 0.255386 0.258475
vt 0.255386 0.393349
vt 0.255386 0.239207
vt 0.255386 0.374082
vt 0.255386 0.354814
vt 0.245753 0.431885
vt 0.245753 0.412617
vt 0.245753 0.258475
vt 0.245753 0.393349
vt 0.245753 0.239207
vt 0.245753 0.374082
vt 0.245753 0.219939
vt 0.245753 0.354814
vt 0.250569 0.508956
vt 0.245753 0.489688
vt 0.250569 0.200672
vt 0.245753 0.335546
vt 0.245753 0.470420
vt 0.245753 0.316278
vt 0.245753 0.451153
vt 0.245753 0.297011
vt 0.245753 0.277743
vt 0.236119 0.354814
vt 0.236119 0.335546
vt 0.236119 0.470420
vt 0.236119 0.316278
vt 0.236119 0.451153
vt 0.236119 0.297011
vt 0.236119 0.431885
vt 0.236119 0.277743
vt 0.236119 0.412617
vt 0.236119 0.258475
vt 0.236119 0.393349
vt 0.236119 0.239207
vt 0.236119 0.374082
vt 0.236119 0.219939
vt 0.240936 0.508956
vt 0.236119 0.489688
vt 0.240936 0.200672
vt 0.226485 0.277743
vt 0.226485 0.258475
vt 0.226485 0.393349
vt 0.226485 0.239207
vt 0.226485 0.374082
vt 0.226485 0.219939
vt 0.226485 0.354814
vt 0.231302 0.508956
vt 0.226485 0.489688
vt 0.231302 0.200672
vt 0.226485 0.335546
vt 0.226485 0.470420
vt 0.226485 0.316278
vt 0.226485 0.451153
vt 0.226485 0.297011
vt 0.226485 0.431885
vt 0.226485 0.412617
vt 0.216851 0.335546
vt 0.216851 0.316278
vt 0.216851 0.451153
vt 0.216851 0.297011
vt 0.216851 0.431885
vt 0.216851 0.277743
vt 0.216851 0.412617
vt 0.216851 0.258475
vt 0.216851 0.393349
vt 0.216851 0.239207
vt 0.216851 0.374082
vt 0.216851 0.219939
vt 0.216851 0.354814
vt 0.221668 0.508956
vt 0.216851 0.489688
vt 0.221668 0.200672
vt 0.216851 0.470420
vt 0.207217 0.258475
vt 0.207217 0.239207
vt 0.207217 0.374082
vt 0.207217 0.219939
vt 0.207217 0.354814
vt 0.212034 0.508956
vt 0.207217 0.489688
vt 0.212034 0.200672
vt 0.207217 0.335546
vt 0.207217 0.470420
vt 0.207217 0.316278
vt 0.207217 0.451153
vt 0.207217 0.297011
vt 0.207217 0.431885
vt 0.207217 0.277743
vt 0.207217 0.412617
vt 0.207217 0.393349
vt 0.197583 0.451153
vt 0.197583 0.316278
vt 0.197583 0.297011
vt 0.197583 0.431885
vt 0.197583 0.277743
vt 0.197583 0.412617
vt 0.197583 0.258475
vt 0.197583 0.393349
vt 0.197583 0.239207
vt 0.197583 0.374082
vt 0.197583 0.219939
vt 0.197583 0.354814
vt 0.202400 0.508956
vt 0.197583 0.489688
vt 0.202400 0.200672
vt 0.197583 0.335546
vt 0.197583 0.470420
vt 0.187949 0.374082
vt 0.187949 0.239207
vt 0.187949 0.219939
vt 0.187949 0.354814
vt 0.192766 0.508956
vt 0.187949 0.489688
vt 0.192766 0.200672
vt 0.187949 0.335546
vt 0.187949 0.470420
vt 0.187949 0.316278
vt 0.187949 0.451153
vt 0.187949 0.297011
vt 0.187949 0.431885
vt 0.187949 0.277743
vt 0.187949 0.412617
vt 0.187949 0.258475
vt 0.187949 0.393349
vt 0.178315 0.316278
vt 0.178315 0.297011
vt 0.178315 0.431885
vt 0.178315 0.277743
vt 0.178315 0.412617
vt 0.178315 0.258475
vt 0.178315 0.393349
vt 0.178315 0.239207
vt 0.178315 0.374082
vt 0.178315 0.219939
vt 0.178315 0.354814
vt 0.183132 0.508956
vt 0.178315 0.489688
vt 0.183132 0.200672
vt 0.178315 0.335546
vt 0.178315 0.470420
vt 0.178315 0.451153
vt 0.168682 0.239207
vt 0.168682 0.219939
vt 0.168682 0.354814
vt 0.173498 0.508956
vt 0.168682 0.489688
vt 0.173498 0.200672
vt 0.168682 0.335546
vt 0.168682 0.470420
vt 0.168682 0.316278
vt 0.168682 0.451153
vt 0.168682 0.297011
vt 0.168682 0.431885
vt 0.168682 0.277743
vt 0.168682 0.412617
vt 0.168682 0.258475
vt 0.168682 0.393349
vt 0.168682 0.374082
vt 0.476966 0.431885
vt 0.467332 0.451153
vt 0.467332 0.431885
vt 0.476966 0.297011
vt 0.467332 0.277743
vt 0.476966 0.277743
vt 0.476966 0.412617
vt 0.467332 0.412617
vt 0.467332 0.258475
vt 0.476966 0.258475
vt 0.476966 0.393349
vt 0.467332 0.393349
vt 0.467332 0.239207
vt 0.476966 0.239207
vt 0.476966 0.374082
vt 0.467332 0.374082
vt 0.467332 0.219939
vt 0.476966 0.219939
vt 0.476966 0.354814
vt 0.467332 0.354814
vt 0.476966 0.489688
vt 0.472149 0.508956
vt 0.467332 0.489688
vt 0.472149 0.200672
vt 0.467332 0.335546
vt 0.476966 0.335546
vt 0.476966 0.470420
vt 0.467332 0.470420
vt 0.467332 0.316278
vt 0.476966 0.316278
vt 0.476966 0.451153
vt 0.467332 0.297011
vt 0.457698 0.374082
vt 0.457698 0.354814
vt 0.462515 0.508956
vt 0.457698 0.489688
vt 0.462515 0.200672
vt 0.457698 0.219939
vt 0.457698 0.335546
vt 0.457698 0.470420
vt 0.457698 0.316278
vt 0.457698 0.451153
vt 0.457698 0.297011
vt 0.457698 0.431885
vt 0.457698 0.277743
vt 0.457698 0.412617
vt 0.457698 0.258475
vt 0.457698 0.393349
vt 0.457698 0.239207
vt 0.448064 0.277743
vt 0.448064 0.431885
vt 0.448064 0.412617
vt 0.448064 0.258475
vt 0.448064 0.393349
vt 0.448064 0.239207
vt 0.448064 0.374082
vt 0.448064 0.219939
vt 0.448064 0.354814
vt 0.452881 0.508956
vt 0.448064 0.489688
vt 0.452881 0.200672
vt 0.448064 0.335546
vt 0.448064 0.470420
vt 0.448064 0.316278
vt 0.448064 0.451153
vt 0.448064 0.297011
vt 0.443247 0.200672
vt 0.438430 0.219939
vt 0.438430 0.335546
vt 0.438430 0.489688
vt 0.438430 0.470420
vt 0.438430 0.316278
vt 0.438430 0.451153
vt 0.438430 0.297011
vt 0.438430 0.431885
vt 0.438430 0.277743
vt 0.438430 0.412617
vt 0.438430 0.258475
vt 0.438430 0.393349
vt 0.438430 0.239207
vt 0.438430 0.374082
vt 0.438430 0.354814
vt 0.443247 0.508956
vt 0.428796 0.258475
vt 0.428796 0.412617
vt 0.428796 0.393349
vt 0.428796 0.239207
vt 0.428796 0.374082
vt 0.428796 0.219939
vt 0.428796 0.354814
vt 0.433613 0.508956
vt 0.428796 0.489688
vt 0.433613 0.200672
vt 0.428796 0.335546
vt 0.428796 0.470420
vt 0.428796 0.316278
vt 0.428796 0.451153
vt 0.428796 0.297011
vt 0.428796 0.431885
vt 0.428796 0.277743
vt 0.419162 0.489688
vt 0.419162 0.470420
vt 0.419162 0.316278
vt 0.419162 0.451153
vt 0.419162 0.297011
vt 0.419162 0.431885
vt 0.419162 0.277743
vt 0.419162 0.412617
vt 0.419162 0.258475
vt 0.419162 0.393349
vt 0.419162 0.239207
vt 0.419162 0.374082
vt 0.419162 0.219939
vt 0.419162 0.354814
vt 0.423979 0.508956
vt 0.423979 0.200672
vt 0.419162 0.335546
vt 0.409529 0.412617
vt 0.409529 0.393349
vt 0.409529 0.239207
vt 0.409529 0.374082
vt 0.409529 0.219939
vt 0.409529 0.354814
vt 0.414345 0.508956
vt 0.409529 0.489688
vt 0.414345 0.200672
vt 0.409529 0.335546
vt 0.409529 0.470420
vt 0.409529 0.316278
vt 0.409529 0.451153
vt 0.409529 0.297011
vt 0.409529 0.431885
vt 0.409529 0.277743
vt 0.409529 0.258475
vt 0.404712 0.508956
vt 0.404712 0.200672
vt 0.291429 0.708842
vt 0.316834 0.708842
vt 0.303695 0.752068
vt 0.291429 0.795294
vt 0.316834 0.795294
vt 0.303695 0.838570
vt 0.230382 0.795294
vt 0.259027 0.838629
vt 0.316834 0.881746
vt 0.291429 0.968197
vt 0.291429 0.881746
vt 0.187156 0.881746
vt 0.143930 0.881746
vt 0.403286 0.795294
vt 0.230382 0.903359
vt 0.230382 0.881746
vt 0.230382 0.924972
vt 0.230382 0.946585
vt 0.230382 0.968197
vt 0.230382 0.708842
vt 0.259024 0.752068
vt 0.230382 0.622391
vt 0.291429 0.622391
vt 0.259027 0.665507
vt 0.316834 0.622391
vt 0.303695 0.665566
vt 0.258348 0.924972
vt 0.663806 0.864566
vt 0.615984 0.888476
vt 0.615984 0.864566
vt 0.855092 0.792833
vt 0.759449 0.888476
vt 0.759449 0.792833
vt 0.663806 0.816744
vt 0.615984 0.840655
vt 0.615984 0.816744
vt 0.711627 0.816744
vt 0.687717 0.840655
vt 0.687717 0.816744
vt 0.711627 0.625458
vt 0.687717 0.649368
vt 0.687717 0.625458
vt 0.663806 0.649368
vt 0.663806 0.625458
vt 0.687717 0.601547
vt 0.663806 0.601547
vt 0.687717 0.673279
vt 0.663806 0.697190
vt 0.663806 0.673279
vt 0.711627 0.649368
vt 0.687717 0.745012
vt 0.663806 0.792833
vt 0.663806 0.745012
vt 0.687717 0.697190
vt 0.663806 0.840655
vt 0.687717 0.792833
vt 0.687717 0.864566
vt 0.663806 0.888476
vt 0.711627 0.840655
vt 0.687717 0.936298
vt 0.663806 0.984120
vt 0.663806 0.936298
vt 0.687717 0.888476
vt 0.568163 0.840655
vt 0.568163 0.816744
vt 0.615984 0.792833
vt 0.568163 0.792833
vt 0.568163 0.888476
vt 0.568163 0.864566
vt 0.759449 0.673279
vt 0.735538 0.673279
vt 0.759449 0.816744
vt 0.735538 0.840655
vt 0.735538 0.816744
vt 0.759449 0.625458
vt 0.735538 0.649368
vt 0.735538 0.625458
vt 0.759449 0.840655
vt 0.735538 0.864566
vt 0.759449 0.649368
vt 0.668010 0.046080
vt 0.710120 0.097540
vt 0.665865 0.146186
vt 0.761006 0.020368
vt 0.651445 0.106500
vt 0.651445 0.020368
vt 0.759449 0.864566
vt 0.761006 0.106500
vt 0.651445 0.179614
vt 0.651392 0.106500
vt 0.541831 0.179614
vt 0.541831 0.106500
vt 0.651392 0.020369
vt 0.541831 0.020369
vt 0.754432 0.145653
vt 0.710438 0.092481
vt 0.754432 0.043731
vt 0.608558 0.185568
vt 0.643152 0.148342
vt 0.610477 0.183739
vt 0.697488 0.183514
vt 0.731486 0.146253
vt 0.699448 0.181633
vt 0.543026 0.116481
vt 0.593573 0.111809
vt 0.636506 0.208909
vt 0.578838 0.033622
vt 0.593718 0.075108
vt 0.587809 0.063245
vt 0.610313 0.188001
vt 0.579324 0.149815
vt 0.699654 0.185852
vt 0.667597 0.147662
vt 0.731486 0.219801
vt 0.701168 0.183912
vt 0.643166 0.223413
vt 0.612288 0.185651
vt 0.665865 0.223165
vt 0.577195 0.223413
vt 0.692262 0.100264
vt 0.677635 0.085090
vt 0.701625 0.061340
vt 0.589237 0.070946
vt 0.748047 0.207352
vt 0.748047 0.039911
vt 0.636506 0.060868
vt 0.636559 0.108266
vt 0.650454 0.033622
vt 0.668863 0.067453
vt 0.571293 0.109885
vt 0.664735 0.096298
vt 0.592221 0.143211
vt 0.599483 0.106290
vt 0.562121 0.038148
vt 0.673115 0.089751
vt 0.676490 0.085288
vt 0.670197 0.095510
vt 0.759449 0.622588
vt 0.759449 0.615882
vt 0.759449 0.601547
vt 0.759449 0.909518
vt 0.759449 0.904964
vt 0.759449 0.900928
vt 0.759449 0.897066
vt 0.759449 0.893031
vt 0.711627 0.601547
vt 0.711627 0.606101
vt 0.687719 0.601547
vt 0.711627 0.610136
vt 0.711627 0.613999
vt 0.711627 0.618034
vt 0.711627 0.622588
vt 0.711627 0.867435
vt 0.711627 0.871989
vt 0.687719 0.888476
vt 0.711627 0.876024
vt 0.711627 0.879887
vt 0.711627 0.883922
vt 0.711627 0.888476
vt 0.759449 0.963078
vt 0.735538 0.967632
vt 0.735538 0.963078
vt 0.759449 0.967632
vt 0.735538 0.984120
vt 0.735538 0.613999
vt 0.735538 0.601547
vt 0.759449 0.613999
vt 0.735538 0.618034
vt 0.759449 0.618034
vt 0.735538 0.622588
vt 0.711627 0.909518
vt 0.735538 0.904964
vt 0.735538 0.909518
vt 0.711627 0.904964
vt 0.735538 0.900928
vt 0.711627 0.900928
vt 0.735538 0.876024
vt 0.735538 0.871989
vt 0.735538 0.867435
vt 0.711627 0.967632
vt 0.711627 0.963078
vt 0.711627 0.984120
vt 0.759449 0.876024
vt 0.759449 0.871989
vt 0.759449 0.867435
vt 0.759449 0.936298
vt 0.735538 0.936298
vt 0.759449 0.984120
vt 0.711627 0.936298
vt 0.687719 0.984120
vt 0.687717 0.984120
vt 0.711627 0.864566
vt 0.759449 0.718232
vt 0.759449 0.713677
vt 0.759449 0.697190
vt 0.759449 0.709642
vt 0.759449 0.705780
vt 0.759449 0.701744
vt 0.759449 0.813875
vt 0.759449 0.809321
vt 0.759449 0.805285
vt 0.759449 0.801423
vt 0.759449 0.797387
vt 0.711627 0.676149
vt 0.711627 0.680703
vt 0.687719 0.697190
vt 0.711627 0.684738
vt 0.711627 0.688600
vt 0.711627 0.692636
vt 0.711627 0.697190
vt 0.711627 0.771792
vt 0.711627 0.776346
vt 0.687719 0.792833
vt 0.711627 0.780381
vt 0.711627 0.784244
vt 0.711627 0.788279
vt 0.711627 0.792833
vt 0.711627 0.718232
vt 0.735538 0.713677
vt 0.735538 0.718232
vt 0.711627 0.713677
vt 0.735538 0.709642
vt 0.711627 0.709642
vt 0.735538 0.684738
vt 0.735538 0.680703
vt 0.735538 0.676149
vt 0.711627 0.813875
vt 0.735538 0.809321
vt 0.735538 0.813875
vt 0.711627 0.809321
vt 0.735538 0.805285
vt 0.711627 0.805285
vt 0.735538 0.780381
vt 0.735538 0.776346
vt 0.735538 0.771792
vt 0.759449 0.684738
vt 0.759449 0.680703
vt 0.759449 0.676149
vt 0.759449 0.780381
vt 0.759449 0.776346
vt 0.759449 0.771792
vt 0.759449 0.745012
vt 0.735538 0.745012
vt 0.711627 0.673279
vt 0.711627 0.745012
vt 0.709826 0.094033
vt 0.712990 0.095040
vt 0.709951 0.094486
vt 0.665798 0.043731
vt 0.618373 0.096821
vt 0.577195 0.047933
vt 0.663739 0.145851
vt 0.620738 0.094177
vt 0.707988 0.094584
vt 0.577195 0.148275
vt 0.623017 0.097298
vt 0.620496 0.099578
vt 0.620187 0.097160
vt 0.620488 0.097524
vt 0.619997 0.097752
vt 0.710169 0.094582
vt 0.710033 0.094709
vt 0.620525 0.097168
vt 0.735568 0.625458
vt 0.735686 0.625458
vt 0.735653 0.625458
vt 0.735645 0.625458
vt 0.759449 0.647776
vt 0.735538 0.647776
vt 0.735567 0.864566
vt 0.759449 0.842248
vt 0.735538 0.842248
vt 0.735561 0.625458
vt 0.735583 0.625458
vt 0.735538 0.647772
vt 0.759449 0.842251
vt 0.735553 0.864566
vt 0.735555 0.864566
vt 0.735540 0.864566
vt 0.735550 0.625458
vt 0.735572 0.625458
vt 0.735595 0.625458
vt 0.735550 0.864566
vt 0.735552 0.864566
vt 0.735554 0.864566
vt 0.759449 0.647773
vt 0.735538 0.842251
vt 0.759449 0.672851
vt 0.760422 0.673458
vt 0.747097 0.673279
vt 0.759449 0.629278
vt 0.759449 0.626706
vt 0.747097 0.625458
vt 0.759449 0.648031
vt 0.759449 0.632107
vt 0.761135 0.631201
vt 0.759449 0.647882
vt 0.759449 0.648285
vt 0.759449 0.625653
vt 0.759449 0.625948
vt 0.759449 0.672878
vt 0.759449 0.863381
vt 0.761135 0.859525
vt 0.747097 0.864566
vt 0.759449 0.817668
vt 0.759449 0.817412
vt 0.747097 0.816744
vt 0.759449 0.841992
vt 0.759449 0.817573
vt 0.760422 0.816541
vt 0.759449 0.842141
vt 0.759449 0.841738
vt 0.759449 0.816855
vt 0.759449 0.816869
vt 0.759449 0.862391
vt 0.735538 0.816414
vt 0.732952 0.816727
vt 0.738626 0.816744
vt 0.735012 0.865398
vt 0.735538 0.865124
vt 0.735538 0.816569
vt 0.733974 0.840655
vt 0.734498 0.816584
vt 0.733468 0.840655
vt 0.734120 0.816545
vt 0.732896 0.840655
vt 0.735267 0.865018
vt 0.733974 0.864566
vt 0.733468 0.864566
vt 0.732896 0.864566
vt 0.735538 0.815638
vt 0.734726 0.624325
vt 0.732951 0.625375
vt 0.738626 0.625458
vt 0.735176 0.673498
vt 0.735538 0.674385
vt 0.735538 0.624596
vt 0.735538 0.623832
vt 0.733974 0.649368
vt 0.733468 0.649368
vt 0.734404 0.624046
vt 0.732896 0.649368
vt 0.735356 0.673398
vt 0.733974 0.673279
vt 0.733468 0.673279
vt 0.732896 0.673279
vt 0.735538 0.624900
vt 0.656284 0.242265
vt 0.656284 0.132403
vt 0.677717 0.240154
vt 0.698326 0.233902
vt 0.717320 0.223750
vt 0.733968 0.210087
vt 0.747630 0.193439
vt 0.757783 0.174445
vt 0.764034 0.153836
vt 0.766145 0.132403
vt 0.764034 0.110970
vt 0.757783 0.090361
vt 0.747630 0.071368
vt 0.733968 0.054720
vt 0.717320 0.041057
vt 0.698326 0.030905
vt 0.677717 0.024653
vt 0.656284 0.022542
vt 0.634851 0.024653
vt 0.614242 0.030905
vt 0.595248 0.041057
vt 0.578600 0.054720
vt 0.564938 0.071368
vt 0.554785 0.090361
vt 0.548534 0.110970
vt 0.546423 0.132403
vt 0.548534 0.153836
vt 0.554785 0.174445
vt 0.564938 0.193439
vt 0.578600 0.210087
vt 0.595248 0.223750
vt 0.614242 0.233902
vt 0.819534 0.052889
vt 0.699200 0.133294
vt 0.779605 0.253628
vt 0.634851 0.240154
vt 0.885627 0.819738
vt 0.316834 0.968197
vt 0.143930 0.795294
vt 0.208769 0.881746
vt 0.165543 0.881746
vt 0.403286 0.881746
vt 0.855092 0.888476
vt 0.761006 0.179614
vt 0.651392 0.179614
vt 0.738626 0.864566
vt 0.738626 0.673279
vt 0.799569 0.255594
vt 0.819534 0.253628
vt 0.838732 0.247804
vt 0.856424 0.238348
vt 0.871932 0.225621
vt 0.884659 0.210113
vt 0.894115 0.192421
vt 0.899939 0.173223
vt 0.901905 0.153258
vt 0.899939 0.133294
vt 0.894115 0.114096
vt 0.884659 0.096404
vt 0.871932 0.080896
vt 0.856424 0.068169
vt 0.838732 0.058712
vt 0.799569 0.050922
vt 0.779605 0.052889
vt 0.760407 0.058712
vt 0.742715 0.068169
vt 0.727207 0.080896
vt 0.714480 0.096404
vt 0.705023 0.114096
vt 0.697233 0.153258
vt 0.699200 0.173223
vt 0.705023 0.192421
vt 0.714480 0.210113
vt 0.727207 0.225621
vt 0.742715 0.238348
vt 0.760407 0.247804
s 1
f 40/1/1 71/2/2 34/1/3
f 30/3/4 27/4/5 78/5/6
f 32/6/7 39/7/8 77/8/9
f 31/9/10 38/10/11 76/11/12
f 33/12/13 37/13/14 75/14/15
f 2/15/16 44/16/17 9/17/18
f 45/18/19 8/19/20 5/20/21
f 72/21/15 17/22/13 47/23/15
f 28/24/22 48/25/23 11/26/24
f 49/27/25 18/28/26 2/29/27
f 69/30/12 14/31/10 51/32/12
f 24/33/28 52/34/29 15/35/30
f 53/36/31 54/37/32 5/38/33
f 2/39/27 18/40/26 55/41/34
f 5/42/33 56/43/35 12/44/36
f 57/45/37 7/46/38 24/47/39
f 65/48/9 16/49/7 59/50/9
f 24/51/40 60/52/41 10/53/42
f 61/54/43 62/55/44 28/56/45
f 64/57/6 13/58/4 63/59/6
f 32/6/46 70/60/47 4/60/46
f 16/49/46 74/6/48 32/6/46
f 31/9/49 71/2/50 3/2/49
f 14/31/49 58/9/51 31/9/49
f 30/3/1 50/61/2 6/61/1
f 13/58/1 46/3/3 30/3/1
f 17/22/52 29/62/53 25/22/53
f 43/62/52 70/60/54 29/62/53
f 16/49/46 66/63/48 35/49/48
f 42/63/46 50/64/47 66/63/48
f 14/31/49 73/65/51 68/31/51
f 41/65/49 36/66/50 73/65/51
f 64/57/6 23/67/55 61/54/43
f 38/10/5 61/54/43 11/26/56
f 38/10/5 40/1/4 64/57/6
f 28/56/45 62/55/44 15/68/57
f 28/69/45 11/26/56 61/54/43
f 15/68/58 62/55/44 24/70/40
f 62/55/44 60/52/41 24/51/40
f 65/48/9 22/71/59 57/45/37
f 27/72/8 57/45/37 10/73/60
f 27/72/8 42/63/7 65/48/9
f 68/31/51 95/9/61 58/9/51
f 24/74/39 10/73/60 57/45/37
f 73/65/51 91/66/62 89/65/61
f 35/49/48 94/6/63 74/6/48
f 7/46/38 56/43/35 5/42/33
f 53/36/64 55/41/34 21/75/65
f 8/76/66 2/77/67 53/36/66
f 67/12/53 91/66/68 36/66/54
f 5/38/33 54/37/32 7/78/38
f 66/63/48 103/64/69 88/63/63
f 5/79/70 8/76/66 53/36/66
f 7/78/38 54/37/32 24/80/39
f 54/37/32 52/34/29 24/33/28
f 69/30/12 20/81/71 49/27/72
f 37/13/11 49/27/72 9/17/72
f 37/13/11 41/65/10 69/30/12
f 68/31/51 89/65/61 98/31/61
f 26/58/3 100/1/73 99/58/73
f 2/82/27 9/17/74 49/27/25
f 25/22/53 90/12/75 67/12/53
f 18/28/26 48/25/23 28/24/22
f 72/21/15 19/83/76 45/18/19
f 39/7/14 45/18/19 12/44/18
f 39/7/14 43/62/13 72/21/15
f 26/58/3 93/3/73 46/3/3
f 29/62/53 97/60/68 96/62/75
f 5/84/21 12/44/18 45/18/19
f 34/1/3 102/2/77 100/1/73
f 58/9/51 102/2/62 71/2/50
f 8/19/20 44/16/17 2/15/16
f 75/14/15 9/17/18 44/16/17
f 47/23/15 44/16/17 19/83/76
f 17/22/13 75/14/15 47/23/15
f 76/11/12 11/26/24 48/25/23
f 51/32/12 48/25/23 20/81/71
f 14/31/10 76/11/12 51/32/12
f 52/34/29 28/85/78 15/35/79
f 55/41/34 52/34/29 21/75/65
f 55/41/34 18/40/26 28/86/22
f 77/8/9 12/44/80 56/43/80
f 59/50/9 56/43/80 22/71/59
f 16/49/7 77/8/9 59/50/9
f 78/5/6 10/53/42 60/52/41
f 63/59/6 60/52/41 23/67/55
f 13/58/4 78/5/6 63/59/6
f 33/12/52 36/66/54 1/66/52
f 17/22/52 67/12/53 33/12/52
f 13/58/1 34/1/3 26/58/3
f 35/49/48 88/63/63 92/49/63
f 74/6/48 97/60/69 70/60/47
f 25/22/53 96/62/75 101/22/75
f 46/3/3 103/61/77 50/61/2
f 101/22/75 82/12/81 90/12/75
f 99/58/73 116/1/82 115/58/82
f 100/1/73 118/2/83 116/1/82
f 95/9/61 118/2/83 102/2/62
f 93/3/73 119/61/84 103/61/77
f 98/31/61 84/65/85 114/31/85
f 99/58/73 107/3/82 93/3/73
f 89/65/61 79/66/86 84/65/85
f 94/6/63 113/60/87 97/60/69
f 101/22/75 112/62/81 117/22/81
f 92/49/63 87/63/88 104/49/88
f 88/63/63 119/64/84 87/63/88
f 98/31/61 111/9/85 95/9/61
f 90/12/75 79/66/86 91/66/68
f 96/62/75 113/60/87 112/62/81
f 92/49/63 108/6/88 94/6/63
f 112/87/81 105/88/89 117/89/81
f 81/90/89 83/91/89 106/92/89
f 109/93/89 106/92/89 105/88/89
f 80/94/89 111/9/85 114/31/85
f 86/95/89 115/96/82 83/91/89
f 108/97/88 81/90/89 109/93/89
f 110/98/89 118/2/83 111/9/85
f 105/88/89 80/94/89 85/99/89
f 83/91/89 116/100/82 110/98/89
f 106/92/89 110/98/89 80/94/89
f 117/89/81 85/99/89 82/101/81
f 87/102/88 107/103/82 86/95/89
f 82/101/81 84/65/85 79/66/86
f 85/99/89 114/31/85 84/65/85
f 113/104/87 109/93/89 112/87/81
f 104/105/88 86/95/89 81/90/89
f 127/106/90 593/107/91 594/108/92
f 597/109/93 134/110/94 124/111/95
f 128/112/96 594/108/92 120/113/97
f 125/114/98 135/115/99 597/109/93
f 129/116/100 120/113/97 595/117/101
f 598/118/102 136/119/103 125/114/98
f 130/120/104 595/117/101 121/121/105
f 599/122/106 137/123/107 598/118/102
f 131/124/108 121/121/105 596/125/109
f 600/126/110 138/127/111 599/122/106
f 132/128/112 596/125/109 122/129/113
f 601/130/114 139/131/115 600/126/110
f 133/132/116 122/129/113 123/133/117
f 593/107/91 126/134/118 201/135/119
f 427/136/120 140/137/121 601/130/114
f 124/111/95 133/132/116 123/133/117
f 126/134/118 141/138/122 201/139/119
f 427/140/120 155/141/123 140/137/121
f 134/110/94 148/142/124 133/132/116
f 142/143/125 126/134/118 127/106/90
f 135/115/99 149/144/126 134/110/94
f 143/145/127 127/106/90 128/112/96
f 136/119/103 150/146/128 135/115/99
f 144/147/129 128/112/96 129/116/100
f 137/123/107 151/148/130 136/119/103
f 145/149/131 129/116/100 130/120/104
f 138/127/111 152/150/132 137/123/107
f 146/151/133 130/120/104 131/124/108
f 139/131/115 153/152/134 138/127/111
f 147/153/135 131/124/108 132/128/112
f 140/137/121 154/154/136 139/131/115
f 148/142/124 132/128/112 133/132/116
f 160/155/137 144/147/129 145/149/131
f 153/152/134 167/156/138 152/150/132
f 161/157/139 145/149/131 146/151/133
f 154/154/136 168/158/140 153/152/134
f 162/159/141 146/151/133 147/153/135
f 155/141/123 169/160/142 154/154/136
f 163/161/143 147/153/135 148/142/124
f 141/138/122 156/162/144 201/163/119
f 427/164/120 170/165/145 155/141/123
f 149/144/126 163/161/143 148/142/124
f 157/166/146 141/138/122 142/143/125
f 150/146/128 164/167/147 149/144/126
f 158/168/148 142/143/125 143/145/127
f 151/148/130 165/169/149 150/146/128
f 159/170/150 143/145/127 144/147/129
f 152/150/132 166/171/151 151/148/130
f 164/167/147 178/172/152 163/161/143
f 172/173/153 156/162/144 157/166/146
f 165/169/149 179/174/154 164/167/147
f 173/175/155 157/166/146 158/168/148
f 166/171/151 180/176/156 165/169/149
f 174/177/157 158/168/148 159/170/150
f 167/156/138 181/178/158 166/171/151
f 175/179/159 159/170/150 160/155/137
f 168/158/140 182/180/160 167/156/138
f 176/181/161 160/155/137 161/157/139
f 169/160/142 183/182/162 168/158/140
f 177/183/163 161/157/139 162/159/141
f 170/165/145 184/184/164 169/160/142
f 178/172/152 162/159/141 163/161/143
f 156/162/144 171/185/165 201/186/119
f 427/187/120 185/188/166 170/165/145
f 183/182/162 197/189/167 182/180/160
f 191/190/168 175/179/159 176/181/161
f 184/184/164 198/191/169 183/182/162
f 192/192/170 176/181/161 177/183/163
f 185/188/166 199/193/171 184/184/164
f 193/194/172 177/183/163 178/172/152
f 171/185/165 186/195/173 201/196/119
f 427/197/120 200/198/174 185/188/166
f 179/174/154 193/194/172 178/172/152
f 187/199/175 171/185/165 172/173/153
f 180/176/156 194/200/176 179/174/154
f 188/201/177 172/173/153 173/175/155
f 181/178/158 195/202/178 180/176/156
f 189/203/179 173/175/155 174/177/157
f 182/180/160 196/204/180 181/178/158
f 190/205/181 174/177/157 175/179/159
f 203/206/182 186/195/173 187/199/175
f 195/202/178 210/207/183 194/200/176
f 204/208/184 187/199/175 188/201/177
f 196/204/180 211/209/185 195/202/178
f 205/210/186 188/201/177 189/203/179
f 197/189/167 212/211/187 196/204/180
f 206/212/188 189/203/179 190/205/181
f 198/191/169 213/213/189 197/189/167
f 207/214/190 190/205/181 191/190/168
f 199/193/171 214/215/191 198/191/169
f 208/216/192 191/190/168 192/192/170
f 200/198/174 215/217/193 199/193/171
f 209/218/194 192/192/170 193/194/172
f 186/195/173 202/219/195 201/220/119
f 427/221/120 216/222/196 200/198/174
f 194/200/176 209/218/194 193/194/172
f 222/223/197 206/212/188 207/214/190
f 215/217/193 229/224/198 214/215/191
f 223/225/199 207/214/190 208/216/192
f 216/222/196 230/226/200 215/217/193
f 224/227/201 208/216/192 209/218/194
f 202/219/195 217/228/202 201/229/119
f 427/230/120 231/231/203 216/222/196
f 210/207/183 224/227/201 209/218/194
f 218/232/204 202/219/195 203/206/182
f 211/209/185 225/233/205 210/207/183
f 219/234/206 203/206/182 204/208/184
f 212/211/187 226/235/207 211/209/185
f 220/236/208 204/208/184 205/210/186
f 213/213/189 227/237/209 212/211/187
f 221/238/210 205/210/186 206/212/188
f 214/215/191 228/239/211 213/213/189
f 226/235/207 240/240/212 225/233/205
f 234/241/213 218/232/204 219/234/206
f 227/237/209 241/242/214 226/235/207
f 235/243/215 219/234/206 220/236/208
f 228/239/211 242/244/216 227/237/209
f 236/245/217 220/236/208 221/238/210
f 229/224/198 243/246/218 228/239/211
f 237/247/219 221/238/210 222/223/197
f 230/226/200 244/248/220 229/224/198
f 238/249/221 222/223/197 223/225/199
f 231/231/203 245/250/222 230/226/200
f 239/251/223 223/225/199 224/227/201
f 217/228/202 232/252/224 201/253/119
f 427/254/120 246/255/225 231/231/203
f 225/233/205 239/251/223 224/227/201
f 233/256/226 217/228/202 218/232/204
f 260/257/227 244/248/220 245/250/222
f 238/249/221 252/258/228 237/247/219
f 261/259/229 245/250/222 246/255/225
f 239/251/223 253/260/230 238/249/221
f 232/252/224 247/261/231 201/262/119
f 427/263/120 261/259/229 246/255/225
f 255/264/232 239/251/223 240/240/212
f 233/256/226 247/261/231 232/252/224
f 256/265/233 240/240/212 241/242/214
f 234/241/213 248/266/234 233/256/226
f 257/267/235 241/242/214 242/244/216
f 235/243/215 249/268/236 234/241/213
f 258/269/237 242/244/216 243/246/218
f 236/245/217 250/270/238 235/243/215
f 259/271/239 243/246/218 244/248/220
f 237/247/219 251/272/240 236/245/217
f 272/273/241 256/265/233 257/267/235
f 250/270/238 264/274/242 249/268/236
f 273/275/243 257/267/235 258/269/237
f 251/272/240 265/276/244 250/270/238
f 274/277/245 258/269/237 259/271/239
f 252/258/228 266/278/246 251/272/240
f 275/279/247 259/271/239 260/257/227
f 253/260/230 267/280/248 252/258/228
f 276/281/249 260/257/227 261/259/229
f 254/282/250 268/283/251 253/260/230
f 247/261/231 262/284/252 201/285/119
f 427/286/120 276/281/249 261/259/229
f 270/287/253 254/282/250 255/264/232
f 248/266/234 262/284/252 247/261/231
f 271/288/254 255/264/232 256/265/233
f 249/268/236 263/289/255 248/266/234
f 291/290/256 275/279/247 276/281/249
f 269/291/257 283/292/258 268/283/251
f 262/284/252 277/293/259 201/294/119
f 427/295/120 291/290/256 276/281/249
f 285/296/260 269/291/257 270/287/253
f 263/289/255 277/293/259 262/284/252
f 286/297/261 270/287/253 271/288/254
f 264/274/242 278/298/262 263/289/255
f 287/299/263 271/288/254 272/273/241
f 265/276/244 279/300/264 264/274/242
f 288/301/265 272/273/241 273/275/243
f 266/278/246 280/302/266 265/276/244
f 289/303/267 273/275/243 274/277/245
f 267/280/248 281/304/268 266/278/246
f 290/305/269 274/277/245 275/279/247
f 268/283/251 282/306/270 267/280/248
f 280/302/266 294/307/271 279/300/264
f 303/308/272 287/299/263 288/301/265
f 281/304/268 295/309/273 280/302/266
f 304/310/274 288/301/265 289/303/267
f 282/306/270 296/311/275 281/304/268
f 305/312/276 289/303/267 290/305/269
f 283/292/258 297/313/277 282/306/270
f 306/314/278 290/305/269 291/290/256
f 284/315/279 298/316/280 283/292/258
f 277/293/259 292/317/281 201/318/119
f 427/319/120 306/314/278 291/290/256
f 300/320/282 284/315/279 285/296/260
f 278/298/262 292/317/281 277/293/259
f 301/321/283 285/296/260 286/297/261
f 279/300/264 293/322/284 278/298/262
f 302/323/285 286/297/261 287/299/263
f 299/324/286 313/325/287 298/316/280
f 292/317/281 307/326/288 201/327/119
f 427/328/120 321/329/289 306/314/278
f 315/330/290 299/324/286 300/320/282
f 293/322/284 307/326/288 292/317/281
f 316/331/291 300/320/282 301/321/283
f 294/307/271 308/332/292 293/322/284
f 317/333/293 301/321/283 302/323/285
f 295/309/273 309/334/294 294/307/271
f 318/335/295 302/323/285 303/308/272
f 296/311/275 310/336/296 295/309/273
f 319/337/297 303/308/272 304/310/274
f 297/313/277 311/338/298 296/311/275
f 320/339/299 304/310/274 305/312/276
f 298/316/280 312/340/300 297/313/277
f 321/329/289 305/312/276 306/314/278
f 333/341/301 317/333/293 318/335/295
f 311/338/298 325/342/302 310/336/296
f 334/343/303 318/335/295 319/337/297
f 312/340/300 326/344/304 311/338/298
f 335/345/305 319/337/297 320/339/299
f 313/325/287 327/346/306 312/340/300
f 336/347/307 320/339/299 321/329/289
f 314/348/308 328/349/309 313/325/287
f 307/326/288 322/350/310 201/351/119
f 427/352/120 336/347/307 321/329/289
f 330/353/311 314/348/308 315/330/290
f 308/332/292 322/350/310 307/326/288
f 331/354/312 315/330/290 316/331/291
f 309/334/294 323/355/313 308/332/292
f 332/356/314 316/331/291 317/333/293
f 310/336/296 324/357/315 309/334/294
f 322/350/310 337/358/316 201/359/119
f 427/360/120 351/361/317 336/347/307
f 345/362/318 329/363/319 330/353/311
f 323/355/313 337/358/316 322/350/310
f 346/364/320 330/353/311 331/354/312
f 324/357/315 338/365/321 323/355/313
f 347/366/322 331/354/312 332/356/314
f 325/342/302 339/367/323 324/357/315
f 348/368/324 332/356/314 333/341/301
f 326/344/304 340/369/325 325/342/302
f 349/370/326 333/341/301 334/343/303
f 327/346/306 341/371/327 326/344/304
f 350/372/328 334/343/303 335/345/305
f 328/349/309 342/373/329 327/346/306
f 351/361/317 335/345/305 336/347/307
f 329/363/319 343/374/330 328/349/309
f 341/371/327 355/375/331 340/369/325
f 364/376/332 348/368/324 349/370/326
f 342/373/329 356/377/333 341/371/327
f 365/378/334 349/370/326 350/372/328
f 343/374/330 357/379/335 342/373/329
f 366/380/336 350/372/328 351/361/317
f 344/381/337 358/382/338 343/374/330
f 337/358/316 352/383/339 201/384/119
f 427/385/120 366/380/336 351/361/317
f 360/386/340 344/381/337 345/362/318
f 338/365/321 352/383/339 337/358/316
f 361/387/341 345/362/318 346/364/320
f 339/367/323 353/388/342 338/365/321
f 362/389/343 346/364/320 347/366/322
f 340/369/325 354/390/344 339/367/323
f 363/391/345 347/366/322 348/368/324
f 360/386/340 374/392/346 359/393/55
f 368/394/347 352/383/339 353/388/342
f 361/387/341 375/395/348 360/386/340
f 369/396/349 353/388/342 354/390/344
f 362/389/343 376/397/350 361/387/341
f 370/398/351 354/390/344 355/375/331
f 363/391/345 377/399/352 362/389/343
f 371/400/353 355/375/331 356/377/333
f 364/376/332 378/401/354 363/391/345
f 372/402/355 356/377/333 357/379/335
f 365/378/334 379/403/356 364/376/332
f 373/404/357 357/379/335 358/382/338
f 366/380/336 380/405/358 365/378/334
f 374/392/346 358/382/338 359/393/55
f 352/383/339 367/406/359 201/407/119
f 427/408/120 381/409/360 366/380/336
f 379/403/356 393/410/361 378/401/354
f 387/411/362 371/400/353 372/402/355
f 380/405/358 394/412/363 379/403/356
f 388/413/364 372/402/355 373/404/357
f 381/409/360 395/414/365 380/405/358
f 389/415/366 373/404/357 374/392/346
f 367/406/359 382/416/367 201/417/119
f 427/418/120 396/419/368 381/409/360
f 375/395/348 389/415/366 374/392/346
f 383/420/369 367/406/359 368/394/347
f 376/397/350 390/421/370 375/395/348
f 384/422/371 368/394/347 369/396/349
f 377/399/352 391/423/372 376/397/350
f 385/424/373 369/396/349 370/398/351
f 378/401/354 392/425/374 377/399/352
f 386/426/375 370/398/351 371/400/353
f 391/423/372 405/427/376 390/421/370
f 399/428/377 383/420/369 384/422/371
f 392/425/374 406/429/378 391/423/372
f 400/430/379 384/422/371 385/424/373
f 393/410/361 407/431/380 392/425/374
f 401/432/381 385/424/373 386/426/375
f 394/412/363 408/433/382 393/410/361
f 402/434/383 386/426/375 387/411/362
f 395/414/365 409/435/384 394/412/363
f 403/436/385 387/411/362 388/413/364
f 396/419/368 410/437/386 395/414/365
f 404/438/387 388/413/364 389/415/366
f 382/416/367 397/439/388 201/440/119
f 427/441/120 411/442/389 396/419/368
f 390/421/370 404/438/387 389/415/366
f 398/443/390 382/416/367 383/420/369
f 410/437/386 424/444/391 409/435/384
f 418/445/392 402/434/383 403/436/385
f 411/442/389 425/446/393 410/437/386
f 419/447/394 403/436/385 404/438/387
f 397/439/388 412/448/395 201/449/119
f 427/450/120 426/451/396 411/442/389
f 405/427/376 419/447/394 404/438/387
f 413/452/397 397/439/388 398/443/390
f 406/429/378 420/453/398 405/427/376
f 414/454/399 398/443/390 399/428/377
f 407/431/380 421/455/400 406/429/378
f 415/456/401 399/428/377 400/430/379
f 408/433/382 422/457/402 407/431/380
f 416/458/403 400/430/379 401/432/381
f 409/435/384 423/459/404 408/433/382
f 417/460/405 401/432/381 402/434/383
f 430/461/406 413/452/397 414/454/399
f 422/457/402 437/462/407 421/455/400
f 431/463/408 414/454/399 415/456/401
f 423/459/404 438/464/409 422/457/402
f 432/465/410 415/456/401 416/458/403
f 424/444/391 439/466/411 423/459/404
f 433/467/412 416/458/403 417/460/405
f 425/446/393 440/468/413 424/444/391
f 434/469/414 417/460/405 418/445/392
f 426/451/396 441/470/415 425/446/393
f 435/471/416 418/445/392 419/447/394
f 412/448/395 428/472/417 201/473/119
f 427/474/120 442/475/418 426/451/396
f 420/453/398 435/471/416 419/447/394
f 429/476/419 412/448/395 413/452/397
f 421/455/400 436/477/420 420/453/398
f 449/478/421 433/467/412 434/469/414
f 442/475/418 456/479/422 441/470/415
f 450/480/423 434/469/414 435/471/416
f 428/472/417 443/481/424 201/482/119
f 427/483/120 457/484/425 442/475/418
f 436/477/420 450/480/423 435/471/416
f 444/485/426 428/472/417 429/476/419
f 437/462/407 451/486/427 436/477/420
f 445/487/428 429/476/419 430/461/406
f 438/464/409 452/488/429 437/462/407
f 446/489/430 430/461/406 431/463/408
f 439/466/411 453/490/431 438/464/409
f 447/491/432 431/463/408 432/465/410
f 440/468/413 454/492/433 439/466/411
f 448/493/434 432/465/410 433/467/412
f 441/470/415 455/494/435 440/468/413
f 453/490/431 467/495/436 452/488/429
f 461/496/437 445/487/428 446/489/430
f 454/492/433 468/497/438 453/490/431
f 462/498/439 446/489/430 447/491/432
f 455/494/435 469/499/440 454/492/433
f 463/500/441 447/491/432 448/493/434
f 456/479/422 470/501/442 455/494/435
f 464/502/443 448/493/434 449/478/421
f 457/484/425 471/503/444 456/479/422
f 465/504/445 449/478/421 450/480/423
f 443/481/424 458/505/446 201/506/119
f 427/507/120 472/508/447 457/484/425
f 451/486/427 465/504/445 450/480/423
f 459/509/448 443/481/424 444/485/426
f 452/488/429 466/510/449 451/486/427
f 460/511/450 444/485/426 445/487/428
f 472/508/447 486/512/451 471/503/444
f 480/513/452 464/502/443 465/504/445
f 458/505/446 473/514/453 201/515/119
f 427/516/120 487/517/454 472/508/447
f 466/510/449 480/513/452 465/504/445
f 474/518/455 458/505/446 459/509/448
f 467/495/436 481/519/456 466/510/449
f 475/520/457 459/509/448 460/511/450
f 468/497/438 482/521/458 467/495/436
f 476/522/459 460/511/450 461/496/437
f 469/499/440 483/523/460 468/497/438
f 477/524/461 461/496/437 462/498/439
f 470/501/442 484/525/462 469/499/440
f 478/526/463 462/498/439 463/500/441
f 471/503/444 485/527/464 470/501/442
f 479/528/465 463/500/441 464/502/443
f 476/529/459 490/530/466 475/531/457
f 499/532/467 483/533/460 484/534/462
f 477/535/461 491/536/468 476/529/459
f 500/537/469 484/534/462 485/538/464
f 478/539/463 492/540/470 477/535/461
f 501/541/471 485/538/464 486/542/451
f 479/543/465 493/544/472 478/539/463
f 502/545/473 486/542/451 487/546/454
f 480/547/452 494/548/474 479/543/465
f 473/549/453 488/550/475 201/551/119
f 427/552/120 502/545/473 487/546/454
f 496/553/476 480/547/452 481/554/456
f 474/555/455 488/550/475 473/549/453
f 497/556/477 481/554/456 482/557/458
f 475/531/457 489/558/478 474/555/455
f 498/559/479 482/557/458 483/533/460
f 495/560/480 509/561/481 494/548/474
f 488/550/475 503/562/482 201/563/119
f 427/564/120 517/565/483 502/545/473
f 511/566/484 495/560/480 496/553/476
f 489/558/478 503/562/482 488/550/475
f 512/567/485 496/553/476 497/556/477
f 490/530/466 504/568/486 489/558/478
f 513/569/487 497/556/477 498/559/479
f 491/536/468 505/570/488 490/530/466
f 514/571/489 498/559/479 499/532/467
f 492/540/470 506/572/490 491/536/468
f 515/573/491 499/532/467 500/537/469
f 493/544/472 507/574/492 492/540/470
f 516/575/493 500/537/469 501/541/471
f 494/548/474 508/576/494 493/544/472
f 517/565/483 501/541/471 502/545/473
f 529/577/495 513/569/487 514/571/489
f 507/574/492 521/578/496 506/572/490
f 530/579/497 514/571/489 515/573/491
f 508/576/494 522/580/498 507/574/492
f 531/581/499 515/573/491 516/575/493
f 509/561/481 523/582/500 508/576/494
f 532/583/501 516/575/493 517/565/483
f 510/584/502 524/585/503 509/561/481
f 503/562/482 518/586/504 201/587/119
f 427/588/120 532/583/501 517/565/483
f 526/589/505 510/584/502 511/566/484
f 504/568/486 518/586/504 503/562/482
f 527/590/506 511/566/484 512/567/485
f 505/570/488 519/591/507 504/568/486
f 528/592/508 512/567/485 513/569/487
f 506/572/490 520/593/509 505/570/488
f 427/594/120 547/595/510 532/583/501
f 541/596/511 525/597/512 526/589/505
f 519/591/507 533/598/513 518/586/504
f 542/599/514 526/589/505 527/590/506
f 520/593/509 534/600/515 519/591/507
f 543/601/516 527/590/506 528/592/508
f 521/578/496 535/602/517 520/593/509
f 544/603/518 528/592/508 529/577/495
f 522/580/498 536/604/519 521/578/496
f 545/605/520 529/577/495 530/579/497
f 523/582/500 537/606/521 522/580/498
f 546/607/522 530/579/497 531/581/499
f 524/585/503 538/608/523 523/582/500
f 547/595/510 531/581/499 532/583/501
f 525/597/512 539/609/524 524/585/503
f 518/586/504 533/598/513 201/610/119
f 560/611/525 544/603/518 545/605/520
f 538/608/523 552/612/526 537/606/521
f 561/613/527 545/605/520 546/607/522
f 539/609/524 553/614/528 538/608/523
f 562/615/529 546/607/522 547/595/510
f 540/616/530 554/617/531 539/609/524
f 533/598/513 548/618/532 201/619/119
f 427/620/120 562/615/529 547/595/510
f 556/621/533 540/616/530 541/596/511
f 534/600/515 548/618/532 533/598/513
f 557/622/534 541/596/511 542/599/514
f 535/602/517 549/623/535 534/600/515
f 558/624/536 542/599/514 543/601/516
f 536/604/519 550/625/537 535/602/517
f 559/626/538 543/601/516 544/603/518
f 537/606/521 551/627/539 536/604/519
f 549/623/535 563/628/540 548/618/532
f 572/629/541 556/621/533 557/622/534
f 550/625/537 564/630/542 549/623/535
f 573/631/543 557/622/534 558/624/536
f 551/627/539 565/632/544 550/625/537
f 574/633/545 558/624/536 559/626/538
f 552/612/526 566/634/546 551/627/539
f 575/635/547 559/626/538 560/611/525
f 553/614/528 567/636/548 552/612/526
f 576/637/549 560/611/525 561/613/527
f 554/617/531 568/638/550 553/614/528
f 577/639/551 561/613/527 562/615/529
f 555/640/552 569/641/553 554/617/531
f 548/618/532 563/628/540 201/642/119
f 427/643/120 577/639/551 562/615/529
f 571/644/554 555/640/552 556/621/533
f 568/638/550 582/645/555 567/636/548
f 591/646/556 575/635/547 576/637/549
f 569/641/553 583/647/557 568/638/550
f 592/648/558 576/637/549 577/639/551
f 570/649/559 584/650/560 569/641/553
f 563/628/540 578/651/561 201/652/119
f 427/653/120 592/648/558 577/639/551
f 586/654/562 570/649/559 571/644/554
f 564/630/542 578/651/561 563/628/540
f 587/655/563 571/644/554 572/629/541
f 565/632/544 579/656/564 564/630/542
f 588/657/565 572/629/541 573/631/543
f 566/634/546 580/658/566 565/632/544
f 589/659/567 573/631/543 574/633/545
f 567/636/548 581/660/568 566/634/546
f 590/661/569 574/633/545 575/635/547
f 597/109/93 586/654/562 587/655/563
f 580/658/566 594/108/92 579/656/564
f 125/114/98 587/655/563 588/657/565
f 581/660/568 120/113/97 580/658/566
f 598/118/102 588/657/565 589/659/567
f 582/645/555 595/117/101 581/660/568
f 599/122/106 589/659/567 590/661/569
f 583/647/557 121/121/105 582/645/555
f 600/126/110 590/661/569 591/646/556
f 584/650/560 596/125/109 583/647/557
f 601/130/114 591/646/556 592/648/558
f 585/662/570 122/129/113 584/650/560
f 578/651/561 593/107/91 201/663/119
f 427/664/120 601/130/114 592/648/558
f 124/111/95 585/662/570 586/654/562
f 579/656/564 593/107/91 578/651/561
f 1075/665/571 609/666/572 1076/667/573
f 1079/668/574 616/669/575 617/670/576
f 1076/667/573 610/671/577 602/672/578
f 607/673/579 617/670/576 618/674/580
f 602/672/578 611/675/581 1077/676/582
f 1080/677/583 618/674/580 619/678/584
f 1077/676/582 612/679/585 603/680/586
f 1081/681/587 619/678/584 620/682/588
f 603/680/586 613/683/589 1078/684/590
f 1082/685/591 620/682/588 621/686/592
f 1078/684/590 614/687/593 604/688/594
f 1083/689/595 621/686/592 622/690/596
f 604/688/594 615/691/597 605/692/117
f 1075/665/571 683/693/598 608/694/599
f 909/695/600 1083/689/595 622/690/596
f 606/696/601 615/691/597 616/669/575
f 608/694/599 683/697/598 623/698/602
f 909/699/600 622/690/596 637/700/603
f 616/669/575 630/701/604 631/702/605
f 608/694/599 624/703/606 609/666/572
f 617/670/576 631/702/605 632/704/607
f 609/666/572 625/705/608 610/671/577
f 618/674/580 632/704/607 633/706/609
f 610/671/577 626/707/610 611/675/581
f 619/678/584 633/706/609 634/708/611
f 611/675/581 627/709/612 612/679/585
f 620/682/588 634/708/611 635/710/613
f 612/679/585 628/711/614 613/683/589
f 621/686/592 635/710/613 636/712/615
f 613/683/589 629/713/616 614/687/593
f 622/690/596 636/712/615 637/700/603
f 614/687/593 630/701/604 615/691/597
f 626/707/610 642/714/617 627/709/612
f 635/710/613 649/715/618 650/716/619
f 627/709/612 643/717/620 628/711/614
f 636/712/615 650/716/619 651/718/621
f 628/711/614 644/719/622 629/713/616
f 637/700/603 651/718/621 652/720/623
f 629/713/616 645/721/624 630/701/604
f 623/698/602 683/722/598 638/723/625
f 909/724/600 637/700/603 652/720/623
f 631/702/605 645/721/624 646/725/626
f 623/698/602 639/726/627 624/703/606
f 632/704/607 646/725/626 647/727/628
f 624/703/606 640/728/629 625/705/608
f 633/706/609 647/727/628 648/729/630
f 625/705/608 641/730/631 626/707/610
f 634/708/611 648/729/630 649/715/618
f 646/725/626 660/731/632 661/732/633
f 638/723/625 654/733/634 639/726/627
f 647/727/628 661/732/633 662/734/635
f 639/726/627 655/735/636 640/728/629
f 648/729/630 662/734/635 663/736/637
f 640/728/629 656/737/638 641/730/631
f 649/715/618 663/736/637 664/738/639
f 641/730/631 657/739/640 642/714/617
f 650/716/619 664/738/639 665/740/641
f 642/714/617 658/741/642 643/717/620
f 651/718/621 665/740/641 666/742/643
f 643/717/620 659/743/644 644/719/622
f 652/720/623 666/742/643 667/744/645
f 644/719/622 660/731/632 645/721/624
f 638/723/625 683/745/598 653/746/646
f 909/747/600 652/720/623 667/744/645
f 665/740/641 679/748/647 680/749/648
f 657/739/640 673/750/649 658/741/642
f 666/742/643 680/749/648 681/751/650
f 658/741/642 674/752/651 659/743/644
f 667/744/645 681/751/650 682/753/652
f 659/743/644 675/754/653 660/731/632
f 653/746/646 683/755/598 668/756/654
f 909/757/600 667/744/645 682/753/652
f 661/732/633 675/754/653 676/758/655
f 653/746/646 669/759/656 654/733/634
f 662/734/635 676/758/655 677/760/657
f 654/733/634 670/761/658 655/735/636
f 663/736/637 677/760/657 678/762/659
f 655/735/636 671/763/660 656/737/638
f 664/738/639 678/762/659 679/748/647
f 656/737/638 672/764/661 657/739/640
f 668/756/654 685/765/662 669/759/656
f 677/760/657 692/766/663 693/767/664
f 669/759/656 686/768/665 670/761/658
f 678/762/659 693/767/664 694/769/666
f 670/761/658 687/770/667 671/763/660
f 679/748/647 694/769/666 695/771/668
f 671/763/660 688/772/669 672/764/661
f 680/749/648 695/771/668 696/773/670
f 672/764/661 689/774/671 673/750/649
f 681/751/650 696/773/670 697/775/672
f 673/750/649 690/776/673 674/752/651
f 682/753/652 697/775/672 698/777/674
f 674/752/651 691/778/675 675/754/653
f 668/756/654 683/779/598 684/780/676
f 909/781/600 682/753/652 698/777/674
f 676/758/655 691/778/675 692/766/663
f 688/772/669 704/782/677 689/774/671
f 697/775/672 711/783/678 712/784/679
f 689/774/671 705/785/680 690/776/673
f 698/777/674 712/784/679 713/786/681
f 690/776/673 706/787/682 691/778/675
f 684/780/676 683/788/598 699/789/683
f 909/790/600 698/777/674 713/786/681
f 692/766/663 706/787/682 707/791/684
f 684/780/676 700/792/685 685/765/662
f 693/767/664 707/791/684 708/793/686
f 685/765/662 701/794/687 686/768/665
f 694/769/666 708/793/686 709/795/688
f 686/768/665 702/796/689 687/770/667
f 695/771/668 709/795/688 710/797/690
f 687/770/667 703/798/691 688/772/669
f 696/773/670 710/797/690 711/783/678
f 708/793/686 722/799/692 723/800/693
f 700/792/685 716/801/694 701/794/687
f 709/795/688 723/800/693 724/802/695
f 701/794/687 717/803/696 702/796/689
f 710/797/690 724/802/695 725/804/697
f 702/796/689 718/805/698 703/798/691
f 711/783/678 725/804/697 726/806/699
f 703/798/691 719/807/700 704/782/677
f 712/784/679 726/806/699 727/808/701
f 704/782/677 720/809/702 705/785/680
f 713/786/681 727/808/701 728/810/703
f 705/785/680 721/811/704 706/787/682
f 699/789/683 683/812/598 714/813/705
f 909/814/600 713/786/681 728/810/703
f 707/791/684 721/811/704 722/799/692
f 699/789/683 715/815/706 700/792/685
f 726/806/699 742/816/707 727/808/701
f 720/809/702 734/817/708 735/818/709
f 727/808/701 743/819/710 728/810/703
f 721/811/704 735/818/709 736/820/711
f 714/813/705 683/821/598 729/822/712
f 909/823/600 728/810/703 743/819/710
f 721/811/704 737/824/713 722/799/692
f 715/815/706 729/822/712 730/825/714
f 722/799/692 738/826/715 723/800/693
f 716/801/694 730/825/714 731/827/716
f 723/800/693 739/828/717 724/802/695
f 717/803/696 731/827/716 732/829/718
f 724/802/695 740/830/719 725/804/697
f 718/805/698 732/829/718 733/831/720
f 725/804/697 741/832/721 726/806/699
f 719/807/700 733/831/720 734/817/708
f 738/826/715 754/833/722 739/828/717
f 732/829/718 746/834/723 747/835/724
f 739/828/717 755/836/725 740/830/719
f 733/831/720 747/835/724 748/837/726
f 740/830/719 756/838/727 741/832/721
f 734/817/708 748/837/726 749/839/728
f 741/832/721 757/840/729 742/816/707
f 735/818/709 749/839/728 750/841/730
f 742/816/707 758/842/731 743/819/710
f 736/820/711 750/841/730 751/843/732
f 729/822/712 683/844/598 744/845/733
f 909/846/600 743/819/710 758/842/731
f 736/820/711 752/847/734 737/824/713
f 730/825/714 744/845/733 745/848/735
f 737/824/713 753/849/736 738/826/715
f 731/827/716 745/848/735 746/834/723
f 757/840/729 773/850/737 758/842/731
f 751/843/732 765/851/738 766/852/739
f 744/845/733 683/853/598 759/854/740
f 909/855/600 758/842/731 773/850/737
f 751/843/732 767/856/741 752/847/734
f 745/848/735 759/854/740 760/857/742
f 752/847/734 768/858/743 753/849/736
f 746/834/723 760/857/742 761/859/744
f 753/849/736 769/860/745 754/833/722
f 747/835/724 761/859/744 762/861/746
f 754/833/722 770/862/747 755/836/725
f 748/837/726 762/861/746 763/863/748
f 755/836/725 771/864/749 756/838/727
f 749/839/728 763/863/748 764/865/750
f 756/838/727 772/866/751 757/840/729
f 750/841/730 764/865/750 765/851/738
f 762/861/746 776/867/752 777/868/753
f 769/860/745 785/869/754 770/862/747
f 763/863/748 777/868/753 778/870/755
f 770/862/747 786/871/756 771/864/749
f 764/865/750 778/870/755 779/872/757
f 771/864/749 787/873/758 772/866/751
f 765/851/738 779/872/757 780/874/759
f 772/866/751 788/875/760 773/850/737
f 766/852/739 780/874/759 781/876/761
f 759/854/740 683/877/598 774/878/762
f 909/879/600 773/850/737 788/875/760
f 766/852/739 782/880/763 767/856/741
f 760/857/742 774/878/762 775/881/764
f 767/856/741 783/882/765 768/858/743
f 761/859/744 775/881/764 776/867/752
f 768/858/743 784/883/766 769/860/745
f 781/876/761 795/884/767 796/885/768
f 774/878/762 683/886/598 789/887/769
f 909/888/600 788/875/760 803/889/770
f 781/876/761 797/890/771 782/880/763
f 775/881/764 789/887/769 790/891/772
f 782/880/763 798/892/773 783/882/765
f 776/867/752 790/891/772 791/893/774
f 783/882/765 799/894/775 784/883/766
f 777/868/753 791/893/774 792/895/776
f 784/883/766 800/896/777 785/869/754
f 778/870/755 792/895/776 793/897/778
f 785/869/754 801/898/779 786/871/756
f 779/872/757 793/897/778 794/899/780
f 786/871/756 802/900/781 787/873/758
f 780/874/759 794/899/780 795/884/767
f 787/873/758 803/889/770 788/875/760
f 799/894/775 815/901/782 800/896/777
f 793/897/778 807/902/783 808/903/784
f 800/896/777 816/904/785 801/898/779
f 794/899/780 808/903/784 809/905/786
f 801/898/779 817/906/787 802/900/781
f 795/884/767 809/905/786 810/907/788
f 802/900/781 818/908/789 803/889/770
f 796/885/768 810/907/788 811/909/790
f 789/887/769 683/910/598 804/911/791
f 909/912/600 803/889/770 818/908/789
f 796/885/768 812/913/792 797/890/771
f 790/891/772 804/911/791 805/914/793
f 797/890/771 813/915/794 798/892/773
f 791/893/774 805/914/793 806/916/795
f 798/892/773 814/917/796 799/894/775
f 792/895/776 806/916/795 807/902/783
f 804/911/791 683/918/598 819/919/797
f 909/920/600 818/908/789 833/921/798
f 811/909/790 827/922/799 812/913/792
f 805/914/793 819/919/797 820/923/800
f 812/913/792 828/924/801 813/915/794
f 806/916/795 820/923/800 821/925/802
f 813/915/794 829/926/803 814/917/796
f 807/902/783 821/925/802 822/927/804
f 814/917/796 830/928/805 815/901/782
f 808/903/784 822/927/804 823/929/806
f 815/901/782 831/930/807 816/904/785
f 809/905/786 823/929/806 824/931/808
f 816/904/785 832/932/809 817/906/787
f 810/907/788 824/931/808 825/933/810
f 817/906/787 833/921/798 818/908/789
f 811/909/790 825/933/810 826/934/811
f 823/929/806 837/935/812 838/936/813
f 830/928/805 846/937/814 831/930/807
f 824/931/808 838/936/813 839/938/815
f 831/930/807 847/939/816 832/932/809
f 825/933/810 839/938/815 840/940/817
f 832/932/809 848/941/818 833/921/798
f 826/934/811 840/940/817 841/942/55
f 819/919/797 683/943/598 834/944/819
f 909/945/600 833/921/798 848/941/818
f 826/934/811 842/946/820 827/922/799
f 820/923/800 834/944/819 835/947/821
f 827/922/799 843/948/822 828/924/801
f 821/925/802 835/947/821 836/949/823
f 828/924/801 844/950/824 829/926/803
f 822/927/804 836/949/823 837/935/812
f 829/926/803 845/951/825 830/928/805
f 842/946/820 856/952/826 857/953/827
f 834/944/819 850/954/828 835/947/821
f 843/948/822 857/953/827 858/955/829
f 835/947/821 851/956/830 836/949/823
f 844/950/824 858/955/829 859/957/831
f 836/949/823 852/958/832 837/935/812
f 845/951/825 859/957/831 860/959/833
f 837/935/812 853/960/834 838/936/813
f 846/937/814 860/959/833 861/961/835
f 838/936/813 854/962/836 839/938/815
f 847/939/816 861/961/835 862/963/837
f 839/938/815 855/964/838 840/940/817
f 848/941/818 862/963/837 863/965/839
f 840/940/817 856/952/826 841/942/55
f 834/944/819 683/966/598 849/967/840
f 909/968/600 848/941/818 863/965/839
f 861/961/835 875/969/841 876/970/842
f 853/960/834 869/971/843 854/962/836
f 862/963/837 876/970/842 877/972/844
f 854/962/836 870/973/845 855/964/838
f 863/965/839 877/972/844 878/974/846
f 855/964/838 871/975/847 856/952/826
f 849/967/840 683/976/598 864/977/848
f 909/978/600 863/965/839 878/974/846
f 857/953/827 871/975/847 872/979/849
f 849/967/840 865/980/850 850/954/828
f 858/955/829 872/979/849 873/981/851
f 850/954/828 866/982/852 851/956/830
f 859/957/831 873/981/851 874/983/853
f 851/956/830 867/984/854 852/958/832
f 860/959/833 874/983/853 875/969/841
f 852/958/832 868/985/855 853/960/834
f 873/981/851 887/986/856 888/987/857
f 865/980/850 881/988/858 866/982/852
f 874/983/853 888/987/857 889/989/859
f 866/982/852 882/990/860 867/984/854
f 875/969/841 889/989/859 890/991/861
f 867/984/854 883/992/862 868/985/855
f 876/970/842 890/991/861 891/993/863
f 868/985/855 884/994/864 869/971/843
f 877/972/844 891/993/863 892/995/865
f 869/971/843 885/996/866 870/973/845
f 878/974/846 892/995/865 893/997/867
f 870/973/845 886/998/868 871/975/847
f 864/977/848 683/999/598 879/1000/869
f 909/1001/600 878/974/846 893/997/867
f 872/979/849 886/998/868 887/986/856
f 864/977/848 880/1002/870 865/980/850
f 892/995/865 906/1003/871 907/1004/872
f 884/994/864 900/1005/873 885/996/866
f 893/997/867 907/1004/872 908/1006/874
f 885/996/866 901/1007/875 886/998/868
f 879/1000/869 683/1008/598 894/1009/876
f 909/1010/600 893/997/867 908/1006/874
f 887/986/856 901/1007/875 902/1011/877
f 879/1000/869 895/1012/878 880/1002/870
f 888/987/857 902/1011/877 903/1013/879
f 880/1002/870 896/1014/880 881/988/858
f 889/989/859 903/1013/879 904/1015/881
f 881/988/858 897/1016/882 882/990/860
f 890/991/861 904/1015/881 905/1017/883
f 882/990/860 898/1018/884 883/992/862
f 891/993/863 905/1017/883 906/1003/871
f 883/992/862 899/1019/885 884/994/864
f 895/1012/878 912/1020/886 896/1014/880
f 904/1015/881 919/1021/887 920/1022/888
f 896/1014/880 913/1023/889 897/1016/882
f 905/1017/883 920/1022/888 921/1024/890
f 897/1016/882 914/1025/891 898/1018/884
f 906/1003/871 921/1024/890 922/1026/892
f 898/1018/884 915/1027/893 899/1019/885
f 907/1004/872 922/1026/892 923/1028/894
f 899/1019/885 916/1029/895 900/1005/873
f 908/1006/874 923/1028/894 924/1030/896
f 900/1005/873 917/1031/897 901/1007/875
f 894/1009/876 683/1032/598 910/1033/898
f 909/1034/600 908/1006/874 924/1030/896
f 902/1011/877 917/1031/897 918/1035/899
f 894/1009/876 911/1036/900 895/1012/878
f 903/1013/879 918/1035/899 919/1021/887
f 915/1027/893 931/1037/901 916/1029/895
f 924/1030/896 938/1038/902 939/1039/903
f 916/1029/895 932/1040/904 917/1031/897
f 910/1033/898 683/1041/598 925/1042/905
f 909/1043/600 924/1030/896 939/1039/903
f 918/1035/899 932/1040/904 933/1044/906
f 910/1033/898 926/1045/907 911/1036/900
f 919/1021/887 933/1044/906 934/1046/908
f 911/1036/900 927/1047/909 912/1020/886
f 920/1022/888 934/1046/908 935/1048/910
f 912/1020/886 928/1049/911 913/1023/889
f 921/1024/890 935/1048/910 936/1050/912
f 913/1023/889 929/1051/913 914/1025/891
f 922/1026/892 936/1050/912 937/1052/914
f 914/1025/891 930/1053/915 915/1027/893
f 923/1028/894 937/1052/914 938/1038/902
f 935/1048/910 949/1054/916 950/1055/917
f 927/1047/909 943/1056/918 928/1049/911
f 936/1050/912 950/1055/917 951/1057/919
f 928/1049/911 944/1058/920 929/1051/913
f 937/1052/914 951/1057/919 952/1059/921
f 929/1051/913 945/1060/922 930/1053/915
f 938/1038/902 952/1059/921 953/1061/923
f 930/1053/915 946/1062/924 931/1037/901
f 939/1039/903 953/1061/923 954/1063/925
f 931/1037/901 947/1064/926 932/1040/904
f 925/1042/905 683/1065/598 940/1066/927
f 909/1067/600 939/1039/903 954/1063/925
f 933/1044/906 947/1064/926 948/1068/928
f 925/1042/905 941/1069/929 926/1045/907
f 934/1046/908 948/1068/928 949/1054/916
f 926/1045/907 942/1070/930 927/1047/909
f 954/1063/925 968/1071/931 969/1072/932
f 946/1062/924 962/1073/933 947/1064/926
f 940/1066/927 683/1074/598 955/1075/934
f 909/1076/600 954/1063/925 969/1072/932
f 948/1068/928 962/1073/933 963/1077/935
f 940/1066/927 956/1078/936 941/1069/929
f 949/1054/916 963/1077/935 964/1079/937
f 941/1069/929 957/1080/938 942/1070/930
f 950/1055/917 964/1079/937 965/1081/939
f 942/1070/930 958/1082/940 943/1056/918
f 951/1057/919 965/1081/939 966/1083/941
f 943/1056/918 959/1084/942 944/1058/920
f 952/1059/921 966/1083/941 967/1085/943
f 944/1058/920 960/1086/944 945/1060/922
f 953/1061/923 967/1085/943 968/1071/931
f 945/1060/922 961/1087/945 946/1062/924
f 958/1088/940 972/1089/946 973/1090/947
f 965/1091/939 981/1092/948 966/1093/941
f 959/1094/942 973/1090/947 974/1095/949
f 966/1093/941 982/1096/950 967/1097/943
f 960/1098/944 974/1095/949 975/1099/951
f 967/1097/943 983/1100/952 968/1101/931
f 961/1102/945 975/1099/951 976/1103/953
f 968/1101/931 984/1104/954 969/1105/932
f 962/1106/933 976/1103/953 977/1107/955
f 955/1108/934 683/1109/598 970/1110/956
f 909/1111/600 969/1105/932 984/1104/954
f 962/1106/933 978/1112/957 963/1113/935
f 956/1114/936 970/1110/956 971/1115/958
f 963/1113/935 979/1116/959 964/1117/937
f 957/1118/938 971/1115/958 972/1089/946
f 964/1117/937 980/1119/960 965/1091/939
f 977/1107/955 991/1120/961 992/1121/962
f 970/1110/956 683/1122/598 985/1123/963
f 909/1124/600 984/1104/954 999/1125/964
f 977/1107/955 993/1126/965 978/1112/957
f 971/1115/958 985/1123/963 986/1127/966
f 978/1112/957 994/1128/967 979/1116/959
f 972/1089/946 986/1127/966 987/1129/968
f 979/1116/959 995/1130/969 980/1119/960
f 973/1090/947 987/1129/968 988/1131/970
f 980/1119/960 996/1132/971 981/1092/948
f 974/1095/949 988/1131/970 989/1133/972
f 981/1092/948 997/1134/973 982/1096/950
f 975/1099/951 989/1133/972 990/1135/974
f 982/1096/950 998/1136/975 983/1100/952
f 976/1103/953 990/1135/974 991/1120/961
f 983/1100/952 999/1125/964 984/1104/954
f 995/1130/969 1011/1137/976 996/1132/971
f 989/1133/972 1003/1138/977 1004/1139/978
f 996/1132/971 1012/1140/979 997/1134/973
f 990/1135/974 1004/1139/978 1005/1141/980
f 997/1134/973 1013/1142/981 998/1136/975
f 991/1120/961 1005/1141/980 1006/1143/982
f 998/1136/975 1014/1144/983 999/1125/964
f 992/1121/962 1006/1143/982 1007/1145/984
f 985/1123/963 683/1146/598 1000/1147/985
f 909/1148/600 999/1125/964 1014/1144/983
f 992/1121/962 1008/1149/986 993/1126/965
f 986/1127/966 1000/1147/985 1001/1150/987
f 993/1126/965 1009/1151/988 994/1128/967
f 987/1129/968 1001/1150/987 1002/1152/989
f 994/1128/967 1010/1153/990 995/1130/969
f 988/1131/970 1002/1152/989 1003/1138/977
f 909/1154/600 1014/1144/983 1029/1155/991
f 1007/1145/984 1023/1156/992 1008/1149/986
f 1001/1150/987 1015/1157/993 1016/1158/994
f 1008/1149/986 1024/1159/995 1009/1151/988
f 1002/1152/989 1016/1158/994 1017/1160/996
f 1009/1151/988 1025/1161/997 1010/1153/990
f 1003/1138/977 1017/1160/996 1018/1162/998
f 1010/1153/990 1026/1163/999 1011/1137/976
f 1004/1139/978 1018/1162/998 1019/1164/1000
f 1011/1137/976 1027/1165/1001 1012/1140/979
f 1005/1141/980 1019/1164/1000 1020/1166/1002
f 1012/1140/979 1028/1167/1003 1013/1142/981
f 1006/1143/982 1020/1166/1002 1021/1168/1004
f 1013/1142/981 1029/1155/991 1014/1144/983
f 1007/1145/984 1021/1168/1004 1022/1169/1005
f 1000/1147/985 683/1170/598 1015/1157/993
f 1026/1163/999 1042/1171/1006 1027/1165/1001
f 1020/1166/1002 1034/1172/1007 1035/1173/1008
f 1027/1165/1001 1043/1174/1009 1028/1167/1003
f 1021/1168/1004 1035/1173/1008 1036/1175/1010
f 1028/1167/1003 1044/1176/1011 1029/1155/991
f 1022/1169/1005 1036/1175/1010 1037/1177/1012
f 1015/1157/993 683/1178/598 1030/1179/1013
f 909/1180/600 1029/1155/991 1044/1176/1011
f 1022/1169/1005 1038/1181/1014 1023/1156/992
f 1016/1158/994 1030/1179/1013 1031/1182/1015
f 1023/1156/992 1039/1183/1016 1024/1159/995
f 1017/1160/996 1031/1182/1015 1032/1184/1017
f 1024/1159/995 1040/1185/1018 1025/1161/997
f 1018/1162/998 1032/1184/1017 1033/1186/1019
f 1025/1161/997 1041/1187/1020 1026/1163/999
f 1019/1164/1000 1033/1186/1019 1034/1172/1007
f 1031/1182/1015 1045/1188/1021 1046/1189/1022
f 1038/1181/1014 1054/1190/1023 1039/1183/1016
f 1032/1184/1017 1046/1189/1022 1047/1191/1024
f 1039/1183/1016 1055/1192/1025 1040/1185/1018
f 1033/1186/1019 1047/1191/1024 1048/1193/1026
f 1040/1185/1018 1056/1194/1027 1041/1187/1020
f 1034/1172/1007 1048/1193/1026 1049/1195/1028
f 1041/1187/1020 1057/1196/1029 1042/1171/1006
f 1035/1173/1008 1049/1195/1028 1050/1197/1030
f 1042/1171/1006 1058/1198/1031 1043/1174/1009
f 1036/1175/1010 1050/1197/1030 1051/1199/1032
f 1043/1174/1009 1059/1200/1033 1044/1176/1011
f 1037/1177/1012 1051/1199/1032 1052/1201/1034
f 1030/1179/1013 683/1202/598 1045/1188/1021
f 909/1203/600 1044/1176/1011 1059/1200/1033
f 1037/1177/1012 1053/1204/1035 1038/1181/1014
f 1050/1197/1030 1064/1205/1036 1065/1206/1037
f 1057/1196/1029 1073/1207/1038 1058/1198/1031
f 1051/1199/1032 1065/1206/1037 1066/1208/1039
f 1058/1198/1031 1074/1209/1040 1059/1200/1033
f 1052/1201/1034 1066/1208/1039 1067/1210/1041
f 1045/1188/1021 683/1211/598 1060/1212/1042
f 909/1213/600 1059/1200/1033 1074/1209/1040
f 1052/1201/1034 1068/1214/1043 1053/1204/1035
f 1046/1189/1022 1060/1212/1042 1061/1215/1044
f 1053/1204/1035 1069/1216/1045 1054/1190/1023
f 1047/1191/1024 1061/1215/1044 1062/1217/1046
f 1054/1190/1023 1070/1218/1047 1055/1192/1025
f 1048/1193/1026 1062/1217/1046 1063/1219/1048
f 1055/1192/1025 1071/1220/1049 1056/1194/1027
f 1049/1195/1028 1063/1219/1048 1064/1205/1036
f 1056/1194/1027 1072/1221/1050 1057/1196/1029
f 1068/1214/1043 1079/668/574 1069/1216/1045
f 1062/1217/1046 1076/667/573 602/672/578
f 1069/1216/1045 607/673/579 1070/1218/1047
f 1063/1219/1048 602/672/578 1077/676/582
f 1070/1218/1047 1080/677/583 1071/1220/1049
f 1064/1205/1036 1077/676/582 603/680/586
f 1071/1220/1049 1081/681/587 1072/1221/1050
f 1065/1206/1037 603/680/586 1078/684/590
f 1072/1221/1050 1082/685/591 1073/1207/1038
f 1066/1208/1039 1078/684/590 604/688/594
f 1073/1207/1038 1083/689/595 1074/1209/1040
f 1067/1210/1041 604/688/594 605/692/117
f 1060/1212/1042 683/1222/598 1075/665/571
f 909/1223/600 1074/1209/1040 1083/689/595
f 1067/1210/1041 606/696/601 1068/1214/1043
f 1061/1215/1044 1075/665/571 1076/667/573
f 1116/1224/1051 1087/1225/1051 1120/1226/1051
f 1117/1227/1052 1091/1228/1052 1121/1229/1052
f 1090/1230/1052 1117/1227/1052 1122/1231/1052
f 1089/1232/1053 1115/1233/1054 1118/1234/1055
f 1090/1230/1056 1094/1235/1057 1084/1236/1058
f 1087/1237/1059 1089/1232/1059 1091/1228/1059
f 1114/1238/1060 1093/1239/1061 1100/1238/1062
f 1107/1240/65 1104/1241/1063 1113/1241/1064
f 1108/1240/65 1109/1241/1065 1112/1241/1066
f 1111/1238/1067 1097/1239/1068 1110/1238/1069
f 1108/1240/65 1110/1238/1069 1098/1240/65
f 1094/1240/65 1111/1238/1067 1108/1240/65
f 1099/1238/1070 1106/1239/1071 1111/1238/1067
f 1112/1241/1066 1096/1242/1072 1101/1242/1073
f 1103/1241/1074 1101/1242/1073 1084/1242/1075
f 1094/1240/65 1112/1241/1066 1103/1241/1074
f 1113/1241/1064 1092/1242/1076 1105/1242/1077
f 1109/1241/1065 1105/1242/1077 1096/1242/1072
f 1098/1240/65 1113/1241/1064 1109/1241/1065
f 1107/1240/65 1100/1238/1062 1095/1240/65
f 1098/1240/65 1114/1238/1060 1107/1240/65
f 1110/1238/1069 1102/1239/1078 1114/1238/1060
f 1086/1243/1051 1116/1224/1051 1123/1244/1051
f 1084/1245/1079 1115/1246/1079 1124/1247/1079
f 1115/1246/1079 1085/1248/1079 1119/1249/1079
f 1085/1248/1079 1087/1225/1079 1119/1249/1079
f 1087/1225/1079 1116/1224/1079 1119/1249/1079
f 1116/1224/1079 1115/1246/1079 1119/1249/1079
f 1087/1225/1051 1091/1228/1051 1120/1226/1051
f 1091/1228/1051 1117/1227/1051 1120/1226/1051
f 1117/1227/1051 1116/1224/1051 1120/1226/1051
f 1091/1228/1052 1089/1232/1052 1121/1229/1052
f 1089/1232/1052 1118/1234/1052 1121/1229/1052
f 1118/1234/1052 1117/1227/1052 1121/1229/1052
f 1117/1227/1052 1118/1234/1052 1122/1231/1052
f 1118/1234/1052 1088/1239/1052 1122/1231/1052
f 1088/1239/1052 1090/1230/1052 1122/1231/1052
f 1116/1224/1051 1117/1227/1051 1123/1244/1051
f 1117/1227/1051 1090/1230/1051 1123/1244/1051
f 1090/1230/1051 1086/1243/1051 1123/1244/1051
f 1115/1246/1079 1116/1224/1079 1124/1247/1079
f 1116/1224/1079 1086/1243/1079 1124/1247/1079
f 1086/1243/1079 1084/1245/1079 1124/1247/1079
f 1088/1239/1080 1118/1234/1055 1125/1250/1081
f 1118/1234/1055 1115/1233/1054 1125/1250/1081
f 1115/1233/1054 1084/1242/1082 1125/1250/1081
f 1084/1242/1083 1103/1241/1084 1125/1250/1085
f 1103/1241/1084 1094/1240/1086 1125/1250/1085
f 1094/1240/1086 1099/1238/1087 1125/1250/1085
f 1099/1238/1087 1088/1239/1088 1125/1250/1085
f 1149/1251/65 1145/1252/65 1166/1253/65
f 1131/1254/89 1133/1255/89 1132/1256/89
f 1143/1257/65 1150/1258/65 1165/1259/65
f 1153/1260/72 1154/1261/72 1162/1262/72
f 1157/1263/80 1158/1264/80 1159/1265/80
f 1159/1265/80 1134/1266/80 1138/1267/80
f 1148/1268/80 1138/1267/80 1126/1269/80
f 1160/1270/80 1127/1271/80 1147/1272/80
f 1158/1264/80 1147/1272/80 1134/1266/80
f 1137/1273/80 1160/1270/80 1158/1264/80
f 1161/1274/117 1129/1275/117 1140/1276/117
f 1139/1277/117 1140/1276/117 1127/1271/117
f 1162/1262/72 1135/1278/72 1143/1257/72
f 1142/1279/72 1143/1257/72 1129/1275/72
f 1163/1280/72 1128/1281/72 1149/1251/72
f 1154/1261/72 1149/1251/72 1135/1278/72
f 1136/1282/72 1163/1280/72 1154/1261/72
f 1164/1283/55 1126/1284/55 1145/1285/55
f 1144/1286/55 1145/1285/55 1128/1281/55
f 1165/1259/65 1134/1287/65 1147/1288/65
f 1140/1289/65 1147/1288/65 1127/1290/65
f 1129/1275/65 1165/1259/65 1140/1289/65
f 1166/1253/65 1126/1291/65 1138/1292/65
f 1150/1258/65 1138/1292/65 1134/1287/65
f 1135/1278/65 1166/1253/65 1150/1258/65
f 1172/1293/1089 1188/1294/1090 1181/1293/1090
f 1179/1295/72 1183/1296/72 1186/1297/72
f 1177/1298/80 1184/1299/80 1185/1300/80
f 1180/1301/72 1187/1302/72 1183/1296/72
f 1178/1303/80 1188/1294/80 1184/1299/80
f 1170/1295/1091 1180/1301/1092 1179/1295/1093
f 1175/1297/1094 1183/1296/1095 1173/1296/1096
f 1176/1294/1097 1184/1299/1098 1188/1294/1099
f 1172/1293/1100 1178/1303/1101 1169/1303/1102
f 1170/1295/1103 1186/1297/1104 1175/1297/1105
f 1190/1304/80 1350/1305/80 1198/1306/80
f 1191/1307/72 1197/1308/72 1189/1309/72
f 1182/1310/72 1196/1302/72 1187/1302/72
f 1185/1300/80 1194/1298/80 1177/1298/80
f 1199/1311/55 1198/1312/55 1197/1308/55
f 1201/1313/55 1203/1314/55 1200/1315/55
f 1193/1316/80 1200/1315/80 1192/1317/80
f 1197/1318/72 1345/1319/72 1189/1320/72
f 1203/1321/55 1209/1322/55 1200/1323/55
f 1199/1324/55 1211/1325/55 1202/1326/55
f 1202/1298/89 1259/1298/89 1257/1298/89
f 1205/1327/1106 1214/1328/1106 1206/1329/1106
f 1209/1330/1107 1218/1331/1107 1217/1332/1107
f 1195/1333/72 1210/1334/72 1203/1321/72
f 1191/1335/72 1212/1336/72 1199/1324/72
f 1202/1326/80 1207/1337/80 1194/1338/80
f 1200/1323/80 1205/1339/80 1192/1340/80
f 1194/1338/117 1208/1341/117 1191/1335/117
f 1192/1340/117 1206/1342/117 1195/1333/117
f 1219/1343/80 1225/1344/80 1215/1345/80
f 1214/1328/72 1224/1346/72 1218/1331/72
f 1211/1347/1108 1215/1345/1108 1207/1348/1109
f 1210/1349/1110 1214/1328/1110 1218/1331/1110
f 1212/1350/1107 1219/1343/1107 1211/1347/1107
f 1208/1351/1106 1215/1345/1106 1216/1352/1106
f 1209/1330/1108 1213/1353/1108 1205/1327/1108
f 1212/1350/1110 1216/1352/1110 1220/1354/1110
f 1221/1355/89 1224/1346/89 1222/1356/89
f 1217/1332/80 1221/1355/80 1213/1353/80
f 1218/1331/55 1223/1357/55 1217/1332/55
f 1213/1353/117 1222/1356/117 1214/1328/117
f 1225/1344/89 1228/1358/89 1226/1359/89
f 1220/1354/55 1227/1360/55 1219/1343/55
f 1215/1345/117 1226/1359/117 1216/1352/117
f 1216/1352/72 1228/1358/72 1220/1354/72
f 1204/1302/65 1264/1302/65 1262/1302/65
f 1240/1302/1111 1235/1310/1111 1233/1310/1111
f 1244/1302/1111 1236/1310/1111 1235/1310/1111
f 1243/1302/1111 1237/1310/1111 1236/1310/1111
f 1242/1302/1111 1238/1310/1111 1237/1310/1111
f 1241/1302/1111 1234/1310/1111 1238/1310/1111
f 1195/1310/117 1239/1302/117 1196/1302/117
f 1233/1310/72 1232/1302/72 1240/1302/72
f 1203/1310/89 1236/1310/89 1237/1310/89
f 1196/1302/65 1243/1302/65 1240/1302/65
f 1252/1300/1112 1247/1298/1112 1245/1298/1112
f 1256/1300/1112 1248/1298/1112 1247/1298/1112
f 1255/1300/1112 1249/1298/1112 1248/1298/1112
f 1254/1300/1112 1250/1298/1112 1249/1298/1112
f 1253/1300/1112 1246/1298/1112 1250/1298/1112
f 1190/1300/117 1245/1298/117 1194/1298/117
f 1251/1300/80 1229/1298/80 1246/1298/80
f 1194/1298/89 1249/1298/89 1246/1298/89
f 1198/1300/65 1255/1300/65 1256/1300/65
f 1257/1298/55 1260/1300/55 1258/1300/55
f 1198/1300/65 1260/1300/65 1230/1300/65
f 1230/1300/1113 1259/1298/1113 1229/1298/1113
f 1202/1298/1111 1258/1300/1111 1198/1300/1111
f 1262/1302/55 1263/1310/55 1261/1310/55
f 1231/1310/1114 1264/1302/1114 1232/1302/1114
f 1204/1302/1112 1261/1310/1112 1203/1310/1112
f 1203/1310/89 1263/1310/89 1231/1310/89
f 1265/1361/1115 1268/1362/1115 1267/1363/1115
f 1268/1362/1115 1269/1363/1115 1267/1363/1115
f 1269/1363/1115 1270/1363/1115 1267/1363/1115
f 1270/1363/1115 1271/1363/1115 1267/1363/1115
f 1271/1363/1115 1266/1363/1115 1267/1363/1115
f 1272/1364/1116 1275/1365/1116 1274/1255/1116
f 1275/1365/1116 1276/1366/1116 1274/1255/1116
f 1276/1366/1116 1277/1367/1116 1274/1255/1116
f 1277/1367/1116 1278/1368/1116 1274/1255/1116
f 1278/1368/1116 1273/1255/1116 1274/1255/1116
f 1279/1369/1117 1282/1370/1118 1281/1371/1118
f 1282/1370/1118 1283/1372/1119 1281/1371/1118
f 1283/1372/1119 1284/1373/1117 1281/1371/1118
f 1284/1373/1117 1285/1374/1118 1281/1371/1118
f 1285/1374/1118 1280/1375/1119 1281/1371/1118
f 1286/1376/1120 1289/1377/1121 1288/1378/1121
f 1289/1377/1121 1290/1379/1122 1288/1378/1121
f 1290/1379/1122 1291/1380/1120 1288/1378/1121
f 1291/1380/1120 1292/1381/1121 1288/1378/1121
f 1292/1381/1121 1287/1382/1122 1288/1378/1121
f 1266/1383/1113 1298/1384/1113 1294/1385/1113
f 1271/1386/1113 1297/1387/1113 1298/1384/1113
f 1270/1363/1113 1296/1388/1113 1297/1389/1113
f 1269/1390/1113 1295/1391/1113 1296/1388/1113
f 1268/1392/1113 1293/1393/1113 1295/1391/1113
f 1287/1394/1114 1304/1395/1114 1300/1396/1114
f 1292/1397/1114 1303/1398/1114 1304/1395/1114
f 1291/1399/1114 1302/1400/1114 1303/1398/1114
f 1290/1379/1114 1301/1401/1114 1302/1400/1114
f 1289/1377/1114 1299/1402/1114 1301/1401/1114
f 1294/1385/1113 1282/1403/1113 1279/1404/1113
f 1298/1384/1113 1283/1405/1113 1282/1403/1113
f 1297/1389/1113 1284/1373/1113 1283/1369/1113
f 1296/1388/1113 1285/1374/1113 1284/1373/1113
f 1295/1391/1113 1280/1375/1113 1285/1374/1113
f 1300/1396/1114 1275/1365/1114 1272/1364/1114
f 1304/1395/1114 1276/1366/1114 1275/1365/1114
f 1303/1398/1114 1277/1406/1114 1276/1366/1114
f 1302/1400/1114 1278/1407/1114 1277/1406/1114
f 1301/1401/1114 1273/1408/1114 1278/1407/1114
f 1146/1409/55 1294/1385/55 1167/1410/55
f 1146/1409/1123 1274/1255/1123 1130/1411/1123
f 1272/1364/55 1167/1410/55 1300/1396/55
f 1281/1371/80 1157/1263/80 1159/1265/80
f 1151/1412/55 1281/1413/1124 1148/1414/1125
f 1167/1410/55 1279/1404/55 1151/1412/55
f 1152/1415/72 1288/1378/72 1144/1286/72
f 1288/1378/55 1151/1412/55 1164/1283/55
f 1300/1396/55 1151/1412/55 1287/1394/55
f 1305/1416/1126 1308/1417/1126 1307/1418/1126
f 1308/1417/1126 1309/1419/1126 1307/1418/1126
f 1309/1419/1126 1310/1420/1126 1307/1418/1126
f 1310/1420/1126 1311/1421/1126 1307/1418/1126
f 1311/1421/1126 1306/1418/1126 1307/1418/1126
f 1312/1422/1127 1315/1423/1127 1314/1256/1127
f 1315/1423/1127 1316/1424/1127 1314/1256/1127
f 1316/1424/1127 1317/1425/1127 1314/1256/1127
f 1317/1425/1127 1318/1426/1127 1314/1256/1127
f 1318/1426/1127 1313/1256/1127 1314/1256/1127
f 1319/1427/1128 1322/1428/1129 1321/1429/1129
f 1322/1428/1129 1323/1430/1130 1321/1429/1129
f 1323/1430/1130 1324/1431/1128 1321/1429/1129
f 1324/1431/1128 1325/1432/1129 1321/1429/1129
f 1325/1432/1129 1320/1433/1130 1321/1429/1129
f 1326/1434/1131 1329/1435/1132 1328/1436/1132
f 1329/1435/1132 1330/1437/1133 1328/1436/1132
f 1330/1437/1133 1331/1438/1131 1328/1436/1132
f 1331/1438/1131 1332/1439/1132 1328/1436/1132
f 1332/1439/1132 1327/1440/1133 1328/1436/1132
f 1320/1441/1112 1338/1442/1112 1334/1443/1112
f 1325/1444/1112 1337/1445/1112 1338/1442/1112
f 1324/1446/1112 1336/1447/1112 1337/1445/1112
f 1323/1430/1112 1335/1448/1112 1336/1447/1112
f 1322/1428/1112 1333/1449/1112 1335/1448/1112
f 1327/1450/1111 1344/1451/1111 1340/1452/1111
f 1332/1453/1111 1343/1454/1111 1344/1451/1111
f 1331/1455/1111 1342/1456/1111 1343/1454/1111
f 1330/1437/1111 1341/1457/1111 1342/1456/1111
f 1329/1435/1111 1339/1458/1111 1341/1457/1111
f 1334/1443/1112 1308/1417/1112 1305/1416/1112
f 1338/1442/1112 1309/1419/1112 1308/1417/1112
f 1337/1445/1112 1310/1459/1112 1309/1419/1112
f 1336/1447/1112 1311/1460/1112 1310/1459/1112
f 1335/1448/1112 1306/1461/1112 1311/1460/1112
f 1340/1452/1111 1315/1423/1111 1312/1422/1111
f 1344/1451/1111 1316/1424/1111 1315/1423/1111
f 1343/1454/1111 1317/1462/1111 1316/1424/1111
f 1342/1456/1111 1318/1463/1111 1317/1462/1111
f 1341/1457/1111 1313/1464/1111 1318/1463/1111
f 1141/1465/1134 1307/1418/1134 1132/1256/1134
f 1305/1416/117 1168/1466/117 1334/1443/117
f 1141/1465/117 1339/1458/117 1168/1466/117
f 1156/1467/80 1321/1429/80 1139/1277/80
f 1321/1429/117 1155/1468/117 1161/1274/117
f 1334/1443/117 1155/1468/117 1320/1441/117
f 1168/1466/117 1326/1434/117 1155/1468/117
f 1155/1468/117 1328/1436/1135 1142/1279/1136
f 1328/1436/72 1153/1260/72 1162/1262/72
f 1350/1305/55 1357/1469/55 1349/1470/55
f 1349/1470/72 1353/1471/72 1345/1319/72
f 1196/1472/117 1348/1473/117 1193/1474/117
f 1204/1475/72 1347/1476/72 1196/1472/72
f 1189/1320/117 1346/1477/117 1190/1304/117
f 1201/1478/55 1351/1479/55 1204/1475/55
f 1193/1474/80 1352/1480/80 1201/1478/80
f 1198/1306/55 1349/1470/55 1197/1318/55
f 1355/1481/65 1360/1482/65 1356/1483/65
f 1353/1471/65 1358/1484/65 1354/1485/65
f 1345/1319/117 1354/1485/117 1346/1477/117
f 1346/1477/80 1358/1484/80 1350/1305/80
f 1351/1479/72 1355/1481/72 1347/1476/72
f 1352/1480/55 1359/1486/55 1351/1479/55
f 1347/1476/117 1356/1483/117 1348/1473/117
f 1348/1473/80 1360/1482/80 1352/1480/80
f 1368/1487/1114 1364/1298/1114 1361/1298/1114
f 1374/1488/1114 1365/1298/1114 1364/1298/1114
f 1373/1489/1114 1366/1298/1114 1365/1298/1114
f 1372/1490/1114 1367/1298/1114 1366/1298/1114
f 1362/1491/1137 1178/1303/1101 1177/1298/1138
f 1363/1298/89 1194/1298/89 1191/1298/89
f 1361/1298/72 1189/1300/72 1368/1487/72
f 1369/1300/1139 1189/1300/1140 1190/1300/65
f 1370/1492/1141 1185/1300/1142 1184/1299/1098
f 1378/1310/1113 1387/1493/1113 1379/1310/1113
f 1379/1310/1113 1386/1302/1113 1380/1310/1113
f 1380/1310/1113 1385/1302/1113 1381/1310/1113
f 1381/1310/1113 1382/1302/1113 1375/1310/1113
f 1377/1494/1143 1182/1310/1144 1180/1301/1092
f 1376/1310/1145 1192/1310/89 1195/1310/89
f 1375/1310/80 1193/1302/80 1192/1310/80
f 1383/1495/1146 1183/1296/1095 1187/1302/1147
f 1384/1302/1148 1196/1302/65 1193/1302/1149
f 1392/1298/89 1394/1298/89 1390/1298/89
f 1400/1496/1150 1402/1497/1150 1398/1498/1151
f 1407/1310/89 1409/1310/89 1405/1499/1152
f 1413/1500/1153 1415/1501/1154 1411/1502/1155
f 1390/1298/1156 1399/1503/1156 1396/1300/1156
f 1395/1298/1156 1400/1496/1156 1399/1503/1156
f 1394/1298/1156 1401/1504/1156 1400/1496/1156
f 1393/1298/1156 1402/1497/1157 1401/1504/1156
f 1392/1298/1157 1397/1505/1157 1402/1497/1157
f 1403/1310/1158 1416/1506/1158 1406/1310/1158
f 1406/1310/1158 1415/1501/1158 1407/1310/1158
f 1407/1310/1158 1414/1507/1158 1408/1310/1158
f 1408/1310/1158 1413/1500/1159 1409/1310/1159
f 1409/1310/1159 1410/1508/1160 1404/1310/1159
f 1367/1298/89 1397/1505/89 1389/1298/117
f 1366/1298/89 1367/1298/1161 1391/1509/1162
f 1398/1498/1151 1371/1505/1163 1372/1490/1164
f 1405/1499/1152 1404/1310/1165 1379/1310/89
f 1404/1310/89 1388/1508/89 1378/1310/117
f 1387/1493/1166 1410/1508/1167 1412/1510/1168
f 1428/1511/117 1424/1512/117 1425/1513/117
f 1434/1514/55 1436/1515/55 1432/1516/55
f 1417/1517/1169 1433/1518/1170 1430/1519/1171
f 1419/1520/1170 1434/1514/1170 1433/1518/1170
f 1420/1521/1170 1435/1522/1170 1434/1514/1170
f 1421/1303/1170 1436/1515/1170 1435/1522/1170
f 1422/1303/1170 1431/1523/1172 1436/1515/1170
f 1424/1512/1173 1419/1520/1170 1417/1517/1169
f 1429/1524/1170 1420/1521/1170 1419/1520/1170
f 1428/1511/1170 1421/1303/1170 1420/1521/1170
f 1427/1293/1170 1422/1303/1170 1421/1303/1170
f 1426/1293/1170 1418/1303/1172 1422/1303/1170
f 1418/1303/1172 1362/1491/1137 1390/1298/89
f 1417/1517/1169 1267/1363/1174 1131/1418/1174
f 1423/1293/1172 1169/1303/1102 1418/1303/1172
f 1448/1525/55 1444/1526/55 1445/1527/55
f 1454/1528/117 1456/1529/117 1452/1530/117
f 1437/1531/1175 1453/1532/1176 1450/1533/1177
f 1439/1534/1176 1454/1528/1176 1453/1532/1176
f 1440/1535/1176 1455/1536/1176 1454/1528/1176
f 1441/1301/1176 1456/1529/1176 1455/1536/1176
f 1442/1301/1176 1451/1537/1178 1456/1529/1176
f 1444/1526/1179 1439/1534/1176 1437/1531/1175
f 1449/1538/1176 1440/1535/1176 1439/1534/1176
f 1448/1525/1176 1441/1301/1176 1440/1535/1176
f 1447/1310/1176 1442/1301/1176 1441/1301/1176
f 1446/1310/1176 1438/1301/1178 1442/1301/1176
f 1437/1531/1175 1314/1256/1180 1133/1255/1180
f 1443/1310/1178 1405/1499/1152 1171/1301/1181
f 1438/1301/1178 1170/1295/1091 1451/1537/1178
f 1468/1539/1182 1464/1540/1183 1466/1541/1184
f 1477/1542/1185 1472/1302/1186 1474/1543/1187
f 1463/1297/1188 1459/1296/1188 1467/1544/1188
f 1467/1544/1188 1460/1296/1188 1468/1539/1188
f 1468/1539/1188 1461/1545/1188 1469/1546/1188
f 1469/1546/1188 1462/1547/1188 1470/1548/1188
f 1470/1548/1188 1458/1549/1188 1464/1540/1188
f 1472/1302/1188 1459/1296/1188 1457/1296/1188
f 1478/1550/1188 1460/1296/1188 1459/1296/1188
f 1477/1542/1188 1461/1545/1188 1460/1296/1188
f 1476/1551/1188 1462/1547/1188 1461/1545/1188
f 1475/1552/1188 1458/1549/1188 1462/1547/1188
f 1136/1282/72 1471/1553/72 1152/1415/72
f 1457/1296/65 1383/1495/1146 1411/1502/1155
f 1464/1540/72 1136/1282/72 1153/1260/72
f 1463/1297/65 1173/1296/1096 1457/1296/65
f 1312/1422/1189 1452/1530/1190 1465/1554/72
f 1466/1541/117 1451/1537/117 1175/1297/1105
f 1340/1452/72 1464/1540/72 1153/1260/72
f 1471/1553/72 1299/1402/72 1286/1376/72
f 1445/1527/55 1472/1302/55 1403/1310/55
f 1445/1527/1191 1273/1408/1192 1299/1402/72
f 1491/1555/1193 1486/1556/1194 1488/1557/1195
f 1499/1558/1196 1494/1294/1197 1496/1559/1198
f 1485/1300/1199 1481/1299/1199 1489/1560/1199
f 1489/1560/1199 1482/1299/1199 1490/1561/1199
f 1490/1561/1199 1483/1562/1199 1491/1555/1199
f 1491/1555/1199 1484/1563/1199 1492/1564/1199
f 1492/1564/1199 1480/1565/1199 1486/1556/1199
f 1494/1294/1199 1481/1299/1199 1479/1299/1199
f 1500/1566/1199 1482/1299/1199 1481/1299/1199
f 1499/1558/1199 1483/1562/1199 1482/1299/1199
f 1498/1567/1199 1484/1563/1199 1483/1562/1199
f 1497/1568/1199 1480/1565/1199 1484/1563/1199
f 1137/1273/80 1493/1569/80 1156/1467/80
f 1479/1299/65 1176/1294/1097 1494/1294/65
f 1486/1556/80 1137/1273/80 1157/1263/80
f 1485/1300/65 1398/1498/1151 1174/1299/1200
f 1488/1557/55 1431/1523/55 1396/1300/55
f 1293/1393/80 1486/1556/80 1157/1263/80
f 1265/1361/1201 1432/1516/1202 1487/1570/80
f 1425/1513/117 1494/1294/117 1172/1293/1089
f 1493/1569/80 1333/1449/80 1319/1427/80
f 1425/1513/1203 1306/1461/1204 1333/1449/80
f 1501/1571/1205 1533/1572/65 1502/1573/1206
f 1502/1573/1206 1533/1572/65 1503/1574/1207
f 1503/1574/1207 1533/1572/65 1504/1575/1208
f 1504/1575/1208 1533/1572/65 1505/1576/1209
f 1505/1576/1209 1533/1572/65 1506/1577/1210
f 1506/1577/1210 1533/1572/65 1507/1578/1211
f 1507/1578/1211 1533/1572/65 1508/1579/1212
f 1508/1579/1212 1533/1572/65 1509/1580/1213
f 1509/1580/1213 1533/1572/65 1510/1581/1214
f 1510/1581/1214 1533/1572/65 1511/1582/1215
f 1511/1582/1215 1533/1572/65 1512/1583/1216
f 1512/1583/1216 1533/1572/65 1513/1584/1217
f 1513/1584/1217 1533/1572/65 1514/1585/1218
f 1514/1585/1218 1533/1572/65 1515/1586/1219
f 1515/1586/1219 1533/1572/65 1516/1587/1220
f 1516/1587/1220 1533/1572/65 1517/1588/1221
f 1517/1588/1221 1533/1572/65 1518/1589/1222
f 1518/1589/1222 1533/1572/65 1519/1590/1223
f 1519/1590/1223 1533/1572/65 1520/1591/1224
f 1520/1591/1224 1533/1572/65 1521/1592/1225
f 1521/1592/1225 1533/1572/65 1522/1593/1226
f 1522/1593/1226 1533/1572/65 1523/1594/1227
f 1523/1594/1227 1533/1572/65 1524/1595/1228
f 1524/1595/1228 1533/1572/65 1525/1596/1229
f 1525/1596/1229 1533/1572/65 1526/1597/1230
f 1526/1597/1230 1533/1572/65 1527/1598/1231
f 1527/1598/1231 1533/1572/65 1528/1599/1232
f 1528/1599/1232 1533/1572/65 1529/1600/1233
f 1529/1600/1233 1533/1572/65 1530/1601/1234
f 1530/1601/1234 1533/1572/65 1531/1602/1235
f 1516/1603/89 1524/1604/89 1532/1605/89
f 1531/1602/1235 1533/1572/65 1532/1606/1236
f 1532/1606/1236 1533/1572/65 1501/1571/1205
f 40/1/1 3/2/1 71/2/2
f 30/3/4 6/61/4 27/4/5
f 32/6/7 4/60/7 39/7/8
f 31/9/10 3/2/10 38/10/11
f 33/12/13 1/66/13 37/13/14
f 45/18/19 19/83/76 8/19/20
f 72/21/15 43/62/13 17/22/13
f 49/27/25 20/81/71 18/28/26
f 69/30/12 41/65/10 14/31/10
f 53/36/31 21/75/65 54/37/32
f 57/45/37 22/71/59 7/46/38
f 65/48/9 42/63/7 16/49/7
f 61/54/43 23/67/55 62/55/44
f 64/57/6 40/1/4 13/58/4
f 32/6/46 74/6/48 70/60/47
f 16/49/46 35/49/48 74/6/48
f 31/9/49 58/9/51 71/2/50
f 14/31/49 68/31/51 58/9/51
f 30/3/1 46/3/3 50/61/2
f 13/58/1 26/58/3 46/3/3
f 17/22/52 43/62/52 29/62/53
f 43/62/52 4/60/52 70/60/54
f 16/49/46 42/63/46 66/63/48
f 42/63/46 6/64/46 50/64/47
f 14/31/49 41/65/49 73/65/51
f 41/65/49 1/66/49 36/66/50
f 64/57/6 63/59/6 23/67/55
f 38/10/5 64/57/6 61/54/43
f 38/10/5 3/2/4 40/1/4
f 62/55/44 23/67/55 60/52/41
f 65/48/9 59/50/9 22/71/59
f 27/72/8 65/48/9 57/45/37
f 27/72/8 6/64/7 42/63/7
f 68/31/51 98/31/61 95/9/61
f 73/65/51 36/66/50 91/66/62
f 35/49/48 92/49/63 94/6/63
f 7/46/38 22/71/59 56/43/35
f 53/36/64 2/77/27 55/41/34
f 67/12/53 90/12/75 91/66/68
f 66/63/48 50/64/47 103/64/69
f 54/37/32 21/75/65 52/34/29
f 69/30/12 51/32/12 20/81/71
f 37/13/11 69/30/12 49/27/72
f 37/13/11 1/66/10 41/65/10
f 68/31/51 73/65/51 89/65/61
f 26/58/3 34/1/3 100/1/73
f 25/22/53 101/22/75 90/12/75
f 18/28/26 20/81/71 48/25/23
f 72/21/15 47/23/15 19/83/76
f 39/7/14 72/21/15 45/18/19
f 39/7/14 4/60/13 43/62/13
f 26/58/3 99/58/73 93/3/73
f 29/62/53 70/60/54 97/60/68
f 34/1/3 71/2/2 102/2/77
f 58/9/51 95/9/61 102/2/62
f 8/19/20 19/83/76 44/16/17
f 75/14/15 37/13/14 9/17/18
f 47/23/15 75/14/15 44/16/17
f 17/22/13 33/12/13 75/14/15
f 76/11/12 38/10/11 11/26/24
f 51/32/12 76/11/12 48/25/23
f 14/31/10 31/9/10 76/11/12
f 55/41/34 28/86/78 52/34/29
f 77/8/9 39/7/8 12/44/80
f 59/50/9 77/8/9 56/43/80
f 16/49/7 32/6/7 77/8/9
f 78/5/6 27/4/5 10/53/42
f 63/59/6 78/5/6 60/52/41
f 13/58/4 30/3/4 78/5/6
f 33/12/52 67/12/53 36/66/54
f 17/22/52 25/22/53 67/12/53
f 13/58/1 40/1/1 34/1/3
f 35/49/48 66/63/48 88/63/63
f 74/6/48 94/6/63 97/60/69
f 25/22/53 29/62/53 96/62/75
f 46/3/3 93/3/73 103/61/77
f 101/22/75 117/22/81 82/12/81
f 99/58/73 100/1/73 116/1/82
f 100/1/73 102/2/77 118/2/83
f 95/9/61 111/9/85 118/2/83
f 93/3/73 107/3/82 119/61/84
f 98/31/61 89/65/61 84/65/85
f 99/58/73 115/58/82 107/3/82
f 89/65/61 91/66/62 79/66/86
f 94/6/63 108/6/88 113/60/87
f 101/22/75 96/62/75 112/62/81
f 92/49/63 88/63/63 87/63/88
f 88/63/63 103/64/69 119/64/84
f 98/31/61 114/31/85 111/9/85
f 90/12/75 82/12/81 79/66/86
f 96/62/75 97/60/68 113/60/87
f 92/49/63 104/49/88 108/6/88
f 112/87/81 109/93/89 105/88/89
f 81/90/89 86/95/89 83/91/89
f 109/93/89 81/90/89 106/92/89
f 80/94/89 110/98/89 111/9/85
f 86/95/89 107/103/82 115/96/82
f 108/97/88 104/105/88 81/90/89
f 110/98/89 116/100/82 118/2/83
f 105/88/89 106/92/89 80/94/89
f 83/91/89 115/96/82 116/100/82
f 106/92/89 83/91/89 110/98/89
f 117/89/81 105/88/89 85/99/89
f 87/102/88 119/1607/84 107/103/82
f 82/101/81 85/99/89 84/65/85
f 85/99/89 80/94/89 114/31/85
f 113/104/87 108/97/88 109/93/89
f 104/105/88 87/102/88 86/95/89
f 127/106/90 126/134/118 593/107/91
f 597/109/93 135/115/99 134/110/94
f 128/112/96 127/106/90 594/108/92
f 125/114/98 136/119/103 135/115/99
f 129/116/100 128/112/96 120/113/97
f 598/118/102 137/123/107 136/119/103
f 130/120/104 129/116/100 595/117/101
f 599/122/106 138/127/111 137/123/107
f 131/124/108 130/120/104 121/121/105
f 600/126/110 139/131/115 138/127/111
f 132/128/112 131/124/108 596/125/109
f 601/130/114 140/137/121 139/131/115
f 133/132/116 132/128/112 122/129/113
f 124/111/95 134/110/94 133/132/116
f 134/110/94 149/144/126 148/142/124
f 142/143/125 141/138/122 126/134/118
f 135/115/99 150/146/128 149/144/126
f 143/145/127 142/143/125 127/106/90
f 136/119/103 151/148/130 150/146/128
f 144/147/129 143/145/127 128/112/96
f 137/123/107 152/150/132 151/148/130
f 145/149/131 144/147/129 129/116/100
f 138/127/111 153/152/134 152/150/132
f 146/151/133 145/149/131 130/120/104
f 139/131/115 154/154/136 153/152/134
f 147/153/135 146/151/133 131/124/108
f 140/137/121 155/141/123 154/154/136
f 148/142/124 147/153/135 132/128/112
f 160/155/137 159/170/150 144/147/129
f 153/152/134 168/158/140 167/156/138
f 161/157/139 160/155/137 145/149/131
f 154/154/136 169/160/142 168/158/140
f 162/159/141 161/157/139 146/151/133
f 155/141/123 170/165/145 169/160/142
f 163/161/143 162/159/141 147/153/135
f 149/144/126 164/167/147 163/161/143
f 157/166/146 156/162/144 141/138/122
f 150/146/128 165/169/149 164/167/147
f 158/168/148 157/166/146 142/143/125
f 151/148/130 166/171/151 165/169/149
f 159/170/150 158/168/148 143/145/127
f 152/150/132 167/156/138 166/171/151
f 164/167/147 179/174/154 178/172/152
f 172/173/153 171/185/165 156/162/144
f 165/169/149 180/176/156 179/174/154
f 173/175/155 172/173/153 157/166/146
f 166/171/151 181/178/158 180/176/156
f 174/177/157 173/175/155 158/168/148
f 167/156/138 182/180/160 181/178/158
f 175/179/159 174/177/157 159/170/150
f 168/158/140 183/182/162 182/180/160
f 176/181/161 175/179/159 160/155/137
f 169/160/142 184/184/164 183/182/162
f 177/183/163 176/181/161 161/157/139
f 170/165/145 185/188/166 184/184/164
f 178/172/152 177/183/163 162/159/141
f 183/182/162 198/191/169 197/189/167
f 191/190/168 190/205/181 175/179/159
f 184/184/164 199/193/171 198/191/169
f 192/192/170 191/190/168 176/181/161
f 185/188/166 200/198/174 199/193/171
f 193/194/172 192/192/170 177/183/163
f 179/174/154 194/200/176 193/194/172
f 187/199/175 186/195/173 171/185/165
f 180/176/156 195/202/178 194/200/176
f 188/201/177 187/199/175 172/173/153
f 181/178/158 196/204/180 195/202/178
f 189/203/179 188/201/177 173/175/155
f 182/180/160 197/189/167 196/204/180
f 190/205/181 189/203/179 174/177/157
f 203/206/182 202/219/195 186/195/173
f 195/202/178 211/209/185 210/207/183
f 204/208/184 203/206/182 187/199/175
f 196/204/180 212/211/187 211/209/185
f 205/210/186 204/208/184 188/201/177
f 197/189/167 213/213/189 212/211/187
f 206/212/188 205/210/186 189/203/179
f 198/191/169 214/215/191 213/213/189
f 207/214/190 206/212/188 190/205/181
f 199/193/171 215/217/193 214/215/191
f 208/216/192 207/214/190 191/190/168
f 200/198/174 216/222/196 215/217/193
f 209/218/194 208/216/192 192/192/170
f 194/200/176 210/207/183 209/218/194
f 222/223/197 221/238/210 206/212/188
f 215/217/193 230/226/200 229/224/198
f 223/225/199 222/223/197 207/214/190
f 216/222/196 231/231/203 230/226/200
f 224/227/201 223/225/199 208/216/192
f 210/207/183 225/233/205 224/227/201
f 218/232/204 217/228/202 202/219/195
f 211/209/185 226/235/207 225/233/205
f 219/234/206 218/232/204 203/206/182
f 212/211/187 227/237/209 226/235/207
f 220/236/208 219/234/206 204/208/184
f 213/213/189 228/239/211 227/237/209
f 221/238/210 220/236/208 205/210/186
f 214/215/191 229/224/198 228/239/211
f 226/235/207 241/242/214 240/240/212
f 234/241/213 233/256/226 218/232/204
f 227/237/209 242/244/216 241/242/214
f 235/243/215 234/241/213 219/234/206
f 228/239/211 243/246/218 242/244/216
f 236/245/217 235/243/215 220/236/208
f 229/224/198 244/248/220 243/246/218
f 237/247/219 236/245/217 221/238/210
f 230/226/200 245/250/222 244/248/220
f 238/249/221 237/247/219 222/223/197
f 231/231/203 246/255/225 245/250/222
f 239/251/223 238/249/221 223/225/199
f 225/233/205 240/240/212 239/251/223
f 233/256/226 232/252/224 217/228/202
f 260/257/227 259/271/239 244/248/220
f 238/249/221 253/260/230 252/258/228
f 261/259/229 260/257/227 245/250/222
f 239/251/223 254/282/250 253/260/230
f 255/264/232 254/282/250 239/251/223
f 233/256/226 248/266/234 247/261/231
f 256/265/233 255/264/232 240/240/212
f 234/241/213 249/268/236 248/266/234
f 257/267/235 256/265/233 241/242/214
f 235/243/215 250/270/238 249/268/236
f 258/269/237 257/267/235 242/244/216
f 236/245/217 251/272/240 250/270/238
f 259/271/239 258/269/237 243/246/218
f 237/247/219 252/258/228 251/272/240
f 272/273/241 271/288/254 256/265/233
f 250/270/238 265/276/244 264/274/242
f 273/275/243 272/273/241 257/267/235
f 251/272/240 266/278/246 265/276/244
f 274/277/245 273/275/243 258/269/237
f 252/258/228 267/280/248 266/278/246
f 275/279/247 274/277/245 259/271/239
f 253/260/230 268/283/251 267/280/248
f 276/281/249 275/279/247 260/257/227
f 254/282/250 269/291/257 268/283/251
f 270/287/253 269/291/257 254/282/250
f 248/266/234 263/289/255 262/284/252
f 271/288/254 270/287/253 255/264/232
f 249/268/236 264/274/242 263/289/255
f 291/290/256 290/305/269 275/279/247
f 269/291/257 284/315/279 283/292/258
f 285/296/260 284/315/279 269/291/257
f 263/289/255 278/298/262 277/293/259
f 286/297/261 285/296/260 270/287/253
f 264/274/242 279/300/264 278/298/262
f 287/299/263 286/297/261 271/288/254
f 265/276/244 280/302/266 279/300/264
f 288/301/265 287/299/263 272/273/241
f 266/278/246 281/304/268 280/302/266
f 289/303/267 288/301/265 273/275/243
f 267/280/248 282/306/270 281/304/268
f 290/305/269 289/303/267 274/277/245
f 268/283/251 283/292/258 282/306/270
f 280/302/266 295/309/273 294/307/271
f 303/308/272 302/323/285 287/299/263
f 281/304/268 296/311/275 295/309/273
f 304/310/274 303/308/272 288/301/265
f 282/306/270 297/313/277 296/311/275
f 305/312/276 304/310/274 289/303/267
f 283/292/258 298/316/280 297/313/277
f 306/314/278 305/312/276 290/305/269
f 284/315/279 299/324/286 298/316/280
f 300/320/282 299/324/286 284/315/279
f 278/298/262 293/322/284 292/317/281
f 301/321/283 300/320/282 285/296/260
f 279/300/264 294/307/271 293/322/284
f 302/323/285 301/321/283 286/297/261
f 299/324/286 314/348/308 313/325/287
f 315/330/290 314/348/308 299/324/286
f 293/322/284 308/332/292 307/326/288
f 316/331/291 315/330/290 300/320/282
f 294/307/271 309/334/294 308/332/292
f 317/333/293 316/331/291 301/321/283
f 295/309/273 310/336/296 309/334/294
f 318/335/295 317/333/293 302/323/285
f 296/311/275 311/338/298 310/336/296
f 319/337/297 318/335/295 303/308/272
f 297/313/277 312/340/300 311/338/298
f 320/339/299 319/337/297 304/310/274
f 298/316/280 313/325/287 312/340/300
f 321/329/289 320/339/299 305/312/276
f 333/341/301 332/356/314 317/333/293
f 311/338/298 326/344/304 325/342/302
f 334/343/303 333/341/301 318/335/295
f 312/340/300 327/346/306 326/344/304
f 335/345/305 334/343/303 319/337/297
f 313/325/287 328/349/309 327/346/306
f 336/347/307 335/345/305 320/339/299
f 314/348/308 329/363/319 328/349/309
f 330/353/311 329/363/319 314/348/308
f 308/332/292 323/355/313 322/350/310
f 331/354/312 330/353/311 315/330/290
f 309/334/294 324/357/315 323/355/313
f 332/356/314 331/354/312 316/331/291
f 310/336/296 325/342/302 324/357/315
f 345/362/318 344/381/337 329/363/319
f 323/355/313 338/365/321 337/358/316
f 346/364/320 345/362/318 330/353/311
f 324/357/315 339/367/323 338/365/321
f 347/366/322 346/364/320 331/354/312
f 325/342/302 340/369/325 339/367/323
f 348/368/324 347/366/322 332/356/314
f 326/344/304 341/371/327 340/369/325
f 349/370/326 348/368/324 333/341/301
f 327/346/306 342/373/329 341/371/327
f 350/372/328 349/370/326 334/343/303
f 328/349/309 343/374/330 342/373/329
f 351/361/317 350/372/328 335/345/305
f 329/363/319 344/381/337 343/374/330
f 341/371/327 356/377/333 355/375/331
f 364/376/332 363/391/345 348/368/324
f 342/373/329 357/379/335 356/377/333
f 365/378/334 364/376/332 349/370/326
f 343/374/330 358/382/338 357/379/335
f 366/380/336 365/378/334 350/372/328
f 344/381/337 359/393/55 358/382/338
f 360/386/340 359/393/55 344/381/337
f 338/365/321 353/388/342 352/383/339
f 361/387/341 360/386/340 345/362/318
f 339/367/323 354/390/344 353/388/342
f 362/389/343 361/387/341 346/364/320
f 340/369/325 355/375/331 354/390/344
f 363/391/345 362/389/343 347/366/322
f 360/386/340 375/395/348 374/392/346
f 368/394/347 367/406/359 352/383/339
f 361/387/341 376/397/350 375/395/348
f 369/396/349 368/394/347 353/388/342
f 362/389/343 377/399/352 376/397/350
f 370/398/351 369/396/349 354/390/344
f 363/391/345 378/401/354 377/399/352
f 371/400/353 370/398/351 355/375/331
f 364/376/332 379/403/356 378/401/354
f 372/402/355 371/400/353 356/377/333
f 365/378/334 380/405/358 379/403/356
f 373/404/357 372/402/355 357/379/335
f 366/380/336 381/409/360 380/405/358
f 374/392/346 373/404/357 358/382/338
f 379/403/356 394/412/363 393/410/361
f 387/411/362 386/426/375 371/400/353
f 380/405/358 395/414/365 394/412/363
f 388/413/364 387/411/362 372/402/355
f 381/409/360 396/419/368 395/414/365
f 389/415/366 388/413/364 373/404/357
f 375/395/348 390/421/370 389/415/366
f 383/420/369 382/416/367 367/406/359
f 376/397/350 391/423/372 390/421/370
f 384/422/371 383/420/369 368/394/347
f 377/399/352 392/425/374 391/423/372
f 385/424/373 384/422/371 369/396/349
f 378/401/354 393/410/361 392/425/374
f 386/426/375 385/424/373 370/398/351
f 391/423/372 406/429/378 405/427/376
f 399/428/377 398/443/390 383/420/369
f 392/425/374 407/431/380 406/429/378
f 400/430/379 399/428/377 384/422/371
f 393/410/361 408/433/382 407/431/380
f 401/432/381 400/430/379 385/424/373
f 394/412/363 409/435/384 408/433/382
f 402/434/383 401/432/381 386/426/375
f 395/414/365 410/437/386 409/435/384
f 403/436/385 402/434/383 387/411/362
f 396/419/368 411/442/389 410/437/386
f 404/438/387 403/436/385 388/413/364
f 390/421/370 405/427/376 404/438/387
f 398/443/390 397/439/388 382/416/367
f 410/437/386 425/446/393 424/444/391
f 418/445/392 417/460/405 402/434/383
f 411/442/389 426/451/396 425/446/393
f 419/447/394 418/445/392 403/436/385
f 405/427/376 420/453/398 419/447/394
f 413/452/397 412/448/395 397/439/388
f 406/429/378 421/455/400 420/453/398
f 414/454/399 413/452/397 398/443/390
f 407/431/380 422/457/402 421/455/400
f 415/456/401 414/454/399 399/428/377
f 408/433/382 423/459/404 422/457/402
f 416/458/403 415/456/401 400/430/379
f 409/435/384 424/444/391 423/459/404
f 417/460/405 416/458/403 401/432/381
f 430/461/406 429/476/419 413/452/397
f 422/457/402 438/464/409 437/462/407
f 431/463/408 430/461/406 414/454/399
f 423/459/404 439/466/411 438/464/409
f 432/465/410 431/463/408 415/456/401
f 424/444/391 440/468/413 439/466/411
f 433/467/412 432/465/410 416/458/403
f 425/446/393 441/470/415 440/468/413
f 434/469/414 433/467/412 417/460/405
f 426/451/396 442/475/418 441/470/415
f 435/471/416 434/469/414 418/445/392
f 420/453/398 436/477/420 435/471/416
f 429/476/419 428/472/417 412/448/395
f 421/455/400 437/462/407 436/477/420
f 449/478/421 448/493/434 433/467/412
f 442/475/418 457/484/425 456/479/422
f 450/480/423 449/478/421 434/469/414
f 436/477/420 451/486/427 450/480/423
f 444/485/426 443/481/424 428/472/417
f 437/462/407 452/488/429 451/486/427
f 445/487/428 444/485/426 429/476/419
f 438/464/409 453/490/431 452/488/429
f 446/489/430 445/487/428 430/461/406
f 439/466/411 454/492/433 453/490/431
f 447/491/432 446/489/430 431/463/408
f 440/468/413 455/494/435 454/492/433
f 448/493/434 447/491/432 432/465/410
f 441/470/415 456/479/422 455/494/435
f 453/490/431 468/497/438 467/495/436
f 461/496/437 460/511/450 445/487/428
f 454/492/433 469/499/440 468/497/438
f 462/498/439 461/496/437 446/489/430
f 455/494/435 470/501/442 469/499/440
f 463/500/441 462/498/439 447/491/432
f 456/479/422 471/503/444 470/501/442
f 464/502/443 463/500/441 448/493/434
f 457/484/425 472/508/447 471/503/444
f 465/504/445 464/502/443 449/478/421
f 451/486/427 466/510/449 465/504/445
f 459/509/448 458/505/446 443/481/424
f 452/488/429 467/495/436 466/510/449
f 460/511/450 459/509/448 444/485/426
f 472/508/447 487/517/454 486/512/451
f 480/513/452 479/528/465 464/502/443
f 466/510/449 481/519/456 480/513/452
f 474/518/455 473/514/453 458/505/446
f 467/495/436 482/521/458 481/519/456
f 475/520/457 474/518/455 459/509/448
f 468/497/438 483/523/460 482/521/458
f 476/522/459 475/520/457 460/511/450
f 469/499/440 484/525/462 483/523/460
f 477/524/461 476/522/459 461/496/437
f 470/501/442 485/527/464 484/525/462
f 478/526/463 477/524/461 462/498/439
f 471/503/444 486/512/451 485/527/464
f 479/528/465 478/526/463 463/500/441
f 476/529/459 491/536/468 490/530/466
f 499/532/467 498/559/479 483/533/460
f 477/535/461 492/540/470 491/536/468
f 500/537/469 499/532/467 484/534/462
f 478/539/463 493/544/472 492/540/470
f 501/541/471 500/537/469 485/538/464
f 479/543/465 494/548/474 493/544/472
f 502/545/473 501/541/471 486/542/451
f 480/547/452 495/560/480 494/548/474
f 496/553/476 495/560/480 480/547/452
f 474/555/455 489/558/478 488/550/475
f 497/556/477 496/553/476 481/554/456
f 475/531/457 490/530/466 489/558/478
f 498/559/479 497/556/477 482/557/458
f 495/560/480 510/584/502 509/561/481
f 511/566/484 510/584/502 495/560/480
f 489/558/478 504/568/486 503/562/482
f 512/567/485 511/566/484 496/553/476
f 490/530/466 505/570/488 504/568/486
f 513/569/487 512/567/485 497/556/477
f 491/536/468 506/572/490 505/570/488
f 514/571/489 513/569/487 498/559/479
f 492/540/470 507/574/492 506/572/490
f 515/573/491 514/571/489 499/532/467
f 493/544/472 508/576/494 507/574/492
f 516/575/493 515/573/491 500/537/469
f 494/548/474 509/561/481 508/576/494
f 517/565/483 516/575/493 501/541/471
f 529/577/495 528/592/508 513/569/487
f 507/574/492 522/580/498 521/578/496
f 530/579/497 529/577/495 514/571/489
f 508/576/494 523/582/500 522/580/498
f 531/581/499 530/579/497 515/573/491
f 509/561/481 524/585/503 523/582/500
f 532/583/501 531/581/499 516/575/493
f 510/584/502 525/597/512 524/585/503
f 526/589/505 525/597/512 510/584/502
f 504/568/486 519/591/507 518/586/504
f 527/590/506 526/589/505 511/566/484
f 505/570/488 520/593/509 519/591/507
f 528/592/508 527/590/506 512/567/485
f 506/572/490 521/578/496 520/593/509
f 541/596/511 540/616/530 525/597/512
f 519/591/507 534/600/515 533/598/513
f 542/599/514 541/596/511 526/589/505
f 520/593/509 535/602/517 534/600/515
f 543/601/516 542/599/514 527/590/506
f 521/578/496 536/604/519 535/602/517
f 544/603/518 543/601/516 528/592/508
f 522/580/498 537/606/521 536/604/519
f 545/605/520 544/603/518 529/577/495
f 523/582/500 538/608/523 537/606/521
f 546/607/522 545/605/520 530/579/497
f 524/585/503 539/609/524 538/608/523
f 547/595/510 546/607/522 531/581/499
f 525/597/512 540/616/530 539/609/524
f 560/611/525 559/626/538 544/603/518
f 538/608/523 553/614/528 552/612/526
f 561/613/527 560/611/525 545/605/520
f 539/609/524 554/617/531 553/614/528
f 562/615/529 561/613/527 546/607/522
f 540/616/530 555/640/552 554/617/531
f 556/621/533 555/640/552 540/616/530
f 534/600/515 549/623/535 548/618/532
f 557/622/534 556/621/533 541/596/511
f 535/602/517 550/625/537 549/623/535
f 558/624/536 557/622/534 542/599/514
f 536/604/519 551/627/539 550/625/537
f 559/626/538 558/624/536 543/601/516
f 537/606/521 552/612/526 551/627/539
f 549/623/535 564/630/542 563/628/540
f 572/629/541 571/644/554 556/621/533
f 550/625/537 565/632/544 564/630/542
f 573/631/543 572/629/541 557/622/534
f 551/627/539 566/634/546 565/632/544
f 574/633/545 573/631/543 558/624/536
f 552/612/526 567/636/548 566/634/546
f 575/635/547 574/633/545 559/626/538
f 553/614/528 568/638/550 567/636/548
f 576/637/549 575/635/547 560/611/525
f 554/617/531 569/641/553 568/638/550
f 577/639/551 576/637/549 561/613/527
f 555/640/552 570/649/559 569/641/553
f 571/644/554 570/649/559 555/640/552
f 568/638/550 583/647/557 582/645/555
f 591/646/556 590/661/569 575/635/547
f 569/641/553 584/650/560 583/647/557
f 592/648/558 591/646/556 576/637/549
f 570/649/559 585/662/570 584/650/560
f 586/654/562 585/662/570 570/649/559
f 564/630/542 579/656/564 578/651/561
f 587/655/563 586/654/562 571/644/554
f 565/632/544 580/658/566 579/656/564
f 588/657/565 587/655/563 572/629/541
f 566/634/546 581/660/568 580/658/566
f 589/659/567 588/657/565 573/631/543
f 567/636/548 582/645/555 581/660/568
f 590/661/569 589/659/567 574/633/545
f 597/109/93 124/111/95 586/654/562
f 580/658/566 120/113/97 594/108/92
f 125/114/98 597/109/93 587/655/563
f 581/660/568 595/117/101 120/113/97
f 598/118/102 125/114/98 588/657/565
f 582/645/555 121/121/105 595/117/101
f 599/122/106 598/118/102 589/659/567
f 583/647/557 596/125/109 121/121/105
f 600/126/110 599/122/106 590/661/569
f 584/650/560 122/129/113 596/125/109
f 601/130/114 600/126/110 591/646/556
f 585/662/570 123/133/117 122/129/113
f 124/111/95 123/133/117 585/662/570
f 579/656/564 594/108/92 593/107/91
f 1075/665/571 608/694/599 609/666/572
f 1079/668/574 606/696/601 616/669/575
f 1076/667/573 609/666/572 610/671/577
f 607/673/579 1079/668/574 617/670/576
f 602/672/578 610/671/577 611/675/581
f 1080/677/583 607/673/579 618/674/580
f 1077/676/582 611/675/581 612/679/585
f 1081/681/587 1080/677/583 619/678/584
f 603/680/586 612/679/585 613/683/589
f 1082/685/591 1081/681/587 620/682/588
f 1078/684/590 613/683/589 614/687/593
f 1083/689/595 1082/685/591 621/686/592
f 604/688/594 614/687/593 615/691/597
f 606/696/601 605/692/117 615/691/597
f 616/669/575 615/691/597 630/701/604
f 608/694/599 623/698/602 624/703/606
f 617/670/576 616/669/575 631/702/605
f 609/666/572 624/703/606 625/705/608
f 618/674/580 617/670/576 632/704/607
f 610/671/577 625/705/608 626/707/610
f 619/678/584 618/674/580 633/706/609
f 611/675/581 626/707/610 627/709/612
f 620/682/588 619/678/584 634/708/611
f 612/679/585 627/709/612 628/711/614
f 621/686/592 620/682/588 635/710/613
f 613/683/589 628/711/614 629/713/616
f 622/690/596 621/686/592 636/712/615
f 614/687/593 629/713/616 630/701/604
f 626/707/610 641/730/631 642/714/617
f 635/710/613 634/708/611 649/715/618
f 627/709/612 642/714/617 643/717/620
f 636/712/615 635/710/613 650/716/619
f 628/711/614 643/717/620 644/719/622
f 637/700/603 636/712/615 651/718/621
f 629/713/616 644/719/622 645/721/624
f 631/702/605 630/701/604 645/721/624
f 623/698/602 638/723/625 639/726/627
f 632/704/607 631/702/605 646/725/626
f 624/703/606 639/726/627 640/728/629
f 633/706/609 632/704/607 647/727/628
f 625/705/608 640/728/629 641/730/631
f 634/708/611 633/706/609 648/729/630
f 646/725/626 645/721/624 660/731/632
f 638/723/625 653/746/646 654/733/634
f 647/727/628 646/725/626 661/732/633
f 639/726/627 654/733/634 655/735/636
f 648/729/630 647/727/628 662/734/635
f 640/728/629 655/735/636 656/737/638
f 649/715/618 648/729/630 663/736/637
f 641/730/631 656/737/638 657/739/640
f 650/716/619 649/715/618 664/738/639
f 642/714/617 657/739/640 658/741/642
f 651/718/621 650/716/619 665/740/641
f 643/717/620 658/741/642 659/743/644
f 652/720/623 651/718/621 666/742/643
f 644/719/622 659/743/644 660/731/632
f 665/740/641 664/738/639 679/748/647
f 657/739/640 672/764/661 673/750/649
f 666/742/643 665/740/641 680/749/648
f 658/741/642 673/750/649 674/752/651
f 667/744/645 666/742/643 681/751/650
f 659/743/644 674/752/651 675/754/653
f 661/732/633 660/731/632 675/754/653
f 653/746/646 668/756/654 669/759/656
f 662/734/635 661/732/633 676/758/655
f 654/733/634 669/759/656 670/761/658
f 663/736/637 662/734/635 677/760/657
f 655/735/636 670/761/658 671/763/660
f 664/738/639 663/736/637 678/762/659
f 656/737/638 671/763/660 672/764/661
f 668/756/654 684/780/676 685/765/662
f 677/760/657 676/758/655 692/766/663
f 669/759/656 685/765/662 686/768/665
f 678/762/659 677/760/657 693/767/664
f 670/761/658 686/768/665 687/770/667
f 679/748/647 678/762/659 694/769/666
f 671/763/660 687/770/667 688/772/669
f 680/749/648 679/748/647 695/771/668
f 672/764/661 688/772/669 689/774/671
f 681/751/650 680/749/648 696/773/670
f 673/750/649 689/774/671 690/776/673
f 682/753/652 681/751/650 697/775/672
f 674/752/651 690/776/673 691/778/675
f 676/758/655 675/754/653 691/778/675
f 688/772/669 703/798/691 704/782/677
f 697/775/672 696/773/670 711/783/678
f 689/774/671 704/782/677 705/785/680
f 698/777/674 697/775/672 712/784/679
f 690/776/673 705/785/680 706/787/682
f 692/766/663 691/778/675 706/787/682
f 684/780/676 699/789/683 700/792/685
f 693/767/664 692/766/663 707/791/684
f 685/765/662 700/792/685 701/794/687
f 694/769/666 693/767/664 708/793/686
f 686/768/665 701/794/687 702/796/689
f 695/771/668 694/769/666 709/795/688
f 687/770/667 702/796/689 703/798/691
f 696/773/670 695/771/668 710/797/690
f 708/793/686 707/791/684 722/799/692
f 700/792/685 715/815/706 716/801/694
f 709/795/688 708/793/686 723/800/693
f 701/794/687 716/801/694 717/803/696
f 710/797/690 709/795/688 724/802/695
f 702/796/689 717/803/696 718/805/698
f 711/783/678 710/797/690 725/804/697
f 703/798/691 718/805/698 719/807/700
f 712/784/679 711/783/678 726/806/699
f 704/782/677 719/807/700 720/809/702
f 713/786/681 712/784/679 727/808/701
f 705/785/680 720/809/702 721/811/704
f 707/791/684 706/787/682 721/811/704
f 699/789/683 714/813/705 715/815/706
f 726/806/699 741/832/721 742/816/707
f 720/809/702 719/807/700 734/817/708
f 727/808/701 742/816/707 743/819/710
f 721/811/704 720/809/702 735/818/709
f 721/811/704 736/820/711 737/824/713
f 715/815/706 714/813/705 729/822/712
f 722/799/692 737/824/713 738/826/715
f 716/801/694 715/815/706 730/825/714
f 723/800/693 738/826/715 739/828/717
f 717/803/696 716/801/694 731/827/716
f 724/802/695 739/828/717 740/830/719
f 718/805/698 717/803/696 732/829/718
f 725/804/697 740/830/719 741/832/721
f 719/807/700 718/805/698 733/831/720
f 738/826/715 753/849/736 754/833/722
f 732/829/718 731/827/716 746/834/723
f 739/828/717 754/833/722 755/836/725
f 733/831/720 732/829/718 747/835/724
f 740/830/719 755/836/725 756/838/727
f 734/817/708 733/831/720 748/837/726
f 741/832/721 756/838/727 757/840/729
f 735/818/709 734/817/708 749/839/728
f 742/816/707 757/840/729 758/842/731
f 736/820/711 735/818/709 750/841/730
f 736/820/711 751/843/732 752/847/734
f 730/825/714 729/822/712 744/845/733
f 737/824/713 752/847/734 753/849/736
f 731/827/716 730/825/714 745/848/735
f 757/840/729 772/866/751 773/850/737
f 751/843/732 750/841/730 765/851/738
f 751/843/732 766/852/739 767/856/741
f 745/848/735 744/845/733 759/854/740
f 752/847/734 767/856/741 768/858/743
f 746/834/723 745/848/735 760/857/742
f 753/849/736 768/858/743 769/860/745
f 747/835/724 746/834/723 761/859/744
f 754/833/722 769/860/745 770/862/747
f 748/837/726 747/835/724 762/861/746
f 755/836/725 770/862/747 771/864/749
f 749/839/728 748/837/726 763/863/748
f 756/838/727 771/864/749 772/866/751
f 750/841/730 749/839/728 764/865/750
f 762/861/746 761/859/744 776/867/752
f 769/860/745 784/883/766 785/869/754
f 763/863/748 762/861/746 777/868/753
f 770/862/747 785/869/754 786/871/756
f 764/865/750 763/863/748 778/870/755
f 771/864/749 786/871/756 787/873/758
f 765/851/738 764/865/750 779/872/757
f 772/866/751 787/873/758 788/875/760
f 766/852/739 765/851/738 780/874/759
f 766/852/739 781/876/761 782/880/763
f 760/857/742 759/854/740 774/878/762
f 767/856/741 782/880/763 783/882/765
f 761/859/744 760/857/742 775/881/764
f 768/858/743 783/882/765 784/883/766
f 781/876/761 780/874/759 795/884/767
f 781/876/761 796/885/768 797/890/771
f 775/881/764 774/878/762 789/887/769
f 782/880/763 797/890/771 798/892/773
f 776/867/752 775/881/764 790/891/772
f 783/882/765 798/892/773 799/894/775
f 777/868/753 776/867/752 791/893/774
f 784/883/766 799/894/775 800/896/777
f 778/870/755 777/868/753 792/895/776
f 785/869/754 800/896/777 801/898/779
f 779/872/757 778/870/755 793/897/778
f 786/871/756 801/898/779 802/900/781
f 780/874/759 779/872/757 794/899/780
f 787/873/758 802/900/781 803/889/770
f 799/894/775 814/917/796 815/901/782
f 793/897/778 792/895/776 807/902/783
f 800/896/777 815/901/782 816/904/785
f 794/899/780 793/897/778 808/903/784
f 801/898/779 816/904/785 817/906/787
f 795/884/767 794/899/780 809/905/786
f 802/900/781 817/906/787 818/908/789
f 796/885/768 795/884/767 810/907/788
f 796/885/768 811/909/790 812/913/792
f 790/891/772 789/887/769 804/911/791
f 797/890/771 812/913/792 813/915/794
f 791/893/774 790/891/772 805/914/793
f 798/892/773 813/915/794 814/917/796
f 792/895/776 791/893/774 806/916/795
f 811/909/790 826/934/811 827/922/799
f 805/914/793 804/911/791 819/919/797
f 812/913/792 827/922/799 828/924/801
f 806/916/795 805/914/793 820/923/800
f 813/915/794 828/924/801 829/926/803
f 807/902/783 806/916/795 821/925/802
f 814/917/796 829/926/803 830/928/805
f 808/903/784 807/902/783 822/927/804
f 815/901/782 830/928/805 831/930/807
f 809/905/786 808/903/784 823/929/806
f 816/904/785 831/930/807 832/932/809
f 810/907/788 809/905/786 824/931/808
f 817/906/787 832/932/809 833/921/798
f 811/909/790 810/907/788 825/933/810
f 823/929/806 822/927/804 837/935/812
f 830/928/805 845/951/825 846/937/814
f 824/931/808 823/929/806 838/936/813
f 831/930/807 846/937/814 847/939/816
f 825/933/810 824/931/808 839/938/815
f 832/932/809 847/939/816 848/941/818
f 826/934/811 825/933/810 840/940/817
f 826/934/811 841/942/55 842/946/820
f 820/923/800 819/919/797 834/944/819
f 827/922/799 842/946/820 843/948/822
f 821/925/802 820/923/800 835/947/821
f 828/924/801 843/948/822 844/950/824
f 822/927/804 821/925/802 836/949/823
f 829/926/803 844/950/824 845/951/825
f 842/946/820 841/942/55 856/952/826
f 834/944/819 849/967/840 850/954/828
f 843/948/822 842/946/820 857/953/827
f 835/947/821 850/954/828 851/956/830
f 844/950/824 843/948/822 858/955/829
f 836/949/823 851/956/830 852/958/832
f 845/951/825 844/950/824 859/957/831
f 837/935/812 852/958/832 853/960/834
f 846/937/814 845/951/825 860/959/833
f 838/936/813 853/960/834 854/962/836
f 847/939/816 846/937/814 861/961/835
f 839/938/815 854/962/836 855/964/838
f 848/941/818 847/939/816 862/963/837
f 840/940/817 855/964/838 856/952/826
f 861/961/835 860/959/833 875/969/841
f 853/960/834 868/985/855 869/971/843
f 862/963/837 861/961/835 876/970/842
f 854/962/836 869/971/843 870/973/845
f 863/965/839 862/963/837 877/972/844
f 855/964/838 870/973/845 871/975/847
f 857/953/827 856/952/826 871/975/847
f 849/967/840 864/977/848 865/980/850
f 858/955/829 857/953/827 872/979/849
f 850/954/828 865/980/850 866/982/852
f 859/957/831 858/955/829 873/981/851
f 851/956/830 866/982/852 867/984/854
f 860/959/833 859/957/831 874/983/853
f 852/958/832 867/984/854 868/985/855
f 873/981/851 872/979/849 887/986/856
f 865/980/850 880/1002/870 881/988/858
f 874/983/853 873/981/851 888/987/857
f 866/982/852 881/988/858 882/990/860
f 875/969/841 874/983/853 889/989/859
f 867/984/854 882/990/860 883/992/862
f 876/970/842 875/969/841 890/991/861
f 868/985/855 883/992/862 884/994/864
f 877/972/844 876/970/842 891/993/863
f 869/971/843 884/994/864 885/996/866
f 878/974/846 877/972/844 892/995/865
f 870/973/845 885/996/866 886/998/868
f 872/979/849 871/975/847 886/998/868
f 864/977/848 879/1000/869 880/1002/870
f 892/995/865 891/993/863 906/1003/871
f 884/994/864 899/1019/885 900/1005/873
f 893/997/867 892/995/865 907/1004/872
f 885/996/866 900/1005/873 901/1007/875
f 887/986/856 886/998/868 901/1007/875
f 879/1000/869 894/1009/876 895/1012/878
f 888/987/857 887/986/856 902/1011/877
f 880/1002/870 895/1012/878 896/1014/880
f 889/989/859 888/987/857 903/1013/879
f 881/988/858 896/1014/880 897/1016/882
f 890/991/861 889/989/859 904/1015/881
f 882/990/860 897/1016/882 898/1018/884
f 891/993/863 890/991/861 905/1017/883
f 883/992/862 898/1018/884 899/1019/885
f 895/1012/878 911/1036/900 912/1020/886
f 904/1015/881 903/1013/879 919/1021/887
f 896/1014/880 912/1020/886 913/1023/889
f 905/1017/883 904/1015/881 920/1022/888
f 897/1016/882 913/1023/889 914/1025/891
f 906/1003/871 905/1017/883 921/1024/890
f 898/1018/884 914/1025/891 915/1027/893
f 907/1004/872 906/1003/871 922/1026/892
f 899/1019/885 915/1027/893 916/1029/895
f 908/1006/874 907/1004/872 923/1028/894
f 900/1005/873 916/1029/895 917/1031/897
f 902/1011/877 901/1007/875 917/1031/897
f 894/1009/876 910/1033/898 911/1036/900
f 903/1013/879 902/1011/877 918/1035/899
f 915/1027/893 930/1053/915 931/1037/901
f 924/1030/896 923/1028/894 938/1038/902
f 916/1029/895 931/1037/901 932/1040/904
f 918/1035/899 917/1031/897 932/1040/904
f 910/1033/898 925/1042/905 926/1045/907
f 919/1021/887 918/1035/899 933/1044/906
f 911/1036/900 926/1045/907 927/1047/909
f 920/1022/888 919/1021/887 934/1046/908
f 912/1020/886 927/1047/909 928/1049/911
f 921/1024/890 920/1022/888 935/1048/910
f 913/1023/889 928/1049/911 929/1051/913
f 922/1026/892 921/1024/890 936/1050/912
f 914/1025/891 929/1051/913 930/1053/915
f 923/1028/894 922/1026/892 937/1052/914
f 935/1048/910 934/1046/908 949/1054/916
f 927/1047/909 942/1070/930 943/1056/918
f 936/1050/912 935/1048/910 950/1055/917
f 928/1049/911 943/1056/918 944/1058/920
f 937/1052/914 936/1050/912 951/1057/919
f 929/1051/913 944/1058/920 945/1060/922
f 938/1038/902 937/1052/914 952/1059/921
f 930/1053/915 945/1060/922 946/1062/924
f 939/1039/903 938/1038/902 953/1061/923
f 931/1037/901 946/1062/924 947/1064/926
f 933/1044/906 932/1040/904 947/1064/926
f 925/1042/905 940/1066/927 941/1069/929
f 934/1046/908 933/1044/906 948/1068/928
f 926/1045/907 941/1069/929 942/1070/930
f 954/1063/925 953/1061/923 968/1071/931
f 946/1062/924 961/1087/945 962/1073/933
f 948/1068/928 947/1064/926 962/1073/933
f 940/1066/927 955/1075/934 956/1078/936
f 949/1054/916 948/1068/928 963/1077/935
f 941/1069/929 956/1078/936 957/1080/938
f 950/1055/917 949/1054/916 964/1079/937
f 942/1070/930 957/1080/938 958/1082/940
f 951/1057/919 950/1055/917 965/1081/939
f 943/1056/918 958/1082/940 959/1084/942
f 952/1059/921 951/1057/919 966/1083/941
f 944/1058/920 959/1084/942 960/1086/944
f 953/1061/923 952/1059/921 967/1085/943
f 945/1060/922 960/1086/944 961/1087/945
f 958/1088/940 957/1118/938 972/1089/946
f 965/1091/939 980/1119/960 981/1092/948
f 959/1094/942 958/1088/940 973/1090/947
f 966/1093/941 981/1092/948 982/1096/950
f 960/1098/944 959/1094/942 974/1095/949
f 967/1097/943 982/1096/950 983/1100/952
f 961/1102/945 960/1098/944 975/1099/951
f 968/1101/931 983/1100/952 984/1104/954
f 962/1106/933 961/1102/945 976/1103/953
f 962/1106/933 977/1107/955 978/1112/957
f 956/1114/936 955/1108/934 970/1110/956
f 963/1113/935 978/1112/957 979/1116/959
f 957/1118/938 956/1114/936 971/1115/958
f 964/1117/937 979/1116/959 980/1119/960
f 977/1107/955 976/1103/953 991/1120/961
f 977/1107/955 992/1121/962 993/1126/965
f 971/1115/958 970/1110/956 985/1123/963
f 978/1112/957 993/1126/965 994/1128/967
f 972/1089/946 971/1115/958 986/1127/966
f 979/1116/959 994/1128/967 995/1130/969
f 973/1090/947 972/1089/946 987/1129/968
f 980/1119/960 995/1130/969 996/1132/971
f 974/1095/949 973/1090/947 988/1131/970
f 981/1092/948 996/1132/971 997/1134/973
f 975/1099/951 974/1095/949 989/1133/972
f 982/1096/950 997/1134/973 998/1136/975
f 976/1103/953 975/1099/951 990/1135/974
f 983/1100/952 998/1136/975 999/1125/964
f 995/1130/969 1010/1153/990 1011/1137/976
f 989/1133/972 988/1131/970 1003/1138/977
f 996/1132/971 1011/1137/976 1012/1140/979
f 990/1135/974 989/1133/972 1004/1139/978
f 997/1134/973 1012/1140/979 1013/1142/981
f 991/1120/961 990/1135/974 1005/1141/980
f 998/1136/975 1013/1142/981 1014/1144/983
f 992/1121/962 991/1120/961 1006/1143/982
f 992/1121/962 1007/1145/984 1008/1149/986
f 986/1127/966 985/1123/963 1000/1147/985
f 993/1126/965 1008/1149/986 1009/1151/988
f 987/1129/968 986/1127/966 1001/1150/987
f 994/1128/967 1009/1151/988 1010/1153/990
f 988/1131/970 987/1129/968 1002/1152/989
f 1007/1145/984 1022/1169/1005 1023/1156/992
f 1001/1150/987 1000/1147/985 1015/1157/993
f 1008/1149/986 1023/1156/992 1024/1159/995
f 1002/1152/989 1001/1150/987 1016/1158/994
f 1009/1151/988 1024/1159/995 1025/1161/997
f 1003/1138/977 1002/1152/989 1017/1160/996
f 1010/1153/990 1025/1161/997 1026/1163/999
f 1004/1139/978 1003/1138/977 1018/1162/998
f 1011/1137/976 1026/1163/999 1027/1165/1001
f 1005/1141/980 1004/1139/978 1019/1164/1000
f 1012/1140/979 1027/1165/1001 1028/1167/1003
f 1006/1143/982 1005/1141/980 1020/1166/1002
f 1013/1142/981 1028/1167/1003 1029/1155/991
f 1007/1145/984 1006/1143/982 1021/1168/1004
f 1026/1163/999 1041/1187/1020 1042/1171/1006
f 1020/1166/1002 1019/1164/1000 1034/1172/1007
f 1027/1165/1001 1042/1171/1006 1043/1174/1009
f 1021/1168/1004 1020/1166/1002 1035/1173/1008
f 1028/1167/1003 1043/1174/1009 1044/1176/1011
f 1022/1169/1005 1021/1168/1004 1036/1175/1010
f 1022/1169/1005 1037/1177/1012 1038/1181/1014
f 1016/1158/994 1015/1157/993 1030/1179/1013
f 1023/1156/992 1038/1181/1014 1039/1183/1016
f 1017/1160/996 1016/1158/994 1031/1182/1015
f 1024/1159/995 1039/1183/1016 1040/1185/1018
f 1018/1162/998 1017/1160/996 1032/1184/1017
f 1025/1161/997 1040/1185/1018 1041/1187/1020
f 1019/1164/1000 1018/1162/998 1033/1186/1019
f 1031/1182/1015 1030/1179/1013 1045/1188/1021
f 1038/1181/1014 1053/1204/1035 1054/1190/1023
f 1032/1184/1017 1031/1182/1015 1046/1189/1022
f 1039/1183/1016 1054/1190/1023 1055/1192/1025
f 1033/1186/1019 1032/1184/1017 1047/1191/1024
f 1040/1185/1018 1055/1192/1025 1056/1194/1027
f 1034/1172/1007 1033/1186/1019 1048/1193/1026
f 1041/1187/1020 1056/1194/1027 1057/1196/1029
f 1035/1173/1008 1034/1172/1007 1049/1195/1028
f 1042/1171/1006 1057/1196/1029 1058/1198/1031
f 1036/1175/1010 1035/1173/1008 1050/1197/1030
f 1043/1174/1009 1058/1198/1031 1059/1200/1033
f 1037/1177/1012 1036/1175/1010 1051/1199/1032
f 1037/1177/1012 1052/1201/1034 1053/1204/1035
f 1050/1197/1030 1049/1195/1028 1064/1205/1036
f 1057/1196/1029 1072/1221/1050 1073/1207/1038
f 1051/1199/1032 1050/1197/1030 1065/1206/1037
f 1058/1198/1031 1073/1207/1038 1074/1209/1040
f 1052/1201/1034 1051/1199/1032 1066/1208/1039
f 1052/1201/1034 1067/1210/1041 1068/1214/1043
f 1046/1189/1022 1045/1188/1021 1060/1212/1042
f 1053/1204/1035 1068/1214/1043 1069/1216/1045
f 1047/1191/1024 1046/1189/1022 1061/1215/1044
f 1054/1190/1023 1069/1216/1045 1070/1218/1047
f 1048/1193/1026 1047/1191/1024 1062/1217/1046
f 1055/1192/1025 1070/1218/1047 1071/1220/1049
f 1049/1195/1028 1048/1193/1026 1063/1219/1048
f 1056/1194/1027 1071/1220/1049 1072/1221/1050
f 1068/1214/1043 606/696/601 1079/668/574
f 1062/1217/1046 1061/1215/1044 1076/667/573
f 1069/1216/1045 1079/668/574 607/673/579
f 1063/1219/1048 1062/1217/1046 602/672/578
f 1070/1218/1047 607/673/579 1080/677/583
f 1064/1205/1036 1063/1219/1048 1077/676/582
f 1071/1220/1049 1080/677/583 1081/681/587
f 1065/1206/1037 1064/1205/1036 603/680/586
f 1072/1221/1050 1081/681/587 1082/685/591
f 1066/1208/1039 1065/1206/1037 1078/684/590
f 1073/1207/1038 1082/685/591 1083/689/595
f 1067/1210/1041 1066/1208/1039 604/688/594
f 1067/1210/1041 605/692/117 606/696/601
f 1061/1215/1044 1060/1212/1042 1075/665/571
f 1089/1232/1053 1085/1608/1053 1115/1233/1054
f 1084/1236/1058 1086/1609/1237 1090/1230/1056
f 1090/1230/1056 1088/1239/1238 1099/1610/1239
f 1094/1235/1057 1103/1611/1240 1084/1236/1058
f 1090/1230/1056 1099/1610/1239 1094/1235/1057
f 1087/1237/1059 1085/1612/1059 1089/1232/1059
f 1114/1238/1060 1102/1239/1078 1093/1239/1061
f 1107/1240/65 1095/1240/65 1104/1241/1063
f 1108/1240/65 1098/1240/65 1109/1241/1065
f 1111/1238/1067 1106/1239/1071 1097/1239/1068
f 1108/1240/65 1111/1238/1067 1110/1238/1069
f 1094/1240/65 1099/1238/1070 1111/1238/1067
f 1099/1238/1070 1088/1239/1241 1106/1239/1071
f 1112/1241/1066 1109/1241/1065 1096/1242/1072
f 1103/1241/1074 1112/1241/1066 1101/1242/1073
f 1094/1240/65 1108/1240/65 1112/1241/1066
f 1113/1241/1064 1104/1241/1063 1092/1242/1076
f 1109/1241/1065 1113/1241/1064 1105/1242/1077
f 1098/1240/65 1107/1240/65 1113/1241/1064
f 1107/1240/65 1114/1238/1060 1100/1238/1062
f 1098/1240/65 1110/1238/1069 1114/1238/1060
f 1110/1238/1069 1097/1239/1068 1102/1239/1078
f 1149/1251/65 1128/1281/65 1145/1252/65
f 1131/1254/89 1130/1613/89 1133/1255/89
f 1143/1257/65 1135/1278/65 1150/1258/65
f 1153/1260/72 1136/1282/72 1154/1261/72
f 1157/1263/80 1137/1273/80 1158/1264/80
f 1159/1265/80 1158/1264/80 1134/1266/80
f 1148/1268/80 1159/1265/80 1138/1267/80
f 1160/1270/80 1139/1277/80 1127/1271/80
f 1158/1264/80 1160/1270/80 1147/1272/80
f 1137/1273/80 1156/1467/80 1160/1270/80
f 1161/1274/117 1142/1279/1136 1129/1275/117
f 1139/1277/117 1161/1274/117 1140/1276/117
f 1162/1262/72 1154/1261/72 1135/1278/72
f 1142/1279/72 1162/1262/72 1143/1257/72
f 1163/1280/72 1144/1286/72 1128/1281/72
f 1154/1261/72 1163/1280/72 1149/1251/72
f 1136/1282/72 1152/1415/72 1163/1280/72
f 1164/1283/55 1148/1414/1125 1126/1284/55
f 1144/1286/55 1164/1283/55 1145/1285/55
f 1165/1259/65 1150/1258/65 1134/1287/65
f 1140/1289/65 1165/1259/65 1147/1288/65
f 1129/1275/65 1143/1257/65 1165/1259/65
f 1166/1253/65 1145/1252/65 1126/1291/65
f 1150/1258/65 1166/1253/65 1138/1292/65
f 1135/1278/65 1149/1251/65 1166/1253/65
f 1172/1293/1089 1176/1294/1242 1188/1294/1090
f 1179/1295/72 1180/1301/72 1183/1296/72
f 1177/1298/80 1178/1303/80 1184/1299/80
f 1180/1301/72 1182/1310/72 1187/1302/72
f 1178/1303/80 1181/1293/80 1188/1294/80
f 1170/1295/1091 1171/1301/1181 1180/1301/1092
f 1175/1297/1094 1186/1297/1243 1183/1296/1095
f 1176/1294/1097 1174/1299/1200 1184/1299/1098
f 1172/1293/1100 1181/1293/1244 1178/1303/1101
f 1170/1295/1103 1179/1295/1104 1186/1297/1104
f 1190/1304/80 1346/1477/80 1350/1305/80
f 1191/1307/72 1199/1311/72 1197/1308/72
f 1182/1310/72 1195/1310/72 1196/1302/72
f 1185/1300/80 1190/1300/80 1194/1298/80
f 1199/1311/55 1202/1614/55 1198/1312/55
f 1201/1313/55 1204/1615/55 1203/1314/55
f 1193/1316/80 1201/1313/80 1200/1315/80
f 1197/1318/72 1349/1470/72 1345/1319/72
f 1203/1321/55 1210/1334/55 1209/1322/55
f 1199/1324/55 1212/1336/55 1211/1325/55
f 1202/1298/89 1229/1298/89 1259/1298/89
f 1205/1327/1106 1213/1353/1106 1214/1328/1106
f 1209/1330/1107 1210/1349/1107 1218/1331/1107
f 1195/1333/72 1206/1342/72 1210/1334/72
f 1191/1335/72 1208/1341/72 1212/1336/72
f 1202/1326/80 1211/1325/80 1207/1337/80
f 1200/1323/80 1209/1322/80 1205/1339/80
f 1194/1338/117 1207/1337/117 1208/1341/117
f 1192/1340/117 1205/1339/117 1206/1342/117
f 1219/1343/80 1227/1360/80 1225/1344/80
f 1214/1328/72 1222/1356/72 1224/1346/72
f 1211/1347/1108 1219/1343/1108 1215/1345/1108
f 1210/1349/1110 1206/1329/1245 1214/1328/1110
f 1212/1350/1107 1220/1354/1107 1219/1343/1107
f 1208/1351/1106 1207/1348/1106 1215/1345/1106
f 1209/1330/1108 1217/1332/1108 1213/1353/1108
f 1212/1350/1110 1208/1351/1110 1216/1352/1110
f 1221/1355/89 1223/1357/89 1224/1346/89
f 1217/1332/80 1223/1357/80 1221/1355/80
f 1218/1331/55 1224/1346/55 1223/1357/55
f 1213/1353/117 1221/1355/117 1222/1356/117
f 1225/1344/89 1227/1360/89 1228/1358/89
f 1220/1354/55 1228/1358/55 1227/1360/55
f 1215/1345/117 1225/1344/117 1226/1359/117
f 1216/1352/72 1226/1359/72 1228/1358/72
f 1204/1302/65 1232/1302/65 1264/1302/65
f 1240/1302/1111 1244/1302/1111 1235/1310/1111
f 1244/1302/1111 1243/1302/1111 1236/1310/1111
f 1243/1302/1111 1242/1302/1111 1237/1310/1111
f 1242/1302/1111 1241/1302/1111 1238/1310/1111
f 1241/1302/1111 1239/1302/1111 1234/1310/1111
f 1195/1310/117 1234/1310/117 1239/1302/117
f 1233/1310/72 1231/1310/72 1232/1302/72
f 1234/1310/89 1195/1310/89 1203/1310/89
f 1203/1310/89 1231/1310/89 1233/1310/89
f 1203/1310/89 1233/1310/89 1235/1310/89
f 1238/1310/89 1234/1310/89 1203/1310/89
f 1237/1310/89 1238/1310/89 1203/1310/89
f 1203/1310/89 1235/1310/89 1236/1310/89
f 1232/1302/65 1204/1302/65 1196/1302/65
f 1196/1302/65 1239/1302/65 1241/1302/65
f 1196/1302/65 1241/1302/65 1242/1302/65
f 1240/1302/65 1232/1302/65 1196/1302/65
f 1243/1302/65 1244/1302/65 1240/1302/65
f 1196/1302/65 1242/1302/65 1243/1302/65
f 1252/1300/1112 1256/1300/1112 1247/1298/1112
f 1256/1300/1112 1255/1300/1112 1248/1298/1112
f 1255/1300/1112 1254/1300/1112 1249/1298/1112
f 1254/1300/1112 1253/1300/1112 1250/1298/1112
f 1253/1300/1112 1251/1300/1112 1246/1298/1112
f 1190/1300/117 1252/1300/117 1245/1298/117
f 1251/1300/80 1230/1300/80 1229/1298/80
f 1229/1298/89 1202/1298/89 1194/1298/89
f 1194/1298/89 1245/1298/89 1247/1298/89
f 1194/1298/89 1247/1298/89 1248/1298/89
f 1246/1298/89 1229/1298/89 1194/1298/89
f 1249/1298/89 1250/1298/1246 1246/1298/89
f 1194/1298/89 1248/1298/89 1249/1298/89
f 1252/1300/65 1190/1300/65 1198/1300/65
f 1198/1300/65 1230/1300/65 1251/1300/65
f 1251/1300/65 1253/1300/65 1254/1300/65
f 1198/1300/65 1251/1300/65 1254/1300/65
f 1256/1300/65 1252/1300/65 1198/1300/65
f 1198/1300/65 1254/1300/65 1255/1300/65
f 1257/1298/55 1259/1298/55 1260/1300/55
f 1198/1300/65 1258/1300/65 1260/1300/65
f 1230/1300/1113 1260/1300/1113 1259/1298/1113
f 1202/1298/1111 1257/1298/1111 1258/1300/1111
f 1262/1302/55 1264/1302/55 1263/1310/55
f 1231/1310/1114 1263/1310/1114 1264/1302/1114
f 1204/1302/1112 1262/1302/1112 1261/1310/1112
f 1203/1310/89 1261/1310/89 1263/1310/89
f 1266/1383/1113 1271/1386/1113 1298/1384/1113
f 1271/1386/1113 1270/1411/1113 1297/1387/1113
f 1270/1363/1113 1269/1390/1113 1296/1388/1113
f 1269/1390/1113 1268/1392/1113 1295/1391/1113
f 1268/1392/1113 1265/1361/1113 1293/1393/1113
f 1287/1394/1114 1292/1397/1114 1304/1395/1114
f 1292/1397/1114 1291/1399/1114 1303/1398/1114
f 1291/1399/1114 1290/1379/1114 1302/1400/1114
f 1290/1379/1114 1289/1377/1114 1301/1401/1114
f 1289/1377/1114 1286/1376/1114 1299/1402/1114
f 1294/1385/1113 1298/1384/1113 1282/1403/1113
f 1298/1384/1113 1297/1387/1113 1283/1405/1113
f 1297/1389/1113 1296/1388/1113 1284/1373/1113
f 1296/1388/1113 1295/1391/1113 1285/1374/1113
f 1295/1391/1113 1293/1393/1113 1280/1375/1113
f 1300/1396/1114 1304/1395/1114 1275/1365/1114
f 1304/1395/1114 1303/1398/1114 1276/1366/1114
f 1303/1398/1114 1302/1400/1114 1277/1406/1114
f 1302/1400/1114 1301/1401/1114 1278/1407/1114
f 1301/1401/1114 1299/1402/1114 1273/1408/1114
f 1146/1409/55 1266/1383/55 1294/1385/55
f 1130/1411/1123 1267/1411/1123 1266/1383/1123
f 1146/1409/1123 1272/1364/1123 1274/1255/1123
f 1130/1411/1123 1266/1383/1123 1146/1409/1123
f 1274/1255/1123 1133/1255/1123 1130/1411/1123
f 1272/1364/55 1146/1409/55 1167/1410/55
f 1159/1265/80 1148/1268/80 1281/1371/80
f 1281/1371/80 1280/1375/80 1157/1263/80
f 1148/1414/1125 1164/1283/55 1151/1412/55
f 1151/1412/55 1279/1404/55 1281/1413/1124
f 1167/1410/55 1294/1385/55 1279/1404/55
f 1144/1286/72 1163/1280/72 1152/1415/72
f 1152/1415/72 1286/1376/72 1288/1378/72
f 1164/1283/55 1144/1286/55 1288/1378/55
f 1288/1378/55 1287/1394/55 1151/1412/55
f 1300/1396/55 1167/1410/55 1151/1412/55
f 1320/1441/1112 1325/1444/1112 1338/1442/1112
f 1325/1444/1112 1324/1446/1112 1337/1445/1112
f 1324/1446/1112 1323/1430/1112 1336/1447/1112
f 1323/1430/1112 1322/1428/1112 1335/1448/1112
f 1322/1428/1112 1319/1427/1112 1333/1449/1112
f 1327/1450/1111 1332/1453/1111 1344/1451/1111
f 1332/1453/1111 1331/1455/1111 1343/1454/1111
f 1331/1455/1111 1330/1437/1111 1342/1456/1111
f 1330/1437/1111 1329/1435/1111 1341/1457/1111
f 1329/1435/1111 1326/1434/1111 1339/1458/1111
f 1334/1443/1112 1338/1442/1112 1308/1417/1112
f 1338/1442/1112 1337/1445/1112 1309/1419/1112
f 1337/1445/1112 1336/1447/1112 1310/1459/1112
f 1336/1447/1112 1335/1448/1112 1311/1460/1112
f 1335/1448/1112 1333/1449/1112 1306/1461/1112
f 1340/1452/1111 1344/1451/1111 1315/1423/1111
f 1344/1451/1111 1343/1454/1111 1316/1424/1111
f 1343/1454/1111 1342/1456/1111 1317/1462/1111
f 1342/1456/1111 1341/1457/1111 1318/1463/1111
f 1341/1457/1111 1339/1458/1111 1313/1464/1111
f 1132/1256/1134 1314/1256/1134 1313/1464/1134
f 1141/1465/1134 1305/1416/1134 1307/1418/1134
f 1132/1256/1134 1313/1464/1134 1141/1465/1134
f 1307/1418/1134 1131/1418/1134 1132/1256/1134
f 1305/1416/117 1141/1465/117 1168/1466/117
f 1141/1465/117 1313/1464/117 1339/1458/117
f 1139/1277/80 1160/1270/80 1156/1467/80
f 1156/1467/80 1319/1427/80 1321/1429/80
f 1161/1274/117 1139/1277/117 1321/1429/117
f 1321/1429/117 1320/1441/117 1155/1468/117
f 1334/1443/117 1168/1466/117 1155/1468/117
f 1168/1466/117 1339/1458/117 1326/1434/117
f 1142/1279/1136 1161/1274/117 1155/1468/117
f 1155/1468/117 1326/1434/117 1328/1436/1135
f 1162/1262/72 1142/1279/72 1328/1436/72
f 1328/1436/72 1327/1450/72 1153/1260/72
f 1350/1305/55 1358/1484/55 1357/1469/55
f 1349/1470/72 1357/1469/72 1353/1471/72
f 1196/1472/117 1347/1476/117 1348/1473/117
f 1204/1475/72 1351/1479/72 1347/1476/72
f 1189/1320/117 1345/1319/117 1346/1477/117
f 1201/1478/55 1352/1480/55 1351/1479/55
f 1193/1474/80 1348/1473/80 1352/1480/80
f 1198/1306/55 1350/1305/55 1349/1470/55
f 1355/1481/65 1359/1486/65 1360/1482/65
f 1353/1471/65 1357/1469/65 1358/1484/65
f 1345/1319/117 1353/1471/117 1354/1485/117
f 1346/1477/80 1354/1485/80 1358/1484/80
f 1351/1479/72 1359/1486/72 1355/1481/72
f 1352/1480/55 1360/1482/55 1359/1486/55
f 1347/1476/117 1355/1481/117 1356/1483/117
f 1348/1473/80 1356/1483/80 1360/1482/80
f 1368/1487/1114 1374/1488/1114 1364/1298/1114
f 1374/1488/1114 1373/1489/1114 1365/1298/1114
f 1373/1489/1114 1372/1490/1114 1366/1298/1114
f 1372/1490/1114 1371/1505/1114 1367/1298/1114
f 1177/1298/1138 1363/1298/89 1362/1491/1137
f 1362/1491/1137 1169/1303/1102 1178/1303/1101
f 1191/1298/89 1361/1298/89 1363/1298/89
f 1363/1298/89 1177/1298/1138 1194/1298/89
f 1361/1298/72 1191/1298/72 1189/1300/72
f 1190/1300/65 1185/1300/1142 1369/1300/1139
f 1369/1300/1139 1368/1487/1247 1189/1300/1140
f 1184/1299/1098 1174/1299/1200 1370/1492/1141
f 1370/1492/1141 1369/1300/1139 1185/1300/1142
f 1378/1310/1113 1388/1508/1113 1387/1493/1113
f 1379/1310/1113 1387/1493/1113 1386/1302/1113
f 1380/1310/1113 1386/1302/1113 1385/1302/1113
f 1381/1310/1113 1385/1302/1113 1382/1302/1113
f 1180/1301/1092 1171/1301/1181 1377/1494/1143
f 1377/1494/1143 1376/1310/1145 1182/1310/1144
f 1195/1310/89 1182/1310/1144 1376/1310/1145
f 1376/1310/1145 1375/1310/89 1192/1310/89
f 1375/1310/80 1382/1302/80 1193/1302/80
f 1187/1302/1147 1384/1302/1148 1383/1495/1146
f 1383/1495/1146 1173/1296/1096 1183/1296/1095
f 1193/1302/1149 1382/1302/1248 1384/1302/1148
f 1384/1302/1148 1187/1302/1147 1196/1302/65
f 1391/1509/1162 1389/1298/1249 1392/1298/89
f 1392/1298/89 1393/1298/89 1394/1298/89
f 1394/1298/89 1395/1298/1250 1390/1298/89
f 1390/1298/89 1391/1509/1162 1392/1298/89
f 1398/1498/1151 1396/1300/1251 1399/1503/1150
f 1400/1496/1150 1401/1504/1252 1402/1497/1150
f 1398/1498/1151 1399/1503/1150 1400/1496/1150
f 1402/1497/1150 1397/1505/1253 1398/1498/1151
f 1405/1499/1152 1403/1310/89 1406/1310/89
f 1407/1310/89 1408/1310/89 1409/1310/89
f 1405/1499/1152 1406/1310/89 1407/1310/89
f 1409/1310/89 1404/1310/1165 1405/1499/1152
f 1412/1510/1168 1410/1508/1167 1413/1500/1153
f 1413/1500/1153 1414/1507/1254 1415/1501/1154
f 1415/1501/1154 1416/1506/1255 1411/1502/1155
f 1411/1502/1155 1412/1510/1168 1413/1500/1153
f 1390/1298/1156 1395/1298/1156 1399/1503/1156
f 1395/1298/1156 1394/1298/1156 1400/1496/1156
f 1394/1298/1156 1393/1298/1156 1401/1504/1156
f 1393/1298/1156 1392/1298/1157 1402/1497/1157
f 1392/1298/1157 1389/1298/1157 1397/1505/1157
f 1403/1310/1158 1411/1502/1158 1416/1506/1158
f 1406/1310/1158 1416/1506/1158 1415/1501/1158
f 1407/1310/1158 1415/1501/1158 1414/1507/1158
f 1408/1310/1158 1414/1507/1158 1413/1500/1159
f 1409/1310/1159 1413/1500/1159 1410/1508/1160
f 1367/1298/89 1371/1505/117 1397/1505/89
f 1363/1298/89 1361/1298/89 1364/1298/89
f 1364/1298/89 1365/1298/1256 1366/1298/89
f 1363/1298/89 1364/1298/89 1366/1298/89
f 1391/1509/1162 1362/1491/1137 1363/1298/89
f 1391/1509/1162 1363/1298/89 1366/1298/89
f 1367/1298/1161 1389/1298/1249 1391/1509/1162
f 1373/1489/1257 1374/1488/1258 1368/1487/1247
f 1368/1487/1247 1369/1300/1139 1370/1492/1141
f 1372/1490/1164 1373/1489/1257 1368/1487/1247
f 1368/1487/1247 1370/1492/1141 1398/1498/1151
f 1372/1490/1164 1368/1487/1247 1398/1498/1151
f 1398/1498/1151 1397/1505/1253 1371/1505/1163
f 1379/1310/89 1380/1310/1256 1381/1310/89
f 1381/1310/89 1375/1310/89 1376/1310/1145
f 1376/1310/1145 1377/1494/1143 1405/1499/1152
f 1381/1310/89 1376/1310/1145 1405/1499/1152
f 1379/1310/89 1381/1310/89 1405/1499/1152
f 1404/1310/1165 1378/1310/55 1379/1310/89
f 1404/1310/89 1410/1508/117 1388/1508/89
f 1384/1302/1148 1382/1302/1248 1385/1302/1259
f 1384/1302/1148 1385/1302/1259 1386/1302/1260
f 1412/1510/1168 1383/1495/1146 1384/1302/1148
f 1412/1510/1168 1384/1302/1148 1386/1302/1260
f 1412/1510/1168 1386/1302/1260 1387/1493/1166
f 1387/1493/1166 1388/1508/55 1410/1508/1167
f 1425/1513/117 1423/1293/117 1426/1293/117
f 1426/1293/117 1427/1293/117 1428/1511/117
f 1428/1511/117 1429/1524/117 1424/1512/117
f 1425/1513/117 1426/1293/117 1428/1511/117
f 1432/1516/55 1430/1519/55 1433/1518/55
f 1434/1514/55 1435/1522/1261 1436/1515/55
f 1432/1516/55 1433/1518/55 1434/1514/55
f 1436/1515/55 1431/1523/55 1432/1516/55
f 1417/1517/1169 1419/1520/1170 1433/1518/1170
f 1419/1520/1170 1420/1521/1170 1434/1514/1170
f 1420/1521/1170 1421/1303/1170 1435/1522/1170
f 1421/1303/1170 1422/1303/1170 1436/1515/1170
f 1422/1303/1170 1418/1303/1172 1431/1523/1172
f 1424/1512/1173 1429/1524/1170 1419/1520/1170
f 1429/1524/1170 1428/1511/1170 1420/1521/1170
f 1428/1511/1170 1427/1293/1170 1421/1303/1170
f 1427/1293/1170 1426/1293/1170 1422/1303/1170
f 1426/1293/1170 1423/1293/1172 1418/1303/1172
f 1390/1298/89 1431/1523/1172 1418/1303/1172
f 1418/1303/1172 1169/1303/1102 1362/1491/1137
f 1362/1491/1137 1391/1509/1162 1390/1298/89
f 1131/1418/1174 1307/1418/1174 1306/1461/1174
f 1131/1418/1174 1306/1461/1174 1424/1512/1173
f 1267/1363/1174 1130/1363/1174 1131/1418/1174
f 1430/1519/1171 1265/1361/1174 1267/1363/1174
f 1131/1418/1174 1424/1512/1173 1417/1517/1169
f 1417/1517/1169 1430/1519/1171 1267/1363/1174
f 1423/1293/1172 1172/1293/1100 1169/1303/1102
f 1445/1527/55 1443/1310/55 1446/1310/55
f 1446/1310/55 1447/1310/1262 1448/1525/55
f 1448/1525/55 1449/1538/55 1444/1526/55
f 1445/1527/55 1446/1310/55 1448/1525/55
f 1452/1530/117 1450/1533/117 1453/1532/117
f 1454/1528/117 1455/1536/117 1456/1529/117
f 1452/1530/117 1453/1532/117 1454/1528/117
f 1456/1529/117 1451/1537/117 1452/1530/117
f 1437/1531/1175 1439/1534/1176 1453/1532/1176
f 1439/1534/1176 1440/1535/1176 1454/1528/1176
f 1440/1535/1176 1441/1301/1176 1455/1536/1176
f 1441/1301/1176 1442/1301/1176 1456/1529/1176
f 1442/1301/1176 1438/1301/1178 1451/1537/1178
f 1444/1526/1179 1449/1538/1176 1439/1534/1176
f 1449/1538/1176 1448/1525/1176 1440/1535/1176
f 1448/1525/1176 1447/1310/1176 1441/1301/1176
f 1447/1310/1176 1446/1310/1176 1442/1301/1176
f 1446/1310/1176 1443/1310/1178 1438/1301/1178
f 1133/1255/1180 1274/1255/1180 1273/1408/1180
f 1133/1255/1180 1273/1408/1180 1444/1526/1179
f 1314/1256/1180 1132/1256/1180 1133/1255/1180
f 1450/1533/1177 1312/1422/1180 1314/1256/1180
f 1133/1255/1180 1444/1526/1179 1437/1531/1175
f 1437/1531/1175 1450/1533/1177 1314/1256/1180
f 1171/1301/1181 1438/1301/1178 1443/1310/1178
f 1443/1310/1178 1403/1310/89 1405/1499/1152
f 1405/1499/1152 1377/1494/1143 1171/1301/1181
f 1438/1301/1178 1171/1301/1181 1170/1295/1091
f 1466/1541/1184 1463/1297/1263 1467/1544/1264
f 1468/1539/1182 1469/1546/1265 1470/1548/1266
f 1466/1541/1184 1467/1544/1264 1468/1539/1182
f 1464/1540/1183 1465/1554/72 1466/1541/1184
f 1468/1539/1182 1470/1548/1266 1464/1540/1183
f 1474/1543/1187 1471/1553/1185 1475/1552/1185
f 1474/1543/1187 1475/1552/1185 1476/1551/1267
f 1472/1302/1186 1473/1616/1268 1474/1543/1187
f 1477/1542/1185 1478/1550/1269 1472/1302/1186
f 1474/1543/1187 1476/1551/1267 1477/1542/1185
f 1463/1297/1188 1457/1296/1188 1459/1296/1188
f 1467/1544/1188 1459/1296/1188 1460/1296/1188
f 1468/1539/1188 1460/1296/1188 1461/1545/1188
f 1469/1546/1188 1461/1545/1188 1462/1547/1188
f 1470/1548/1188 1462/1547/1188 1458/1549/1188
f 1472/1302/1188 1478/1550/1188 1459/1296/1188
f 1478/1550/1188 1477/1542/1188 1460/1296/1188
f 1477/1542/1188 1476/1551/1188 1461/1545/1188
f 1476/1551/1188 1475/1552/1188 1462/1547/1188
f 1475/1552/1188 1471/1553/1188 1458/1549/1188
f 1136/1282/72 1458/1549/72 1471/1553/72
f 1411/1502/1155 1472/1302/65 1457/1296/65
f 1457/1296/65 1173/1296/1096 1383/1495/1146
f 1383/1495/1146 1412/1510/1168 1411/1502/1155
f 1464/1540/72 1458/1549/72 1136/1282/72
f 1463/1297/65 1175/1297/1094 1173/1296/1096
f 1465/1554/72 1340/1452/72 1312/1422/1189
f 1312/1422/1189 1450/1533/1270 1452/1530/1190
f 1452/1530/1190 1466/1541/72 1465/1554/72
f 1175/1297/1105 1463/1297/117 1466/1541/117
f 1466/1541/117 1452/1530/117 1451/1537/117
f 1451/1537/117 1170/1295/1103 1175/1297/1105
f 1153/1260/72 1327/1450/72 1340/1452/72
f 1340/1452/72 1465/1554/72 1464/1540/72
f 1286/1376/72 1152/1415/72 1471/1553/72
f 1471/1553/72 1474/1543/72 1299/1402/72
f 1403/1310/55 1443/1310/55 1445/1527/55
f 1445/1527/55 1473/1616/55 1472/1302/55
f 1472/1302/55 1411/1502/55 1403/1310/55
f 1299/1402/72 1474/1543/72 1473/1616/72
f 1445/1527/1191 1444/1526/1271 1273/1408/1192
f 1299/1402/72 1473/1616/72 1445/1527/1191
f 1488/1557/1195 1485/1300/1272 1489/1560/1272
f 1488/1557/1195 1489/1560/1272 1490/1561/1272
f 1486/1556/1194 1487/1570/80 1488/1557/1195
f 1491/1555/1193 1492/1564/1273 1486/1556/1194
f 1488/1557/1195 1490/1561/1272 1491/1555/1193
f 1496/1559/1198 1493/1569/1196 1497/1568/1274
f 1497/1568/1274 1498/1567/1275 1499/1558/1196
f 1499/1558/1196 1500/1566/1276 1494/1294/1197
f 1494/1294/1197 1495/1617/1277 1496/1559/1198
f 1496/1559/1198 1497/1568/1274 1499/1558/1196
f 1485/1300/1199 1479/1299/1199 1481/1299/1199
f 1489/1560/1199 1481/1299/1199 1482/1299/1199
f 1490/1561/1199 1482/1299/1199 1483/1562/1199
f 1491/1555/1199 1483/1562/1199 1484/1563/1199
f 1492/1564/1199 1484/1563/1199 1480/1565/1199
f 1494/1294/1199 1500/1566/1199 1481/1299/1199
f 1500/1566/1199 1499/1558/1199 1482/1299/1199
f 1499/1558/1199 1498/1567/1199 1483/1562/1199
f 1498/1567/1199 1497/1568/1199 1484/1563/1199
f 1497/1568/1199 1493/1569/1199 1480/1565/1199
f 1137/1273/80 1480/1565/80 1493/1569/80
f 1479/1299/65 1174/1299/1200 1176/1294/1097
f 1486/1556/80 1480/1565/80 1137/1273/80
f 1174/1299/1200 1479/1299/65 1485/1300/65
f 1485/1300/65 1396/1300/1251 1398/1498/1151
f 1398/1498/1151 1370/1492/1141 1174/1299/1200
f 1396/1300/55 1485/1300/55 1488/1557/55
f 1488/1557/55 1432/1516/55 1431/1523/55
f 1431/1523/55 1390/1298/55 1396/1300/55
f 1157/1263/80 1280/1375/80 1293/1393/80
f 1293/1393/80 1487/1570/80 1486/1556/80
f 1487/1570/80 1293/1393/80 1265/1361/1201
f 1265/1361/1201 1430/1519/1278 1432/1516/1202
f 1432/1516/1202 1488/1557/80 1487/1570/80
f 1172/1293/1089 1423/1293/117 1425/1513/117
f 1425/1513/117 1495/1617/117 1494/1294/117
f 1494/1294/117 1176/1294/1242 1172/1293/1089
f 1319/1427/80 1156/1467/80 1493/1569/80
f 1493/1569/80 1496/1559/80 1333/1449/80
f 1333/1449/80 1496/1559/80 1495/1617/80
f 1425/1513/1203 1424/1512/1279 1306/1461/1204
f 1333/1449/80 1495/1617/80 1425/1513/1203
f 1532/1605/89 1501/1618/89 1502/1619/89
f 1502/1619/89 1503/1620/89 1504/1621/89
f 1504/1621/89 1505/1622/89 1506/1623/89
f 1506/1623/89 1507/1624/89 1508/1625/89
f 1508/1625/89 1509/1626/89 1510/1627/89
f 1510/1627/89 1511/1628/89 1512/1629/89
f 1512/1629/89 1513/1630/89 1514/1631/89
f 1514/1631/89 1515/1632/89 1516/1603/89
f 1516/1603/89 1517/1633/89 1518/1634/89
f 1518/1634/89 1519/1635/89 1520/1636/89
f 1520/1636/89 1521/1637/89 1522/1638/89
f 1522/1638/89 1523/1639/89 1524/1604/89
f 1524/1604/89 1525/1640/89 1526/1641/89
f 1526/1641/89 1527/1642/89 1528/1643/89
f 1528/1643/89 1529/1644/89 1530/1645/89
f 1530/1645/89 1531/1646/89 1532/1605/89
f 1532/1605/89 1502/1619/89 1504/1621/89
f 1504/1621/89 1506/1623/89 1508/1625/89
f 1508/1625/89 1510/1627/89 1512/1629/89
f 1512/1629/89 1514/1631/89 1516/1603/89
f 1516/1603/89 1518/1634/89 1520/1636/89
f 1520/1636/89 1522/1638/89 1524/1604/89
f 1524/1604/89 1526/1641/89 1528/1643/89
f 1528/1643/89 1530/1645/89 1532/1605/89
f 1532/1605/89 1504/1621/89 1508/1625/89
f 1508/1625/89 1512/1629/89 1516/1603/89
f 1516/1603/89 1520/1636/89 1524/1604/89
f 1524/1604/89 1528/1643/89 1532/1605/89
f 1532/1605/89 1508/1625/89 1516/1603/89
