# Blender 4.5.1 LTS
# www.blender.org
o Cone.002
v 0.000000 -3.207139 -1.896016
v 0.625682 -3.145514 -1.896016
v 1.227319 -2.963010 -1.896016
v 1.781790 -2.666638 -1.896016
v 2.267789 -2.267790 -1.896016
v 2.666638 -1.781791 -1.896016
v 2.963009 -1.227319 -1.896016
v 3.145514 -0.625682 -1.896015
v 3.207138 -0.000000 -1.896015
v 3.145514 0.625681 -1.896015
v 2.963009 1.227318 -1.896015
v 2.666638 1.781790 -1.896015
v 2.267789 2.267789 -1.896015
v 1.781790 2.666638 -1.896015
v 1.227319 2.963009 -1.896015
v 0.625682 3.145514 -1.896015
v 0.000000 3.207138 -1.896015
v -0.625682 3.145514 -1.896015
v -1.227319 2.963009 -1.896015
v -1.781790 2.666638 -1.896015
v -2.267789 2.267789 -1.896015
v -2.666638 1.781790 -1.896015
v -2.963009 1.227318 -1.896015
v -3.145514 0.625681 -1.896015
v -3.207138 -0.000000 -1.896015
v -3.145514 -0.625682 -1.896015
v -2.963009 -1.227319 -1.896016
v -2.666638 -1.781791 -1.896016
v -2.267789 -2.267790 -1.896016
v -1.781790 -2.666638 -1.896016
v -1.227319 -2.963010 -1.896016
v -0.625682 -3.145514 -1.896016
v 0.000000 -0.000000 -4.064716
v -0.611682 -0.611682 -2.563592
v -0.611682 0.611682 -2.563592
v 0.611682 -0.611682 -2.563592
v 0.611682 0.611682 -2.563592
v -0.363933 -0.363933 -1.144949
v -0.363933 0.363933 -1.144949
v 0.363933 0.363933 -1.144949
v 0.363933 -0.363933 -1.144949
v -0.611682 -0.000000 -2.563592
v 0.611682 -0.000000 -2.563592
v 0.611682 -0.000000 -1.951910
v -0.611682 -0.000000 -1.951910
v -0.611682 -0.305841 -2.563592
v -0.611682 0.611682 -2.257751
v 0.000000 0.611682 -2.563592
v 0.000000 0.611682 -1.340229
v 0.611682 0.611682 -2.257751
v 0.611682 0.305841 -2.563592
v 0.611682 -0.611682 -2.257751
v 0.000000 -0.611682 -2.563592
v 0.000000 -0.611682 -1.340229
v -0.611682 0.305841 -2.563592
v -0.611682 -0.611682 -2.257751
v 0.611682 -0.305841 -2.563592
v 0.000000 -0.000000 -2.563592
v 0.000000 -0.611682 -1.951910
v 0.611682 -0.305841 -1.951910
v 0.611682 0.305841 -1.951910
v 0.611682 -0.000000 -2.257751
v 0.000000 0.611682 -1.951910
v -0.611682 0.305841 -1.951910
v -0.611682 -0.305841 -1.951910
v -0.611682 -0.000000 -2.257751
v -0.611682 -0.305841 -2.257751
v -0.611682 0.305841 -2.257751
v 0.000000 0.611682 -2.257751
v 0.611682 0.305841 -2.257751
v 0.611682 -0.305841 -2.257751
v 0.000000 -0.611682 -2.257751
v 0.000000 0.305841 -2.563592
v 0.000000 -0.305841 -2.563592
v 0.000000 -0.611682 -1.646070
v 0.000000 0.611682 -1.646070
v -1.371382 -0.000000 -1.340229
v 1.371382 0.234182 -1.340229
v 1.371382 -0.000000 -1.340229
v -1.371382 0.234182 -1.340229
v 1.371382 -0.000000 -1.675142
v -1.371382 -0.000000 -1.675142
v 1.371382 0.234182 -1.675142
v -1.371382 0.234182 -1.675142
v -1.575481 -0.305841 -1.340229
v -1.575481 0.038230 -1.371923
v 1.575481 0.267611 -1.374505
v 1.575481 0.038230 -1.374505
v -1.575481 0.267611 -1.371923
v 1.575481 -0.305841 -1.340229
v 1.575481 0.038230 -1.611794
v -1.575481 0.038230 -1.614375
v -1.575481 -0.305841 -1.646070
v 1.575481 0.267611 -1.611794
v 1.575481 -0.305841 -1.646070
v -1.575481 0.267611 -1.614375
v -1.321968 -1.899006 -1.863087
v -1.523434 -1.899006 -1.895766
v -1.370936 -1.899006 -1.561192
v 1.336443 -1.899006 -1.122045
v 1.385412 -1.899006 -1.423941
v -1.572402 -1.899006 -1.593870
v 1.537910 -1.899006 -1.089367
v 1.586878 -1.899006 -1.391262
v -1.321968 -2.139442 -1.863087
v -1.523434 -2.139442 -1.895766
v -1.370936 -2.139442 -1.561192
v 1.336443 -2.139442 -1.122045
v 1.385412 -2.139442 -1.423941
v -1.572402 -2.139442 -1.593870
v 1.537910 -2.139442 -1.089367
v 1.586878 -2.139442 -1.391262
v 1.288339 -1.899006 -0.825480
v 1.489805 -1.899006 -0.792802
v -1.620506 -1.899006 -1.297305
v -1.419040 -1.899006 -1.264627
v 1.288339 -2.139442 -0.825480
v 1.489805 -2.139442 -0.792802
v -1.620506 -2.139442 -1.297305
v -1.419040 -2.139442 -1.264627
v 1.227317 -1.838896 -0.767957
v 1.529517 -1.838896 -0.718940
v -1.681528 -1.838896 -1.239782
v -1.379329 -1.838896 -1.190765
v 1.227317 -2.199552 -0.767957
v 1.529517 -2.199552 -0.718940
v -1.681528 -2.199552 -1.239782
v -1.379329 -2.199552 -1.190765
v 1.187289 -1.838896 -0.521183
v 1.489489 -1.838896 -0.472165
v 1.187289 -2.199552 -0.521183
v 1.489489 -2.199552 -0.472165
v -1.721556 -1.838896 -0.993008
v -1.419357 -1.838896 -0.943990
v -1.721556 -2.199552 -0.993008
v -1.419357 -2.199552 -0.943990
v -1.750080 -2.139442 -1.622690
v -1.701111 -2.139442 -1.924586
v 1.715587 -2.139442 -1.060547
v 1.764556 -2.139442 -1.362442
v 1.715587 -2.051926 -1.060547
v 1.564640 -1.899006 -1.085031
v 1.682916 -2.018828 -1.065846
v 1.653967 -1.989501 -1.070542
v 1.626260 -1.961431 -1.075036
v 1.597310 -1.932103 -1.079732
v 1.613608 -1.899006 -1.386926
v 1.764556 -2.051926 -1.362442
v 1.646279 -1.932103 -1.381627
v 1.675228 -1.961431 -1.376931
v 1.702936 -1.989501 -1.372437
v 1.731885 -2.018828 -1.367741
v -1.599133 -1.899006 -1.598206
v -1.750080 -2.051926 -1.622690
v -1.631803 -1.932103 -1.603505
v -1.660752 -1.961431 -1.608201
v -1.688460 -1.989501 -1.612695
v -1.717409 -2.018828 -1.617391
v -1.701111 -2.051926 -1.924586
v -1.550164 -1.899006 -1.900101
v -1.668440 -2.018828 -1.919286
v -1.639492 -1.989501 -1.914591
v -1.611784 -1.961431 -1.910096
v -1.582834 -1.932103 -1.905401
v -1.453950 -2.259442 -1.574657
v -1.404982 -2.259442 -1.876552
v -1.631628 -2.259442 -1.603477
v -1.582660 -2.259442 -1.905372
v 1.419458 -2.259442 -1.108580
v 1.468426 -2.259442 -1.410475
v 1.597135 -2.259442 -1.079760
v 1.646104 -2.259442 -1.381655
v -0.611682 -0.342542 -1.340229
v -0.342542 -0.611682 -1.340229
v -0.376591 -0.376591 -1.154926
v -0.553429 -0.400794 -1.340229
v -0.501814 -0.452410 -1.340229
v -0.452410 -0.501814 -1.340229
v -0.400794 -0.553429 -1.340229
v 0.342542 -0.611682 -1.340229
v 0.611682 -0.342542 -1.340229
v 0.376591 -0.376591 -1.154926
v 0.400794 -0.553429 -1.340229
v 0.452410 -0.501814 -1.340229
v 0.501814 -0.452410 -1.340229
v 0.553429 -0.400794 -1.340229
v -0.342542 -0.611682 -1.951910
v -0.611682 -0.342542 -1.951910
v -0.611682 -0.611682 -2.257721
v -0.400794 -0.553429 -1.951910
v -0.452410 -0.501814 -1.951910
v -0.501814 -0.452410 -1.951910
v -0.553429 -0.400794 -1.951910
v 0.611682 -0.342542 -1.951910
v 0.342542 -0.611682 -1.951910
v 0.611682 -0.611682 -2.257721
v 0.553429 -0.400794 -1.951910
v 0.501814 -0.452410 -1.951910
v 0.452410 -0.501814 -1.951910
v 0.400794 -0.553429 -1.951910
v -0.611682 -0.342542 -1.646070
v -0.342542 -0.611682 -1.646070
v -0.553429 -0.400794 -1.646070
v -0.501814 -0.452410 -1.646070
v -0.452410 -0.501814 -1.646070
v -0.400794 -0.553429 -1.646070
v 0.611682 -0.342542 -1.646070
v 0.342542 -0.611682 -1.646070
v 0.553429 -0.400794 -1.646070
v 0.501814 -0.452410 -1.646070
v 0.452410 -0.501814 -1.646070
v 0.400794 -0.553429 -1.646070
v -0.342542 0.611682 -1.340229
v -0.611682 0.342542 -1.340229
v -0.376591 0.376591 -1.154926
v -0.400794 0.553429 -1.340229
v -0.452410 0.501814 -1.340229
v -0.501814 0.452410 -1.340229
v -0.553429 0.400794 -1.340229
v 0.611682 0.342542 -1.340229
v 0.342542 0.611682 -1.340229
v 0.376591 0.376591 -1.154926
v 0.553429 0.400794 -1.340229
v 0.501814 0.452410 -1.340229
v 0.452410 0.501814 -1.340229
v 0.400794 0.553429 -1.340229
v -0.611682 0.342542 -1.951910
v -0.342542 0.611682 -1.951910
v -0.611682 0.611682 -2.257721
v -0.553429 0.400794 -1.951910
v -0.501814 0.452410 -1.951910
v -0.452410 0.501814 -1.951910
v -0.400794 0.553429 -1.951910
v 0.342542 0.611682 -1.951910
v 0.611682 0.342542 -1.951910
v 0.611682 0.611682 -2.257721
v 0.400794 0.553429 -1.951910
v 0.452410 0.501814 -1.951910
v 0.501814 0.452410 -1.951910
v 0.553429 0.400794 -1.951910
v -0.611682 0.342542 -1.646070
v -0.342542 0.611682 -1.646070
v -0.553429 0.400794 -1.646070
v -0.501814 0.452410 -1.646070
v -0.452410 0.501814 -1.646070
v -0.400794 0.553429 -1.646070
v 0.342542 0.611682 -1.646070
v 0.611682 0.342542 -1.646070
v 0.400794 0.553429 -1.646070
v 0.452410 0.501814 -1.646070
v 0.501814 0.452410 -1.646070
v 0.553429 0.400794 -1.646070
v -1.270481 -1.899006 -2.180506
v -1.471947 -1.899006 -2.213185
v 1.638364 -1.899006 -1.708682
v 1.436898 -1.899006 -1.741360
v -1.270481 -2.139442 -2.180506
v -1.471947 -2.139442 -2.213185
v 1.638364 -2.139442 -1.708682
v 1.436898 -2.139442 -1.741360
v -1.226555 -1.899006 -2.117465
v -1.428021 -1.899006 -2.150144
v 1.682291 -1.899006 -1.979492
v 1.480825 -1.899006 -2.012171
v -1.226555 -2.139442 -2.117465
v -1.428021 -2.139442 -2.150144
v 1.682291 -2.139442 -1.979492
v 1.480825 -2.139442 -2.012171
v -1.371382 -0.507696 -1.340229
v -1.371382 -0.020375 -1.340229
v -1.575450 -0.305841 -1.340229
v -1.327693 -0.464007 -1.340229
v -1.288981 -0.425295 -1.340229
v -1.251928 -0.388242 -1.340229
v -1.213216 -0.349530 -1.340229
v -1.371382 -0.507696 -1.671458
v -1.575451 -0.305841 -1.646074
v -1.371382 -0.020375 -1.675142
v -1.213216 -0.349530 -1.674345
v -1.251928 -0.388242 -1.673638
v -1.288981 -0.425295 -1.672962
v -1.327693 -0.464007 -1.672256
v 1.371382 -0.507696 -1.340229
v 1.575450 -0.305841 -1.340229
v 1.371382 -0.020375 -1.340229
v 1.213216 -0.349530 -1.340229
v 1.251928 -0.388242 -1.340229
v 1.288981 -0.425295 -1.340229
v 1.327693 -0.464007 -1.340229
v 1.371382 -0.507696 -1.671458
v 1.371382 -0.020375 -1.675142
v 1.575451 -0.305841 -1.646074
v 1.327693 -0.464007 -1.672256
v 1.288981 -0.425295 -1.672962
v 1.251928 -0.388242 -1.673638
v 1.213216 -0.349530 -1.674345
v -1.213216 -0.349530 -1.340229
v -0.863686 -0.122060 -1.340229
v -1.371355 -0.020389 -1.340229
v -1.137564 -0.300297 -1.340229
v -1.070531 -0.256673 -1.340229
v -1.006371 -0.214918 -1.340229
v -0.939338 -0.171294 -1.340229
v -0.863686 -0.122060 -1.675142
v -1.213216 -0.349530 -1.674345
v -1.371355 -0.020389 -1.675142
v -0.939338 -0.171294 -1.674969
v -1.006371 -0.214918 -1.674817
v -1.070531 -0.256673 -1.674670
v -1.137564 -0.300297 -1.674517
v 0.863686 -0.122060 -1.340229
v 1.213216 -0.349530 -1.340229
v 1.371355 -0.020389 -1.340229
v 0.939338 -0.171294 -1.340229
v 1.006371 -0.214918 -1.340229
v 1.070531 -0.256673 -1.340229
v 1.137564 -0.300297 -1.340229
v 1.213216 -0.349530 -1.674345
v 0.863686 -0.122060 -1.675142
v 1.371355 -0.020389 -1.675142
v 1.137564 -0.300297 -1.674517
v 1.070531 -0.256673 -1.674670
v 1.006371 -0.214918 -1.674817
v 0.939338 -0.171294 -1.674969
v -0.515603 -0.000000 -1.264498
v -0.734018 -0.000000 -1.340229
v -0.562877 -0.000000 -1.280889
v -0.604764 -0.000000 -1.295413
v -0.644857 -0.000000 -1.309314
v -0.686745 -0.000000 -1.323838
v -0.734018 0.234182 -1.340229
v -0.515603 0.234182 -1.264498
v -0.611682 0.234182 -1.513238
v -0.686745 0.234182 -1.323838
v -0.644857 0.234182 -1.309314
v -0.604764 0.234182 -1.295413
v -0.562877 0.234182 -1.280889
v -0.515603 -0.122060 -1.264498
v -0.734018 -0.122060 -1.340229
v -0.611682 -0.122060 -1.513238
v -0.562877 -0.122060 -1.280889
v -0.604764 -0.122060 -1.295413
v -0.644857 -0.122060 -1.309314
v -0.686745 -0.122060 -1.323838
v 0.515603 -0.000000 -1.264498
v 0.734018 -0.000000 -1.340229
v 0.562877 -0.000000 -1.280889
v 0.604764 -0.000000 -1.295413
v 0.644857 -0.000000 -1.309314
v 0.686745 -0.000000 -1.323838
v 0.734018 -0.122060 -1.340229
v 0.515603 -0.122060 -1.264498
v 0.611682 -0.122060 -1.513238
v 0.686745 -0.122060 -1.323838
v 0.644857 -0.122060 -1.309314
v 0.604764 -0.122060 -1.295413
v 0.562877 -0.122060 -1.280889
v 0.515603 0.234182 -1.264498
v 0.734018 0.234182 -1.340229
v 0.611682 0.234182 -1.513238
v 0.562877 0.234182 -1.280889
v 0.604764 0.234182 -1.295413
v 0.644857 0.234182 -1.309314
v 0.686745 0.234182 -1.323838
v 0.642266 -0.000000 -1.675142
v 0.611682 -0.000000 -1.705726
v 0.635646 -0.000000 -1.681762
v 0.629781 -0.000000 -1.687627
v 0.624167 -0.000000 -1.693241
v 0.618301 -0.000000 -1.699107
v 0.642266 0.234182 -1.675142
v 0.611682 0.242101 -1.705726
v 0.611682 0.275957 -1.663934
v 0.611682 0.234182 -1.631890
v 0.635646 0.235896 -1.681762
v 0.629781 0.237415 -1.687627
v 0.624167 0.238868 -1.693241
v 0.618301 0.240387 -1.699107
v 0.611682 -0.142369 -1.705726
v 0.642266 -0.122060 -1.675142
v 0.611682 -0.122060 -1.631890
v 0.611682 -0.164942 -1.669488
v 0.618301 -0.137973 -1.699107
v 0.624167 -0.134079 -1.693241
v 0.629781 -0.130351 -1.687627
v 0.635646 -0.126456 -1.681762
v -0.642266 -0.000000 -1.675142
v -0.611682 -0.000000 -1.705726
v -0.635646 -0.000000 -1.681762
v -0.629781 -0.000000 -1.687627
v -0.624167 -0.000000 -1.693241
v -0.618301 -0.000000 -1.699107
v -0.642266 -0.122060 -1.675142
v -0.611682 -0.142369 -1.705726
v -0.611682 -0.164942 -1.669488
v -0.611682 -0.122060 -1.631890
v -0.635646 -0.126456 -1.681762
v -0.629781 -0.130351 -1.687627
v -0.624167 -0.134079 -1.693241
v -0.618301 -0.137973 -1.699107
v -0.611682 0.242101 -1.705726
v -0.642266 0.234182 -1.675142
v -0.611682 0.234182 -1.631890
v -0.611682 0.275957 -1.663934
v -0.618301 0.240387 -1.699107
v -0.624167 0.238868 -1.693241
v -0.629781 0.237415 -1.687627
v -0.635646 0.235896 -1.681762
v -1.218232 -0.619758 0.607559
v -1.100430 -0.500797 0.523706
v -0.946516 -0.436415 0.414147
v -0.863218 -0.428130 0.354854
v -0.779920 -0.436415 0.295561
v -0.626005 -0.500797 0.186002
v -1.287622 -0.776805 0.645021
v -1.268746 -0.697473 0.620112
v -1.234284 -0.624361 0.585008
v -1.185563 -0.560277 0.541060
v -1.124454 -0.507685 0.489957
v -1.053307 -0.468606 0.433661
v -0.974853 -0.444541 0.374337
v -0.892111 -0.436415 0.314264
v -0.808257 -0.444541 0.255751
v -0.726516 -0.468606 0.201047
v -0.650028 -0.507685 0.152253
v -0.581733 -0.560277 0.111245
v -0.524256 -0.624361 0.079599
v -0.479804 -0.697473 0.058531
v -0.450086 -0.776805 0.048850
v -1.293043 -0.781592 0.637406
v -1.279377 -0.706863 0.605175
v -1.249719 -0.637993 0.563324
v -1.205208 -0.577627 0.513462
v -1.147554 -0.528087 0.457503
v -1.078974 -0.491275 0.397601
v -1.002102 -0.468606 0.336056
v -0.919892 -0.460952 0.275234
v -0.835506 -0.468606 0.217470
v -0.752184 -0.491275 0.164988
v -0.673128 -0.528087 0.119800
v -0.601378 -0.577627 0.083646
v -0.539690 -0.637993 0.057915
v -0.490436 -0.706863 0.043595
v -0.455506 -0.781592 0.041236
v -1.298038 -0.789365 0.630389
v -1.289175 -0.722111 0.591410
v -1.263945 -0.660129 0.543340
v -1.223313 -0.605802 0.488027
v -1.168844 -0.561217 0.427595
v -1.102629 -0.528087 0.364369
v -1.027215 -0.507685 0.300777
v -0.945497 -0.500797 0.239263
v -0.860619 -0.507685 0.182191
v -0.775839 -0.528087 0.131755
v -0.694418 -0.561217 0.089892
v -0.619483 -0.605802 0.058211
v -0.553915 -0.660129 0.037931
v -0.500234 -0.722111 0.029829
v -0.460502 -0.789365 0.034219
v -1.302416 -0.799826 0.624238
v -1.297764 -0.742631 0.579344
v -1.276413 -0.689920 0.525824
v -1.239182 -0.643719 0.465733
v -1.187503 -0.605802 0.401380
v -1.123363 -0.577627 0.335240
v -1.049226 -0.560277 0.269854
v -0.967940 -0.554419 0.207735
v -0.882629 -0.560277 0.151268
v -0.796572 -0.577627 0.102626
v -0.713078 -0.605802 0.063677
v -0.635353 -0.643719 0.035917
v -0.566383 -0.689920 0.020415
v -0.508822 -0.742631 0.017764
v -0.464880 -0.799826 0.028067
v -1.306009 -0.812573 0.619190
v -1.304812 -0.767636 0.569442
v -1.286645 -0.726221 0.511448
v -1.252206 -0.689920 0.447436
v -1.202818 -0.660129 0.379866
v -1.140380 -0.637993 0.311336
v -1.067290 -0.624361 0.244477
v -0.986358 -0.619758 0.181860
v -0.900693 -0.624361 0.125891
v -0.813589 -0.637993 0.078722
v -0.728391 -0.660129 0.042163
v -0.648376 -0.689920 0.017621
v -0.576616 -0.726221 0.006039
v -0.515870 -0.767636 0.007862
v -0.468473 -0.812573 0.023019
v -1.290190 -0.859307 0.658779
v -1.308679 -0.827116 0.615439
v -1.310050 -0.796163 0.562085
v -1.294248 -0.767636 0.500767
v -1.261883 -0.742631 0.433841
v -1.214197 -0.722111 0.363880
v -1.153023 -0.706863 0.293573
v -1.080713 -0.697473 0.225619
v -1.000043 -0.694303 0.162633
v -0.914117 -0.697473 0.107034
v -0.826233 -0.706863 0.060958
v -0.739771 -0.722111 0.026177
v -0.658053 -0.742631 0.004026
v -0.584220 -0.767636 -0.004642
v -0.521108 -0.796163 0.000504
v -0.471143 -0.827116 0.019269
v -1.310323 -0.842896 0.613129
v -1.313274 -0.827116 0.557554
v -1.298930 -0.812573 0.494189
v -1.267843 -0.799826 0.425469
v -1.221204 -0.789365 0.354036
v -1.160809 -0.781592 0.282634
v -1.088978 -0.776805 0.214008
v -1.008471 -0.775189 0.150794
v -0.922382 -0.776805 0.095422
v -0.834019 -0.781592 0.050020
v -0.746779 -0.789365 0.016333
v -0.664012 -0.799826 -0.004345
v -0.588902 -0.812573 -0.011220
v -0.524333 -0.827116 -0.004027
v -0.472787 -0.842896 0.016958
v -1.310879 -0.859307 0.612350
v -1.314363 -0.859307 0.556024
v -1.300512 -0.859307 0.491968
v -1.269854 -0.859307 0.422642
v -1.223571 -0.859307 0.350712
v -1.163438 -0.859307 0.278940
v -1.091769 -0.859307 0.210087
v -1.011317 -0.859307 0.146796
v -0.925173 -0.859307 0.091501
v -0.836648 -0.859307 0.046327
v -0.749145 -0.859307 0.013008
v -0.666024 -0.859307 -0.007173
v -0.590483 -0.859307 -0.013441
v -0.525423 -0.859307 -0.005556
v -0.473342 -0.859307 0.016179
v -1.310323 -0.875718 0.613129
v -1.313274 -0.891498 0.557554
v -1.298930 -0.906041 0.494189
v -1.267843 -0.918787 0.425469
v -1.221204 -0.929249 0.354036
v -1.160809 -0.937022 0.282634
v -1.088978 -0.941809 0.214008
v -1.008471 -0.943425 0.150794
v -0.922382 -0.941809 0.095422
v -0.834019 -0.937022 0.050020
v -0.746779 -0.929249 0.016333
v -0.664012 -0.918787 -0.004345
v -0.588902 -0.906041 -0.011220
v -0.524333 -0.891498 -0.004027
v -0.472787 -0.875718 0.016958
v -1.308679 -0.891498 0.615439
v -1.310050 -0.922451 0.562085
v -1.294248 -0.950978 0.500767
v -1.261883 -0.975982 0.433841
v -1.214197 -0.996503 0.363881
v -1.153023 -1.011751 0.293573
v -1.080713 -1.021140 0.225619
v -1.000043 -1.024311 0.162633
v -0.914116 -1.021140 0.107034
v -0.826233 -1.011751 0.060958
v -0.739771 -0.996503 0.026177
v -0.658053 -0.975982 0.004026
v -0.584220 -0.950978 -0.004642
v -0.521108 -0.922451 0.000505
v -0.471143 -0.891498 0.019269
v -1.306009 -0.906040 0.619190
v -1.304812 -0.950978 0.569442
v -1.286645 -0.992393 0.511448
v -1.252206 -1.028693 0.447436
v -1.202818 -1.058484 0.379867
v -1.140380 -1.080621 0.311336
v -1.067290 -1.094253 0.244477
v -0.986358 -1.098856 0.181860
v -0.900693 -1.094253 0.125892
v -0.813589 -1.080621 0.078722
v -0.728391 -1.058484 0.042163
v -0.648376 -1.028693 0.017621
v -0.576616 -0.992393 0.006039
v -0.515870 -0.950978 0.007862
v -0.468473 -0.906040 0.023020
v -1.302416 -0.918787 0.624238
v -1.297764 -0.975982 0.579344
v -1.276413 -1.028693 0.525824
v -1.239182 -1.074895 0.465733
v -1.187503 -1.112812 0.401380
v -1.123363 -1.140986 0.335240
v -1.049226 -1.158336 0.269854
v -0.967940 -1.164195 0.207735
v -0.882629 -1.158336 0.151268
v -0.796572 -1.140986 0.102627
v -0.713078 -1.112812 0.063677
v -0.635353 -1.074895 0.035917
v -0.566383 -1.028693 0.020415
v -0.508822 -0.975982 0.017764
v -0.464880 -0.918787 0.028068
v -1.298038 -0.929249 0.630389
v -1.289175 -0.996503 0.591410
v -1.263945 -1.058484 0.543340
v -1.223313 -1.112812 0.488027
v -1.168844 -1.157397 0.427595
v -1.102629 -1.190527 0.364369
v -1.027215 -1.210928 0.300777
v -0.945497 -1.217817 0.239264
v -0.860618 -1.210928 0.182192
v -0.775839 -1.190527 0.131755
v -0.694418 -1.157397 0.089892
v -0.619483 -1.112812 0.058211
v -0.553915 -1.058484 0.037931
v -0.500234 -0.996503 0.029829
v -0.460502 -0.929249 0.034219
v -1.293043 -0.937022 0.637406
v -1.279377 -1.011751 0.605175
v -1.249719 -1.080621 0.563324
v -1.205208 -1.140986 0.513462
v -1.147555 -1.190527 0.457505
v -1.078974 -1.227339 0.397602
v -1.002102 -1.250008 0.336056
v -0.919892 -1.257662 0.275234
v -0.835506 -1.250008 0.217470
v -0.752184 -1.227339 0.164988
v -0.673128 -1.190527 0.119800
v -0.601378 -1.140986 0.083646
v -0.539690 -1.080621 0.057915
v -0.490436 -1.011751 0.043595
v -0.455506 -0.937022 0.041236
v -1.287622 -0.941809 0.645021
v -1.268746 -1.021140 0.620112
v -1.234284 -1.094253 0.585008
v -1.185563 -1.158336 0.541060
v -1.124454 -1.210928 0.489957
v -1.053307 -1.250008 0.433661
v -0.974853 -1.274072 0.374337
v -0.892110 -1.282198 0.314265
v -0.808257 -1.274072 0.255752
v -0.726516 -1.250008 0.201047
v -0.650028 -1.210928 0.152253
v -0.581733 -1.158336 0.111245
v -0.524256 -1.094253 0.079599
v -0.479804 -1.021140 0.058531
v -0.450086 -0.941809 0.048850
v -1.281986 -0.943425 0.652939
v -1.257688 -1.024311 0.635644
v -1.218232 -1.098855 0.607559
v -1.165133 -1.164195 0.569762
v -1.100430 -1.217817 0.523706
v -1.026613 -1.257662 0.471161
v -0.946516 -1.282198 0.414147
v -0.863217 -1.290483 0.354854
v -0.779920 -1.282198 0.295561
v -0.699822 -1.257662 0.238547
v -0.626005 -1.217817 0.186002
v -0.561303 -1.164195 0.139946
v -0.508203 -1.098855 0.102149
v -0.468747 -1.024311 0.074064
v -0.444450 -0.943425 0.056769
v -1.276350 -0.941809 0.660859
v -1.246632 -1.021140 0.651178
v -1.202180 -1.094253 0.630110
v -1.144702 -1.158336 0.598463
v -1.076408 -1.210928 0.557455
v -0.999920 -1.250008 0.508662
v -0.918178 -1.274072 0.453957
v -0.834325 -1.282198 0.395445
v -0.751582 -1.274072 0.335371
v -0.673129 -1.250008 0.276047
v -0.601981 -1.210928 0.219752
v -0.540872 -1.158336 0.168648
v -0.492152 -1.094253 0.124700
v -0.457690 -1.021140 0.089597
v -0.438813 -0.941809 0.064687
v -1.270929 -0.937022 0.668473
v -1.236000 -1.011751 0.666114
v -1.186745 -1.080621 0.651793
v -1.125058 -1.140986 0.626061
v -1.053308 -1.190527 0.589908
v -0.974252 -1.227339 0.544721
v -0.890930 -1.250007 0.492237
v -0.806543 -1.257662 0.434475
v -0.724334 -1.250007 0.373651
v -0.647462 -1.227339 0.312107
v -0.578881 -1.190527 0.252204
v -0.521228 -1.140986 0.196247
v -0.476716 -1.080621 0.146384
v -0.447059 -1.011751 0.104533
v -0.433393 -0.937022 0.072302
v -1.265934 -0.929249 0.675490
v -1.226201 -0.996503 0.679879
v -1.172520 -1.058484 0.671777
v -1.106952 -1.112812 0.651496
v -1.032018 -1.157397 0.619816
v -0.950597 -1.190527 0.577954
v -0.865818 -1.210928 0.527517
v -0.780939 -1.217817 0.470445
v -0.699221 -1.210928 0.408932
v -0.623807 -1.190527 0.345339
v -0.557592 -1.157397 0.282112
v -0.503123 -1.112812 0.221682
v -0.462492 -1.058484 0.166369
v -0.437260 -0.996503 0.118298
v -0.428398 -0.929249 0.079320
v -1.261555 -0.918787 0.681641
v -1.217613 -0.975982 0.691945
v -1.160052 -1.028693 0.689293
v -1.091083 -1.074895 0.673791
v -1.013358 -1.112812 0.646031
v -0.929863 -1.140986 0.607081
v -0.843807 -1.158336 0.558439
v -0.758496 -1.164194 0.501973
v -0.677210 -1.158336 0.439854
v -0.603072 -1.140986 0.374468
v -0.538932 -1.112812 0.308327
v -0.487253 -1.074895 0.243976
v -0.450023 -1.028693 0.183885
v -0.428671 -0.975982 0.130365
v -0.424019 -0.918787 0.085471
v -0.436245 -0.859307 0.050929
v -1.257962 -0.906040 0.686689
v -1.210565 -0.950978 0.701846
v -1.149820 -0.992393 0.703669
v -1.078060 -1.028693 0.692087
v -0.998044 -1.058484 0.667545
v -0.912847 -1.080621 0.630987
v -0.825742 -1.094253 0.583817
v -0.740078 -1.098855 0.527848
v -0.659146 -1.094253 0.465231
v -0.586056 -1.080621 0.398372
v -0.523618 -1.058484 0.329841
v -0.474230 -1.028693 0.262271
v -0.439791 -0.992393 0.198260
v -0.421623 -0.950978 0.140266
v -0.420426 -0.906040 0.090519
v -1.255292 -0.891498 0.690440
v -1.205328 -0.922451 0.709204
v -1.142216 -0.950978 0.714351
v -1.068383 -0.975982 0.705682
v -0.986664 -0.996503 0.683532
v -0.900202 -1.011751 0.648750
v -0.812320 -1.021140 0.602674
v -0.726392 -1.024311 0.547074
v -0.645723 -1.021140 0.484088
v -0.573412 -1.011751 0.416136
v -0.512239 -0.996503 0.345828
v -0.464553 -0.975982 0.275867
v -0.432188 -0.950978 0.208942
v -0.416386 -0.922451 0.147624
v -0.417756 -0.891498 0.094270
v -1.253648 -0.875718 0.692749
v -1.202103 -0.891498 0.713735
v -1.137534 -0.906040 0.720928
v -1.062424 -0.918787 0.714054
v -0.979658 -0.929249 0.693376
v -0.892416 -0.937022 0.659688
v -0.804054 -0.941809 0.614287
v -0.717965 -0.943425 0.558915
v -0.637457 -0.941809 0.495701
v -0.565626 -0.937022 0.427074
v -0.505231 -0.929249 0.355673
v -0.458593 -0.918787 0.284239
v -0.427505 -0.906040 0.215520
v -0.413161 -0.891498 0.152154
v -0.416112 -0.875718 0.096579
v -1.253093 -0.859307 0.693530
v -1.201014 -0.859307 0.715265
v -1.135953 -0.859307 0.723150
v -1.060411 -0.859307 0.716881
v -0.977291 -0.859307 0.696699
v -0.889787 -0.859307 0.663382
v -0.801263 -0.859307 0.618208
v -0.715119 -0.859307 0.562913
v -0.634667 -0.859307 0.499622
v -0.562997 -0.859307 0.430767
v -0.502865 -0.859307 0.358996
v -0.456581 -0.859307 0.287065
v -0.425924 -0.859307 0.217741
v -0.412072 -0.859307 0.153684
v -0.415557 -0.859307 0.097359
v -1.253648 -0.842896 0.692749
v -1.202103 -0.827116 0.713735
v -1.137534 -0.812573 0.720928
v -1.062424 -0.799826 0.714054
v -0.979658 -0.789365 0.693376
v -0.892416 -0.781592 0.659688
v -0.804053 -0.776805 0.614286
v -0.717965 -0.775188 0.558914
v -0.637457 -0.776805 0.495701
v -0.565626 -0.781592 0.427074
v -0.505231 -0.789365 0.355673
v -0.458593 -0.799826 0.284239
v -0.427505 -0.812573 0.215520
v -0.413161 -0.827116 0.152154
v -0.416112 -0.842896 0.096579
v -1.255292 -0.827116 0.690440
v -1.205328 -0.796163 0.709204
v -1.142216 -0.767636 0.714350
v -1.068383 -0.742631 0.705682
v -0.986664 -0.722111 0.683532
v -0.900202 -0.706863 0.648750
v -0.812320 -0.697473 0.602674
v -0.726392 -0.694303 0.547074
v -0.645723 -0.697473 0.484088
v -0.573412 -0.706863 0.416136
v -0.512239 -0.722111 0.345828
v -0.464553 -0.742631 0.275867
v -0.432188 -0.767636 0.208942
v -0.416386 -0.796163 0.147624
v -0.417756 -0.827116 0.094270
v -1.257962 -0.812573 0.686689
v -1.210565 -0.767636 0.701846
v -1.149820 -0.726221 0.703669
v -1.078060 -0.689920 0.692087
v -0.998044 -0.660129 0.667545
v -0.912847 -0.637993 0.630987
v -0.825742 -0.624361 0.583817
v -0.740079 -0.619758 0.527848
v -0.659146 -0.624361 0.465231
v -0.586056 -0.637993 0.398372
v -0.523618 -0.660129 0.329841
v -0.474230 -0.689920 0.262271
v -0.439790 -0.726221 0.198259
v -0.421623 -0.767636 0.140266
v -0.420426 -0.812573 0.090519
v -1.261555 -0.799826 0.681641
v -1.217613 -0.742631 0.691944
v -1.160052 -0.689920 0.689293
v -1.091083 -0.643719 0.673791
v -1.013358 -0.605802 0.646031
v -0.929863 -0.577627 0.607081
v -0.843807 -0.560278 0.558439
v -0.758496 -0.554419 0.501973
v -0.677210 -0.560278 0.439854
v -0.603072 -0.577627 0.374468
v -0.538932 -0.605802 0.308327
v -0.487253 -0.643719 0.243976
v -0.450023 -0.689920 0.183885
v -0.428671 -0.742631 0.130365
v -0.424019 -0.799826 0.085471
v -1.265934 -0.789365 0.675490
v -1.226201 -0.722111 0.679879
v -1.172520 -0.660129 0.671777
v -1.106952 -0.605802 0.651496
v -1.032018 -0.561217 0.619816
v -0.950597 -0.528087 0.577953
v -0.865818 -0.507686 0.527516
v -0.780939 -0.500797 0.470445
v -0.699221 -0.507686 0.408931
v -0.623807 -0.528087 0.345339
v -0.557592 -0.561217 0.282112
v -0.503123 -0.605802 0.221682
v -0.462492 -0.660129 0.166369
v -0.437260 -0.722111 0.118298
v -0.428398 -0.789365 0.079320
v -1.270929 -0.781592 0.668473
v -1.236000 -0.706863 0.666114
v -1.186745 -0.637993 0.651793
v -1.125058 -0.577627 0.626061
v -1.053308 -0.528087 0.589908
v -0.974252 -0.491275 0.544721
v -0.890930 -0.468606 0.492237
v -0.806543 -0.460952 0.434474
v -0.724334 -0.468606 0.373651
v -0.647462 -0.491275 0.312106
v -0.578881 -0.528087 0.252204
v -0.521228 -0.577627 0.196247
v -0.476716 -0.637993 0.146384
v -0.447059 -0.706863 0.104533
v -0.433393 -0.781592 0.072302
v -1.276350 -0.776805 0.660859
v -1.246632 -0.697473 0.651178
v -1.202180 -0.624361 0.630110
v -1.144702 -0.560278 0.598463
v -1.076408 -0.507686 0.557455
v -0.999920 -0.468606 0.508662
v -0.918178 -0.444541 0.453957
v -0.834326 -0.436416 0.395444
v -0.751582 -0.444541 0.335371
v -0.673129 -0.468606 0.276047
v -0.601981 -0.507686 0.219752
v -0.540872 -0.560278 0.168648
v -0.492152 -0.624361 0.124700
v -0.457690 -0.697473 0.089597
v -0.438813 -0.776805 0.064687
v -1.281986 -0.775189 0.652939
v -1.257688 -0.694303 0.635644
v -1.165133 -0.554419 0.569762
v -1.026613 -0.460952 0.471161
v -0.699822 -0.460952 0.238547
v -0.561303 -0.554419 0.139946
v -0.508203 -0.619758 0.102149
v -0.468747 -0.694303 0.074064
v -0.444450 -0.775189 0.056769
v 0.658069 -0.619758 0.941054
v 0.576379 -0.500797 0.821743
v 0.469644 -0.436415 0.665856
v 0.411880 -0.428130 0.581491
v 0.354116 -0.436415 0.497125
v 0.247381 -0.500797 0.341239
v 0.710300 -0.776805 1.000133
v 0.701163 -0.697473 0.970245
v 0.680909 -0.624361 0.925416
v 0.650316 -0.560277 0.867371
v 0.610560 -0.507685 0.798340
v 0.563169 -0.468606 0.720975
v 0.509964 -0.444541 0.638249
v 0.452990 -0.436415 0.553344
v 0.394436 -0.444541 0.469518
v 0.336552 -0.468606 0.389998
v 0.281563 -0.507685 0.317835
v 0.231582 -0.560277 0.255804
v 0.188530 -0.624361 0.206290
v 0.154061 -0.697473 0.171195
v 0.129500 -0.776805 0.151866
v 0.718013 -0.781592 0.994853
v 0.716291 -0.706863 0.959886
v 0.702871 -0.637993 0.910379
v 0.678269 -0.577627 0.848233
v 0.643428 -0.528087 0.775835
v 0.599691 -0.491275 0.695969
v 0.548735 -0.468606 0.611704
v 0.492521 -0.460952 0.526278
v 0.433207 -0.468606 0.442973
v 0.373073 -0.491275 0.364992
v 0.314432 -0.528087 0.295330
v 0.259534 -0.577627 0.236666
v 0.210492 -0.637993 0.191253
v 0.169189 -0.706863 0.160837
v 0.137212 -0.781592 0.146586
v 0.725120 -0.789365 0.989987
v 0.730233 -0.722111 0.950341
v 0.723111 -0.660129 0.896521
v 0.704029 -0.605802 0.830594
v 0.673720 -0.561217 0.755094
v 0.633349 -0.528087 0.672924
v 0.584466 -0.507685 0.587239
v 0.528952 -0.500797 0.501333
v 0.468938 -0.507685 0.418508
v 0.406731 -0.528087 0.341946
v 0.344723 -0.561217 0.274590
v 0.285295 -0.605802 0.219028
v 0.230732 -0.660129 0.177395
v 0.183130 -0.722111 0.151291
v 0.144319 -0.789365 0.141720
v 0.731349 -0.799826 0.985721
v 0.742452 -0.742631 0.941974
v 0.740851 -0.689920 0.884374
v 0.726609 -0.643719 0.815134
v 0.700271 -0.605802 0.736915
v 0.662850 -0.577627 0.652723
v 0.615785 -0.560277 0.565795
v 0.560884 -0.554419 0.479469
v 0.500257 -0.560277 0.397064
v 0.436234 -0.577627 0.321747
v 0.371274 -0.605802 0.256411
v 0.307875 -0.643719 0.203567
v 0.248472 -0.689920 0.165248
v 0.195350 -0.742631 0.142924
v 0.150549 -0.799826 0.137454
v 0.736462 -0.812573 0.982221
v 0.752481 -0.767636 0.935107
v 0.755411 -0.726221 0.874405
v 0.745139 -0.689920 0.802446
v 0.722060 -0.660129 0.721996
v 0.687062 -0.637993 0.636147
v 0.641488 -0.624361 0.548197
v 0.587090 -0.619758 0.461526
v 0.525959 -0.624361 0.379466
v 0.460444 -0.637993 0.305170
v 0.393064 -0.660129 0.241492
v 0.326405 -0.689920 0.190879
v 0.263032 -0.726221 0.155279
v 0.205379 -0.767636 0.136057
v 0.155662 -0.812573 0.133953
v 0.707969 -0.859307 1.013934
v 0.740261 -0.827116 0.979620
v 0.759933 -0.796163 0.930006
v 0.766230 -0.767636 0.866998
v 0.758908 -0.742631 0.793018
v 0.738251 -0.722111 0.710910
v 0.705052 -0.706863 0.623829
v 0.660587 -0.697473 0.535120
v 0.606563 -0.694303 0.448193
v 0.545059 -0.697473 0.366389
v 0.478436 -0.706863 0.292851
v 0.409255 -0.722111 0.230406
v 0.340175 -0.742631 0.181452
v 0.273851 -0.767636 0.147872
v 0.212831 -0.796163 0.130956
v 0.159460 -0.827116 0.131353
v 0.742600 -0.842896 0.978017
v 0.764522 -0.827116 0.926863
v 0.772892 -0.812573 0.862437
v 0.767388 -0.799826 0.787213
v 0.748222 -0.789365 0.704084
v 0.716131 -0.781592 0.616244
v 0.672347 -0.776805 0.527067
v 0.618555 -0.775189 0.439983
v 0.556819 -0.776805 0.358337
v 0.489514 -0.781592 0.285266
v 0.419225 -0.789365 0.223579
v 0.348654 -0.799826 0.175647
v 0.280513 -0.812573 0.143310
v 0.217420 -0.827116 0.127813
v 0.161800 -0.842896 0.129750
v 0.743390 -0.859307 0.977477
v 0.766072 -0.859307 0.925802
v 0.775141 -0.859307 0.860897
v 0.770251 -0.859307 0.785253
v 0.751589 -0.859307 0.701779
v 0.719872 -0.859307 0.613682
v 0.676319 -0.859307 0.524348
v 0.622604 -0.859307 0.437211
v 0.560790 -0.859307 0.355618
v 0.493255 -0.859307 0.282705
v 0.422592 -0.859307 0.221274
v 0.351518 -0.859307 0.173686
v 0.282762 -0.859307 0.141770
v 0.218970 -0.859307 0.126753
v 0.162590 -0.859307 0.129210
v 0.742600 -0.875718 0.978017
v 0.764522 -0.891498 0.926863
v 0.772892 -0.906041 0.862437
v 0.767388 -0.918787 0.787213
v 0.748222 -0.929249 0.704084
v 0.716131 -0.937022 0.616244
v 0.672347 -0.941809 0.527067
v 0.618555 -0.943425 0.439983
v 0.556819 -0.941809 0.358337
v 0.489514 -0.937022 0.285266
v 0.419225 -0.929249 0.223579
v 0.348654 -0.918787 0.175647
v 0.280513 -0.906041 0.143310
v 0.217420 -0.891498 0.127813
v 0.161800 -0.875718 0.129750
v 0.740261 -0.891498 0.979620
v 0.759933 -0.922451 0.930006
v 0.766230 -0.950978 0.866998
v 0.758908 -0.975982 0.793018
v 0.738251 -0.996503 0.710910
v 0.705052 -1.011751 0.623829
v 0.660587 -1.021140 0.535120
v 0.606563 -1.024311 0.448193
v 0.545059 -1.021140 0.366389
v 0.478436 -1.011751 0.292851
v 0.409255 -0.996503 0.230406
v 0.340175 -0.975982 0.181452
v 0.273851 -0.950978 0.147872
v 0.212831 -0.922451 0.130956
v 0.159460 -0.891498 0.131353
v 0.736462 -0.906040 0.982221
v 0.752481 -0.950978 0.935107
v 0.755411 -0.992393 0.874405
v 0.745139 -1.028693 0.802446
v 0.722060 -1.058484 0.721996
v 0.687062 -1.080621 0.636147
v 0.641488 -1.094253 0.548197
v 0.587090 -1.098856 0.461526
v 0.525959 -1.094253 0.379466
v 0.460444 -1.080621 0.305170
v 0.393064 -1.058484 0.241492
v 0.326405 -1.028693 0.190879
v 0.263032 -0.992393 0.155279
v 0.205379 -0.950978 0.136057
v 0.155661 -0.906040 0.133954
v 0.731349 -0.918787 0.985721
v 0.742452 -0.975982 0.941974
v 0.740851 -1.028693 0.884374
v 0.726609 -1.074895 0.815134
v 0.700271 -1.112812 0.736915
v 0.662850 -1.140986 0.652723
v 0.615785 -1.158336 0.565795
v 0.560884 -1.164195 0.479469
v 0.500257 -1.158336 0.397064
v 0.436234 -1.140986 0.321747
v 0.371274 -1.112812 0.256411
v 0.307875 -1.074895 0.203568
v 0.248472 -1.028693 0.165248
v 0.195350 -0.975982 0.142924
v 0.150549 -0.918787 0.137454
v 0.725120 -0.929249 0.989987
v 0.730233 -0.996503 0.950341
v 0.723111 -1.058484 0.896521
v 0.704029 -1.112812 0.830594
v 0.673720 -1.157397 0.755094
v 0.633349 -1.190527 0.672924
v 0.584466 -1.210928 0.587239
v 0.528952 -1.217817 0.501333
v 0.468938 -1.210928 0.418508
v 0.406731 -1.190527 0.341947
v 0.344723 -1.157397 0.274590
v 0.285295 -1.112812 0.219028
v 0.230732 -1.058484 0.177395
v 0.183130 -0.996503 0.151291
v 0.144319 -0.929249 0.141720
v 0.718013 -0.937022 0.994853
v 0.716291 -1.011751 0.959886
v 0.702871 -1.080621 0.910379
v 0.678269 -1.140986 0.848233
v 0.643428 -1.190527 0.775836
v 0.599691 -1.227339 0.695969
v 0.548735 -1.250008 0.611704
v 0.492521 -1.257662 0.526278
v 0.433207 -1.250008 0.442973
v 0.373073 -1.227339 0.364992
v 0.314431 -1.190527 0.295330
v 0.259534 -1.140986 0.236666
v 0.210492 -1.080621 0.191253
v 0.169189 -1.011751 0.160837
v 0.137212 -0.937022 0.146586
v 0.710300 -0.941809 1.000133
v 0.701163 -1.021140 0.970245
v 0.680909 -1.094253 0.925416
v 0.650316 -1.158336 0.867371
v 0.610560 -1.210928 0.798340
v 0.563169 -1.250008 0.720975
v 0.509964 -1.274072 0.638249
v 0.452990 -1.282198 0.553344
v 0.394436 -1.274072 0.469519
v 0.336552 -1.250008 0.389998
v 0.281563 -1.210928 0.317835
v 0.231582 -1.158336 0.255805
v 0.188530 -1.094253 0.206290
v 0.154061 -1.021140 0.171195
v 0.129500 -0.941809 0.151866
v 0.702280 -0.943425 1.005624
v 0.685431 -1.024311 0.981016
v 0.658069 -1.098855 0.941054
v 0.621246 -1.164195 0.887274
v 0.576379 -1.217817 0.821743
v 0.525188 -1.257662 0.746979
v 0.469644 -1.282198 0.665856
v 0.411880 -1.290483 0.581491
v 0.354116 -1.282198 0.497125
v 0.298571 -1.257662 0.416002
v 0.247381 -1.217817 0.341239
v 0.202513 -1.164195 0.275708
v 0.165690 -1.098855 0.221928
v 0.138329 -1.024311 0.181966
v 0.121479 -0.943425 0.157358
v 0.694260 -0.941809 1.011117
v 0.669698 -1.021140 0.991788
v 0.635229 -1.094253 0.956693
v 0.592178 -1.158336 0.907178
v 0.542197 -1.210928 0.845148
v 0.487207 -1.250008 0.772985
v 0.429323 -1.274072 0.693463
v 0.370770 -1.282198 0.609639
v 0.313795 -1.274072 0.524733
v 0.260591 -1.250008 0.442007
v 0.213199 -1.210928 0.364643
v 0.173443 -1.158336 0.295611
v 0.142851 -1.094253 0.237566
v 0.122596 -1.021140 0.192738
v 0.113460 -0.941809 0.162849
v 0.686548 -0.937022 1.016397
v 0.654571 -1.011751 1.002146
v 0.613268 -1.080621 0.971729
v 0.564225 -1.140986 0.926316
v 0.509328 -1.190527 0.867652
v 0.450686 -1.227339 0.797991
v 0.390553 -1.250007 0.720009
v 0.331239 -1.257662 0.636705
v 0.275024 -1.250007 0.551278
v 0.224069 -1.227339 0.467014
v 0.180331 -1.190527 0.387147
v 0.145491 -1.140986 0.314750
v 0.120889 -1.080621 0.252603
v 0.107469 -1.011751 0.203096
v 0.105748 -0.937022 0.168130
v 0.679441 -0.929249 1.021263
v 0.640630 -0.996503 1.011691
v 0.593027 -1.058484 0.985587
v 0.538464 -1.112812 0.943954
v 0.479036 -1.157397 0.888392
v 0.417027 -1.190527 0.821036
v 0.354822 -1.210928 0.744475
v 0.294808 -1.217817 0.661650
v 0.239294 -1.210928 0.575744
v 0.190411 -1.190527 0.490058
v 0.150040 -1.157397 0.407888
v 0.119730 -1.112812 0.332388
v 0.100649 -1.058484 0.266462
v 0.093528 -0.996503 0.212641
v 0.098640 -0.929249 0.172996
v 0.673211 -0.918787 1.025529
v 0.628409 -0.975982 1.020059
v 0.575287 -1.028693 0.997734
v 0.515885 -1.074895 0.959414
v 0.452486 -1.112812 0.906571
v 0.387527 -1.140986 0.841235
v 0.323503 -1.158336 0.765918
v 0.262875 -1.164194 0.683513
v 0.207975 -1.158336 0.597187
v 0.160909 -1.140986 0.510258
v 0.123489 -1.112812 0.426067
v 0.097150 -1.074895 0.347849
v 0.082908 -1.028693 0.278609
v 0.081308 -0.975982 0.221009
v 0.092411 -0.918787 0.177262
v 0.115791 -0.859307 0.149049
v 0.668098 -0.906040 1.029029
v 0.618381 -0.950978 1.026925
v 0.560728 -0.992393 1.007703
v 0.497354 -1.028693 0.972102
v 0.430696 -1.058484 0.921490
v 0.363315 -1.080621 0.857813
v 0.297800 -1.094253 0.783517
v 0.236670 -1.098855 0.701456
v 0.182271 -1.094253 0.614786
v 0.136698 -1.080621 0.526835
v 0.101699 -1.058484 0.440986
v 0.078620 -1.028693 0.360536
v 0.068348 -0.992393 0.288578
v 0.071278 -0.950978 0.227875
v 0.087297 -0.906040 0.180762
v 0.664299 -0.891498 1.031630
v 0.610929 -0.922451 1.032027
v 0.549908 -0.950978 1.015111
v 0.483584 -0.975982 0.981530
v 0.414505 -0.996503 0.932577
v 0.345325 -1.011751 0.870131
v 0.278701 -1.021140 0.796593
v 0.217196 -1.024311 0.714789
v 0.163173 -1.021140 0.627862
v 0.118707 -1.011751 0.539154
v 0.085508 -0.996503 0.452072
v 0.064851 -0.975982 0.369963
v 0.057530 -0.950978 0.295985
v 0.063826 -0.922451 0.232977
v 0.083498 -0.891498 0.183363
v 0.661959 -0.875718 1.033231
v 0.606340 -0.891498 1.035169
v 0.543246 -0.906040 1.019672
v 0.475106 -0.918787 0.987336
v 0.404535 -0.929249 0.939404
v 0.334245 -0.937022 0.877716
v 0.266941 -0.941809 0.804646
v 0.205205 -0.943425 0.723000
v 0.151412 -0.941809 0.635915
v 0.107629 -0.937022 0.546739
v 0.075537 -0.929249 0.458899
v 0.056372 -0.918787 0.375769
v 0.050868 -0.906040 0.300546
v 0.059238 -0.891498 0.236119
v 0.081159 -0.875718 0.184965
v 0.661170 -0.859307 1.033772
v 0.604790 -0.859307 1.036230
v 0.540997 -0.859307 1.021213
v 0.472242 -0.859307 0.989296
v 0.401167 -0.859307 0.941708
v 0.330505 -0.859307 0.880278
v 0.262969 -0.859307 0.807365
v 0.201156 -0.859307 0.725772
v 0.147440 -0.859307 0.638634
v 0.103888 -0.859307 0.549300
v 0.072171 -0.859307 0.461203
v 0.053509 -0.859307 0.377729
v 0.048619 -0.859307 0.302086
v 0.057688 -0.859307 0.237180
v 0.080369 -0.859307 0.185506
v 0.661959 -0.842896 1.033231
v 0.606340 -0.827116 1.035169
v 0.543246 -0.812573 1.019672
v 0.475106 -0.799826 0.987336
v 0.404535 -0.789365 0.939404
v 0.334245 -0.781592 0.877716
v 0.266941 -0.776805 0.804645
v 0.205205 -0.775188 0.722999
v 0.151412 -0.776805 0.635915
v 0.107629 -0.781592 0.546739
v 0.075537 -0.789365 0.458899
v 0.056372 -0.799826 0.375769
v 0.050868 -0.812573 0.300546
v 0.059238 -0.827116 0.236119
v 0.081159 -0.842896 0.184965
v 0.664299 -0.827116 1.031630
v 0.610929 -0.796163 1.032027
v 0.549909 -0.767636 1.015110
v 0.483584 -0.742631 0.981530
v 0.414505 -0.722111 0.932577
v 0.345325 -0.706863 0.870131
v 0.278701 -0.697473 0.796593
v 0.217196 -0.694303 0.714789
v 0.163173 -0.697473 0.627862
v 0.118707 -0.706863 0.539154
v 0.085508 -0.722111 0.452072
v 0.064851 -0.742631 0.369963
v 0.057530 -0.767636 0.295985
v 0.063826 -0.796163 0.232977
v 0.083498 -0.827116 0.183363
v 0.668099 -0.812573 1.029029
v 0.618381 -0.767636 1.026925
v 0.560728 -0.726221 1.007703
v 0.497354 -0.689920 0.972102
v 0.430696 -0.660129 0.921490
v 0.363315 -0.637993 0.857813
v 0.297801 -0.624361 0.783517
v 0.236670 -0.619758 0.701456
v 0.182271 -0.624361 0.614786
v 0.136698 -0.637993 0.526835
v 0.101699 -0.660129 0.440986
v 0.078620 -0.689920 0.360536
v 0.068348 -0.726221 0.288577
v 0.071278 -0.767636 0.227875
v 0.087298 -0.812573 0.180762
v 0.673211 -0.799826 1.025529
v 0.628409 -0.742631 1.020058
v 0.575287 -0.689920 0.997734
v 0.515885 -0.643719 0.959414
v 0.452486 -0.605802 0.906571
v 0.387527 -0.577627 0.841235
v 0.323503 -0.560278 0.765918
v 0.262876 -0.554419 0.683513
v 0.207975 -0.560278 0.597187
v 0.160909 -0.577627 0.510258
v 0.123489 -0.605802 0.426067
v 0.097151 -0.643719 0.347849
v 0.082908 -0.689920 0.278609
v 0.081308 -0.742631 0.221009
v 0.092411 -0.799826 0.177262
v 0.679441 -0.789365 1.021263
v 0.640630 -0.722111 1.011691
v 0.593027 -0.660129 0.985587
v 0.538464 -0.605802 0.943954
v 0.479036 -0.561217 0.888392
v 0.417027 -0.528087 0.821036
v 0.354822 -0.507686 0.744474
v 0.294808 -0.500797 0.661650
v 0.239294 -0.507686 0.575744
v 0.190411 -0.528087 0.490058
v 0.150040 -0.561217 0.407887
v 0.119730 -0.605802 0.332388
v 0.100649 -0.660129 0.266462
v 0.093528 -0.722111 0.212641
v 0.098640 -0.789365 0.172996
v 0.686548 -0.781592 1.016396
v 0.654571 -0.706863 1.002146
v 0.613268 -0.637993 0.971729
v 0.564225 -0.577627 0.926316
v 0.509328 -0.528087 0.867652
v 0.450686 -0.491275 0.797991
v 0.390553 -0.468606 0.720009
v 0.331239 -0.460952 0.636705
v 0.275024 -0.468606 0.551278
v 0.224069 -0.491275 0.467013
v 0.180331 -0.528087 0.387147
v 0.145491 -0.577627 0.314750
v 0.120890 -0.637993 0.252603
v 0.107469 -0.706863 0.203095
v 0.105748 -0.781592 0.168130
v 0.694260 -0.776805 1.011117
v 0.669698 -0.697473 0.991788
v 0.635229 -0.624361 0.956693
v 0.592178 -0.560278 0.907178
v 0.542197 -0.507686 0.845148
v 0.487207 -0.468606 0.772985
v 0.429323 -0.444541 0.693463
v 0.370770 -0.436416 0.609639
v 0.313795 -0.444541 0.524732
v 0.260591 -0.468606 0.442007
v 0.213199 -0.507686 0.364643
v 0.173444 -0.560278 0.295612
v 0.142851 -0.624361 0.237566
v 0.122596 -0.697473 0.192738
v 0.113460 -0.776805 0.162849
v 0.702280 -0.775189 1.005624
v 0.685431 -0.694303 0.981016
v 0.621246 -0.554419 0.887274
v 0.525188 -0.460952 0.746979
v 0.298572 -0.460952 0.416003
v 0.202513 -0.554419 0.275707
v 0.165691 -0.619758 0.221928
v 0.138329 -0.694303 0.181966
v 0.121479 -0.775189 0.157358
v 0.651764 0.957418 0.931663
v 0.213087 0.634884 -0.501889
v 0.651764 -0.957418 0.931663
v -1.233523 0.957418 0.596570
v -0.327719 0.634884 -0.598013
v -1.233523 -0.957418 0.596570
v -0.700352 -0.000000 -0.481501
v -0.074793 0.709786 -0.451622
v 0.601785 0.769826 0.140888
v -0.914108 -0.769826 -0.128548
v 0.601785 -0.769826 0.140888
v -0.914108 0.769826 -0.128548
v -0.290880 -0.957418 0.764116
v 0.651764 0.000000 0.931663
v -0.021443 -0.769826 -0.751777
v -1.233523 0.000000 0.596570
v -0.290879 0.957418 0.764116
v 0.522748 -0.000000 -0.264106
v -0.156161 0.769826 0.006170
v 0.601785 0.000000 0.140888
v -0.021443 -0.000000 -0.751777
v -0.914108 -0.000000 -0.128548
v -0.156161 -0.769826 0.006170
v -0.623583 -0.577370 -0.663329
v -0.368149 0.710975 1.198845
v -0.368149 -0.710975 1.198845
v -0.981467 -0.769826 0.250425
v 0.482176 -0.615861 -0.505885
v -0.718150 0.710975 1.136635
v -0.762201 -0.957418 0.680343
v 0.651764 -0.478709 0.931663
v -1.233523 0.478709 0.596570
v 0.180442 0.957418 0.847890
v -0.018147 -0.710975 1.261054
v -1.068152 0.000000 1.074425
v 0.331855 0.710975 1.323264
v 0.534426 0.769826 0.519861
v 0.534426 -0.769826 0.519861
v -0.981467 0.769826 0.250425
v 0.180442 -0.957418 0.847890
v 0.651764 0.478709 0.931663
v -1.233523 -0.478709 0.596570
v -0.762201 0.957418 0.680343
v 0.222812 0.769826 0.073529
v -0.535135 0.769826 -0.061189
v -0.718150 -0.710975 1.136635
v -0.223520 0.769826 0.385143
v 0.601785 -0.384913 0.140888
v 0.601785 0.384913 0.140888
v -1.068152 -0.710975 1.074425
v 0.534426 0.000000 0.519861
v -0.021443 -0.384913 -0.751777
v -0.021443 0.384913 -0.751777
v -0.275213 -0.000000 -0.796882
v 0.232326 -0.000000 -0.706672
v -0.914108 0.384913 -0.128548
v -0.914108 -0.384913 -0.128548
v 0.331855 -0.355487 1.323264
v -0.981467 0.000000 0.250425
v -0.535135 -0.769826 -0.061189
v 0.222812 -0.769826 0.073529
v -0.088802 -0.769826 -0.372804
v -0.223520 -0.769826 0.385143
v 0.155453 -0.769826 0.452502
v -0.981467 -0.384913 0.250425
v -1.068152 -0.355487 1.074425
v -0.018147 0.710975 1.261054
v 0.331855 0.000000 1.323264
v 0.534426 0.384913 0.519861
v -1.068152 0.710975 1.074425
v 0.331855 -0.710975 1.323264
v -0.602494 0.769826 0.317784
v 0.331855 0.355487 1.323264
v -1.068152 0.355487 1.074425
v 0.155453 0.769826 0.452502
v 0.534426 -0.384913 0.519861
v -0.981467 0.384913 0.250425
v -0.602494 -0.769826 0.317784
v -0.175573 0.249304 1.539990
v -0.298301 0.000000 1.518176
v -0.543758 0.000000 1.474548
v -0.298301 0.249304 1.518176
v -0.421030 -0.124652 1.496362
v -0.175573 0.124652 1.539990
v -0.298301 0.124652 1.518176
v -0.543758 -0.124652 1.474548
v -0.666486 -0.124652 1.452734
v -0.880509 -0.243698 1.296320
v 0.079241 0.243698 1.466907
v -0.160697 0.487396 1.424260
v 0.079241 0.487396 1.466907
v -0.880509 0.000000 1.296320
v -0.640571 -0.487396 1.338967
v -0.880509 0.243698 1.296320
v 0.079241 -0.243698 1.466907
v -0.640571 0.487396 1.338967
v -0.880509 0.487396 1.296320
v 0.079241 0.000000 1.466907
v -0.400634 -0.487396 1.381613
v -0.160697 -0.487396 1.424260
v -0.400634 0.487396 1.381613
v 0.079241 -0.487396 1.466907
v -0.880509 -0.487396 1.296320
v -0.666486 0.000000 1.452734
v -0.421030 0.124652 1.496362
v -0.421030 0.000000 1.496362
v -0.543758 -0.249304 1.474548
v -0.666486 0.124652 1.452734
v -0.543758 0.124652 1.474548
v -0.298301 -0.124652 1.518176
v -0.175573 -0.124652 1.539990
v -0.543758 0.249304 1.474548
v -0.666486 0.249304 1.452734
v -0.175573 0.000000 1.539990
v -0.421030 -0.249304 1.496362
v -0.298301 -0.249304 1.518176
v -0.421030 0.249304 1.496362
v -0.175573 -0.249304 1.539990
v -0.666486 -0.249304 1.452734
v -1.334457 -1.067129 0.699014
v -1.272662 -0.608261 1.685231
v -1.263781 0.970974 0.301374
v -1.217866 0.971891 1.376939
v 0.711215 -1.067129 1.062613
v 0.313358 -0.608261 1.967132
v 0.781892 0.970974 0.664973
v 0.368154 0.971891 1.658840
v -1.234847 -2.119813 0.716719
v 0.611604 -2.119813 1.044908
v -0.326672 -1.130933 0.965492
v -0.326672 -2.183617 0.965492
v -1.284652 -1.593471 0.707866
v 0.661409 -1.593471 1.053761
v -0.326672 -1.657275 0.965492
v 0.184745 -1.130933 1.056392
v 0.134940 -2.183617 1.047540
v -1.309555 -1.330300 0.703440
v 0.636507 -1.856642 1.049335
v -0.838090 -1.130933 0.874592
v -0.788284 -2.183617 0.883445
v -1.259749 -1.856642 0.712292
v 0.686312 -1.330300 1.058187
v -0.326672 -1.920446 0.965492
v -0.326672 -1.394104 0.965492
v -0.813187 -1.657275 0.879019
v 0.159843 -1.657275 1.051966
v 0.172294 -1.394104 1.054179
v -0.825639 -1.394104 0.876806
v -0.800736 -1.920446 0.881232
v 0.147392 -1.920446 1.049753
v -1.290821 -0.743102 1.395425
v -1.231358 0.971622 1.060877
v 0.489733 0.971622 1.366785
v 0.430270 -0.743102 1.701333
v -1.253476 0.146093 1.374570
v -0.396905 0.971752 1.360635
v 0.402400 0.146093 1.668887
v 0.612041 0.026492 1.178608
v -0.301874 0.971278 0.825975
v -1.281330 0.026492 0.842079
v -0.371461 -0.934277 1.217483
vn -0.0000 -0.5602 -0.8284
vn -0.0000 -0.0000 -1.0000
vn 0.1093 -0.5494 -0.8284
vn 0.2144 -0.5175 -0.8284
vn 0.3112 -0.4658 -0.8284
vn 0.3961 -0.3961 -0.8284
vn 0.4658 -0.3112 -0.8284
vn 0.5175 -0.2144 -0.8284
vn 0.5494 -0.1093 -0.8284
vn 0.5602 -0.0000 -0.8284
vn 0.5494 0.1093 -0.8284
vn 0.5175 0.2144 -0.8284
vn 0.4658 0.3112 -0.8284
vn 0.3961 0.3961 -0.8284
vn 0.3112 0.4658 -0.8284
vn 0.2144 0.5175 -0.8284
vn 0.1093 0.5494 -0.8284
vn -0.0000 0.5602 -0.8284
vn -0.1093 0.5494 -0.8284
vn -0.2144 0.5175 -0.8284
vn -0.3112 0.4658 -0.8284
vn -0.3961 0.3961 -0.8284
vn -0.4658 0.3112 -0.8284
vn -0.5175 0.2144 -0.8284
vn -0.5494 0.1093 -0.8284
vn -0.5602 -0.0000 -0.8284
vn -0.5494 -0.1093 -0.8284
vn -0.5175 -0.2144 -0.8284
vn -0.4658 -0.3112 -0.8284
vn -0.3961 -0.3961 -0.8284
vn -0.3112 -0.4658 -0.8284
vn -0.2144 -0.5175 -0.8284
vn -0.0000 -0.0000 1.0000
vn -0.1093 -0.5494 -0.8284
vn 1.0000 -0.0000 -0.0000
vn -1.0000 -0.0000 -0.0000
vn -0.0000 1.0000 -0.0000
vn -0.0000 -1.0000 -0.0000
vn 0.0770 0.9970 -0.0000
vn 0.1616 0.9869 -0.0000
vn -1.0000 -0.0009 -0.0000
vn -1.0000 -0.0014 -0.0095
vn 1.0000 0.0035 -0.0000
vn 0.0871 -0.0000 0.9962
vn 0.1542 0.0402 0.9872
vn 0.1656 -0.0000 0.9862
vn 0.1570 -0.0000 -0.9876
vn 0.2859 0.0391 -0.9574
vn 0.1499 -0.0000 -0.9887
vn -0.1510 -0.0000 -0.9885
vn -0.2756 0.0363 -0.9606
vn -0.2854 -0.0000 -0.9584
vn -0.0807 -0.0000 0.9967
vn -0.1429 0.0373 0.9890
vn -0.0770 -0.0000 0.9970
vn -0.0766 0.9971 -0.0000
vn -0.1616 0.9869 -0.0000
vn -0.0726 0.9974 -0.0000
vn -0.9871 -0.0000 -0.1601
vn 0.9883 0.0040 0.1524
vn 0.9871 -0.0000 0.1601
vn 0.9871 0.0041 0.1601
vn 0.9999 0.0036 0.0095
vn 0.9898 0.0025 0.1426
vn -0.9898 -0.0066 -0.1426
vn -0.9883 -0.0006 -0.1525
vn -0.9871 -0.0001 -0.1601
vn -0.1601 -0.0000 0.9871
vn 0.1073 0.7421 -0.6616
vn 0.1073 -0.7421 -0.6616
vn -0.6859 -0.0000 -0.7277
vn 0.8808 -0.0000 -0.4735
vn 0.1601 -0.0000 -0.9871
vn 0.6980 0.7071 0.1132
vn -0.6980 0.7071 -0.1132
vn -0.6980 -0.7071 -0.1132
vn 0.6980 -0.7071 0.1132
vn -0.5610 -0.5610 0.6087
vn 0.5610 -0.5610 0.6087
vn -0.6004 -0.6003 0.5284
vn -0.6003 -0.6003 0.5284
vn -0.6003 -0.6004 0.5284
vn 0.6003 -0.6004 0.5284
vn 0.6003 -0.6003 0.5284
vn 0.6004 -0.6003 0.5284
vn -0.7071 -0.7071 -0.0000
vn 0.7071 -0.7071 -0.0000
vn -0.0000 -0.6190 0.7854
vn 0.0002 -1.0000 -0.0000
vn 0.0001 -1.0000 -0.0000
vn -0.5610 0.5610 0.6087
vn 0.5610 0.5610 0.6087
vn -0.6003 0.6004 0.5284
vn -0.6003 0.6003 0.5284
vn -0.6004 0.6003 0.5284
vn 0.6004 0.6003 0.5284
vn 0.6003 0.6003 0.5284
vn 0.6003 0.6004 0.5284
vn -0.7071 0.7071 -0.0000
vn 0.7071 0.7071 -0.0000
vn -0.0000 0.6190 0.7854
vn -0.0002 1.0000 -0.0000
vn -0.0001 1.0000 -0.0000
vn -0.8205 -0.0000 0.5717
vn 0.8205 -0.0000 -0.5717
vn -0.0567 0.0182 0.9982
vn -0.0255 -0.0606 0.9978
vn -0.0197 -0.0593 0.9980
vn -0.1582 -0.1555 0.9751
vn -0.1578 -0.1555 0.9752
vn 0.9998 0.0019 0.0205
vn -0.1127 0.0519 -0.9923
vn 0.1469 0.1564 -0.9767
vn 0.1580 0.1579 -0.9747
vn -0.1245 0.0153 -0.9921
vn -0.1602 0.0904 -0.9829
vn 0.0612 0.0202 0.9979
vn 0.0277 0.0967 0.9949
vn -0.0194 0.0586 0.9981
vn -0.1579 0.1572 0.9749
vn -0.1581 0.1572 0.9748
vn -0.9998 -0.0089 -0.0203
vn 0.1257 -0.0014 -0.9921
vn 0.1616 -0.0614 -0.9849
vn 0.1410 -0.0651 -0.9879
vn 0.1582 -0.1548 -0.9752
vn 0.1684 -0.1558 -0.9733
vn -0.0005 -0.0027 -1.0000
vn -0.0018 -0.0035 -1.0000
vn -0.0000 0.0007 1.0000
vn 0.0005 -0.0027 -1.0000
vn 0.4703 0.8794 -0.0733
vn 0.0002 -0.0005 -1.0000
vn 0.5455 -0.8381 -0.0000
vn 0.5454 -0.8381 -0.0000
vn -0.5455 -0.8381 -0.0000
vn -0.5454 -0.8381 -0.0000
vn -0.0000 -0.6355 0.7721
vn -0.0000 -0.0111 0.9999
vn -0.0082 -0.6390 -0.7692
vn -0.0107 -0.0075 -0.9999
vn -0.0000 -0.4245 0.9054
vn 0.0107 -0.0076 -0.9999
vn 0.0211 -0.4624 -0.8864
vn 0.0226 -0.0209 -0.9995
vn -0.4800 -0.0000 0.8773
vn -0.3276 -0.0000 0.9448
vn -0.5376 -0.0000 0.8432
vn -0.1661 -0.0000 0.9861
vn -0.5428 -0.0000 0.8399
vn -0.6190 -0.0000 0.7854
vn 0.4800 -0.0000 0.8773
vn 0.3276 -0.0000 0.9448
vn 0.5428 -0.0000 0.8399
vn 0.1661 -0.0000 0.9861
vn 0.5376 -0.0000 0.8432
vn 0.6190 -0.0000 0.7854
vn 0.0831 -0.0000 0.9965
vn 0.1493 0.9832 0.1053
vn 0.7607 0.6454 0.0692
vn 0.8258 0.5607 0.0601
vn 0.7376 -0.5731 -0.3570
vn 0.8140 -0.5605 0.1524
vn 0.8165 -0.5714 0.0825
vn 0.7071 -0.0000 -0.7071
vn 0.8912 -0.3845 0.2408
vn 0.9923 -0.1047 0.0656
vn 0.9908 0.0834 0.1062
vn 0.9702 0.1496 0.1906
vn -0.3512 -0.9028 0.2482
vn -0.8397 -0.5236 0.1440
vn -0.7952 -0.5846 0.1608
vn -0.6390 0.5977 -0.4842
vn -0.8059 0.5920 -0.0075
vn -0.8149 0.5729 0.0882
vn -0.7071 -0.0000 -0.7071
vn -0.1442 -0.0000 -0.9896
vn -0.9702 0.1496 0.1906
vn -0.9908 0.0834 0.1062
vn -0.9923 -0.1047 0.0656
vn -0.8912 -0.3845 0.2408
vn -0.8063 0.4435 0.3913
vn -0.7905 0.2420 0.5627
vn -0.7253 0.4554 0.5162
vn 0.2614 0.9471 -0.1861
vn -0.0559 0.9365 -0.3462
vn 0.1309 0.9870 -0.0932
vn -0.7405 0.6136 0.2742
vn -0.6296 0.6347 0.4481
vn 0.3903 0.8778 -0.2778
vn 0.0777 0.9044 -0.4196
vn -0.6500 0.7438 0.1558
vn -0.5147 0.7751 0.3664
vn 0.5147 0.7751 -0.3664
vn 0.2172 0.8417 -0.4943
vn -0.5445 0.8377 0.0421
vn -0.3903 0.8778 0.2778
vn 0.6287 0.6352 -0.4487
vn 0.3601 0.7466 -0.5593
vn -0.4304 0.9003 -0.0647
vn -0.2614 0.9471 0.1860
vn 0.7234 0.4570 -0.5176
vn 0.5015 0.6147 -0.6088
vn -0.3108 0.9362 -0.1642
vn -0.1309 0.9870 0.0932
vn 0.7877 0.2453 -0.5651
vn 0.6324 0.4432 -0.6354
vn -0.1866 0.9481 -0.2573
vn -0.8378 0.2364 0.4921
vn -0.8147 -0.0000 0.5799
vn 0.8147 -0.0000 -0.5799
vn 0.7395 0.2361 -0.6303
vn -0.8742 0.2218 0.4319
vn 0.6943 0.2218 -0.6847
vn -0.3323 0.8195 -0.4669
vn -0.8718 0.4094 0.2689
vn -0.2142 0.8175 -0.5347
vn -0.8241 0.5560 0.1083
vn -0.0841 0.7917 -0.6051
vn -0.7481 0.6626 -0.0378
vn 0.0572 0.7440 -0.6657
vn -0.6561 0.7362 -0.1661
vn 0.2109 0.6687 -0.7130
vn -0.5551 0.7839 -0.2782
vn 0.3751 0.5587 -0.7397
vn -0.4481 0.8108 -0.3765
vn 0.5415 0.4082 -0.7350
vn -0.7254 0.6063 -0.3259
vn 0.0806 0.5560 -0.8273
vn -0.6342 0.6392 -0.4350
vn 0.2620 0.4802 -0.8371
vn -0.5381 0.6576 -0.5272
vn 0.4567 0.3587 -0.8141
vn -0.4367 0.6641 -0.6069
vn -0.9070 0.1979 0.3716
vn 0.6506 0.1944 -0.7342
vn -0.9203 0.3575 0.1587
vn -0.3273 0.6651 -0.6712
vn -0.8798 0.4742 -0.0334
vn -0.2065 0.6483 -0.7328
vn -0.8046 0.5629 -0.1889
vn -0.0706 0.6161 -0.7845
vn -0.4990 0.5096 -0.7010
vn -0.9536 0.2938 0.0666
vn -0.4023 0.5125 -0.7586
vn -0.9135 0.3803 -0.1445
vn -0.2914 0.5024 -0.8141
vn -0.8448 0.4364 -0.3096
vn -0.1638 0.4822 -0.8606
vn -0.7648 0.4721 -0.4384
vn -0.0125 0.4473 -0.8943
vn -0.6803 0.4939 -0.5415
vn 0.1695 0.3899 -0.9051
vn -0.5929 0.5059 -0.6265
vn 0.3834 0.2989 -0.8739
vn -0.9310 0.1618 0.3272
vn 0.6120 0.1659 -0.7732
vn -0.0873 0.3238 -0.9421
vn -0.7064 0.3579 -0.6107
vn 0.0998 0.2951 -0.9502
vn -0.6253 0.3657 -0.6894
vn 0.3250 0.2323 -0.9167
vn -0.5409 0.3687 -0.7560
vn -0.9524 0.1297 0.2757
vn 0.5802 0.1328 -0.8036
vn -0.9749 0.2227 -0.0047
vn -0.4499 0.3709 -0.8125
vn -0.9323 0.2828 -0.2254
vn -0.3474 0.3652 -0.8637
vn -0.8633 0.3205 -0.3899
vn -0.2276 0.3533 -0.9074
vn -0.7825 0.3523 -0.5134
vn -0.9875 0.1481 -0.0546
vn -0.4782 0.2372 -0.8456
vn -0.9420 0.1856 -0.2797
vn -0.3822 0.2380 -0.8929
vn -0.8724 0.2089 -0.4418
vn -0.2683 0.2318 -0.9350
vn -0.7968 0.2233 -0.5614
vn -0.1278 0.2203 -0.9670
vn -0.7206 0.2318 -0.6535
vn 0.0524 0.1996 -0.9785
vn -0.6437 0.2367 -0.7277
vn 0.2835 0.1617 -0.9452
vn -0.5643 0.2388 -0.7903
vn -0.9606 0.0932 0.2618
vn 0.5567 0.0959 -0.8251
vn -0.7274 0.1134 -0.6768
vn 0.0153 0.0945 -0.9954
vn -0.6530 0.1160 -0.7484
vn 0.2592 0.0887 -0.9617
vn -0.5765 0.1173 -0.8087
vn -0.9734 0.0449 0.2247
vn 0.5428 0.0561 -0.8380
vn -0.9939 0.0720 -0.0838
vn -0.4939 0.1188 -0.8614
vn -0.9463 0.0899 -0.3105
vn -0.4007 0.1182 -0.9085
vn -0.8763 0.1015 -0.4710
vn -0.2906 0.1164 -0.9497
vn -0.8011 0.1154 -0.5873
vn -0.1533 0.1125 -0.9818
vn -0.4989 -0.0000 -0.8667
vn -0.9472 -0.0046 -0.3205
vn -0.4061 0.0025 -0.9138
vn -0.8770 -0.0036 -0.4805
vn -0.2971 0.0043 -0.9548
vn -0.8028 -0.0024 -0.5962
vn -0.1609 0.0068 -0.9870
vn -0.7290 -0.0016 -0.6845
vn 0.0170 0.0105 -0.9998
vn -0.6556 -0.0006 -0.7551
vn 0.2520 0.0144 -0.9676
vn -0.5799 -0.0000 -0.8147
vn -0.9759 -0.0000 0.2184
vn 0.5385 0.0142 -0.8425
vn -0.9964 0.0136 -0.0840
vn 0.2484 -0.0669 -0.9664
vn -0.7265 -0.1147 -0.6775
vn 0.5319 -0.0374 -0.8460
vn -0.6522 -0.1187 -0.7487
vn -0.9734 -0.0449 0.2247
vn -0.4933 -0.1159 -0.8621
vn -0.4012 -0.1133 -0.9090
vn -0.9935 -0.0886 -0.0718
vn -0.2924 -0.1085 -0.9501
vn -0.9473 -0.1046 -0.3028
vn -0.1574 -0.1006 -0.9824
vn -0.8772 -0.1124 -0.4668
vn 0.0202 -0.1032 -0.9945
vn -0.8021 -0.1164 -0.5858
vn -0.2691 -0.2230 -0.9370
vn -0.9410 -0.1899 -0.2802
vn -0.1309 -0.2079 -0.9694
vn -0.8716 -0.2201 -0.4381
vn 0.0458 -0.1831 -0.9820
vn -0.7954 -0.2317 -0.5600
vn 0.2733 -0.1429 -0.9513
vn -0.7185 -0.2377 -0.6536
vn 0.5465 -0.0825 -0.8334
vn -0.5765 -0.1172 -0.8087
vn -0.6410 -0.2405 -0.7288
vn -0.9657 -0.0887 0.2441
vn -0.4767 -0.2369 -0.8465
vn -0.3834 -0.2362 -0.8929
vn -0.9859 -0.1615 -0.0437
vn 0.5712 -0.1260 -0.8111
vn -0.5643 -0.2388 -0.7903
vn -0.6234 -0.3659 -0.6910
vn -0.9524 -0.1297 0.2757
vn -0.4466 -0.3657 -0.8166
vn -0.3454 -0.3578 -0.8676
vn -0.9726 -0.2322 0.0048
vn -0.2275 -0.3434 -0.9112
vn -0.9303 -0.2947 -0.2184
vn -0.0846 -0.3194 -0.9438
vn -0.8608 -0.3315 -0.3861
vn 0.0937 -0.2802 -0.9554
vn -0.7827 -0.3529 -0.5127
vn 0.3258 -0.2323 -0.9165
vn -0.7023 -0.3649 -0.6113
vn -0.9124 -0.3830 -0.1444
vn -0.0148 -0.4353 -0.9002
vn -0.8408 -0.4467 -0.3058
vn 0.1636 -0.3781 -0.9112
vn -0.7595 -0.4816 -0.4373
vn 0.3749 -0.2908 -0.8803
vn -0.6738 -0.5019 -0.5423
vn 0.6055 -0.1652 -0.7785
vn -0.5409 -0.3686 -0.7560
vn -0.5851 -0.5121 -0.6288
vn -0.9331 -0.1666 0.3188
vn -0.3975 -0.5060 -0.7655
vn -0.2882 -0.4939 -0.8204
vn -0.9513 -0.2991 0.0744
vn -0.1655 -0.4807 -0.8611
vn -0.5012 -0.5104 -0.6987
vn -0.5352 -0.6578 -0.5300
vn -0.9070 -0.1979 0.3716
vn 0.6481 -0.1979 -0.7354
vn -0.3216 -0.6577 -0.6812
vn -0.2026 -0.6391 -0.7419
vn -0.9188 -0.3591 0.1639
vn -0.0694 -0.6058 -0.7926
vn -0.8768 -0.4801 -0.0280
vn 0.0828 -0.5528 -0.8292
vn -0.8047 -0.5624 -0.1905
vn 0.2570 -0.4726 -0.8430
vn -0.7182 -0.6155 -0.3246
vn 0.4508 -0.3562 -0.8185
vn -0.6250 -0.6477 -0.4358
vn 0.2100 -0.6619 -0.7196
vn -0.7468 -0.6639 -0.0384
vn 0.3724 -0.5552 -0.7436
vn -0.6481 -0.7435 -0.1649
vn 0.5393 -0.4092 -0.7360
vn -0.5445 -0.7912 -0.2784
vn 0.6939 -0.2227 -0.6848
vn -0.4367 -0.6641 -0.6069
vn -0.4354 -0.8170 -0.3781
vn -0.8742 -0.2218 0.4319
vn -0.2085 -0.8108 -0.5469
vn -0.0802 -0.7837 -0.6159
vn -0.8716 -0.4086 0.2708
vn 0.0559 -0.7431 -0.6668
vn -0.8218 -0.5588 0.1114
vn -0.8350 -0.2368 0.4968
vn 0.7428 -0.2368 -0.6263
vn -0.0531 -0.9362 -0.3475
vn -0.3236 -0.8294 -0.4554
vn 0.0803 -0.9002 -0.4280
vn -0.8073 -0.4431 0.3899
vn 0.2185 -0.8375 -0.5009
vn -0.7396 -0.6146 0.2744
vn 0.3605 -0.7436 -0.5631
vn -0.6467 -0.7465 0.1565
vn 0.5016 -0.6134 -0.6100
vn -0.5386 -0.8415 0.0427
vn 0.6338 -0.4438 -0.6336
vn -0.4222 -0.9042 -0.0646
vn -0.3010 -0.9393 -0.1648
vn -0.5149 -0.7749 0.3667
vn 0.6298 -0.6347 -0.4478
vn -0.3903 -0.8778 0.2778
vn 0.7257 -0.4555 -0.5156
vn -0.2614 -0.9471 0.1860
vn 0.7909 -0.2421 -0.5620
vn -0.1844 -0.9509 -0.2487
vn -0.1309 -0.9870 0.0932
vn -0.7905 -0.2420 0.5626
vn 0.1309 -0.9870 -0.0932
vn 0.2614 -0.9471 -0.1861
vn -0.7259 -0.4571 0.5140
vn 0.3903 -0.8778 -0.2778
vn -0.6297 -0.6353 0.4470
vn 0.5145 -0.7751 -0.3667
vn 0.1847 -0.9479 0.2594
vn -0.6338 -0.4435 0.6338
vn 0.3007 -0.9394 0.1644
vn -0.5015 -0.6136 0.6099
vn 0.4219 -0.9044 0.0640
vn -0.3600 -0.7438 0.5631
vn 0.5382 -0.8417 -0.0434
vn -0.2180 -0.8377 0.5007
vn 0.6463 -0.7467 -0.1571
vn -0.0798 -0.9003 0.4278
vn 0.7394 -0.6147 -0.2746
vn 0.0535 -0.9362 0.3474
vn 0.8073 -0.4433 -0.3896
vn -0.7393 -0.2363 0.6305
vn 0.8377 -0.2361 -0.4924
vn 0.7468 -0.6639 0.0384
vn 0.0810 -0.7838 0.6156
vn 0.8217 -0.5588 -0.1122
vn 0.2091 -0.8108 0.5467
vn 0.8717 -0.4082 -0.2711
vn 0.3286 -0.8201 0.4686
vn -0.6943 -0.2218 0.6846
vn 0.8759 -0.2180 -0.4305
vn -0.5396 -0.4094 0.7357
vn 0.4351 -0.8174 0.3775
vn -0.3722 -0.5560 0.7432
vn 0.5442 -0.7917 0.2775
vn -0.2092 -0.6625 0.7192
vn 0.6478 -0.7440 0.1639
vn -0.0563 -0.7434 0.6664
vn 0.5352 -0.6578 0.5300
vn -0.2565 -0.4742 0.8422
vn 0.6248 -0.6483 0.4351
vn -0.0818 -0.5538 0.8286
vn 0.7181 -0.6161 0.3236
vn 0.0704 -0.6063 0.7921
vn 0.8046 -0.5629 0.1892
vn 0.2034 -0.6392 0.7416
vn 0.8768 -0.4802 0.0266
vn 0.3221 -0.6576 0.6811
vn 0.9188 -0.3586 -0.1650
vn 0.4303 -0.6641 0.6114
vn -0.6481 -0.1979 0.7354
vn 0.9067 -0.1944 -0.3743
vn -0.4585 -0.3571 0.8138
vn 0.9124 -0.3830 0.1444
vn 0.3978 -0.5059 0.7654
vn 0.9513 -0.2988 -0.0761
vn 0.4961 -0.5104 0.7024
vn -0.6068 -0.1666 0.7772
vn 0.9310 -0.1659 -0.3251
vn -0.3750 -0.2938 0.8792
vn 0.5851 -0.5126 0.6285
vn -0.1626 -0.3804 0.9104
vn 0.6737 -0.5024 0.5419
vn 0.0159 -0.4364 0.8996
vn 0.7596 -0.4821 0.4366
vn 0.1640 -0.4721 0.8662
vn 0.8409 -0.4473 0.3047
vn 0.2925 -0.5007 0.8147
vn -0.0923 -0.2828 0.9547
vn 0.7044 -0.3591 0.6123
vn 0.0857 -0.3205 0.9434
vn 0.7829 -0.3533 0.5121
vn 0.2282 -0.3438 0.9109
vn 0.8611 -0.3320 0.3851
vn 0.3457 -0.3579 0.8674
vn 0.9306 -0.2951 0.2168
vn 0.4467 -0.3657 0.8165
vn 0.9726 -0.2323 -0.0069
vn 0.5372 -0.3686 0.7586
vn -0.5724 -0.1298 0.8097
vn 0.9493 -0.1328 -0.2851
vn -0.3295 -0.2311 0.9154
vn 0.6204 -0.3708 0.6911
vn 0.4768 -0.2368 0.8465
vn 0.9870 -0.1513 0.0543
vn 0.5620 -0.2388 0.7919
vn -0.5468 -0.0886 0.8326
vn 0.9619 -0.0958 -0.2559
vn -0.2717 -0.1481 0.9509
vn 0.6411 -0.2406 0.7288
vn -0.0442 -0.1856 0.9816
vn 0.7186 -0.2380 0.6535
vn 0.1318 -0.2089 0.9690
vn 0.7956 -0.2318 0.5597
vn 0.2696 -0.2233 0.9367
vn 0.8719 -0.2204 0.4374
vn 0.3833 -0.2365 0.8928
vn 0.9417 -0.1996 0.2709
vn 0.7266 -0.1147 0.6775
vn 0.1581 -0.1015 0.9822
vn 0.8022 -0.1165 0.5855
vn 0.2928 -0.1088 0.9500
vn 0.8775 -0.1125 0.4663
vn 0.4013 -0.1134 0.9089
vn 0.9476 -0.1047 0.3017
vn 0.4934 -0.1160 0.8621
vn 0.9936 -0.0887 0.0700
vn 0.5753 -0.1172 0.8095
vn -0.5311 -0.0449 0.8461
vn 0.9695 -0.0562 -0.2384
vn -0.2462 -0.0720 0.9665
vn 0.6522 -0.1187 0.7487
vn -0.0223 -0.1042 0.9943
vn 0.9956 -0.0000 0.0937
vn 0.5799 -0.0000 0.8147
vn -0.5259 -0.0000 0.8506
vn 0.9724 -0.0142 -0.2330
vn -0.2379 0.0040 0.9713
vn 0.6562 -0.0011 0.7546
vn -0.0073 0.0046 1.0000
vn 0.7305 -0.0025 0.6829
vn 0.1668 0.0036 0.9860
vn 0.8049 -0.0042 0.5933
vn 0.3005 0.0024 0.9538
vn 0.8799 -0.0069 0.4752
vn 0.4080 0.0015 0.9130
vn 0.9503 -0.0105 0.3113
vn 0.4988 -0.0009 0.8667
vn -0.0153 0.0945 0.9954
vn 0.8767 0.1006 0.4703
vn 0.1538 0.1124 0.9817
vn 0.9469 0.0876 0.3092
vn 0.2908 0.1163 0.9497
vn 0.9944 0.0669 0.0817
vn 0.4008 0.1181 0.9085
vn 0.9735 0.0373 -0.2256
vn 0.4939 0.1187 0.8614
vn -0.5311 0.0449 0.8461
vn 0.6530 0.1159 0.7484
vn 0.7275 0.1133 0.6767
vn -0.2575 0.0886 0.9622
vn 0.8010 0.1150 0.5875
vn 0.5753 0.1172 0.8095
vn 0.4782 0.2371 0.8456
vn -0.5468 0.0886 0.8325
vn 0.9657 0.0886 -0.2441
vn 0.6438 0.2368 0.7277
vn 0.7208 0.2318 0.6533
vn -0.2815 0.1615 0.9459
vn 0.7972 0.2230 0.5610
vn -0.0509 0.1993 0.9786
vn 0.8731 0.2079 0.4411
vn 0.1286 0.2201 0.9670
vn 0.9429 0.1831 0.2783
vn 0.2687 0.2316 0.9350
vn 0.9883 0.1429 0.0532
vn 0.3824 0.2378 0.8929
vn 0.8641 0.3194 0.3890
vn 0.0873 0.3238 0.9421
vn 0.9334 0.2802 0.2243
vn 0.2282 0.3529 0.9074
vn 0.9759 0.2183 0.0043
vn 0.3476 0.3648 0.8637
vn 0.9534 0.1260 -0.2742
vn 0.5620 0.2388 0.7919
vn 0.4500 0.3706 0.8125
vn -0.5724 0.1298 0.8097
vn 0.6254 0.3657 0.6893
vn 0.7067 0.3578 0.6104
vn -0.3230 0.2322 0.9175
vn 0.7825 0.3516 0.5140
vn -0.0983 0.2947 0.9505
vn 0.9331 0.1666 -0.3188
vn 0.5931 0.5061 0.6262
vn 0.5377 0.3753 0.7550
vn -0.6068 0.1666 0.7772
vn 0.6807 0.4939 0.5410
vn -0.3817 0.2991 0.8746
vn 0.7654 0.4717 0.4377
vn -0.1679 0.3896 0.9056
vn 0.8457 0.4353 0.3087
vn 0.0137 0.4467 0.8946
vn 0.9146 0.3781 0.1438
vn 0.1645 0.4817 0.8608
vn 0.9545 0.2908 -0.0661
vn 0.2918 0.5019 0.8142
vn 0.4024 0.5121 0.7588
vn 0.8807 0.4726 0.0332
vn 0.0727 0.6082 0.7904
vn 0.9209 0.3562 -0.1580
vn 0.2071 0.6477 0.7332
vn 0.9075 0.1981 -0.3705
vn 0.4923 0.5171 0.7002
vn 0.3276 0.6646 0.6715
vn -0.6481 0.1979 0.7354
vn 0.5384 0.6577 0.5268
vn 0.6347 0.6392 0.4343
vn -0.4556 0.3591 0.8145
vn 0.7262 0.6058 0.3250
vn -0.2607 0.4800 0.8376
vn 0.8046 0.5625 0.1901
vn -0.0835 0.5624 0.8227
vn -0.6943 0.2218 0.6846
vn 0.5556 0.7837 0.2775
vn -0.5413 0.4085 0.7349
vn 0.6567 0.7358 0.1654
vn -0.3743 0.5588 0.7401
vn 0.7487 0.6618 0.0373
vn -0.2099 0.6684 0.7136
vn 0.8246 0.5553 -0.1084
vn -0.0564 0.7435 0.6664
vn 0.8720 0.4093 -0.2684
vn 0.0848 0.7911 0.6057
vn 0.8742 0.2227 -0.4315
vn 0.4303 0.6641 0.6114
vn 0.2147 0.8170 0.5352
vn 0.4374 0.8151 0.3800
vn -0.2167 0.8385 0.5000
vn 0.8061 0.4438 -0.3914
vn -0.0772 0.9042 0.4201
vn 0.8346 0.2375 -0.4970
vn 0.3286 0.8201 0.4686
vn 0.0571 0.9393 0.3383
vn -0.7428 0.2368 0.6263
vn 0.3109 0.9362 0.1639
vn 0.4307 0.9002 0.0643
vn -0.6327 0.4430 0.6352
vn 0.5448 0.8375 -0.0425
vn -0.5014 0.6146 0.6090
vn 0.6502 0.7435 -0.1561
vn -0.3597 0.7465 0.5598
vn 0.7395 0.6146 -0.2745
vn 0.1820 0.9481 0.2606
vn 0.5507 0.2453 0.7978
vn 0.6222 0.4434 0.6451
vn 0.5030 0.4554 0.7346
vn -0.1813 0.9471 -0.2647
vn 0.1718 0.9365 -0.3058
vn 0.0740 0.9010 -0.4276
vn 0.6005 0.6138 0.5125
vn 0.4366 0.6346 0.6376
vn -0.2707 0.8778 -0.3953
vn -0.0312 0.8385 -0.5440
vn 0.5561 0.7444 0.3696
vn 0.3569 0.7751 0.5213
vn -0.3570 0.7751 -0.5213
vn -0.1435 0.7444 -0.6521
vn 0.4959 0.8385 0.2259
vn 0.2707 0.8778 0.3953
vn -0.4369 0.6347 -0.6374
vn -0.2605 0.6138 -0.7453
vn 0.4254 0.9010 0.0856
vn 0.1813 0.9471 0.2647
vn -0.5035 0.4555 -0.7341
vn -0.3765 0.4434 -0.8134
vn 0.3472 0.9365 -0.0495
vn 0.0908 0.9870 0.1326
vn -0.5488 0.2421 -0.8001
vn -0.4815 0.2368 -0.8439
vn 0.2627 0.9479 -0.1799
vn 0.5650 -0.0000 0.8251
vn 0.6167 0.2362 0.7509
vn -0.5650 -0.0000 -0.8251
vn -0.0908 0.9870 -0.1326
vn 0.6719 0.2218 0.7067
vn -0.4159 0.2218 -0.8820
vn 0.4729 0.8195 -0.3238
vn 0.3874 0.8111 -0.4383
vn 0.7256 0.4095 0.5530
vn 0.2904 0.7848 -0.5474
vn 0.7358 0.5567 0.3855
vn 0.1795 0.7376 -0.6509
vn 0.7143 0.6639 0.2213
vn 0.0520 0.6639 -0.7460
vn 0.6718 0.7376 0.0681
vn -0.0933 0.5567 -0.8255
vn 0.6154 0.7849 -0.0729
vn -0.2532 0.4094 -0.8765
vn 0.5487 0.8111 -0.2026
vn 0.7916 0.6082 -0.0583
vn 0.2094 0.5560 -0.8044
vn 0.0492 0.4758 -0.8782
vn 0.7434 0.6404 -0.1930
vn -0.1423 0.3580 -0.9228
vn 0.6851 0.6578 -0.3131
vn -0.3550 0.1979 -0.9137
vn 0.6175 0.6633 -0.4228
vn 0.7234 0.1979 0.6614
vn 0.5397 0.6578 -0.5254
vn 0.8089 0.3580 0.4664
vn 0.4488 0.6404 -0.6233
vn 0.8365 0.4758 0.2717
vn 0.3407 0.6082 -0.7170
vn 0.8205 0.5628 0.0997
vn 0.7099 0.5096 -0.4861
vn 0.6394 0.5061 -0.5789
vn 0.8716 0.2950 0.3914
vn 0.5558 0.4951 -0.6678
vn 0.9063 0.3830 0.1789
vn 0.4540 0.4743 -0.7543
vn 0.8983 0.4393 -0.0010
vn 0.3258 0.4393 -0.8372
vn 0.8675 0.4742 -0.1504
vn 0.1610 0.3830 -0.9096
vn 0.8236 0.4951 -0.2766
vn -0.0497 0.2950 -0.9542
vn 0.7709 0.5061 -0.3868
vn -0.3018 0.1666 -0.9387
vn 0.7620 0.1658 0.6260
vn 0.4066 0.3238 -0.8543
vn 0.2425 0.2864 -0.9269
vn 0.8722 0.3591 -0.3321
vn 0.0220 0.2250 -0.9741
vn 0.8233 0.3659 -0.4339
vn -0.2583 0.1297 -0.9573
vn 0.7672 0.3680 -0.5253
vn 0.7991 0.1297 0.5870
vn 0.7023 0.3659 -0.6106
vn 0.9161 0.2250 0.3318
vn 0.6251 0.3591 -0.6931
vn 0.9519 0.2864 0.1090
vn 0.5295 0.3461 -0.7745
vn 0.9435 0.3238 -0.0700
vn 0.9114 0.3533 -0.2110
vn 0.9453 0.1513 0.2891
vn 0.7403 0.2371 -0.6291
vn 0.6676 0.2331 -0.7071
vn 0.9799 0.1899 0.0612
vn 0.5770 0.2256 -0.7850
vn 0.9703 0.2124 -0.1157
vn 0.4587 0.2124 -0.8628
vn 0.9405 0.2256 -0.2541
vn 0.2972 0.1899 -0.9357
vn 0.9006 0.2331 -0.3667
vn 0.0723 0.1513 -0.9858
vn 0.8542 0.2371 -0.4628
vn -0.2264 0.0886 -0.9700
vn 0.8013 0.2383 -0.5487
vn 0.8149 0.0959 0.5717
vn 0.9155 0.1147 -0.3856
vn 0.3286 0.0945 -0.9397
vn 0.1021 0.0759 -0.9919
vn 0.8704 0.1165 -0.4783
vn -0.2070 0.0449 -0.9773
vn 0.8195 0.1170 -0.5611
vn 0.8363 0.0449 0.5464
vn 0.7608 0.1165 -0.6385
vn 0.9616 0.0759 0.2636
vn 0.6906 0.1147 -0.7141
vn 0.9950 0.0945 0.0335
vn 0.6030 0.1112 -0.7899
vn 0.9843 0.1051 -0.1415
vn 0.4879 0.1051 -0.8666
vn 0.9549 0.1164 -0.2732
vn 0.7672 -0.0000 -0.6414
vn 0.6980 -0.0000 -0.7161
vn 0.9997 -0.0000 0.0244
vn 0.6114 -0.0000 -0.7913
vn 0.9887 -0.0000 -0.1498
vn 0.4972 -0.0000 -0.8676
vn 0.9589 -0.0000 -0.2838
vn 0.3388 -0.0000 -0.9409
vn 0.9200 -0.0000 -0.3918
vn 0.1119 -0.0000 -0.9937
vn 0.8755 -0.0000 -0.4833
vn -0.2006 -0.0000 -0.9797
vn 0.8251 -0.0000 -0.5650
vn 0.8408 -0.0000 0.5413
vn 0.9629 0.0144 0.2696
vn 0.1021 -0.0759 -0.9919
vn 0.9155 -0.1147 -0.3856
vn 0.8704 -0.1165 -0.4784
vn -0.2069 -0.0449 -0.9773
vn 0.8195 -0.1170 -0.5611
vn 0.8363 -0.0449 0.5464
vn 0.7607 -0.1165 -0.6385
vn 0.9616 -0.0759 0.2636
vn 0.6906 -0.1147 -0.7141
vn 0.9950 -0.0945 0.0335
vn 0.6031 -0.1112 -0.7899
vn 0.9843 -0.1051 -0.1415
vn 0.4879 -0.1051 -0.8665
vn 0.9545 -0.1112 -0.2767
vn 0.3200 -0.1047 -0.9416
vn 0.5770 -0.2256 -0.7850
vn 0.9799 -0.1899 0.0612
vn 0.9703 -0.2124 -0.1157
vn 0.4587 -0.2124 -0.8628
vn 0.9405 -0.2256 -0.2541
vn 0.2972 -0.1899 -0.9357
vn 0.9006 -0.2331 -0.3667
vn 0.0723 -0.1513 -0.9858
vn 0.8542 -0.2371 -0.4628
vn -0.2264 -0.0886 -0.9700
vn 0.8014 -0.2383 -0.5486
vn 0.8224 -0.0886 0.5619
vn 0.7403 -0.2371 -0.6291
vn 0.9453 -0.1513 0.2891
vn 0.6666 -0.2378 -0.7064
vn -0.2583 -0.1297 -0.9573
vn 0.8233 -0.3659 -0.4339
vn 0.7672 -0.3680 -0.5253
vn 0.7991 -0.1297 0.5870
vn 0.7023 -0.3659 -0.6106
vn 0.9161 -0.2249 0.3318
vn 0.6250 -0.3591 -0.6931
vn 0.9519 -0.2864 0.1090
vn 0.5295 -0.3461 -0.7745
vn 0.9435 -0.3238 -0.0700
vn 0.4065 -0.3238 -0.8543
vn 0.9136 -0.3461 -0.2136
vn 0.2425 -0.2864 -0.9269
vn 0.8722 -0.3591 -0.3321
vn 0.0129 -0.2322 -0.9726
vn 0.9063 -0.3830 0.1789
vn 0.8983 -0.4393 -0.0010
vn 0.3258 -0.4393 -0.8372
vn 0.8675 -0.4743 -0.1503
vn 0.1610 -0.3830 -0.9096
vn 0.8236 -0.4951 -0.2766
vn -0.0497 -0.2950 -0.9542
vn 0.7709 -0.5061 -0.3868
vn -0.3018 -0.1666 -0.9387
vn 0.7099 -0.5096 -0.4861
vn 0.7661 -0.1666 0.6208
vn 0.6394 -0.5061 -0.5789
vn 0.8716 -0.2950 0.3914
vn 0.5558 -0.4951 -0.6678
vn 0.4511 -0.4817 -0.7514
vn 0.6851 -0.6578 -0.3131
vn 0.6175 -0.6633 -0.4228
vn 0.7234 -0.1979 0.6614
vn -0.3550 -0.1980 -0.9137
vn 0.5397 -0.6578 -0.5254
vn 0.8089 -0.3580 0.4664
vn 0.4488 -0.6404 -0.6233
vn 0.8365 -0.4758 0.2717
vn 0.3407 -0.6082 -0.7170
vn 0.8257 -0.5560 0.0956
vn 0.2094 -0.5560 -0.8044
vn 0.7916 -0.6082 -0.0583
vn 0.0492 -0.4758 -0.8782
vn 0.7434 -0.6403 -0.1930
vn -0.1423 -0.3580 -0.9228
vn 0.0520 -0.6639 -0.7460
vn 0.7143 -0.6639 0.2213
vn 0.6718 -0.7376 0.0681
vn -0.0933 -0.5567 -0.8255
vn 0.6154 -0.7849 -0.0729
vn -0.2532 -0.4094 -0.8765
vn 0.5487 -0.8111 -0.2026
vn -0.4159 -0.2218 -0.8820
vn 0.4729 -0.8195 -0.3238
vn 0.6719 -0.2218 0.7067
vn 0.3874 -0.8111 -0.4383
vn 0.7256 -0.4095 0.5530
vn 0.2904 -0.7848 -0.5474
vn 0.7358 -0.5567 0.3855
vn 0.1767 -0.7435 -0.6450
vn 0.6126 -0.2368 0.7541
vn -0.4815 -0.2368 -0.8439
vn 0.1718 -0.9365 -0.3058
vn 0.6222 -0.4434 0.6452
vn 0.0740 -0.9010 -0.4276
vn 0.6005 -0.6138 0.5125
vn -0.0312 -0.8385 -0.5440
vn 0.5561 -0.7444 0.3696
vn -0.1435 -0.7444 -0.6521
vn 0.4959 -0.8385 0.2259
vn -0.2605 -0.6138 -0.7453
vn 0.4254 -0.9010 0.0856
vn -0.3765 -0.4434 -0.8134
vn 0.3472 -0.9365 -0.0495
vn 0.2614 -0.9500 -0.1710
vn 0.3570 -0.7749 0.5216
vn 0.2707 -0.8778 0.3953
vn -0.4366 -0.6346 -0.6376
vn 0.1813 -0.9471 0.2647
vn -0.5030 -0.4554 -0.7346
vn 0.0908 -0.9870 0.1326
vn -0.5482 -0.2420 -0.8006
vn 0.5482 -0.2420 0.8006
vn -0.0908 -0.9870 -0.1326
vn 0.5030 -0.4554 0.7346
vn -0.1813 -0.9471 -0.2647
vn 0.4366 -0.6347 0.6376
vn -0.2707 -0.8778 -0.3953
vn -0.3570 -0.7751 -0.5213
vn -0.2627 -0.9479 0.1799
vn -0.3472 -0.9365 0.0495
vn 0.3763 -0.4435 0.8135
vn -0.4254 -0.9010 -0.0856
vn 0.2605 -0.6138 0.7453
vn -0.4959 -0.8385 -0.2259
vn 0.1435 -0.7444 0.6521
vn -0.5561 -0.7444 -0.3696
vn 0.0312 -0.8385 0.5440
vn -0.6006 -0.6138 -0.5124
vn -0.0739 -0.9010 0.4275
vn -0.6222 -0.4434 -0.6451
vn -0.1718 -0.9365 0.3058
vn -0.6127 -0.2368 -0.7540
vn 0.4771 -0.2361 0.8466
vn -0.7143 -0.6639 -0.2213
vn -0.7358 -0.5567 -0.3855
vn -0.2904 -0.7848 0.5474
vn -0.7256 -0.4095 -0.5530
vn -0.3874 -0.8111 0.4383
vn -0.6719 -0.2218 -0.7067
vn -0.4729 -0.8195 0.3238
vn 0.4159 -0.2218 0.8820
vn -0.5487 -0.8111 0.2026
vn 0.2532 -0.4094 0.8765
vn -0.6153 -0.7849 0.0729
vn 0.0933 -0.5567 0.8255
vn -0.6718 -0.7376 -0.0681
vn -0.0520 -0.6639 0.7460
vn -0.1757 -0.7440 0.6447
vn -0.6851 -0.6578 0.3131
vn -0.7434 -0.6404 0.1930
vn -0.0492 -0.4758 0.8782
vn -0.7917 -0.6082 0.0583
vn -0.2095 -0.5560 0.8044
vn -0.8257 -0.5560 -0.0956
vn -0.3407 -0.6082 0.7170
vn -0.8365 -0.4758 -0.2717
vn -0.4488 -0.6404 0.6233
vn -0.8089 -0.3580 -0.4664
vn -0.5397 -0.6578 0.5254
vn -0.7234 -0.1979 -0.6614
vn -0.6175 -0.6633 0.4228
vn 0.3550 -0.1979 0.9137
vn 0.1482 -0.3587 0.9216
vn -0.9063 -0.3830 -0.1789
vn -0.8716 -0.2950 -0.3915
vn -0.6394 -0.5061 0.5789
vn -0.7661 -0.1666 -0.6208
vn -0.7099 -0.5096 0.4861
vn 0.3018 -0.1666 0.9387
vn -0.7709 -0.5061 0.3868
vn 0.0497 -0.2950 0.9542
vn -0.8236 -0.4951 0.2766
vn -0.1609 -0.3830 0.9096
vn -0.8675 -0.4742 0.1504
vn -0.3258 -0.4393 0.8372
vn -0.8983 -0.4393 0.0010
vn -0.4540 -0.4743 0.7543
vn -0.5541 -0.5024 0.6638
vn -0.2425 -0.2864 0.9269
vn -0.8722 -0.3591 0.3321
vn -0.9136 -0.3461 0.2136
vn -0.4065 -0.3238 0.8543
vn -0.9435 -0.3238 0.0700
vn -0.5295 -0.3461 0.7745
vn -0.9519 -0.2864 -0.1090
vn -0.6250 -0.3591 0.6931
vn -0.9161 -0.2250 -0.3318
vn -0.7023 -0.3659 0.6106
vn -0.7991 -0.1298 -0.5870
vn -0.7672 -0.3680 0.5253
vn 0.2583 -0.1298 0.9573
vn -0.8233 -0.3659 0.4339
vn -0.0108 -0.2323 0.9726
vn -0.7404 -0.2371 0.6290
vn -0.9453 -0.1513 -0.2891
vn -0.8224 -0.0887 -0.5619
vn -0.8013 -0.2383 0.5487
vn 0.2264 -0.0886 0.9700
vn -0.8542 -0.2371 0.4628
vn -0.0723 -0.1513 0.9858
vn -0.9007 -0.2331 0.3666
vn -0.2972 -0.1899 0.9357
vn -0.9405 -0.2256 0.2541
vn -0.4587 -0.2124 0.8628
vn -0.9703 -0.2124 0.1156
vn -0.5770 -0.2256 0.7850
vn -0.9799 -0.1899 -0.0612
vn -0.6665 -0.2380 0.7065
vn -0.9155 -0.1147 0.3856
vn -0.9545 -0.1112 0.2766
vn -0.4879 -0.1051 0.8665
vn -0.9843 -0.1051 0.1415
vn -0.6031 -0.1112 0.7899
vn -0.9950 -0.0945 -0.0335
vn -0.6906 -0.1147 0.7141
vn -0.9616 -0.0759 -0.2636
vn -0.7608 -0.1165 0.6385
vn -0.8363 -0.0449 -0.5464
vn -0.8195 -0.1169 0.5611
vn 0.2070 -0.0449 0.9773
vn -0.8704 -0.1165 0.4783
vn -0.1021 -0.0759 0.9919
vn -0.3189 -0.1048 0.9420
vn -0.9669 -0.0000 -0.2551
vn -0.8408 -0.0000 -0.5413
vn -0.8251 -0.0000 0.5650
vn 0.2006 -0.0000 0.9797
vn -0.8755 -0.0000 0.4833
vn -0.1119 -0.0000 0.9937
vn -0.9200 -0.0000 0.3918
vn -0.3388 -0.0000 0.9409
vn -0.9589 -0.0000 0.2838
vn -0.4972 -0.0000 0.8676
vn -0.9887 -0.0000 0.1498
vn -0.6114 -0.0000 0.7913
vn -0.9997 -0.0000 -0.0244
vn -0.6980 -0.0000 0.7161
vn -0.7664 -0.0012 0.6423
vn -0.3286 0.0945 0.9397
vn -0.4879 0.1051 0.8666
vn -0.9843 0.1051 0.1415
vn -0.6031 0.1112 0.7899
vn -0.9950 0.0945 -0.0335
vn -0.6906 0.1147 0.7141
vn -0.9616 0.0759 -0.2636
vn -0.7608 0.1165 0.6385
vn -0.8363 0.0449 -0.5464
vn -0.8194 0.1170 0.5611
vn 0.2070 0.0449 0.9773
vn -0.8704 0.1165 0.4783
vn -0.1021 0.0759 0.9919
vn -0.9155 0.1147 0.3856
vn -0.9548 0.1164 0.2735
vn -0.7403 0.2371 0.6291
vn -0.8014 0.2383 0.5486
vn 0.2264 0.0886 0.9700
vn -0.8224 0.0887 -0.5619
vn -0.8542 0.2371 0.4628
vn -0.0723 0.1513 0.9858
vn -0.9007 0.2331 0.3666
vn -0.2973 0.1899 0.9357
vn -0.9405 0.2256 0.2541
vn -0.4587 0.2124 0.8628
vn -0.9703 0.2124 0.1156
vn -0.5770 0.2256 0.7850
vn -0.9799 0.1899 -0.0612
vn -0.6676 0.2331 0.7071
vn -0.9453 0.1513 -0.2891
vn -0.9435 0.3238 0.0700
vn -0.4065 0.3238 0.8543
vn -0.5295 0.3461 0.7745
vn -0.9519 0.2864 -0.1091
vn -0.6251 0.3591 0.6931
vn -0.9161 0.2249 -0.3318
vn -0.7023 0.3659 0.6106
vn -0.7991 0.1298 -0.5870
vn -0.7672 0.3680 0.5253
vn 0.2583 0.1298 0.9573
vn -0.8233 0.3659 0.4339
vn -0.0220 0.2250 0.9741
vn -0.8722 0.3591 0.3321
vn -0.2425 0.2864 0.9269
vn -0.9114 0.3529 0.2116
vn -0.7661 0.1666 -0.6208
vn -0.7708 0.5062 0.3868
vn 0.3018 0.1666 0.9387
vn 0.0497 0.2950 0.9542
vn -0.8236 0.4951 0.2767
vn -0.1609 0.3830 0.9096
vn -0.8675 0.4743 0.1503
vn -0.3258 0.4393 0.8372
vn -0.8983 0.4393 0.0010
vn -0.4540 0.4743 0.7543
vn -0.9063 0.3830 -0.1789
vn -0.5558 0.4951 0.6678
vn -0.8716 0.2950 -0.3915
vn -0.6393 0.5062 0.5788
vn -0.7043 0.5144 0.4892
vn -0.8365 0.4758 -0.2717
vn -0.3407 0.6082 0.7170
vn -0.4488 0.6404 0.6233
vn -0.8089 0.3580 -0.4664
vn -0.5397 0.6578 0.5254
vn -0.7234 0.1979 -0.6614
vn -0.6175 0.6633 0.4228
vn 0.3550 0.1979 0.9137
vn -0.6851 0.6578 0.3131
vn 0.1422 0.3580 0.9228
vn -0.7434 0.6404 0.1930
vn -0.0492 0.4758 0.8782
vn -0.7916 0.6082 0.0583
vn -0.2094 0.5560 0.8044
vn -0.8210 0.5623 -0.0985
vn 0.4159 0.2218 0.8820
vn 0.2532 0.4094 0.8765
vn -0.6153 0.7849 0.0729
vn 0.0933 0.5567 0.8255
vn -0.6718 0.7376 -0.0681
vn -0.0520 0.6639 0.7460
vn -0.7143 0.6639 -0.2213
vn -0.1795 0.7376 0.6509
vn -0.7358 0.5567 -0.3856
vn -0.2904 0.7848 0.5474
vn -0.7256 0.4095 -0.5530
vn -0.3874 0.8111 0.4383
vn -0.6719 0.2218 -0.7067
vn -0.4729 0.8195 0.3238
vn -0.5391 0.8170 0.2049
vn 0.0312 0.8385 0.5440
vn -0.0739 0.9010 0.4275
vn -0.6222 0.4435 -0.6451
vn -0.1718 0.9365 0.3058
vn -0.6127 0.2368 -0.7540
vn -0.2627 0.9479 0.1799
vn 0.4815 0.2368 0.8439
vn -0.3472 0.9365 0.0495
vn 0.3765 0.4434 0.8134
vn -0.4254 0.9010 -0.0856
vn 0.2605 0.6138 0.7453
vn -0.4959 0.8385 -0.2259
vn 0.1436 0.7444 0.6521
vn -0.5561 0.7444 -0.3696
vn -0.5997 0.6146 -0.5124
vn -0.0853 -0.8732 0.4798
vn -0.1021 -0.8120 0.5746
vn -0.1119 -0.7690 0.6293
vn 0.0767 -0.8989 -0.4313
vn 0.0439 -0.9680 -0.2470
vn 0.0393 -0.9744 -0.2213
vn -0.8084 -0.0000 -0.5887
vn -0.9092 -0.0000 -0.4164
vn -0.9200 -0.0000 -0.3919
vn 0.9617 -0.0000 -0.2740
vn 0.9970 -0.0000 -0.0776
vn 0.9987 -0.0000 -0.0508
vn 0.0767 0.8989 -0.4313
vn 0.0439 0.9680 -0.2470
vn 0.0393 0.9744 -0.2213
vn 0.1624 0.9600 -0.2279
vn 0.0315 0.9944 -0.1007
vn 0.0145 0.9965 -0.0817
vn 0.0051 0.9944 -0.1054
vn 0.0377 0.9765 -0.2124
vn -0.0739 0.9600 -0.2699
vn 0.9458 0.0612 -0.3190
vn 1.0000 0.0014 -0.0052
vn 0.9999 -0.0000 0.0108
vn 0.9084 0.0948 -0.4072
vn 0.9202 0.1225 -0.3718
vn 0.7842 0.2056 -0.5854
vn -0.1154 -0.0935 -0.9889
vn 0.1556 -0.0699 -0.9853
vn -0.1453 -0.0000 -0.9894
vn -0.1409 0.2064 -0.9683
vn -0.2285 0.0756 -0.9706
vn -0.5345 0.2056 -0.8198
vn 0.5487 0.0837 -0.8318
vn -0.7125 0.0948 -0.6953
vn -0.6250 -0.0000 -0.7806
vn -0.9411 0.0064 -0.3381
vn -0.7358 0.1322 -0.6642
vn -0.7926 0.0763 -0.6050
vn -0.1568 -0.9618 -0.2246
vn -0.0234 -0.9934 -0.1127
vn 0.0250 -0.9897 -0.1406
vn 0.0464 -0.9960 -0.0770
vn -0.0035 -0.9966 -0.0829
vn 0.1902 -0.9748 -0.1170
vn -0.9450 -0.0000 0.3270
vn -0.9016 -0.0000 0.4325
vn -0.8690 -0.0000 0.4948
vn 0.7744 -0.0000 0.6327
vn 0.6974 -0.0000 0.7167
vn 0.6453 -0.0000 0.7639
vn -0.0853 0.8732 0.4798
vn -0.1119 0.7690 0.6293
vn -0.1021 0.8120 0.5746
vn 0.0187 -0.9943 -0.1053
vn 0.2705 -0.9615 0.0481
vn -0.3113 -0.9487 -0.0553
vn -0.9358 -0.0000 -0.3525
vn -0.9495 -0.0000 -0.3139
vn 0.3877 -0.0000 0.9218
vn 0.4369 -0.0000 0.8995
vn -0.6816 -0.0000 0.7317
vn 0.4660 0.2064 -0.8604
vn 0.1750 -0.0000 -0.9846
vn 0.1276 0.6843 -0.7180
vn 0.0501 0.6822 -0.7295
vn -0.1416 0.5876 0.7967
vn -0.7201 -0.0000 0.6938
vn 0.2043 0.6822 -0.7021
vn 1.0000 -0.0000 -0.0084
vn 0.9846 -0.0000 0.1750
vn 0.9970 -0.0000 -0.0775
vn -0.1469 -0.5431 0.8267
vn 0.8557 -0.0000 -0.5175
vn -0.1469 0.5431 0.8267
vn 0.0112 0.9979 -0.0632
vn -0.1416 -0.5876 0.7967
vn 0.4095 -0.0750 -0.9092
vn 0.4387 -0.0000 -0.8986
vn -0.9846 -0.0000 -0.1750
vn -0.1705 0.2256 0.9592
vn -0.1705 -0.2256 0.9592
vn -0.0003 -0.1721 0.9851
vn -0.3391 -0.1721 0.9249
vn 0.0517 -0.0000 0.9987
vn -0.0003 0.1721 0.9851
vn -0.3391 0.1721 0.9249
vn -0.3926 -0.0000 0.9197
vn -0.1750 -0.0000 0.9846
vn 0.0002 1.0000 -0.0009
vn 0.9224 0.0429 0.3839
vn -0.0755 -0.9023 0.4245
vn -0.0897 -0.8969 0.4331
vn -0.0650 -0.8969 0.4375
vn 0.1641 -0.2123 -0.9633
vn 0.2075 -0.2658 -0.9414
vn 0.2003 -0.2637 -0.9436
vn -0.1717 0.1944 0.9658
vn 0.0859 0.0050 -0.9963
vn -0.0042 0.0146 -0.9999
vn 0.0914 0.0040 -0.9958
vn 0.2573 0.0040 -0.9663
vn 0.2627 0.0050 -0.9649
vn 0.2605 0.0049 -0.9655
vn 0.2584 0.0048 -0.9660
vn 0.0903 0.0048 -0.9959
vn 0.0034 0.0151 -0.9999
vn 0.0881 0.0049 -0.9961
vn 0.0861 0.0055 -0.9963
vn 0.0076 0.0148 -0.9999
vn 0.3414 0.0151 -0.9398
vn 0.3374 0.0148 -0.9412
vn 0.2625 0.0055 -0.9649
vn 0.3353 0.0159 -0.9420
vn 0.3485 0.0146 -0.9372
vn 0.3456 0.0155 -0.9383
vn -0.0011 0.0155 -0.9999
vn -0.9982 0.0429 0.0426
vn -0.0481 -0.8992 0.4350
vn -0.0826 -0.8816 0.4647
vn -0.1047 -0.8992 0.4249
vn -0.3420 -0.5352 0.7724
vn -0.3040 -0.5870 0.7504
vn -0.1153 -0.7521 0.6489
vn -0.1066 -0.7930 0.5999
vn 0.0268 -0.5870 0.8092
vn 0.0549 -0.5352 0.8429
vn 0.0730 0.9973 -0.0000
vn 0.2964 -0.0000 -0.9551
vn -0.1534 -0.0000 0.9882
vn 0.9871 0.0019 0.1601
vn -0.9871 -0.0072 -0.1601
vn 0.5145 0.8575 -0.0000
vn 0.2673 0.8018 0.5345
vn -0.7474 0.6644 -0.0000
vn -0.4082 -0.8165 -0.4082
vn 0.4472 -0.8944 -0.0000
vn 0.2425 -0.9701 -0.0000
vn -0.0922 -0.0932 0.9914
vn 1.0000 0.0003 -0.0000
vn -0.0211 0.0797 -0.9966
vn -0.0936 0.0947 0.9911
vn -0.9999 -0.0101 -0.0000
vn 0.1981 -0.0774 -0.9771
vn -0.0000 -0.7367 0.6762
vn -0.0000 0.1961 0.9806
vn -0.0001 -0.0006 -1.0000
vn 0.3276 -0.7559 -0.5669
vn -0.0004 -0.7375 -0.6753
vn -0.3276 -0.7559 -0.5669
vn -0.5034 -0.6638 -0.5532
vn -0.0000 0.7071 -0.7071
vn -0.4230 0.6407 -0.6407
vn -0.7396 0.6730 -0.0000
vn 0.0713 0.0532 -0.9960
vn 0.0627 0.0093 -0.9980
vn 0.0078 -1.0000 -0.0000
vn -0.0078 -1.0000 -0.0000
vn 0.1491 0.9832 0.1054
vn 0.1492 0.9832 0.1055
vn 0.6968 -0.0000 -0.7173
vn 0.7426 0.2200 -0.6326
vn 0.7376 -0.5732 -0.3570
vn 0.7285 -0.4516 0.5151
vn 0.4903 -0.0000 -0.8716
vn 0.8086 -0.4987 0.3123
vn 0.8976 0.2721 0.3467
vn -0.3512 -0.9028 0.2483
vn -0.6944 0.0983 -0.7128
vn -0.6390 0.5976 -0.4843
vn -0.6968 -0.0000 -0.7173
vn -0.6839 -0.0000 -0.7295
vn -0.7466 0.4049 0.5279
vn -0.8976 0.2721 0.3467
vn -0.8086 -0.4987 0.3123
vn 0.1717 -0.1944 -0.9658
vn 0.0349 -0.1925 -0.9807
vn 0.1171 -0.2139 -0.9698
vn 0.1043 -0.8031 -0.5866
vn 0.0099 0.0159 -0.9998
vt 0.656284 0.242265
vt 0.656284 0.132403
vt 0.677717 0.240154
vt 0.698326 0.233902
vt 0.717320 0.223750
vt 0.733968 0.210087
vt 0.747630 0.193439
vt 0.757783 0.174445
vt 0.764034 0.153836
vt 0.766145 0.132403
vt 0.764034 0.110970
vt 0.757783 0.090361
vt 0.747630 0.071368
vt 0.733968 0.054720
vt 0.717320 0.041057
vt 0.698326 0.030905
vt 0.677717 0.024653
vt 0.656284 0.022542
vt 0.634851 0.024653
vt 0.614242 0.030905
vt 0.595248 0.041057
vt 0.578600 0.054720
vt 0.564938 0.071368
vt 0.554785 0.090361
vt 0.548534 0.110970
vt 0.546423 0.132403
vt 0.548534 0.153836
vt 0.554785 0.174445
vt 0.564938 0.193439
vt 0.578600 0.210087
vt 0.595248 0.223750
vt 0.614242 0.233902
vt 0.819534 0.052889
vt 0.699200 0.133294
vt 0.779605 0.253628
vt 0.634851 0.240154
vt 0.663806 0.864566
vt 0.615984 0.888476
vt 0.615984 0.864566
vt 0.855092 0.792833
vt 0.759449 0.888476
vt 0.759449 0.792833
vt 0.663806 0.816744
vt 0.615984 0.840655
vt 0.615984 0.816744
vt 0.711627 0.816744
vt 0.687717 0.840655
vt 0.687717 0.816744
vt 0.711627 0.625458
vt 0.687717 0.649368
vt 0.687717 0.625458
vt 0.663806 0.649368
vt 0.663806 0.625458
vt 0.687717 0.601547
vt 0.663806 0.601547
vt 0.687717 0.673279
vt 0.663806 0.697190
vt 0.663806 0.673279
vt 0.711627 0.649368
vt 0.687717 0.745012
vt 0.663806 0.792833
vt 0.663806 0.745012
vt 0.687717 0.697190
vt 0.663806 0.840655
vt 0.687717 0.792833
vt 0.687717 0.864566
vt 0.663806 0.888476
vt 0.711627 0.840655
vt 0.687717 0.936298
vt 0.663806 0.984120
vt 0.663806 0.936298
vt 0.687717 0.888476
vt 0.568163 0.840655
vt 0.568163 0.816744
vt 0.615984 0.792833
vt 0.568163 0.792833
vt 0.568163 0.888476
vt 0.568163 0.864566
vt 0.759449 0.673279
vt 0.735538 0.673279
vt 0.759449 0.816744
vt 0.735538 0.840655
vt 0.735538 0.816744
vt 0.759449 0.625458
vt 0.735538 0.649368
vt 0.735538 0.625458
vt 0.759449 0.840655
vt 0.735538 0.864566
vt 0.759449 0.649368
vt 0.668010 0.046080
vt 0.710120 0.097540
vt 0.665865 0.146186
vt 0.761006 0.020368
vt 0.651445 0.106500
vt 0.651445 0.020368
vt 0.759449 0.864566
vt 0.761006 0.106500
vt 0.651445 0.179614
vt 0.651392 0.106500
vt 0.541831 0.179614
vt 0.541831 0.106500
vt 0.651392 0.020369
vt 0.541831 0.020369
vt 0.754432 0.145653
vt 0.710438 0.092481
vt 0.754432 0.043731
vt 0.610477 0.183739
vt 0.579324 0.149815
vt 0.643152 0.148342
vt 0.699448 0.181633
vt 0.667597 0.147662
vt 0.731486 0.146253
vt 0.636506 0.208909
vt 0.571293 0.109885
vt 0.593573 0.111809
vt 0.636506 0.060868
vt 0.587809 0.063245
vt 0.578838 0.033622
vt 0.610313 0.188001
vt 0.608558 0.185568
vt 0.699654 0.185852
vt 0.697488 0.183514
vt 0.731486 0.219801
vt 0.701168 0.183912
vt 0.643166 0.223413
vt 0.612288 0.185651
vt 0.665865 0.223165
vt 0.577195 0.223413
vt 0.692262 0.100264
vt 0.677635 0.085090
vt 0.701625 0.061340
vt 0.589237 0.070946
vt 0.593718 0.075108
vt 0.748047 0.207352
vt 0.748047 0.039911
vt 0.636559 0.108266
vt 0.650454 0.033622
vt 0.668863 0.067453
vt 0.543026 0.116481
vt 0.664735 0.096298
vt 0.592221 0.143211
vt 0.599483 0.106290
vt 0.562121 0.038148
vt 0.673115 0.089751
vt 0.676490 0.085288
vt 0.670197 0.095510
vt 0.759449 0.622588
vt 0.759449 0.615882
vt 0.759449 0.601547
vt 0.759449 0.909518
vt 0.759449 0.904964
vt 0.759449 0.900928
vt 0.759449 0.897066
vt 0.759449 0.893031
vt 0.711627 0.601547
vt 0.711627 0.606101
vt 0.687719 0.601547
vt 0.711627 0.610136
vt 0.711627 0.613999
vt 0.711627 0.618034
vt 0.711627 0.622588
vt 0.711627 0.867435
vt 0.711627 0.871989
vt 0.687719 0.888476
vt 0.711627 0.876024
vt 0.711627 0.879887
vt 0.711627 0.883922
vt 0.711627 0.888476
vt 0.759449 0.963078
vt 0.735538 0.967632
vt 0.735538 0.963078
vt 0.759449 0.967632
vt 0.735538 0.984120
vt 0.735538 0.613999
vt 0.735538 0.601547
vt 0.759449 0.613999
vt 0.735538 0.618034
vt 0.759449 0.618034
vt 0.735538 0.622588
vt 0.711627 0.909518
vt 0.735538 0.904964
vt 0.735538 0.909518
vt 0.711627 0.904964
vt 0.735538 0.900928
vt 0.711627 0.900928
vt 0.735538 0.876024
vt 0.735538 0.871989
vt 0.735538 0.867435
vt 0.711627 0.967632
vt 0.711627 0.963078
vt 0.711627 0.984120
vt 0.759449 0.876024
vt 0.759449 0.871989
vt 0.759449 0.867435
vt 0.759449 0.936298
vt 0.735538 0.936298
vt 0.759449 0.984120
vt 0.711627 0.936298
vt 0.687719 0.984120
vt 0.687717 0.984120
vt 0.711627 0.864566
vt 0.759449 0.718232
vt 0.759449 0.713677
vt 0.759449 0.697190
vt 0.759449 0.709642
vt 0.759449 0.705780
vt 0.759449 0.701744
vt 0.759449 0.813875
vt 0.759449 0.809321
vt 0.759449 0.805285
vt 0.759449 0.801423
vt 0.759449 0.797387
vt 0.711627 0.676149
vt 0.711627 0.680703
vt 0.687719 0.697190
vt 0.711627 0.684738
vt 0.711627 0.688600
vt 0.711627 0.692636
vt 0.711627 0.697190
vt 0.711627 0.771792
vt 0.711627 0.776346
vt 0.687719 0.792833
vt 0.711627 0.780381
vt 0.711627 0.784244
vt 0.711627 0.788279
vt 0.711627 0.792833
vt 0.711627 0.718232
vt 0.735538 0.713677
vt 0.735538 0.718232
vt 0.711627 0.713677
vt 0.735538 0.709642
vt 0.711627 0.709642
vt 0.735538 0.684738
vt 0.735538 0.680703
vt 0.735538 0.676149
vt 0.711627 0.813875
vt 0.735538 0.809321
vt 0.735538 0.813875
vt 0.711627 0.809321
vt 0.735538 0.805285
vt 0.711627 0.805285
vt 0.735538 0.780381
vt 0.735538 0.776346
vt 0.735538 0.771792
vt 0.759449 0.684738
vt 0.759449 0.680703
vt 0.759449 0.676149
vt 0.759449 0.780381
vt 0.759449 0.776346
vt 0.759449 0.771792
vt 0.759449 0.745012
vt 0.735538 0.745012
vt 0.711627 0.673279
vt 0.711627 0.745012
vt 0.712990 0.095040
vt 0.710169 0.094582
vt 0.709826 0.094033
vt 0.709951 0.094486
vt 0.577195 0.047933
vt 0.620738 0.094177
vt 0.618373 0.096821
vt 0.663739 0.145851
vt 0.665798 0.043731
vt 0.707988 0.094584
vt 0.577195 0.148275
vt 0.623017 0.097298
vt 0.620496 0.099578
vt 0.620187 0.097160
vt 0.620488 0.097524
vt 0.619997 0.097752
vt 0.710033 0.094709
vt 0.620525 0.097168
vt 0.735568 0.625458
vt 0.735686 0.625458
vt 0.735653 0.625458
vt 0.735645 0.625458
vt 0.759449 0.647776
vt 0.735538 0.647776
vt 0.735567 0.864566
vt 0.759449 0.842248
vt 0.735538 0.842248
vt 0.735561 0.625458
vt 0.735583 0.625458
vt 0.735538 0.647772
vt 0.759449 0.842251
vt 0.735553 0.864566
vt 0.735555 0.864566
vt 0.735540 0.864566
vt 0.735550 0.625458
vt 0.735572 0.625458
vt 0.735595 0.625458
vt 0.735550 0.864566
vt 0.735552 0.864566
vt 0.735554 0.864566
vt 0.759449 0.647773
vt 0.735538 0.842251
vt 0.759449 0.672851
vt 0.760422 0.673458
vt 0.747097 0.673279
vt 0.759449 0.629278
vt 0.759449 0.626706
vt 0.747097 0.625458
vt 0.759449 0.648031
vt 0.759449 0.632107
vt 0.761135 0.631201
vt 0.759449 0.647882
vt 0.759449 0.648285
vt 0.759449 0.625653
vt 0.759449 0.625948
vt 0.759449 0.672878
vt 0.759449 0.863381
vt 0.761135 0.859525
vt 0.747097 0.864566
vt 0.759449 0.817668
vt 0.759449 0.817412
vt 0.747097 0.816744
vt 0.759449 0.841992
vt 0.759449 0.817573
vt 0.760422 0.816541
vt 0.759449 0.842141
vt 0.759449 0.841738
vt 0.759449 0.816855
vt 0.759449 0.816869
vt 0.759449 0.862391
vt 0.735538 0.816414
vt 0.732952 0.816727
vt 0.738626 0.816744
vt 0.735012 0.865398
vt 0.735538 0.865124
vt 0.735538 0.816569
vt 0.733974 0.840655
vt 0.734498 0.816584
vt 0.733468 0.840655
vt 0.734120 0.816545
vt 0.732896 0.840655
vt 0.735267 0.865018
vt 0.733974 0.864566
vt 0.733468 0.864566
vt 0.732896 0.864566
vt 0.735538 0.815638
vt 0.734726 0.624325
vt 0.732951 0.625375
vt 0.738626 0.625458
vt 0.735176 0.673498
vt 0.735538 0.674385
vt 0.735538 0.624596
vt 0.735538 0.623832
vt 0.733974 0.649368
vt 0.733468 0.649368
vt 0.734404 0.624046
vt 0.732896 0.649368
vt 0.735356 0.673398
vt 0.733974 0.673279
vt 0.733468 0.673279
vt 0.732896 0.673279
vt 0.735538 0.624900
vt 0.414177 0.451657
vt 0.427579 0.478462
vt 0.427579 0.451657
vt 0.427579 0.237225
vt 0.414177 0.264029
vt 0.427579 0.264029
vt 0.414177 0.424853
vt 0.427579 0.424853
vt 0.427579 0.210421
vt 0.414177 0.237225
vt 0.414177 0.398049
vt 0.427579 0.398049
vt 0.427579 0.183617
vt 0.414177 0.210421
vt 0.414177 0.371245
vt 0.427579 0.371245
vt 0.427579 0.156813
vt 0.414177 0.183617
vt 0.414177 0.344441
vt 0.427579 0.344441
vt 0.427579 0.130009
vt 0.414177 0.156813
vt 0.414177 0.317637
vt 0.427579 0.317637
vt 0.427579 0.103205
vt 0.414177 0.130009
vt 0.414177 0.290833
vt 0.427579 0.290833
vt 0.414177 0.478462
vt 0.420878 0.505265
vt 0.420878 0.076401
vt 0.414177 0.103205
vt 0.400775 0.478462
vt 0.407476 0.505265
vt 0.407476 0.076401
vt 0.400775 0.103205
vt 0.400775 0.290833
vt 0.400775 0.451657
vt 0.400775 0.264029
vt 0.400775 0.424853
vt 0.400775 0.237225
vt 0.400775 0.398049
vt 0.400775 0.210421
vt 0.400775 0.371245
vt 0.400775 0.183617
vt 0.400775 0.344441
vt 0.400775 0.156813
vt 0.400775 0.317637
vt 0.400775 0.130009
vt 0.387373 0.371245
vt 0.387373 0.183617
vt 0.387373 0.344441
vt 0.387373 0.156813
vt 0.387373 0.317637
vt 0.387373 0.130009
vt 0.387373 0.290833
vt 0.387373 0.478462
vt 0.394074 0.505265
vt 0.394074 0.076401
vt 0.387373 0.103205
vt 0.387373 0.451657
vt 0.387373 0.264029
vt 0.387373 0.424853
vt 0.387373 0.237225
vt 0.387373 0.398049
vt 0.387373 0.210421
vt 0.373971 0.290833
vt 0.373971 0.451657
vt 0.373971 0.264029
vt 0.373971 0.424853
vt 0.373971 0.237225
vt 0.373971 0.398049
vt 0.373971 0.210421
vt 0.373971 0.371245
vt 0.373971 0.183617
vt 0.373971 0.344441
vt 0.373971 0.156813
vt 0.373971 0.317637
vt 0.373971 0.130009
vt 0.373971 0.478462
vt 0.380672 0.505265
vt 0.380672 0.076401
vt 0.373971 0.103205
vt 0.360569 0.183617
vt 0.360569 0.344441
vt 0.360569 0.156813
vt 0.360569 0.317637
vt 0.360569 0.130009
vt 0.360569 0.290833
vt 0.360569 0.478462
vt 0.367270 0.505265
vt 0.367270 0.076401
vt 0.360569 0.103205
vt 0.360569 0.451657
vt 0.360569 0.264029
vt 0.360569 0.424853
vt 0.360569 0.237225
vt 0.360569 0.398049
vt 0.360569 0.210421
vt 0.360569 0.371245
vt 0.347167 0.451657
vt 0.347167 0.264029
vt 0.347167 0.424853
vt 0.347167 0.237225
vt 0.347167 0.398049
vt 0.347167 0.210421
vt 0.347167 0.371245
vt 0.347167 0.183617
vt 0.347167 0.344441
vt 0.347167 0.156813
vt 0.347167 0.317637
vt 0.347167 0.130009
vt 0.347167 0.290833
vt 0.347167 0.478462
vt 0.353868 0.505265
vt 0.353868 0.076401
vt 0.347167 0.103205
vt 0.333765 0.344441
vt 0.333765 0.156813
vt 0.333765 0.317637
vt 0.333765 0.130009
vt 0.333765 0.290833
vt 0.333765 0.478462
vt 0.340466 0.505265
vt 0.340466 0.076401
vt 0.333765 0.103205
vt 0.333765 0.451657
vt 0.333765 0.264029
vt 0.333765 0.424853
vt 0.333765 0.237225
vt 0.333765 0.398049
vt 0.333765 0.210421
vt 0.333765 0.371245
vt 0.333765 0.183617
vt 0.320363 0.264029
vt 0.320363 0.424853
vt 0.320363 0.237225
vt 0.320363 0.398049
vt 0.320363 0.210421
vt 0.320363 0.371245
vt 0.320363 0.183617
vt 0.320363 0.344441
vt 0.320363 0.156813
vt 0.320363 0.317637
vt 0.320363 0.130009
vt 0.320363 0.290833
vt 0.320363 0.478462
vt 0.327064 0.505265
vt 0.327064 0.076401
vt 0.320363 0.103205
vt 0.320363 0.451657
vt 0.306961 0.130009
vt 0.306961 0.344441
vt 0.306961 0.103205
vt 0.306961 0.317637
vt 0.306961 0.478462
vt 0.313662 0.505265
vt 0.313662 0.076401
vt 0.306961 0.264029
vt 0.306961 0.237225
vt 0.306961 0.451657
vt 0.306961 0.210421
vt 0.306961 0.424853
vt 0.306961 0.183617
vt 0.306961 0.398049
vt 0.306961 0.156813
vt 0.306961 0.371245
vt 0.293559 0.210421
vt 0.293559 0.424853
vt 0.293559 0.183617
vt 0.293559 0.398049
vt 0.293559 0.156813
vt 0.293559 0.371245
vt 0.293559 0.130009
vt 0.293559 0.344441
vt 0.293559 0.103205
vt 0.306961 0.290833
vt 0.293559 0.317637
vt 0.293559 0.478462
vt 0.300260 0.505265
vt 0.300260 0.076401
vt 0.293559 0.264029
vt 0.293559 0.237225
vt 0.293559 0.451657
vt 0.280157 0.103205
vt 0.293559 0.290833
vt 0.280157 0.317637
vt 0.280157 0.478462
vt 0.286858 0.505265
vt 0.286858 0.076401
vt 0.280157 0.264029
vt 0.280157 0.237225
vt 0.280157 0.451657
vt 0.280157 0.210421
vt 0.280157 0.424853
vt 0.280157 0.183617
vt 0.280157 0.398049
vt 0.280157 0.156813
vt 0.280157 0.371245
vt 0.280157 0.130009
vt 0.280157 0.344441
vt 0.266755 0.424853
vt 0.266755 0.183617
vt 0.266755 0.398049
vt 0.266755 0.156813
vt 0.266755 0.371245
vt 0.266755 0.130009
vt 0.266755 0.344441
vt 0.266755 0.103205
vt 0.280157 0.290833
vt 0.266755 0.317637
vt 0.266755 0.478462
vt 0.273456 0.505265
vt 0.273456 0.076401
vt 0.266755 0.264029
vt 0.266755 0.237225
vt 0.266755 0.451657
vt 0.266755 0.210421
vt 0.266755 0.290833
vt 0.253353 0.317637
vt 0.253353 0.478462
vt 0.260054 0.505265
vt 0.260054 0.076401
vt 0.253353 0.103205
vt 0.253353 0.264029
vt 0.253353 0.237225
vt 0.253353 0.451657
vt 0.253353 0.210421
vt 0.253353 0.424853
vt 0.253353 0.183617
vt 0.253353 0.398049
vt 0.253353 0.156813
vt 0.253353 0.371245
vt 0.253353 0.130009
vt 0.253353 0.344441
vt 0.239951 0.183617
vt 0.239951 0.398049
vt 0.239951 0.156813
vt 0.239951 0.371245
vt 0.239951 0.130009
vt 0.239951 0.344441
vt 0.239951 0.103205
vt 0.253353 0.290833
vt 0.239951 0.317637
vt 0.239951 0.478462
vt 0.246652 0.505265
vt 0.246652 0.076401
vt 0.239951 0.264029
vt 0.239951 0.237225
vt 0.239951 0.451657
vt 0.239951 0.210421
vt 0.239951 0.424853
vt 0.226549 0.478462
vt 0.233250 0.505265
vt 0.233250 0.076401
vt 0.226549 0.103205
vt 0.226549 0.264029
vt 0.239951 0.290833
vt 0.226549 0.237225
vt 0.226549 0.451657
vt 0.226549 0.210421
vt 0.226549 0.424853
vt 0.226549 0.183617
vt 0.226549 0.398049
vt 0.226549 0.156813
vt 0.226549 0.371245
vt 0.226549 0.130009
vt 0.226549 0.344441
vt 0.226549 0.317637
vt 0.213147 0.398049
vt 0.213147 0.156813
vt 0.213147 0.371245
vt 0.213147 0.130009
vt 0.213147 0.344441
vt 0.213147 0.103205
vt 0.226549 0.290833
vt 0.213147 0.317637
vt 0.213147 0.478462
vt 0.219848 0.505265
vt 0.219848 0.076401
vt 0.213147 0.264029
vt 0.213147 0.237225
vt 0.213147 0.451657
vt 0.213147 0.210421
vt 0.213147 0.424853
vt 0.213147 0.183617
vt 0.199745 0.290833
vt 0.213147 0.290833
vt 0.199745 0.451657
vt 0.199745 0.264029
vt 0.199745 0.424853
vt 0.199745 0.237225
vt 0.199745 0.398049
vt 0.199745 0.210421
vt 0.199745 0.371245
vt 0.199745 0.183617
vt 0.199745 0.344441
vt 0.199745 0.156813
vt 0.199745 0.317637
vt 0.199745 0.130009
vt 0.199745 0.478462
vt 0.206446 0.505265
vt 0.206446 0.076401
vt 0.199745 0.103205
vt 0.186343 0.183617
vt 0.186343 0.344441
vt 0.186343 0.156813
vt 0.186343 0.317637
vt 0.186343 0.130009
vt 0.186343 0.290833
vt 0.186343 0.478462
vt 0.193044 0.505265
vt 0.193044 0.076401
vt 0.186343 0.103205
vt 0.186343 0.451657
vt 0.186343 0.264029
vt 0.186343 0.424853
vt 0.186343 0.237225
vt 0.186343 0.398049
vt 0.186343 0.210421
vt 0.186343 0.371245
vt 0.172941 0.264029
vt 0.172941 0.424853
vt 0.172941 0.237225
vt 0.172941 0.398049
vt 0.172941 0.210421
vt 0.172941 0.371245
vt 0.172941 0.183617
vt 0.172941 0.344441
vt 0.172941 0.156813
vt 0.172941 0.317637
vt 0.172941 0.130009
vt 0.172941 0.290833
vt 0.172941 0.478462
vt 0.179642 0.505265
vt 0.179642 0.076401
vt 0.172941 0.103205
vt 0.172941 0.451657
vt 0.159539 0.156813
vt 0.159539 0.317637
vt 0.159539 0.130009
vt 0.159539 0.290833
vt 0.159539 0.478462
vt 0.166240 0.505265
vt 0.166240 0.076401
vt 0.159539 0.103205
vt 0.159539 0.451657
vt 0.159539 0.264029
vt 0.159539 0.424853
vt 0.159539 0.237225
vt 0.159539 0.398049
vt 0.159539 0.210421
vt 0.159539 0.371245
vt 0.159539 0.183617
vt 0.159539 0.344441
vt 0.146137 0.424853
vt 0.146137 0.237225
vt 0.146137 0.398049
vt 0.146137 0.210421
vt 0.146137 0.371245
vt 0.146137 0.183617
vt 0.146137 0.344441
vt 0.146137 0.156813
vt 0.146137 0.317637
vt 0.146137 0.130009
vt 0.146137 0.290833
vt 0.146137 0.478462
vt 0.152838 0.505265
vt 0.152838 0.076401
vt 0.146137 0.103205
vt 0.146137 0.451657
vt 0.146137 0.264029
vt 0.132735 0.317637
vt 0.132735 0.130009
vt 0.132735 0.290833
vt 0.132735 0.478462
vt 0.139436 0.505265
vt 0.139436 0.076401
vt 0.132735 0.103205
vt 0.132735 0.451657
vt 0.132735 0.264029
vt 0.132735 0.424853
vt 0.132735 0.237225
vt 0.132735 0.398049
vt 0.132735 0.210421
vt 0.132735 0.371245
vt 0.132735 0.183617
vt 0.132735 0.344441
vt 0.132735 0.156813
vt 0.119333 0.237225
vt 0.119333 0.398049
vt 0.119333 0.210421
vt 0.119333 0.371245
vt 0.119333 0.183617
vt 0.119333 0.344441
vt 0.119333 0.156813
vt 0.119333 0.317637
vt 0.119333 0.130009
vt 0.119333 0.290833
vt 0.119333 0.478462
vt 0.126034 0.505265
vt 0.126034 0.076401
vt 0.119333 0.103205
vt 0.119333 0.451657
vt 0.119333 0.264029
vt 0.119333 0.424853
vt 0.105931 0.130009
vt 0.105931 0.290833
vt 0.105931 0.478462
vt 0.112632 0.505265
vt 0.112632 0.076401
vt 0.105931 0.103205
vt 0.105931 0.451657
vt 0.105931 0.264029
vt 0.105931 0.424853
vt 0.105931 0.237225
vt 0.105931 0.398049
vt 0.105931 0.210421
vt 0.105931 0.371245
vt 0.105931 0.183617
vt 0.105931 0.344441
vt 0.105931 0.156813
vt 0.105931 0.317637
vt 0.534795 0.398049
vt 0.521393 0.424853
vt 0.534795 0.424853
vt 0.521393 0.183617
vt 0.534795 0.210421
vt 0.534795 0.183617
vt 0.534795 0.371245
vt 0.521393 0.398049
vt 0.521393 0.156813
vt 0.534795 0.156813
vt 0.534795 0.344441
vt 0.521393 0.371245
vt 0.521393 0.130009
vt 0.534795 0.130009
vt 0.534795 0.317637
vt 0.521393 0.344441
vt 0.521393 0.103205
vt 0.534795 0.103205
vt 0.534795 0.290833
vt 0.521393 0.317637
vt 0.534795 0.478462
vt 0.521393 0.478462
vt 0.528094 0.505265
vt 0.528094 0.076401
vt 0.521393 0.264029
vt 0.534795 0.264029
vt 0.534795 0.451657
vt 0.521393 0.237225
vt 0.534795 0.237225
vt 0.521393 0.451657
vt 0.521393 0.210421
vt 0.521393 0.290833
vt 0.507991 0.317637
vt 0.507991 0.478462
vt 0.514692 0.505265
vt 0.514692 0.076401
vt 0.507991 0.103205
vt 0.507991 0.264029
vt 0.507991 0.237225
vt 0.507991 0.451657
vt 0.507991 0.210421
vt 0.507991 0.424853
vt 0.507991 0.183617
vt 0.507991 0.398049
vt 0.507991 0.156813
vt 0.507991 0.371245
vt 0.507991 0.130009
vt 0.507991 0.344441
vt 0.494589 0.183617
vt 0.494589 0.398049
vt 0.494589 0.156813
vt 0.494589 0.371245
vt 0.494589 0.130009
vt 0.494589 0.344441
vt 0.494589 0.103205
vt 0.507991 0.290833
vt 0.494589 0.317637
vt 0.494589 0.478462
vt 0.501290 0.505265
vt 0.501290 0.076401
vt 0.494589 0.264029
vt 0.494589 0.237225
vt 0.494589 0.451657
vt 0.494589 0.210421
vt 0.494589 0.424853
vt 0.487888 0.076401
vt 0.481187 0.103205
vt 0.481187 0.264029
vt 0.494589 0.290833
vt 0.481187 0.478462
vt 0.481187 0.237225
vt 0.481187 0.451657
vt 0.481187 0.210421
vt 0.481187 0.424853
vt 0.481187 0.183617
vt 0.481187 0.398049
vt 0.481187 0.156813
vt 0.481187 0.371245
vt 0.481187 0.130009
vt 0.481187 0.344441
vt 0.481187 0.317637
vt 0.487888 0.505265
vt 0.467785 0.156813
vt 0.467785 0.371245
vt 0.467785 0.130009
vt 0.467785 0.344441
vt 0.467785 0.103205
vt 0.481187 0.290833
vt 0.467785 0.317637
vt 0.467785 0.478462
vt 0.474486 0.505265
vt 0.474486 0.076401
vt 0.467785 0.264029
vt 0.467785 0.237225
vt 0.467785 0.451657
vt 0.467785 0.210421
vt 0.467785 0.424853
vt 0.467785 0.183617
vt 0.467785 0.398049
vt 0.454383 0.478462
vt 0.454383 0.237225
vt 0.454383 0.451657
vt 0.454383 0.210421
vt 0.454383 0.424853
vt 0.454383 0.183617
vt 0.454383 0.398049
vt 0.454383 0.156813
vt 0.454383 0.371245
vt 0.454383 0.130009
vt 0.454383 0.344441
vt 0.454383 0.103205
vt 0.467785 0.290833
vt 0.454383 0.317637
vt 0.461084 0.505265
vt 0.461084 0.076401
vt 0.454383 0.264029
vt 0.440981 0.371245
vt 0.440981 0.130009
vt 0.440981 0.344441
vt 0.440981 0.103205
vt 0.454383 0.290833
vt 0.440981 0.317637
vt 0.440981 0.478462
vt 0.447682 0.505265
vt 0.447682 0.076401
vt 0.440981 0.264029
vt 0.440981 0.237225
vt 0.440981 0.451657
vt 0.440981 0.210421
vt 0.440981 0.424853
vt 0.440981 0.183617
vt 0.440981 0.398049
vt 0.440981 0.156813
vt 0.440981 0.290833
vt 0.434280 0.505265
vt 0.434280 0.076401
vt 0.399895 0.489688
vt 0.390261 0.470420
vt 0.399895 0.470420
vt 0.399895 0.316278
vt 0.390261 0.335546
vt 0.390261 0.316278
vt 0.390261 0.451153
vt 0.399895 0.451153
vt 0.399895 0.297011
vt 0.390261 0.297011
vt 0.390261 0.431885
vt 0.399895 0.431885
vt 0.399895 0.277743
vt 0.390261 0.277743
vt 0.390261 0.412617
vt 0.399895 0.412617
vt 0.399895 0.258475
vt 0.390261 0.258475
vt 0.390261 0.393349
vt 0.399895 0.393349
vt 0.399895 0.239207
vt 0.390261 0.239207
vt 0.390261 0.374082
vt 0.399895 0.374082
vt 0.399895 0.219939
vt 0.390261 0.219939
vt 0.390261 0.354814
vt 0.399895 0.354814
vt 0.395078 0.508956
vt 0.390261 0.489688
vt 0.395078 0.200672
vt 0.399895 0.335546
vt 0.385444 0.508956
vt 0.380627 0.489688
vt 0.385444 0.200672
vt 0.380627 0.219939
vt 0.380627 0.354814
vt 0.380627 0.335546
vt 0.380627 0.470420
vt 0.380627 0.316278
vt 0.380627 0.451153
vt 0.380627 0.297011
vt 0.380627 0.431885
vt 0.380627 0.277743
vt 0.380627 0.412617
vt 0.380627 0.258475
vt 0.380627 0.393349
vt 0.380627 0.239207
vt 0.380627 0.374082
vt 0.370993 0.412617
vt 0.370993 0.277743
vt 0.370993 0.258475
vt 0.370993 0.393349
vt 0.370993 0.239207
vt 0.370993 0.374082
vt 0.370993 0.219939
vt 0.370993 0.354814
vt 0.375810 0.508956
vt 0.370993 0.489688
vt 0.375810 0.200672
vt 0.370993 0.335546
vt 0.370993 0.470420
vt 0.370993 0.316278
vt 0.370993 0.451153
vt 0.370993 0.297011
vt 0.370993 0.431885
vt 0.361359 0.354814
vt 0.361359 0.335546
vt 0.361359 0.470420
vt 0.361359 0.316278
vt 0.361359 0.451153
vt 0.361359 0.297011
vt 0.361359 0.431885
vt 0.361359 0.277743
vt 0.361359 0.412617
vt 0.361359 0.258475
vt 0.361359 0.393349
vt 0.361359 0.239207
vt 0.361359 0.374082
vt 0.361359 0.219939
vt 0.366176 0.508956
vt 0.361359 0.489688
vt 0.366176 0.200672
vt 0.351725 0.277743
vt 0.351725 0.258475
vt 0.351725 0.393349
vt 0.351725 0.239207
vt 0.351725 0.374082
vt 0.351725 0.219939
vt 0.351725 0.354814
vt 0.356542 0.508956
vt 0.351725 0.489688
vt 0.356542 0.200672
vt 0.351725 0.335546
vt 0.351725 0.470420
vt 0.351725 0.316278
vt 0.351725 0.451153
vt 0.351725 0.297011
vt 0.351725 0.431885
vt 0.351725 0.412617
vt 0.342091 0.470420
vt 0.342091 0.335546
vt 0.342091 0.316278
vt 0.342091 0.451153
vt 0.342091 0.297011
vt 0.342091 0.431885
vt 0.342091 0.277743
vt 0.342091 0.412617
vt 0.342091 0.258475
vt 0.342091 0.393349
vt 0.342091 0.239207
vt 0.342091 0.374082
vt 0.342091 0.219939
vt 0.342091 0.354814
vt 0.346908 0.508956
vt 0.342091 0.489688
vt 0.346908 0.200672
vt 0.332457 0.393349
vt 0.332457 0.258475
vt 0.332457 0.239207
vt 0.332457 0.374082
vt 0.332457 0.219939
vt 0.332457 0.354814
vt 0.337274 0.508956
vt 0.332457 0.489688
vt 0.337274 0.200672
vt 0.332457 0.335546
vt 0.332457 0.470420
vt 0.332457 0.316278
vt 0.332457 0.451153
vt 0.332457 0.297011
vt 0.332457 0.431885
vt 0.332457 0.277743
vt 0.332457 0.412617
vt 0.322824 0.335546
vt 0.322824 0.316278
vt 0.322824 0.451153
vt 0.322824 0.297011
vt 0.322824 0.431885
vt 0.322824 0.277743
vt 0.322824 0.412617
vt 0.322824 0.258475
vt 0.322824 0.393349
vt 0.322824 0.239207
vt 0.322824 0.374082
vt 0.322824 0.219939
vt 0.322824 0.354814
vt 0.327641 0.508956
vt 0.322824 0.489688
vt 0.327641 0.200672
vt 0.322824 0.470420
vt 0.313190 0.239207
vt 0.313190 0.393349
vt 0.313190 0.374082
vt 0.313190 0.219939
vt 0.313190 0.354814
vt 0.318007 0.508956
vt 0.313190 0.489688
vt 0.318007 0.200672
vt 0.313190 0.335546
vt 0.313190 0.470420
vt 0.313190 0.316278
vt 0.313190 0.451153
vt 0.313190 0.297011
vt 0.313190 0.431885
vt 0.313190 0.277743
vt 0.313190 0.412617
vt 0.313190 0.258475
vt 0.303556 0.297011
vt 0.303556 0.451153
vt 0.303556 0.431885
vt 0.303556 0.277743
vt 0.303556 0.412617
vt 0.303556 0.258475
vt 0.303556 0.393349
vt 0.303556 0.239207
vt 0.303556 0.374082
vt 0.303556 0.219939
vt 0.303556 0.354814
vt 0.308373 0.508956
vt 0.303556 0.489688
vt 0.308373 0.200672
vt 0.303556 0.335546
vt 0.303556 0.470420
vt 0.303556 0.316278
vt 0.293922 0.219939
vt 0.293922 0.374082
vt 0.293922 0.354814
vt 0.298739 0.508956
vt 0.293922 0.489688
vt 0.298739 0.200672
vt 0.293922 0.335546
vt 0.293922 0.470420
vt 0.293922 0.316278
vt 0.293922 0.451153
vt 0.293922 0.297011
vt 0.293922 0.431885
vt 0.293922 0.277743
vt 0.293922 0.412617
vt 0.293922 0.258475
vt 0.293922 0.393349
vt 0.293922 0.239207
vt 0.284288 0.451153
vt 0.284288 0.431885
vt 0.284288 0.277743
vt 0.284288 0.412617
vt 0.284288 0.258475
vt 0.284288 0.393349
vt 0.284288 0.239207
vt 0.284288 0.374082
vt 0.284288 0.219939
vt 0.284288 0.354814
vt 0.289105 0.508956
vt 0.284288 0.489688
vt 0.289105 0.200672
vt 0.284288 0.335546
vt 0.284288 0.470420
vt 0.284288 0.316278
vt 0.284288 0.297011
vt 0.274654 0.374082
vt 0.274654 0.354814
vt 0.279471 0.508956
vt 0.274654 0.489688
vt 0.279471 0.200672
vt 0.274654 0.219939
vt 0.274654 0.335546
vt 0.274654 0.470420
vt 0.274654 0.316278
vt 0.274654 0.451153
vt 0.274654 0.297011
vt 0.274654 0.431885
vt 0.274654 0.277743
vt 0.274654 0.412617
vt 0.274654 0.258475
vt 0.274654 0.393349
vt 0.274654 0.239207
vt 0.265020 0.277743
vt 0.265020 0.431885
vt 0.265020 0.412617
vt 0.265020 0.258475
vt 0.265020 0.393349
vt 0.265020 0.239207
vt 0.265020 0.374082
vt 0.265020 0.219939
vt 0.265020 0.354814
vt 0.269837 0.508956
vt 0.265020 0.489688
vt 0.269837 0.200672
vt 0.265020 0.335546
vt 0.265020 0.470420
vt 0.265020 0.316278
vt 0.265020 0.451153
vt 0.265020 0.297011
vt 0.260203 0.508956
vt 0.255386 0.489688
vt 0.260203 0.200672
vt 0.255386 0.219939
vt 0.255386 0.335546
vt 0.255386 0.470420
vt 0.255386 0.316278
vt 0.255386 0.451153
vt 0.255386 0.297011
vt 0.255386 0.431885
vt 0.255386 0.277743
vt 0.255386 0.412617
vt 0.255386 0.258475
vt 0.255386 0.393349
vt 0.255386 0.239207
vt 0.255386 0.374082
vt 0.255386 0.354814
vt 0.245753 0.431885
vt 0.245753 0.412617
vt 0.245753 0.258475
vt 0.245753 0.393349
vt 0.245753 0.239207
vt 0.245753 0.374082
vt 0.245753 0.219939
vt 0.245753 0.354814
vt 0.250569 0.508956
vt 0.245753 0.489688
vt 0.250569 0.200672
vt 0.245753 0.335546
vt 0.245753 0.470420
vt 0.245753 0.316278
vt 0.245753 0.451153
vt 0.245753 0.297011
vt 0.245753 0.277743
vt 0.236119 0.354814
vt 0.236119 0.335546
vt 0.236119 0.470420
vt 0.236119 0.316278
vt 0.236119 0.451153
vt 0.236119 0.297011
vt 0.236119 0.431885
vt 0.236119 0.277743
vt 0.236119 0.412617
vt 0.236119 0.258475
vt 0.236119 0.393349
vt 0.236119 0.239207
vt 0.236119 0.374082
vt 0.236119 0.219939
vt 0.240936 0.508956
vt 0.236119 0.489688
vt 0.240936 0.200672
vt 0.226485 0.277743
vt 0.226485 0.258475
vt 0.226485 0.393349
vt 0.226485 0.239207
vt 0.226485 0.374082
vt 0.226485 0.219939
vt 0.226485 0.354814
vt 0.231302 0.508956
vt 0.226485 0.489688
vt 0.231302 0.200672
vt 0.226485 0.335546
vt 0.226485 0.470420
vt 0.226485 0.316278
vt 0.226485 0.451153
vt 0.226485 0.297011
vt 0.226485 0.431885
vt 0.226485 0.412617
vt 0.216851 0.335546
vt 0.216851 0.316278
vt 0.216851 0.451153
vt 0.216851 0.297011
vt 0.216851 0.431885
vt 0.216851 0.277743
vt 0.216851 0.412617
vt 0.216851 0.258475
vt 0.216851 0.393349
vt 0.216851 0.239207
vt 0.216851 0.374082
vt 0.216851 0.219939
vt 0.216851 0.354814
vt 0.221668 0.508956
vt 0.216851 0.489688
vt 0.221668 0.200672
vt 0.216851 0.470420
vt 0.207217 0.258475
vt 0.207217 0.239207
vt 0.207217 0.374082
vt 0.207217 0.219939
vt 0.207217 0.354814
vt 0.212034 0.508956
vt 0.207217 0.489688
vt 0.212034 0.200672
vt 0.207217 0.335546
vt 0.207217 0.470420
vt 0.207217 0.316278
vt 0.207217 0.451153
vt 0.207217 0.297011
vt 0.207217 0.431885
vt 0.207217 0.277743
vt 0.207217 0.412617
vt 0.207217 0.393349
vt 0.197583 0.451153
vt 0.197583 0.316278
vt 0.197583 0.297011
vt 0.197583 0.431885
vt 0.197583 0.277743
vt 0.197583 0.412617
vt 0.197583 0.258475
vt 0.197583 0.393349
vt 0.197583 0.239207
vt 0.197583 0.374082
vt 0.197583 0.219939
vt 0.197583 0.354814
vt 0.202400 0.508956
vt 0.197583 0.489688
vt 0.202400 0.200672
vt 0.197583 0.335546
vt 0.197583 0.470420
vt 0.187949 0.374082
vt 0.187949 0.239207
vt 0.187949 0.219939
vt 0.187949 0.354814
vt 0.192766 0.508956
vt 0.187949 0.489688
vt 0.192766 0.200672
vt 0.187949 0.335546
vt 0.187949 0.470420
vt 0.187949 0.316278
vt 0.187949 0.451153
vt 0.187949 0.297011
vt 0.187949 0.431885
vt 0.187949 0.277743
vt 0.187949 0.412617
vt 0.187949 0.258475
vt 0.187949 0.393349
vt 0.178315 0.316278
vt 0.178315 0.297011
vt 0.178315 0.431885
vt 0.178315 0.277743
vt 0.178315 0.412617
vt 0.178315 0.258475
vt 0.178315 0.393349
vt 0.178315 0.239207
vt 0.178315 0.374082
vt 0.178315 0.219939
vt 0.178315 0.354814
vt 0.183132 0.508956
vt 0.178315 0.489688
vt 0.183132 0.200672
vt 0.178315 0.335546
vt 0.178315 0.470420
vt 0.178315 0.451153
vt 0.168682 0.239207
vt 0.168682 0.219939
vt 0.168682 0.354814
vt 0.173498 0.508956
vt 0.168682 0.489688
vt 0.173498 0.200672
vt 0.168682 0.335546
vt 0.168682 0.470420
vt 0.168682 0.316278
vt 0.168682 0.451153
vt 0.168682 0.297011
vt 0.168682 0.431885
vt 0.168682 0.277743
vt 0.168682 0.412617
vt 0.168682 0.258475
vt 0.168682 0.393349
vt 0.168682 0.374082
vt 0.476966 0.431885
vt 0.467332 0.451153
vt 0.467332 0.431885
vt 0.476966 0.297011
vt 0.467332 0.277743
vt 0.476966 0.277743
vt 0.476966 0.412617
vt 0.467332 0.412617
vt 0.467332 0.258475
vt 0.476966 0.258475
vt 0.476966 0.393349
vt 0.467332 0.393349
vt 0.467332 0.239207
vt 0.476966 0.239207
vt 0.476966 0.374082
vt 0.467332 0.374082
vt 0.467332 0.219939
vt 0.476966 0.219939
vt 0.476966 0.354814
vt 0.467332 0.354814
vt 0.476966 0.489688
vt 0.472149 0.508956
vt 0.467332 0.489688
vt 0.472149 0.200672
vt 0.467332 0.335546
vt 0.476966 0.335546
vt 0.476966 0.470420
vt 0.467332 0.470420
vt 0.467332 0.316278
vt 0.476966 0.316278
vt 0.476966 0.451153
vt 0.467332 0.297011
vt 0.457698 0.374082
vt 0.457698 0.354814
vt 0.462515 0.508956
vt 0.457698 0.489688
vt 0.462515 0.200672
vt 0.457698 0.219939
vt 0.457698 0.335546
vt 0.457698 0.470420
vt 0.457698 0.316278
vt 0.457698 0.451153
vt 0.457698 0.297011
vt 0.457698 0.431885
vt 0.457698 0.277743
vt 0.457698 0.412617
vt 0.457698 0.258475
vt 0.457698 0.393349
vt 0.457698 0.239207
vt 0.448064 0.277743
vt 0.448064 0.431885
vt 0.448064 0.412617
vt 0.448064 0.258475
vt 0.448064 0.393349
vt 0.448064 0.239207
vt 0.448064 0.374082
vt 0.448064 0.219939
vt 0.448064 0.354814
vt 0.452881 0.508956
vt 0.448064 0.489688
vt 0.452881 0.200672
vt 0.448064 0.335546
vt 0.448064 0.470420
vt 0.448064 0.316278
vt 0.448064 0.451153
vt 0.448064 0.297011
vt 0.443247 0.200672
vt 0.438430 0.219939
vt 0.438430 0.335546
vt 0.438430 0.489688
vt 0.438430 0.470420
vt 0.438430 0.316278
vt 0.438430 0.451153
vt 0.438430 0.297011
vt 0.438430 0.431885
vt 0.438430 0.277743
vt 0.438430 0.412617
vt 0.438430 0.258475
vt 0.438430 0.393349
vt 0.438430 0.239207
vt 0.438430 0.374082
vt 0.438430 0.354814
vt 0.443247 0.508956
vt 0.428796 0.258475
vt 0.428796 0.412617
vt 0.428796 0.393349
vt 0.428796 0.239207
vt 0.428796 0.374082
vt 0.428796 0.219939
vt 0.428796 0.354814
vt 0.433613 0.508956
vt 0.428796 0.489688
vt 0.433613 0.200672
vt 0.428796 0.335546
vt 0.428796 0.470420
vt 0.428796 0.316278
vt 0.428796 0.451153
vt 0.428796 0.297011
vt 0.428796 0.431885
vt 0.428796 0.277743
vt 0.419162 0.489688
vt 0.419162 0.470420
vt 0.419162 0.316278
vt 0.419162 0.451153
vt 0.419162 0.297011
vt 0.419162 0.431885
vt 0.419162 0.277743
vt 0.419162 0.412617
vt 0.419162 0.258475
vt 0.419162 0.393349
vt 0.419162 0.239207
vt 0.419162 0.374082
vt 0.419162 0.219939
vt 0.419162 0.354814
vt 0.423979 0.508956
vt 0.423979 0.200672
vt 0.419162 0.335546
vt 0.409529 0.412617
vt 0.409529 0.393349
vt 0.409529 0.239207
vt 0.409529 0.374082
vt 0.409529 0.219939
vt 0.409529 0.354814
vt 0.414345 0.508956
vt 0.409529 0.489688
vt 0.414345 0.200672
vt 0.409529 0.335546
vt 0.409529 0.470420
vt 0.409529 0.316278
vt 0.409529 0.451153
vt 0.409529 0.297011
vt 0.409529 0.431885
vt 0.409529 0.277743
vt 0.409529 0.258475
vt 0.404712 0.508956
vt 0.404712 0.200672
vt 0.815858 0.837181
vt 0.815858 0.819738
vt 0.815858 0.872065
vt 0.798415 0.889508
vt 0.798415 0.872065
vt 0.815858 0.662758
vt 0.798415 0.680200
vt 0.798415 0.662758
vt 0.815858 0.802296
vt 0.798415 0.819738
vt 0.798415 0.802296
vt 0.815858 0.732527
vt 0.798415 0.749969
vt 0.798415 0.732527
vt 0.763531 0.732527
vt 0.780973 0.732527
vt 0.780973 0.749969
vt 0.780973 0.697642
vt 0.763531 0.715085
vt 0.763531 0.697642
vt 0.798415 0.697642
vt 0.815858 0.715085
vt 0.798415 0.715085
vt 0.763531 0.802296
vt 0.780973 0.802296
vt 0.780973 0.819738
vt 0.780973 0.767411
vt 0.763531 0.784854
vt 0.763531 0.767411
vt 0.798415 0.767411
vt 0.815858 0.784854
vt 0.798415 0.784854
vt 0.693762 0.802296
vt 0.711204 0.802296
vt 0.711204 0.819738
vt 0.711204 0.767411
vt 0.693762 0.784854
vt 0.693762 0.767411
vt 0.746089 0.767411
vt 0.746089 0.784854
vt 0.728646 0.784854
vt 0.763531 0.662758
vt 0.780973 0.662758
vt 0.780973 0.680200
vt 0.780973 0.627873
vt 0.763531 0.645315
vt 0.763531 0.627873
vt 0.798415 0.627873
vt 0.815858 0.645315
vt 0.798415 0.645315
vt 0.763531 0.872065
vt 0.780973 0.872065
vt 0.780973 0.889508
vt 0.780973 0.837181
vt 0.763531 0.854623
vt 0.763531 0.837181
vt 0.798415 0.837181
vt 0.815858 0.854623
vt 0.798415 0.854623
vt 0.815858 0.680200
vt 0.815858 0.889508
vt 0.815858 0.697642
vt 0.815858 0.627873
vt 0.815858 0.610431
vt 0.815858 0.767411
vt 0.815858 0.749969
vt 0.780973 0.854623
vt 0.746089 0.854623
vt 0.763531 0.819738
vt 0.746089 0.872065
vt 0.780973 0.645315
vt 0.798415 0.610431
vt 0.780973 0.610431
vt 0.763531 0.610431
vt 0.711204 0.784854
vt 0.711204 0.749969
vt 0.728646 0.767411
vt 0.676319 0.784854
vt 0.693762 0.749969
vt 0.676319 0.802296
vt 0.780973 0.784854
vt 0.763531 0.749969
vt 0.780973 0.715085
vt 0.763531 0.680200
vt 0.728646 0.819738
vt 0.728646 0.802296
vt 0.868185 0.749969
vt 0.850742 0.767411
vt 0.850742 0.749969
vt 0.868185 0.784854
vt 0.850742 0.802296
vt 0.850742 0.784854
vt 0.868185 0.767411
vt 0.833300 0.784854
vt 0.868185 0.802296
vt 0.850742 0.819738
vt 0.885627 0.767411
vt 0.833300 0.802296
vt 0.833300 0.767411
vt 0.833300 0.819738
vt 0.833300 0.749969
vt 0.885627 0.802296
vt 0.868185 0.819738
vt 0.885627 0.749969
vt 0.885627 0.784854
vt 0.291429 0.708842
vt 0.316834 0.708842
vt 0.303695 0.752068
vt 0.291429 0.795294
vt 0.316834 0.795294
vt 0.303695 0.838570
vt 0.230382 0.795294
vt 0.259027 0.838629
vt 0.316834 0.881746
vt 0.291429 0.968197
vt 0.291429 0.881746
vt 0.187156 0.881746
vt 0.143930 0.881746
vt 0.403286 0.881746
vt 0.230382 0.903359
vt 0.230382 0.881746
vt 0.230382 0.924972
vt 0.230382 0.946585
vt 0.230382 0.968197
vt 0.230382 0.708842
vt 0.259024 0.752068
vt 0.230382 0.622391
vt 0.291429 0.622391
vt 0.259027 0.665507
vt 0.316834 0.622391
vt 0.303695 0.665566
vt 0.258348 0.924972
vt 0.799569 0.255594
vt 0.819534 0.253628
vt 0.838732 0.247804
vt 0.856424 0.238348
vt 0.871932 0.225621
vt 0.884659 0.210113
vt 0.894115 0.192421
vt 0.899939 0.173223
vt 0.901905 0.153258
vt 0.899939 0.133294
vt 0.894115 0.114096
vt 0.884659 0.096404
vt 0.871932 0.080896
vt 0.856424 0.068169
vt 0.838732 0.058712
vt 0.799569 0.050922
vt 0.779605 0.052889
vt 0.760407 0.058712
vt 0.742715 0.068169
vt 0.727207 0.080896
vt 0.714480 0.096404
vt 0.705023 0.114096
vt 0.697233 0.153258
vt 0.699200 0.173223
vt 0.705023 0.192421
vt 0.714480 0.210113
vt 0.727207 0.225621
vt 0.742715 0.238348
vt 0.760407 0.247804
vt 0.855092 0.888476
vt 0.761006 0.179614
vt 0.651392 0.179614
vt 0.738626 0.864566
vt 0.738626 0.673279
vt 0.885627 0.819738
vt 0.316834 0.968197
vt 0.143930 0.795294
vt 0.208769 0.881746
vt 0.165543 0.881746
vt 0.403286 0.795294
s 1
f 1/1/1 33/2/2 2/3/3
f 2/3/3 33/2/2 3/4/4
f 3/4/4 33/2/2 4/5/5
f 4/5/5 33/2/2 5/6/6
f 5/6/6 33/2/2 6/7/7
f 6/7/7 33/2/2 7/8/8
f 7/8/8 33/2/2 8/9/9
f 8/9/9 33/2/2 9/10/10
f 9/10/10 33/2/2 10/11/11
f 10/11/11 33/2/2 11/12/12
f 11/12/12 33/2/2 12/13/13
f 12/13/13 33/2/2 13/14/14
f 13/14/14 33/2/2 14/15/15
f 14/15/15 33/2/2 15/16/16
f 15/16/16 33/2/2 16/17/17
f 16/17/17 33/2/2 17/18/18
f 17/18/18 33/2/2 18/19/19
f 18/19/19 33/2/2 19/20/20
f 19/20/20 33/2/2 20/21/21
f 20/21/21 33/2/2 21/22/22
f 21/22/22 33/2/2 22/23/23
f 22/23/23 33/2/2 23/24/24
f 23/24/24 33/2/2 24/25/25
f 24/25/25 33/2/2 25/26/26
f 25/26/26 33/2/2 26/27/27
f 26/27/27 33/2/2 27/28/28
f 27/28/28 33/2/2 28/29/29
f 28/29/29 33/2/2 29/30/30
f 29/30/30 33/2/2 30/31/31
f 30/31/31 33/2/2 31/32/32
f 16/33/33 24/34/33 32/35/33
f 31/32/32 33/2/2 32/36/34
f 32/36/34 33/2/2 1/1/1
f 57/37/2 53/38/2 74/39/2
f 39/40/33 41/41/33 40/42/33
f 51/43/2 58/44/2 73/45/2
f 61/46/35 62/47/35 70/48/35
f 65/49/36 66/50/36 67/51/36
f 67/51/36 42/52/36 46/53/36
f 56/54/36 46/53/36 34/55/36
f 68/56/36 35/57/36 55/58/36
f 66/50/36 55/58/36 42/52/36
f 45/59/36 68/56/36 66/50/36
f 69/60/37 37/61/37 48/62/37
f 47/63/37 48/62/37 35/57/37
f 70/48/35 43/64/35 51/43/35
f 50/65/35 51/43/35 37/61/35
f 71/66/35 36/67/35 57/37/35
f 62/47/35 57/37/35 43/64/35
f 44/68/35 71/66/35 62/47/35
f 72/69/38 34/70/38 53/71/38
f 52/72/38 53/71/38 36/67/38
f 73/45/2 42/73/2 55/74/2
f 48/75/2 55/74/2 35/76/2
f 37/61/2 73/45/2 48/75/2
f 74/39/2 34/77/2 46/78/2
f 58/44/2 46/78/2 42/73/2
f 43/64/2 74/39/2 58/44/2
f 80/79/39 96/80/40 89/79/40
f 87/81/35 91/82/35 94/83/35
f 85/84/41 92/85/36 93/86/42
f 88/87/35 95/88/43 91/82/35
f 86/89/36 96/80/36 92/85/36
f 78/81/44 88/87/45 87/81/46
f 83/83/47 91/82/48 81/82/49
f 84/80/50 92/85/51 96/80/52
f 80/79/53 86/89/54 77/89/55
f 78/81/56 94/83/57 83/83/58
f 98/90/59 258/91/59 106/92/59
f 99/93/60 105/94/61 97/95/62
f 90/96/63 104/88/64 95/88/43
f 93/86/42 102/84/65 85/84/41
f 107/97/38 106/98/38 105/94/38
f 109/99/38 111/100/38 108/101/38
f 101/102/66 108/101/59 100/103/67
f 105/104/61 253/105/61 97/106/62
f 108/107/38 118/108/38 117/109/38
f 110/110/38 120/111/38 119/112/38
f 110/84/68 167/84/68 165/84/68
f 114/113/69 121/114/69 122/115/69
f 118/116/70 125/117/70 117/118/70
f 103/119/61 118/108/61 111/120/61
f 99/121/60 120/111/61 107/122/61
f 110/110/59 115/123/59 102/124/59
f 108/107/59 113/125/59 100/126/67
f 102/124/37 116/127/37 99/121/37
f 100/126/37 114/128/37 103/119/37
f 127/129/59 133/130/59 123/131/59
f 122/115/61 132/132/61 126/133/61
f 119/134/71 123/131/71 115/135/71
f 118/116/72 122/115/72 126/133/72
f 120/136/70 127/129/70 119/134/70
f 116/137/69 123/131/69 124/138/69
f 117/118/71 121/114/71 113/139/71
f 120/136/72 124/138/72 128/140/72
f 129/141/68 132/132/68 130/142/68
f 125/117/59 129/141/59 121/114/59
f 125/117/38 132/132/38 131/143/38
f 121/114/37 130/142/37 122/115/37
f 133/130/68 136/144/68 134/145/68
f 128/140/38 135/146/38 127/129/38
f 124/138/37 133/130/37 134/145/37
f 124/138/61 136/144/61 128/140/61
f 112/88/73 172/88/73 170/88/73
f 148/88/74 143/96/74 141/96/74
f 143/96/74 151/88/74 144/96/74
f 144/96/74 150/88/74 145/96/74
f 150/88/74 146/96/74 145/96/74
f 149/88/74 142/96/74 146/96/74
f 103/96/37 147/88/37 104/88/37
f 141/96/61 140/88/61 148/88/61
f 111/96/68 144/96/68 146/96/68
f 104/88/73 151/88/73 152/88/73
f 160/86/75 155/84/75 153/84/75
f 155/84/75 163/86/75 156/84/75
f 163/86/75 157/84/75 156/84/75
f 162/86/75 158/84/75 157/84/75
f 158/84/75 159/86/75 154/84/75
f 98/86/37 153/84/37 102/84/37
f 159/86/59 137/84/59 154/84/59
f 102/84/68 156/84/68 154/84/68
f 106/86/73 159/86/73 163/86/73
f 166/86/38 167/84/38 168/86/38
f 106/86/73 168/86/73 138/86/73
f 138/86/76 167/84/76 137/84/76
f 110/84/74 166/86/74 106/86/74
f 170/88/38 171/96/38 169/96/38
f 140/88/77 171/96/77 172/88/77
f 112/88/75 169/96/75 111/96/75
f 111/96/68 171/96/68 139/96/68
f 173/147/78 176/148/78 175/149/78
f 176/148/78 177/149/78 175/149/78
f 177/149/78 178/149/78 175/149/78
f 178/149/78 179/149/78 175/149/78
f 179/149/78 174/149/78 175/149/78
f 180/150/79 183/151/79 182/41/79
f 183/151/79 184/152/79 182/41/79
f 184/152/79 185/153/79 182/41/79
f 185/153/79 186/154/79 182/41/79
f 186/154/79 181/41/79 182/41/79
f 187/155/80 190/156/81 189/157/81
f 190/156/81 191/158/82 189/157/81
f 191/158/82 192/159/80 189/157/81
f 192/159/80 193/160/81 189/157/81
f 193/160/81 188/161/82 189/157/81
f 194/162/83 197/163/84 196/164/84
f 197/163/84 198/165/85 196/164/84
f 198/165/85 199/166/83 196/164/84
f 199/166/83 200/167/84 196/164/84
f 200/167/84 195/168/85 196/164/84
f 174/169/86 206/170/86 202/171/86
f 179/172/86 205/173/86 206/170/86
f 178/149/86 204/174/86 205/175/86
f 177/176/86 203/177/86 204/174/86
f 176/178/86 201/179/86 203/177/86
f 195/180/87 212/181/87 208/182/87
f 200/183/87 211/184/87 212/181/87
f 199/185/87 210/186/87 211/184/87
f 198/165/87 209/187/87 210/186/87
f 197/163/87 207/188/87 209/187/87
f 202/171/86 190/189/86 187/190/86
f 206/170/86 191/191/86 190/189/86
f 205/175/86 192/159/86 191/155/86
f 204/174/86 193/160/86 192/159/86
f 203/177/86 188/161/86 193/160/86
f 208/182/87 183/151/87 180/150/87
f 212/181/87 184/152/87 183/151/87
f 211/184/87 185/192/87 184/152/87
f 210/186/87 186/193/87 185/192/87
f 209/187/87 181/194/87 186/193/87
f 54/195/38 202/171/38 75/196/38
f 54/195/88 182/41/88 38/197/88
f 180/150/38 75/196/38 208/182/38
f 189/157/36 65/49/36 67/51/36
f 59/198/38 189/199/89 56/200/90
f 75/196/38 187/190/38 59/198/38
f 60/201/35 196/164/35 52/72/35
f 196/164/38 59/198/38 72/69/38
f 208/182/38 59/198/38 195/180/38
f 213/202/91 216/203/91 215/204/91
f 216/203/91 217/205/91 215/204/91
f 217/205/91 218/206/91 215/204/91
f 218/206/91 219/207/91 215/204/91
f 219/207/91 214/204/91 215/204/91
f 220/208/92 223/209/92 222/42/92
f 223/209/92 224/210/92 222/42/92
f 224/210/92 225/211/92 222/42/92
f 225/211/92 226/212/92 222/42/92
f 226/212/92 221/42/92 222/42/92
f 227/213/93 230/214/94 229/215/94
f 230/214/94 231/216/95 229/215/94
f 231/216/95 232/217/93 229/215/94
f 232/217/93 233/218/94 229/215/94
f 233/218/94 228/219/95 229/215/94
f 234/220/96 237/221/97 236/222/97
f 237/221/97 238/223/98 236/222/97
f 238/223/98 239/224/96 236/222/97
f 239/224/96 240/225/97 236/222/97
f 240/225/97 235/226/98 236/222/97
f 228/227/99 246/228/99 242/229/99
f 233/230/99 245/231/99 246/228/99
f 232/232/99 244/233/99 245/231/99
f 231/216/99 243/234/99 244/233/99
f 230/214/99 241/235/99 243/234/99
f 235/236/100 252/237/100 248/238/100
f 240/239/100 251/240/100 252/237/100
f 239/241/100 250/242/100 251/240/100
f 238/223/100 249/243/100 250/242/100
f 237/221/100 247/244/100 249/243/100
f 242/229/99 216/203/99 213/202/99
f 246/228/99 217/205/99 216/203/99
f 245/231/99 218/245/99 217/205/99
f 244/233/99 219/246/99 218/245/99
f 243/234/99 214/247/99 219/246/99
f 248/238/100 223/209/100 220/208/100
f 252/237/100 224/210/100 223/209/100
f 251/240/100 225/248/100 224/210/100
f 250/242/100 226/249/100 225/248/100
f 249/243/100 221/250/100 226/249/100
f 49/251/101 215/204/101 40/42/101
f 213/202/37 76/252/37 242/229/37
f 49/251/37 247/244/37 76/252/37
f 64/253/36 229/215/36 47/63/36
f 229/215/37 63/254/37 69/60/37
f 242/229/37 63/254/37 228/227/37
f 76/252/37 234/220/37 63/254/37
f 63/254/37 236/222/102 50/65/103
f 236/222/35 61/46/35 70/48/35
f 257/255/37 266/256/37 265/257/37
f 257/255/104 261/258/104 253/105/104
f 101/259/37 255/260/37 256/261/37
f 112/262/61 255/260/61 104/263/61
f 98/90/37 253/105/37 254/264/37
f 109/265/38 259/266/38 112/262/38
f 101/259/66 260/267/59 109/265/59
f 106/92/38 257/255/38 105/104/38
f 263/268/73 268/269/73 264/270/73
f 261/258/73 266/256/73 262/271/73
f 253/105/38 262/271/38 254/264/38
f 254/264/105 266/256/105 258/91/105
f 259/266/61 263/268/61 255/260/61
f 260/267/38 267/272/38 259/266/38
f 255/260/37 264/270/37 256/261/37
f 256/261/59 268/269/59 260/267/59
f 276/273/87 272/84/87 269/84/87
f 282/274/87 273/84/87 272/84/87
f 281/275/87 274/84/87 273/84/87
f 280/276/87 275/84/87 274/84/87
f 270/277/106 86/89/54 85/84/107
f 271/84/108 102/84/109 99/84/110
f 276/273/111 99/84/60 97/86/62
f 277/86/112 97/86/113 98/86/114
f 278/278/115 93/86/116 92/85/51
f 286/96/86 295/279/86 287/96/86
f 287/96/86 294/88/86 288/96/86
f 288/96/86 293/88/86 289/96/86
f 289/96/86 290/88/86 283/96/86
f 285/280/117 90/96/118 88/87/45
f 284/96/119 100/96/120 103/96/121
f 283/96/122 101/88/66 100/96/67
f 291/281/123 91/82/48 95/88/124
f 292/88/125 104/88/126 101/88/127
f 300/84/33 302/84/33 298/84/33
f 308/282/128 310/283/128 306/284/129
f 315/96/33 317/96/33 313/285/130
f 321/286/131 323/287/132 319/288/133
f 298/84/134 307/289/134 304/86/134
f 303/84/134 308/282/134 307/289/134
f 302/84/134 309/290/134 308/282/134
f 301/84/134 310/283/135 309/290/134
f 300/84/135 305/291/135 310/283/135
f 311/96/136 324/292/136 314/96/136
f 314/96/136 323/287/136 315/96/136
f 315/96/136 322/293/136 316/96/136
f 316/96/136 321/286/137 317/96/137
f 317/96/137 318/294/137 312/96/137
f 275/84/33 305/291/33 297/84/37
f 274/84/33 275/84/138 299/295/139
f 306/284/129 279/291/140 280/276/141
f 313/285/130 312/96/142 287/96/33
f 312/96/33 296/294/33 286/96/37
f 295/279/143 318/294/144 320/296/145
f 336/297/37 332/298/37 333/299/37
f 342/300/38 344/301/38 340/302/38
f 325/303/146 341/304/147 338/305/148
f 327/306/147 342/300/147 341/304/147
f 328/307/147 343/308/147 342/300/147
f 329/89/147 344/301/147 343/308/147
f 330/89/147 339/309/149 344/301/147
f 332/298/150 327/306/147 325/303/146
f 337/310/147 328/307/147 327/306/147
f 336/297/147 329/89/147 328/307/147
f 335/79/147 330/89/147 329/89/147
f 334/79/147 326/89/149 330/89/147
f 326/89/149 270/277/106 298/84/33
f 325/303/146 175/149/151 39/204/151
f 331/79/149 77/89/55 326/89/149
f 356/311/38 352/312/38 353/313/38
f 362/314/37 364/315/37 360/316/37
f 345/317/152 361/318/153 358/319/154
f 347/320/153 362/314/153 361/318/153
f 348/321/153 363/322/153 362/314/153
f 349/87/153 364/315/153 363/322/153
f 350/87/153 359/323/155 364/315/153
f 352/312/156 347/320/153 345/317/152
f 357/324/153 348/321/153 347/320/153
f 356/311/153 349/87/153 348/321/153
f 355/96/153 350/87/153 349/87/153
f 354/96/153 346/87/155 350/87/153
f 345/317/152 222/42/157 41/41/157
f 351/96/155 313/285/130 79/87/158
f 346/87/155 78/81/44 359/323/155
f 376/325/159 372/326/160 374/327/161
f 385/328/162 380/88/163 382/329/164
f 371/83/165 367/82/165 375/330/165
f 375/330/165 368/82/165 376/325/165
f 376/325/165 369/331/165 377/332/165
f 377/332/165 370/333/165 378/334/165
f 378/334/165 366/335/165 372/326/165
f 380/88/165 367/82/165 365/82/165
f 386/336/165 368/82/165 367/82/165
f 385/328/165 369/331/165 368/82/165
f 384/337/165 370/333/165 369/331/165
f 383/338/165 366/335/165 370/333/165
f 44/68/35 379/339/35 60/201/35
f 365/82/2 291/281/123 319/288/133
f 372/326/35 44/68/35 61/46/35
f 371/83/2 81/82/49 365/82/2
f 220/208/166 360/316/167 373/340/35
f 374/327/37 359/323/37 83/83/58
f 248/238/35 372/326/35 61/46/35
f 379/339/35 207/188/35 194/162/35
f 353/313/38 380/88/38 311/96/38
f 353/313/168 181/194/169 207/188/35
f 399/341/170 394/342/171 396/343/172
f 407/344/173 402/80/174 404/345/175
f 393/86/176 389/85/176 397/346/176
f 397/346/176 390/85/176 398/347/176
f 398/347/176 391/348/176 399/341/176
f 399/341/176 392/349/176 400/350/176
f 400/350/176 388/351/176 394/342/176
f 402/80/176 389/85/176 387/85/176
f 408/352/176 390/85/176 389/85/176
f 407/344/176 391/348/176 390/85/176
f 406/353/176 392/349/176 391/348/176
f 405/354/176 388/351/176 392/349/176
f 45/59/36 401/355/36 64/253/36
f 387/85/2 84/80/50 402/80/2
f 394/342/36 45/59/36 65/49/36
f 393/86/2 306/284/129 82/85/177
f 396/343/38 339/309/38 304/86/38
f 201/179/36 394/342/36 65/49/36
f 173/147/178 340/302/179 395/356/36
f 333/299/37 402/80/37 80/79/39
f 401/355/36 241/235/36 227/213/36
f 333/299/180 214/247/181 241/235/36
f 416/357/182 882/358/183 883/359/184
f 886/360/185 423/361/186 413/362/187
f 417/363/188 883/359/184 409/364/189
f 414/365/190 424/366/191 886/360/185
f 418/367/192 409/364/189 884/368/193
f 887/369/194 425/370/195 414/365/190
f 419/371/196 884/368/193 410/372/197
f 888/373/198 426/374/199 887/369/194
f 420/375/200 410/372/197 885/376/201
f 889/377/202 427/378/203 888/373/198
f 421/379/204 885/376/201 411/380/205
f 890/381/206 428/382/207 889/377/202
f 422/383/208 411/380/205 412/384/37
f 882/358/183 415/385/209 490/386/210
f 716/387/211 429/388/212 890/381/206
f 413/362/187 422/383/208 412/384/37
f 415/385/209 430/389/213 490/390/210
f 716/391/211 444/392/214 429/388/212
f 423/361/186 437/393/215 422/383/208
f 431/394/216 415/385/209 416/357/182
f 424/366/191 438/395/217 423/361/186
f 432/396/218 416/357/182 417/363/188
f 425/370/195 439/397/219 424/366/191
f 433/398/220 417/363/188 418/367/192
f 426/374/199 440/399/221 425/370/195
f 434/400/222 418/367/192 419/371/196
f 427/378/203 441/401/223 426/374/199
f 435/402/224 419/371/196 420/375/200
f 428/382/207 442/403/225 427/378/203
f 436/404/226 420/375/200 421/379/204
f 429/388/212 443/405/227 428/382/207
f 437/393/215 421/379/204 422/383/208
f 449/406/228 433/398/220 434/400/222
f 442/403/225 456/407/229 441/401/223
f 450/408/230 434/400/222 435/402/224
f 443/405/227 457/409/231 442/403/225
f 451/410/232 435/402/224 436/404/226
f 444/392/214 458/411/233 443/405/227
f 452/412/234 436/404/226 437/393/215
f 430/389/213 445/413/235 490/414/210
f 716/415/211 459/416/236 444/392/214
f 438/395/217 452/412/234 437/393/215
f 446/417/237 430/389/213 431/394/216
f 439/397/219 453/418/238 438/395/217
f 447/419/239 431/394/216 432/396/218
f 440/399/221 454/420/240 439/397/219
f 448/421/241 432/396/218 433/398/220
f 441/401/223 455/422/242 440/399/221
f 453/418/238 467/423/243 452/412/234
f 461/424/244 445/413/235 446/417/237
f 454/420/240 468/425/245 453/418/238
f 462/426/246 446/417/237 447/419/239
f 455/422/242 469/427/247 454/420/240
f 463/428/248 447/419/239 448/421/241
f 456/407/229 470/429/249 455/422/242
f 464/430/250 448/421/241 449/406/228
f 457/409/231 471/431/251 456/407/229
f 465/432/252 449/406/228 450/408/230
f 458/411/233 472/433/253 457/409/231
f 466/434/254 450/408/230 451/410/232
f 459/416/236 473/435/255 458/411/233
f 467/423/243 451/410/232 452/412/234
f 445/413/235 460/436/256 490/437/210
f 716/438/211 474/439/257 459/416/236
f 472/433/253 486/440/258 471/431/251
f 480/441/259 464/430/250 465/432/252
f 473/435/255 487/442/260 472/433/253
f 481/443/261 465/432/252 466/434/254
f 474/439/257 488/444/262 473/435/255
f 482/445/263 466/434/254 467/423/243
f 460/436/256 475/446/264 490/447/210
f 716/448/211 489/449/265 474/439/257
f 468/425/245 482/445/263 467/423/243
f 476/450/266 460/436/256 461/424/244
f 469/427/247 483/451/267 468/425/245
f 477/452/268 461/424/244 462/426/246
f 470/429/249 484/453/269 469/427/247
f 478/454/270 462/426/246 463/428/248
f 471/431/251 485/455/271 470/429/249
f 479/456/272 463/428/248 464/430/250
f 492/457/273 475/446/264 476/450/266
f 484/453/269 499/458/274 483/451/267
f 493/459/275 476/450/266 477/452/268
f 485/455/271 500/460/276 484/453/269
f 494/461/277 477/452/268 478/454/270
f 486/440/258 501/462/278 485/455/271
f 495/463/279 478/454/270 479/456/272
f 487/442/260 502/464/280 486/440/258
f 496/465/281 479/456/272 480/441/259
f 488/444/262 503/466/282 487/442/260
f 497/467/283 480/441/259 481/443/261
f 489/449/265 504/468/284 488/444/262
f 498/469/285 481/443/261 482/445/263
f 475/446/264 491/470/286 490/471/210
f 716/472/211 505/473/287 489/449/265
f 483/451/267 498/469/285 482/445/263
f 511/474/288 495/463/279 496/465/281
f 504/468/284 518/475/289 503/466/282
f 512/476/290 496/465/281 497/467/283
f 505/473/287 519/477/291 504/468/284
f 513/478/292 497/467/283 498/469/285
f 491/470/286 506/479/293 490/480/210
f 716/481/211 520/482/294 505/473/287
f 499/458/274 513/478/292 498/469/285
f 507/483/295 491/470/286 492/457/273
f 500/460/276 514/484/296 499/458/274
f 508/485/297 492/457/273 493/459/275
f 501/462/278 515/486/298 500/460/276
f 509/487/299 493/459/275 494/461/277
f 502/464/280 516/488/300 501/462/278
f 510/489/301 494/461/277 495/463/279
f 503/466/282 517/490/302 502/464/280
f 515/486/298 529/491/303 514/484/296
f 523/492/304 507/483/295 508/485/297
f 516/488/300 530/493/305 515/486/298
f 524/494/306 508/485/297 509/487/299
f 517/490/302 531/495/307 516/488/300
f 525/496/308 509/487/299 510/489/301
f 518/475/289 532/497/309 517/490/302
f 526/498/310 510/489/301 511/474/288
f 519/477/291 533/499/311 518/475/289
f 527/500/312 511/474/288 512/476/290
f 520/482/294 534/501/313 519/477/291
f 528/502/314 512/476/290 513/478/292
f 506/479/293 521/503/315 490/504/210
f 716/505/211 535/506/316 520/482/294
f 514/484/296 528/502/314 513/478/292
f 522/507/317 506/479/293 507/483/295
f 549/508/318 533/499/311 534/501/313
f 527/500/312 541/509/319 526/498/310
f 550/510/320 534/501/313 535/506/316
f 528/502/314 542/511/321 527/500/312
f 521/503/315 536/512/322 490/513/210
f 716/514/211 550/510/320 535/506/316
f 544/515/323 528/502/314 529/491/303
f 522/507/317 536/512/322 521/503/315
f 545/516/324 529/491/303 530/493/305
f 523/492/304 537/517/325 522/507/317
f 546/518/326 530/493/305 531/495/307
f 524/494/306 538/519/327 523/492/304
f 547/520/328 531/495/307 532/497/309
f 525/496/308 539/521/329 524/494/306
f 548/522/330 532/497/309 533/499/311
f 526/498/310 540/523/331 525/496/308
f 561/524/332 545/516/324 546/518/326
f 539/521/329 553/525/333 538/519/327
f 562/526/334 546/518/326 547/520/328
f 540/523/331 554/527/335 539/521/329
f 563/528/336 547/520/328 548/522/330
f 541/509/319 555/529/337 540/523/331
f 564/530/338 548/522/330 549/508/318
f 542/511/321 556/531/339 541/509/319
f 565/532/340 549/508/318 550/510/320
f 543/533/341 557/534/342 542/511/321
f 536/512/322 551/535/343 490/536/210
f 716/537/211 565/532/340 550/510/320
f 559/538/344 543/533/341 544/515/323
f 537/517/325 551/535/343 536/512/322
f 560/539/345 544/515/323 545/516/324
f 538/519/327 552/540/346 537/517/325
f 580/541/347 564/530/338 565/532/340
f 558/542/348 572/543/349 557/534/342
f 551/535/343 566/544/350 490/545/210
f 716/546/211 580/541/347 565/532/340
f 574/547/351 558/542/348 559/538/344
f 552/540/346 566/544/350 551/535/343
f 575/548/352 559/538/344 560/539/345
f 553/525/333 567/549/353 552/540/346
f 576/550/354 560/539/345 561/524/332
f 554/527/335 568/551/355 553/525/333
f 577/552/356 561/524/332 562/526/334
f 555/529/337 569/553/357 554/527/335
f 578/554/358 562/526/334 563/528/336
f 556/531/339 570/555/359 555/529/337
f 579/556/360 563/528/336 564/530/338
f 557/534/342 571/557/361 556/531/339
f 569/553/357 583/558/362 568/551/355
f 592/559/363 576/550/354 577/552/356
f 570/555/359 584/560/364 569/553/357
f 593/561/365 577/552/356 578/554/358
f 571/557/361 585/562/366 570/555/359
f 594/563/367 578/554/358 579/556/360
f 572/543/349 586/564/368 571/557/361
f 595/565/369 579/556/360 580/541/347
f 573/566/370 587/567/371 572/543/349
f 566/544/350 581/568/372 490/569/210
f 716/570/211 595/565/369 580/541/347
f 589/571/373 573/566/370 574/547/351
f 567/549/353 581/568/372 566/544/350
f 590/572/374 574/547/351 575/548/352
f 568/551/355 582/573/375 567/549/353
f 591/574/376 575/548/352 576/550/354
f 588/575/377 602/576/378 587/567/371
f 581/568/372 596/577/379 490/578/210
f 716/579/211 610/580/380 595/565/369
f 604/581/381 588/575/377 589/571/373
f 582/573/375 596/577/379 581/568/372
f 605/582/382 589/571/373 590/572/374
f 583/558/362 597/583/383 582/573/375
f 606/584/384 590/572/374 591/574/376
f 584/560/364 598/585/385 583/558/362
f 607/586/386 591/574/376 592/559/363
f 585/562/366 599/587/387 584/560/364
f 608/588/388 592/559/363 593/561/365
f 586/564/368 600/589/389 585/562/366
f 609/590/390 593/561/365 594/563/367
f 587/567/371 601/591/391 586/564/368
f 610/580/380 594/563/367 595/565/369
f 622/592/392 606/584/384 607/586/386
f 600/589/389 614/593/393 599/587/387
f 623/594/394 607/586/386 608/588/388
f 601/591/391 615/595/395 600/589/389
f 624/596/396 608/588/388 609/590/390
f 602/576/378 616/597/397 601/591/391
f 625/598/398 609/590/390 610/580/380
f 603/599/399 617/600/400 602/576/378
f 596/577/379 611/601/401 490/602/210
f 716/603/211 625/598/398 610/580/380
f 619/604/402 603/599/399 604/581/381
f 597/583/383 611/601/401 596/577/379
f 620/605/403 604/581/381 605/582/382
f 598/585/385 612/606/404 597/583/383
f 621/607/405 605/582/382 606/584/384
f 599/587/387 613/608/406 598/585/385
f 611/601/401 626/609/407 490/610/210
f 716/611/211 640/612/408 625/598/398
f 634/613/409 618/614/410 619/604/402
f 612/606/404 626/609/407 611/601/401
f 635/615/411 619/604/402 620/605/403
f 613/608/406 627/616/412 612/606/404
f 636/617/413 620/605/403 621/607/405
f 614/593/393 628/618/414 613/608/406
f 637/619/415 621/607/405 622/592/392
f 615/595/395 629/620/416 614/593/393
f 638/621/417 622/592/392 623/594/394
f 616/597/397 630/622/418 615/595/395
f 639/623/419 623/594/394 624/596/396
f 617/600/400 631/624/420 616/597/397
f 640/612/408 624/596/396 625/598/398
f 618/614/410 632/625/421 617/600/400
f 630/622/418 644/626/422 629/620/416
f 653/627/423 637/619/415 638/621/417
f 631/624/420 645/628/424 630/622/418
f 654/629/425 638/621/417 639/623/419
f 632/625/421 646/630/426 631/624/420
f 655/631/427 639/623/419 640/612/408
f 633/632/428 647/633/429 632/625/421
f 626/609/407 641/634/430 490/635/210
f 716/636/211 655/631/427 640/612/408
f 649/637/431 633/632/428 634/613/409
f 627/616/412 641/634/430 626/609/407
f 650/638/432 634/613/409 635/615/411
f 628/618/414 642/639/433 627/616/412
f 651/640/434 635/615/411 636/617/413
f 629/620/416 643/641/435 628/618/414
f 652/642/436 636/617/413 637/619/415
f 649/637/431 663/643/437 648/644/38
f 657/645/438 641/634/430 642/639/433
f 650/638/432 664/646/439 649/637/431
f 658/647/440 642/639/433 643/641/435
f 651/640/434 665/648/441 650/638/432
f 659/649/442 643/641/435 644/626/422
f 652/642/436 666/650/443 651/640/434
f 660/651/444 644/626/422 645/628/424
f 653/627/423 667/652/445 652/642/436
f 661/653/446 645/628/424 646/630/426
f 654/629/425 668/654/447 653/627/423
f 662/655/448 646/630/426 647/633/429
f 655/631/427 669/656/449 654/629/425
f 663/643/437 647/633/429 648/644/38
f 641/634/430 656/657/450 490/658/210
f 716/659/211 670/660/451 655/631/427
f 668/654/447 682/661/452 667/652/445
f 676/662/453 660/651/444 661/653/446
f 669/656/449 683/663/454 668/654/447
f 677/664/455 661/653/446 662/655/448
f 670/660/451 684/665/456 669/656/449
f 678/666/457 662/655/448 663/643/437
f 656/657/450 671/667/458 490/668/210
f 716/669/211 685/670/459 670/660/451
f 664/646/439 678/666/457 663/643/437
f 672/671/460 656/657/450 657/645/438
f 665/648/441 679/672/461 664/646/439
f 673/673/462 657/645/438 658/647/440
f 666/650/443 680/674/463 665/648/441
f 674/675/464 658/647/440 659/649/442
f 667/652/445 681/676/465 666/650/443
f 675/677/466 659/649/442 660/651/444
f 680/674/463 694/678/467 679/672/461
f 688/679/468 672/671/460 673/673/462
f 681/676/465 695/680/469 680/674/463
f 689/681/470 673/673/462 674/675/464
f 682/661/452 696/682/471 681/676/465
f 690/683/472 674/675/464 675/677/466
f 683/663/454 697/684/473 682/661/452
f 691/685/474 675/677/466 676/662/453
f 684/665/456 698/686/475 683/663/454
f 692/687/476 676/662/453 677/664/455
f 685/670/459 699/688/477 684/665/456
f 693/689/478 677/664/455 678/666/457
f 671/667/458 686/690/479 490/691/210
f 716/692/211 700/693/480 685/670/459
f 679/672/461 693/689/478 678/666/457
f 687/694/481 671/667/458 672/671/460
f 699/688/477 713/695/482 698/686/475
f 707/696/483 691/685/474 692/687/476
f 700/693/480 714/697/484 699/688/477
f 708/698/485 692/687/476 693/689/478
f 686/690/479 701/699/486 490/700/210
f 716/701/211 715/702/487 700/693/480
f 694/678/467 708/698/485 693/689/478
f 702/703/488 686/690/479 687/694/481
f 695/680/469 709/704/489 694/678/467
f 703/705/490 687/694/481 688/679/468
f 696/682/471 710/706/491 695/680/469
f 704/707/492 688/679/468 689/681/470
f 697/684/473 711/708/493 696/682/471
f 705/709/494 689/681/470 690/683/472
f 698/686/475 712/710/495 697/684/473
f 706/711/496 690/683/472 691/685/474
f 719/712/497 702/703/488 703/705/490
f 711/708/493 726/713/498 710/706/491
f 720/714/499 703/705/490 704/707/492
f 712/710/495 727/715/500 711/708/493
f 721/716/501 704/707/492 705/709/494
f 713/695/482 728/717/502 712/710/495
f 722/718/503 705/709/494 706/711/496
f 714/697/484 729/719/504 713/695/482
f 723/720/505 706/711/496 707/696/483
f 715/702/487 730/721/506 714/697/484
f 724/722/507 707/696/483 708/698/485
f 701/699/486 717/723/508 490/724/210
f 716/725/211 731/726/509 715/702/487
f 709/704/489 724/722/507 708/698/485
f 718/727/510 701/699/486 702/703/488
f 710/706/491 725/728/511 709/704/489
f 738/729/512 722/718/503 723/720/505
f 731/726/509 745/730/513 730/721/506
f 739/731/514 723/720/505 724/722/507
f 717/723/508 732/732/515 490/733/210
f 716/734/211 746/735/516 731/726/509
f 725/728/511 739/731/514 724/722/507
f 733/736/517 717/723/508 718/727/510
f 726/713/498 740/737/518 725/728/511
f 734/738/519 718/727/510 719/712/497
f 727/715/500 741/739/520 726/713/498
f 735/740/521 719/712/497 720/714/499
f 728/717/502 742/741/522 727/715/500
f 736/742/523 720/714/499 721/716/501
f 729/719/504 743/743/524 728/717/502
f 737/744/525 721/716/501 722/718/503
f 730/721/506 744/745/526 729/719/504
f 742/741/522 756/746/527 741/739/520
f 750/747/528 734/738/519 735/740/521
f 743/743/524 757/748/529 742/741/522
f 751/749/530 735/740/521 736/742/523
f 744/745/526 758/750/531 743/743/524
f 752/751/532 736/742/523 737/744/525
f 745/730/513 759/752/533 744/745/526
f 753/753/534 737/744/525 738/729/512
f 746/735/516 760/754/535 745/730/513
f 754/755/536 738/729/512 739/731/514
f 732/732/515 747/756/537 490/757/210
f 716/758/211 761/759/538 746/735/516
f 740/737/518 754/755/536 739/731/514
f 748/760/539 732/732/515 733/736/517
f 741/739/520 755/761/540 740/737/518
f 749/762/541 733/736/517 734/738/519
f 761/759/538 775/763/542 760/754/535
f 769/764/543 753/753/534 754/755/536
f 747/756/537 762/765/544 490/766/210
f 716/767/211 776/768/545 761/759/538
f 755/761/540 769/764/543 754/755/536
f 763/769/546 747/756/537 748/760/539
f 756/746/527 770/770/547 755/761/540
f 764/771/548 748/760/539 749/762/541
f 757/748/529 771/772/549 756/746/527
f 765/773/550 749/762/541 750/747/528
f 758/750/531 772/774/551 757/748/529
f 766/775/552 750/747/528 751/749/530
f 759/752/533 773/776/553 758/750/531
f 767/777/554 751/749/530 752/751/532
f 760/754/535 774/778/555 759/752/533
f 768/779/556 752/751/532 753/753/534
f 765/780/550 779/781/557 764/782/548
f 788/783/558 772/784/551 773/785/553
f 766/786/552 780/787/559 765/780/550
f 789/788/560 773/785/553 774/789/555
f 767/790/554 781/791/561 766/786/552
f 790/792/562 774/789/555 775/793/542
f 768/794/556 782/795/563 767/790/554
f 791/796/564 775/793/542 776/797/545
f 769/798/543 783/799/565 768/794/556
f 762/800/544 777/801/566 490/802/210
f 716/803/211 791/796/564 776/797/545
f 785/804/567 769/798/543 770/805/547
f 763/806/546 777/801/566 762/800/544
f 786/807/568 770/805/547 771/808/549
f 764/782/548 778/809/569 763/806/546
f 787/810/570 771/808/549 772/784/551
f 784/811/571 798/812/572 783/799/565
f 777/801/566 792/813/573 490/814/210
f 716/815/211 806/816/574 791/796/564
f 800/817/575 784/811/571 785/804/567
f 778/809/569 792/813/573 777/801/566
f 801/818/576 785/804/567 786/807/568
f 779/781/557 793/819/577 778/809/569
f 802/820/578 786/807/568 787/810/570
f 780/787/559 794/821/579 779/781/557
f 803/822/580 787/810/570 788/783/558
f 781/791/561 795/823/581 780/787/559
f 804/824/582 788/783/558 789/788/560
f 782/795/563 796/825/583 781/791/561
f 805/826/584 789/788/560 790/792/562
f 783/799/565 797/827/585 782/795/563
f 806/816/574 790/792/562 791/796/564
f 818/828/586 802/820/578 803/822/580
f 796/825/583 810/829/587 795/823/581
f 819/830/588 803/822/580 804/824/582
f 797/827/585 811/831/589 796/825/583
f 820/832/590 804/824/582 805/826/584
f 798/812/572 812/833/591 797/827/585
f 821/834/592 805/826/584 806/816/574
f 799/835/593 813/836/594 798/812/572
f 792/813/573 807/837/595 490/838/210
f 716/839/211 821/834/592 806/816/574
f 815/840/596 799/835/593 800/817/575
f 793/819/577 807/837/595 792/813/573
f 816/841/597 800/817/575 801/818/576
f 794/821/579 808/842/598 793/819/577
f 817/843/599 801/818/576 802/820/578
f 795/823/581 809/844/600 794/821/579
f 716/845/211 836/846/601 821/834/592
f 830/847/602 814/848/603 815/840/596
f 808/842/598 822/849/604 807/837/595
f 831/850/605 815/840/596 816/841/597
f 809/844/600 823/851/606 808/842/598
f 832/852/607 816/841/597 817/843/599
f 810/829/587 824/853/608 809/844/600
f 833/854/609 817/843/599 818/828/586
f 811/831/589 825/855/610 810/829/587
f 834/856/611 818/828/586 819/830/588
f 812/833/591 826/857/612 811/831/589
f 835/858/613 819/830/588 820/832/590
f 813/836/594 827/859/614 812/833/591
f 836/846/601 820/832/590 821/834/592
f 814/848/603 828/860/615 813/836/594
f 807/837/595 822/849/604 490/861/210
f 849/862/616 833/854/609 834/856/611
f 827/859/614 841/863/617 826/857/612
f 850/864/618 834/856/611 835/858/613
f 828/860/615 842/865/619 827/859/614
f 851/866/620 835/858/613 836/846/601
f 829/867/621 843/868/622 828/860/615
f 822/849/604 837/869/623 490/870/210
f 716/871/211 851/866/620 836/846/601
f 845/872/624 829/867/621 830/847/602
f 823/851/606 837/869/623 822/849/604
f 846/873/625 830/847/602 831/850/605
f 824/853/608 838/874/626 823/851/606
f 847/875/627 831/850/605 832/852/607
f 825/855/610 839/876/628 824/853/608
f 848/877/629 832/852/607 833/854/609
f 826/857/612 840/878/630 825/855/610
f 838/874/626 852/879/631 837/869/623
f 861/880/632 845/872/624 846/873/625
f 839/876/628 853/881/633 838/874/626
f 862/882/634 846/873/625 847/875/627
f 840/878/630 854/883/635 839/876/628
f 863/884/636 847/875/627 848/877/629
f 841/863/617 855/885/637 840/878/630
f 864/886/638 848/877/629 849/862/616
f 842/865/619 856/887/639 841/863/617
f 865/888/640 849/862/616 850/864/618
f 843/868/622 857/889/641 842/865/619
f 866/890/642 850/864/618 851/866/620
f 844/891/643 858/892/644 843/868/622
f 837/869/623 852/879/631 490/893/210
f 716/894/211 866/890/642 851/866/620
f 860/895/645 844/891/643 845/872/624
f 857/889/641 871/896/646 856/887/639
f 880/897/647 864/886/638 865/888/640
f 858/892/644 872/898/648 857/889/641
f 881/899/649 865/888/640 866/890/642
f 859/900/650 873/901/651 858/892/644
f 852/879/631 867/902/652 490/903/210
f 716/904/211 881/899/649 866/890/642
f 875/905/653 859/900/650 860/895/645
f 853/881/633 867/902/652 852/879/631
f 876/906/654 860/895/645 861/880/632
f 854/883/635 868/907/655 853/881/633
f 877/908/656 861/880/632 862/882/634
f 855/885/637 869/909/657 854/883/635
f 878/910/658 862/882/634 863/884/636
f 856/887/639 870/911/659 855/885/637
f 879/912/660 863/884/636 864/886/638
f 886/360/185 875/905/653 876/906/654
f 869/909/657 883/359/184 868/907/655
f 414/365/190 876/906/654 877/908/656
f 870/911/659 409/364/189 869/909/657
f 887/369/194 877/908/656 878/910/658
f 871/896/646 884/368/193 870/911/659
f 888/373/198 878/910/658 879/912/660
f 872/898/648 410/372/197 871/896/646
f 889/377/202 879/912/660 880/897/647
f 873/901/651 885/376/201 872/898/648
f 890/381/206 880/897/647 881/899/649
f 874/913/661 411/380/205 873/901/651
f 867/902/652 882/358/183 490/914/210
f 716/915/211 890/381/206 881/899/649
f 413/362/187 874/913/661 875/905/653
f 868/907/655 882/358/183 867/902/652
f 1364/916/662 898/917/663 1365/918/664
f 1368/919/665 905/920/666 906/921/667
f 1365/918/664 899/922/668 891/923/669
f 896/924/670 906/921/667 907/925/671
f 891/923/669 900/926/672 1366/927/673
f 1369/928/674 907/925/671 908/929/675
f 1366/927/673 901/930/676 892/931/677
f 1370/932/678 908/929/675 909/933/679
f 892/931/677 902/934/680 1367/935/681
f 1371/936/682 909/933/679 910/937/683
f 1367/935/681 903/938/684 893/939/685
f 1372/940/686 910/937/683 911/941/687
f 893/939/685 904/942/688 894/943/37
f 1364/916/662 972/944/689 897/945/690
f 1198/946/691 1372/940/686 911/941/687
f 895/947/692 904/942/688 905/920/666
f 897/945/690 972/948/689 912/949/693
f 1198/950/691 911/941/687 926/951/694
f 905/920/666 919/952/695 920/953/696
f 897/945/690 913/954/697 898/917/663
f 906/921/667 920/953/696 921/955/698
f 898/917/663 914/956/699 899/922/668
f 907/925/671 921/955/698 922/957/700
f 899/922/668 915/958/701 900/926/672
f 908/929/675 922/957/700 923/959/702
f 900/926/672 916/960/703 901/930/676
f 909/933/679 923/959/702 924/961/704
f 901/930/676 917/962/705 902/934/680
f 910/937/683 924/961/704 925/963/706
f 902/934/680 918/964/707 903/938/684
f 911/941/687 925/963/706 926/951/694
f 903/938/684 919/952/695 904/942/688
f 915/958/701 931/965/708 916/960/703
f 924/961/704 938/966/709 939/967/710
f 916/960/703 932/968/711 917/962/705
f 925/963/706 939/967/710 940/969/712
f 917/962/705 933/970/713 918/964/707
f 926/951/694 940/969/712 941/971/714
f 918/964/707 934/972/715 919/952/695
f 912/949/693 972/973/689 927/974/716
f 1198/975/691 926/951/694 941/971/714
f 920/953/696 934/972/715 935/976/717
f 912/949/693 928/977/718 913/954/697
f 921/955/698 935/976/717 936/978/719
f 913/954/697 929/979/720 914/956/699
f 922/957/700 936/978/719 937/980/721
f 914/956/699 930/981/722 915/958/701
f 923/959/702 937/980/721 938/966/709
f 935/976/717 949/982/723 950/983/724
f 927/974/716 943/984/725 928/977/718
f 936/978/719 950/983/724 951/985/726
f 928/977/718 944/986/727 929/979/720
f 937/980/721 951/985/726 952/987/728
f 929/979/720 945/988/729 930/981/722
f 938/966/709 952/987/728 953/989/730
f 930/981/722 946/990/731 931/965/708
f 939/967/710 953/989/730 954/991/732
f 931/965/708 947/992/733 932/968/711
f 940/969/712 954/991/732 955/993/734
f 932/968/711 948/994/735 933/970/713
f 941/971/714 955/993/734 956/995/736
f 933/970/713 949/982/723 934/972/715
f 927/974/716 972/996/689 942/997/737
f 1198/998/691 941/971/714 956/995/736
f 954/991/732 968/999/738 969/1000/739
f 946/990/731 962/1001/740 947/992/733
f 955/993/734 969/1000/739 970/1002/741
f 947/992/733 963/1003/742 948/994/735
f 956/995/736 970/1002/741 971/1004/743
f 948/994/735 964/1005/744 949/982/723
f 942/997/737 972/1006/689 957/1007/745
f 1198/1008/691 956/995/736 971/1004/743
f 950/983/724 964/1005/744 965/1009/746
f 942/997/737 958/1010/747 943/984/725
f 951/985/726 965/1009/746 966/1011/748
f 943/984/725 959/1012/749 944/986/727
f 952/987/728 966/1011/748 967/1013/750
f 944/986/727 960/1014/751 945/988/729
f 953/989/730 967/1013/750 968/999/738
f 945/988/729 961/1015/752 946/990/731
f 957/1007/745 974/1016/753 958/1010/747
f 966/1011/748 981/1017/754 982/1018/755
f 958/1010/747 975/1019/756 959/1012/749
f 967/1013/750 982/1018/755 983/1020/757
f 959/1012/749 976/1021/758 960/1014/751
f 968/999/738 983/1020/757 984/1022/759
f 960/1014/751 977/1023/760 961/1015/752
f 969/1000/739 984/1022/759 985/1024/761
f 961/1015/752 978/1025/762 962/1001/740
f 970/1002/741 985/1024/761 986/1026/763
f 962/1001/740 979/1027/764 963/1003/742
f 971/1004/743 986/1026/763 987/1028/765
f 963/1003/742 980/1029/766 964/1005/744
f 957/1007/745 972/1030/689 973/1031/767
f 1198/1032/691 971/1004/743 987/1028/765
f 965/1009/746 980/1029/766 981/1017/754
f 977/1023/760 993/1033/768 978/1025/762
f 986/1026/763 1000/1034/769 1001/1035/770
f 978/1025/762 994/1036/771 979/1027/764
f 987/1028/765 1001/1035/770 1002/1037/772
f 979/1027/764 995/1038/773 980/1029/766
f 973/1031/767 972/1039/689 988/1040/774
f 1198/1041/691 987/1028/765 1002/1037/772
f 981/1017/754 995/1038/773 996/1042/775
f 973/1031/767 989/1043/776 974/1016/753
f 982/1018/755 996/1042/775 997/1044/777
f 974/1016/753 990/1045/778 975/1019/756
f 983/1020/757 997/1044/777 998/1046/779
f 975/1019/756 991/1047/780 976/1021/758
f 984/1022/759 998/1046/779 999/1048/781
f 976/1021/758 992/1049/782 977/1023/760
f 985/1024/761 999/1048/781 1000/1034/769
f 997/1044/777 1011/1050/783 1012/1051/784
f 989/1043/776 1005/1052/785 990/1045/778
f 998/1046/779 1012/1051/784 1013/1053/786
f 990/1045/778 1006/1054/787 991/1047/780
f 999/1048/781 1013/1053/786 1014/1055/788
f 991/1047/780 1007/1056/789 992/1049/782
f 1000/1034/769 1014/1055/788 1015/1057/790
f 992/1049/782 1008/1058/791 993/1033/768
f 1001/1035/770 1015/1057/790 1016/1059/792
f 993/1033/768 1009/1060/793 994/1036/771
f 1002/1037/772 1016/1059/792 1017/1061/794
f 994/1036/771 1010/1062/795 995/1038/773
f 988/1040/774 972/1063/689 1003/1064/796
f 1198/1065/691 1002/1037/772 1017/1061/794
f 996/1042/775 1010/1062/795 1011/1050/783
f 988/1040/774 1004/1066/797 989/1043/776
f 1015/1057/790 1031/1067/798 1016/1059/792
f 1009/1060/793 1023/1068/799 1024/1069/800
f 1016/1059/792 1032/1070/801 1017/1061/794
f 1010/1062/795 1024/1069/800 1025/1071/802
f 1003/1064/796 972/1072/689 1018/1073/803
f 1198/1074/691 1017/1061/794 1032/1070/801
f 1010/1062/795 1026/1075/804 1011/1050/783
f 1004/1066/797 1018/1073/803 1019/1076/805
f 1011/1050/783 1027/1077/806 1012/1051/784
f 1005/1052/785 1019/1076/805 1020/1078/807
f 1012/1051/784 1028/1079/808 1013/1053/786
f 1006/1054/787 1020/1078/807 1021/1080/809
f 1013/1053/786 1029/1081/810 1014/1055/788
f 1007/1056/789 1021/1080/809 1022/1082/811
f 1014/1055/788 1030/1083/812 1015/1057/790
f 1008/1058/791 1022/1082/811 1023/1068/799
f 1027/1077/806 1043/1084/813 1028/1079/808
f 1021/1080/809 1035/1085/814 1036/1086/815
f 1028/1079/808 1044/1087/816 1029/1081/810
f 1022/1082/811 1036/1086/815 1037/1088/817
f 1029/1081/810 1045/1089/818 1030/1083/812
f 1023/1068/799 1037/1088/817 1038/1090/819
f 1030/1083/812 1046/1091/820 1031/1067/798
f 1024/1069/800 1038/1090/819 1039/1092/821
f 1031/1067/798 1047/1093/822 1032/1070/801
f 1025/1071/802 1039/1092/821 1040/1094/823
f 1018/1073/803 972/1095/689 1033/1096/824
f 1198/1097/691 1032/1070/801 1047/1093/822
f 1025/1071/802 1041/1098/825 1026/1075/804
f 1019/1076/805 1033/1096/824 1034/1099/826
f 1026/1075/804 1042/1100/827 1027/1077/806
f 1020/1078/807 1034/1099/826 1035/1085/814
f 1046/1091/820 1062/1101/828 1047/1093/822
f 1040/1094/823 1054/1102/829 1055/1103/830
f 1033/1096/824 972/1104/689 1048/1105/831
f 1198/1106/691 1047/1093/822 1062/1101/828
f 1040/1094/823 1056/1107/832 1041/1098/825
f 1034/1099/826 1048/1105/831 1049/1108/833
f 1041/1098/825 1057/1109/834 1042/1100/827
f 1035/1085/814 1049/1108/833 1050/1110/835
f 1042/1100/827 1058/1111/836 1043/1084/813
f 1036/1086/815 1050/1110/835 1051/1112/837
f 1043/1084/813 1059/1113/838 1044/1087/816
f 1037/1088/817 1051/1112/837 1052/1114/839
f 1044/1087/816 1060/1115/840 1045/1089/818
f 1038/1090/819 1052/1114/839 1053/1116/841
f 1045/1089/818 1061/1117/842 1046/1091/820
f 1039/1092/821 1053/1116/841 1054/1102/829
f 1051/1112/837 1065/1118/843 1066/1119/844
f 1058/1111/836 1074/1120/845 1059/1113/838
f 1052/1114/839 1066/1119/844 1067/1121/846
f 1059/1113/838 1075/1122/847 1060/1115/840
f 1053/1116/841 1067/1121/846 1068/1123/848
f 1060/1115/840 1076/1124/849 1061/1117/842
f 1054/1102/829 1068/1123/848 1069/1125/850
f 1061/1117/842 1077/1126/851 1062/1101/828
f 1055/1103/830 1069/1125/850 1070/1127/852
f 1048/1105/831 972/1128/689 1063/1129/853
f 1198/1130/691 1062/1101/828 1077/1126/851
f 1055/1103/830 1071/1131/854 1056/1107/832
f 1049/1108/833 1063/1129/853 1064/1132/855
f 1056/1107/832 1072/1133/856 1057/1109/834
f 1050/1110/835 1064/1132/855 1065/1118/843
f 1057/1109/834 1073/1134/857 1058/1111/836
f 1070/1127/852 1084/1135/858 1085/1136/859
f 1063/1129/853 972/1137/689 1078/1138/860
f 1198/1139/691 1077/1126/851 1092/1140/861
f 1070/1127/852 1086/1141/862 1071/1131/854
f 1064/1132/855 1078/1138/860 1079/1142/863
f 1071/1131/854 1087/1143/864 1072/1133/856
f 1065/1118/843 1079/1142/863 1080/1144/865
f 1072/1133/856 1088/1145/866 1073/1134/857
f 1066/1119/844 1080/1144/865 1081/1146/867
f 1073/1134/857 1089/1147/868 1074/1120/845
f 1067/1121/846 1081/1146/867 1082/1148/869
f 1074/1120/845 1090/1149/870 1075/1122/847
f 1068/1123/848 1082/1148/869 1083/1150/871
f 1075/1122/847 1091/1151/872 1076/1124/849
f 1069/1125/850 1083/1150/871 1084/1135/858
f 1076/1124/849 1092/1140/861 1077/1126/851
f 1088/1145/866 1104/1152/873 1089/1147/868
f 1082/1148/869 1096/1153/874 1097/1154/875
f 1089/1147/868 1105/1155/876 1090/1149/870
f 1083/1150/871 1097/1154/875 1098/1156/877
f 1090/1149/870 1106/1157/878 1091/1151/872
f 1084/1135/858 1098/1156/877 1099/1158/879
f 1091/1151/872 1107/1159/880 1092/1140/861
f 1085/1136/859 1099/1158/879 1100/1160/881
f 1078/1138/860 972/1161/689 1093/1162/882
f 1198/1163/691 1092/1140/861 1107/1159/880
f 1085/1136/859 1101/1164/883 1086/1141/862
f 1079/1142/863 1093/1162/882 1094/1165/884
f 1086/1141/862 1102/1166/885 1087/1143/864
f 1080/1144/865 1094/1165/884 1095/1167/886
f 1087/1143/864 1103/1168/887 1088/1145/866
f 1081/1146/867 1095/1167/886 1096/1153/874
f 1093/1162/882 972/1169/689 1108/1170/888
f 1198/1171/691 1107/1159/880 1122/1172/889
f 1100/1160/881 1116/1173/890 1101/1164/883
f 1094/1165/884 1108/1170/888 1109/1174/891
f 1101/1164/883 1117/1175/892 1102/1166/885
f 1095/1167/886 1109/1174/891 1110/1176/893
f 1102/1166/885 1118/1177/894 1103/1168/887
f 1096/1153/874 1110/1176/893 1111/1178/895
f 1103/1168/887 1119/1179/896 1104/1152/873
f 1097/1154/875 1111/1178/895 1112/1180/897
f 1104/1152/873 1120/1181/898 1105/1155/876
f 1098/1156/877 1112/1180/897 1113/1182/899
f 1105/1155/876 1121/1183/900 1106/1157/878
f 1099/1158/879 1113/1182/899 1114/1184/901
f 1106/1157/878 1122/1172/889 1107/1159/880
f 1100/1160/881 1114/1184/901 1115/1185/902
f 1112/1180/897 1126/1186/903 1127/1187/904
f 1119/1179/896 1135/1188/905 1120/1181/898
f 1113/1182/899 1127/1187/904 1128/1189/906
f 1120/1181/898 1136/1190/907 1121/1183/900
f 1114/1184/901 1128/1189/906 1129/1191/908
f 1121/1183/900 1137/1192/909 1122/1172/889
f 1115/1185/902 1129/1191/908 1130/1193/38
f 1108/1170/888 972/1194/689 1123/1195/910
f 1198/1196/691 1122/1172/889 1137/1192/909
f 1115/1185/902 1131/1197/911 1116/1173/890
f 1109/1174/891 1123/1195/910 1124/1198/912
f 1116/1173/890 1132/1199/913 1117/1175/892
f 1110/1176/893 1124/1198/912 1125/1200/914
f 1117/1175/892 1133/1201/915 1118/1177/894
f 1111/1178/895 1125/1200/914 1126/1186/903
f 1118/1177/894 1134/1202/916 1119/1179/896
f 1131/1197/911 1145/1203/917 1146/1204/918
f 1123/1195/910 1139/1205/919 1124/1198/912
f 1132/1199/913 1146/1204/918 1147/1206/920
f 1124/1198/912 1140/1207/921 1125/1200/914
f 1133/1201/915 1147/1206/920 1148/1208/922
f 1125/1200/914 1141/1209/923 1126/1186/903
f 1134/1202/916 1148/1208/922 1149/1210/924
f 1126/1186/903 1142/1211/925 1127/1187/904
f 1135/1188/905 1149/1210/924 1150/1212/926
f 1127/1187/904 1143/1213/927 1128/1189/906
f 1136/1190/907 1150/1212/926 1151/1214/928
f 1128/1189/906 1144/1215/929 1129/1191/908
f 1137/1192/909 1151/1214/928 1152/1216/930
f 1129/1191/908 1145/1203/917 1130/1193/38
f 1123/1195/910 972/1217/689 1138/1218/931
f 1198/1219/691 1137/1192/909 1152/1216/930
f 1150/1212/926 1164/1220/932 1165/1221/933
f 1142/1211/925 1158/1222/934 1143/1213/927
f 1151/1214/928 1165/1221/933 1166/1223/935
f 1143/1213/927 1159/1224/936 1144/1215/929
f 1152/1216/930 1166/1223/935 1167/1225/937
f 1144/1215/929 1160/1226/938 1145/1203/917
f 1138/1218/931 972/1227/689 1153/1228/939
f 1198/1229/691 1152/1216/930 1167/1225/937
f 1146/1204/918 1160/1226/938 1161/1230/940
f 1138/1218/931 1154/1231/941 1139/1205/919
f 1147/1206/920 1161/1230/940 1162/1232/942
f 1139/1205/919 1155/1233/943 1140/1207/921
f 1148/1208/922 1162/1232/942 1163/1234/944
f 1140/1207/921 1156/1235/945 1141/1209/923
f 1149/1210/924 1163/1234/944 1164/1220/932
f 1141/1209/923 1157/1236/946 1142/1211/925
f 1162/1232/942 1176/1237/947 1177/1238/948
f 1154/1231/941 1170/1239/949 1155/1233/943
f 1163/1234/944 1177/1238/948 1178/1240/950
f 1155/1233/943 1171/1241/951 1156/1235/945
f 1164/1220/932 1178/1240/950 1179/1242/952
f 1156/1235/945 1172/1243/953 1157/1236/946
f 1165/1221/933 1179/1242/952 1180/1244/954
f 1157/1236/946 1173/1245/955 1158/1222/934
f 1166/1223/935 1180/1244/954 1181/1246/956
f 1158/1222/934 1174/1247/957 1159/1224/936
f 1167/1225/937 1181/1246/956 1182/1248/958
f 1159/1224/936 1175/1249/959 1160/1226/938
f 1153/1228/939 972/1250/689 1168/1251/960
f 1198/1252/691 1167/1225/937 1182/1248/958
f 1161/1230/940 1175/1249/959 1176/1237/947
f 1153/1228/939 1169/1253/961 1154/1231/941
f 1181/1246/956 1195/1254/962 1196/1255/963
f 1173/1245/955 1189/1256/964 1174/1247/957
f 1182/1248/958 1196/1255/963 1197/1257/965
f 1174/1247/957 1190/1258/966 1175/1249/959
f 1168/1251/960 972/1259/689 1183/1260/967
f 1198/1261/691 1182/1248/958 1197/1257/965
f 1176/1237/947 1190/1258/966 1191/1262/968
f 1168/1251/960 1184/1263/969 1169/1253/961
f 1177/1238/948 1191/1262/968 1192/1264/970
f 1169/1253/961 1185/1265/971 1170/1239/949
f 1178/1240/950 1192/1264/970 1193/1266/972
f 1170/1239/949 1186/1267/973 1171/1241/951
f 1179/1242/952 1193/1266/972 1194/1268/974
f 1171/1241/951 1187/1269/975 1172/1243/953
f 1180/1244/954 1194/1268/974 1195/1254/962
f 1172/1243/953 1188/1270/976 1173/1245/955
f 1184/1263/969 1201/1271/977 1185/1265/971
f 1193/1266/972 1208/1272/978 1209/1273/979
f 1185/1265/971 1202/1274/980 1186/1267/973
f 1194/1268/974 1209/1273/979 1210/1275/981
f 1186/1267/973 1203/1276/982 1187/1269/975
f 1195/1254/962 1210/1275/981 1211/1277/983
f 1187/1269/975 1204/1278/984 1188/1270/976
f 1196/1255/963 1211/1277/983 1212/1279/985
f 1188/1270/976 1205/1280/986 1189/1256/964
f 1197/1257/965 1212/1279/985 1213/1281/987
f 1189/1256/964 1206/1282/988 1190/1258/966
f 1183/1260/967 972/1283/689 1199/1284/989
f 1198/1285/691 1197/1257/965 1213/1281/987
f 1191/1262/968 1206/1282/988 1207/1286/990
f 1183/1260/967 1200/1287/991 1184/1263/969
f 1192/1264/970 1207/1286/990 1208/1272/978
f 1204/1278/984 1220/1288/992 1205/1280/986
f 1213/1281/987 1227/1289/993 1228/1290/994
f 1205/1280/986 1221/1291/995 1206/1282/988
f 1199/1284/989 972/1292/689 1214/1293/996
f 1198/1294/691 1213/1281/987 1228/1290/994
f 1207/1286/990 1221/1291/995 1222/1295/997
f 1199/1284/989 1215/1296/998 1200/1287/991
f 1208/1272/978 1222/1295/997 1223/1297/999
f 1200/1287/991 1216/1298/1000 1201/1271/977
f 1209/1273/979 1223/1297/999 1224/1299/1001
f 1201/1271/977 1217/1300/1002 1202/1274/980
f 1210/1275/981 1224/1299/1001 1225/1301/1003
f 1202/1274/980 1218/1302/1004 1203/1276/982
f 1211/1277/983 1225/1301/1003 1226/1303/1005
f 1203/1276/982 1219/1304/1006 1204/1278/984
f 1212/1279/985 1226/1303/1005 1227/1289/993
f 1224/1299/1001 1238/1305/1007 1239/1306/1008
f 1216/1298/1000 1232/1307/1009 1217/1300/1002
f 1225/1301/1003 1239/1306/1008 1240/1308/1010
f 1217/1300/1002 1233/1309/1011 1218/1302/1004
f 1226/1303/1005 1240/1308/1010 1241/1310/1012
f 1218/1302/1004 1234/1311/1013 1219/1304/1006
f 1227/1289/993 1241/1310/1012 1242/1312/1014
f 1219/1304/1006 1235/1313/1015 1220/1288/992
f 1228/1290/994 1242/1312/1014 1243/1314/1016
f 1220/1288/992 1236/1315/1017 1221/1291/995
f 1214/1293/996 972/1316/689 1229/1317/1018
f 1198/1318/691 1228/1290/994 1243/1314/1016
f 1222/1295/997 1236/1315/1017 1237/1319/1019
f 1214/1293/996 1230/1320/1020 1215/1296/998
f 1223/1297/999 1237/1319/1019 1238/1305/1007
f 1215/1296/998 1231/1321/1021 1216/1298/1000
f 1243/1314/1016 1257/1322/1022 1258/1323/1023
f 1235/1313/1015 1251/1324/1024 1236/1315/1017
f 1229/1317/1018 972/1325/689 1244/1326/1025
f 1198/1327/691 1243/1314/1016 1258/1323/1023
f 1237/1319/1019 1251/1324/1024 1252/1328/1026
f 1229/1317/1018 1245/1329/1027 1230/1320/1020
f 1238/1305/1007 1252/1328/1026 1253/1330/1028
f 1230/1320/1020 1246/1331/1029 1231/1321/1021
f 1239/1306/1008 1253/1330/1028 1254/1332/1030
f 1231/1321/1021 1247/1333/1031 1232/1307/1009
f 1240/1308/1010 1254/1332/1030 1255/1334/1032
f 1232/1307/1009 1248/1335/1033 1233/1309/1011
f 1241/1310/1012 1255/1334/1032 1256/1336/1034
f 1233/1309/1011 1249/1337/1035 1234/1311/1013
f 1242/1312/1014 1256/1336/1034 1257/1322/1022
f 1234/1311/1013 1250/1338/1036 1235/1313/1015
f 1247/1339/1031 1261/1340/1037 1262/1341/1038
f 1254/1342/1030 1270/1343/1039 1255/1344/1032
f 1248/1345/1033 1262/1341/1038 1263/1346/1040
f 1255/1344/1032 1271/1347/1041 1256/1348/1034
f 1249/1349/1035 1263/1346/1040 1264/1350/1042
f 1256/1348/1034 1272/1351/1043 1257/1352/1022
f 1250/1353/1036 1264/1350/1042 1265/1354/1044
f 1257/1352/1022 1273/1355/1045 1258/1356/1023
f 1251/1357/1024 1265/1354/1044 1266/1358/1046
f 1244/1359/1025 972/1360/689 1259/1361/1047
f 1198/1362/691 1258/1356/1023 1273/1355/1045
f 1251/1357/1024 1267/1363/1048 1252/1364/1026
f 1245/1365/1027 1259/1361/1047 1260/1366/1049
f 1252/1364/1026 1268/1367/1050 1253/1368/1028
f 1246/1369/1029 1260/1366/1049 1261/1340/1037
f 1253/1368/1028 1269/1370/1051 1254/1342/1030
f 1266/1358/1046 1280/1371/1052 1281/1372/1053
f 1259/1361/1047 972/1373/689 1274/1374/1054
f 1198/1375/691 1273/1355/1045 1288/1376/1055
f 1266/1358/1046 1282/1377/1056 1267/1363/1048
f 1260/1366/1049 1274/1374/1054 1275/1378/1057
f 1267/1363/1048 1283/1379/1058 1268/1367/1050
f 1261/1340/1037 1275/1378/1057 1276/1380/1059
f 1268/1367/1050 1284/1381/1060 1269/1370/1051
f 1262/1341/1038 1276/1380/1059 1277/1382/1061
f 1269/1370/1051 1285/1383/1062 1270/1343/1039
f 1263/1346/1040 1277/1382/1061 1278/1384/1063
f 1270/1343/1039 1286/1385/1064 1271/1347/1041
f 1264/1350/1042 1278/1384/1063 1279/1386/1065
f 1271/1347/1041 1287/1387/1066 1272/1351/1043
f 1265/1354/1044 1279/1386/1065 1280/1371/1052
f 1272/1351/1043 1288/1376/1055 1273/1355/1045
f 1284/1381/1060 1300/1388/1067 1285/1383/1062
f 1278/1384/1063 1292/1389/1068 1293/1390/1069
f 1285/1383/1062 1301/1391/1070 1286/1385/1064
f 1279/1386/1065 1293/1390/1069 1294/1392/1071
f 1286/1385/1064 1302/1393/1072 1287/1387/1066
f 1280/1371/1052 1294/1392/1071 1295/1394/1073
f 1287/1387/1066 1303/1395/1074 1288/1376/1055
f 1281/1372/1053 1295/1394/1073 1296/1396/1075
f 1274/1374/1054 972/1397/689 1289/1398/1076
f 1198/1399/691 1288/1376/1055 1303/1395/1074
f 1281/1372/1053 1297/1400/1077 1282/1377/1056
f 1275/1378/1057 1289/1398/1076 1290/1401/1078
f 1282/1377/1056 1298/1402/1079 1283/1379/1058
f 1276/1380/1059 1290/1401/1078 1291/1403/1080
f 1283/1379/1058 1299/1404/1081 1284/1381/1060
f 1277/1382/1061 1291/1403/1080 1292/1389/1068
f 1198/1405/691 1303/1395/1074 1318/1406/1082
f 1296/1396/1075 1312/1407/1083 1297/1400/1077
f 1290/1401/1078 1304/1408/1084 1305/1409/1085
f 1297/1400/1077 1313/1410/1086 1298/1402/1079
f 1291/1403/1080 1305/1409/1085 1306/1411/1087
f 1298/1402/1079 1314/1412/1088 1299/1404/1081
f 1292/1389/1068 1306/1411/1087 1307/1413/1089
f 1299/1404/1081 1315/1414/1090 1300/1388/1067
f 1293/1390/1069 1307/1413/1089 1308/1415/1091
f 1300/1388/1067 1316/1416/1092 1301/1391/1070
f 1294/1392/1071 1308/1415/1091 1309/1417/1093
f 1301/1391/1070 1317/1418/1094 1302/1393/1072
f 1295/1394/1073 1309/1417/1093 1310/1419/1095
f 1302/1393/1072 1318/1406/1082 1303/1395/1074
f 1296/1396/1075 1310/1419/1095 1311/1420/1096
f 1289/1398/1076 972/1421/689 1304/1408/1084
f 1315/1414/1090 1331/1422/1097 1316/1416/1092
f 1309/1417/1093 1323/1423/1098 1324/1424/1099
f 1316/1416/1092 1332/1425/1100 1317/1418/1094
f 1310/1419/1095 1324/1424/1099 1325/1426/1101
f 1317/1418/1094 1333/1427/1102 1318/1406/1082
f 1311/1420/1096 1325/1426/1101 1326/1428/1103
f 1304/1408/1084 972/1429/689 1319/1430/1104
f 1198/1431/691 1318/1406/1082 1333/1427/1102
f 1311/1420/1096 1327/1432/1105 1312/1407/1083
f 1305/1409/1085 1319/1430/1104 1320/1433/1106
f 1312/1407/1083 1328/1434/1107 1313/1410/1086
f 1306/1411/1087 1320/1433/1106 1321/1435/1108
f 1313/1410/1086 1329/1436/1109 1314/1412/1088
f 1307/1413/1089 1321/1435/1108 1322/1437/1110
f 1314/1412/1088 1330/1438/1111 1315/1414/1090
f 1308/1415/1091 1322/1437/1110 1323/1423/1098
f 1320/1433/1106 1334/1439/1112 1335/1440/1113
f 1327/1432/1105 1343/1441/1114 1328/1434/1107
f 1321/1435/1108 1335/1440/1113 1336/1442/1115
f 1328/1434/1107 1344/1443/1116 1329/1436/1109
f 1322/1437/1110 1336/1442/1115 1337/1444/1117
f 1329/1436/1109 1345/1445/1118 1330/1438/1111
f 1323/1423/1098 1337/1444/1117 1338/1446/1119
f 1330/1438/1111 1346/1447/1120 1331/1422/1097
f 1324/1424/1099 1338/1446/1119 1339/1448/1121
f 1331/1422/1097 1347/1449/1122 1332/1425/1100
f 1325/1426/1101 1339/1448/1121 1340/1450/1123
f 1332/1425/1100 1348/1451/1124 1333/1427/1102
f 1326/1428/1103 1340/1450/1123 1341/1452/1125
f 1319/1430/1104 972/1453/689 1334/1439/1112
f 1198/1454/691 1333/1427/1102 1348/1451/1124
f 1326/1428/1103 1342/1455/1126 1327/1432/1105
f 1339/1448/1121 1353/1456/1127 1354/1457/1128
f 1346/1447/1120 1362/1458/1129 1347/1449/1122
f 1340/1450/1123 1354/1457/1128 1355/1459/1130
f 1347/1449/1122 1363/1460/1131 1348/1451/1124
f 1341/1452/1125 1355/1459/1130 1356/1461/1132
f 1334/1439/1112 972/1462/689 1349/1463/1133
f 1198/1464/691 1348/1451/1124 1363/1460/1131
f 1341/1452/1125 1357/1465/1134 1342/1455/1126
f 1335/1440/1113 1349/1463/1133 1350/1466/1135
f 1342/1455/1126 1358/1467/1136 1343/1441/1114
f 1336/1442/1115 1350/1466/1135 1351/1468/1137
f 1343/1441/1114 1359/1469/1138 1344/1443/1116
f 1337/1444/1117 1351/1468/1137 1352/1470/1139
f 1344/1443/1116 1360/1471/1140 1345/1445/1118
f 1338/1446/1119 1352/1470/1139 1353/1456/1127
f 1345/1445/1118 1361/1472/1141 1346/1447/1120
f 1357/1465/1134 1368/919/665 1358/1467/1136
f 1351/1468/1137 1365/918/664 891/923/669
f 1358/1467/1136 896/924/670 1359/1469/1138
f 1352/1470/1139 891/923/669 1366/927/673
f 1359/1469/1138 1369/928/674 1360/1471/1140
f 1353/1456/1127 1366/927/673 892/931/677
f 1360/1471/1140 1370/932/678 1361/1472/1141
f 1354/1457/1128 892/931/677 1367/935/681
f 1361/1472/1141 1371/936/682 1362/1458/1129
f 1355/1459/1130 1367/935/681 893/939/685
f 1362/1458/1129 1372/940/686 1363/1460/1131
f 1356/1461/1132 893/939/685 894/943/37
f 1349/1463/1133 972/1473/689 1364/916/662
f 1198/1474/691 1363/1460/1131 1372/940/686
f 1356/1461/1132 895/947/692 1357/1465/1134
f 1350/1466/1135 1364/916/662 1365/918/664
f 1412/1475/1142 1443/1476/1143 1406/1475/1144
f 1402/1477/1145 1399/1478/1146 1450/1479/1147
f 1404/1480/1148 1411/1481/1149 1449/1482/1150
f 1403/1483/1151 1410/1484/1152 1448/1485/1153
f 1405/1486/1154 1409/1487/1155 1447/1488/1156
f 1374/1489/1157 1416/1490/1158 1381/1491/1159
f 1417/1492/1160 1380/1493/1161 1377/1494/1162
f 1444/1495/1156 1389/1496/1154 1419/1497/1156
f 1400/1498/1163 1420/1499/1164 1383/1500/1165
f 1421/1501/1166 1390/1502/1167 1374/1503/1168
f 1441/1504/1153 1386/1505/1151 1423/1506/1153
f 1396/1507/1169 1424/1508/1170 1387/1509/1171
f 1425/1510/1172 1426/1511/1173 1377/1512/1174
f 1374/1513/1168 1390/1514/1167 1427/1515/1175
f 1377/1516/1174 1428/1517/1176 1384/1518/1177
f 1429/1519/1178 1379/1520/1179 1396/1521/1180
f 1437/1522/1150 1388/1523/1148 1431/1524/1150
f 1396/1525/1181 1432/1526/1182 1382/1527/1183
f 1433/1528/1184 1434/1529/1185 1400/1530/1186
f 1436/1531/1147 1385/1532/1145 1435/1533/1147
f 1404/1480/1187 1442/1534/1188 1376/1534/1187
f 1388/1523/1187 1446/1480/1189 1404/1480/1187
f 1403/1483/1190 1443/1476/1191 1375/1476/1190
f 1386/1505/1190 1430/1483/1192 1403/1483/1190
f 1402/1477/1142 1422/1535/1143 1378/1535/1142
f 1385/1532/1142 1418/1477/1144 1402/1477/1142
f 1389/1496/1193 1401/1536/1194 1397/1496/1194
f 1415/1536/1193 1442/1534/1195 1401/1536/1194
f 1388/1523/1187 1438/1537/1189 1407/1523/1189
f 1414/1537/1187 1422/1538/1188 1438/1537/1189
f 1386/1505/1190 1445/1539/1192 1440/1505/1192
f 1413/1539/1190 1408/1540/1191 1445/1539/1192
f 1436/1531/1147 1395/1541/38 1433/1528/1184
f 1410/1484/1146 1433/1528/1184 1383/1500/1196
f 1410/1484/1146 1412/1475/1145 1436/1531/1147
f 1400/1530/1186 1434/1529/1185 1387/1542/1197
f 1400/1543/1186 1383/1500/1196 1433/1528/1184
f 1387/1542/1198 1434/1529/1185 1396/1544/1181
f 1434/1529/1185 1432/1526/1182 1396/1525/1181
f 1437/1522/1150 1394/1545/1199 1429/1519/1178
f 1399/1546/1149 1429/1519/1178 1382/1547/1200
f 1399/1546/1149 1414/1537/1148 1437/1522/1150
f 1440/1505/1192 1467/1483/1201 1430/1483/1192
f 1396/1548/1180 1382/1547/1200 1429/1519/1178
f 1445/1539/1192 1463/1540/1202 1461/1539/1201
f 1407/1523/1189 1466/1480/1203 1446/1480/1189
f 1379/1520/1179 1428/1517/1176 1377/1516/1174
f 1425/1510/1204 1427/1515/1175 1393/1549/1205
f 1380/1550/1206 1374/1551/1207 1425/1510/1206
f 1439/1486/1194 1463/1540/1208 1408/1540/1195
f 1377/1512/1174 1426/1511/1173 1379/1552/1179
f 1438/1537/1189 1475/1538/1209 1460/1537/1203
f 1377/1553/1210 1380/1550/1206 1425/1510/1206
f 1379/1552/1179 1426/1511/1173 1396/1554/1180
f 1426/1511/1173 1424/1508/1170 1396/1507/1169
f 1441/1504/1153 1392/1555/1211 1421/1501/1212
f 1409/1487/1213 1421/1501/1212 1381/1491/1212
f 1409/1487/1213 1413/1539/1151 1441/1504/1153
f 1440/1505/1192 1461/1539/1201 1470/1505/1201
f 1398/1532/1144 1472/1475/1214 1471/1532/1214
f 1374/1556/1168 1381/1491/1215 1421/1501/1166
f 1397/1496/1194 1462/1486/1216 1439/1486/1194
f 1390/1502/1167 1420/1499/1164 1400/1498/1163
f 1444/1495/1156 1391/1557/1217 1417/1492/1160
f 1411/1481/1155 1417/1492/1160 1384/1518/1159
f 1411/1481/1155 1415/1536/1154 1444/1495/1156
f 1398/1532/1144 1465/1477/1214 1418/1477/1144
f 1401/1536/1194 1469/1534/1208 1468/1536/1216
f 1377/1558/1162 1384/1518/1159 1417/1492/1160
f 1406/1475/1144 1474/1476/1218 1472/1475/1214
f 1430/1483/1192 1474/1476/1202 1443/1476/1191
f 1380/1493/1161 1416/1490/1158 1374/1489/1157
f 1447/1488/1156 1381/1491/1159 1416/1490/1158
f 1391/1557/1217 1447/1488/1156 1416/1490/1158
f 1389/1496/1154 1447/1488/1156 1419/1497/1156
f 1448/1485/1153 1383/1500/1165 1420/1499/1164
f 1423/1506/1153 1420/1499/1164 1392/1555/1211
f 1386/1505/1151 1448/1485/1153 1423/1506/1153
f 1424/1508/1170 1400/1559/1219 1387/1509/1220
f 1427/1515/1175 1424/1508/1170 1393/1549/1205
f 1427/1515/1175 1390/1514/1167 1400/1560/1163
f 1449/1482/1150 1384/1518/1221 1428/1517/1221
f 1431/1524/1150 1428/1517/1221 1394/1545/1199
f 1388/1523/1148 1449/1482/1150 1431/1524/1150
f 1450/1479/1147 1382/1527/1183 1432/1526/1182
f 1435/1533/1147 1432/1526/1182 1395/1541/38
f 1385/1532/1145 1450/1479/1147 1435/1533/1147
f 1405/1486/1193 1408/1540/1195 1373/1540/1193
f 1389/1496/1193 1439/1486/1194 1405/1486/1193
f 1385/1532/1142 1406/1475/1144 1398/1532/1144
f 1407/1523/1189 1460/1537/1203 1464/1523/1203
f 1446/1480/1189 1469/1534/1209 1442/1534/1188
f 1397/1496/1194 1468/1536/1216 1473/1496/1216
f 1418/1477/1144 1475/1535/1218 1422/1535/1143
f 1473/1496/1216 1454/1486/1222 1462/1486/1216
f 1471/1532/1214 1488/1475/1223 1487/1532/1223
f 1472/1475/1214 1490/1476/1224 1488/1475/1223
f 1467/1483/1201 1490/1476/1224 1474/1476/1202
f 1465/1477/1214 1491/1535/1225 1475/1535/1218
f 1470/1505/1201 1456/1539/1226 1486/1505/1226
f 1471/1532/1214 1479/1477/1223 1465/1477/1214
f 1461/1539/1201 1451/1540/1227 1456/1539/1226
f 1466/1480/1203 1485/1534/1228 1469/1534/1209
f 1473/1496/1216 1484/1536/1222 1489/1496/1222
f 1464/1523/1203 1459/1537/1229 1476/1523/1229
f 1460/1537/1203 1491/1538/1225 1459/1537/1229
f 1470/1505/1201 1483/1483/1226 1467/1483/1201
f 1462/1486/1216 1451/1540/1227 1463/1540/1208
f 1468/1536/1216 1485/1534/1228 1484/1536/1222
f 1464/1523/1203 1480/1480/1229 1466/1480/1203
f 1484/1561/1222 1477/1562/1230 1489/1563/1222
f 1453/1564/1230 1455/1565/1230 1478/1566/1230
f 1481/1567/1230 1478/1566/1230 1477/1562/1230
f 1452/1568/1230 1483/1483/1226 1486/1505/1226
f 1458/1569/1230 1487/1570/1223 1455/1565/1230
f 1480/1571/1229 1453/1564/1230 1481/1567/1230
f 1482/1572/1230 1490/1476/1224 1483/1483/1226
f 1477/1562/1230 1452/1568/1230 1457/1573/1230
f 1455/1565/1230 1488/1574/1223 1482/1572/1230
f 1478/1566/1230 1482/1572/1230 1452/1568/1230
f 1489/1563/1222 1457/1573/1230 1454/1575/1222
f 1459/1576/1229 1479/1577/1223 1458/1569/1230
f 1454/1575/1222 1456/1539/1226 1451/1540/1227
f 1457/1573/1230 1486/1505/1226 1456/1539/1226
f 1485/1578/1228 1481/1567/1230 1484/1561/1222
f 1476/1579/1229 1458/1569/1230 1453/1564/1230
f 1524/1580/1231 1495/1581/1231 1528/1582/1231
f 1525/1583/1232 1499/1584/1232 1529/1585/1232
f 1498/1586/1232 1525/1583/1232 1530/1587/1232
f 1497/1588/1233 1523/1589/1234 1526/1590/1235
f 1498/1586/1236 1502/1591/1237 1492/1592/1238
f 1499/1584/1239 1493/1593/1239 1497/1588/1239
f 1522/1594/1240 1501/1595/1241 1508/1594/1242
f 1515/1596/1205 1512/1597/1243 1521/1597/1244
f 1516/1596/1205 1517/1597/1245 1520/1597/1246
f 1519/1594/1247 1505/1595/1248 1518/1594/1249
f 1516/1596/1205 1518/1594/1249 1506/1596/1205
f 1502/1596/1205 1519/1594/1247 1516/1596/1205
f 1507/1594/1250 1514/1595/1251 1519/1594/1247
f 1520/1597/1246 1504/1598/1252 1509/1598/1253
f 1511/1597/1254 1509/1598/1253 1492/1598/1255
f 1502/1596/1205 1520/1597/1246 1511/1597/1254
f 1521/1597/1244 1500/1598/1256 1513/1598/1257
f 1517/1597/1245 1513/1598/1257 1504/1598/1252
f 1506/1596/1205 1521/1597/1244 1517/1597/1245
f 1515/1596/1205 1508/1594/1242 1503/1596/1205
f 1506/1596/1205 1522/1594/1240 1515/1596/1205
f 1518/1594/1249 1510/1595/1258 1522/1594/1240
f 1494/1599/1231 1524/1580/1231 1531/1600/1231
f 1492/1601/1259 1523/1602/1259 1532/1603/1259
f 1523/1602/1259 1493/1604/1259 1527/1605/1259
f 1493/1604/1259 1495/1581/1259 1527/1605/1259
f 1495/1581/1259 1524/1580/1259 1527/1605/1259
f 1524/1580/1259 1523/1602/1259 1527/1605/1259
f 1495/1581/1231 1499/1584/1231 1528/1582/1231
f 1499/1584/1231 1525/1583/1231 1528/1582/1231
f 1525/1583/1231 1524/1580/1231 1528/1582/1231
f 1499/1584/1232 1497/1588/1232 1529/1585/1232
f 1497/1588/1232 1526/1590/1232 1529/1585/1232
f 1526/1590/1232 1525/1583/1232 1529/1585/1232
f 1525/1583/1232 1526/1590/1232 1530/1587/1232
f 1526/1590/1232 1496/1595/1232 1530/1587/1232
f 1496/1595/1232 1498/1586/1232 1530/1587/1232
f 1524/1580/1231 1525/1583/1231 1531/1600/1231
f 1525/1583/1231 1498/1586/1231 1531/1600/1231
f 1498/1586/1231 1494/1599/1231 1531/1600/1231
f 1523/1602/1259 1524/1580/1259 1532/1603/1259
f 1524/1580/1259 1494/1599/1259 1532/1603/1259
f 1494/1599/1259 1492/1601/1259 1532/1603/1259
f 1496/1595/1260 1526/1590/1235 1533/1606/1261
f 1526/1590/1235 1523/1589/1234 1533/1606/1261
f 1523/1589/1234 1492/1598/1262 1533/1606/1261
f 1492/1598/1263 1511/1597/1264 1533/1606/1265
f 1511/1597/1264 1502/1596/1266 1533/1606/1265
f 1502/1596/1266 1507/1594/1267 1533/1606/1265
f 1507/1594/1267 1496/1595/1268 1533/1606/1265
f 32/35/33 1/1607/33 2/1608/33
f 2/1608/33 3/1609/33 4/1610/33
f 4/1610/33 5/1611/33 6/1612/33
f 6/1612/33 7/1613/33 8/1614/33
f 8/1614/33 9/1615/33 10/1616/33
f 10/1616/33 11/1617/33 12/1618/33
f 12/1618/33 13/1619/33 14/1620/33
f 14/1620/33 15/1621/33 16/33/33
f 16/33/33 17/1622/33 18/1623/33
f 18/1623/33 19/1624/33 20/1625/33
f 20/1625/33 21/1626/33 22/1627/33
f 22/1627/33 23/1628/33 24/34/33
f 24/34/33 25/1629/33 26/1630/33
f 26/1630/33 27/1631/33 28/1632/33
f 28/1632/33 29/1633/33 30/1634/33
f 30/1634/33 31/1635/33 32/35/33
f 32/35/33 2/1608/33 4/1610/33
f 4/1610/33 6/1612/33 8/1614/33
f 8/1614/33 10/1616/33 12/1618/33
f 12/1618/33 14/1620/33 16/33/33
f 16/33/33 18/1623/33 20/1625/33
f 20/1625/33 22/1627/33 24/34/33
f 24/34/33 26/1630/33 28/1632/33
f 28/1632/33 30/1634/33 32/35/33
f 32/35/33 4/1610/33 8/1614/33
f 8/1614/33 12/1618/33 16/33/33
f 16/33/33 20/1625/33 24/34/33
f 24/34/33 28/1632/33 32/35/33
f 32/35/33 8/1614/33 16/33/33
f 57/37/2 36/67/2 53/38/2
f 39/40/33 38/1636/33 41/41/33
f 51/43/2 43/64/2 58/44/2
f 61/46/35 44/68/35 62/47/35
f 65/49/36 45/59/36 66/50/36
f 67/51/36 66/50/36 42/52/36
f 56/54/36 67/51/36 46/53/36
f 68/56/36 47/63/36 35/57/36
f 66/50/36 68/56/36 55/58/36
f 45/59/36 64/253/36 68/56/36
f 69/60/37 50/65/103 37/61/37
f 47/63/37 69/60/37 48/62/37
f 70/48/35 62/47/35 43/64/35
f 50/65/35 70/48/35 51/43/35
f 71/66/35 52/72/35 36/67/35
f 62/47/35 71/66/35 57/37/35
f 44/68/35 60/201/35 71/66/35
f 72/69/38 56/200/90 34/70/38
f 52/72/38 72/69/38 53/71/38
f 73/45/2 58/44/2 42/73/2
f 48/75/2 73/45/2 55/74/2
f 37/61/2 51/43/2 73/45/2
f 74/39/2 53/38/2 34/77/2
f 58/44/2 74/39/2 46/78/2
f 43/64/2 57/37/2 74/39/2
f 80/79/39 84/80/1269 96/80/40
f 87/81/35 88/87/35 91/82/35
f 85/84/41 86/89/36 92/85/36
f 88/87/35 90/96/63 95/88/43
f 86/89/36 89/79/36 96/80/36
f 78/81/44 79/87/158 88/87/45
f 83/83/47 94/83/1270 91/82/48
f 84/80/50 82/85/177 92/85/51
f 80/79/53 89/79/1271 86/89/54
f 78/81/56 87/81/57 94/83/57
f 98/90/59 254/264/59 258/91/59
f 99/93/60 107/97/61 105/94/61
f 90/96/63 103/96/1272 104/88/64
f 93/86/42 98/86/1273 102/84/65
f 107/97/38 110/1637/38 106/98/38
f 109/99/38 112/1638/38 111/100/38
f 101/102/66 109/99/59 108/101/59
f 105/104/61 257/255/61 253/105/61
f 108/107/38 111/120/38 118/108/38
f 110/110/38 107/122/38 120/111/38
f 110/84/68 137/84/68 167/84/68
f 114/113/69 113/139/69 121/114/69
f 118/116/70 126/133/70 125/117/70
f 103/119/61 114/128/61 118/108/61
f 99/121/60 116/127/61 120/111/61
f 110/110/59 119/112/59 115/123/59
f 108/107/59 117/109/59 113/125/59
f 102/124/37 115/123/37 116/127/37
f 100/126/37 113/125/37 114/128/37
f 127/129/59 135/146/59 133/130/59
f 122/115/61 130/142/61 132/132/61
f 119/134/71 127/129/71 123/131/71
f 118/116/72 114/113/72 122/115/72
f 120/136/70 128/140/70 127/129/70
f 116/137/69 115/135/69 123/131/69
f 117/118/71 125/117/71 121/114/71
f 120/136/72 116/137/72 124/138/72
f 129/141/68 131/143/68 132/132/68
f 125/117/59 131/143/59 129/141/59
f 125/117/38 126/133/38 132/132/38
f 121/114/37 129/141/37 130/142/37
f 133/130/68 135/146/68 136/144/68
f 128/140/38 136/144/38 135/146/38
f 124/138/37 123/131/37 133/130/37
f 124/138/61 134/145/61 136/144/61
f 112/88/73 140/88/73 172/88/73
f 148/88/74 152/88/74 143/96/74
f 143/96/74 152/88/74 151/88/74
f 144/96/74 151/88/74 150/88/74
f 150/88/74 149/88/74 146/96/74
f 149/88/74 147/88/74 142/96/74
f 103/96/37 142/96/37 147/88/37
f 141/96/61 139/96/61 140/88/61
f 142/96/68 103/96/68 111/96/68
f 111/96/68 139/96/68 141/96/68
f 141/96/68 143/96/1274 144/96/68
f 144/96/68 145/96/1275 146/96/68
f 146/96/68 142/96/68 111/96/68
f 111/96/68 141/96/68 144/96/68
f 140/88/73 112/88/73 104/88/73
f 104/88/73 147/88/73 149/88/73
f 104/88/73 149/88/73 150/88/73
f 148/88/73 140/88/73 104/88/73
f 152/88/73 148/88/73 104/88/73
f 104/88/73 150/88/73 151/88/73
f 160/86/75 164/86/75 155/84/75
f 155/84/75 164/86/75 163/86/75
f 163/86/75 162/86/75 157/84/75
f 162/86/75 161/86/75 158/84/75
f 158/84/75 161/86/75 159/86/75
f 98/86/37 160/86/37 153/84/37
f 159/86/59 138/86/59 137/84/59
f 137/84/68 110/84/68 102/84/68
f 102/84/68 153/84/68 155/84/68
f 156/84/68 157/84/2 158/84/1276
f 102/84/68 155/84/68 156/84/68
f 154/84/68 137/84/68 102/84/68
f 156/84/68 158/84/1276 154/84/68
f 160/86/73 98/86/73 106/86/73
f 106/86/73 138/86/73 159/86/73
f 159/86/73 161/86/1277 162/86/1278
f 163/86/73 164/86/1279 160/86/73
f 159/86/73 162/86/1278 163/86/73
f 163/86/73 160/86/73 106/86/73
f 166/86/38 165/84/38 167/84/38
f 106/86/73 166/86/73 168/86/73
f 138/86/76 168/86/76 167/84/76
f 110/84/74 165/84/74 166/86/74
f 170/88/38 172/88/38 171/96/38
f 140/88/77 139/96/77 171/96/77
f 112/88/75 170/88/75 169/96/75
f 111/96/68 169/96/68 171/96/68
f 174/169/86 179/172/86 206/170/86
f 179/172/86 178/197/86 205/173/86
f 178/149/86 177/176/86 204/174/86
f 177/176/86 176/178/86 203/177/86
f 176/178/86 173/147/86 201/179/86
f 195/180/87 200/183/87 212/181/87
f 200/183/87 199/185/87 211/184/87
f 199/185/87 198/165/87 210/186/87
f 198/165/87 197/163/87 209/187/87
f 197/163/87 194/162/87 207/188/87
f 202/171/86 206/170/86 190/189/86
f 206/170/86 205/173/86 191/191/86
f 205/175/86 204/174/86 192/159/86
f 204/174/86 203/177/86 193/160/86
f 203/177/86 201/179/86 188/161/86
f 208/182/87 212/181/87 183/151/87
f 212/181/87 211/184/87 184/152/87
f 211/184/87 210/186/87 185/192/87
f 210/186/87 209/187/87 186/193/87
f 209/187/87 207/188/87 181/194/87
f 54/195/38 174/169/38 202/171/38
f 38/197/88 175/197/88 174/169/88
f 54/195/88 180/150/88 182/41/88
f 38/197/88 174/169/88 54/195/88
f 182/41/88 41/41/88 38/197/88
f 180/150/38 54/195/38 75/196/38
f 67/51/36 56/54/36 189/157/36
f 189/157/36 188/161/36 65/49/36
f 56/200/90 72/69/38 59/198/38
f 59/198/38 187/190/38 189/199/89
f 75/196/38 202/171/38 187/190/38
f 52/72/35 71/66/35 60/201/35
f 60/201/35 194/162/35 196/164/35
f 72/69/38 52/72/38 196/164/38
f 196/164/38 195/180/38 59/198/38
f 208/182/38 75/196/38 59/198/38
f 228/227/99 233/230/99 246/228/99
f 233/230/99 232/232/99 245/231/99
f 232/232/99 231/216/99 244/233/99
f 231/216/99 230/214/99 243/234/99
f 230/214/99 227/213/99 241/235/99
f 235/236/100 240/239/100 252/237/100
f 240/239/100 239/241/100 251/240/100
f 239/241/100 238/223/100 250/242/100
f 238/223/100 237/221/100 249/243/100
f 237/221/100 234/220/100 247/244/100
f 242/229/99 246/228/99 216/203/99
f 246/228/99 245/231/99 217/205/99
f 245/231/99 244/233/99 218/245/99
f 244/233/99 243/234/99 219/246/99
f 243/234/99 241/235/99 214/247/99
f 248/238/100 252/237/100 223/209/100
f 252/237/100 251/240/100 224/210/100
f 251/240/100 250/242/100 225/248/100
f 250/242/100 249/243/100 226/249/100
f 249/243/100 247/244/100 221/250/100
f 40/42/101 222/42/101 221/250/101
f 49/251/101 213/202/101 215/204/101
f 40/42/101 221/250/101 49/251/101
f 215/204/101 39/204/101 40/42/101
f 213/202/37 49/251/37 76/252/37
f 49/251/37 221/250/37 247/244/37
f 47/63/36 68/56/36 64/253/36
f 64/253/36 227/213/36 229/215/36
f 69/60/37 47/63/37 229/215/37
f 229/215/37 228/227/37 63/254/37
f 242/229/37 76/252/37 63/254/37
f 76/252/37 247/244/37 234/220/37
f 50/65/103 69/60/37 63/254/37
f 63/254/37 234/220/37 236/222/102
f 70/48/35 50/65/35 236/222/35
f 236/222/35 235/236/35 61/46/35
f 257/255/37 258/91/37 266/256/37
f 257/255/104 265/257/104 261/258/104
f 101/259/37 104/263/37 255/260/37
f 112/262/61 259/266/61 255/260/61
f 98/90/37 97/106/37 253/105/37
f 109/265/38 260/267/38 259/266/38
f 101/259/66 256/261/59 260/267/59
f 106/92/38 258/91/38 257/255/38
f 263/268/73 267/272/73 268/269/73
f 261/258/73 265/257/73 266/256/73
f 253/105/38 261/258/38 262/271/38
f 254/264/105 262/271/105 266/256/105
f 259/266/61 267/272/61 263/268/61
f 260/267/38 268/269/38 267/272/38
f 255/260/37 263/268/37 264/270/37
f 256/261/59 264/270/59 268/269/59
f 276/273/87 282/274/87 272/84/87
f 282/274/87 281/275/87 273/84/87
f 281/275/87 280/276/87 274/84/87
f 280/276/87 279/291/87 275/84/87
f 85/84/107 271/84/108 270/277/106
f 270/277/106 77/89/55 86/89/54
f 99/84/110 269/84/1280 271/84/108
f 271/84/108 85/84/107 102/84/109
f 276/273/111 269/84/1281 99/84/60
f 98/86/114 93/86/116 277/86/112
f 277/86/112 276/273/1282 97/86/113
f 92/85/51 82/85/177 278/278/115
f 278/278/115 277/86/112 93/86/116
f 286/96/86 296/294/86 295/279/86
f 287/96/86 295/279/86 294/88/86
f 288/96/86 294/88/86 293/88/86
f 289/96/86 293/88/86 290/88/86
f 88/87/45 79/87/158 285/280/117
f 285/280/117 284/96/119 90/96/118
f 103/96/121 90/96/118 284/96/119
f 284/96/119 283/96/1283 100/96/120
f 283/96/122 290/88/1284 101/88/66
f 95/88/124 292/88/125 291/281/123
f 291/281/123 81/82/49 91/82/48
f 101/88/127 290/88/1285 292/88/125
f 292/88/125 95/88/124 104/88/126
f 299/295/139 297/84/1286 300/84/33
f 300/84/33 301/84/33 302/84/33
f 302/84/33 303/84/1287 298/84/33
f 298/84/33 299/295/139 300/84/33
f 306/284/129 304/86/1288 307/289/128
f 308/282/128 309/290/1289 310/283/128
f 306/284/129 307/289/128 308/282/128
f 310/283/128 305/291/1290 306/284/129
f 313/285/130 311/96/33 314/96/33
f 315/96/33 316/96/33 317/96/33
f 313/285/130 314/96/33 315/96/33
f 317/96/33 312/96/142 313/285/130
f 320/296/145 318/294/144 321/286/131
f 321/286/131 322/293/1291 323/287/132
f 323/287/132 324/292/1292 319/288/133
f 319/288/133 320/296/145 321/286/131
f 298/84/134 303/84/134 307/289/134
f 303/84/134 302/84/134 308/282/134
f 302/84/134 301/84/134 309/290/134
f 301/84/134 300/84/135 310/283/135
f 300/84/135 297/84/135 305/291/135
f 311/96/136 319/288/136 324/292/136
f 314/96/136 324/292/136 323/287/136
f 315/96/136 323/287/136 322/293/136
f 316/96/136 322/293/136 321/286/137
f 317/96/137 321/286/137 318/294/137
f 275/84/33 279/291/37 305/291/33
f 271/84/108 269/84/1280 272/84/33
f 272/84/33 273/84/1293 274/84/33
f 271/84/108 272/84/33 274/84/33
f 299/295/139 270/277/106 271/84/108
f 299/295/139 271/84/108 274/84/33
f 275/84/138 297/84/1286 299/295/139
f 281/275/1294 282/274/1295 276/273/1282
f 276/273/1282 277/86/112 278/278/115
f 280/276/141 281/275/1294 276/273/1282
f 276/273/1282 278/278/115 306/284/129
f 280/276/141 276/273/1282 306/284/129
f 306/284/129 305/291/1290 279/291/140
f 287/96/33 288/96/1293 289/96/33
f 289/96/33 283/96/1283 284/96/119
f 284/96/119 285/280/117 313/285/130
f 289/96/33 284/96/119 313/285/130
f 287/96/33 289/96/33 313/285/130
f 312/96/142 286/96/38 287/96/33
f 312/96/33 318/294/37 296/294/33
f 292/88/125 290/88/1285 293/88/1296
f 292/88/125 293/88/1296 294/88/1297
f 320/296/145 291/281/123 292/88/125
f 320/296/145 292/88/125 294/88/1297
f 320/296/145 294/88/1297 295/279/143
f 295/279/143 296/294/38 318/294/144
f 333/299/37 331/79/37 334/79/37
f 334/79/37 335/79/37 336/297/37
f 336/297/37 337/310/37 332/298/37
f 333/299/37 334/79/37 336/297/37
f 340/302/38 338/305/38 341/304/38
f 342/300/38 343/308/1298 344/301/38
f 340/302/38 341/304/38 342/300/38
f 344/301/38 339/309/38 340/302/38
f 325/303/146 327/306/147 341/304/147
f 327/306/147 328/307/147 342/300/147
f 328/307/147 329/89/147 343/308/147
f 329/89/147 330/89/147 344/301/147
f 330/89/147 326/89/149 339/309/149
f 332/298/150 337/310/147 327/306/147
f 337/310/147 336/297/147 328/307/147
f 336/297/147 335/79/147 329/89/147
f 335/79/147 334/79/147 330/89/147
f 334/79/147 331/79/149 326/89/149
f 298/84/33 339/309/149 326/89/149
f 326/89/149 77/89/55 270/277/106
f 270/277/106 299/295/139 298/84/33
f 39/204/151 215/204/151 214/247/151
f 39/204/151 214/247/151 332/298/150
f 175/149/151 38/149/151 39/204/151
f 338/305/148 173/147/151 175/149/151
f 39/204/151 332/298/150 325/303/146
f 325/303/146 338/305/148 175/149/151
f 331/79/149 80/79/53 77/89/55
f 353/313/38 351/96/38 354/96/38
f 354/96/38 355/96/1299 356/311/38
f 356/311/38 357/324/38 352/312/38
f 353/313/38 354/96/38 356/311/38
f 360/316/37 358/319/37 361/318/37
f 362/314/37 363/322/37 364/315/37
f 360/316/37 361/318/37 362/314/37
f 364/315/37 359/323/37 360/316/37
f 345/317/152 347/320/153 361/318/153
f 347/320/153 348/321/153 362/314/153
f 348/321/153 349/87/153 363/322/153
f 349/87/153 350/87/153 364/315/153
f 350/87/153 346/87/155 359/323/155
f 352/312/156 357/324/153 347/320/153
f 357/324/153 356/311/153 348/321/153
f 356/311/153 355/96/153 349/87/153
f 355/96/153 354/96/153 350/87/153
f 354/96/153 351/96/155 346/87/155
f 41/41/157 182/41/157 181/194/157
f 41/41/157 181/194/157 352/312/156
f 222/42/157 40/42/157 41/41/157
f 358/319/154 220/208/157 222/42/157
f 41/41/157 352/312/156 345/317/152
f 345/317/152 358/319/154 222/42/157
f 79/87/158 346/87/155 351/96/155
f 351/96/155 311/96/33 313/285/130
f 313/285/130 285/280/117 79/87/158
f 346/87/155 79/87/158 78/81/44
f 374/327/161 371/83/1300 375/330/1301
f 376/325/159 377/332/1302 378/334/1303
f 374/327/161 375/330/1301 376/325/159
f 372/326/160 373/340/35 374/327/161
f 376/325/159 378/334/1303 372/326/160
f 382/329/164 379/339/162 383/338/162
f 382/329/164 383/338/162 384/337/1304
f 380/88/163 381/1639/1305 382/329/164
f 385/328/162 386/336/1306 380/88/163
f 382/329/164 384/337/1304 385/328/162
f 371/83/165 365/82/165 367/82/165
f 375/330/165 367/82/165 368/82/165
f 376/325/165 368/82/165 369/331/165
f 377/332/165 369/331/165 370/333/165
f 378/334/165 370/333/165 366/335/165
f 380/88/165 386/336/165 367/82/165
f 386/336/165 385/328/165 368/82/165
f 385/328/165 384/337/165 369/331/165
f 384/337/165 383/338/165 370/333/165
f 383/338/165 379/339/165 366/335/165
f 44/68/35 366/335/35 379/339/35
f 319/288/133 380/88/2 365/82/2
f 365/82/2 81/82/49 291/281/123
f 291/281/123 320/296/145 319/288/133
f 372/326/35 366/335/35 44/68/35
f 371/83/2 83/83/47 81/82/49
f 373/340/35 248/238/35 220/208/166
f 220/208/166 358/319/1307 360/316/167
f 360/316/167 374/327/35 373/340/35
f 83/83/58 371/83/37 374/327/37
f 374/327/37 360/316/37 359/323/37
f 359/323/37 78/81/56 83/83/58
f 61/46/35 235/236/35 248/238/35
f 248/238/35 373/340/35 372/326/35
f 194/162/35 60/201/35 379/339/35
f 379/339/35 382/329/35 207/188/35
f 311/96/38 351/96/38 353/313/38
f 353/313/38 381/1639/38 380/88/38
f 380/88/38 319/288/38 311/96/38
f 207/188/35 382/329/35 381/1639/35
f 353/313/168 352/312/1308 181/194/169
f 207/188/35 381/1639/35 353/313/168
f 396/343/172 393/86/1309 397/346/1309
f 396/343/172 397/346/1309 398/347/1309
f 394/342/171 395/356/36 396/343/172
f 399/341/170 400/350/1310 394/342/171
f 396/343/172 398/347/1309 399/341/170
f 404/345/175 401/355/173 405/354/1311
f 405/354/1311 406/353/1312 407/344/173
f 407/344/173 408/352/1313 402/80/174
f 402/80/174 403/1640/1314 404/345/175
f 404/345/175 405/354/1311 407/344/173
f 393/86/176 387/85/176 389/85/176
f 397/346/176 389/85/176 390/85/176
f 398/347/176 390/85/176 391/348/176
f 399/341/176 391/348/176 392/349/176
f 400/350/176 392/349/176 388/351/176
f 402/80/176 408/352/176 389/85/176
f 408/352/176 407/344/176 390/85/176
f 407/344/176 406/353/176 391/348/176
f 406/353/176 405/354/176 392/349/176
f 405/354/176 401/355/176 388/351/176
f 45/59/36 388/351/36 401/355/36
f 387/85/2 82/85/177 84/80/50
f 394/342/36 388/351/36 45/59/36
f 82/85/177 387/85/2 393/86/2
f 393/86/2 304/86/1288 306/284/129
f 306/284/129 278/278/115 82/85/177
f 304/86/38 393/86/38 396/343/38
f 396/343/38 340/302/38 339/309/38
f 339/309/38 298/84/38 304/86/38
f 65/49/36 188/161/36 201/179/36
f 201/179/36 395/356/36 394/342/36
f 395/356/36 201/179/36 173/147/178
f 173/147/178 338/305/1315 340/302/179
f 340/302/179 396/343/36 395/356/36
f 80/79/39 331/79/37 333/299/37
f 333/299/37 403/1640/37 402/80/37
f 402/80/37 84/80/1269 80/79/39
f 227/213/36 64/253/36 401/355/36
f 401/355/36 404/345/36 241/235/36
f 241/235/36 404/345/36 403/1640/36
f 333/299/180 332/298/1316 214/247/181
f 241/235/36 403/1640/36 333/299/180
f 416/357/182 415/385/209 882/358/183
f 886/360/185 424/366/191 423/361/186
f 417/363/188 416/357/182 883/359/184
f 414/365/190 425/370/195 424/366/191
f 418/367/192 417/363/188 409/364/189
f 887/369/194 426/374/199 425/370/195
f 419/371/196 418/367/192 884/368/193
f 888/373/198 427/378/203 426/374/199
f 420/375/200 419/371/196 410/372/197
f 889/377/202 428/382/207 427/378/203
f 421/379/204 420/375/200 885/376/201
f 890/381/206 429/388/212 428/382/207
f 422/383/208 421/379/204 411/380/205
f 413/362/187 423/361/186 422/383/208
f 423/361/186 438/395/217 437/393/215
f 431/394/216 430/389/213 415/385/209
f 424/366/191 439/397/219 438/395/217
f 432/396/218 431/394/216 416/357/182
f 425/370/195 440/399/221 439/397/219
f 433/398/220 432/396/218 417/363/188
f 426/374/199 441/401/223 440/399/221
f 434/400/222 433/398/220 418/367/192
f 427/378/203 442/403/225 441/401/223
f 435/402/224 434/400/222 419/371/196
f 428/382/207 443/405/227 442/403/225
f 436/404/226 435/402/224 420/375/200
f 429/388/212 444/392/214 443/405/227
f 437/393/215 436/404/226 421/379/204
f 449/406/228 448/421/241 433/398/220
f 442/403/225 457/409/231 456/407/229
f 450/408/230 449/406/228 434/400/222
f 443/405/227 458/411/233 457/409/231
f 451/410/232 450/408/230 435/402/224
f 444/392/214 459/416/236 458/411/233
f 452/412/234 451/410/232 436/404/226
f 438/395/217 453/418/238 452/412/234
f 446/417/237 445/413/235 430/389/213
f 439/397/219 454/420/240 453/418/238
f 447/419/239 446/417/237 431/394/216
f 440/399/221 455/422/242 454/420/240
f 448/421/241 447/419/239 432/396/218
f 441/401/223 456/407/229 455/422/242
f 453/418/238 468/425/245 467/423/243
f 461/424/244 460/436/256 445/413/235
f 454/420/240 469/427/247 468/425/245
f 462/426/246 461/424/244 446/417/237
f 455/422/242 470/429/249 469/427/247
f 463/428/248 462/426/246 447/419/239
f 456/407/229 471/431/251 470/429/249
f 464/430/250 463/428/248 448/421/241
f 457/409/231 472/433/253 471/431/251
f 465/432/252 464/430/250 449/406/228
f 458/411/233 473/435/255 472/433/253
f 466/434/254 465/432/252 450/408/230
f 459/416/236 474/439/257 473/435/255
f 467/423/243 466/434/254 451/410/232
f 472/433/253 487/442/260 486/440/258
f 480/441/259 479/456/272 464/430/250
f 473/435/255 488/444/262 487/442/260
f 481/443/261 480/441/259 465/432/252
f 474/439/257 489/449/265 488/444/262
f 482/445/263 481/443/261 466/434/254
f 468/425/245 483/451/267 482/445/263
f 476/450/266 475/446/264 460/436/256
f 469/427/247 484/453/269 483/451/267
f 477/452/268 476/450/266 461/424/244
f 470/429/249 485/455/271 484/453/269
f 478/454/270 477/452/268 462/426/246
f 471/431/251 486/440/258 485/455/271
f 479/456/272 478/454/270 463/428/248
f 492/457/273 491/470/286 475/446/264
f 484/453/269 500/460/276 499/458/274
f 493/459/275 492/457/273 476/450/266
f 485/455/271 501/462/278 500/460/276
f 494/461/277 493/459/275 477/452/268
f 486/440/258 502/464/280 501/462/278
f 495/463/279 494/461/277 478/454/270
f 487/442/260 503/466/282 502/464/280
f 496/465/281 495/463/279 479/456/272
f 488/444/262 504/468/284 503/466/282
f 497/467/283 496/465/281 480/441/259
f 489/449/265 505/473/287 504/468/284
f 498/469/285 497/467/283 481/443/261
f 483/451/267 499/458/274 498/469/285
f 511/474/288 510/489/301 495/463/279
f 504/468/284 519/477/291 518/475/289
f 512/476/290 511/474/288 496/465/281
f 505/473/287 520/482/294 519/477/291
f 513/478/292 512/476/290 497/467/283
f 499/458/274 514/484/296 513/478/292
f 507/483/295 506/479/293 491/470/286
f 500/460/276 515/486/298 514/484/296
f 508/485/297 507/483/295 492/457/273
f 501/462/278 516/488/300 515/486/298
f 509/487/299 508/485/297 493/459/275
f 502/464/280 517/490/302 516/488/300
f 510/489/301 509/487/299 494/461/277
f 503/466/282 518/475/289 517/490/302
f 515/486/298 530/493/305 529/491/303
f 523/492/304 522/507/317 507/483/295
f 516/488/300 531/495/307 530/493/305
f 524/494/306 523/492/304 508/485/297
f 517/490/302 532/497/309 531/495/307
f 525/496/308 524/494/306 509/487/299
f 518/475/289 533/499/311 532/497/309
f 526/498/310 525/496/308 510/489/301
f 519/477/291 534/501/313 533/499/311
f 527/500/312 526/498/310 511/474/288
f 520/482/294 535/506/316 534/501/313
f 528/502/314 527/500/312 512/476/290
f 514/484/296 529/491/303 528/502/314
f 522/507/317 521/503/315 506/479/293
f 549/508/318 548/522/330 533/499/311
f 527/500/312 542/511/321 541/509/319
f 550/510/320 549/508/318 534/501/313
f 528/502/314 543/533/341 542/511/321
f 544/515/323 543/533/341 528/502/314
f 522/507/317 537/517/325 536/512/322
f 545/516/324 544/515/323 529/491/303
f 523/492/304 538/519/327 537/517/325
f 546/518/326 545/516/324 530/493/305
f 524/494/306 539/521/329 538/519/327
f 547/520/328 546/518/326 531/495/307
f 525/496/308 540/523/331 539/521/329
f 548/522/330 547/520/328 532/497/309
f 526/498/310 541/509/319 540/523/331
f 561/524/332 560/539/345 545/516/324
f 539/521/329 554/527/335 553/525/333
f 562/526/334 561/524/332 546/518/326
f 540/523/331 555/529/337 554/527/335
f 563/528/336 562/526/334 547/520/328
f 541/509/319 556/531/339 555/529/337
f 564/530/338 563/528/336 548/522/330
f 542/511/321 557/534/342 556/531/339
f 565/532/340 564/530/338 549/508/318
f 543/533/341 558/542/348 557/534/342
f 559/538/344 558/542/348 543/533/341
f 537/517/325 552/540/346 551/535/343
f 560/539/345 559/538/344 544/515/323
f 538/519/327 553/525/333 552/540/346
f 580/541/347 579/556/360 564/530/338
f 558/542/348 573/566/370 572/543/349
f 574/547/351 573/566/370 558/542/348
f 552/540/346 567/549/353 566/544/350
f 575/548/352 574/547/351 559/538/344
f 553/525/333 568/551/355 567/549/353
f 576/550/354 575/548/352 560/539/345
f 554/527/335 569/553/357 568/551/355
f 577/552/356 576/550/354 561/524/332
f 555/529/337 570/555/359 569/553/357
f 578/554/358 577/552/356 562/526/334
f 556/531/339 571/557/361 570/555/359
f 579/556/360 578/554/358 563/528/336
f 557/534/342 572/543/349 571/557/361
f 569/553/357 584/560/364 583/558/362
f 592/559/363 591/574/376 576/550/354
f 570/555/359 585/562/366 584/560/364
f 593/561/365 592/559/363 577/552/356
f 571/557/361 586/564/368 585/562/366
f 594/563/367 593/561/365 578/554/358
f 572/543/349 587/567/371 586/564/368
f 595/565/369 594/563/367 579/556/360
f 573/566/370 588/575/377 587/567/371
f 589/571/373 588/575/377 573/566/370
f 567/549/353 582/573/375 581/568/372
f 590/572/374 589/571/373 574/547/351
f 568/551/355 583/558/362 582/573/375
f 591/574/376 590/572/374 575/548/352
f 588/575/377 603/599/399 602/576/378
f 604/581/381 603/599/399 588/575/377
f 582/573/375 597/583/383 596/577/379
f 605/582/382 604/581/381 589/571/373
f 583/558/362 598/585/385 597/583/383
f 606/584/384 605/582/382 590/572/374
f 584/560/364 599/587/387 598/585/385
f 607/586/386 606/584/384 591/574/376
f 585/562/366 600/589/389 599/587/387
f 608/588/388 607/586/386 592/559/363
f 586/564/368 601/591/391 600/589/389
f 609/590/390 608/588/388 593/561/365
f 587/567/371 602/576/378 601/591/391
f 610/580/380 609/590/390 594/563/367
f 622/592/392 621/607/405 606/584/384
f 600/589/389 615/595/395 614/593/393
f 623/594/394 622/592/392 607/586/386
f 601/591/391 616/597/397 615/595/395
f 624/596/396 623/594/394 608/588/388
f 602/576/378 617/600/400 616/597/397
f 625/598/398 624/596/396 609/590/390
f 603/599/399 618/614/410 617/600/400
f 619/604/402 618/614/410 603/599/399
f 597/583/383 612/606/404 611/601/401
f 620/605/403 619/604/402 604/581/381
f 598/585/385 613/608/406 612/606/404
f 621/607/405 620/605/403 605/582/382
f 599/587/387 614/593/393 613/608/406
f 634/613/409 633/632/428 618/614/410
f 612/606/404 627/616/412 626/609/407
f 635/615/411 634/613/409 619/604/402
f 613/608/406 628/618/414 627/616/412
f 636/617/413 635/615/411 620/605/403
f 614/593/393 629/620/416 628/618/414
f 637/619/415 636/617/413 621/607/405
f 615/595/395 630/622/418 629/620/416
f 638/621/417 637/619/415 622/592/392
f 616/597/397 631/624/420 630/622/418
f 639/623/419 638/621/417 623/594/394
f 617/600/400 632/625/421 631/624/420
f 640/612/408 639/623/419 624/596/396
f 618/614/410 633/632/428 632/625/421
f 630/622/418 645/628/424 644/626/422
f 653/627/423 652/642/436 637/619/415
f 631/624/420 646/630/426 645/628/424
f 654/629/425 653/627/423 638/621/417
f 632/625/421 647/633/429 646/630/426
f 655/631/427 654/629/425 639/623/419
f 633/632/428 648/644/38 647/633/429
f 649/637/431 648/644/38 633/632/428
f 627/616/412 642/639/433 641/634/430
f 650/638/432 649/637/431 634/613/409
f 628/618/414 643/641/435 642/639/433
f 651/640/434 650/638/432 635/615/411
f 629/620/416 644/626/422 643/641/435
f 652/642/436 651/640/434 636/617/413
f 649/637/431 664/646/439 663/643/437
f 657/645/438 656/657/450 641/634/430
f 650/638/432 665/648/441 664/646/439
f 658/647/440 657/645/438 642/639/433
f 651/640/434 666/650/443 665/648/441
f 659/649/442 658/647/440 643/641/435
f 652/642/436 667/652/445 666/650/443
f 660/651/444 659/649/442 644/626/422
f 653/627/423 668/654/447 667/652/445
f 661/653/446 660/651/444 645/628/424
f 654/629/425 669/656/449 668/654/447
f 662/655/448 661/653/446 646/630/426
f 655/631/427 670/660/451 669/656/449
f 663/643/437 662/655/448 647/633/429
f 668/654/447 683/663/454 682/661/452
f 676/662/453 675/677/466 660/651/444
f 669/656/449 684/665/456 683/663/454
f 677/664/455 676/662/453 661/653/446
f 670/660/451 685/670/459 684/665/456
f 678/666/457 677/664/455 662/655/448
f 664/646/439 679/672/461 678/666/457
f 672/671/460 671/667/458 656/657/450
f 665/648/441 680/674/463 679/672/461
f 673/673/462 672/671/460 657/645/438
f 666/650/443 681/676/465 680/674/463
f 674/675/464 673/673/462 658/647/440
f 667/652/445 682/661/452 681/676/465
f 675/677/466 674/675/464 659/649/442
f 680/674/463 695/680/469 694/678/467
f 688/679/468 687/694/481 672/671/460
f 681/676/465 696/682/471 695/680/469
f 689/681/470 688/679/468 673/673/462
f 682/661/452 697/684/473 696/682/471
f 690/683/472 689/681/470 674/675/464
f 683/663/454 698/686/475 697/684/473
f 691/685/474 690/683/472 675/677/466
f 684/665/456 699/688/477 698/686/475
f 692/687/476 691/685/474 676/662/453
f 685/670/459 700/693/480 699/688/477
f 693/689/478 692/687/476 677/664/455
f 679/672/461 694/678/467 693/689/478
f 687/694/481 686/690/479 671/667/458
f 699/688/477 714/697/484 713/695/482
f 707/696/483 706/711/496 691/685/474
f 700/693/480 715/702/487 714/697/484
f 708/698/485 707/696/483 692/687/476
f 694/678/467 709/704/489 708/698/485
f 702/703/488 701/699/486 686/690/479
f 695/680/469 710/706/491 709/704/489
f 703/705/490 702/703/488 687/694/481
f 696/682/471 711/708/493 710/706/491
f 704/707/492 703/705/490 688/679/468
f 697/684/473 712/710/495 711/708/493
f 705/709/494 704/707/492 689/681/470
f 698/686/475 713/695/482 712/710/495
f 706/711/496 705/709/494 690/683/472
f 719/712/497 718/727/510 702/703/488
f 711/708/493 727/715/500 726/713/498
f 720/714/499 719/712/497 703/705/490
f 712/710/495 728/717/502 727/715/500
f 721/716/501 720/714/499 704/707/492
f 713/695/482 729/719/504 728/717/502
f 722/718/503 721/716/501 705/709/494
f 714/697/484 730/721/506 729/719/504
f 723/720/505 722/718/503 706/711/496
f 715/702/487 731/726/509 730/721/506
f 724/722/507 723/720/505 707/696/483
f 709/704/489 725/728/511 724/722/507
f 718/727/510 717/723/508 701/699/486
f 710/706/491 726/713/498 725/728/511
f 738/729/512 737/744/525 722/718/503
f 731/726/509 746/735/516 745/730/513
f 739/731/514 738/729/512 723/720/505
f 725/728/511 740/737/518 739/731/514
f 733/736/517 732/732/515 717/723/508
f 726/713/498 741/739/520 740/737/518
f 734/738/519 733/736/517 718/727/510
f 727/715/500 742/741/522 741/739/520
f 735/740/521 734/738/519 719/712/497
f 728/717/502 743/743/524 742/741/522
f 736/742/523 735/740/521 720/714/499
f 729/719/504 744/745/526 743/743/524
f 737/744/525 736/742/523 721/716/501
f 730/721/506 745/730/513 744/745/526
f 742/741/522 757/748/529 756/746/527
f 750/747/528 749/762/541 734/738/519
f 743/743/524 758/750/531 757/748/529
f 751/749/530 750/747/528 735/740/521
f 744/745/526 759/752/533 758/750/531
f 752/751/532 751/749/530 736/742/523
f 745/730/513 760/754/535 759/752/533
f 753/753/534 752/751/532 737/744/525
f 746/735/516 761/759/538 760/754/535
f 754/755/536 753/753/534 738/729/512
f 740/737/518 755/761/540 754/755/536
f 748/760/539 747/756/537 732/732/515
f 741/739/520 756/746/527 755/761/540
f 749/762/541 748/760/539 733/736/517
f 761/759/538 776/768/545 775/763/542
f 769/764/543 768/779/556 753/753/534
f 755/761/540 770/770/547 769/764/543
f 763/769/546 762/765/544 747/756/537
f 756/746/527 771/772/549 770/770/547
f 764/771/548 763/769/546 748/760/539
f 757/748/529 772/774/551 771/772/549
f 765/773/550 764/771/548 749/762/541
f 758/750/531 773/776/553 772/774/551
f 766/775/552 765/773/550 750/747/528
f 759/752/533 774/778/555 773/776/553
f 767/777/554 766/775/552 751/749/530
f 760/754/535 775/763/542 774/778/555
f 768/779/556 767/777/554 752/751/532
f 765/780/550 780/787/559 779/781/557
f 788/783/558 787/810/570 772/784/551
f 766/786/552 781/791/561 780/787/559
f 789/788/560 788/783/558 773/785/553
f 767/790/554 782/795/563 781/791/561
f 790/792/562 789/788/560 774/789/555
f 768/794/556 783/799/565 782/795/563
f 791/796/564 790/792/562 775/793/542
f 769/798/543 784/811/571 783/799/565
f 785/804/567 784/811/571 769/798/543
f 763/806/546 778/809/569 777/801/566
f 786/807/568 785/804/567 770/805/547
f 764/782/548 779/781/557 778/809/569
f 787/810/570 786/807/568 771/808/549
f 784/811/571 799/835/593 798/812/572
f 800/817/575 799/835/593 784/811/571
f 778/809/569 793/819/577 792/813/573
f 801/818/576 800/817/575 785/804/567
f 779/781/557 794/821/579 793/819/577
f 802/820/578 801/818/576 786/807/568
f 780/787/559 795/823/581 794/821/579
f 803/822/580 802/820/578 787/810/570
f 781/791/561 796/825/583 795/823/581
f 804/824/582 803/822/580 788/783/558
f 782/795/563 797/827/585 796/825/583
f 805/826/584 804/824/582 789/788/560
f 783/799/565 798/812/572 797/827/585
f 806/816/574 805/826/584 790/792/562
f 818/828/586 817/843/599 802/820/578
f 796/825/583 811/831/589 810/829/587
f 819/830/588 818/828/586 803/822/580
f 797/827/585 812/833/591 811/831/589
f 820/832/590 819/830/588 804/824/582
f 798/812/572 813/836/594 812/833/591
f 821/834/592 820/832/590 805/826/584
f 799/835/593 814/848/603 813/836/594
f 815/840/596 814/848/603 799/835/593
f 793/819/577 808/842/598 807/837/595
f 816/841/597 815/840/596 800/817/575
f 794/821/579 809/844/600 808/842/598
f 817/843/599 816/841/597 801/818/576
f 795/823/581 810/829/587 809/844/600
f 830/847/602 829/867/621 814/848/603
f 808/842/598 823/851/606 822/849/604
f 831/850/605 830/847/602 815/840/596
f 809/844/600 824/853/608 823/851/606
f 832/852/607 831/850/605 816/841/597
f 810/829/587 825/855/610 824/853/608
f 833/854/609 832/852/607 817/843/599
f 811/831/589 826/857/612 825/855/610
f 834/856/611 833/854/609 818/828/586
f 812/833/591 827/859/614 826/857/612
f 835/858/613 834/856/611 819/830/588
f 813/836/594 828/860/615 827/859/614
f 836/846/601 835/858/613 820/832/590
f 814/848/603 829/867/621 828/860/615
f 849/862/616 848/877/629 833/854/609
f 827/859/614 842/865/619 841/863/617
f 850/864/618 849/862/616 834/856/611
f 828/860/615 843/868/622 842/865/619
f 851/866/620 850/864/618 835/858/613
f 829/867/621 844/891/643 843/868/622
f 845/872/624 844/891/643 829/867/621
f 823/851/606 838/874/626 837/869/623
f 846/873/625 845/872/624 830/847/602
f 824/853/608 839/876/628 838/874/626
f 847/875/627 846/873/625 831/850/605
f 825/855/610 840/878/630 839/876/628
f 848/877/629 847/875/627 832/852/607
f 826/857/612 841/863/617 840/878/630
f 838/874/626 853/881/633 852/879/631
f 861/880/632 860/895/645 845/872/624
f 839/876/628 854/883/635 853/881/633
f 862/882/634 861/880/632 846/873/625
f 840/878/630 855/885/637 854/883/635
f 863/884/636 862/882/634 847/875/627
f 841/863/617 856/887/639 855/885/637
f 864/886/638 863/884/636 848/877/629
f 842/865/619 857/889/641 856/887/639
f 865/888/640 864/886/638 849/862/616
f 843/868/622 858/892/644 857/889/641
f 866/890/642 865/888/640 850/864/618
f 844/891/643 859/900/650 858/892/644
f 860/895/645 859/900/650 844/891/643
f 857/889/641 872/898/648 871/896/646
f 880/897/647 879/912/660 864/886/638
f 858/892/644 873/901/651 872/898/648
f 881/899/649 880/897/647 865/888/640
f 859/900/650 874/913/661 873/901/651
f 875/905/653 874/913/661 859/900/650
f 853/881/633 868/907/655 867/902/652
f 876/906/654 875/905/653 860/895/645
f 854/883/635 869/909/657 868/907/655
f 877/908/656 876/906/654 861/880/632
f 855/885/637 870/911/659 869/909/657
f 878/910/658 877/908/656 862/882/634
f 856/887/639 871/896/646 870/911/659
f 879/912/660 878/910/658 863/884/636
f 886/360/185 413/362/187 875/905/653
f 869/909/657 409/364/189 883/359/184
f 414/365/190 886/360/185 876/906/654
f 870/911/659 884/368/193 409/364/189
f 887/369/194 414/365/190 877/908/656
f 871/896/646 410/372/197 884/368/193
f 888/373/198 887/369/194 878/910/658
f 872/898/648 885/376/201 410/372/197
f 889/377/202 888/373/198 879/912/660
f 873/901/651 411/380/205 885/376/201
f 890/381/206 889/377/202 880/897/647
f 874/913/661 412/384/37 411/380/205
f 413/362/187 412/384/37 874/913/661
f 868/907/655 883/359/184 882/358/183
f 1364/916/662 897/945/690 898/917/663
f 1368/919/665 895/947/692 905/920/666
f 1365/918/664 898/917/663 899/922/668
f 896/924/670 1368/919/665 906/921/667
f 891/923/669 899/922/668 900/926/672
f 1369/928/674 896/924/670 907/925/671
f 1366/927/673 900/926/672 901/930/676
f 1370/932/678 1369/928/674 908/929/675
f 892/931/677 901/930/676 902/934/680
f 1371/936/682 1370/932/678 909/933/679
f 1367/935/681 902/934/680 903/938/684
f 1372/940/686 1371/936/682 910/937/683
f 893/939/685 903/938/684 904/942/688
f 895/947/692 894/943/37 904/942/688
f 905/920/666 904/942/688 919/952/695
f 897/945/690 912/949/693 913/954/697
f 906/921/667 905/920/666 920/953/696
f 898/917/663 913/954/697 914/956/699
f 907/925/671 906/921/667 921/955/698
f 899/922/668 914/956/699 915/958/701
f 908/929/675 907/925/671 922/957/700
f 900/926/672 915/958/701 916/960/703
f 909/933/679 908/929/675 923/959/702
f 901/930/676 916/960/703 917/962/705
f 910/937/683 909/933/679 924/961/704
f 902/934/680 917/962/705 918/964/707
f 911/941/687 910/937/683 925/963/706
f 903/938/684 918/964/707 919/952/695
f 915/958/701 930/981/722 931/965/708
f 924/961/704 923/959/702 938/966/709
f 916/960/703 931/965/708 932/968/711
f 925/963/706 924/961/704 939/967/710
f 917/962/705 932/968/711 933/970/713
f 926/951/694 925/963/706 940/969/712
f 918/964/707 933/970/713 934/972/715
f 920/953/696 919/952/695 934/972/715
f 912/949/693 927/974/716 928/977/718
f 921/955/698 920/953/696 935/976/717
f 913/954/697 928/977/718 929/979/720
f 922/957/700 921/955/698 936/978/719
f 914/956/699 929/979/720 930/981/722
f 923/959/702 922/957/700 937/980/721
f 935/976/717 934/972/715 949/982/723
f 927/974/716 942/997/737 943/984/725
f 936/978/719 935/976/717 950/983/724
f 928/977/718 943/984/725 944/986/727
f 937/980/721 936/978/719 951/985/726
f 929/979/720 944/986/727 945/988/729
f 938/966/709 937/980/721 952/987/728
f 930/981/722 945/988/729 946/990/731
f 939/967/710 938/966/709 953/989/730
f 931/965/708 946/990/731 947/992/733
f 940/969/712 939/967/710 954/991/732
f 932/968/711 947/992/733 948/994/735
f 941/971/714 940/969/712 955/993/734
f 933/970/713 948/994/735 949/982/723
f 954/991/732 953/989/730 968/999/738
f 946/990/731 961/1015/752 962/1001/740
f 955/993/734 954/991/732 969/1000/739
f 947/992/733 962/1001/740 963/1003/742
f 956/995/736 955/993/734 970/1002/741
f 948/994/735 963/1003/742 964/1005/744
f 950/983/724 949/982/723 964/1005/744
f 942/997/737 957/1007/745 958/1010/747
f 951/985/726 950/983/724 965/1009/746
f 943/984/725 958/1010/747 959/1012/749
f 952/987/728 951/985/726 966/1011/748
f 944/986/727 959/1012/749 960/1014/751
f 953/989/730 952/987/728 967/1013/750
f 945/988/729 960/1014/751 961/1015/752
f 957/1007/745 973/1031/767 974/1016/753
f 966/1011/748 965/1009/746 981/1017/754
f 958/1010/747 974/1016/753 975/1019/756
f 967/1013/750 966/1011/748 982/1018/755
f 959/1012/749 975/1019/756 976/1021/758
f 968/999/738 967/1013/750 983/1020/757
f 960/1014/751 976/1021/758 977/1023/760
f 969/1000/739 968/999/738 984/1022/759
f 961/1015/752 977/1023/760 978/1025/762
f 970/1002/741 969/1000/739 985/1024/761
f 962/1001/740 978/1025/762 979/1027/764
f 971/1004/743 970/1002/741 986/1026/763
f 963/1003/742 979/1027/764 980/1029/766
f 965/1009/746 964/1005/744 980/1029/766
f 977/1023/760 992/1049/782 993/1033/768
f 986/1026/763 985/1024/761 1000/1034/769
f 978/1025/762 993/1033/768 994/1036/771
f 987/1028/765 986/1026/763 1001/1035/770
f 979/1027/764 994/1036/771 995/1038/773
f 981/1017/754 980/1029/766 995/1038/773
f 973/1031/767 988/1040/774 989/1043/776
f 982/1018/755 981/1017/754 996/1042/775
f 974/1016/753 989/1043/776 990/1045/778
f 983/1020/757 982/1018/755 997/1044/777
f 975/1019/756 990/1045/778 991/1047/780
f 984/1022/759 983/1020/757 998/1046/779
f 976/1021/758 991/1047/780 992/1049/782
f 985/1024/761 984/1022/759 999/1048/781
f 997/1044/777 996/1042/775 1011/1050/783
f 989/1043/776 1004/1066/797 1005/1052/785
f 998/1046/779 997/1044/777 1012/1051/784
f 990/1045/778 1005/1052/785 1006/1054/787
f 999/1048/781 998/1046/779 1013/1053/786
f 991/1047/780 1006/1054/787 1007/1056/789
f 1000/1034/769 999/1048/781 1014/1055/788
f 992/1049/782 1007/1056/789 1008/1058/791
f 1001/1035/770 1000/1034/769 1015/1057/790
f 993/1033/768 1008/1058/791 1009/1060/793
f 1002/1037/772 1001/1035/770 1016/1059/792
f 994/1036/771 1009/1060/793 1010/1062/795
f 996/1042/775 995/1038/773 1010/1062/795
f 988/1040/774 1003/1064/796 1004/1066/797
f 1015/1057/790 1030/1083/812 1031/1067/798
f 1009/1060/793 1008/1058/791 1023/1068/799
f 1016/1059/792 1031/1067/798 1032/1070/801
f 1010/1062/795 1009/1060/793 1024/1069/800
f 1010/1062/795 1025/1071/802 1026/1075/804
f 1004/1066/797 1003/1064/796 1018/1073/803
f 1011/1050/783 1026/1075/804 1027/1077/806
f 1005/1052/785 1004/1066/797 1019/1076/805
f 1012/1051/784 1027/1077/806 1028/1079/808
f 1006/1054/787 1005/1052/785 1020/1078/807
f 1013/1053/786 1028/1079/808 1029/1081/810
f 1007/1056/789 1006/1054/787 1021/1080/809
f 1014/1055/788 1029/1081/810 1030/1083/812
f 1008/1058/791 1007/1056/789 1022/1082/811
f 1027/1077/806 1042/1100/827 1043/1084/813
f 1021/1080/809 1020/1078/807 1035/1085/814
f 1028/1079/808 1043/1084/813 1044/1087/816
f 1022/1082/811 1021/1080/809 1036/1086/815
f 1029/1081/810 1044/1087/816 1045/1089/818
f 1023/1068/799 1022/1082/811 1037/1088/817
f 1030/1083/812 1045/1089/818 1046/1091/820
f 1024/1069/800 1023/1068/799 1038/1090/819
f 1031/1067/798 1046/1091/820 1047/1093/822
f 1025/1071/802 1024/1069/800 1039/1092/821
f 1025/1071/802 1040/1094/823 1041/1098/825
f 1019/1076/805 1018/1073/803 1033/1096/824
f 1026/1075/804 1041/1098/825 1042/1100/827
f 1020/1078/807 1019/1076/805 1034/1099/826
f 1046/1091/820 1061/1117/842 1062/1101/828
f 1040/1094/823 1039/1092/821 1054/1102/829
f 1040/1094/823 1055/1103/830 1056/1107/832
f 1034/1099/826 1033/1096/824 1048/1105/831
f 1041/1098/825 1056/1107/832 1057/1109/834
f 1035/1085/814 1034/1099/826 1049/1108/833
f 1042/1100/827 1057/1109/834 1058/1111/836
f 1036/1086/815 1035/1085/814 1050/1110/835
f 1043/1084/813 1058/1111/836 1059/1113/838
f 1037/1088/817 1036/1086/815 1051/1112/837
f 1044/1087/816 1059/1113/838 1060/1115/840
f 1038/1090/819 1037/1088/817 1052/1114/839
f 1045/1089/818 1060/1115/840 1061/1117/842
f 1039/1092/821 1038/1090/819 1053/1116/841
f 1051/1112/837 1050/1110/835 1065/1118/843
f 1058/1111/836 1073/1134/857 1074/1120/845
f 1052/1114/839 1051/1112/837 1066/1119/844
f 1059/1113/838 1074/1120/845 1075/1122/847
f 1053/1116/841 1052/1114/839 1067/1121/846
f 1060/1115/840 1075/1122/847 1076/1124/849
f 1054/1102/829 1053/1116/841 1068/1123/848
f 1061/1117/842 1076/1124/849 1077/1126/851
f 1055/1103/830 1054/1102/829 1069/1125/850
f 1055/1103/830 1070/1127/852 1071/1131/854
f 1049/1108/833 1048/1105/831 1063/1129/853
f 1056/1107/832 1071/1131/854 1072/1133/856
f 1050/1110/835 1049/1108/833 1064/1132/855
f 1057/1109/834 1072/1133/856 1073/1134/857
f 1070/1127/852 1069/1125/850 1084/1135/858
f 1070/1127/852 1085/1136/859 1086/1141/862
f 1064/1132/855 1063/1129/853 1078/1138/860
f 1071/1131/854 1086/1141/862 1087/1143/864
f 1065/1118/843 1064/1132/855 1079/1142/863
f 1072/1133/856 1087/1143/864 1088/1145/866
f 1066/1119/844 1065/1118/843 1080/1144/865
f 1073/1134/857 1088/1145/866 1089/1147/868
f 1067/1121/846 1066/1119/844 1081/1146/867
f 1074/1120/845 1089/1147/868 1090/1149/870
f 1068/1123/848 1067/1121/846 1082/1148/869
f 1075/1122/847 1090/1149/870 1091/1151/872
f 1069/1125/850 1068/1123/848 1083/1150/871
f 1076/1124/849 1091/1151/872 1092/1140/861
f 1088/1145/866 1103/1168/887 1104/1152/873
f 1082/1148/869 1081/1146/867 1096/1153/874
f 1089/1147/868 1104/1152/873 1105/1155/876
f 1083/1150/871 1082/1148/869 1097/1154/875
f 1090/1149/870 1105/1155/876 1106/1157/878
f 1084/1135/858 1083/1150/871 1098/1156/877
f 1091/1151/872 1106/1157/878 1107/1159/880
f 1085/1136/859 1084/1135/858 1099/1158/879
f 1085/1136/859 1100/1160/881 1101/1164/883
f 1079/1142/863 1078/1138/860 1093/1162/882
f 1086/1141/862 1101/1164/883 1102/1166/885
f 1080/1144/865 1079/1142/863 1094/1165/884
f 1087/1143/864 1102/1166/885 1103/1168/887
f 1081/1146/867 1080/1144/865 1095/1167/886
f 1100/1160/881 1115/1185/902 1116/1173/890
f 1094/1165/884 1093/1162/882 1108/1170/888
f 1101/1164/883 1116/1173/890 1117/1175/892
f 1095/1167/886 1094/1165/884 1109/1174/891
f 1102/1166/885 1117/1175/892 1118/1177/894
f 1096/1153/874 1095/1167/886 1110/1176/893
f 1103/1168/887 1118/1177/894 1119/1179/896
f 1097/1154/875 1096/1153/874 1111/1178/895
f 1104/1152/873 1119/1179/896 1120/1181/898
f 1098/1156/877 1097/1154/875 1112/1180/897
f 1105/1155/876 1120/1181/898 1121/1183/900
f 1099/1158/879 1098/1156/877 1113/1182/899
f 1106/1157/878 1121/1183/900 1122/1172/889
f 1100/1160/881 1099/1158/879 1114/1184/901
f 1112/1180/897 1111/1178/895 1126/1186/903
f 1119/1179/896 1134/1202/916 1135/1188/905
f 1113/1182/899 1112/1180/897 1127/1187/904
f 1120/1181/898 1135/1188/905 1136/1190/907
f 1114/1184/901 1113/1182/899 1128/1189/906
f 1121/1183/900 1136/1190/907 1137/1192/909
f 1115/1185/902 1114/1184/901 1129/1191/908
f 1115/1185/902 1130/1193/38 1131/1197/911
f 1109/1174/891 1108/1170/888 1123/1195/910
f 1116/1173/890 1131/1197/911 1132/1199/913
f 1110/1176/893 1109/1174/891 1124/1198/912
f 1117/1175/892 1132/1199/913 1133/1201/915
f 1111/1178/895 1110/1176/893 1125/1200/914
f 1118/1177/894 1133/1201/915 1134/1202/916
f 1131/1197/911 1130/1193/38 1145/1203/917
f 1123/1195/910 1138/1218/931 1139/1205/919
f 1132/1199/913 1131/1197/911 1146/1204/918
f 1124/1198/912 1139/1205/919 1140/1207/921
f 1133/1201/915 1132/1199/913 1147/1206/920
f 1125/1200/914 1140/1207/921 1141/1209/923
f 1134/1202/916 1133/1201/915 1148/1208/922
f 1126/1186/903 1141/1209/923 1142/1211/925
f 1135/1188/905 1134/1202/916 1149/1210/924
f 1127/1187/904 1142/1211/925 1143/1213/927
f 1136/1190/907 1135/1188/905 1150/1212/926
f 1128/1189/906 1143/1213/927 1144/1215/929
f 1137/1192/909 1136/1190/907 1151/1214/928
f 1129/1191/908 1144/1215/929 1145/1203/917
f 1150/1212/926 1149/1210/924 1164/1220/932
f 1142/1211/925 1157/1236/946 1158/1222/934
f 1151/1214/928 1150/1212/926 1165/1221/933
f 1143/1213/927 1158/1222/934 1159/1224/936
f 1152/1216/930 1151/1214/928 1166/1223/935
f 1144/1215/929 1159/1224/936 1160/1226/938
f 1146/1204/918 1145/1203/917 1160/1226/938
f 1138/1218/931 1153/1228/939 1154/1231/941
f 1147/1206/920 1146/1204/918 1161/1230/940
f 1139/1205/919 1154/1231/941 1155/1233/943
f 1148/1208/922 1147/1206/920 1162/1232/942
f 1140/1207/921 1155/1233/943 1156/1235/945
f 1149/1210/924 1148/1208/922 1163/1234/944
f 1141/1209/923 1156/1235/945 1157/1236/946
f 1162/1232/942 1161/1230/940 1176/1237/947
f 1154/1231/941 1169/1253/961 1170/1239/949
f 1163/1234/944 1162/1232/942 1177/1238/948
f 1155/1233/943 1170/1239/949 1171/1241/951
f 1164/1220/932 1163/1234/944 1178/1240/950
f 1156/1235/945 1171/1241/951 1172/1243/953
f 1165/1221/933 1164/1220/932 1179/1242/952
f 1157/1236/946 1172/1243/953 1173/1245/955
f 1166/1223/935 1165/1221/933 1180/1244/954
f 1158/1222/934 1173/1245/955 1174/1247/957
f 1167/1225/937 1166/1223/935 1181/1246/956
f 1159/1224/936 1174/1247/957 1175/1249/959
f 1161/1230/940 1160/1226/938 1175/1249/959
f 1153/1228/939 1168/1251/960 1169/1253/961
f 1181/1246/956 1180/1244/954 1195/1254/962
f 1173/1245/955 1188/1270/976 1189/1256/964
f 1182/1248/958 1181/1246/956 1196/1255/963
f 1174/1247/957 1189/1256/964 1190/1258/966
f 1176/1237/947 1175/1249/959 1190/1258/966
f 1168/1251/960 1183/1260/967 1184/1263/969
f 1177/1238/948 1176/1237/947 1191/1262/968
f 1169/1253/961 1184/1263/969 1185/1265/971
f 1178/1240/950 1177/1238/948 1192/1264/970
f 1170/1239/949 1185/1265/971 1186/1267/973
f 1179/1242/952 1178/1240/950 1193/1266/972
f 1171/1241/951 1186/1267/973 1187/1269/975
f 1180/1244/954 1179/1242/952 1194/1268/974
f 1172/1243/953 1187/1269/975 1188/1270/976
f 1184/1263/969 1200/1287/991 1201/1271/977
f 1193/1266/972 1192/1264/970 1208/1272/978
f 1185/1265/971 1201/1271/977 1202/1274/980
f 1194/1268/974 1193/1266/972 1209/1273/979
f 1186/1267/973 1202/1274/980 1203/1276/982
f 1195/1254/962 1194/1268/974 1210/1275/981
f 1187/1269/975 1203/1276/982 1204/1278/984
f 1196/1255/963 1195/1254/962 1211/1277/983
f 1188/1270/976 1204/1278/984 1205/1280/986
f 1197/1257/965 1196/1255/963 1212/1279/985
f 1189/1256/964 1205/1280/986 1206/1282/988
f 1191/1262/968 1190/1258/966 1206/1282/988
f 1183/1260/967 1199/1284/989 1200/1287/991
f 1192/1264/970 1191/1262/968 1207/1286/990
f 1204/1278/984 1219/1304/1006 1220/1288/992
f 1213/1281/987 1212/1279/985 1227/1289/993
f 1205/1280/986 1220/1288/992 1221/1291/995
f 1207/1286/990 1206/1282/988 1221/1291/995
f 1199/1284/989 1214/1293/996 1215/1296/998
f 1208/1272/978 1207/1286/990 1222/1295/997
f 1200/1287/991 1215/1296/998 1216/1298/1000
f 1209/1273/979 1208/1272/978 1223/1297/999
f 1201/1271/977 1216/1298/1000 1217/1300/1002
f 1210/1275/981 1209/1273/979 1224/1299/1001
f 1202/1274/980 1217/1300/1002 1218/1302/1004
f 1211/1277/983 1210/1275/981 1225/1301/1003
f 1203/1276/982 1218/1302/1004 1219/1304/1006
f 1212/1279/985 1211/1277/983 1226/1303/1005
f 1224/1299/1001 1223/1297/999 1238/1305/1007
f 1216/1298/1000 1231/1321/1021 1232/1307/1009
f 1225/1301/1003 1224/1299/1001 1239/1306/1008
f 1217/1300/1002 1232/1307/1009 1233/1309/1011
f 1226/1303/1005 1225/1301/1003 1240/1308/1010
f 1218/1302/1004 1233/1309/1011 1234/1311/1013
f 1227/1289/993 1226/1303/1005 1241/1310/1012
f 1219/1304/1006 1234/1311/1013 1235/1313/1015
f 1228/1290/994 1227/1289/993 1242/1312/1014
f 1220/1288/992 1235/1313/1015 1236/1315/1017
f 1222/1295/997 1221/1291/995 1236/1315/1017
f 1214/1293/996 1229/1317/1018 1230/1320/1020
f 1223/1297/999 1222/1295/997 1237/1319/1019
f 1215/1296/998 1230/1320/1020 1231/1321/1021
f 1243/1314/1016 1242/1312/1014 1257/1322/1022
f 1235/1313/1015 1250/1338/1036 1251/1324/1024
f 1237/1319/1019 1236/1315/1017 1251/1324/1024
f 1229/1317/1018 1244/1326/1025 1245/1329/1027
f 1238/1305/1007 1237/1319/1019 1252/1328/1026
f 1230/1320/1020 1245/1329/1027 1246/1331/1029
f 1239/1306/1008 1238/1305/1007 1253/1330/1028
f 1231/1321/1021 1246/1331/1029 1247/1333/1031
f 1240/1308/1010 1239/1306/1008 1254/1332/1030
f 1232/1307/1009 1247/1333/1031 1248/1335/1033
f 1241/1310/1012 1240/1308/1010 1255/1334/1032
f 1233/1309/1011 1248/1335/1033 1249/1337/1035
f 1242/1312/1014 1241/1310/1012 1256/1336/1034
f 1234/1311/1013 1249/1337/1035 1250/1338/1036
f 1247/1339/1031 1246/1369/1029 1261/1340/1037
f 1254/1342/1030 1269/1370/1051 1270/1343/1039
f 1248/1345/1033 1247/1339/1031 1262/1341/1038
f 1255/1344/1032 1270/1343/1039 1271/1347/1041
f 1249/1349/1035 1248/1345/1033 1263/1346/1040
f 1256/1348/1034 1271/1347/1041 1272/1351/1043
f 1250/1353/1036 1249/1349/1035 1264/1350/1042
f 1257/1352/1022 1272/1351/1043 1273/1355/1045
f 1251/1357/1024 1250/1353/1036 1265/1354/1044
f 1251/1357/1024 1266/1358/1046 1267/1363/1048
f 1245/1365/1027 1244/1359/1025 1259/1361/1047
f 1252/1364/1026 1267/1363/1048 1268/1367/1050
f 1246/1369/1029 1245/1365/1027 1260/1366/1049
f 1253/1368/1028 1268/1367/1050 1269/1370/1051
f 1266/1358/1046 1265/1354/1044 1280/1371/1052
f 1266/1358/1046 1281/1372/1053 1282/1377/1056
f 1260/1366/1049 1259/1361/1047 1274/1374/1054
f 1267/1363/1048 1282/1377/1056 1283/1379/1058
f 1261/1340/1037 1260/1366/1049 1275/1378/1057
f 1268/1367/1050 1283/1379/1058 1284/1381/1060
f 1262/1341/1038 1261/1340/1037 1276/1380/1059
f 1269/1370/1051 1284/1381/1060 1285/1383/1062
f 1263/1346/1040 1262/1341/1038 1277/1382/1061
f 1270/1343/1039 1285/1383/1062 1286/1385/1064
f 1264/1350/1042 1263/1346/1040 1278/1384/1063
f 1271/1347/1041 1286/1385/1064 1287/1387/1066
f 1265/1354/1044 1264/1350/1042 1279/1386/1065
f 1272/1351/1043 1287/1387/1066 1288/1376/1055
f 1284/1381/1060 1299/1404/1081 1300/1388/1067
f 1278/1384/1063 1277/1382/1061 1292/1389/1068
f 1285/1383/1062 1300/1388/1067 1301/1391/1070
f 1279/1386/1065 1278/1384/1063 1293/1390/1069
f 1286/1385/1064 1301/1391/1070 1302/1393/1072
f 1280/1371/1052 1279/1386/1065 1294/1392/1071
f 1287/1387/1066 1302/1393/1072 1303/1395/1074
f 1281/1372/1053 1280/1371/1052 1295/1394/1073
f 1281/1372/1053 1296/1396/1075 1297/1400/1077
f 1275/1378/1057 1274/1374/1054 1289/1398/1076
f 1282/1377/1056 1297/1400/1077 1298/1402/1079
f 1276/1380/1059 1275/1378/1057 1290/1401/1078
f 1283/1379/1058 1298/1402/1079 1299/1404/1081
f 1277/1382/1061 1276/1380/1059 1291/1403/1080
f 1296/1396/1075 1311/1420/1096 1312/1407/1083
f 1290/1401/1078 1289/1398/1076 1304/1408/1084
f 1297/1400/1077 1312/1407/1083 1313/1410/1086
f 1291/1403/1080 1290/1401/1078 1305/1409/1085
f 1298/1402/1079 1313/1410/1086 1314/1412/1088
f 1292/1389/1068 1291/1403/1080 1306/1411/1087
f 1299/1404/1081 1314/1412/1088 1315/1414/1090
f 1293/1390/1069 1292/1389/1068 1307/1413/1089
f 1300/1388/1067 1315/1414/1090 1316/1416/1092
f 1294/1392/1071 1293/1390/1069 1308/1415/1091
f 1301/1391/1070 1316/1416/1092 1317/1418/1094
f 1295/1394/1073 1294/1392/1071 1309/1417/1093
f 1302/1393/1072 1317/1418/1094 1318/1406/1082
f 1296/1396/1075 1295/1394/1073 1310/1419/1095
f 1315/1414/1090 1330/1438/1111 1331/1422/1097
f 1309/1417/1093 1308/1415/1091 1323/1423/1098
f 1316/1416/1092 1331/1422/1097 1332/1425/1100
f 1310/1419/1095 1309/1417/1093 1324/1424/1099
f 1317/1418/1094 1332/1425/1100 1333/1427/1102
f 1311/1420/1096 1310/1419/1095 1325/1426/1101
f 1311/1420/1096 1326/1428/1103 1327/1432/1105
f 1305/1409/1085 1304/1408/1084 1319/1430/1104
f 1312/1407/1083 1327/1432/1105 1328/1434/1107
f 1306/1411/1087 1305/1409/1085 1320/1433/1106
f 1313/1410/1086 1328/1434/1107 1329/1436/1109
f 1307/1413/1089 1306/1411/1087 1321/1435/1108
f 1314/1412/1088 1329/1436/1109 1330/1438/1111
f 1308/1415/1091 1307/1413/1089 1322/1437/1110
f 1320/1433/1106 1319/1430/1104 1334/1439/1112
f 1327/1432/1105 1342/1455/1126 1343/1441/1114
f 1321/1435/1108 1320/1433/1106 1335/1440/1113
f 1328/1434/1107 1343/1441/1114 1344/1443/1116
f 1322/1437/1110 1321/1435/1108 1336/1442/1115
f 1329/1436/1109 1344/1443/1116 1345/1445/1118
f 1323/1423/1098 1322/1437/1110 1337/1444/1117
f 1330/1438/1111 1345/1445/1118 1346/1447/1120
f 1324/1424/1099 1323/1423/1098 1338/1446/1119
f 1331/1422/1097 1346/1447/1120 1347/1449/1122
f 1325/1426/1101 1324/1424/1099 1339/1448/1121
f 1332/1425/1100 1347/1449/1122 1348/1451/1124
f 1326/1428/1103 1325/1426/1101 1340/1450/1123
f 1326/1428/1103 1341/1452/1125 1342/1455/1126
f 1339/1448/1121 1338/1446/1119 1353/1456/1127
f 1346/1447/1120 1361/1472/1141 1362/1458/1129
f 1340/1450/1123 1339/1448/1121 1354/1457/1128
f 1347/1449/1122 1362/1458/1129 1363/1460/1131
f 1341/1452/1125 1340/1450/1123 1355/1459/1130
f 1341/1452/1125 1356/1461/1132 1357/1465/1134
f 1335/1440/1113 1334/1439/1112 1349/1463/1133
f 1342/1455/1126 1357/1465/1134 1358/1467/1136
f 1336/1442/1115 1335/1440/1113 1350/1466/1135
f 1343/1441/1114 1358/1467/1136 1359/1469/1138
f 1337/1444/1117 1336/1442/1115 1351/1468/1137
f 1344/1443/1116 1359/1469/1138 1360/1471/1140
f 1338/1446/1119 1337/1444/1117 1352/1470/1139
f 1345/1445/1118 1360/1471/1140 1361/1472/1141
f 1357/1465/1134 895/947/692 1368/919/665
f 1351/1468/1137 1350/1466/1135 1365/918/664
f 1358/1467/1136 1368/919/665 896/924/670
f 1352/1470/1139 1351/1468/1137 891/923/669
f 1359/1469/1138 896/924/670 1369/928/674
f 1353/1456/1127 1352/1470/1139 1366/927/673
f 1360/1471/1140 1369/928/674 1370/932/678
f 1354/1457/1128 1353/1456/1127 892/931/677
f 1361/1472/1141 1370/932/678 1371/936/682
f 1355/1459/1130 1354/1457/1128 1367/935/681
f 1362/1458/1129 1371/936/682 1372/940/686
f 1356/1461/1132 1355/1459/1130 893/939/685
f 1356/1461/1132 894/943/37 895/947/692
f 1350/1466/1135 1349/1463/1133 1364/916/662
f 1412/1475/1142 1375/1476/1142 1443/1476/1143
f 1402/1477/1145 1378/1535/1145 1399/1478/1146
f 1404/1480/1148 1376/1534/1148 1411/1481/1149
f 1403/1483/1151 1375/1476/1151 1410/1484/1152
f 1405/1486/1154 1373/1540/1154 1409/1487/1155
f 1417/1492/1160 1391/1557/1217 1380/1493/1161
f 1444/1495/1156 1415/1536/1154 1389/1496/1154
f 1421/1501/1166 1392/1555/1211 1390/1502/1167
f 1441/1504/1153 1413/1539/1151 1386/1505/1151
f 1425/1510/1172 1393/1549/1205 1426/1511/1173
f 1429/1519/1178 1394/1545/1199 1379/1520/1179
f 1437/1522/1150 1414/1537/1148 1388/1523/1148
f 1433/1528/1184 1395/1541/38 1434/1529/1185
f 1436/1531/1147 1412/1475/1145 1385/1532/1145
f 1404/1480/1187 1446/1480/1189 1442/1534/1188
f 1388/1523/1187 1407/1523/1189 1446/1480/1189
f 1403/1483/1190 1430/1483/1192 1443/1476/1191
f 1386/1505/1190 1440/1505/1192 1430/1483/1192
f 1402/1477/1142 1418/1477/1144 1422/1535/1143
f 1385/1532/1142 1398/1532/1144 1418/1477/1144
f 1389/1496/1193 1415/1536/1193 1401/1536/1194
f 1415/1536/1193 1376/1534/1193 1442/1534/1195
f 1388/1523/1187 1414/1537/1187 1438/1537/1189
f 1414/1537/1187 1378/1538/1187 1422/1538/1188
f 1386/1505/1190 1413/1539/1190 1445/1539/1192
f 1413/1539/1190 1373/1540/1190 1408/1540/1191
f 1436/1531/1147 1435/1533/1147 1395/1541/38
f 1410/1484/1146 1436/1531/1147 1433/1528/1184
f 1410/1484/1146 1375/1476/1145 1412/1475/1145
f 1434/1529/1185 1395/1541/38 1432/1526/1182
f 1437/1522/1150 1431/1524/1150 1394/1545/1199
f 1399/1546/1149 1437/1522/1150 1429/1519/1178
f 1399/1546/1149 1378/1538/1148 1414/1537/1148
f 1440/1505/1192 1470/1505/1201 1467/1483/1201
f 1445/1539/1192 1408/1540/1191 1463/1540/1202
f 1407/1523/1189 1464/1523/1203 1466/1480/1203
f 1379/1520/1179 1394/1545/1199 1428/1517/1176
f 1425/1510/1204 1374/1551/1168 1427/1515/1175
f 1439/1486/1194 1462/1486/1216 1463/1540/1208
f 1438/1537/1189 1422/1538/1188 1475/1538/1209
f 1426/1511/1173 1393/1549/1205 1424/1508/1170
f 1441/1504/1153 1423/1506/1153 1392/1555/1211
f 1409/1487/1213 1441/1504/1153 1421/1501/1212
f 1409/1487/1213 1373/1540/1151 1413/1539/1151
f 1440/1505/1192 1445/1539/1192 1461/1539/1201
f 1398/1532/1144 1406/1475/1144 1472/1475/1214
f 1397/1496/1194 1473/1496/1216 1462/1486/1216
f 1390/1502/1167 1392/1555/1211 1420/1499/1164
f 1444/1495/1156 1419/1497/1156 1391/1557/1217
f 1411/1481/1155 1444/1495/1156 1417/1492/1160
f 1411/1481/1155 1376/1534/1154 1415/1536/1154
f 1398/1532/1144 1471/1532/1214 1465/1477/1214
f 1401/1536/1194 1442/1534/1195 1469/1534/1208
f 1406/1475/1144 1443/1476/1143 1474/1476/1218
f 1430/1483/1192 1467/1483/1201 1474/1476/1202
f 1380/1493/1161 1391/1557/1217 1416/1490/1158
f 1447/1488/1156 1409/1487/1155 1381/1491/1159
f 1391/1557/1217 1419/1497/1156 1447/1488/1156
f 1389/1496/1154 1405/1486/1154 1447/1488/1156
f 1448/1485/1153 1410/1484/1152 1383/1500/1165
f 1423/1506/1153 1448/1485/1153 1420/1499/1164
f 1386/1505/1151 1403/1483/1151 1448/1485/1153
f 1427/1515/1175 1400/1560/1219 1424/1508/1170
f 1449/1482/1150 1411/1481/1149 1384/1518/1221
f 1431/1524/1150 1449/1482/1150 1428/1517/1221
f 1388/1523/1148 1404/1480/1148 1449/1482/1150
f 1450/1479/1147 1399/1478/1146 1382/1527/1183
f 1435/1533/1147 1450/1479/1147 1432/1526/1182
f 1385/1532/1145 1402/1477/1145 1450/1479/1147
f 1405/1486/1193 1439/1486/1194 1408/1540/1195
f 1389/1496/1193 1397/1496/1194 1439/1486/1194
f 1385/1532/1142 1412/1475/1142 1406/1475/1144
f 1407/1523/1189 1438/1537/1189 1460/1537/1203
f 1446/1480/1189 1466/1480/1203 1469/1534/1209
f 1397/1496/1194 1401/1536/1194 1468/1536/1216
f 1418/1477/1144 1465/1477/1214 1475/1535/1218
f 1473/1496/1216 1489/1496/1222 1454/1486/1222
f 1471/1532/1214 1472/1475/1214 1488/1475/1223
f 1472/1475/1214 1474/1476/1218 1490/1476/1224
f 1467/1483/1201 1483/1483/1226 1490/1476/1224
f 1465/1477/1214 1479/1477/1223 1491/1535/1225
f 1470/1505/1201 1461/1539/1201 1456/1539/1226
f 1471/1532/1214 1487/1532/1223 1479/1477/1223
f 1461/1539/1201 1463/1540/1202 1451/1540/1227
f 1466/1480/1203 1480/1480/1229 1485/1534/1228
f 1473/1496/1216 1468/1536/1216 1484/1536/1222
f 1464/1523/1203 1460/1537/1203 1459/1537/1229
f 1460/1537/1203 1475/1538/1209 1491/1538/1225
f 1470/1505/1201 1486/1505/1226 1483/1483/1226
f 1462/1486/1216 1454/1486/1222 1451/1540/1227
f 1468/1536/1216 1469/1534/1208 1485/1534/1228
f 1464/1523/1203 1476/1523/1229 1480/1480/1229
f 1484/1561/1222 1481/1567/1230 1477/1562/1230
f 1453/1564/1230 1458/1569/1230 1455/1565/1230
f 1481/1567/1230 1453/1564/1230 1478/1566/1230
f 1452/1568/1230 1482/1572/1230 1483/1483/1226
f 1458/1569/1230 1479/1577/1223 1487/1570/1223
f 1480/1571/1229 1476/1579/1229 1453/1564/1230
f 1482/1572/1230 1488/1574/1223 1490/1476/1224
f 1477/1562/1230 1478/1566/1230 1452/1568/1230
f 1455/1565/1230 1487/1570/1223 1488/1574/1223
f 1478/1566/1230 1455/1565/1230 1482/1572/1230
f 1489/1563/1222 1477/1562/1230 1457/1573/1230
f 1459/1576/1229 1491/1641/1225 1479/1577/1223
f 1454/1575/1222 1457/1573/1230 1456/1539/1226
f 1457/1573/1230 1452/1568/1230 1486/1505/1226
f 1485/1578/1228 1480/1571/1229 1481/1567/1230
f 1476/1579/1229 1459/1576/1229 1458/1569/1230
f 1497/1588/1233 1493/1642/1233 1523/1589/1234
f 1492/1592/1238 1494/1643/1317 1498/1586/1236
f 1498/1586/1236 1496/1595/1318 1507/1644/1319
f 1502/1591/1237 1511/1645/1320 1492/1592/1238
f 1498/1586/1236 1507/1644/1319 1502/1591/1237
f 1499/1584/1239 1495/1646/1239 1493/1593/1239
f 1522/1594/1240 1510/1595/1258 1501/1595/1241
f 1515/1596/1205 1503/1596/1205 1512/1597/1243
f 1516/1596/1205 1506/1596/1205 1517/1597/1245
f 1519/1594/1247 1514/1595/1251 1505/1595/1248
f 1516/1596/1205 1519/1594/1247 1518/1594/1249
f 1502/1596/1205 1507/1594/1250 1519/1594/1247
f 1507/1594/1250 1496/1595/1321 1514/1595/1251
f 1520/1597/1246 1517/1597/1245 1504/1598/1252
f 1511/1597/1254 1520/1597/1246 1509/1598/1253
f 1502/1596/1205 1516/1596/1205 1520/1597/1246
f 1521/1597/1244 1512/1597/1243 1500/1598/1256
f 1517/1597/1245 1521/1597/1244 1513/1598/1257
f 1506/1596/1205 1515/1596/1205 1521/1597/1244
f 1515/1596/1205 1522/1594/1240 1508/1594/1242
f 1506/1596/1205 1518/1594/1249 1522/1594/1240
f 1518/1594/1249 1505/1595/1248 1510/1595/1258
