# Blender 4.5.3 LTS
# www.blender.org
o Plane
v -504.439606 -504.439606 -135.258850
v 504.439606 -504.439606 -135.258850
v -504.439606 504.439606 -135.258850
v 504.439606 504.439606 -135.258850
v -133.725754 133.725754 -135.258850
v -133.725754 -133.725754 -135.258850
v 133.725754 -133.725754 -135.258850
v 133.725754 133.725754 -135.258850
v -402.296356 402.296356 -135.258850
v -402.296356 -402.296356 -135.258850
v 402.296356 -402.296356 -135.258850
v 402.296356 402.296356 -135.258850
v -277.761902 277.761902 -135.258850
v -277.761902 -277.761902 -135.258850
v 277.761902 -277.761902 -135.258850
v 277.761902 277.761902 -135.258850
v -133.725754 0.000000 -135.258850
v 0.000000 -133.725754 -135.258850
v 133.725754 0.000000 -135.258850
v 0.000000 133.725754 -135.258850
v 0.000000 0.000000 -135.258850
v -133.725754 -66.862877 -135.258850
v 66.862877 -133.725754 -135.258850
v 133.725754 66.862877 -135.258850
v -66.862877 133.725754 -135.258850
v -133.725754 66.862877 -135.258850
v -66.862877 -133.725754 -135.258850
v 133.725754 -66.862877 -135.258850
v 66.862877 133.725754 -135.258850
v 0.000000 66.862877 -135.258850
v 0.000000 -66.862877 -135.258850
v -66.862877 0.000000 -135.258850
v 66.862877 0.000000 -135.258850
v 66.862877 -66.862877 -135.258850
v -66.862877 -66.862877 -135.258850
v -66.862877 66.862877 -135.258850
v 66.862877 66.862877 -135.258850
v -133.725754 -100.294319 -135.258850
v 100.294319 -133.725754 -135.258850
v 133.725754 100.294319 -135.258850
v -100.294319 133.725754 -135.258850
v -133.725754 33.431438 -135.258850
v -33.431438 -133.725754 -135.258850
v 133.725754 -33.431438 -135.258850
v 33.431438 133.725754 -135.258850
v 0.000000 100.294319 -135.258850
v 0.000000 -33.431438 -135.258850
v -100.294319 0.000000 -135.258850
v 33.431438 0.000000 -135.258850
v -133.725754 -33.431438 -135.258850
v 33.431438 -133.725754 -135.258850
v 133.725754 33.431438 -135.258850
v -33.431438 133.725754 -135.258850
v -133.725754 100.294319 -135.258850
v -100.294319 -133.725754 -135.258850
v 133.725754 -100.294319 -135.258850
v 100.294319 133.725754 -135.258850
v 0.000000 33.431438 -135.258850
v -33.431438 0.000000 -135.258850
v 100.294319 0.000000 -135.258850
v 66.862877 -33.431438 -135.258850
v 91.936462 8.357860 132.138611
v 33.431438 -66.862877 -135.258850
v 100.294319 -66.862877 -135.258850
v -66.862877 -33.431438 -135.258850
v -100.294319 -66.862877 -135.258850
v -33.431438 -66.862877 -135.258850
v -66.862877 33.431438 -135.258850
v -100.294319 66.862877 -135.258850
v -33.431438 66.862877 -135.258850
v 66.862877 33.431438 -135.258850
v 33.431438 66.862877 -135.258850
v 100.294319 66.862877 -135.258850
v -79.399673 -83.578598 -19.470413
v 33.431438 33.431438 -135.258850
v 33.431438 100.294319 -135.258850
v -33.431438 33.431438 -135.258850
v -108.652176 -4.178930 50.251312
v -100.294319 -100.294319 -135.258850
v -100.294319 -33.431438 -135.258850
v 91.936462 4.178930 132.138611
v 33.431438 -100.294319 -135.258850
v 33.431438 -33.431438 -135.258850
v 100.294319 -33.431438 -135.258850
v -33.431438 -33.431438 -135.258850
v -33.431438 100.294319 -135.258850
v -133.725754 -117.010033 -135.258850
v 117.010033 -133.725754 -135.258850
v 133.725754 117.010033 -135.258850
v -117.010033 133.725754 -135.258850
v -133.725754 16.715719 -135.258850
v -16.715719 -133.725754 -135.258850
v 133.725754 -16.715719 -135.258850
v 16.715719 133.725754 -135.258850
v 0.000000 117.010033 -135.258850
v 0.000000 -16.715719 -135.258850
v 91.936462 -83.578598 -3.743317
v 16.715719 0.000000 -135.258850
v -133.725754 -50.147160 -135.258850
v 50.147160 -133.725754 -135.258850
v 133.725754 50.147160 -135.258850
v -50.147160 133.725754 -135.258850
v -133.725754 83.578598 -135.258850
v -83.578598 -133.725754 -135.258850
v 133.725754 -83.578598 -135.258850
v 83.578598 133.725754 -135.258850
v 0.000000 50.147160 -135.258850
v 0.000000 -83.578598 -135.258850
v -50.147160 0.000000 -135.258850
v 83.578598 0.000000 -135.258850
v 66.862877 -16.715719 -135.258850
v 66.862877 -83.578598 -135.258850
v 16.715719 -66.862877 -135.258850
v 83.578598 -66.862877 -135.258850
v -66.862877 -16.715719 -135.258850
v -117.010033 -66.862877 -135.258850
v -50.147160 -66.862877 -135.258850
v -66.862877 117.010033 -135.258850
v -66.862877 50.147160 -135.258850
v -117.010033 66.862877 -135.258850
v -50.147160 66.862877 -135.258850
v 66.862877 117.010033 -135.258850
v 66.862877 50.147160 -135.258850
v 16.715719 66.862877 -135.258850
v 83.578598 66.862877 -135.258850
v -133.725754 -83.578598 -135.258850
v 83.578598 -133.725754 -135.258850
v 133.725754 83.578598 -135.258850
v -83.578598 133.725754 -135.258850
v -133.725754 50.147160 -135.258850
v -50.147160 -133.725754 -135.258850
v 133.725754 -50.147160 -135.258850
v 50.147160 133.725754 -135.258850
v 0.000000 -50.147160 -135.258850
v -83.578598 0.000000 -135.258850
v 50.147160 0.000000 -135.258850
v -133.725754 -16.715719 -135.258850
v 16.715719 -133.725754 -135.258850
v 133.725754 16.715719 -135.258850
v -16.715719 133.725754 -135.258850
v -133.725754 117.010033 -135.258850
v -117.010033 -133.725754 -135.258850
v 133.725754 -117.010033 -135.258850
v 117.010033 133.725754 -135.258850
v 0.000000 16.715719 -135.258850
v -16.715719 0.000000 -135.258850
v 117.010033 0.000000 -135.258850
v 66.862877 -50.147160 -135.258850
v 66.862877 -117.010033 -135.258850
v 50.147160 -66.862877 -135.258850
v 117.010033 -66.862877 -135.258850
v -66.862877 -50.147160 -135.258850
v -66.862877 -117.010033 -135.258850
v -16.715719 -66.862877 -135.258850
v -66.862877 83.578598 -135.258850
v -66.862877 16.715719 -135.258850
v -83.578598 66.862877 -135.258850
v -16.715719 66.862877 -135.258850
v 66.862877 16.715719 -135.258850
v 50.147160 66.862877 -135.258850
v 117.010033 66.862877 -135.258850
v 100.294319 50.147160 -135.258850
v -96.115387 -83.578598 -19.470413
v -83.578598 -83.578598 -19.470413
v 117.010033 33.431438 -135.258850
v 33.431438 50.147160 -135.258850
v 33.431438 16.715719 -135.258850
v 16.715719 33.431438 -135.258850
v 50.147160 33.431438 -135.258850
v 33.431438 117.010033 -135.258850
v 16.715719 100.294319 -135.258850
v 50.147160 100.294319 -135.258850
v -33.431438 50.147160 -135.258850
v -33.431438 16.715719 -135.258850
v -50.147160 33.431438 -135.258850
v -16.715719 33.431438 -135.258850
v -104.473251 -25.073580 50.251312
v -100.294319 16.715719 -135.258850
v -112.831108 -25.073580 50.251312
v -83.578598 33.431438 -135.258850
v -100.294319 117.010033 -135.258850
v -100.294319 83.578598 -135.258850
v -117.010033 100.294319 -135.258850
v -100.294319 -83.578598 -135.258850
v -100.294319 -117.010033 -135.258850
v -117.010033 -100.294319 -135.258850
v -100.294319 -16.715719 -135.258850
v -100.294319 -50.147160 -135.258850
v -117.010033 -33.431438 -135.258850
v -83.578598 -33.431438 -135.258850
v 100.294319 -83.578598 -135.258850
v 100.294319 -117.010033 -135.258850
v 91.936462 12.536790 132.138611
v 117.010033 -100.294319 -135.258850
v 33.431438 -83.578598 -135.258850
v 33.431438 -117.010033 -135.258850
v 50.147160 -100.294319 -135.258850
v 33.431438 -16.715719 -135.258850
v 33.431438 -50.147160 -135.258850
v 16.715719 -33.431438 -135.258850
v 50.147160 -33.431438 -135.258850
v 100.294319 -16.715719 -135.258850
v 100.294319 -50.147160 -135.258850
v 83.578598 -33.431438 -135.258850
v 117.010033 -33.431438 -135.258850
v -33.431438 -16.715719 -135.258850
v -33.431438 -50.147160 -135.258850
v -50.147160 -33.431438 -135.258850
v -16.715719 -33.431438 -135.258850
v -33.431438 117.010033 -135.258850
v -16.715719 100.294319 -135.258850
v 100.294319 117.010033 -135.258850
v 83.578598 117.010033 -135.258850
v -50.147160 83.578598 -135.258850
v -50.147160 117.010033 -135.258850
v -16.715719 -50.147160 -135.258850
v -50.147160 -50.147160 -135.258850
v -50.147160 -16.715719 -135.258850
v 117.010033 -50.147160 -135.258850
v 83.578598 -50.147160 -135.258850
v 83.578598 -16.715719 -135.258850
v 50.147160 -50.147160 -135.258850
v 16.715719 -50.147160 -135.258850
v 16.715719 -16.715719 -135.258850
v 50.147160 -117.010033 -135.258850
v 16.715719 -83.578598 -135.258850
v 117.010033 -117.010033 -135.258850
v 79.399673 41.789299 132.138611
v 75.220741 41.789299 132.138611
v -83.578598 -50.147160 -135.258850
v -117.010033 -50.147160 -135.258850
v 96.115387 -83.578598 -3.743317
v -83.578598 -117.010033 -135.258850
v -117.010033 -117.010033 -135.258850
v -117.010033 -83.578598 -135.258850
v -83.578598 83.578598 -135.258850
v -117.010033 83.578598 -135.258850
v -117.010033 117.010033 -135.258850
v -83.578598 16.715719 -135.258850
v -117.010033 16.715719 -135.258850
v -108.652176 -25.073580 50.251312
v -16.715719 16.715719 -135.258850
v -50.147160 16.715719 -135.258850
v -50.147160 50.147160 -135.258850
v 50.147160 83.578598 -135.258850
v 16.715719 117.010033 -135.258850
v 50.147160 16.715719 -135.258850
v 16.715719 16.715719 -135.258850
v 16.715719 50.147160 -135.258850
v -83.578598 -87.757530 -19.470413
v 83.578598 16.715719 -135.258850
v 83.578598 50.147160 -135.258850
v 117.010033 50.147160 -135.258850
v 50.147160 50.147160 -135.258850
v 50.147160 117.010033 -135.258850
v -16.715719 50.147160 -135.258850
v -83.578598 50.147160 -135.258850
v -83.578598 117.010033 -135.258850
v -16.715719 -83.578598 -135.258850
v -83.578598 -16.715719 -135.258850
v 117.010033 -83.578598 -135.258850
v 50.147160 -83.578598 -135.258850
v 50.147160 -16.715719 -135.258850
v 117.010033 -16.715719 -135.258850
v -16.715719 -16.715719 -135.258850
v -16.715719 117.010033 -135.258850
v 117.010033 117.010033 -135.258850
v -133.725754 -125.367897 -135.258850
v 125.367897 -133.725754 -135.258850
v 133.725754 125.367897 -135.258850
v -125.367897 133.725754 -135.258850
v -133.725754 8.357860 -135.258850
v -8.357860 -133.725754 -135.258850
v 133.725754 -8.357860 -135.258850
v 8.357860 133.725754 -135.258850
v 0.000000 125.367897 -135.258850
v 0.000000 -8.357860 -135.258850
v -125.367897 0.000000 -135.258850
v 8.357860 0.000000 -135.258850
v -133.725754 -58.505016 -135.258850
v 58.505016 -133.725754 -135.258850
v 133.725754 58.505016 -135.258850
v -58.505016 133.725754 -135.258850
v -133.725754 75.220741 -135.258850
v -75.220741 -133.725754 -135.258850
v 133.725754 -75.220741 -135.258850
v 75.220741 133.725754 -135.258850
v 0.000000 58.505016 -135.258850
v 0.000000 -75.220741 -135.258850
v -58.505016 0.000000 -135.258850
v 75.220741 0.000000 -135.258850
v 66.862877 -8.357860 -135.258850
v 66.862877 -75.220741 -135.258850
v 8.357860 -66.862877 -135.258850
v 75.220741 -66.862877 -135.258850
v -66.862877 -8.357860 -135.258850
v -125.367897 -66.862877 -135.258850
v -58.505016 -66.862877 -135.258850
v -66.862877 125.367897 -135.258850
v -66.862877 58.505016 -135.258850
v -125.367897 66.862877 -135.258850
v -58.505016 66.862877 -135.258850
v 66.862877 125.367897 -135.258850
v 66.862877 58.505016 -135.258850
v 8.357860 66.862877 -135.258850
v 75.220741 66.862877 -135.258850
v -133.725754 -91.936462 -135.258850
v 91.936462 -133.725754 -135.258850
v 133.725754 91.936462 -135.258850
v -91.936462 133.725754 -135.258850
v -133.725754 41.789299 -135.258850
v -41.789299 -133.725754 -135.258850
v 133.725754 -41.789299 -135.258850
v 41.789299 133.725754 -135.258850
v 0.000000 -41.789299 -135.258850
v -91.936462 0.000000 -135.258850
v 41.789299 0.000000 -135.258850
v -133.725754 -25.073580 -135.258850
v 25.073580 -133.725754 -135.258850
v 133.725754 25.073580 -135.258850
v -25.073580 133.725754 -135.258850
v -133.725754 108.652176 -135.258850
v -108.652176 -133.725754 -135.258850
v 133.725754 -108.652176 -135.258850
v 108.652176 133.725754 -135.258850
v 0.000000 25.073580 -135.258850
v -25.073580 0.000000 -135.258850
v -83.578598 -71.041817 -19.470413
v 66.862877 -41.789299 -135.258850
v 66.862877 -108.652176 -135.258850
v 41.789299 -66.862877 -135.258850
v 108.652176 -66.862877 -135.258850
v -66.862877 -41.789299 -135.258850
v -25.073580 -66.862877 -135.258850
v -66.862877 25.073580 -135.258850
v -91.936462 66.862877 -135.258850
v -25.073580 66.862877 -135.258850
v 66.862877 25.073580 -135.258850
v 41.789299 66.862877 -135.258850
v 108.652176 66.862877 -135.258850
v 100.294319 58.505016 -135.258850
v -12.536790 -83.578598 -19.470413
v 75.220741 33.431438 -135.258850
v -29.252508 -83.578598 -19.470413
v 33.431438 58.505016 -135.258850
v 33.431438 25.073580 -135.258850
v 8.357860 33.431438 -135.258850
v 41.789299 33.431438 -135.258850
v 33.431438 125.367897 -135.258850
v 8.357860 100.294319 -135.258850
v 41.789299 100.294319 -135.258850
v -33.431438 58.505016 -135.258850
v -33.431438 25.073580 -135.258850
v -58.505016 33.431438 -135.258850
v -25.073580 33.431438 -135.258850
v -108.652176 -29.252508 50.251312
v -100.294319 25.073580 -135.258850
v -125.367897 33.431438 -135.258850
v -91.936462 33.431438 -135.258850
v -100.294319 125.367897 -135.258850
v -125.367897 100.294319 -135.258850
v -33.431438 -75.220741 -135.258850
v -100.294319 -75.220741 -135.258850
v -100.294319 -108.652176 -135.258850
v -125.367897 -100.294319 -135.258850
v -100.294319 -8.357860 -135.258850
v -100.294319 -41.789299 -135.258850
v -125.367897 -33.431438 -135.258850
v -91.936462 -33.431438 -135.258850
v 100.294319 -75.220741 -135.258850
v 100.294319 -108.652176 -135.258850
v 75.220741 37.610371 132.138611
v 108.652176 -100.294319 -135.258850
v 33.431438 -75.220741 -135.258850
v 41.789299 -100.294319 -135.258850
v 33.431438 -8.357860 -135.258850
v 33.431438 -41.789299 -135.258850
v 8.357860 -33.431438 -135.258850
v 41.789299 -33.431438 -135.258850
v 100.294319 -8.357860 -135.258850
v 100.294319 -41.789299 -135.258850
v 75.220741 -33.431438 -135.258850
v 108.652176 -33.431438 -135.258850
v -33.431438 -8.357860 -135.258850
v -33.431438 -41.789299 -135.258850
v -58.505016 -33.431438 -135.258850
v -25.073580 -33.431438 -135.258850
v -33.431438 125.367897 -135.258850
v -25.073580 100.294319 -135.258850
v 100.294319 125.367897 -135.258850
v -133.725754 -108.652176 -135.258850
v 108.652176 -133.725754 -135.258850
v 133.725754 108.652176 -135.258850
v -108.652176 133.725754 -135.258850
v -133.725754 25.073580 -135.258850
v -25.073580 -133.725754 -135.258850
v 133.725754 -25.073580 -135.258850
v 25.073580 133.725754 -135.258850
v 0.000000 108.652176 -135.258850
v 0.000000 -25.073580 -135.258850
v 75.220741 -83.578598 -3.743317
v 25.073580 0.000000 -135.258850
v -133.725754 -41.789299 -135.258850
v 41.789299 -133.725754 -135.258850
v 133.725754 41.789299 -135.258850
v -41.789299 133.725754 -135.258850
v -133.725754 91.936462 -135.258850
v -91.936462 -133.725754 -135.258850
v 133.725754 -91.936462 -135.258850
v 91.936462 133.725754 -135.258850
v 0.000000 41.789299 -135.258850
v -41.789299 0.000000 -135.258850
v 91.936462 0.000000 -135.258850
v 66.862877 -25.073580 -135.258850
v 96.115387 41.789299 132.138611
v 25.073580 -66.862877 -135.258850
v 91.936462 -66.862877 -135.258850
v -66.862877 -25.073580 -135.258850
v -108.652176 -66.862877 -135.258850
v -41.789299 -66.862877 -135.258850
v -66.862877 41.789299 -135.258850
v -108.652176 66.862877 -135.258850
v -41.789299 66.862877 -135.258850
v 66.862877 108.652176 -135.258850
v 66.862877 41.789299 -135.258850
v 25.073580 66.862877 -135.258850
v 91.936462 66.862877 -135.258850
v -133.725754 -75.220741 -135.258850
v 75.220741 -133.725754 -135.258850
v 133.725754 75.220741 -135.258850
v -75.220741 133.725754 -135.258850
v -133.725754 58.505016 -135.258850
v -58.505016 -133.725754 -135.258850
v 133.725754 -58.505016 -135.258850
v 58.505016 133.725754 -135.258850
v 0.000000 75.220741 -135.258850
v 0.000000 -58.505016 -135.258850
v -75.220741 0.000000 -135.258850
v 58.505016 0.000000 -135.258850
v -133.725754 -8.357860 -135.258850
v 8.357860 -133.725754 -135.258850
v 133.725754 8.357860 -135.258850
v -8.357860 133.725754 -135.258850
v -133.725754 125.367897 -135.258850
v -125.367897 -133.725754 -135.258850
v 133.725754 -125.367897 -135.258850
v 125.367897 133.725754 -135.258850
v 0.000000 8.357860 -135.258850
v -8.357860 0.000000 -135.258850
v 125.367897 0.000000 -135.258850
v 66.862877 -58.505016 -135.258850
v 66.862877 -125.367897 -135.258850
v 58.505016 -66.862877 -135.258850
v 125.367897 -66.862877 -135.258850
v -66.862877 -58.505016 -135.258850
v -66.862877 -125.367897 -135.258850
v -75.220741 -66.862877 -135.258850
v -8.357860 -66.862877 -135.258850
v -66.862877 75.220741 -135.258850
v -66.862877 8.357860 -135.258850
v -75.220741 66.862877 -135.258850
v -8.357860 66.862877 -135.258850
v 66.862877 75.220741 -135.258850
v 66.862877 8.357860 -135.258850
v 58.505016 66.862877 -135.258850
v 125.367897 66.862877 -135.258850
v -16.715719 -83.578598 -19.470413
v -16.715719 -87.757530 -19.470413
v -45.968231 -83.578598 -19.470413
v 125.367897 33.431438 -135.258850
v 33.431438 41.789299 -135.258850
v 33.431438 8.357860 -135.258850
v 25.073580 33.431438 -135.258850
v 58.505016 33.431438 -135.258850
v 33.431438 108.652176 -135.258850
v 33.431438 75.220741 -135.258850
v 25.073580 100.294319 -135.258850
v -33.431438 41.789299 -135.258850
v -33.431438 8.357860 -135.258850
v -41.789299 33.431438 -135.258850
v -8.357860 33.431438 -135.258850
v -108.652176 -20.894650 50.251312
v -100.294319 8.357860 -135.258850
v -104.473251 8.357860 50.251312
v -75.220741 33.431438 -135.258850
v -100.294319 75.220741 -135.258850
v -33.431438 -125.367897 -135.258850
v -100.294319 -91.936462 -135.258850
v -100.294319 -125.367897 -135.258850
v -108.652176 -100.294319 -135.258850
v -100.294319 -25.073580 -135.258850
v -100.294319 -58.505016 -135.258850
v -108.652176 -33.431438 -135.258850
v -75.220741 -33.431438 -135.258850
v 100.294319 -91.936462 -135.258850
v 100.294319 -125.367897 -135.258850
v 87.757530 41.789299 132.138611
v 125.367897 -100.294319 -135.258850
v 33.431438 -91.936462 -135.258850
v 33.431438 -125.367897 -135.258850
v 58.505016 -100.294319 -135.258850
v 33.431438 -25.073580 -135.258850
v 33.431438 -58.505016 -135.258850
v 25.073580 -33.431438 -135.258850
v 58.505016 -33.431438 -135.258850
v 100.294319 -25.073580 -135.258850
v 100.294319 -58.505016 -135.258850
v 91.936462 -33.431438 -135.258850
v 125.367897 -33.431438 -135.258850
v -33.431438 -25.073580 -135.258850
v -33.431438 -58.505016 -135.258850
v -41.789299 -33.431438 -135.258850
v -8.357860 -33.431438 -135.258850
v -33.431438 108.652176 -135.258850
v -33.431438 75.220741 -135.258850
v -41.789299 100.294319 -135.258850
v -8.357860 100.294319 -135.258850
v 100.294319 108.652176 -135.258850
v 100.294319 75.220741 -135.258850
v 125.367897 100.294319 -135.258850
v 117.010033 75.220741 -135.258850
v 125.367897 83.578598 -135.258850
v 83.578598 75.220741 -135.258850
v 83.578598 125.367897 -135.258850
v 83.578598 108.652176 -135.258850
v 75.220741 117.010033 -135.258850
v 91.936462 117.010033 -135.258850
v -16.715719 75.220741 -135.258850
v -50.147160 75.220741 -135.258850
v -58.505016 83.578598 -135.258850
v -41.789299 83.578598 -135.258850
v -50.147160 125.367897 -135.258850
v -58.505016 117.010033 -135.258850
v -41.789299 117.010033 -135.258850
v -16.715719 -41.789299 -135.258850
v -16.715719 -58.505016 -135.258850
v -25.073580 -50.147160 -135.258850
v -8.357860 -50.147160 -135.258850
v -50.147160 -41.789299 -135.258850
v -50.147160 -58.505016 -135.258850
v -58.505016 -50.147160 -135.258850
v -41.789299 -50.147160 -135.258850
v -50.147160 -8.357860 -135.258850
v -50.147160 -25.073580 -135.258850
v -58.505016 -16.715719 -135.258850
v -41.789299 -16.715719 -135.258850
v 117.010033 -41.789299 -135.258850
v 117.010033 -58.505016 -135.258850
v 108.652176 -50.147160 -135.258850
v 125.367897 -50.147160 -135.258850
v 83.578598 -41.789299 -135.258850
v 83.578598 -58.505016 -135.258850
v 75.220741 -50.147160 -135.258850
v 91.936462 -50.147160 -135.258850
v 83.578598 -8.357860 -135.258850
v 83.578598 -25.073580 -135.258850
v 75.220741 -16.715719 -135.258850
v 91.936462 -16.715719 -135.258850
v 50.147160 -41.789299 -135.258850
v 50.147160 -58.505016 -135.258850
v 41.789299 -50.147160 -135.258850
v 58.505016 -50.147160 -135.258850
v 16.715719 -41.789299 -135.258850
v 16.715719 -58.505016 -135.258850
v 8.357860 -50.147160 -135.258850
v 25.073580 -50.147160 -135.258850
v 16.715719 -8.357860 -135.258850
v 16.715719 -25.073580 -135.258850
v 8.357860 -16.715719 -135.258850
v 25.073580 -16.715719 -135.258850
v 50.147160 -108.652176 -135.258850
v 50.147160 -125.367897 -135.258850
v 41.789299 -117.010033 -135.258850
v 58.505016 -117.010033 -135.258850
v 16.715719 -75.220741 -135.258850
v 16.715719 -91.936462 -135.258850
v 8.357860 -83.578598 -135.258850
v 25.073580 -83.578598 -135.258850
v 117.010033 -108.652176 -135.258850
v 117.010033 -125.367897 -135.258850
v 108.652176 -117.010033 -135.258850
v 125.367897 -117.010033 -135.258850
v 91.936462 41.789299 132.138611
v 83.578598 -125.367897 -135.258850
v 75.220741 -117.010033 -135.258850
v 91.936462 -117.010033 -135.258850
v 91.936462 37.610371 132.138611
v 91.936462 45.968231 132.138611
v 104.473251 41.789299 132.138611
v 91.936462 -83.578598 -135.258850
v -83.578598 -41.789299 -135.258850
v -83.578598 -58.505016 -135.258850
v -91.936462 -50.147160 -135.258850
v -75.220741 -50.147160 -135.258850
v -117.010033 -41.789299 -135.258850
v -117.010033 -58.505016 -135.258850
v -125.367897 -50.147160 -135.258850
v -108.652176 -50.147160 -135.258850
v 79.399673 -83.578598 -3.743317
v 83.578598 -91.936462 -3.743317
v -125.367897 -16.715719 -135.258850
v 83.578598 -96.115387 -3.743317
v -83.578598 -108.652176 -135.258850
v -83.578598 -125.367897 -135.258850
v -91.936462 -117.010033 -135.258850
v -75.220741 -117.010033 -135.258850
v -117.010033 -108.652176 -135.258850
v -117.010033 -125.367897 -135.258850
v -125.367897 -117.010033 -135.258850
v -108.652176 -117.010033 -135.258850
v -117.010033 -75.220741 -135.258850
v -117.010033 -91.936462 -135.258850
v -125.367897 -83.578598 -135.258850
v -108.652176 -83.578598 -135.258850
v -50.147160 -125.367897 -135.258850
v -58.505016 -117.010033 -135.258850
v -83.578598 75.220741 -135.258850
v -91.936462 83.578598 -135.258850
v -75.220741 83.578598 -135.258850
v -117.010033 91.936462 -135.258850
v -117.010033 75.220741 -135.258850
v -125.367897 83.578598 -135.258850
v -108.652176 83.578598 -135.258850
v -117.010033 125.367897 -135.258850
v -117.010033 108.652176 -135.258850
v -125.367897 117.010033 -135.258850
v -108.652176 117.010033 -135.258850
v -83.578598 25.073580 -135.258850
v -83.578598 8.357860 -135.258850
v -91.936462 16.715719 -135.258850
v -75.220741 16.715719 -135.258850
v -117.010033 25.073580 -135.258850
v 83.578598 -75.220741 -3.743317
v -125.367897 16.715719 -135.258850
v -108.652176 16.715719 -135.258850
v -112.831108 8.357860 50.251312
v -108.652176 8.357860 50.251312
v -125.367897 50.147160 -135.258850
v -108.652176 4.178930 50.251312
v -16.715719 25.073580 -135.258850
v -16.715719 8.357860 -135.258850
v -25.073580 16.715719 -135.258850
v -8.357860 16.715719 -135.258850
v -50.147160 25.073580 -135.258850
v -50.147160 8.357860 -135.258850
v -58.505016 16.715719 -135.258850
v -41.789299 16.715719 -135.258850
v -50.147160 58.505016 -135.258850
v -50.147160 41.789299 -135.258850
v -58.505016 50.147160 -135.258850
v -41.789299 50.147160 -135.258850
v 50.147160 91.936462 -135.258850
v 50.147160 75.220741 -135.258850
v 16.715719 75.220741 -135.258850
v 16.715719 125.367897 -135.258850
v 16.715719 108.652176 -135.258850
v 8.357860 117.010033 -135.258850
v 25.073580 117.010033 -135.258850
v 50.147160 25.073580 -135.258850
v 50.147160 8.357860 -135.258850
v 41.789299 16.715719 -135.258850
v 58.505016 16.715719 -135.258850
v 16.715719 25.073580 -135.258850
v 16.715719 8.357860 -135.258850
v 8.357860 16.715719 -135.258850
v 25.073580 16.715719 -135.258850
v 16.715719 58.505016 -135.258850
v 16.715719 41.789299 -135.258850
v 8.357860 50.147160 -135.258850
v 25.073580 50.147160 -135.258850
v 117.010033 25.073580 -135.258850
v -62.683949 -83.578598 -19.470413
v -50.147160 -83.578598 -19.470413
v 125.367897 16.715719 -135.258850
v -50.147160 -87.757530 -19.470413
v 83.578598 8.357860 -135.258850
v 75.220741 16.715719 -135.258850
v -45.968231 -117.010033 -19.470413
v 83.578598 58.505016 -135.258850
v -66.862877 -117.010033 -19.470413
v 75.220741 50.147160 -135.258850
v 91.936462 50.147160 -135.258850
v 117.010033 58.505016 -135.258850
v 117.010033 41.789299 -135.258850
v 108.652176 50.147160 -135.258850
v 125.367897 50.147160 -135.258850
v 50.147160 58.505016 -135.258850
v 50.147160 41.789299 -135.258850
v 41.789299 50.147160 -135.258850
v 58.505016 50.147160 -135.258850
v 50.147160 125.367897 -135.258850
v 50.147160 108.652176 -135.258850
v 41.789299 117.010033 -135.258850
v 58.505016 117.010033 -135.258850
v -16.715719 58.505016 -135.258850
v -16.715719 41.789299 -135.258850
v -25.073580 50.147160 -135.258850
v -8.357860 50.147160 -135.258850
v -83.578598 58.505016 -135.258850
v -83.578598 41.789299 -135.258850
v -91.936462 50.147160 -135.258850
v -75.220741 50.147160 -135.258850
v -83.578598 125.367897 -135.258850
v -91.936462 117.010033 -135.258850
v -75.220741 117.010033 -135.258850
v -16.715719 -75.220741 -135.258850
v -8.357860 -83.578598 -135.258850
v -83.578598 -8.357860 -135.258850
v -83.578598 -25.073580 -135.258850
v -91.936462 -16.715719 -135.258850
v -75.220741 -16.715719 -135.258850
v 117.010033 -75.220741 -135.258850
v 117.010033 -91.936462 -135.258850
v 108.652176 -83.578598 -135.258850
v 125.367897 -83.578598 -135.258850
v 50.147160 -75.220741 -135.258850
v 50.147160 -91.936462 -135.258850
v 41.789299 -83.578598 -135.258850
v 58.505016 -83.578598 -135.258850
v 50.147160 -8.357860 -135.258850
v 50.147160 -25.073580 -135.258850
v 41.789299 -16.715719 -135.258850
v 58.505016 -16.715719 -135.258850
v 117.010033 -8.357860 -135.258850
v 117.010033 -25.073580 -135.258850
v 108.652176 -16.715719 -135.258850
v 125.367897 -16.715719 -135.258850
v -16.715719 -8.357860 -135.258850
v -16.715719 -25.073580 -135.258850
v -25.073580 -16.715719 -135.258850
v -8.357860 -16.715719 -135.258850
v -16.715719 125.367897 -135.258850
v -16.715719 108.652176 -135.258850
v -25.073580 117.010033 -135.258850
v -8.357860 117.010033 -135.258850
v 117.010033 125.367897 -135.258850
v 117.010033 108.652176 -135.258850
v 108.652176 117.010033 -135.258850
v 125.367897 117.010033 -135.258850
v 125.367897 108.652176 -135.258850
v 108.652176 108.652176 -135.258850
v 108.652176 125.367897 -135.258850
v -8.357860 108.652176 -135.258850
v -25.073580 108.652176 -135.258850
v -25.073580 125.367897 -135.258850
v -8.357860 -25.073580 -135.258850
v -25.073580 -25.073580 -135.258850
v -25.073580 -8.357860 -135.258850
v 125.367897 -25.073580 -135.258850
v 108.652176 -25.073580 -135.258850
v 108.652176 -8.357860 -135.258850
v 58.505016 -25.073580 -135.258850
v 41.789299 -25.073580 -135.258850
v 41.789299 -8.357860 -135.258850
v 108.652176 41.789299 132.138611
v 41.789299 -91.936462 -135.258850
v 41.789299 -75.220741 -135.258850
v 125.367897 -91.936462 -135.258850
v 108.652176 -91.936462 -135.258850
v 108.652176 -75.220741 -135.258850
v -75.220741 -25.073580 -135.258850
v -91.936462 -25.073580 -135.258850
v -91.936462 -8.357860 -135.258850
v -25.073580 -75.220741 -135.258850
v -91.936462 125.367897 -135.258850
v -75.220741 41.789299 -135.258850
v -91.936462 41.789299 -135.258850
v -91.936462 58.505016 -135.258850
v -8.357860 41.789299 -135.258850
v -25.073580 41.789299 -135.258850
v -25.073580 58.505016 -135.258850
v 58.505016 108.652176 -135.258850
v 41.789299 108.652176 -135.258850
v 41.789299 125.367897 -135.258850
v 58.505016 41.789299 -135.258850
v 41.789299 41.789299 -135.258850
v 41.789299 58.505016 -135.258850
v 125.367897 41.789299 -135.258850
v 108.652176 41.789299 -135.258850
v 108.652176 58.505016 -135.258850
v -62.683949 -117.010033 -19.470413
v 75.220741 41.789299 -135.258850
v 75.220741 58.505016 -135.258850
v 91.936462 8.357860 -135.258850
v 75.220741 8.357860 -135.258850
v 75.220741 25.073580 -135.258850
v 125.367897 8.357860 -135.258850
v -50.147160 -117.010033 -19.470413
v -50.147160 -121.188965 -19.470413
v 25.073580 41.789299 -135.258850
v 8.357860 41.789299 -135.258850
v 8.357860 58.505016 -135.258850
v 25.073580 8.357860 -135.258850
v 8.357860 8.357860 -135.258850
v 8.357860 25.073580 -135.258850
v 58.505016 8.357860 -135.258850
v 41.789299 8.357860 -135.258850
v 41.789299 25.073580 -135.258850
v 25.073580 108.652176 -135.258850
v 8.357860 108.652176 -135.258850
v 8.357860 125.367897 -135.258850
v 25.073580 75.220741 -135.258850
v 8.357860 75.220741 -135.258850
v 58.505016 75.220741 -135.258850
v 41.789299 75.220741 -135.258850
v -41.789299 41.789299 -135.258850
v -58.505016 41.789299 -135.258850
v -58.505016 58.505016 -135.258850
v -41.789299 8.357860 -135.258850
v -58.505016 8.357860 -135.258850
v -58.505016 25.073580 -135.258850
v -8.357860 8.357860 -135.258850
v -25.073580 8.357860 -135.258850
v -25.073580 25.073580 -135.258850
v -108.652176 12.536790 50.251312
v -125.367897 41.789299 -135.258850
v -125.367897 58.505016 -135.258850
v 83.578598 -79.399673 -3.743317
v -125.367897 8.357860 -135.258850
v -125.367897 25.073580 -135.258850
v -75.220741 8.357860 -135.258850
v -91.936462 8.357860 -135.258850
v -91.936462 25.073580 -135.258850
v -125.367897 108.652176 -135.258850
v -125.367897 125.367897 -135.258850
v -108.652176 75.220741 -135.258850
v -125.367897 75.220741 -135.258850
v -125.367897 91.936462 -135.258850
v -75.220741 75.220741 -135.258850
v -91.936462 75.220741 -135.258850
v -41.789299 -125.367897 -135.258850
v -58.505016 -125.367897 -135.258850
v -108.652176 -91.936462 -135.258850
v -125.367897 -91.936462 -135.258850
v -125.367897 -75.220741 -135.258850
v -108.652176 -125.367897 -135.258850
v -125.367897 -125.367897 -135.258850
v -125.367897 -108.652176 -135.258850
v -75.220741 -125.367897 -135.258850
v -91.936462 -125.367897 -135.258850
v -91.936462 -108.652176 -135.258850
v 75.220741 -117.010033 -3.743317
v -125.367897 -25.073580 -135.258850
v -125.367897 -8.357860 -135.258850
v -108.652176 -58.505016 -135.258850
v -125.367897 -58.505016 -135.258850
v -125.367897 -41.789299 -135.258850
v -75.220741 -58.505016 -135.258850
v -91.936462 -58.505016 -135.258850
v -91.936462 -41.789299 -135.258850
v 108.652176 37.610371 132.138611
v 100.294319 -8.357860 132.138611
v 75.220741 -75.220741 -135.258850
v 91.936462 -125.367897 -135.258850
v 75.220741 -125.367897 -135.258850
v 104.473251 -8.357860 132.138611
v 125.367897 -125.367897 -135.258850
v 108.652176 -125.367897 -135.258850
v 108.652176 -108.652176 -135.258850
v 25.073580 -91.936462 -135.258850
v 8.357860 -91.936462 -135.258850
v 8.357860 -75.220741 -135.258850
v 58.505016 -125.367897 -135.258850
v 41.789299 -125.367897 -135.258850
v 41.789299 -108.652176 -135.258850
v 25.073580 -25.073580 -135.258850
v 8.357860 -25.073580 -135.258850
v 8.357860 -8.357860 -135.258850
v 25.073580 -58.505016 -135.258850
v 8.357860 -58.505016 -135.258850
v 8.357860 -41.789299 -135.258850
v 58.505016 -58.505016 -135.258850
v 41.789299 -58.505016 -135.258850
v 41.789299 -41.789299 -135.258850
v 91.936462 -25.073580 -135.258850
v 75.220741 -25.073580 -135.258850
v 75.220741 -8.357860 -135.258850
v 91.936462 -58.505016 -135.258850
v 75.220741 -58.505016 -135.258850
v 75.220741 -41.789299 -135.258850
v 125.367897 -58.505016 -135.258850
v 108.652176 -58.505016 -135.258850
v 108.652176 -41.789299 -135.258850
v -41.789299 -25.073580 -135.258850
v -58.505016 -25.073580 -135.258850
v -58.505016 -8.357860 -135.258850
v -41.789299 -58.505016 -135.258850
v -58.505016 -58.505016 -135.258850
v -58.505016 -41.789299 -135.258850
v -8.357860 -58.505016 -135.258850
v -25.073580 -58.505016 -135.258850
v -25.073580 -41.789299 -135.258850
v -41.789299 108.652176 -135.258850
v -58.505016 125.367897 -135.258850
v -41.789299 75.220741 -135.258850
v -58.505016 75.220741 -135.258850
v -8.357860 75.220741 -135.258850
v -25.073580 75.220741 -135.258850
v 91.936462 108.652176 -135.258850
v 75.220741 108.652176 -135.258850
v 75.220741 125.367897 -135.258850
v 91.936462 75.220741 -135.258850
v 75.220741 75.220741 -135.258850
v 125.367897 75.220741 -135.258850
v 108.652176 75.220741 -135.258850
v 125.367897 91.936462 -135.258850
v 91.936462 125.367897 -135.258850
v -41.789299 91.936462 -135.258850
v -41.789299 125.367897 -135.258850
v -8.357860 -41.789299 -135.258850
v -41.789299 -41.789299 -135.258850
v -41.789299 -8.357860 -135.258850
v 125.367897 -41.789299 -135.258850
v 91.936462 -41.789299 -135.258850
v 91.936462 -8.357860 -135.258850
v 58.505016 -41.789299 -135.258850
v 25.073580 -41.789299 -135.258850
v 25.073580 -8.357860 -135.258850
v 58.505016 -108.652176 -135.258850
v 25.073580 -75.220741 -135.258850
v 125.367897 -108.652176 -135.258850
v 108.652176 -4.178930 132.138611
v 91.936462 -75.220741 -135.258850
v -75.220741 -41.789299 -135.258850
v -108.652176 -41.789299 -135.258850
v 79.399673 -117.010033 -3.743317
v -108.652176 -108.652176 -135.258850
v -108.652176 -75.220741 -135.258850
v -41.789299 -75.220741 -135.258850
v -108.652176 125.367897 -135.258850
v -75.220741 25.073580 -135.258850
v -108.652176 25.073580 -135.258850
v -108.652176 16.715719 50.251312
v -8.357860 25.073580 -135.258850
v -41.789299 25.073580 -135.258850
v -41.789299 58.505016 -135.258850
v 25.073580 125.367897 -135.258850
v 58.505016 25.073580 -135.258850
v 25.073580 25.073580 -135.258850
v 25.073580 58.505016 -135.258850
v 125.367897 25.073580 -135.258850
v -50.147160 -104.473251 -19.470413
v 91.936462 58.505016 -135.258850
v 125.367897 58.505016 -135.258850
v 58.505016 58.505016 -135.258850
v 58.505016 125.367897 -135.258850
v -8.357860 58.505016 -135.258850
v -75.220741 58.505016 -135.258850
v -75.220741 125.367897 -135.258850
v -8.357860 -75.220741 -135.258850
v -75.220741 -8.357860 -135.258850
v 125.367897 -75.220741 -135.258850
v 58.505016 -75.220741 -135.258850
v 58.505016 -8.357860 -135.258850
v 125.367897 -8.357860 -135.258850
v -8.357860 -8.357860 -135.258850
v -8.357860 125.367897 -135.258850
v 125.367897 125.367897 -135.258850
v -133.725754 -129.546829 -135.258850
v 129.546829 -133.725754 -135.258850
v 133.725754 129.546829 -135.258850
v -129.546829 133.725754 -135.258850
v -133.725754 4.178930 -135.258850
v -4.178930 -133.725754 -135.258850
v 133.725754 -4.178930 -135.258850
v 4.178930 133.725754 -135.258850
v 0.000000 129.546829 -135.258850
v 0.000000 -4.178930 -135.258850
v -129.546829 0.000000 -135.258850
v 4.178930 0.000000 -135.258850
v -133.725754 -62.683949 -135.258850
v 62.683949 -133.725754 -135.258850
v 133.725754 62.683949 -135.258850
v -62.683949 133.725754 -135.258850
v -133.725754 71.041817 -135.258850
v -71.041817 -133.725754 -135.258850
v 133.725754 -71.041817 -135.258850
v 71.041817 133.725754 -135.258850
v 0.000000 62.683949 -135.258850
v 0.000000 -71.041817 -135.258850
v -62.683949 0.000000 -135.258850
v 71.041817 0.000000 -135.258850
v 66.862877 -4.178930 -135.258850
v 66.862877 -71.041817 -135.258850
v 4.178930 -66.862877 -135.258850
v 71.041817 -66.862877 -135.258850
v -66.862877 -4.178930 -135.258850
v -129.546829 -66.862877 -135.258850
v -62.683949 -66.862877 -135.258850
v -66.862877 129.546829 -135.258850
v -66.862877 62.683949 -135.258850
v -129.546829 66.862877 -135.258850
v -62.683949 66.862877 -135.258850
v 66.862877 129.546829 -135.258850
v 66.862877 62.683949 -135.258850
v 4.178930 66.862877 -135.258850
v 71.041817 66.862877 -135.258850
v -133.725754 -96.115387 -135.258850
v 96.115387 -133.725754 -135.258850
v 133.725754 96.115387 -135.258850
v -96.115387 133.725754 -135.258850
v -133.725754 37.610371 -135.258850
v -37.610371 -133.725754 -135.258850
v 133.725754 -37.610371 -135.258850
v 37.610371 133.725754 -135.258850
v 0.000000 -37.610371 -135.258850
v -96.115387 0.000000 -135.258850
v 37.610371 0.000000 -135.258850
v -133.725754 -29.252508 -135.258850
v 29.252508 -133.725754 -135.258850
v 133.725754 29.252508 -135.258850
v -29.252508 133.725754 -135.258850
v -133.725754 104.473251 -135.258850
v -104.473251 -133.725754 -135.258850
v 133.725754 -104.473251 -135.258850
v 104.473251 133.725754 -135.258850
v 0.000000 29.252508 -135.258850
v -29.252508 0.000000 -135.258850
v -12.536790 -117.010033 -19.470413
v 66.862877 -37.610371 -135.258850
v 66.862877 -104.473251 -135.258850
v 37.610371 -66.862877 -135.258850
v 104.473251 -66.862877 -135.258850
v -66.862877 -37.610371 -135.258850
v -96.115387 -66.862877 -135.258850
v -29.252508 -66.862877 -135.258850
v -66.862877 29.252508 -135.258850
v -96.115387 66.862877 -135.258850
v -29.252508 66.862877 -135.258850
v 66.862877 29.252508 -135.258850
v 37.610371 66.862877 -135.258850
v 104.473251 66.862877 -135.258850
v 100.294319 62.683949 -135.258850
v -29.252508 -117.010033 -19.470413
v 71.041817 33.431438 -135.258850
v -16.715719 -117.010033 -19.470413
v 33.431438 62.683949 -135.258850
v 33.431438 29.252508 -135.258850
v 4.178930 33.431438 -135.258850
v 37.610371 33.431438 -135.258850
v 33.431438 129.546829 -135.258850
v 4.178930 100.294319 -135.258850
v 37.610371 100.294319 -135.258850
v -33.431438 62.683949 -135.258850
v -33.431438 29.252508 -135.258850
v -62.683949 33.431438 -135.258850
v -29.252508 33.431438 -135.258850
v -104.473251 16.715719 50.251312
v -100.294319 29.252508 -135.258850
v -129.546829 33.431438 -135.258850
v -96.115387 33.431438 -135.258850
v -100.294319 129.546829 -135.258850
v -129.546829 100.294319 -135.258850
v -33.431438 -71.041817 -135.258850
v -100.294319 -71.041817 -135.258850
v -100.294319 -104.473251 -135.258850
v -129.546829 -100.294319 -135.258850
v -100.294319 -4.178930 -135.258850
v -100.294319 -37.610371 -135.258850
v -129.546829 -33.431438 -135.258850
v -96.115387 -33.431438 -135.258850
v 100.294319 -71.041817 -135.258850
v 91.936462 50.147160 132.138611
v 96.115387 50.147160 132.138611
v 104.473251 -100.294319 -135.258850
v 33.431438 -71.041817 -135.258850
v 37.610371 -100.294319 -135.258850
v 33.431438 -4.178930 -135.258850
v 33.431438 -37.610371 -135.258850
v 4.178930 -33.431438 -135.258850
v 37.610371 -33.431438 -135.258850
v 100.294319 -4.178930 -135.258850
v 100.294319 -37.610371 -135.258850
v 71.041817 -33.431438 -135.258850
v 104.473251 -33.431438 -135.258850
v -33.431438 -4.178930 -135.258850
v -33.431438 -37.610371 -135.258850
v -62.683949 -33.431438 -135.258850
v -29.252508 -33.431438 -135.258850
v -33.431438 129.546829 -135.258850
v -29.252508 100.294319 -135.258850
v 100.294319 129.546829 -135.258850
v -133.725754 -112.831108 -135.258850
v 112.831108 -133.725754 -135.258850
v 133.725754 112.831108 -135.258850
v -112.831108 133.725754 -135.258850
v -133.725754 20.894650 -135.258850
v -20.894650 -133.725754 -135.258850
v 133.725754 -20.894650 -135.258850
v 20.894650 133.725754 -135.258850
v 0.000000 112.831108 -135.258850
v 0.000000 -20.894650 -135.258850
v 83.578598 -108.652176 -3.743317
v 20.894650 0.000000 -135.258850
v -133.725754 -45.968231 -135.258850
v 45.968231 -133.725754 -135.258850
v 133.725754 45.968231 -135.258850
v -45.968231 133.725754 -135.258850
v -133.725754 87.757530 -135.258850
v -87.757530 -133.725754 -135.258850
v 133.725754 -87.757530 -135.258850
v 87.757530 133.725754 -135.258850
v 0.000000 45.968231 -135.258850
v 0.000000 -87.757530 -135.258850
v -45.968231 0.000000 -135.258850
v 87.757530 0.000000 -135.258850
v 66.862877 -20.894650 -135.258850
v 83.578598 41.789299 132.138611
v 20.894650 -66.862877 -135.258850
v 87.757530 -66.862877 -135.258850
v -66.862877 -20.894650 -135.258850
v -112.831108 -66.862877 -135.258850
v -45.968231 -66.862877 -135.258850
v -66.862877 112.831108 -135.258850
v -66.862877 45.968231 -135.258850
v -112.831108 66.862877 -135.258850
v -45.968231 66.862877 -135.258850
v 66.862877 112.831108 -135.258850
v 66.862877 45.968231 -135.258850
v 20.894650 66.862877 -135.258850
v 87.757530 66.862877 -135.258850
v -133.725754 -79.399673 -135.258850
v 79.399673 -133.725754 -135.258850
v 133.725754 79.399673 -135.258850
v -79.399673 133.725754 -135.258850
v -133.725754 54.326088 -135.258850
v -54.326088 -133.725754 -135.258850
v 133.725754 -54.326088 -135.258850
v 54.326088 133.725754 -135.258850
v 0.000000 -54.326088 -135.258850
v -79.399673 0.000000 -135.258850
v 54.326088 0.000000 -135.258850
v -133.725754 -12.536790 -135.258850
v 12.536790 -133.725754 -135.258850
v 133.725754 12.536790 -135.258850
v -12.536790 133.725754 -135.258850
v -133.725754 121.188965 -135.258850
v -121.188965 -133.725754 -135.258850
v 133.725754 -121.188965 -135.258850
v 121.188965 133.725754 -135.258850
v 0.000000 12.536790 -135.258850
v -12.536790 0.000000 -135.258850
v 121.188965 0.000000 -135.258850
v 66.862877 -54.326088 -135.258850
v 66.862877 -121.188965 -135.258850
v 54.326088 -66.862877 -135.258850
v 121.188965 -66.862877 -135.258850
v -66.862877 -54.326088 -135.258850
v -66.862877 -121.188965 -135.258850
v -12.536790 -66.862877 -135.258850
v -66.862877 79.399673 -135.258850
v -66.862877 12.536790 -135.258850
v -79.399673 66.862877 -135.258850
v -12.536790 66.862877 -135.258850
v 66.862877 79.399673 -135.258850
v 66.862877 12.536790 -135.258850
v 54.326088 66.862877 -135.258850
v 121.188965 66.862877 -135.258850
v -16.715719 -121.188965 -19.470413
v -16.715719 -104.473251 -19.470413
v -83.578598 -104.473251 -19.470413
v 121.188965 33.431438 -135.258850
v 33.431438 45.968231 -135.258850
v 33.431438 12.536790 -135.258850
v 20.894650 33.431438 -135.258850
v 54.326088 33.431438 -135.258850
v 33.431438 112.831108 -135.258850
v 20.894650 100.294319 -135.258850
v -33.431438 45.968231 -135.258850
v -33.431438 12.536790 -135.258850
v -45.968231 33.431438 -135.258850
v -12.536790 33.431438 -135.258850
v -117.010033 8.357860 50.251312
v -100.294319 12.536790 -135.258850
v -117.010033 4.178930 50.251312
v -79.399673 33.431438 -135.258850
v -100.294319 112.831108 -135.258850
v -100.294319 79.399673 -135.258850
v -112.831108 100.294319 -135.258850
v -100.294319 -87.757530 -135.258850
v -100.294319 -121.188965 -135.258850
v -112.831108 -100.294319 -135.258850
v -100.294319 -20.894650 -135.258850
v -100.294319 -54.326088 -135.258850
v -112.831108 -33.431438 -135.258850
v -79.399673 -33.431438 -135.258850
v 100.294319 -87.757530 -135.258850
v 100.294319 -121.188965 -135.258850
v 83.578598 37.610371 132.138611
v 121.188965 -100.294319 -135.258850
v 33.431438 -87.757530 -135.258850
v 33.431438 -121.188965 -135.258850
v 54.326088 -100.294319 -135.258850
v 33.431438 -20.894650 -135.258850
v 33.431438 -54.326088 -135.258850
v 20.894650 -33.431438 -135.258850
v 54.326088 -33.431438 -135.258850
v 100.294319 -20.894650 -135.258850
v 100.294319 -54.326088 -135.258850
v 87.757530 -33.431438 -135.258850
v 121.188965 -33.431438 -135.258850
v -33.431438 -20.894650 -135.258850
v -33.431438 -54.326088 -135.258850
v -45.968231 -33.431438 -135.258850
v -12.536790 -33.431438 -135.258850
v -33.431438 112.831108 -135.258850
v -45.968231 100.294319 -135.258850
v -12.536790 100.294319 -135.258850
v 100.294319 112.831108 -135.258850
v 100.294319 79.399673 -135.258850
v 117.010033 79.399673 -135.258850
v 83.578598 79.399673 -135.258850
v 83.578598 129.546829 -135.258850
v 83.578598 112.831108 -135.258850
v 71.041817 117.010033 -135.258850
v 87.757530 117.010033 -135.258850
v -50.147160 79.399673 -135.258850
v -62.683949 83.578598 -135.258850
v -45.968231 83.578598 -135.258850
v -50.147160 129.546829 -135.258850
v -50.147160 112.831108 -135.258850
v -62.683949 117.010033 -135.258850
v -45.968231 117.010033 -135.258850
v -16.715719 -37.610371 -135.258850
v -16.715719 -54.326088 -135.258850
v -29.252508 -50.147160 -135.258850
v -12.536790 -50.147160 -135.258850
v -50.147160 -37.610371 -135.258850
v -50.147160 -54.326088 -135.258850
v -62.683949 -50.147160 -135.258850
v -45.968231 -50.147160 -135.258850
v -50.147160 -4.178930 -135.258850
v -50.147160 -20.894650 -135.258850
v -62.683949 -16.715719 -135.258850
v -45.968231 -16.715719 -135.258850
v 117.010033 -37.610371 -135.258850
v 117.010033 -54.326088 -135.258850
v 104.473251 -50.147160 -135.258850
v 121.188965 -50.147160 -135.258850
v 83.578598 -37.610371 -135.258850
v 83.578598 -54.326088 -135.258850
v 71.041817 -50.147160 -135.258850
v 87.757530 -50.147160 -135.258850
v 83.578598 -4.178930 -135.258850
v 83.578598 -20.894650 -135.258850
v 71.041817 -16.715719 -135.258850
v 87.757530 -16.715719 -135.258850
v 50.147160 -37.610371 -135.258850
v 50.147160 -54.326088 -135.258850
v 37.610371 -50.147160 -135.258850
v 54.326088 -50.147160 -135.258850
v 16.715719 -37.610371 -135.258850
v 16.715719 -54.326088 -135.258850
v 4.178930 -50.147160 -135.258850
v 20.894650 -50.147160 -135.258850
v 16.715719 -4.178930 -135.258850
v 16.715719 -20.894650 -135.258850
v 4.178930 -16.715719 -135.258850
v 20.894650 -16.715719 -135.258850
v 50.147160 -104.473251 -135.258850
v 50.147160 -121.188965 -135.258850
v 37.610371 -117.010033 -135.258850
v 54.326088 -117.010033 -135.258850
v 16.715719 -71.041817 -135.258850
v 16.715719 -87.757530 -135.258850
v 4.178930 -83.578598 -135.258850
v 20.894650 -83.578598 -135.258850
v 117.010033 -104.473251 -135.258850
v 117.010033 -121.188965 -135.258850
v 104.473251 -117.010033 -135.258850
v 121.188965 -117.010033 -135.258850
v 91.936462 16.715719 132.138611
v 83.578598 -121.188965 -135.258850
v 71.041817 -117.010033 -135.258850
v 87.757530 -117.010033 -135.258850
v 83.578598 -71.041817 -135.258850
v 96.115387 16.715719 132.138611
v 83.578598 25.073580 132.138611
v 83.578598 20.894650 132.138611
v -83.578598 -37.610371 -135.258850
v -83.578598 -54.326088 -135.258850
v -96.115387 -50.147160 -135.258850
v -79.399673 -50.147160 -135.258850
v -117.010033 -37.610371 -135.258850
v -117.010033 -54.326088 -135.258850
v -129.546829 -50.147160 -135.258850
v -112.831108 -50.147160 -135.258850
v 83.578598 -112.831108 -3.743317
v 58.505016 -100.294319 -3.743317
v -129.546829 -16.715719 -135.258850
v 62.683949 -100.294319 -3.743317
v -83.578598 -121.188965 -135.258850
v -96.115387 -117.010033 -135.258850
v -79.399673 -117.010033 -135.258850
v -117.010033 -104.473251 -135.258850
v -117.010033 -121.188965 -135.258850
v -129.546829 -117.010033 -135.258850
v -112.831108 -117.010033 -135.258850
v -117.010033 -71.041817 -135.258850
v -117.010033 -87.757530 -135.258850
v -129.546829 -83.578598 -135.258850
v -112.831108 -83.578598 -135.258850
v -50.147160 -121.188965 -135.258850
v -62.683949 -117.010033 -135.258850
v -50.147160 -71.041817 -135.258850
v -83.578598 79.399673 -135.258850
v -96.115387 83.578598 -135.258850
v -79.399673 83.578598 -135.258850
v -117.010033 96.115387 -135.258850
v -117.010033 79.399673 -135.258850
v -129.546829 83.578598 -135.258850
v -112.831108 83.578598 -135.258850
v -117.010033 129.546829 -135.258850
v -117.010033 112.831108 -135.258850
v -129.546829 117.010033 -135.258850
v -112.831108 117.010033 -135.258850
v -83.578598 29.252508 -135.258850
v -83.578598 12.536790 -135.258850
v -96.115387 16.715719 -135.258850
v -79.399673 16.715719 -135.258850
v -117.010033 29.252508 -135.258850
v 91.936462 -100.294319 -3.743317
v -129.546829 16.715719 -135.258850
v -112.831108 16.715719 -135.258850
v -108.652176 -16.715719 50.251312
v -104.473251 -16.715719 50.251312
v -129.546829 50.147160 -135.258850
v -117.010033 -25.073580 50.251312
v -16.715719 29.252508 -135.258850
v -16.715719 12.536790 -135.258850
v -29.252508 16.715719 -135.258850
v -12.536790 16.715719 -135.258850
v -50.147160 29.252508 -135.258850
v -50.147160 12.536790 -135.258850
v -62.683949 16.715719 -135.258850
v -45.968231 16.715719 -135.258850
v -50.147160 62.683949 -135.258850
v -50.147160 45.968231 -135.258850
v -62.683949 50.147160 -135.258850
v -45.968231 50.147160 -135.258850
v 50.147160 96.115387 -135.258850
v 50.147160 79.399673 -135.258850
v 16.715719 129.546829 -135.258850
v 16.715719 112.831108 -135.258850
v 4.178930 117.010033 -135.258850
v 20.894650 117.010033 -135.258850
v 50.147160 29.252508 -135.258850
v 50.147160 12.536790 -135.258850
v 37.610371 16.715719 -135.258850
v 54.326088 16.715719 -135.258850
v 16.715719 29.252508 -135.258850
v 16.715719 12.536790 -135.258850
v 4.178930 16.715719 -135.258850
v 20.894650 16.715719 -135.258850
v 16.715719 62.683949 -135.258850
v 16.715719 45.968231 -135.258850
v 4.178930 50.147160 -135.258850
v 20.894650 50.147160 -135.258850
v 117.010033 29.252508 -135.258850
v 20.894650 -117.010033 -19.470413
v 4.178930 -117.010033 -19.470413
v 121.188965 16.715719 -135.258850
v 16.715719 -117.010033 -19.470413
v 83.578598 12.536790 -135.258850
v 71.041817 16.715719 -135.258850
v 87.757530 16.715719 -135.258850
v 83.578598 62.683949 -135.258850
v 83.578598 45.968231 -135.258850
v 71.041817 50.147160 -135.258850
v 87.757530 50.147160 -135.258850
v 117.010033 62.683949 -135.258850
v 117.010033 45.968231 -135.258850
v 104.473251 50.147160 -135.258850
v 121.188965 50.147160 -135.258850
v 50.147160 62.683949 -135.258850
v 50.147160 45.968231 -135.258850
v 37.610371 50.147160 -135.258850
v 54.326088 50.147160 -135.258850
v 50.147160 129.546829 -135.258850
v 50.147160 112.831108 -135.258850
v 37.610371 117.010033 -135.258850
v 54.326088 117.010033 -135.258850
v -16.715719 62.683949 -135.258850
v -16.715719 45.968231 -135.258850
v -29.252508 50.147160 -135.258850
v -12.536790 50.147160 -135.258850
v -83.578598 62.683949 -135.258850
v -83.578598 45.968231 -135.258850
v -96.115387 50.147160 -135.258850
v -79.399673 50.147160 -135.258850
v -83.578598 129.546829 -135.258850
v -83.578598 112.831108 -135.258850
v -96.115387 117.010033 -135.258850
v -79.399673 117.010033 -135.258850
v -16.715719 -71.041817 -135.258850
v -12.536790 -83.578598 -135.258850
v -83.578598 -4.178930 -135.258850
v -83.578598 -20.894650 -135.258850
v -96.115387 -16.715719 -135.258850
v -79.399673 -16.715719 -135.258850
v 117.010033 -71.041817 -135.258850
v 117.010033 -87.757530 -135.258850
v 104.473251 -83.578598 -135.258850
v 121.188965 -83.578598 -135.258850
v 50.147160 -71.041817 -135.258850
v 50.147160 -87.757530 -135.258850
v 37.610371 -83.578598 -135.258850
v 54.326088 -83.578598 -135.258850
v 50.147160 -4.178930 -135.258850
v 50.147160 -20.894650 -135.258850
v 37.610371 -16.715719 -135.258850
v 54.326088 -16.715719 -135.258850
v 117.010033 -4.178930 -135.258850
v 117.010033 -20.894650 -135.258850
v 104.473251 -16.715719 -135.258850
v 121.188965 -16.715719 -135.258850
v -16.715719 -4.178930 -135.258850
v -16.715719 -20.894650 -135.258850
v -29.252508 -16.715719 -135.258850
v -12.536790 -16.715719 -135.258850
v -16.715719 129.546829 -135.258850
v -16.715719 112.831108 -135.258850
v -29.252508 117.010033 -135.258850
v -12.536790 117.010033 -135.258850
v 117.010033 129.546829 -135.258850
v 117.010033 112.831108 -135.258850
v 104.473251 117.010033 -135.258850
v 121.188965 117.010033 -135.258850
v -133.725754 -121.188965 -135.258850
v 121.188965 -133.725754 -135.258850
v 133.725754 121.188965 -135.258850
v -121.188965 133.725754 -135.258850
v -133.725754 12.536790 -135.258850
v -12.536790 -133.725754 -135.258850
v 133.725754 -12.536790 -135.258850
v 12.536790 133.725754 -135.258850
v 0.000000 121.188965 -135.258850
v 0.000000 -12.536790 -135.258850
v -121.188965 0.000000 -135.258850
v 12.536790 0.000000 -135.258850
v -133.725754 -54.326088 -135.258850
v 54.326088 -133.725754 -135.258850
v 133.725754 54.326088 -135.258850
v -54.326088 133.725754 -135.258850
v -133.725754 79.399673 -135.258850
v -79.399673 -133.725754 -135.258850
v 133.725754 -79.399673 -135.258850
v 79.399673 133.725754 -135.258850
v 0.000000 54.326088 -135.258850
v 0.000000 -79.399673 -135.258850
v -54.326088 0.000000 -135.258850
v 79.399673 0.000000 -135.258850
v 66.862877 -12.536790 -135.258850
v 66.862877 -79.399673 -135.258850
v 12.536790 -66.862877 -135.258850
v 79.399673 -66.862877 -135.258850
v -66.862877 -12.536790 -135.258850
v -121.188965 -66.862877 -135.258850
v -54.326088 -66.862877 -135.258850
v -66.862877 121.188965 -135.258850
v -66.862877 54.326088 -135.258850
v -121.188965 66.862877 -135.258850
v -54.326088 66.862877 -135.258850
v 66.862877 121.188965 -135.258850
v 66.862877 54.326088 -135.258850
v 12.536790 66.862877 -135.258850
v 79.399673 66.862877 -135.258850
v -133.725754 -87.757530 -135.258850
v 87.757530 -133.725754 -135.258850
v 133.725754 87.757530 -135.258850
v -87.757530 133.725754 -135.258850
v -133.725754 45.968231 -135.258850
v -45.968231 -133.725754 -135.258850
v 133.725754 -45.968231 -135.258850
v 45.968231 133.725754 -135.258850
v 0.000000 -45.968231 -135.258850
v -87.757530 0.000000 -135.258850
v 45.968231 0.000000 -135.258850
v -133.725754 -20.894650 -135.258850
v 20.894650 -133.725754 -135.258850
v 133.725754 20.894650 -135.258850
v -20.894650 133.725754 -135.258850
v -133.725754 112.831108 -135.258850
v -112.831108 -133.725754 -135.258850
v 133.725754 -112.831108 -135.258850
v 112.831108 133.725754 -135.258850
v 0.000000 20.894650 -135.258850
v -20.894650 0.000000 -135.258850
v 112.831108 0.000000 -135.258850
v 66.862877 -45.968231 -135.258850
v 66.862877 -112.831108 -135.258850
v 45.968231 -66.862877 -135.258850
v 112.831108 -66.862877 -135.258850
v -66.862877 -45.968231 -135.258850
v -20.894650 -66.862877 -135.258850
v -66.862877 20.894650 -135.258850
v -87.757530 66.862877 -135.258850
v -20.894650 66.862877 -135.258850
v 66.862877 20.894650 -135.258850
v 45.968231 66.862877 -135.258850
v 112.831108 66.862877 -135.258850
v 100.294319 54.326088 -135.258850
v 16.715719 -121.188965 -19.470413
v 16.715719 -104.473251 -19.470413
v 112.831108 33.431438 -135.258850
v 33.431438 54.326088 -135.258850
v 33.431438 20.894650 -135.258850
v 12.536790 33.431438 -135.258850
v 45.968231 33.431438 -135.258850
v 33.431438 121.188965 -135.258850
v 12.536790 100.294319 -135.258850
v 45.968231 100.294319 -135.258850
v -33.431438 54.326088 -135.258850
v -33.431438 20.894650 -135.258850
v -54.326088 33.431438 -135.258850
v -20.894650 33.431438 -135.258850
v -117.010033 -29.252508 50.251312
v -100.294319 20.894650 -135.258850
v -117.010033 -8.357860 50.251312
v -87.757530 33.431438 -135.258850
v -100.294319 121.188965 -135.258850
v -121.188965 100.294319 -135.258850
v -33.431438 -79.399673 -135.258850
v -100.294319 -79.399673 -135.258850
v -100.294319 -112.831108 -135.258850
v -121.188965 -100.294319 -135.258850
v -100.294319 -12.536790 -135.258850
v -100.294319 -45.968231 -135.258850
v -121.188965 -33.431438 -135.258850
v -87.757530 -33.431438 -135.258850
v 100.294319 -79.399673 -135.258850
v 100.294319 -112.831108 -135.258850
v 108.652176 16.715719 132.138611
v 112.831108 -100.294319 -135.258850
v 33.431438 -79.399673 -135.258850
v 45.968231 -100.294319 -135.258850
v 33.431438 -12.536790 -135.258850
v 33.431438 -45.968231 -135.258850
v 12.536790 -33.431438 -135.258850
v 45.968231 -33.431438 -135.258850
v 100.294319 -12.536790 -135.258850
v 100.294319 -45.968231 -135.258850
v 79.399673 -33.431438 -135.258850
v 112.831108 -33.431438 -135.258850
v -33.431438 -12.536790 -135.258850
v -33.431438 -45.968231 -135.258850
v -54.326088 -33.431438 -135.258850
v -20.894650 -33.431438 -135.258850
v -33.431438 121.188965 -135.258850
v -20.894650 100.294319 -135.258850
v 100.294319 121.188965 -135.258850
v -133.725754 -104.473251 -135.258850
v 104.473251 -133.725754 -135.258850
v 133.725754 104.473251 -135.258850
v -104.473251 133.725754 -135.258850
v -133.725754 29.252508 -135.258850
v -29.252508 -133.725754 -135.258850
v 133.725754 -29.252508 -135.258850
v 29.252508 133.725754 -135.258850
v 0.000000 104.473251 -135.258850
v 0.000000 -29.252508 -135.258850
v 96.115387 -100.294319 -3.743317
v 29.252508 0.000000 -135.258850
v -133.725754 -37.610371 -135.258850
v 37.610371 -133.725754 -135.258850
v 133.725754 37.610371 -135.258850
v -37.610371 133.725754 -135.258850
v -133.725754 96.115387 -135.258850
v -96.115387 -133.725754 -135.258850
v 133.725754 -96.115387 -135.258850
v 96.115387 133.725754 -135.258850
v 0.000000 37.610371 -135.258850
v -37.610371 0.000000 -135.258850
v 96.115387 0.000000 -135.258850
v 66.862877 -29.252508 -135.258850
v 112.831108 16.715719 132.138611
v 29.252508 -66.862877 -135.258850
v 96.115387 -66.862877 -135.258850
v -66.862877 -29.252508 -135.258850
v -104.473251 -66.862877 -135.258850
v -37.610371 -66.862877 -135.258850
v -66.862877 37.610371 -135.258850
v -104.473251 66.862877 -135.258850
v -37.610371 66.862877 -135.258850
v 66.862877 104.473251 -135.258850
v 66.862877 37.610371 -135.258850
v 29.252508 66.862877 -135.258850
v 96.115387 66.862877 -135.258850
v -133.725754 -71.041817 -135.258850
v 71.041817 -133.725754 -135.258850
v 133.725754 71.041817 -135.258850
v -71.041817 133.725754 -135.258850
v -133.725754 62.683949 -135.258850
v -62.683949 -133.725754 -135.258850
v 133.725754 -62.683949 -135.258850
v 62.683949 133.725754 -135.258850
v 0.000000 71.041817 -135.258850
v 0.000000 -62.683949 -135.258850
v -71.041817 0.000000 -135.258850
v 62.683949 0.000000 -135.258850
v -133.725754 -4.178930 -135.258850
v 4.178930 -133.725754 -135.258850
v 133.725754 4.178930 -135.258850
v -4.178930 133.725754 -135.258850
v -133.725754 129.546829 -135.258850
v -129.546829 -133.725754 -135.258850
v 133.725754 -129.546829 -135.258850
v 129.546829 133.725754 -135.258850
v 0.000000 4.178930 -135.258850
v -4.178930 0.000000 -135.258850
v 129.546829 0.000000 -135.258850
v 66.862877 -62.683949 -135.258850
v 66.862877 -129.546829 -135.258850
v 62.683949 -66.862877 -135.258850
v 129.546829 -66.862877 -135.258850
v -66.862877 -62.683949 -135.258850
v -66.862877 -129.546829 -135.258850
v -71.041817 -66.862877 -135.258850
v -4.178930 -66.862877 -135.258850
v -66.862877 71.041817 -135.258850
v -66.862877 4.178930 -135.258850
v -71.041817 66.862877 -135.258850
v -4.178930 66.862877 -135.258850
v 66.862877 71.041817 -135.258850
v 66.862877 4.178930 -135.258850
v 62.683949 66.862877 -135.258850
v 129.546829 66.862877 -135.258850
v 37.610371 -117.010033 -19.470413
v 16.715719 -100.294319 -19.470413
v 20.894650 -100.294319 -19.470413
v 129.546829 33.431438 -135.258850
v 33.431438 37.610371 -135.258850
v 33.431438 4.178930 -135.258850
v 29.252508 33.431438 -135.258850
v 62.683949 33.431438 -135.258850
v 33.431438 104.473251 -135.258850
v 33.431438 71.041817 -135.258850
v 29.252508 100.294319 -135.258850
v -33.431438 37.610371 -135.258850
v -33.431438 4.178930 -135.258850
v -37.610371 33.431438 -135.258850
v -4.178930 33.431438 -135.258850
v -117.010033 -12.536790 50.251312
v -100.294319 4.178930 -135.258850
v -108.652176 -33.431438 50.251312
v -71.041817 33.431438 -135.258850
v -100.294319 71.041817 -135.258850
v -33.431438 -129.546829 -135.258850
v -100.294319 -96.115387 -135.258850
v -100.294319 -129.546829 -135.258850
v -104.473251 -100.294319 -135.258850
v -100.294319 -29.252508 -135.258850
v -100.294319 -62.683949 -135.258850
v -104.473251 -33.431438 -135.258850
v -71.041817 -33.431438 -135.258850
v 100.294319 -96.115387 -135.258850
v 100.294319 -129.546829 -135.258850
v 117.010033 8.357860 132.138611
v 129.546829 -100.294319 -135.258850
v 33.431438 -96.115387 -135.258850
v 33.431438 -129.546829 -135.258850
v 62.683949 -100.294319 -135.258850
v 33.431438 -29.252508 -135.258850
v 33.431438 -62.683949 -135.258850
v 29.252508 -33.431438 -135.258850
v 62.683949 -33.431438 -135.258850
v 100.294319 -29.252508 -135.258850
v 100.294319 -62.683949 -135.258850
v 96.115387 -33.431438 -135.258850
v 129.546829 -33.431438 -135.258850
v -33.431438 -29.252508 -135.258850
v -33.431438 -62.683949 -135.258850
v -37.610371 -33.431438 -135.258850
v -4.178930 -33.431438 -135.258850
v -33.431438 104.473251 -135.258850
v -33.431438 71.041817 -135.258850
v -37.610371 100.294319 -135.258850
v -4.178930 100.294319 -135.258850
v 100.294319 104.473251 -135.258850
v 100.294319 71.041817 -135.258850
v 129.546829 100.294319 -135.258850
v 117.010033 71.041817 -135.258850
v 129.546829 83.578598 -135.258850
v 83.578598 71.041817 -135.258850
v 83.578598 121.188965 -135.258850
v 83.578598 104.473251 -135.258850
v 79.399673 117.010033 -135.258850
v 96.115387 117.010033 -135.258850
v -16.715719 71.041817 -135.258850
v -50.147160 71.041817 -135.258850
v -54.326088 83.578598 -135.258850
v -50.147160 121.188965 -135.258850
v -54.326088 117.010033 -135.258850
v -37.610371 117.010033 -135.258850
v -16.715719 -45.968231 -135.258850
v -16.715719 -62.683949 -135.258850
v -20.894650 -50.147160 -135.258850
v -4.178930 -50.147160 -135.258850
v -50.147160 -45.968231 -135.258850
v -50.147160 -62.683949 -135.258850
v -54.326088 -50.147160 -135.258850
v -37.610371 -50.147160 -135.258850
v -50.147160 -12.536790 -135.258850
v -50.147160 -29.252508 -135.258850
v -54.326088 -16.715719 -135.258850
v -37.610371 -16.715719 -135.258850
v 117.010033 -45.968231 -135.258850
v 117.010033 -62.683949 -135.258850
v 112.831108 -50.147160 -135.258850
v 129.546829 -50.147160 -135.258850
v 83.578598 -45.968231 -135.258850
v 83.578598 -62.683949 -135.258850
v 79.399673 -50.147160 -135.258850
v 96.115387 -50.147160 -135.258850
v 83.578598 -12.536790 -135.258850
v 83.578598 -29.252508 -135.258850
v 79.399673 -16.715719 -135.258850
v 96.115387 -16.715719 -135.258850
v 50.147160 -45.968231 -135.258850
v 50.147160 -62.683949 -135.258850
v 45.968231 -50.147160 -135.258850
v 62.683949 -50.147160 -135.258850
v 16.715719 -45.968231 -135.258850
v 16.715719 -62.683949 -135.258850
v 12.536790 -50.147160 -135.258850
v 29.252508 -50.147160 -135.258850
v 16.715719 -12.536790 -135.258850
v 16.715719 -29.252508 -135.258850
v 12.536790 -16.715719 -135.258850
v 29.252508 -16.715719 -135.258850
v 50.147160 -112.831108 -135.258850
v 50.147160 -129.546829 -135.258850
v 45.968231 -117.010033 -135.258850
v 62.683949 -117.010033 -135.258850
v 16.715719 -79.399673 -135.258850
v 12.536790 -83.578598 -135.258850
v 29.252508 -83.578598 -135.258850
v 117.010033 -112.831108 -135.258850
v 117.010033 -129.546829 -135.258850
v 112.831108 -117.010033 -135.258850
v 129.546829 -117.010033 -135.258850
v 117.010033 4.178930 132.138611
v 83.578598 -129.546829 -135.258850
v 117.010033 25.073580 132.138611
v 96.115387 -117.010033 -135.258850
v 117.010033 20.894650 132.138611
v 91.936462 33.431438 132.138611
v 96.115387 33.431438 132.138611
v 96.115387 -83.578598 -135.258850
v -83.578598 -45.968231 -135.258850
v -83.578598 -62.683949 -135.258850
v -87.757530 -50.147160 -135.258850
v -71.041817 -50.147160 -135.258850
v -117.010033 -45.968231 -135.258850
v -117.010033 -62.683949 -135.258850
v -121.188965 -50.147160 -135.258850
v -104.473251 -50.147160 -135.258850
v 100.294319 -91.936462 -3.743317
v 100.294319 -96.115387 -3.743317
v -121.188965 -16.715719 -135.258850
v 66.862877 -91.936462 -3.743317
v -83.578598 -112.831108 -135.258850
v -83.578598 -129.546829 -135.258850
v -87.757530 -117.010033 -135.258850
v -71.041817 -117.010033 -135.258850
v -117.010033 -112.831108 -135.258850
v -117.010033 -129.546829 -135.258850
v -121.188965 -117.010033 -135.258850
v -104.473251 -117.010033 -135.258850
v -117.010033 -79.399673 -135.258850
v -117.010033 -96.115387 -135.258850
v -121.188965 -83.578598 -135.258850
v -104.473251 -83.578598 -135.258850
v -16.715719 -129.546829 -135.258850
v -50.147160 -129.546829 -135.258850
v -54.326088 -117.010033 -135.258850
v -83.578598 71.041817 -135.258850
v -87.757530 83.578598 -135.258850
v -71.041817 83.578598 -135.258850
v -117.010033 87.757530 -135.258850
v -117.010033 71.041817 -135.258850
v -121.188965 83.578598 -135.258850
v -104.473251 83.578598 -135.258850
v -117.010033 121.188965 -135.258850
v -117.010033 104.473251 -135.258850
v -121.188965 117.010033 -135.258850
v -104.473251 117.010033 -135.258850
v -83.578598 20.894650 -135.258850
v -83.578598 4.178930 -135.258850
v -87.757530 16.715719 -135.258850
v -71.041817 16.715719 -135.258850
v -117.010033 20.894650 -135.258850
v 66.862877 -96.115387 -3.743317
v -121.188965 16.715719 -135.258850
v -104.473251 16.715719 -135.258850
v -104.473251 -33.431438 50.251312
v -100.294319 -25.073580 50.251312
v -100.294319 -29.252508 50.251312
v -100.294319 8.357860 50.251312
v -16.715719 20.894650 -135.258850
v -16.715719 4.178930 -135.258850
v -20.894650 16.715719 -135.258850
v -4.178930 16.715719 -135.258850
v -50.147160 20.894650 -135.258850
v -50.147160 4.178930 -135.258850
v -54.326088 16.715719 -135.258850
v -37.610371 16.715719 -135.258850
v -50.147160 54.326088 -135.258850
v -50.147160 37.610371 -135.258850
v -54.326088 50.147160 -135.258850
v -37.610371 50.147160 -135.258850
v 50.147160 87.757530 -135.258850
v 50.147160 71.041817 -135.258850
v 45.968231 83.578598 -135.258850
v 16.715719 71.041817 -135.258850
v 16.715719 121.188965 -135.258850
v 16.715719 104.473251 -135.258850
v 12.536790 117.010033 -135.258850
v 29.252508 117.010033 -135.258850
v 50.147160 20.894650 -135.258850
v 50.147160 4.178930 -135.258850
v 45.968231 16.715719 -135.258850
v 62.683949 16.715719 -135.258850
v 16.715719 20.894650 -135.258850
v 16.715719 4.178930 -135.258850
v 12.536790 16.715719 -135.258850
v 29.252508 16.715719 -135.258850
v 16.715719 54.326088 -135.258850
v 16.715719 37.610371 -135.258850
v 12.536790 50.147160 -135.258850
v 29.252508 50.147160 -135.258850
v 33.431438 -117.010033 -19.470413
v 117.010033 4.178930 -135.258850
v 33.431438 -121.188965 -19.470413
v 129.546829 16.715719 -135.258850
v 83.578598 20.894650 -135.258850
v 83.578598 4.178930 -135.258850
v 79.399673 16.715719 -135.258850
v -83.578598 -100.294319 -19.470413
v 83.578598 54.326088 -135.258850
v -79.399673 -100.294319 -19.470413
v 79.399673 50.147160 -135.258850
v -100.294319 -83.578598 -19.470413
v 117.010033 54.326088 -135.258850
v 117.010033 37.610371 -135.258850
v 112.831108 50.147160 -135.258850
v 129.546829 50.147160 -135.258850
v 50.147160 54.326088 -135.258850
v 50.147160 37.610371 -135.258850
v 45.968231 50.147160 -135.258850
v 62.683949 50.147160 -135.258850
v 50.147160 121.188965 -135.258850
v 50.147160 104.473251 -135.258850
v 45.968231 117.010033 -135.258850
v 62.683949 117.010033 -135.258850
v -16.715719 54.326088 -135.258850
v -16.715719 37.610371 -135.258850
v -20.894650 50.147160 -135.258850
v -4.178930 50.147160 -135.258850
v -83.578598 54.326088 -135.258850
v -83.578598 37.610371 -135.258850
v -87.757530 50.147160 -135.258850
v -71.041817 50.147160 -135.258850
v -83.578598 121.188965 -135.258850
v -87.757530 117.010033 -135.258850
v -71.041817 117.010033 -135.258850
v -16.715719 -79.399673 -135.258850
v -20.894650 -83.578598 -135.258850
v -4.178930 -83.578598 -135.258850
v -83.578598 -12.536790 -135.258850
v -83.578598 -29.252508 -135.258850
v -87.757530 -16.715719 -135.258850
v -71.041817 -16.715719 -135.258850
v 117.010033 -79.399673 -135.258850
v 117.010033 -96.115387 -135.258850
v 112.831108 -83.578598 -135.258850
v 129.546829 -83.578598 -135.258850
v 50.147160 -79.399673 -135.258850
v 50.147160 -96.115387 -135.258850
v 45.968231 -83.578598 -135.258850
v 62.683949 -83.578598 -135.258850
v 50.147160 -12.536790 -135.258850
v 50.147160 -29.252508 -135.258850
v 45.968231 -16.715719 -135.258850
v 62.683949 -16.715719 -135.258850
v 117.010033 -12.536790 -135.258850
v 117.010033 -29.252508 -135.258850
v 112.831108 -16.715719 -135.258850
v 129.546829 -16.715719 -135.258850
v -16.715719 -12.536790 -135.258850
v -16.715719 -29.252508 -135.258850
v -20.894650 -16.715719 -135.258850
v -4.178930 -16.715719 -135.258850
v -16.715719 121.188965 -135.258850
v -16.715719 104.473251 -135.258850
v -20.894650 117.010033 -135.258850
v -4.178930 117.010033 -135.258850
v 117.010033 121.188965 -135.258850
v 117.010033 104.473251 -135.258850
v 112.831108 117.010033 -135.258850
v 129.546829 117.010033 -135.258850
v 125.367897 112.831108 -135.258850
v 125.367897 104.473251 -135.258850
v 121.188965 108.652176 -135.258850
v 129.546829 108.652176 -135.258850
v 108.652176 112.831108 -135.258850
v 108.652176 104.473251 -135.258850
v 104.473251 108.652176 -135.258850
v 112.831108 108.652176 -135.258850
v 108.652176 129.546829 -135.258850
v 108.652176 121.188965 -135.258850
v 104.473251 125.367897 -135.258850
v 112.831108 125.367897 -135.258850
v -8.357860 112.831108 -135.258850
v -8.357860 104.473251 -135.258850
v -12.536790 108.652176 -135.258850
v -4.178930 108.652176 -135.258850
v -25.073580 112.831108 -135.258850
v -25.073580 104.473251 -135.258850
v -29.252508 108.652176 -135.258850
v -20.894650 108.652176 -135.258850
v -25.073580 129.546829 -135.258850
v -25.073580 121.188965 -135.258850
v -29.252508 125.367897 -135.258850
v -20.894650 125.367897 -135.258850
v -8.357860 -20.894650 -135.258850
v -8.357860 -29.252508 -135.258850
v -12.536790 -25.073580 -135.258850
v -4.178930 -25.073580 -135.258850
v -25.073580 -20.894650 -135.258850
v -25.073580 -29.252508 -135.258850
v -29.252508 -25.073580 -135.258850
v -20.894650 -25.073580 -135.258850
v -25.073580 -4.178930 -135.258850
v -25.073580 -12.536790 -135.258850
v -29.252508 -8.357860 -135.258850
v -20.894650 -8.357860 -135.258850
v 125.367897 -20.894650 -135.258850
v 125.367897 -29.252508 -135.258850
v 121.188965 -25.073580 -135.258850
v 129.546829 -25.073580 -135.258850
v 108.652176 -20.894650 -135.258850
v 108.652176 -29.252508 -135.258850
v 104.473251 -25.073580 -135.258850
v 112.831108 -25.073580 -135.258850
v 108.652176 -4.178930 -135.258850
v 108.652176 -12.536790 -135.258850
v 104.473251 -8.357860 -135.258850
v 112.831108 -8.357860 -135.258850
v 58.505016 -20.894650 -135.258850
v 58.505016 -29.252508 -135.258850
v 54.326088 -25.073580 -135.258850
v 62.683949 -25.073580 -135.258850
v 41.789299 -20.894650 -135.258850
v 41.789299 -29.252508 -135.258850
v 37.610371 -25.073580 -135.258850
v 45.968231 -25.073580 -135.258850
v 41.789299 -4.178930 -135.258850
v 41.789299 -12.536790 -135.258850
v 37.610371 -8.357860 -135.258850
v 45.968231 -8.357860 -135.258850
v 58.505016 -87.757530 -135.258850
v 58.505016 -96.115387 -135.258850
v 54.326088 -91.936462 -135.258850
v 100.294319 8.357860 132.138611
v 41.789299 -87.757530 -135.258850
v 41.789299 -96.115387 -135.258850
v 37.610371 -91.936462 -135.258850
v 45.968231 -91.936462 -135.258850
v 41.789299 -71.041817 -135.258850
v 41.789299 -79.399673 -135.258850
v 37.610371 -75.220741 -135.258850
v 45.968231 -75.220741 -135.258850
v 125.367897 -87.757530 -135.258850
v 125.367897 -96.115387 -135.258850
v 121.188965 -91.936462 -135.258850
v 129.546829 -91.936462 -135.258850
v 108.652176 -87.757530 -135.258850
v 108.652176 -96.115387 -135.258850
v 104.473251 -91.936462 -135.258850
v 112.831108 -91.936462 -135.258850
v 108.652176 -71.041817 -135.258850
v 108.652176 -79.399673 -135.258850
v 104.473251 -75.220741 -135.258850
v 112.831108 -75.220741 -135.258850
v -75.220741 -20.894650 -135.258850
v -75.220741 -29.252508 -135.258850
v -79.399673 -25.073580 -135.258850
v -71.041817 -25.073580 -135.258850
v -91.936462 -20.894650 -135.258850
v -91.936462 -29.252508 -135.258850
v -96.115387 -25.073580 -135.258850
v -87.757530 -25.073580 -135.258850
v -91.936462 -4.178930 -135.258850
v -91.936462 -12.536790 -135.258850
v -96.115387 -8.357860 -135.258850
v -87.757530 -8.357860 -135.258850
v -25.073580 -71.041817 -135.258850
v -25.073580 -79.399673 -135.258850
v -29.252508 -75.220741 -135.258850
v -20.894650 -75.220741 -135.258850
v -75.220741 112.831108 -135.258850
v -91.936462 112.831108 -135.258850
v -91.936462 129.546829 -135.258850
v -91.936462 121.188965 -135.258850
v -96.115387 125.367897 -135.258850
v -87.757530 125.367897 -135.258850
v -75.220741 45.968231 -135.258850
v -75.220741 37.610371 -135.258850
v -79.399673 41.789299 -135.258850
v -71.041817 41.789299 -135.258850
v -91.936462 45.968231 -135.258850
v -91.936462 37.610371 -135.258850
v -96.115387 41.789299 -135.258850
v -87.757530 41.789299 -135.258850
v -91.936462 62.683949 -135.258850
v -91.936462 54.326088 -135.258850
v -96.115387 58.505016 -135.258850
v -87.757530 58.505016 -135.258850
v -8.357860 45.968231 -135.258850
v -8.357860 37.610371 -135.258850
v -12.536790 41.789299 -135.258850
v -4.178930 41.789299 -135.258850
v -25.073580 45.968231 -135.258850
v -25.073580 37.610371 -135.258850
v -29.252508 41.789299 -135.258850
v -20.894650 41.789299 -135.258850
v -25.073580 62.683949 -135.258850
v -25.073580 54.326088 -135.258850
v -29.252508 58.505016 -135.258850
v -20.894650 58.505016 -135.258850
v 58.505016 112.831108 -135.258850
v 58.505016 104.473251 -135.258850
v 54.326088 108.652176 -135.258850
v 62.683949 108.652176 -135.258850
v 41.789299 112.831108 -135.258850
v 41.789299 104.473251 -135.258850
v 37.610371 108.652176 -135.258850
v 45.968231 108.652176 -135.258850
v 41.789299 129.546829 -135.258850
v 41.789299 121.188965 -135.258850
v 37.610371 125.367897 -135.258850
v 45.968231 125.367897 -135.258850
v 58.505016 45.968231 -135.258850
v 58.505016 37.610371 -135.258850
v 54.326088 41.789299 -135.258850
v 62.683949 41.789299 -135.258850
v 41.789299 45.968231 -135.258850
v 41.789299 37.610371 -135.258850
v 37.610371 41.789299 -135.258850
v 45.968231 41.789299 -135.258850
v 41.789299 62.683949 -135.258850
v 41.789299 54.326088 -135.258850
v 37.610371 58.505016 -135.258850
v 45.968231 58.505016 -135.258850
v 125.367897 45.968231 -135.258850
v 125.367897 37.610371 -135.258850
v 121.188965 41.789299 -135.258850
v 129.546829 41.789299 -135.258850
v 108.652176 45.968231 -135.258850
v 108.652176 37.610371 -135.258850
v 104.473251 41.789299 -135.258850
v 112.831108 41.789299 -135.258850
v 108.652176 62.683949 -135.258850
v 108.652176 54.326088 -135.258850
v 104.473251 58.505016 -135.258850
v 112.831108 58.505016 -135.258850
v -100.294319 -87.757530 -19.470413
v -16.715719 -100.294319 -19.470413
v -12.536790 -100.294319 -19.470413
v -50.147160 -100.294319 -19.470413
v 75.220741 45.968231 -135.258850
v 75.220741 37.610371 -135.258850
v 71.041817 41.789299 -135.258850
v 79.399673 41.789299 -135.258850
v 75.220741 62.683949 -135.258850
v 75.220741 54.326088 -135.258850
v 71.041817 58.505016 -135.258850
v 79.399673 58.505016 -135.258850
v -45.968231 -100.294319 -19.470413
v 91.936462 4.178930 -135.258850
v 87.757530 8.357860 -135.258850
v -33.431438 -117.010033 -19.470413
v 75.220741 12.536790 -135.258850
v 75.220741 4.178930 -135.258850
v 71.041817 8.357860 -135.258850
v 79.399673 8.357860 -135.258850
v 75.220741 29.252508 -135.258850
v 75.220741 20.894650 -135.258850
v 71.041817 25.073580 -135.258850
v 79.399673 25.073580 -135.258850
v 125.367897 12.536790 -135.258850
v 125.367897 4.178930 -135.258850
v 121.188965 8.357860 -135.258850
v 129.546829 8.357860 -135.258850
v -33.431438 -121.188965 -19.470413
v -33.431438 -83.578598 -19.470413
v -33.431438 -87.757530 -19.470413
v -83.578598 -66.862877 -19.470413
v -79.399673 -66.862877 -19.470413
v 0.000000 -117.010033 -19.470413
v 0.000000 -121.188965 -19.470413
v 16.715719 -133.725754 -19.470413
v 25.073580 45.968231 -135.258850
v 25.073580 37.610371 -135.258850
v 20.894650 41.789299 -135.258850
v 29.252508 41.789299 -135.258850
v 8.357860 45.968231 -135.258850
v 8.357860 37.610371 -135.258850
v 4.178930 41.789299 -135.258850
v 12.536790 41.789299 -135.258850
v 8.357860 62.683949 -135.258850
v 8.357860 54.326088 -135.258850
v 4.178930 58.505016 -135.258850
v 12.536790 58.505016 -135.258850
v 25.073580 12.536790 -135.258850
v 25.073580 4.178930 -135.258850
v 20.894650 8.357860 -135.258850
v 29.252508 8.357860 -135.258850
v 8.357860 12.536790 -135.258850
v 8.357860 4.178930 -135.258850
v 4.178930 8.357860 -135.258850
v 12.536790 8.357860 -135.258850
v 8.357860 29.252508 -135.258850
v 8.357860 20.894650 -135.258850
v 4.178930 25.073580 -135.258850
v 12.536790 25.073580 -135.258850
v 58.505016 12.536790 -135.258850
v 58.505016 4.178930 -135.258850
v 54.326088 8.357860 -135.258850
v 62.683949 8.357860 -135.258850
v 41.789299 12.536790 -135.258850
v 41.789299 4.178930 -135.258850
v 37.610371 8.357860 -135.258850
v 45.968231 8.357860 -135.258850
v 41.789299 29.252508 -135.258850
v 41.789299 20.894650 -135.258850
v 37.610371 25.073580 -135.258850
v 45.968231 25.073580 -135.258850
v 25.073580 112.831108 -135.258850
v 25.073580 104.473251 -135.258850
v 20.894650 108.652176 -135.258850
v 29.252508 108.652176 -135.258850
v 8.357860 112.831108 -135.258850
v 8.357860 104.473251 -135.258850
v 4.178930 108.652176 -135.258850
v 12.536790 108.652176 -135.258850
v 8.357860 129.546829 -135.258850
v 8.357860 121.188965 -135.258850
v 4.178930 125.367897 -135.258850
v 12.536790 125.367897 -135.258850
v 25.073580 71.041817 -135.258850
v 20.894650 75.220741 -135.258850
v 29.252508 75.220741 -135.258850
v 8.357860 71.041817 -135.258850
v 4.178930 75.220741 -135.258850
v 12.536790 75.220741 -135.258850
v 58.505016 79.399673 -135.258850
v 58.505016 71.041817 -135.258850
v 54.326088 75.220741 -135.258850
v 62.683949 75.220741 -135.258850
v 41.789299 71.041817 -135.258850
v 37.610371 75.220741 -135.258850
v 45.968231 75.220741 -135.258850
v 45.968231 91.936462 -135.258850
v -41.789299 45.968231 -135.258850
v -41.789299 37.610371 -135.258850
v -45.968231 41.789299 -135.258850
v -37.610371 41.789299 -135.258850
v -58.505016 45.968231 -135.258850
v -58.505016 37.610371 -135.258850
v -62.683949 41.789299 -135.258850
v -54.326088 41.789299 -135.258850
v -58.505016 62.683949 -135.258850
v -58.505016 54.326088 -135.258850
v -62.683949 58.505016 -135.258850
v -54.326088 58.505016 -135.258850
v -41.789299 12.536790 -135.258850
v -41.789299 4.178930 -135.258850
v -45.968231 8.357860 -135.258850
v -37.610371 8.357860 -135.258850
v -58.505016 12.536790 -135.258850
v -58.505016 4.178930 -135.258850
v -62.683949 8.357860 -135.258850
v -54.326088 8.357860 -135.258850
v -58.505016 29.252508 -135.258850
v -58.505016 20.894650 -135.258850
v -62.683949 25.073580 -135.258850
v -54.326088 25.073580 -135.258850
v -8.357860 12.536790 -135.258850
v -8.357860 4.178930 -135.258850
v -12.536790 8.357860 -135.258850
v -4.178930 8.357860 -135.258850
v -25.073580 12.536790 -135.258850
v -25.073580 4.178930 -135.258850
v -29.252508 8.357860 -135.258850
v -20.894650 8.357860 -135.258850
v -25.073580 29.252508 -135.258850
v -25.073580 20.894650 -135.258850
v -29.252508 25.073580 -135.258850
v -20.894650 25.073580 -135.258850
v -100.294319 4.178930 50.251312
v -108.652176 0.000000 50.251312
v -104.473251 0.000000 50.251312
v -100.294319 -8.357860 50.251312
v -125.367897 45.968231 -135.258850
v -125.367897 37.610371 -135.258850
v -129.546829 41.789299 -135.258850
v -100.294319 -12.536790 50.251312
v -125.367897 62.683949 -135.258850
v -125.367897 54.326088 -135.258850
v -129.546829 58.505016 -135.258850
v -112.831108 16.715719 50.251312
v 75.220741 -100.294319 -3.743317
v 79.399673 -100.294319 -3.743317
v 100.294319 -108.652176 -3.743317
v 100.294319 -112.831108 -3.743317
v -125.367897 12.536790 -135.258850
v -125.367897 4.178930 -135.258850
v -129.546829 8.357860 -135.258850
v -121.188965 8.357860 -135.258850
v -125.367897 29.252508 -135.258850
v -125.367897 20.894650 -135.258850
v -129.546829 25.073580 -135.258850
v -121.188965 25.073580 -135.258850
v -75.220741 12.536790 -135.258850
v -75.220741 4.178930 -135.258850
v -79.399673 8.357860 -135.258850
v -71.041817 8.357860 -135.258850
v -91.936462 12.536790 -135.258850
v -91.936462 4.178930 -135.258850
v -96.115387 8.357860 -135.258850
v -87.757530 8.357860 -135.258850
v -91.936462 29.252508 -135.258850
v -91.936462 20.894650 -135.258850
v -96.115387 25.073580 -135.258850
v -87.757530 25.073580 -135.258850
v -108.652176 112.831108 -135.258850
v -112.831108 108.652176 -135.258850
v -125.367897 112.831108 -135.258850
v -125.367897 104.473251 -135.258850
v -129.546829 108.652176 -135.258850
v -121.188965 108.652176 -135.258850
v -125.367897 129.546829 -135.258850
v -125.367897 121.188965 -135.258850
v -129.546829 125.367897 -135.258850
v -121.188965 125.367897 -135.258850
v -108.652176 79.399673 -135.258850
v -108.652176 71.041817 -135.258850
v -112.831108 75.220741 -135.258850
v -104.473251 75.220741 -135.258850
v -125.367897 79.399673 -135.258850
v -125.367897 71.041817 -135.258850
v -129.546829 75.220741 -135.258850
v -121.188965 75.220741 -135.258850
v -125.367897 96.115387 -135.258850
v -125.367897 87.757530 -135.258850
v -129.546829 91.936462 -135.258850
v -121.188965 91.936462 -135.258850
v -75.220741 79.399673 -135.258850
v -75.220741 71.041817 -135.258850
v -79.399673 75.220741 -135.258850
v -71.041817 75.220741 -135.258850
v -91.936462 79.399673 -135.258850
v -91.936462 71.041817 -135.258850
v -96.115387 75.220741 -135.258850
v -87.757530 75.220741 -135.258850
v -58.505016 -71.041817 -135.258850
v -41.789299 -121.188965 -135.258850
v -41.789299 -129.546829 -135.258850
v -45.968231 -125.367897 -135.258850
v -37.610371 -125.367897 -135.258850
v -58.505016 -121.188965 -135.258850
v -58.505016 -129.546829 -135.258850
v -62.683949 -125.367897 -135.258850
v -54.326088 -125.367897 -135.258850
v -25.073580 -129.546829 -135.258850
v -29.252508 -125.367897 -135.258850
v -108.652176 -87.757530 -135.258850
v -108.652176 -96.115387 -135.258850
v -112.831108 -91.936462 -135.258850
v -104.473251 -91.936462 -135.258850
v -125.367897 -87.757530 -135.258850
v -125.367897 -96.115387 -135.258850
v -129.546829 -91.936462 -135.258850
v -121.188965 -91.936462 -135.258850
v -125.367897 -71.041817 -135.258850
v -125.367897 -79.399673 -135.258850
v -129.546829 -75.220741 -135.258850
v -121.188965 -75.220741 -135.258850
v -108.652176 -121.188965 -135.258850
v -108.652176 -129.546829 -135.258850
v -112.831108 -125.367897 -135.258850
v -104.473251 -125.367897 -135.258850
v -125.367897 -121.188965 -135.258850
v -125.367897 -129.546829 -135.258850
v -129.546829 -125.367897 -135.258850
v -121.188965 -125.367897 -135.258850
v -125.367897 -104.473251 -135.258850
v -125.367897 -112.831108 -135.258850
v -129.546829 -108.652176 -135.258850
v -121.188965 -108.652176 -135.258850
v -75.220741 -121.188965 -135.258850
v -75.220741 -129.546829 -135.258850
v -79.399673 -125.367897 -135.258850
v -71.041817 -125.367897 -135.258850
v -91.936462 -121.188965 -135.258850
v -91.936462 -129.546829 -135.258850
v -96.115387 -125.367897 -135.258850
v -87.757530 -125.367897 -135.258850
v -91.936462 -112.831108 -135.258850
v -96.115387 -108.652176 -135.258850
v -87.757530 -108.652176 -135.258850
v 87.757530 -83.578598 -3.743317
v 71.041817 -83.578598 -3.743317
v 83.578598 -83.578598 -3.743317
v 83.578598 -87.757530 -3.743317
v -125.367897 -20.894650 -135.258850
v -125.367897 -29.252508 -135.258850
v -129.546829 -25.073580 -135.258850
v -121.188965 -25.073580 -135.258850
v -125.367897 -4.178930 -135.258850
v -125.367897 -12.536790 -135.258850
v -129.546829 -8.357860 -135.258850
v -121.188965 -8.357860 -135.258850
v -108.652176 -54.326088 -135.258850
v -108.652176 -62.683949 -135.258850
v -112.831108 -58.505016 -135.258850
v -104.473251 -58.505016 -135.258850
v -125.367897 -54.326088 -135.258850
v -125.367897 -62.683949 -135.258850
v -129.546829 -58.505016 -135.258850
v -121.188965 -58.505016 -135.258850
v -125.367897 -37.610371 -135.258850
v -125.367897 -45.968231 -135.258850
v -129.546829 -41.789299 -135.258850
v -121.188965 -41.789299 -135.258850
v -75.220741 -54.326088 -135.258850
v -75.220741 -62.683949 -135.258850
v -79.399673 -58.505016 -135.258850
v -71.041817 -58.505016 -135.258850
v -91.936462 -54.326088 -135.258850
v -96.115387 -58.505016 -135.258850
v -87.757530 -58.505016 -135.258850
v -91.936462 -37.610371 -135.258850
v -91.936462 -45.968231 -135.258850
v -96.115387 -41.789299 -135.258850
v -87.757530 -41.789299 -135.258850
v 100.294319 4.178930 132.138611
v 100.294319 41.789299 132.138611
v 100.294319 37.610371 132.138611
v 108.652176 33.431438 132.138611
v 112.831108 33.431438 132.138611
v 75.220741 33.431438 132.138611
v 79.399673 33.431438 132.138611
v 100.294319 25.073580 132.138611
v 75.220741 -71.041817 -135.258850
v 100.294319 20.894650 132.138611
v 71.041817 -75.220741 -135.258850
v 108.652176 0.000000 132.138611
v 91.936462 -121.188965 -135.258850
v 91.936462 -129.546829 -135.258850
v 87.757530 -125.367897 -135.258850
v 96.115387 -125.367897 -135.258850
v 75.220741 -121.188965 -135.258850
v 75.220741 -129.546829 -135.258850
v 71.041817 -125.367897 -135.258850
v 79.399673 -125.367897 -135.258850
v 112.831108 0.000000 132.138611
v 75.220741 -112.831108 -135.258850
v 71.041817 -108.652176 -135.258850
v 104.473251 50.147160 132.138611
v 125.367897 -121.188965 -135.258850
v 125.367897 -129.546829 -135.258850
v 121.188965 -125.367897 -135.258850
v 129.546829 -125.367897 -135.258850
v 108.652176 -121.188965 -135.258850
v 108.652176 -129.546829 -135.258850
v 104.473251 -125.367897 -135.258850
v 112.831108 -125.367897 -135.258850
v 108.652176 -104.473251 -135.258850
v 108.652176 -112.831108 -135.258850
v 104.473251 -108.652176 -135.258850
v 112.831108 -108.652176 -135.258850
v 25.073580 -87.757530 -135.258850
v 25.073580 -96.115387 -135.258850
v 20.894650 -91.936462 -135.258850
v 29.252508 -91.936462 -135.258850
v 8.357860 -87.757530 -135.258850
v 12.536790 -91.936462 -135.258850
v 8.357860 -71.041817 -135.258850
v 8.357860 -79.399673 -135.258850
v 4.178930 -75.220741 -135.258850
v 12.536790 -75.220741 -135.258850
v 25.073580 -129.546829 -135.258850
v 29.252508 -125.367897 -135.258850
v 58.505016 -121.188965 -135.258850
v 58.505016 -129.546829 -135.258850
v 54.326088 -125.367897 -135.258850
v 62.683949 -125.367897 -135.258850
v 41.789299 -121.188965 -135.258850
v 41.789299 -129.546829 -135.258850
v 37.610371 -125.367897 -135.258850
v 45.968231 -125.367897 -135.258850
v 41.789299 -104.473251 -135.258850
v 41.789299 -112.831108 -135.258850
v 45.968231 -108.652176 -135.258850
v 25.073580 -20.894650 -135.258850
v 25.073580 -29.252508 -135.258850
v 20.894650 -25.073580 -135.258850
v 29.252508 -25.073580 -135.258850
v 8.357860 -20.894650 -135.258850
v 8.357860 -29.252508 -135.258850
v 4.178930 -25.073580 -135.258850
v 12.536790 -25.073580 -135.258850
v 8.357860 -4.178930 -135.258850
v 8.357860 -12.536790 -135.258850
v 4.178930 -8.357860 -135.258850
v 12.536790 -8.357860 -135.258850
v 25.073580 -54.326088 -135.258850
v 25.073580 -62.683949 -135.258850
v 20.894650 -58.505016 -135.258850
v 29.252508 -58.505016 -135.258850
v 8.357860 -54.326088 -135.258850
v 8.357860 -62.683949 -135.258850
v 4.178930 -58.505016 -135.258850
v 12.536790 -58.505016 -135.258850
v 8.357860 -37.610371 -135.258850
v 8.357860 -45.968231 -135.258850
v 4.178930 -41.789299 -135.258850
v 12.536790 -41.789299 -135.258850
v 58.505016 -54.326088 -135.258850
v 58.505016 -62.683949 -135.258850
v 54.326088 -58.505016 -135.258850
v 62.683949 -58.505016 -135.258850
v 41.789299 -54.326088 -135.258850
v 41.789299 -62.683949 -135.258850
v 37.610371 -58.505016 -135.258850
v 45.968231 -58.505016 -135.258850
v 41.789299 -37.610371 -135.258850
v 41.789299 -45.968231 -135.258850
v 37.610371 -41.789299 -135.258850
v 45.968231 -41.789299 -135.258850
v 91.936462 -20.894650 -135.258850
v 91.936462 -29.252508 -135.258850
v 87.757530 -25.073580 -135.258850
v 96.115387 -25.073580 -135.258850
v 75.220741 -20.894650 -135.258850
v 75.220741 -29.252508 -135.258850
v 71.041817 -25.073580 -135.258850
v 79.399673 -25.073580 -135.258850
v 75.220741 -4.178930 -135.258850
v 75.220741 -12.536790 -135.258850
v 71.041817 -8.357860 -135.258850
v 79.399673 -8.357860 -135.258850
v 91.936462 -54.326088 -135.258850
v 91.936462 -62.683949 -135.258850
v 87.757530 -58.505016 -135.258850
v 96.115387 -58.505016 -135.258850
v 75.220741 -54.326088 -135.258850
v 75.220741 -62.683949 -135.258850
v 71.041817 -58.505016 -135.258850
v 79.399673 -58.505016 -135.258850
v 75.220741 -37.610371 -135.258850
v 75.220741 -45.968231 -135.258850
v 71.041817 -41.789299 -135.258850
v 79.399673 -41.789299 -135.258850
v 125.367897 -54.326088 -135.258850
v 125.367897 -62.683949 -135.258850
v 121.188965 -58.505016 -135.258850
v 129.546829 -58.505016 -135.258850
v 108.652176 -54.326088 -135.258850
v 108.652176 -62.683949 -135.258850
v 104.473251 -58.505016 -135.258850
v 112.831108 -58.505016 -135.258850
v 108.652176 -37.610371 -135.258850
v 108.652176 -45.968231 -135.258850
v 104.473251 -41.789299 -135.258850
v 112.831108 -41.789299 -135.258850
v -41.789299 -20.894650 -135.258850
v -41.789299 -29.252508 -135.258850
v -45.968231 -25.073580 -135.258850
v -37.610371 -25.073580 -135.258850
v -58.505016 -20.894650 -135.258850
v -58.505016 -29.252508 -135.258850
v -62.683949 -25.073580 -135.258850
v -54.326088 -25.073580 -135.258850
v -58.505016 -4.178930 -135.258850
v -58.505016 -12.536790 -135.258850
v -62.683949 -8.357860 -135.258850
v -54.326088 -8.357860 -135.258850
v -41.789299 -54.326088 -135.258850
v -41.789299 -62.683949 -135.258850
v -45.968231 -58.505016 -135.258850
v -37.610371 -58.505016 -135.258850
v -58.505016 -54.326088 -135.258850
v -58.505016 -62.683949 -135.258850
v -62.683949 -58.505016 -135.258850
v -54.326088 -58.505016 -135.258850
v -58.505016 -37.610371 -135.258850
v -58.505016 -45.968231 -135.258850
v -62.683949 -41.789299 -135.258850
v -54.326088 -41.789299 -135.258850
v -8.357860 -54.326088 -135.258850
v -8.357860 -62.683949 -135.258850
v -12.536790 -58.505016 -135.258850
v -4.178930 -58.505016 -135.258850
v -25.073580 -54.326088 -135.258850
v -25.073580 -62.683949 -135.258850
v -29.252508 -58.505016 -135.258850
v -20.894650 -58.505016 -135.258850
v -25.073580 -37.610371 -135.258850
v -25.073580 -45.968231 -135.258850
v -29.252508 -41.789299 -135.258850
v -20.894650 -41.789299 -135.258850
v -41.789299 112.831108 -135.258850
v -41.789299 104.473251 -135.258850
v -45.968231 108.652176 -135.258850
v -37.610371 108.652176 -135.258850
v -58.505016 112.831108 -135.258850
v -58.505016 129.546829 -135.258850
v -58.505016 121.188965 -135.258850
v -62.683949 125.367897 -135.258850
v -54.326088 125.367897 -135.258850
v -41.789299 79.399673 -135.258850
v -41.789299 71.041817 -135.258850
v -45.968231 75.220741 -135.258850
v -37.610371 75.220741 -135.258850
v -58.505016 79.399673 -135.258850
v -58.505016 71.041817 -135.258850
v -62.683949 75.220741 -135.258850
v -54.326088 75.220741 -135.258850
v -8.357860 71.041817 -135.258850
v -12.536790 75.220741 -135.258850
v -4.178930 75.220741 -135.258850
v -25.073580 71.041817 -135.258850
v -29.252508 75.220741 -135.258850
v -20.894650 75.220741 -135.258850
v 91.936462 112.831108 -135.258850
v 91.936462 104.473251 -135.258850
v 87.757530 108.652176 -135.258850
v 96.115387 108.652176 -135.258850
v 75.220741 112.831108 -135.258850
v 75.220741 104.473251 -135.258850
v 71.041817 108.652176 -135.258850
v 79.399673 108.652176 -135.258850
v 75.220741 129.546829 -135.258850
v 75.220741 121.188965 -135.258850
v 71.041817 125.367897 -135.258850
v 79.399673 125.367897 -135.258850
v 91.936462 79.399673 -135.258850
v 91.936462 71.041817 -135.258850
v 87.757530 75.220741 -135.258850
v 96.115387 75.220741 -135.258850
v 75.220741 79.399673 -135.258850
v 75.220741 71.041817 -135.258850
v 71.041817 75.220741 -135.258850
v 79.399673 75.220741 -135.258850
v 125.367897 79.399673 -135.258850
v 125.367897 71.041817 -135.258850
v 121.188965 75.220741 -135.258850
v 129.546829 75.220741 -135.258850
v 108.652176 79.399673 -135.258850
v 108.652176 71.041817 -135.258850
v 104.473251 75.220741 -135.258850
v 112.831108 75.220741 -135.258850
v 125.367897 96.115387 -135.258850
v 125.367897 87.757530 -135.258850
v 129.546829 91.936462 -135.258850
v 91.936462 129.546829 -135.258850
v 91.936462 121.188965 -135.258850
v 87.757530 125.367897 -135.258850
v 96.115387 125.367897 -135.258850
v -41.789299 96.115387 -135.258850
v -41.789299 87.757530 -135.258850
v -45.968231 91.936462 -135.258850
v -41.789299 129.546829 -135.258850
v -41.789299 121.188965 -135.258850
v -45.968231 125.367897 -135.258850
v -37.610371 125.367897 -135.258850
v -8.357860 -37.610371 -135.258850
v -8.357860 -45.968231 -135.258850
v -12.536790 -41.789299 -135.258850
v -4.178930 -41.789299 -135.258850
v -41.789299 -37.610371 -135.258850
v -41.789299 -45.968231 -135.258850
v -45.968231 -41.789299 -135.258850
v -37.610371 -41.789299 -135.258850
v -41.789299 -4.178930 -135.258850
v -41.789299 -12.536790 -135.258850
v -45.968231 -8.357860 -135.258850
v -37.610371 -8.357860 -135.258850
v 125.367897 -37.610371 -135.258850
v 125.367897 -45.968231 -135.258850
v 121.188965 -41.789299 -135.258850
v 129.546829 -41.789299 -135.258850
v 91.936462 -37.610371 -135.258850
v 91.936462 -45.968231 -135.258850
v 87.757530 -41.789299 -135.258850
v 96.115387 -41.789299 -135.258850
v 91.936462 -4.178930 -135.258850
v 91.936462 -12.536790 -135.258850
v 87.757530 -8.357860 -135.258850
v 96.115387 -8.357860 -135.258850
v 58.505016 -37.610371 -135.258850
v 58.505016 -45.968231 -135.258850
v 54.326088 -41.789299 -135.258850
v 62.683949 -41.789299 -135.258850
v 25.073580 -37.610371 -135.258850
v 25.073580 -45.968231 -135.258850
v 20.894650 -41.789299 -135.258850
v 29.252508 -41.789299 -135.258850
v 25.073580 -4.178930 -135.258850
v 25.073580 -12.536790 -135.258850
v 20.894650 -8.357860 -135.258850
v 29.252508 -8.357860 -135.258850
v 58.505016 -104.473251 -135.258850
v 58.505016 -112.831108 -135.258850
v 54.326088 -108.652176 -135.258850
v 62.683949 -108.652176 -135.258850
v 25.073580 -71.041817 -135.258850
v 25.073580 -79.399673 -135.258850
v 20.894650 -75.220741 -135.258850
v 29.252508 -75.220741 -135.258850
v 125.367897 -104.473251 -135.258850
v 125.367897 -112.831108 -135.258850
v 121.188965 -108.652176 -135.258850
v 129.546829 -108.652176 -135.258850
v 83.578598 16.715719 132.138611
v 91.936462 -112.831108 -135.258850
v 87.757530 16.715719 132.138611
v 83.578598 29.252508 132.138611
v 91.936462 -71.041817 -135.258850
v 91.936462 -79.399673 -135.258850
v 87.757530 -75.220741 -135.258850
v 96.115387 -75.220741 -135.258850
v -75.220741 -37.610371 -135.258850
v -75.220741 -45.968231 -135.258850
v -79.399673 -41.789299 -135.258850
v -71.041817 -41.789299 -135.258850
v -108.652176 -37.610371 -135.258850
v -108.652176 -45.968231 -135.258850
v -112.831108 -41.789299 -135.258850
v -104.473251 -41.789299 -135.258850
v 83.578598 -66.862877 -3.743317
v 83.578598 -71.041817 -3.743317
v 87.757530 -117.010033 -3.743317
v 83.578598 -117.010033 -3.743317
v -75.220741 -112.831108 -135.258850
v -108.652176 -104.473251 -135.258850
v -108.652176 -112.831108 -135.258850
v -112.831108 -108.652176 -135.258850
v -104.473251 -108.652176 -135.258850
v -108.652176 -71.041817 -135.258850
v -108.652176 -79.399673 -135.258850
v -112.831108 -75.220741 -135.258850
v -104.473251 -75.220741 -135.258850
v -41.789299 -71.041817 -135.258850
v -45.968231 -75.220741 -135.258850
v -37.610371 -75.220741 -135.258850
v -112.831108 91.936462 -135.258850
v -108.652176 129.546829 -135.258850
v -108.652176 121.188965 -135.258850
v -112.831108 125.367897 -135.258850
v -104.473251 125.367897 -135.258850
v -75.220741 29.252508 -135.258850
v -75.220741 20.894650 -135.258850
v -79.399673 25.073580 -135.258850
v -71.041817 25.073580 -135.258850
v -108.652176 29.252508 -135.258850
v -108.652176 20.894650 -135.258850
v -112.831108 25.073580 -135.258850
v -104.473251 25.073580 -135.258850
v -117.010033 16.715719 50.251312
v -117.010033 12.536790 50.251312
v -112.831108 -16.715719 50.251312
v -117.010033 -16.715719 50.251312
v -8.357860 29.252508 -135.258850
v -8.357860 20.894650 -135.258850
v -12.536790 25.073580 -135.258850
v -4.178930 25.073580 -135.258850
v -41.789299 29.252508 -135.258850
v -41.789299 20.894650 -135.258850
v -45.968231 25.073580 -135.258850
v -37.610371 25.073580 -135.258850
v -41.789299 62.683949 -135.258850
v -41.789299 54.326088 -135.258850
v -45.968231 58.505016 -135.258850
v -37.610371 58.505016 -135.258850
v 25.073580 129.546829 -135.258850
v 25.073580 121.188965 -135.258850
v 20.894650 125.367897 -135.258850
v 29.252508 125.367897 -135.258850
v 58.505016 29.252508 -135.258850
v 58.505016 20.894650 -135.258850
v 54.326088 25.073580 -135.258850
v 62.683949 25.073580 -135.258850
v 25.073580 29.252508 -135.258850
v 25.073580 20.894650 -135.258850
v 20.894650 25.073580 -135.258850
v 29.252508 25.073580 -135.258850
v 25.073580 62.683949 -135.258850
v 25.073580 54.326088 -135.258850
v 20.894650 58.505016 -135.258850
v 29.252508 58.505016 -135.258850
v 125.367897 29.252508 -135.258850
v 125.367897 20.894650 -135.258850
v 121.188965 25.073580 -135.258850
v 129.546829 25.073580 -135.258850
v 12.536790 -133.725754 -19.470413
v -66.862877 -83.578598 -19.470413
v -66.862877 -87.757530 -19.470413
v 37.610371 -100.294319 -19.470413
v 91.936462 62.683949 -135.258850
v 91.936462 54.326088 -135.258850
v 87.757530 58.505016 -135.258850
v 96.115387 58.505016 -135.258850
v 125.367897 62.683949 -135.258850
v 125.367897 54.326088 -135.258850
v 121.188965 58.505016 -135.258850
v 129.546829 58.505016 -135.258850
v 58.505016 62.683949 -135.258850
v 58.505016 54.326088 -135.258850
v 54.326088 58.505016 -135.258850
v 62.683949 58.505016 -135.258850
v 58.505016 129.546829 -135.258850
v 58.505016 121.188965 -135.258850
v 54.326088 125.367897 -135.258850
v 62.683949 125.367897 -135.258850
v -8.357860 62.683949 -135.258850
v -8.357860 54.326088 -135.258850
v -12.536790 58.505016 -135.258850
v -4.178930 58.505016 -135.258850
v -75.220741 62.683949 -135.258850
v -75.220741 54.326088 -135.258850
v -79.399673 58.505016 -135.258850
v -71.041817 58.505016 -135.258850
v -75.220741 129.546829 -135.258850
v -75.220741 121.188965 -135.258850
v -79.399673 125.367897 -135.258850
v -71.041817 125.367897 -135.258850
v -8.357860 -71.041817 -135.258850
v -8.357860 -79.399673 -135.258850
v -12.536790 -75.220741 -135.258850
v -4.178930 -75.220741 -135.258850
v -75.220741 -4.178930 -135.258850
v -75.220741 -12.536790 -135.258850
v -79.399673 -8.357860 -135.258850
v -71.041817 -8.357860 -135.258850
v 125.367897 -71.041817 -135.258850
v 125.367897 -79.399673 -135.258850
v 121.188965 -75.220741 -135.258850
v 129.546829 -75.220741 -135.258850
v 58.505016 -71.041817 -135.258850
v 58.505016 -79.399673 -135.258850
v 54.326088 -75.220741 -135.258850
v 62.683949 -75.220741 -135.258850
v 58.505016 -4.178930 -135.258850
v 58.505016 -12.536790 -135.258850
v 54.326088 -8.357860 -135.258850
v 62.683949 -8.357860 -135.258850
v 125.367897 -4.178930 -135.258850
v 125.367897 -12.536790 -135.258850
v 121.188965 -8.357860 -135.258850
v 129.546829 -8.357860 -135.258850
v -8.357860 -4.178930 -135.258850
v -8.357860 -12.536790 -135.258850
v -12.536790 -8.357860 -135.258850
v -4.178930 -8.357860 -135.258850
v -8.357860 129.546829 -135.258850
v -8.357860 121.188965 -135.258850
v -12.536790 125.367897 -135.258850
v -4.178930 125.367897 -135.258850
v 125.367897 129.546829 -135.258850
v 125.367897 121.188965 -135.258850
v 121.188965 125.367897 -135.258850
v 129.546829 125.367897 -135.258850
v 129.546829 121.188965 -135.258850
v 121.188965 121.188965 -135.258850
v 121.188965 129.546829 -135.258850
v -4.178930 121.188965 -135.258850
v -12.536790 121.188965 -135.258850
v -12.536790 129.546829 -135.258850
v -4.178930 -12.536790 -135.258850
v -12.536790 -12.536790 -135.258850
v -12.536790 -4.178930 -135.258850
v 129.546829 -12.536790 -135.258850
v 121.188965 -12.536790 -135.258850
v 121.188965 -4.178930 -135.258850
v 62.683949 -12.536790 -135.258850
v 54.326088 -12.536790 -135.258850
v 54.326088 -4.178930 -135.258850
v 62.683949 -79.399673 -135.258850
v 54.326088 -79.399673 -135.258850
v 54.326088 -71.041817 -135.258850
v 129.546829 -79.399673 -135.258850
v 121.188965 -79.399673 -135.258850
v 121.188965 -71.041817 -135.258850
v -71.041817 -12.536790 -135.258850
v -79.399673 -12.536790 -135.258850
v -79.399673 -4.178930 -135.258850
v -4.178930 -79.399673 -135.258850
v -12.536790 -79.399673 -135.258850
v -12.536790 -71.041817 -135.258850
v -71.041817 121.188965 -135.258850
v -79.399673 121.188965 -135.258850
v -79.399673 129.546829 -135.258850
v -71.041817 54.326088 -135.258850
v -79.399673 54.326088 -135.258850
v -79.399673 62.683949 -135.258850
v -4.178930 54.326088 -135.258850
v -12.536790 54.326088 -135.258850
v -12.536790 62.683949 -135.258850
v 62.683949 121.188965 -135.258850
v 54.326088 121.188965 -135.258850
v 54.326088 129.546829 -135.258850
v 62.683949 54.326088 -135.258850
v 54.326088 54.326088 -135.258850
v 54.326088 62.683949 -135.258850
v 129.546829 54.326088 -135.258850
v 121.188965 54.326088 -135.258850
v 121.188965 62.683949 -135.258850
v 96.115387 54.326088 -135.258850
v 87.757530 54.326088 -135.258850
v 87.757530 62.683949 -135.258850
v 4.178930 -100.294319 -19.470413
v 33.431438 -100.294319 -19.470413
v 33.431438 -104.473251 -19.470413
v 129.546829 20.894650 -135.258850
v 121.188965 20.894650 -135.258850
v 121.188965 29.252508 -135.258850
v 29.252508 54.326088 -135.258850
v 20.894650 54.326088 -135.258850
v 20.894650 62.683949 -135.258850
v 29.252508 20.894650 -135.258850
v 20.894650 20.894650 -135.258850
v 20.894650 29.252508 -135.258850
v 62.683949 20.894650 -135.258850
v 54.326088 20.894650 -135.258850
v 54.326088 29.252508 -135.258850
v 29.252508 121.188965 -135.258850
v 20.894650 121.188965 -135.258850
v 20.894650 129.546829 -135.258850
v -37.610371 54.326088 -135.258850
v -45.968231 54.326088 -135.258850
v -45.968231 62.683949 -135.258850
v -37.610371 20.894650 -135.258850
v -45.968231 20.894650 -135.258850
v -45.968231 29.252508 -135.258850
v -4.178930 20.894650 -135.258850
v -12.536790 20.894650 -135.258850
v -12.536790 29.252508 -135.258850
v -117.010033 -20.894650 50.251312
v -117.010033 -4.178930 50.251312
v -117.010033 -33.431438 50.251312
v -104.473251 20.894650 -135.258850
v -112.831108 20.894650 -135.258850
v -112.831108 29.252508 -135.258850
v -71.041817 20.894650 -135.258850
v -79.399673 20.894650 -135.258850
v -79.399673 29.252508 -135.258850
v -104.473251 121.188965 -135.258850
v -112.831108 121.188965 -135.258850
v -112.831108 129.546829 -135.258850
v -112.831108 87.757530 -135.258850
v -112.831108 96.115387 -135.258850
v -45.968231 -71.041817 -135.258850
v -104.473251 -79.399673 -135.258850
v -112.831108 -79.399673 -135.258850
v -112.831108 -71.041817 -135.258850
v -104.473251 -112.831108 -135.258850
v -112.831108 -112.831108 -135.258850
v -112.831108 -104.473251 -135.258850
v -71.041817 -112.831108 -135.258850
v -79.399673 -112.831108 -135.258850
v 83.578598 -121.188965 -3.743317
v 83.578598 -104.473251 -3.743317
v 83.578598 -100.294319 -3.743317
v -104.473251 -45.968231 -135.258850
v -112.831108 -45.968231 -135.258850
v -112.831108 -37.610371 -135.258850
v -71.041817 -45.968231 -135.258850
v -79.399673 -45.968231 -135.258850
v -79.399673 -37.610371 -135.258850
v 96.115387 -79.399673 -135.258850
v 121.188965 16.715719 132.138611
v 87.757530 -71.041817 -135.258850
v 96.115387 -112.831108 -135.258850
v 104.473251 16.715719 132.138611
v 117.010033 16.715719 132.138611
v 129.546829 -112.831108 -135.258850
v 121.188965 -112.831108 -135.258850
v 121.188965 -104.473251 -135.258850
v 29.252508 -79.399673 -135.258850
v 20.894650 -79.399673 -135.258850
v 20.894650 -71.041817 -135.258850
v 62.683949 -112.831108 -135.258850
v 54.326088 -112.831108 -135.258850
v 54.326088 -104.473251 -135.258850
v 29.252508 -12.536790 -135.258850
v 20.894650 -12.536790 -135.258850
v 20.894650 -4.178930 -135.258850
v 29.252508 -45.968231 -135.258850
v 20.894650 -45.968231 -135.258850
v 20.894650 -37.610371 -135.258850
v 62.683949 -45.968231 -135.258850
v 54.326088 -45.968231 -135.258850
v 54.326088 -37.610371 -135.258850
v 96.115387 -12.536790 -135.258850
v 87.757530 -12.536790 -135.258850
v 87.757530 -4.178930 -135.258850
v 96.115387 -45.968231 -135.258850
v 87.757530 -45.968231 -135.258850
v 87.757530 -37.610371 -135.258850
v 129.546829 -45.968231 -135.258850
v 121.188965 -45.968231 -135.258850
v 121.188965 -37.610371 -135.258850
v -37.610371 -12.536790 -135.258850
v -45.968231 -12.536790 -135.258850
v -45.968231 -4.178930 -135.258850
v -37.610371 -45.968231 -135.258850
v -45.968231 -45.968231 -135.258850
v -45.968231 -37.610371 -135.258850
v -4.178930 -45.968231 -135.258850
v -12.536790 -45.968231 -135.258850
v -12.536790 -37.610371 -135.258850
v -37.610371 121.188965 -135.258850
v -45.968231 121.188965 -135.258850
v -45.968231 129.546829 -135.258850
v -45.968231 87.757530 -135.258850
v -45.968231 96.115387 -135.258850
v 96.115387 121.188965 -135.258850
v 87.757530 121.188965 -135.258850
v 87.757530 129.546829 -135.258850
v 129.546829 87.757530 -135.258850
v 112.831108 71.041817 -135.258850
v 104.473251 71.041817 -135.258850
v 104.473251 79.399673 -135.258850
v 129.546829 71.041817 -135.258850
v 121.188965 71.041817 -135.258850
v 121.188965 79.399673 -135.258850
v 79.399673 71.041817 -135.258850
v 71.041817 71.041817 -135.258850
v 71.041817 79.399673 -135.258850
v 96.115387 71.041817 -135.258850
v 87.757530 71.041817 -135.258850
v 87.757530 79.399673 -135.258850
v 79.399673 121.188965 -135.258850
v 71.041817 121.188965 -135.258850
v 71.041817 129.546829 -135.258850
v 79.399673 104.473251 -135.258850
v 71.041817 104.473251 -135.258850
v 71.041817 112.831108 -135.258850
v 96.115387 104.473251 -135.258850
v 87.757530 104.473251 -135.258850
v 87.757530 112.831108 -135.258850
v -20.894650 71.041817 -135.258850
v -29.252508 71.041817 -135.258850
v -4.178930 71.041817 -135.258850
v -12.536790 71.041817 -135.258850
v -54.326088 71.041817 -135.258850
v -62.683949 71.041817 -135.258850
v -62.683949 79.399673 -135.258850
v -37.610371 71.041817 -135.258850
v -45.968231 71.041817 -135.258850
v -45.968231 79.399673 -135.258850
v -54.326088 121.188965 -135.258850
v -62.683949 121.188965 -135.258850
v -62.683949 129.546829 -135.258850
v -62.683949 112.831108 -135.258850
v -37.610371 104.473251 -135.258850
v -45.968231 104.473251 -135.258850
v -45.968231 112.831108 -135.258850
v -20.894650 -45.968231 -135.258850
v -29.252508 -45.968231 -135.258850
v -29.252508 -37.610371 -135.258850
v -20.894650 -62.683949 -135.258850
v -29.252508 -62.683949 -135.258850
v -29.252508 -54.326088 -135.258850
v -4.178930 -62.683949 -135.258850
v -12.536790 -62.683949 -135.258850
v -12.536790 -54.326088 -135.258850
v -54.326088 -45.968231 -135.258850
v -62.683949 -45.968231 -135.258850
v -62.683949 -37.610371 -135.258850
v -54.326088 -62.683949 -135.258850
v -62.683949 -62.683949 -135.258850
v -62.683949 -54.326088 -135.258850
v -37.610371 -62.683949 -135.258850
v -45.968231 -62.683949 -135.258850
v -45.968231 -54.326088 -135.258850
v -54.326088 -12.536790 -135.258850
v -62.683949 -12.536790 -135.258850
v -62.683949 -4.178930 -135.258850
v -54.326088 -29.252508 -135.258850
v -62.683949 -29.252508 -135.258850
v -62.683949 -20.894650 -135.258850
v -37.610371 -29.252508 -135.258850
v -45.968231 -29.252508 -135.258850
v -45.968231 -20.894650 -135.258850
v 112.831108 -45.968231 -135.258850
v 104.473251 -45.968231 -135.258850
v 104.473251 -37.610371 -135.258850
v 112.831108 -62.683949 -135.258850
v 104.473251 -62.683949 -135.258850
v 104.473251 -54.326088 -135.258850
v 129.546829 -62.683949 -135.258850
v 121.188965 -62.683949 -135.258850
v 121.188965 -54.326088 -135.258850
v 79.399673 -45.968231 -135.258850
v 71.041817 -45.968231 -135.258850
v 71.041817 -37.610371 -135.258850
v 79.399673 -62.683949 -135.258850
v 71.041817 -62.683949 -135.258850
v 71.041817 -54.326088 -135.258850
v 96.115387 -62.683949 -135.258850
v 87.757530 -62.683949 -135.258850
v 87.757530 -54.326088 -135.258850
v 79.399673 -12.536790 -135.258850
v 71.041817 -12.536790 -135.258850
v 71.041817 -4.178930 -135.258850
v 79.399673 -29.252508 -135.258850
v 71.041817 -29.252508 -135.258850
v 71.041817 -20.894650 -135.258850
v 96.115387 -29.252508 -135.258850
v 87.757530 -29.252508 -135.258850
v 87.757530 -20.894650 -135.258850
v 45.968231 -45.968231 -135.258850
v 37.610371 -45.968231 -135.258850
v 37.610371 -37.610371 -135.258850
v 45.968231 -62.683949 -135.258850
v 37.610371 -62.683949 -135.258850
v 37.610371 -54.326088 -135.258850
v 62.683949 -62.683949 -135.258850
v 54.326088 -62.683949 -135.258850
v 54.326088 -54.326088 -135.258850
v 12.536790 -45.968231 -135.258850
v 4.178930 -45.968231 -135.258850
v 4.178930 -37.610371 -135.258850
v 12.536790 -62.683949 -135.258850
v 4.178930 -62.683949 -135.258850
v 4.178930 -54.326088 -135.258850
v 29.252508 -62.683949 -135.258850
v 20.894650 -62.683949 -135.258850
v 20.894650 -54.326088 -135.258850
v 12.536790 -12.536790 -135.258850
v 4.178930 -12.536790 -135.258850
v 4.178930 -4.178930 -135.258850
v 12.536790 -29.252508 -135.258850
v 4.178930 -29.252508 -135.258850
v 4.178930 -20.894650 -135.258850
v 29.252508 -29.252508 -135.258850
v 20.894650 -29.252508 -135.258850
v 20.894650 -20.894650 -135.258850
v 45.968231 -112.831108 -135.258850
v 37.610371 -112.831108 -135.258850
v 45.968231 -129.546829 -135.258850
v 37.610371 -129.546829 -135.258850
v 37.610371 -121.188965 -135.258850
v 62.683949 -129.546829 -135.258850
v 54.326088 -129.546829 -135.258850
v 54.326088 -121.188965 -135.258850
v 29.252508 -129.546829 -135.258850
v 12.536790 -79.399673 -135.258850
v 4.178930 -79.399673 -135.258850
v 4.178930 -71.041817 -135.258850
v 4.178930 -87.757530 -135.258850
v 29.252508 -96.115387 -135.258850
v 20.894650 -96.115387 -135.258850
v 20.894650 -87.757530 -135.258850
v 112.831108 -112.831108 -135.258850
v 104.473251 -112.831108 -135.258850
v 104.473251 -104.473251 -135.258850
v 112.831108 -129.546829 -135.258850
v 104.473251 -129.546829 -135.258850
v 104.473251 -121.188965 -135.258850
v 129.546829 -129.546829 -135.258850
v 121.188965 -129.546829 -135.258850
v 121.188965 -121.188965 -135.258850
v 117.010033 12.536790 132.138611
v 71.041817 -112.831108 -135.258850
v 83.578598 33.431438 132.138611
v 79.399673 -129.546829 -135.258850
v 71.041817 -129.546829 -135.258850
v 71.041817 -121.188965 -135.258850
v 96.115387 -129.546829 -135.258850
v 87.757530 -129.546829 -135.258850
v 87.757530 -121.188965 -135.258850
v 87.757530 33.431438 132.138611
v 71.041817 -79.399673 -135.258850
v 71.041817 -71.041817 -135.258850
v 100.294319 16.715719 132.138611
v 100.294319 12.536790 132.138611
v 100.294319 50.147160 132.138611
v 100.294319 45.968231 132.138611
v 100.294319 -4.178930 132.138611
v 104.473251 33.431438 132.138611
v -87.757530 -45.968231 -135.258850
v -96.115387 -45.968231 -135.258850
v -96.115387 -37.610371 -135.258850
v -87.757530 -62.683949 -135.258850
v -96.115387 -62.683949 -135.258850
v -96.115387 -54.326088 -135.258850
v -71.041817 -62.683949 -135.258850
v -79.399673 -62.683949 -135.258850
v -79.399673 -54.326088 -135.258850
v -121.188965 -45.968231 -135.258850
v -129.546829 -45.968231 -135.258850
v -129.546829 -37.610371 -135.258850
v -121.188965 -62.683949 -135.258850
v -129.546829 -62.683949 -135.258850
v -129.546829 -54.326088 -135.258850
v -104.473251 -62.683949 -135.258850
v -112.831108 -62.683949 -135.258850
v -112.831108 -54.326088 -135.258850
v -121.188965 -12.536790 -135.258850
v -129.546829 -12.536790 -135.258850
v -129.546829 -4.178930 -135.258850
v -121.188965 -29.252508 -135.258850
v -129.546829 -29.252508 -135.258850
v -129.546829 -20.894650 -135.258850
v 87.757530 -100.294319 -3.743317
v 66.862877 -83.578598 -3.743317
v 66.862877 -87.757530 -3.743317
v -87.757530 -112.831108 -135.258850
v -96.115387 -112.831108 -135.258850
v -96.115387 -104.473251 -135.258850
v -87.757530 -129.546829 -135.258850
v -96.115387 -129.546829 -135.258850
v -96.115387 -121.188965 -135.258850
v -71.041817 -129.546829 -135.258850
v -79.399673 -129.546829 -135.258850
v -79.399673 -121.188965 -135.258850
v -121.188965 -112.831108 -135.258850
v -129.546829 -112.831108 -135.258850
v -129.546829 -104.473251 -135.258850
v -121.188965 -129.546829 -135.258850
v -129.546829 -129.546829 -135.258850
v -129.546829 -121.188965 -135.258850
v -104.473251 -129.546829 -135.258850
v -112.831108 -129.546829 -135.258850
v -112.831108 -121.188965 -135.258850
v -121.188965 -79.399673 -135.258850
v -129.546829 -79.399673 -135.258850
v -129.546829 -71.041817 -135.258850
v -121.188965 -96.115387 -135.258850
v -129.546829 -96.115387 -135.258850
v -129.546829 -87.757530 -135.258850
v -104.473251 -96.115387 -135.258850
v -112.831108 -96.115387 -135.258850
v -112.831108 -87.757530 -135.258850
v -20.894650 -129.546829 -135.258850
v -29.252508 -129.546829 -135.258850
v -54.326088 -129.546829 -135.258850
v -62.683949 -129.546829 -135.258850
v -62.683949 -121.188965 -135.258850
v -37.610371 -129.546829 -135.258850
v -45.968231 -129.546829 -135.258850
v -45.968231 -121.188965 -135.258850
v -87.757530 71.041817 -135.258850
v -96.115387 71.041817 -135.258850
v -96.115387 79.399673 -135.258850
v -71.041817 71.041817 -135.258850
v -79.399673 71.041817 -135.258850
v -79.399673 79.399673 -135.258850
v -121.188965 87.757530 -135.258850
v -129.546829 87.757530 -135.258850
v -129.546829 96.115387 -135.258850
v -121.188965 71.041817 -135.258850
v -129.546829 71.041817 -135.258850
v -129.546829 79.399673 -135.258850
v -104.473251 71.041817 -135.258850
v -112.831108 71.041817 -135.258850
v -112.831108 79.399673 -135.258850
v -121.188965 121.188965 -135.258850
v -129.546829 121.188965 -135.258850
v -129.546829 129.546829 -135.258850
v -121.188965 104.473251 -135.258850
v -129.546829 104.473251 -135.258850
v -129.546829 112.831108 -135.258850
v -112.831108 104.473251 -135.258850
v -112.831108 112.831108 -135.258850
v -87.757530 20.894650 -135.258850
v -96.115387 20.894650 -135.258850
v -96.115387 29.252508 -135.258850
v -87.757530 4.178930 -135.258850
v -96.115387 4.178930 -135.258850
v -96.115387 12.536790 -135.258850
v -71.041817 4.178930 -135.258850
v -79.399673 4.178930 -135.258850
v -79.399673 12.536790 -135.258850
v -121.188965 20.894650 -135.258850
v -129.546829 20.894650 -135.258850
v -129.546829 29.252508 -135.258850
v -121.188965 4.178930 -135.258850
v -129.546829 4.178930 -135.258850
v -129.546829 12.536790 -135.258850
v 104.473251 -100.294319 -3.743317
v 71.041817 -100.294319 -3.743317
v 100.294319 -100.294319 -3.743317
v -112.831108 -33.431438 50.251312
v -129.546829 54.326088 -135.258850
v -129.546829 62.683949 -135.258850
v -100.294319 -16.715719 50.251312
v -129.546829 37.610371 -135.258850
v -129.546829 45.968231 -135.258850
v -100.294319 -20.894650 50.251312
v -100.294319 16.715719 50.251312
v -100.294319 12.536790 50.251312
v -20.894650 20.894650 -135.258850
v -29.252508 20.894650 -135.258850
v -29.252508 29.252508 -135.258850
v -20.894650 4.178930 -135.258850
v -29.252508 4.178930 -135.258850
v -29.252508 12.536790 -135.258850
v -4.178930 4.178930 -135.258850
v -12.536790 4.178930 -135.258850
v -12.536790 12.536790 -135.258850
v -54.326088 20.894650 -135.258850
v -62.683949 20.894650 -135.258850
v -62.683949 29.252508 -135.258850
v -54.326088 4.178930 -135.258850
v -62.683949 4.178930 -135.258850
v -62.683949 12.536790 -135.258850
v -37.610371 4.178930 -135.258850
v -45.968231 4.178930 -135.258850
v -45.968231 12.536790 -135.258850
v -54.326088 54.326088 -135.258850
v -62.683949 54.326088 -135.258850
v -62.683949 62.683949 -135.258850
v -54.326088 37.610371 -135.258850
v -62.683949 37.610371 -135.258850
v -62.683949 45.968231 -135.258850
v -37.610371 37.610371 -135.258850
v -45.968231 37.610371 -135.258850
v -45.968231 45.968231 -135.258850
v 45.968231 87.757530 -135.258850
v 45.968231 71.041817 -135.258850
v 37.610371 71.041817 -135.258850
v 62.683949 71.041817 -135.258850
v 54.326088 71.041817 -135.258850
v 54.326088 79.399673 -135.258850
v 12.536790 71.041817 -135.258850
v 4.178930 71.041817 -135.258850
v 29.252508 71.041817 -135.258850
v 20.894650 71.041817 -135.258850
v 12.536790 121.188965 -135.258850
v 4.178930 121.188965 -135.258850
v 4.178930 129.546829 -135.258850
v 12.536790 104.473251 -135.258850
v 4.178930 104.473251 -135.258850
v 4.178930 112.831108 -135.258850
v 29.252508 104.473251 -135.258850
v 20.894650 104.473251 -135.258850
v 20.894650 112.831108 -135.258850
v 45.968231 20.894650 -135.258850
v 37.610371 20.894650 -135.258850
v 37.610371 29.252508 -135.258850
v 45.968231 4.178930 -135.258850
v 37.610371 4.178930 -135.258850
v 37.610371 12.536790 -135.258850
v 62.683949 4.178930 -135.258850
v 54.326088 4.178930 -135.258850
v 54.326088 12.536790 -135.258850
v 12.536790 20.894650 -135.258850
v 4.178930 20.894650 -135.258850
v 4.178930 29.252508 -135.258850
v 12.536790 4.178930 -135.258850
v 4.178930 4.178930 -135.258850
v 4.178930 12.536790 -135.258850
v 29.252508 4.178930 -135.258850
v 20.894650 4.178930 -135.258850
v 20.894650 12.536790 -135.258850
v 12.536790 54.326088 -135.258850
v 4.178930 54.326088 -135.258850
v 4.178930 62.683949 -135.258850
v 12.536790 37.610371 -135.258850
v 4.178930 37.610371 -135.258850
v 4.178930 45.968231 -135.258850
v 29.252508 37.610371 -135.258850
v 20.894650 37.610371 -135.258850
v 20.894650 45.968231 -135.258850
v -96.115387 -100.294319 -19.470413
v -100.294319 -100.294319 -19.470413
v -100.294319 -104.473251 -19.470413
v -29.252508 -100.294319 -19.470413
v -62.683949 -100.294319 -19.470413
v -33.431438 -100.294319 -19.470413
v 129.546829 4.178930 -135.258850
v 121.188965 4.178930 -135.258850
v -33.431438 -104.473251 -19.470413
v 79.399673 20.894650 -135.258850
v 71.041817 20.894650 -135.258850
v 71.041817 29.252508 -135.258850
v 79.399673 4.178930 -135.258850
v 71.041817 4.178930 -135.258850
v 71.041817 12.536790 -135.258850
v 96.115387 4.178930 -135.258850
v 87.757530 4.178930 -135.258850
v 87.757530 12.536790 -135.258850
v 79.399673 54.326088 -135.258850
v 71.041817 54.326088 -135.258850
v 71.041817 62.683949 -135.258850
v -66.862877 -100.294319 -19.470413
v 71.041817 37.610371 -135.258850
v 71.041817 45.968231 -135.258850
v -66.862877 -104.473251 -19.470413
v 0.000000 -100.294319 -19.470413
v 87.757530 45.968231 -135.258850
v 112.831108 54.326088 -135.258850
v 104.473251 54.326088 -135.258850
v 104.473251 62.683949 -135.258850
v 112.831108 37.610371 -135.258850
v 0.000000 -104.473251 -19.470413
v 104.473251 45.968231 -135.258850
v 129.546829 37.610371 -135.258850
v 121.188965 37.610371 -135.258850
v 121.188965 45.968231 -135.258850
v 45.968231 54.326088 -135.258850
v 37.610371 54.326088 -135.258850
v 37.610371 62.683949 -135.258850
v 45.968231 37.610371 -135.258850
v 37.610371 37.610371 -135.258850
v 37.610371 45.968231 -135.258850
v 62.683949 37.610371 -135.258850
v 54.326088 37.610371 -135.258850
v 54.326088 45.968231 -135.258850
v 45.968231 121.188965 -135.258850
v 37.610371 121.188965 -135.258850
v 37.610371 129.546829 -135.258850
v 45.968231 104.473251 -135.258850
v 37.610371 104.473251 -135.258850
v 37.610371 112.831108 -135.258850
v 62.683949 104.473251 -135.258850
v 54.326088 104.473251 -135.258850
v 54.326088 112.831108 -135.258850
v -20.894650 54.326088 -135.258850
v -29.252508 54.326088 -135.258850
v -29.252508 62.683949 -135.258850
v -20.894650 37.610371 -135.258850
v -29.252508 37.610371 -135.258850
v -29.252508 45.968231 -135.258850
v -4.178930 37.610371 -135.258850
v -12.536790 37.610371 -135.258850
v -12.536790 45.968231 -135.258850
v -87.757530 54.326088 -135.258850
v -96.115387 54.326088 -135.258850
v -96.115387 62.683949 -135.258850
v -87.757530 37.610371 -135.258850
v -96.115387 37.610371 -135.258850
v -96.115387 45.968231 -135.258850
v -71.041817 37.610371 -135.258850
v -79.399673 37.610371 -135.258850
v -79.399673 45.968231 -135.258850
v -87.757530 121.188965 -135.258850
v -96.115387 121.188965 -135.258850
v -96.115387 129.546829 -135.258850
v -96.115387 112.831108 -135.258850
v -79.399673 112.831108 -135.258850
v -20.894650 -79.399673 -135.258850
v -29.252508 -79.399673 -135.258850
v -29.252508 -71.041817 -135.258850
v -96.115387 -71.041817 -135.258850
v -87.757530 -12.536790 -135.258850
v -96.115387 -12.536790 -135.258850
v -96.115387 -4.178930 -135.258850
v -87.757530 -29.252508 -135.258850
v -96.115387 -29.252508 -135.258850
v -96.115387 -20.894650 -135.258850
v -71.041817 -29.252508 -135.258850
v -79.399673 -29.252508 -135.258850
v -79.399673 -20.894650 -135.258850
v 112.831108 -79.399673 -135.258850
v 104.473251 -79.399673 -135.258850
v 104.473251 -71.041817 -135.258850
v 112.831108 -96.115387 -135.258850
v 104.473251 -96.115387 -135.258850
v 104.473251 -87.757530 -135.258850
v 129.546829 -96.115387 -135.258850
v 121.188965 -96.115387 -135.258850
v 121.188965 -87.757530 -135.258850
v 45.968231 -79.399673 -135.258850
v 37.610371 -79.399673 -135.258850
v 37.610371 -71.041817 -135.258850
v 45.968231 -96.115387 -135.258850
v 37.610371 -96.115387 -135.258850
v 37.610371 -87.757530 -135.258850
v 100.294319 33.431438 132.138611
v 54.326088 -96.115387 -135.258850
v 54.326088 -87.757530 -135.258850
v 45.968231 -12.536790 -135.258850
v 37.610371 -12.536790 -135.258850
v 37.610371 -4.178930 -135.258850
v 45.968231 -29.252508 -135.258850
v 37.610371 -29.252508 -135.258850
v 37.610371 -20.894650 -135.258850
v 62.683949 -29.252508 -135.258850
v 54.326088 -29.252508 -135.258850
v 54.326088 -20.894650 -135.258850
v 112.831108 -12.536790 -135.258850
v 104.473251 -12.536790 -135.258850
v -62.683949 -66.862877 -19.470413
v 112.831108 -29.252508 -135.258850
v 104.473251 -29.252508 -135.258850
v 104.473251 -20.894650 -135.258850
v 129.546829 -29.252508 -135.258850
v 121.188965 -29.252508 -135.258850
v 121.188965 -20.894650 -135.258850
v -20.894650 -12.536790 -135.258850
v -29.252508 -12.536790 -135.258850
v -29.252508 -4.178930 -135.258850
v -20.894650 -29.252508 -135.258850
v -29.252508 -29.252508 -135.258850
v -29.252508 -20.894650 -135.258850
v -4.178930 -29.252508 -135.258850
v -12.536790 -29.252508 -135.258850
v -12.536790 -20.894650 -135.258850
v -20.894650 121.188965 -135.258850
v -29.252508 121.188965 -135.258850
v -29.252508 129.546829 -135.258850
v -20.894650 104.473251 -135.258850
v -29.252508 104.473251 -135.258850
v -29.252508 112.831108 -135.258850
v -4.178930 104.473251 -135.258850
v -12.536790 104.473251 -135.258850
v -12.536790 112.831108 -135.258850
v 112.831108 121.188965 -135.258850
v 104.473251 121.188965 -135.258850
v 104.473251 129.546829 -135.258850
v 112.831108 104.473251 -135.258850
v 104.473251 104.473251 -135.258850
v 104.473251 112.831108 -135.258850
v 129.546829 104.473251 -135.258850
v 121.188965 104.473251 -135.258850
v 121.188965 112.831108 -135.258850
v 129.546829 112.831108 -135.258850
v 112.831108 112.831108 -135.258850
v 112.831108 129.546829 -135.258850
v -4.178930 112.831108 -135.258850
v -20.894650 112.831108 -135.258850
v -20.894650 129.546829 -135.258850
v -4.178930 -20.894650 -135.258850
v -20.894650 -20.894650 -135.258850
v -20.894650 -4.178930 -135.258850
v 129.546829 -20.894650 -135.258850
v 112.831108 -20.894650 -135.258850
v 112.831108 -4.178930 -135.258850
v 62.683949 -20.894650 -135.258850
v 45.968231 -20.894650 -135.258850
v 45.968231 -4.178930 -135.258850
v 62.683949 -87.757530 -135.258850
v 45.968231 -87.757530 -135.258850
v 45.968231 -71.041817 -135.258850
v 129.546829 -87.757530 -135.258850
v 112.831108 -87.757530 -135.258850
v 112.831108 -71.041817 -135.258850
v -71.041817 -20.894650 -135.258850
v -87.757530 -20.894650 -135.258850
v -87.757530 -4.178930 -135.258850
v -4.178930 -87.757530 -135.258850
v -20.894650 -71.041817 -135.258850
v -71.041817 112.831108 -135.258850
v -87.757530 112.831108 -135.258850
v -87.757530 129.546829 -135.258850
v -71.041817 45.968231 -135.258850
v -87.757530 45.968231 -135.258850
v -87.757530 62.683949 -135.258850
v -4.178930 45.968231 -135.258850
v -20.894650 45.968231 -135.258850
v -20.894650 62.683949 -135.258850
v 62.683949 112.831108 -135.258850
v 45.968231 112.831108 -135.258850
v 45.968231 129.546829 -135.258850
v 62.683949 45.968231 -135.258850
v 45.968231 45.968231 -135.258850
v 45.968231 62.683949 -135.258850
v 129.546829 45.968231 -135.258850
v 112.831108 45.968231 -135.258850
v 112.831108 62.683949 -135.258850
v -66.862877 -66.862877 -19.470413
v 79.399673 45.968231 -135.258850
v 79.399673 62.683949 -135.258850
v -66.862877 -71.041817 -19.470413
v 79.399673 12.536790 -135.258850
v 79.399673 29.252508 -135.258850
v 129.546829 12.536790 -135.258850
v 0.000000 -133.725754 -19.470413
v 112.831108 29.252508 -135.258850
v 29.252508 45.968231 -135.258850
v 12.536790 45.968231 -135.258850
v 12.536790 62.683949 -135.258850
v 29.252508 12.536790 -135.258850
v 12.536790 12.536790 -135.258850
v 12.536790 29.252508 -135.258850
v 62.683949 12.536790 -135.258850
v 45.968231 12.536790 -135.258850
v 45.968231 29.252508 -135.258850
v 29.252508 112.831108 -135.258850
v 12.536790 112.831108 -135.258850
v 12.536790 129.546829 -135.258850
v 62.683949 79.399673 -135.258850
v 45.968231 79.399673 -135.258850
v 45.968231 96.115387 -135.258850
v -37.610371 45.968231 -135.258850
v -54.326088 45.968231 -135.258850
v -54.326088 62.683949 -135.258850
v -37.610371 12.536790 -135.258850
v -54.326088 12.536790 -135.258850
v -54.326088 29.252508 -135.258850
v -4.178930 12.536790 -135.258850
v -20.894650 12.536790 -135.258850
v -20.894650 29.252508 -135.258850
v -117.010033 0.000000 50.251312
v -112.831108 0.000000 50.251312
v -100.294319 0.000000 50.251312
v 100.294319 -104.473251 -3.743317
v -121.188965 12.536790 -135.258850
v -121.188965 29.252508 -135.258850
v -71.041817 12.536790 -135.258850
v -87.757530 12.536790 -135.258850
v -87.757530 29.252508 -135.258850
v -104.473251 112.831108 -135.258850
v -121.188965 112.831108 -135.258850
v -121.188965 129.546829 -135.258850
v -104.473251 79.399673 -135.258850
v -121.188965 79.399673 -135.258850
v -121.188965 96.115387 -135.258850
v -71.041817 79.399673 -135.258850
v -87.757530 79.399673 -135.258850
v -54.326088 -71.041817 -135.258850
v -54.326088 -121.188965 -135.258850
v -104.473251 -87.757530 -135.258850
v -121.188965 -87.757530 -135.258850
v -121.188965 -71.041817 -135.258850
v -104.473251 -121.188965 -135.258850
v -121.188965 -121.188965 -135.258850
v -121.188965 -104.473251 -135.258850
v -71.041817 -121.188965 -135.258850
v -87.757530 -121.188965 -135.258850
v 66.862877 -100.294319 -3.743317
v -121.188965 -20.894650 -135.258850
v -121.188965 -4.178930 -135.258850
v -104.473251 -54.326088 -135.258850
v -121.188965 -54.326088 -135.258850
v -121.188965 -37.610371 -135.258850
v -71.041817 -54.326088 -135.258850
v -87.757530 -54.326088 -135.258850
v -87.757530 -37.610371 -135.258850
v 96.115387 -87.757530 -135.258850
v 100.294319 29.252508 132.138611
v 79.399673 -71.041817 -135.258850
v 96.115387 -121.188965 -135.258850
v 79.399673 -121.188965 -135.258850
v 100.294319 0.000000 132.138611
v 129.546829 -121.188965 -135.258850
v 112.831108 -121.188965 -135.258850
v 112.831108 -104.473251 -135.258850
v 29.252508 -87.757530 -135.258850
v 12.536790 -87.757530 -135.258850
v 12.536790 -71.041817 -135.258850
v 62.683949 -121.188965 -135.258850
v 45.968231 -121.188965 -135.258850
v 45.968231 -104.473251 -135.258850
v 29.252508 -20.894650 -135.258850
v 12.536790 -20.894650 -135.258850
v 12.536790 -4.178930 -135.258850
v 29.252508 -54.326088 -135.258850
v 12.536790 -54.326088 -135.258850
v 12.536790 -37.610371 -135.258850
v 62.683949 -54.326088 -135.258850
v 45.968231 -54.326088 -135.258850
v 45.968231 -37.610371 -135.258850
v 96.115387 -20.894650 -135.258850
v 79.399673 -20.894650 -135.258850
v 79.399673 -4.178930 -135.258850
v 96.115387 -54.326088 -135.258850
v 79.399673 -54.326088 -135.258850
v 79.399673 -37.610371 -135.258850
v 129.546829 -54.326088 -135.258850
v 112.831108 -54.326088 -135.258850
v 112.831108 -37.610371 -135.258850
v -37.610371 -20.894650 -135.258850
v -54.326088 -20.894650 -135.258850
v -54.326088 -4.178930 -135.258850
v -37.610371 -54.326088 -135.258850
v -54.326088 -54.326088 -135.258850
v -54.326088 -37.610371 -135.258850
v -4.178930 -54.326088 -135.258850
v -20.894650 -54.326088 -135.258850
v -20.894650 -37.610371 -135.258850
v -37.610371 112.831108 -135.258850
v -54.326088 112.831108 -135.258850
v -54.326088 129.546829 -135.258850
v -54.326088 79.399673 -135.258850
v 96.115387 112.831108 -135.258850
v 79.399673 112.831108 -135.258850
v 79.399673 129.546829 -135.258850
v 96.115387 79.399673 -135.258850
v 79.399673 79.399673 -135.258850
v 129.546829 79.399673 -135.258850
v 112.831108 79.399673 -135.258850
v 129.546829 96.115387 -135.258850
v 96.115387 129.546829 -135.258850
v -37.610371 129.546829 -135.258850
v -4.178930 -37.610371 -135.258850
v -37.610371 -37.610371 -135.258850
v -37.610371 -4.178930 -135.258850
v 129.546829 -37.610371 -135.258850
v 96.115387 -37.610371 -135.258850
v 96.115387 -4.178930 -135.258850
v 62.683949 -37.610371 -135.258850
v 29.252508 -37.610371 -135.258850
v 29.252508 -4.178930 -135.258850
v 62.683949 -104.473251 -135.258850
v 29.252508 -71.041817 -135.258850
v 129.546829 -104.473251 -135.258850
v 104.473251 0.000000 132.138611
v 96.115387 -71.041817 -135.258850
v -71.041817 -37.610371 -135.258850
v -104.473251 -37.610371 -135.258850
v 66.862877 -104.473251 -3.743317
v -104.473251 -104.473251 -135.258850
v -104.473251 -71.041817 -135.258850
v -37.610371 -71.041817 -135.258850
v -104.473251 129.546829 -135.258850
v -71.041817 29.252508 -135.258850
v -104.473251 29.252508 -135.258850
v -100.294319 -4.178930 50.251312
v -4.178930 29.252508 -135.258850
v -37.610371 29.252508 -135.258850
v -37.610371 62.683949 -135.258850
v 29.252508 129.546829 -135.258850
v 62.683949 29.252508 -135.258850
v 29.252508 29.252508 -135.258850
v 29.252508 62.683949 -135.258850
v 129.546829 29.252508 -135.258850
v -4.178930 -133.725754 -19.470413
v 96.115387 62.683949 -135.258850
v 129.546829 62.683949 -135.258850
v 62.683949 62.683949 -135.258850
v 62.683949 129.546829 -135.258850
v -4.178930 62.683949 -135.258850
v -71.041817 62.683949 -135.258850
v -71.041817 129.546829 -135.258850
v -4.178930 -71.041817 -135.258850
v -71.041817 -4.178930 -135.258850
v 129.546829 -71.041817 -135.258850
v 62.683949 -71.041817 -135.258850
v 62.683949 -4.178930 -135.258850
v 129.546829 -4.178930 -135.258850
v -4.178930 -4.178930 -135.258850
v -4.178930 129.546829 -135.258850
v 129.546829 129.546829 -135.258850
v -66.862877 96.115387 -85.258850
v -66.862877 100.294319 -85.258850
v -100.294319 96.115387 -85.258850
v -100.294319 100.294319 -85.258850
v -96.115387 100.294319 -85.258850
v -62.683949 100.294319 -85.258850
v -79.399673 100.294319 -85.258850
v -83.578598 100.294319 -85.258850
v -45.968231 100.294319 -85.258850
v -50.147160 100.294319 -85.258850
v -50.147160 96.115387 -85.258850
v -62.683949 83.578598 -85.258850
v -66.862877 83.578598 -85.258850
v -45.968231 83.578598 -85.258850
v -50.147160 83.578598 -85.258850
v -83.578598 96.115387 -85.258850
v -96.115387 83.578598 -85.258850
v -100.294319 83.578598 -85.258850
v -79.399673 83.578598 -85.258850
v -83.578598 83.578598 -85.258850
v -66.862877 87.757530 -85.258850
v -66.862877 91.936462 -85.258850
v -100.294319 87.757530 -85.258850
v -100.294319 91.936462 -85.258850
v -87.757530 100.294319 -85.258850
v -91.936462 100.294319 -85.258850
v -54.326088 100.294319 -85.258850
v -58.505016 100.294319 -85.258850
v -66.862877 104.473251 -85.258850
v -66.862877 108.652176 -85.258850
v -100.294319 104.473251 -85.258850
v -100.294319 108.652176 -85.258850
v -104.473251 100.294319 -85.258850
v -108.652176 100.294319 -85.258850
v -71.041817 100.294319 -85.258850
v -75.220741 100.294319 -85.258850
v -50.147160 87.757530 -85.258850
v -50.147160 91.936462 -85.258850
v -54.326088 83.578598 -85.258850
v -58.505016 83.578598 -85.258850
v -50.147160 104.473251 -85.258850
v -50.147160 108.652176 -85.258850
v -83.578598 87.757530 -85.258850
v -83.578598 91.936462 -85.258850
v -87.757530 83.578598 -85.258850
v -91.936462 83.578598 -85.258850
v -71.041817 83.578598 -85.258850
v -75.220741 83.578598 -85.258850
v -104.473251 83.578598 -85.258850
v -108.652176 83.578598 -85.258850
v -83.578598 104.473251 -85.258850
v -83.578598 108.652176 -85.258850
v -75.220741 104.473251 -85.258850
v -75.220741 108.652176 -85.258850
v -79.399673 108.652176 -85.258850
v -71.041817 108.652176 -85.258850
v -91.936462 104.473251 -85.258850
v -91.936462 108.652176 -85.258850
v -96.115387 108.652176 -85.258850
v -87.757530 108.652176 -85.258850
v -108.652176 104.473251 -85.258850
v -108.652176 108.652176 -85.258850
v -104.473251 108.652176 -85.258850
v -91.936462 96.115387 -85.258850
v -91.936462 87.757530 -85.258850
v -91.936462 91.936462 -85.258850
v -96.115387 91.936462 -85.258850
v -87.757530 91.936462 -85.258850
v -45.968231 108.652176 -85.258850
v -58.505016 104.473251 -85.258850
v -58.505016 108.652176 -85.258850
v -62.683949 108.652176 -85.258850
v -54.326088 108.652176 -85.258850
v -58.505016 96.115387 -85.258850
v -58.505016 87.757530 -85.258850
v -58.505016 91.936462 -85.258850
v -62.683949 91.936462 -85.258850
v -54.326088 91.936462 -85.258850
v -45.968231 91.936462 -85.258850
v -75.220741 96.115387 -85.258850
v -75.220741 87.757530 -85.258850
v -75.220741 91.936462 -85.258850
v -79.399673 91.936462 -85.258850
v -71.041817 91.936462 -85.258850
v -108.652176 96.115387 -85.258850
v -108.652176 87.757530 -85.258850
v -108.652176 91.936462 -85.258850
v -104.473251 91.936462 -85.258850
v -66.862877 112.831108 -85.258850
v -100.294319 112.831108 -85.258850
v -112.831108 100.294319 -85.258850
v -50.147160 112.831108 -85.258850
v -112.831108 83.578598 -85.258850
v -83.578598 112.831108 -85.258850
v -75.220741 112.831108 -85.258850
v -91.936462 112.831108 -85.258850
v -108.652176 112.831108 -85.258850
v -112.831108 108.652176 -85.258850
v -58.505016 112.831108 -85.258850
v -112.831108 91.936462 -85.258850
v -104.473251 87.757530 -85.258850
v -112.831108 87.757530 -85.258850
v -112.831108 96.115387 -85.258850
v -71.041817 87.757530 -85.258850
v -79.399673 87.757530 -85.258850
v -79.399673 96.115387 -85.258850
v -45.968231 87.757530 -85.258850
v -45.968231 96.115387 -85.258850
v -54.326088 87.757530 -85.258850
v -62.683949 87.757530 -85.258850
v -62.683949 96.115387 -85.258850
v -54.326088 104.473251 -85.258850
v -62.683949 104.473251 -85.258850
v -62.683949 112.831108 -85.258850
v -45.968231 104.473251 -85.258850
v -45.968231 112.831108 -85.258850
v -87.757530 87.757530 -85.258850
v -96.115387 87.757530 -85.258850
v -96.115387 96.115387 -85.258850
v -104.473251 104.473251 -85.258850
v -112.831108 104.473251 -85.258850
v -112.831108 112.831108 -85.258850
v -87.757530 104.473251 -85.258850
v -96.115387 104.473251 -85.258850
v -96.115387 112.831108 -85.258850
v -71.041817 104.473251 -85.258850
v -79.399673 104.473251 -85.258850
v -79.399673 112.831108 -85.258850
v -71.041817 112.831108 -85.258850
v -87.757530 112.831108 -85.258850
v -104.473251 112.831108 -85.258850
v -87.757530 96.115387 -85.258850
v -54.326088 112.831108 -85.258850
v -54.326088 96.115387 -85.258850
v -71.041817 96.115387 -85.258850
v -104.473251 96.115387 -85.258850
v 0.000000 96.115387 -75.258858
v 0.000000 100.294319 -75.258858
v 33.431438 96.115387 -75.258858
v 33.431438 100.294319 -75.258858
v 4.178930 100.294319 -75.258858
v 37.610371 100.294319 -75.258858
v -33.431438 96.115387 -75.258858
v -33.431438 100.294319 -75.258858
v -29.252508 100.294319 -75.258858
v 0.000000 79.399673 -75.258858
v 0.000000 83.578598 -75.258858
v 33.431438 79.399673 -75.258858
v 33.431438 83.578598 -75.258858
v 20.894650 100.294319 -75.258858
v 16.715719 100.294319 -75.258858
v -33.431438 79.399673 -75.258858
v -33.431438 83.578598 -75.258858
v -12.536790 100.294319 -75.258858
v -16.715719 100.294319 -75.258858
v -16.715719 96.115387 -75.258858
v -16.715719 79.399673 -75.258858
v -16.715719 83.578598 -75.258858
v -29.252508 83.578598 -75.258858
v -12.536790 83.578598 -75.258858
v 37.610371 83.578598 -75.258858
v 16.715719 96.115387 -75.258858
v 16.715719 79.399673 -75.258858
v 16.715719 83.578598 -75.258858
v 4.178930 83.578598 -75.258858
v 20.894650 83.578598 -75.258858
v 0.000000 87.757530 -75.258858
v 0.000000 91.936462 -75.258858
v 33.431438 87.757530 -75.258858
v 33.431438 91.936462 -75.258858
v 12.536790 100.294319 -75.258858
v 8.357860 100.294319 -75.258858
v 45.968231 100.294319 -75.258858
v 41.789299 100.294319 -75.258858
v -33.431438 87.757530 -75.258858
v -33.431438 91.936462 -75.258858
v -20.894650 100.294319 -75.258858
v -25.073580 100.294319 -75.258858
v 29.252508 100.294319 -75.258858
v 25.073580 100.294319 -75.258858
v -37.610371 100.294319 -75.258858
v -41.789299 100.294319 -75.258858
v -4.178930 100.294319 -75.258858
v -8.357860 100.294319 -75.258858
v -16.715719 87.757530 -75.258858
v -16.715719 91.936462 -75.258858
v -20.894650 83.578598 -75.258858
v -25.073580 83.578598 -75.258858
v -4.178930 83.578598 -75.258858
v -8.357860 83.578598 -75.258858
v -37.610371 83.578598 -75.258858
v -41.789299 83.578598 -75.258858
v 45.968231 83.578598 -75.258858
v 41.789299 83.578598 -75.258858
v 16.715719 87.757530 -75.258858
v 16.715719 91.936462 -75.258858
v 12.536790 83.578598 -75.258858
v 8.357860 83.578598 -75.258858
v 29.252508 83.578598 -75.258858
v 25.073580 83.578598 -75.258858
v 25.073580 79.399673 -75.258858
v 20.894650 75.220741 -75.258858
v 16.715719 75.220741 -75.258858
v 29.252508 75.220741 -75.258858
v 25.073580 75.220741 -75.258858
v 8.357860 79.399673 -75.258858
v 4.178930 75.220741 -75.258858
v 0.000000 75.220741 -75.258858
v 12.536790 75.220741 -75.258858
v 8.357860 75.220741 -75.258858
v 8.357860 96.115387 -75.258858
v 8.357860 87.757530 -75.258858
v 8.357860 91.936462 -75.258858
v 4.178930 91.936462 -75.258858
v 12.536790 91.936462 -75.258858
v 41.789299 79.399673 -75.258858
v 37.610371 75.220741 -75.258858
v 33.431438 75.220741 -75.258858
v 45.968231 75.220741 -75.258858
v 41.789299 75.220741 -75.258858
v 41.789299 96.115387 -75.258858
v 41.789299 87.757530 -75.258858
v 41.789299 91.936462 -75.258858
v 37.610371 91.936462 -75.258858
v 45.968231 91.936462 -75.258858
v -41.789299 79.399673 -75.258858
v -37.610371 75.220741 -75.258858
v -41.789299 75.220741 -75.258858
v -8.357860 79.399673 -75.258858
v -12.536790 75.220741 -75.258858
v -16.715719 75.220741 -75.258858
v -4.178930 75.220741 -75.258858
v -8.357860 75.220741 -75.258858
v -25.073580 79.399673 -75.258858
v -29.252508 75.220741 -75.258858
v -33.431438 75.220741 -75.258858
v -20.894650 75.220741 -75.258858
v -25.073580 75.220741 -75.258858
v -25.073580 96.115387 -75.258858
v -25.073580 87.757530 -75.258858
v -25.073580 91.936462 -75.258858
v -29.252508 91.936462 -75.258858
v -20.894650 91.936462 -75.258858
v -8.357860 96.115387 -75.258858
v -8.357860 87.757530 -75.258858
v -8.357860 91.936462 -75.258858
v -12.536790 91.936462 -75.258858
v -4.178930 91.936462 -75.258858
v -41.789299 96.115387 -75.258858
v -41.789299 87.757530 -75.258858
v -41.789299 91.936462 -75.258858
v -37.610371 91.936462 -75.258858
v 25.073580 96.115387 -75.258858
v 25.073580 87.757530 -75.258858
v 25.073580 91.936462 -75.258858
v 20.894650 91.936462 -75.258858
v 29.252508 91.936462 -75.258858
v 29.252508 87.757530 -75.258858
v 20.894650 87.757530 -75.258858
v 20.894650 96.115387 -75.258858
v -37.610371 87.757530 -75.258858
v -4.178930 87.757530 -75.258858
v -12.536790 87.757530 -75.258858
v -12.536790 96.115387 -75.258858
v -20.894650 87.757530 -75.258858
v -29.252508 87.757530 -75.258858
v -29.252508 96.115387 -75.258858
v -29.252508 79.399673 -75.258858
v -12.536790 79.399673 -75.258858
v 45.968231 87.757530 -75.258858
v 37.610371 87.757530 -75.258858
v 37.610371 96.115387 -75.258858
v 37.610371 79.399673 -75.258858
v 12.536790 87.757530 -75.258858
v 4.178930 87.757530 -75.258858
v 4.178930 96.115387 -75.258858
v 4.178930 79.399673 -75.258858
v 20.894650 79.399673 -75.258858
v 29.252508 79.399673 -75.258858
v 12.536790 79.399673 -75.258858
v 12.536790 96.115387 -75.258858
v 45.968231 79.399673 -75.258858
v 45.968231 96.115387 -75.258858
v -37.610371 79.399673 -75.258858
v -4.178930 79.399673 -75.258858
v -20.894650 79.399673 -75.258858
v -20.894650 96.115387 -75.258858
v -4.178930 96.115387 -75.258858
v -37.610371 96.115387 -75.258858
v 29.252508 96.115387 -75.258858
v 66.862877 96.115387 -95.258850
v 66.862877 100.294319 -95.258850
v 100.294319 96.115387 -95.258850
v 100.294319 100.294319 -95.258850
v 71.041817 100.294319 -95.258850
v 104.473251 100.294319 -95.258850
v 66.862877 79.399673 -95.258850
v 66.862877 83.578598 -95.258850
v 54.326088 100.294319 -95.258850
v 50.147160 100.294319 -95.258850
v 100.294319 79.399673 -95.258850
v 100.294319 83.578598 -95.258850
v 87.757530 100.294319 -95.258850
v 83.578598 100.294319 -95.258850
v 121.188965 100.294319 -95.258850
v 117.010033 100.294319 -95.258850
v 117.010033 96.115387 -95.258850
v 117.010033 79.399673 -95.258850
v 117.010033 83.578598 -95.258850
v 104.473251 83.578598 -95.258850
v 121.188965 83.578598 -95.258850
v 83.578598 96.115387 -95.258850
v 83.578598 79.399673 -95.258850
v 83.578598 83.578598 -95.258850
v 71.041817 83.578598 -95.258850
v 87.757530 83.578598 -95.258850
v 50.147160 96.115387 -95.258850
v 50.147160 79.399673 -95.258850
v 50.147160 83.578598 -95.258850
v 54.326088 83.578598 -95.258850
v 66.862877 87.757530 -95.258850
v 66.862877 91.936462 -95.258850
v 100.294319 87.757530 -95.258850
v 100.294319 91.936462 -95.258850
v 79.399673 100.294319 -95.258850
v 75.220741 100.294319 -95.258850
v 112.831108 100.294319 -95.258850
v 108.652176 100.294319 -95.258850
v 62.683949 100.294319 -95.258850
v 58.505016 100.294319 -95.258850
v 96.115387 100.294319 -95.258850
v 91.936462 100.294319 -95.258850
v 117.010033 87.757530 -95.258850
v 117.010033 91.936462 -95.258850
v 112.831108 83.578598 -95.258850
v 108.652176 83.578598 -95.258850
v 83.578598 87.757530 -95.258850
v 83.578598 91.936462 -95.258850
v 79.399673 83.578598 -95.258850
v 75.220741 83.578598 -95.258850
v 96.115387 83.578598 -95.258850
v 91.936462 83.578598 -95.258850
v 50.147160 87.757530 -95.258850
v 50.147160 91.936462 -95.258850
v 62.683949 83.578598 -95.258850
v 58.505016 83.578598 -95.258850
v 58.505016 79.399673 -95.258850
v 91.936462 79.399673 -95.258850
v 75.220741 79.399673 -95.258850
v 75.220741 96.115387 -95.258850
v 75.220741 87.757530 -95.258850
v 75.220741 91.936462 -95.258850
v 71.041817 91.936462 -95.258850
v 79.399673 91.936462 -95.258850
v 125.367897 79.399673 -95.258850
v 125.367897 83.578598 -95.258850
v 108.652176 79.399673 -95.258850
v 108.652176 96.115387 -95.258850
v 108.652176 87.757530 -95.258850
v 108.652176 91.936462 -95.258850
v 104.473251 91.936462 -95.258850
v 112.831108 91.936462 -95.258850
v 125.367897 96.115387 -95.258850
v 125.367897 100.294319 -95.258850
v 125.367897 87.757530 -95.258850
v 125.367897 91.936462 -95.258850
v 121.188965 91.936462 -95.258850
v 91.936462 96.115387 -95.258850
v 91.936462 87.757530 -95.258850
v 91.936462 91.936462 -95.258850
v 87.757530 91.936462 -95.258850
v 96.115387 91.936462 -95.258850
v 58.505016 96.115387 -95.258850
v 58.505016 87.757530 -95.258850
v 58.505016 91.936462 -95.258850
v 54.326088 91.936462 -95.258850
v 62.683949 91.936462 -95.258850
v 66.862877 104.473251 -95.258850
v 100.294319 104.473251 -95.258850
v 83.578598 104.473251 -95.258850
v 50.147160 104.473251 -95.258850
v 117.010033 104.473251 -95.258850
v 125.367897 104.473251 -95.258850
v 108.652176 104.473251 -95.258850
v 58.505016 104.473251 -95.258850
v 91.936462 104.473251 -95.258850
v 75.220741 104.473251 -95.258850
v 62.683949 87.757530 -95.258850
v 54.326088 87.757530 -95.258850
v 54.326088 96.115387 -95.258850
v 96.115387 87.757530 -95.258850
v 87.757530 87.757530 -95.258850
v 87.757530 96.115387 -95.258850
v 121.188965 87.757530 -95.258850
v 121.188965 96.115387 -95.258850
v 112.831108 87.757530 -95.258850
v 104.473251 87.757530 -95.258850
v 104.473251 96.115387 -95.258850
v 104.473251 79.399673 -95.258850
v 121.188965 79.399673 -95.258850
v 79.399673 87.757530 -95.258850
v 71.041817 87.757530 -95.258850
v 71.041817 96.115387 -95.258850
v 71.041817 79.399673 -95.258850
v 87.757530 79.399673 -95.258850
v 79.399673 104.473251 -95.258850
v 71.041817 104.473251 -95.258850
v 96.115387 104.473251 -95.258850
v 87.757530 104.473251 -95.258850
v 54.326088 79.399673 -95.258850
v 62.683949 104.473251 -95.258850
v 54.326088 104.473251 -95.258850
v 112.831108 104.473251 -95.258850
v 104.473251 104.473251 -95.258850
v 121.188965 104.473251 -95.258850
v 62.683949 79.399673 -95.258850
v 96.115387 79.399673 -95.258850
v 79.399673 79.399673 -95.258850
v 79.399673 96.115387 -95.258850
v 112.831108 79.399673 -95.258850
v 112.831108 96.115387 -95.258850
v 96.115387 96.115387 -95.258850
v 62.683949 96.115387 -95.258850
v -96.115387 66.862877 -45.258865
v -100.294319 66.862877 -45.258865
v -100.294319 62.683949 -45.258865
v -100.294319 29.252508 -45.258865
v -100.294319 33.431438 -45.258865
v -96.115387 33.431438 -45.258865
v -112.831108 66.862877 -45.258865
v -117.010033 66.862877 -45.258865
v -100.294319 45.968231 -45.258865
v -100.294319 50.147160 -45.258865
v -112.831108 33.431438 -45.258865
v -117.010033 33.431438 -45.258865
v -117.010033 29.252508 -45.258865
v -117.010033 62.683949 -45.258865
v -117.010033 45.968231 -45.258865
v -117.010033 50.147160 -45.258865
v -112.831108 50.147160 -45.258865
v -96.115387 50.147160 -45.258865
v -121.188965 66.862877 -45.258865
v -125.367897 66.862877 -45.258865
v -100.294319 54.326088 -45.258865
v -100.294319 58.505016 -45.258865
v -121.188965 33.431438 -45.258865
v -125.367897 33.431438 -45.258865
v -104.473251 66.862877 -45.258865
v -108.652176 66.862877 -45.258865
v -100.294319 37.610371 -45.258865
v -100.294319 41.789299 -45.258865
v -104.473251 33.431438 -45.258865
v -108.652176 33.431438 -45.258865
v -117.010033 54.326088 -45.258865
v -117.010033 58.505016 -45.258865
v -117.010033 37.610371 -45.258865
v -117.010033 41.789299 -45.258865
v -121.188965 50.147160 -45.258865
v -125.367897 50.147160 -45.258865
v -104.473251 50.147160 -45.258865
v -108.652176 50.147160 -45.258865
v -96.115387 41.789299 -45.258865
v -96.115387 58.505016 -45.258865
v -108.652176 45.968231 -45.258865
v -108.652176 37.610371 -45.258865
v -108.652176 41.789299 -45.258865
v -112.831108 41.789299 -45.258865
v -104.473251 41.789299 -45.258865
v -125.367897 45.968231 -45.258865
v -125.367897 37.610371 -45.258865
v -125.367897 41.789299 -45.258865
v -121.188965 41.789299 -45.258865
v -125.367897 62.683949 -45.258865
v -125.367897 54.326088 -45.258865
v -125.367897 58.505016 -45.258865
v -121.188965 58.505016 -45.258865
v -125.367897 29.252508 -45.258865
v -108.652176 29.252508 -45.258865
v -108.652176 62.683949 -45.258865
v -108.652176 54.326088 -45.258865
v -108.652176 58.505016 -45.258865
v -112.831108 58.505016 -45.258865
v -104.473251 58.505016 -45.258865
v -104.473251 54.326088 -45.258865
v -112.831108 54.326088 -45.258865
v -112.831108 62.683949 -45.258865
v -112.831108 29.252508 -45.258865
v -96.115387 29.252508 -45.258865
v -121.188965 54.326088 -45.258865
v -121.188965 37.610371 -45.258865
v -104.473251 37.610371 -45.258865
v -112.831108 37.610371 -45.258865
v -112.831108 45.968231 -45.258865
v -96.115387 54.326088 -45.258865
v -96.115387 62.683949 -45.258865
v -96.115387 37.610371 -45.258865
v -96.115387 45.968231 -45.258865
v -104.473251 45.968231 -45.258865
v -121.188965 45.968231 -45.258865
v -121.188965 62.683949 -45.258865
v -121.188965 29.252508 -45.258865
v -104.473251 29.252508 -45.258865
v -104.473251 62.683949 -45.258865
v -108.652176 -12.536790 50.251312
v -108.652176 -8.357860 50.251312
v -112.831108 -8.357860 50.251312
v -104.473251 -8.357860 50.251312
v -121.188965 0.000000 50.251312
v -121.188965 -33.431438 50.251312
v -100.294319 -33.431438 50.251312
v -121.188965 -16.715719 50.251312
v -121.188965 16.715719 50.251312
v -121.188965 8.357860 50.251312
v -121.188965 -25.073580 50.251312
v -121.188965 -8.357860 50.251312
v -104.473251 -12.536790 50.251312
v -112.831108 -12.536790 50.251312
v -112.831108 -4.178930 50.251312
v -121.188965 -12.536790 50.251312
v -121.188965 -29.252508 50.251312
v -104.473251 -29.252508 50.251312
v -112.831108 -29.252508 50.251312
v -112.831108 -20.894650 50.251312
v -121.188965 4.178930 50.251312
v -104.473251 4.178930 50.251312
v -112.831108 4.178930 50.251312
v -112.831108 12.536790 50.251312
v -104.473251 12.536790 50.251312
v -121.188965 12.536790 50.251312
v -104.473251 -20.894650 50.251312
v -121.188965 -20.894650 50.251312
v -121.188965 -4.178930 50.251312
v -104.473251 -4.178930 50.251312
v 58.505016 -96.115387 -3.743317
v 58.505016 -91.936462 -3.743317
v 62.683949 -91.936462 -3.743317
v 91.936462 -87.757530 -3.743317
v 91.936462 -96.115387 -3.743317
v 91.936462 -91.936462 -3.743317
v 87.757530 -91.936462 -3.743317
v 96.115387 -91.936462 -3.743317
v 75.220741 -87.757530 -3.743317
v 75.220741 -96.115387 -3.743317
v 75.220741 -91.936462 -3.743317
v 71.041817 -91.936462 -3.743317
v 79.399673 -91.936462 -3.743317
v 75.220741 -79.399673 -3.743317
v 75.220741 -75.220741 -3.743317
v 79.399673 -75.220741 -3.743317
v 75.220741 -121.188965 -3.743317
v 75.220741 -104.473251 -3.743317
v 75.220741 -112.831108 -3.743317
v 75.220741 -108.652176 -3.743317
v 71.041817 -108.652176 -3.743317
v 66.862877 -108.652176 -3.743317
v 79.399673 -108.652176 -3.743317
v 108.652176 -104.473251 -3.743317
v 108.652176 -100.294319 -3.743317
v 104.473251 -108.652176 -3.743317
v 91.936462 -104.473251 -3.743317
v 91.936462 -112.831108 -3.743317
v 91.936462 -108.652176 -3.743317
v 87.757530 -108.652176 -3.743317
v 96.115387 -108.652176 -3.743317
v 91.936462 -79.399673 -3.743317
v 91.936462 -75.220741 -3.743317
v 87.757530 -75.220741 -3.743317
v 100.294319 -87.757530 -3.743317
v 83.578598 -125.367897 -3.743317
v 91.936462 -117.010033 -3.743317
v 66.862877 -79.399673 -3.743317
v 79.399673 -66.862877 -3.743317
v 62.683949 -83.578598 -3.743317
v 58.505016 -87.757530 -3.743317
v 54.326088 -91.936462 -3.743317
v 75.220741 -71.041817 -3.743317
v 71.041817 -75.220741 -3.743317
v 79.399673 -125.367897 -3.743317
v 87.757530 -79.399673 -3.743317
v 87.757530 -71.041817 -3.743317
v 96.115387 -112.831108 -3.743317
v 87.757530 -112.831108 -3.743317
v 87.757530 -104.473251 -3.743317
v 104.473251 -104.473251 -3.743317
v 79.399673 -112.831108 -3.743317
v 71.041817 -112.831108 -3.743317
v 71.041817 -104.473251 -3.743317
v 87.757530 -121.188965 -3.743317
v 79.399673 -79.399673 -3.743317
v 71.041817 -79.399673 -3.743317
v 79.399673 -96.115387 -3.743317
v 71.041817 -96.115387 -3.743317
v 71.041817 -87.757530 -3.743317
v 96.115387 -96.115387 -3.743317
v 87.757530 -96.115387 -3.743317
v 87.757530 -87.757530 -3.743317
v 104.473251 -96.115387 -3.743317
v 62.683949 -96.115387 -3.743317
v 54.326088 -96.115387 -3.743317
v 54.326088 -87.757530 -3.743317
v 62.683949 -87.757530 -3.743317
v 96.115387 -87.757530 -3.743317
v 79.399673 -87.757530 -3.743317
v 79.399673 -71.041817 -3.743317
v 79.399673 -121.188965 -3.743317
v 79.399673 -104.473251 -3.743317
v 62.683949 -104.473251 -3.743317
v 96.115387 -104.473251 -3.743317
v 96.115387 8.357860 132.138611
v 75.220741 29.252508 132.138611
v 125.367897 12.536790 132.138611
v 125.367897 16.715719 132.138611
v 121.188965 8.357860 132.138611
v 129.546829 8.357860 132.138611
v 125.367897 8.357860 132.138611
v 108.652176 12.536790 132.138611
v 108.652176 4.178930 132.138611
v 108.652176 8.357860 132.138611
v 104.473251 8.357860 132.138611
v 112.831108 8.357860 132.138611
v 108.652176 29.252508 132.138611
v 108.652176 20.894650 132.138611
v 108.652176 25.073580 132.138611
v 104.473251 25.073580 132.138611
v 112.831108 25.073580 132.138611
v 121.188965 25.073580 132.138611
v 91.936462 29.252508 132.138611
v 91.936462 20.894650 132.138611
v 91.936462 25.073580 132.138611
v 87.757530 25.073580 132.138611
v 96.115387 25.073580 132.138611
v 71.041817 33.431438 132.138611
v 117.010033 29.252508 132.138611
v 83.578598 45.968231 132.138611
v 87.757530 50.147160 132.138611
v 117.010033 0.000000 132.138611
v 100.294319 54.326088 132.138611
v 96.115387 0.000000 132.138611
v 108.652176 -8.357860 132.138611
v 87.757530 8.357860 132.138611
v 79.399673 25.073580 132.138611
v 91.936462 54.326088 132.138611
v 96.115387 54.326088 132.138611
v 96.115387 20.894650 132.138611
v 87.757530 20.894650 132.138611
v 87.757530 29.252508 132.138611
v 121.188965 20.894650 132.138611
v 112.831108 20.894650 132.138611
v 104.473251 20.894650 132.138611
v 104.473251 29.252508 132.138611
v 112.831108 4.178930 132.138611
v 104.473251 4.178930 132.138611
v 104.473251 12.536790 132.138611
v 121.188965 4.178930 132.138611
v 121.188965 12.536790 132.138611
v 79.399673 20.894650 132.138611
v 96.115387 4.178930 132.138611
v 87.757530 12.536790 132.138611
v 79.399673 37.610371 132.138611
v 71.041817 37.610371 132.138611
v 96.115387 37.610371 132.138611
v 87.757530 37.610371 132.138611
v 87.757530 45.968231 132.138611
v 112.831108 37.610371 132.138611
v 104.473251 37.610371 132.138611
v 104.473251 45.968231 132.138611
v 104.473251 -4.178930 132.138611
v 112.831108 -4.178930 132.138611
v 96.115387 45.968231 132.138611
v 79.399673 45.968231 132.138611
v 96.115387 12.536790 132.138611
v 79.399673 29.252508 132.138611
v 129.546829 12.536790 132.138611
v 112.831108 12.536790 132.138611
v 112.831108 29.252508 132.138611
v 96.115387 29.252508 132.138611
v -12.536790 -133.725754 -19.470413
v -8.357860 -133.725754 -19.470413
v -66.862877 -79.399673 -19.470413
v -66.862877 -75.220741 -19.470413
v 20.894650 -133.725754 -19.470413
v 25.073580 -133.725754 -19.470413
v 0.000000 -112.831108 -19.470413
v 0.000000 -108.652176 -19.470413
v -66.862877 -112.831108 -19.470413
v -66.862877 -108.652176 -19.470413
v -87.757530 -66.862877 -19.470413
v -91.936462 -66.862877 -19.470413
v -33.431438 -79.399673 -19.470413
v -33.431438 -75.220741 -19.470413
v -33.431438 -112.831108 -19.470413
v -33.431438 -108.652176 -19.470413
v -54.326088 -100.294319 -19.470413
v -58.505016 -100.294319 -19.470413
v -20.894650 -100.294319 -19.470413
v -25.073580 -100.294319 -19.470413
v -100.294319 -79.399673 -19.470413
v -100.294319 -75.220741 -19.470413
v -87.757530 -100.294319 -19.470413
v -91.936462 -100.294319 -19.470413
v 33.431438 -112.831108 -19.470413
v 33.431438 -108.652176 -19.470413
v 12.536790 -100.294319 -19.470413
v 8.357860 -100.294319 -19.470413
v 45.968231 -100.294319 -19.470413
v 41.789299 -100.294319 -19.470413
v 0.000000 -96.115387 -19.470413
v 0.000000 -91.936462 -19.470413
v -66.862877 -96.115387 -19.470413
v -66.862877 -91.936462 -19.470413
v 4.178930 -133.725754 -19.470413
v 8.357860 -133.725754 -19.470413
v 0.000000 -129.546829 -19.470413
v 0.000000 -125.367897 -19.470413
v -71.041817 -66.862877 -19.470413
v -75.220741 -66.862877 -19.470413
v -33.431438 -96.115387 -19.470413
v -33.431438 -91.936462 -19.470413
v -37.610371 -100.294319 -19.470413
v -41.789299 -100.294319 -19.470413
v -4.178930 -100.294319 -19.470413
v -8.357860 -100.294319 -19.470413
v -100.294319 -96.115387 -19.470413
v -100.294319 -91.936462 -19.470413
v -71.041817 -100.294319 -19.470413
v -75.220741 -100.294319 -19.470413
v 29.252508 -100.294319 -19.470413
v 25.073580 -100.294319 -19.470413
v 16.715719 -112.831108 -19.470413
v 16.715719 -108.652176 -19.470413
v 16.715719 -129.546829 -19.470413
v 16.715719 -125.367897 -19.470413
v 12.536790 -117.010033 -19.470413
v 8.357860 -117.010033 -19.470413
v 29.252508 -117.010033 -19.470413
v 25.073580 -117.010033 -19.470413
v 16.715719 -96.115387 -19.470413
v 16.715719 -91.936462 -19.470413
v -83.578598 -112.831108 -19.470413
v -83.578598 -108.652176 -19.470413
v -16.715719 -112.831108 -19.470413
v -16.715719 -108.652176 -19.470413
v -16.715719 -129.546829 -19.470413
v -16.715719 -125.367897 -19.470413
v -20.894650 -117.010033 -19.470413
v -25.073580 -117.010033 -19.470413
v -4.178930 -117.010033 -19.470413
v -8.357860 -117.010033 -19.470413
v -50.147160 -112.831108 -19.470413
v -50.147160 -108.652176 -19.470413
v -54.326088 -117.010033 -19.470413
v -58.505016 -117.010033 -19.470413
v -37.610371 -117.010033 -19.470413
v -41.789299 -117.010033 -19.470413
v -50.147160 -79.399673 -19.470413
v -50.147160 -75.220741 -19.470413
v -50.147160 -96.115387 -19.470413
v -50.147160 -91.936462 -19.470413
v -54.326088 -83.578598 -19.470413
v -58.505016 -83.578598 -19.470413
v -37.610371 -83.578598 -19.470413
v -41.789299 -83.578598 -19.470413
v -16.715719 -96.115387 -19.470413
v -16.715719 -91.936462 -19.470413
v -20.894650 -83.578598 -19.470413
v -25.073580 -83.578598 -19.470413
v -4.178930 -83.578598 -19.470413
v -8.357860 -83.578598 -19.470413
v -83.578598 -79.399673 -19.470413
v -83.578598 -75.220741 -19.470413
v -83.578598 -96.115387 -19.470413
v -83.578598 -91.936462 -19.470413
v -87.757530 -83.578598 -19.470413
v -91.936462 -83.578598 -19.470413
v -71.041817 -83.578598 -19.470413
v -75.220741 -83.578598 -19.470413
v -75.220741 -87.757530 -19.470413
v -75.220741 -96.115387 -19.470413
v -75.220741 -91.936462 -19.470413
v -79.399673 -91.936462 -19.470413
v -71.041817 -91.936462 -19.470413
v -91.936462 -87.757530 -19.470413
v -91.936462 -96.115387 -19.470413
v -91.936462 -91.936462 -19.470413
v -96.115387 -91.936462 -19.470413
v -87.757530 -91.936462 -19.470413
v -91.936462 -71.041817 -19.470413
v -91.936462 -79.399673 -19.470413
v -91.936462 -75.220741 -19.470413
v -96.115387 -75.220741 -19.470413
v -87.757530 -75.220741 -19.470413
v -8.357860 -87.757530 -19.470413
v -8.357860 -96.115387 -19.470413
v -8.357860 -91.936462 -19.470413
v -12.536790 -91.936462 -19.470413
v -4.178930 -91.936462 -19.470413
v -25.073580 -87.757530 -19.470413
v -25.073580 -96.115387 -19.470413
v -25.073580 -91.936462 -19.470413
v -29.252508 -91.936462 -19.470413
v -20.894650 -91.936462 -19.470413
v -41.789299 -87.757530 -19.470413
v -41.789299 -96.115387 -19.470413
v -41.789299 -91.936462 -19.470413
v -45.968231 -91.936462 -19.470413
v -37.610371 -91.936462 -19.470413
v -58.505016 -87.757530 -19.470413
v -58.505016 -96.115387 -19.470413
v -58.505016 -91.936462 -19.470413
v -62.683949 -91.936462 -19.470413
v -54.326088 -91.936462 -19.470413
v -58.505016 -71.041817 -19.470413
v -58.505016 -66.862877 -19.470413
v -58.505016 -79.399673 -19.470413
v -58.505016 -75.220741 -19.470413
v -62.683949 -75.220741 -19.470413
v -54.326088 -75.220741 -19.470413
v -41.789299 -121.188965 -19.470413
v -37.610371 -125.367897 -19.470413
v -41.789299 -125.367897 -19.470413
v -58.505016 -104.473251 -19.470413
v -58.505016 -112.831108 -19.470413
v -58.505016 -108.652176 -19.470413
v -62.683949 -108.652176 -19.470413
v -54.326088 -108.652176 -19.470413
v -8.357860 -121.188965 -19.470413
v -8.357860 -129.546829 -19.470413
v -8.357860 -125.367897 -19.470413
v -12.536790 -125.367897 -19.470413
v -4.178930 -125.367897 -19.470413
v -25.073580 -121.188965 -19.470413
v -25.073580 -129.546829 -19.470413
v -25.073580 -125.367897 -19.470413
v -29.252508 -125.367897 -19.470413
v -33.431438 -125.367897 -19.470413
v -20.894650 -125.367897 -19.470413
v -25.073580 -104.473251 -19.470413
v -25.073580 -112.831108 -19.470413
v -25.073580 -108.652176 -19.470413
v -29.252508 -108.652176 -19.470413
v -20.894650 -108.652176 -19.470413
v -91.936462 -104.473251 -19.470413
v -87.757530 -108.652176 -19.470413
v -91.936462 -108.652176 -19.470413
v -91.936462 -62.683949 -19.470413
v -91.936462 -58.505016 -19.470413
v -87.757530 -58.505016 -19.470413
v 20.894650 -91.936462 -19.470413
v 8.357860 -96.115387 -19.470413
v 8.357860 -91.936462 -19.470413
v 4.178930 -91.936462 -19.470413
v 12.536790 -91.936462 -19.470413
v 25.073580 -121.188965 -19.470413
v 25.073580 -129.546829 -19.470413
v 25.073580 -125.367897 -19.470413
v 20.894650 -125.367897 -19.470413
v 29.252508 -125.367897 -19.470413
v 8.357860 -121.188965 -19.470413
v 8.357860 -129.546829 -19.470413
v 8.357860 -125.367897 -19.470413
v 4.178930 -125.367897 -19.470413
v 12.536790 -125.367897 -19.470413
v 8.357860 -104.473251 -19.470413
v 8.357860 -112.831108 -19.470413
v 8.357860 -108.652176 -19.470413
v 4.178930 -108.652176 -19.470413
v 12.536790 -108.652176 -19.470413
v 41.789299 -104.473251 -19.470413
v 41.789299 -112.831108 -19.470413
v 41.789299 -108.652176 -19.470413
v 37.610371 -108.652176 -19.470413
v 25.073580 -104.473251 -19.470413
v 25.073580 -112.831108 -19.470413
v 25.073580 -108.652176 -19.470413
v 20.894650 -108.652176 -19.470413
v 29.252508 -108.652176 -19.470413
v -75.220741 -104.473251 -19.470413
v -75.220741 -112.831108 -19.470413
v -75.220741 -108.652176 -19.470413
v -79.399673 -108.652176 -19.470413
v -71.041817 -108.652176 -19.470413
v -8.357860 -104.473251 -19.470413
v -8.357860 -112.831108 -19.470413
v -8.357860 -108.652176 -19.470413
v -12.536790 -108.652176 -19.470413
v -4.178930 -108.652176 -19.470413
v -41.789299 -104.473251 -19.470413
v -41.789299 -112.831108 -19.470413
v -41.789299 -108.652176 -19.470413
v -45.968231 -108.652176 -19.470413
v -37.610371 -108.652176 -19.470413
v -41.789299 -79.399673 -19.470413
v -41.789299 -75.220741 -19.470413
v -45.968231 -75.220741 -19.470413
v -37.610371 -75.220741 -19.470413
v -75.220741 -71.041817 -19.470413
v -75.220741 -79.399673 -19.470413
v -75.220741 -75.220741 -19.470413
v -79.399673 -75.220741 -19.470413
v -71.041817 -75.220741 -19.470413
v -96.115387 -66.862877 -19.470413
v -100.294319 -71.041817 -19.470413
v 0.000000 -87.757530 -19.470413
v 33.431438 -125.367897 -19.470413
v -50.147160 -71.041817 -19.470413
v -16.715719 -133.725754 -19.470413
v 33.431438 -96.115387 -19.470413
v -83.578598 -62.683949 -19.470413
v -71.041817 -117.010033 -19.470413
v -25.073580 -79.399673 -19.470413
v -96.115387 -108.652176 -19.470413
v -75.220741 -62.683949 -19.470413
v -96.115387 -58.505016 -19.470413
v 25.073580 -96.115387 -19.470413
v 8.357860 -87.757530 -19.470413
v -71.041817 -79.399673 -19.470413
v -79.399673 -79.399673 -19.470413
v -79.399673 -71.041817 -19.470413
v -37.610371 -79.399673 -19.470413
v -45.968231 -79.399673 -19.470413
v -45.968231 -71.041817 -19.470413
v -37.610371 -112.831108 -19.470413
v -45.968231 -112.831108 -19.470413
v -45.968231 -104.473251 -19.470413
v -4.178930 -112.831108 -19.470413
v -12.536790 -112.831108 -19.470413
v -12.536790 -104.473251 -19.470413
v -71.041817 -112.831108 -19.470413
v -79.399673 -112.831108 -19.470413
v -79.399673 -104.473251 -19.470413
v 29.252508 -112.831108 -19.470413
v 20.894650 -112.831108 -19.470413
v 20.894650 -104.473251 -19.470413
v 37.610371 -112.831108 -19.470413
v 37.610371 -104.473251 -19.470413
v 12.536790 -112.831108 -19.470413
v 4.178930 -112.831108 -19.470413
v 4.178930 -104.473251 -19.470413
v 12.536790 -129.546829 -19.470413
v 4.178930 -129.546829 -19.470413
v 4.178930 -121.188965 -19.470413
v 29.252508 -129.546829 -19.470413
v 20.894650 -129.546829 -19.470413
v 20.894650 -121.188965 -19.470413
v 12.536790 -96.115387 -19.470413
v 4.178930 -96.115387 -19.470413
v 4.178930 -87.757530 -19.470413
v 29.252508 -96.115387 -19.470413
v 20.894650 -96.115387 -19.470413
v -87.757530 -62.683949 -19.470413
v -96.115387 -62.683949 -19.470413
v -79.399673 -62.683949 -19.470413
v -96.115387 -104.473251 -19.470413
v -20.894650 -112.831108 -19.470413
v -29.252508 -112.831108 -19.470413
v -29.252508 -104.473251 -19.470413
v -20.894650 -129.546829 -19.470413
v -29.252508 -129.546829 -19.470413
v -29.252508 -121.188965 -19.470413
v -4.178930 -129.546829 -19.470413
v -12.536790 -129.546829 -19.470413
v -12.536790 -121.188965 -19.470413
v -54.326088 -112.831108 -19.470413
v -62.683949 -112.831108 -19.470413
v -62.683949 -104.473251 -19.470413
v -45.968231 -121.188965 -19.470413
v -54.326088 -79.399673 -19.470413
v -62.683949 -79.399673 -19.470413
v -62.683949 -71.041817 -19.470413
v -54.326088 -96.115387 -19.470413
v -62.683949 -96.115387 -19.470413
v -62.683949 -87.757530 -19.470413
v -37.610371 -96.115387 -19.470413
v -45.968231 -96.115387 -19.470413
v -45.968231 -87.757530 -19.470413
v -20.894650 -79.399673 -19.470413
v -29.252508 -79.399673 -19.470413
v -20.894650 -96.115387 -19.470413
v -29.252508 -96.115387 -19.470413
v -29.252508 -87.757530 -19.470413
v -4.178930 -96.115387 -19.470413
v -12.536790 -96.115387 -19.470413
v -12.536790 -87.757530 -19.470413
v -87.757530 -79.399673 -19.470413
v -96.115387 -79.399673 -19.470413
v -96.115387 -71.041817 -19.470413
v -87.757530 -96.115387 -19.470413
v -96.115387 -96.115387 -19.470413
v -96.115387 -87.757530 -19.470413
v -71.041817 -96.115387 -19.470413
v -79.399673 -96.115387 -19.470413
v -79.399673 -87.757530 -19.470413
v -71.041817 -87.757530 -19.470413
v -87.757530 -87.757530 -19.470413
v -87.757530 -71.041817 -19.470413
v -4.178930 -87.757530 -19.470413
v -20.894650 -87.757530 -19.470413
v -37.610371 -87.757530 -19.470413
v -54.326088 -87.757530 -19.470413
v -54.326088 -71.041817 -19.470413
v -37.610371 -121.188965 -19.470413
v -54.326088 -121.188965 -19.470413
v -54.326088 -104.473251 -19.470413
v -4.178930 -121.188965 -19.470413
v -20.894650 -121.188965 -19.470413
v -20.894650 -104.473251 -19.470413
v -87.757530 -104.473251 -19.470413
v 29.252508 -121.188965 -19.470413
v 12.536790 -121.188965 -19.470413
v 12.536790 -104.473251 -19.470413
v 45.968231 -104.473251 -19.470413
v 29.252508 -104.473251 -19.470413
v -71.041817 -104.473251 -19.470413
v -4.178930 -104.473251 -19.470413
v -37.610371 -104.473251 -19.470413
v -71.041817 -71.041817 -19.470413
vn -0.0000 -0.0000 1.0000
vn 1.0000 -0.0000 -0.0000
vn -0.0000 -1.0000 -0.0000
vn -0.0000 1.0000 -0.0000
vn -1.0000 -0.0000 -0.0000
vt 0.632549 0.628407
vt 0.628407 0.632549
vt 0.628407 0.628407
vt 0.101244 0.101244
vt 0.000000 1.000000
vt 0.000000 0.000000
vt 0.898756 0.101244
vt 1.000000 0.000000
vt 0.898756 0.898756
vt 1.000000 1.000000
vt 0.101244 0.898756
vt 0.224683 0.775317
vt 0.224683 0.224683
vt 0.775317 0.224683
vt 0.775317 0.775317
vt 0.367451 0.504142
vt 0.367451 0.508284
vt 0.495858 0.367451
vt 0.491716 0.367451
vt 0.632549 0.495858
vt 0.632549 0.491716
vt 0.504142 0.632549
vt 0.508284 0.632549
vt 0.500000 0.628407
vt 0.495858 0.632549
vt 0.495858 0.628407
vt 0.500000 0.495858
vt 0.495858 0.500000
vt 0.495858 0.495858
vt 0.628407 0.500000
vt 0.628407 0.495858
vt 0.566274 0.495858
vt 0.562132 0.500000
vt 0.562132 0.495858
vt 0.566274 0.429583
vt 0.562132 0.433726
vt 0.562132 0.429583
vt 0.632549 0.429583
vt 0.628407 0.433726
vt 0.628407 0.429583
vt 0.433726 0.495858
vt 0.429583 0.500000
vt 0.429583 0.495858
vt 0.500000 0.429583
vt 0.495858 0.433726
vt 0.495858 0.429583
vt 0.433726 0.628407
vt 0.429583 0.632549
vt 0.429583 0.628407
vt 0.433726 0.562132
vt 0.429583 0.566274
vt 0.429583 0.562132
vt 0.500000 0.562132
vt 0.495858 0.566274
vt 0.495858 0.562132
vt 0.566274 0.628407
vt 0.562132 0.632549
vt 0.562132 0.628407
vt 0.566274 0.562132
vt 0.562132 0.566274
vt 0.562132 0.562132
vt 0.632549 0.562132
vt 0.628407 0.566274
vt 0.628407 0.562132
vt 0.599412 0.562132
vt 0.595269 0.566274
vt 0.595269 0.562132
vt 0.450294 0.421299
vt 0.446152 0.425441
vt 0.446152 0.421299
vt 0.632549 0.528995
vt 0.628407 0.533137
vt 0.628407 0.528995
vt 0.533137 0.562132
vt 0.528995 0.566274
vt 0.528995 0.562132
vt 0.533137 0.528995
vt 0.528995 0.533137
vt 0.528995 0.528995
vt 0.566274 0.528995
vt 0.562132 0.533137
vt 0.562132 0.528995
vt 0.533137 0.628407
vt 0.528995 0.632549
vt 0.528995 0.628407
vt 0.466863 0.562132
vt 0.462721 0.566274
vt 0.462721 0.562132
vt 0.466863 0.528995
vt 0.462721 0.533137
vt 0.462721 0.528995
vt 0.500000 0.528995
vt 0.495858 0.533137
vt 0.495858 0.528995
vt 0.396446 0.466863
vt 0.392304 0.471005
vt 0.392304 0.466863
vt 0.396446 0.471005
vt 0.392304 0.475147
vt 0.433726 0.528995
vt 0.429583 0.533137
vt 0.429583 0.528995
vt 0.400588 0.628407
vt 0.396446 0.632549
vt 0.396446 0.628407
vt 0.466863 0.429583
vt 0.462721 0.433726
vt 0.462721 0.429583
vt 0.400588 0.429583
vt 0.396446 0.433726
vt 0.396446 0.429583
vt 0.400588 0.396446
vt 0.396446 0.400588
vt 0.396446 0.396446
vt 0.586985 0.421299
vt 0.582843 0.425441
vt 0.582843 0.421299
vt 0.400588 0.462721
vt 0.396446 0.462721
vt 0.433726 0.462721
vt 0.429583 0.466863
vt 0.429583 0.462721
vt 0.599412 0.429583
vt 0.595269 0.433726
vt 0.595269 0.429583
vt 0.620122 0.516569
vt 0.615980 0.520711
vt 0.615980 0.516569
vt 0.632549 0.396446
vt 0.628407 0.400588
vt 0.628407 0.396446
vt 0.533137 0.429583
vt 0.528995 0.433726
vt 0.528995 0.429583
vt 0.620122 0.520711
vt 0.615980 0.524853
vt 0.533137 0.495858
vt 0.528995 0.500000
vt 0.528995 0.495858
vt 0.533137 0.462721
vt 0.528995 0.466863
vt 0.528995 0.462721
vt 0.566274 0.462721
vt 0.562132 0.466863
vt 0.562132 0.462721
vt 0.599412 0.495858
vt 0.595269 0.500000
vt 0.595269 0.495858
vt 0.599412 0.462721
vt 0.595269 0.466863
vt 0.595269 0.462721
vt 0.632549 0.462721
vt 0.628407 0.466863
vt 0.628407 0.462721
vt 0.466863 0.495858
vt 0.462721 0.500000
vt 0.462721 0.495858
vt 0.466863 0.462721
vt 0.462721 0.466863
vt 0.462721 0.462721
vt 0.500000 0.462721
vt 0.495858 0.466863
vt 0.495858 0.462721
vt 0.466863 0.628407
vt 0.462721 0.632549
vt 0.462721 0.628407
vt 0.599412 0.628407
vt 0.595269 0.632549
vt 0.595269 0.628407
vt 0.632549 0.595269
vt 0.628407 0.599412
vt 0.628407 0.595269
vt 0.632549 0.578701
vt 0.628407 0.582843
vt 0.628407 0.578701
vt 0.582843 0.628407
vt 0.578701 0.632549
vt 0.578701 0.628407
vt 0.582843 0.611838
vt 0.578701 0.615980
vt 0.578701 0.611838
vt 0.599412 0.611838
vt 0.595269 0.615980
vt 0.595269 0.611838
vt 0.450294 0.578701
vt 0.446152 0.582843
vt 0.446152 0.578701
vt 0.450294 0.628407
vt 0.446152 0.632549
vt 0.446152 0.628407
vt 0.450294 0.611838
vt 0.446152 0.615980
vt 0.446152 0.611838
vt 0.466863 0.611838
vt 0.462721 0.615980
vt 0.462721 0.611838
vt 0.483431 0.462721
vt 0.479289 0.466863
vt 0.479289 0.462721
vt 0.483431 0.446152
vt 0.479289 0.450294
vt 0.479289 0.446152
vt 0.500000 0.446152
vt 0.495858 0.450294
vt 0.495858 0.446152
vt 0.450294 0.462721
vt 0.446152 0.466863
vt 0.446152 0.462721
vt 0.450294 0.446152
vt 0.446152 0.450294
vt 0.446152 0.446152
vt 0.466863 0.446152
vt 0.462721 0.450294
vt 0.462721 0.446152
vt 0.450294 0.495858
vt 0.446152 0.500000
vt 0.446152 0.495858
vt 0.450294 0.479289
vt 0.446152 0.483431
vt 0.446152 0.479289
vt 0.466863 0.479289
vt 0.462721 0.483431
vt 0.462721 0.479289
vt 0.615980 0.462721
vt 0.611838 0.466863
vt 0.611838 0.462721
vt 0.615980 0.446152
vt 0.611838 0.450294
vt 0.611838 0.446152
vt 0.632549 0.446152
vt 0.628407 0.450294
vt 0.628407 0.446152
vt 0.582843 0.462721
vt 0.578701 0.466863
vt 0.578701 0.462721
vt 0.582843 0.446152
vt 0.578701 0.450294
vt 0.578701 0.446152
vt 0.599412 0.446152
vt 0.595269 0.450294
vt 0.595269 0.446152
vt 0.582843 0.495858
vt 0.578701 0.500000
vt 0.578701 0.495858
vt 0.582843 0.479289
vt 0.578701 0.483431
vt 0.578701 0.479289
vt 0.599412 0.479289
vt 0.595269 0.483431
vt 0.595269 0.479289
vt 0.549706 0.462721
vt 0.545564 0.466863
vt 0.545564 0.462721
vt 0.549706 0.446152
vt 0.545564 0.450294
vt 0.545564 0.446152
vt 0.566274 0.446152
vt 0.562132 0.450294
vt 0.562132 0.446152
vt 0.516569 0.462721
vt 0.512426 0.466863
vt 0.512426 0.462721
vt 0.516569 0.446152
vt 0.512426 0.450294
vt 0.512426 0.446152
vt 0.533137 0.446152
vt 0.528995 0.450294
vt 0.528995 0.446152
vt 0.516569 0.495858
vt 0.512426 0.500000
vt 0.512426 0.495858
vt 0.516569 0.479289
vt 0.512426 0.483431
vt 0.512426 0.479289
vt 0.533137 0.479289
vt 0.528995 0.483431
vt 0.528995 0.479289
vt 0.549706 0.396446
vt 0.545564 0.400588
vt 0.545564 0.396446
vt 0.549706 0.379878
vt 0.545564 0.384020
vt 0.545564 0.379878
vt 0.566274 0.379878
vt 0.562132 0.384020
vt 0.562132 0.379878
vt 0.516569 0.429583
vt 0.512426 0.433726
vt 0.512426 0.429583
vt 0.516569 0.413015
vt 0.512426 0.417157
vt 0.512426 0.413015
vt 0.533137 0.413015
vt 0.528995 0.417157
vt 0.528995 0.413015
vt 0.615980 0.396446
vt 0.611838 0.400588
vt 0.611838 0.396446
vt 0.615980 0.379878
vt 0.611838 0.384020
vt 0.611838 0.379878
vt 0.632549 0.379878
vt 0.628407 0.384020
vt 0.628407 0.379878
vt 0.591127 0.524853
vt 0.586985 0.528995
vt 0.586985 0.524853
vt 0.582843 0.528995
vt 0.582843 0.524853
vt 0.599412 0.379878
vt 0.595269 0.384020
vt 0.595269 0.379878
vt 0.582843 0.533137
vt 0.591127 0.516569
vt 0.586985 0.520711
vt 0.586985 0.516569
vt 0.599412 0.413015
vt 0.595269 0.417157
vt 0.595269 0.413015
vt 0.417157 0.462721
vt 0.413015 0.466863
vt 0.413015 0.462721
vt 0.417157 0.446152
vt 0.413015 0.450294
vt 0.413015 0.446152
vt 0.433726 0.446152
vt 0.429583 0.450294
vt 0.429583 0.446152
vt 0.384020 0.462721
vt 0.379878 0.466863
vt 0.379878 0.462721
vt 0.384020 0.446152
vt 0.379878 0.450294
vt 0.379878 0.446152
vt 0.400588 0.446152
vt 0.396446 0.450294
vt 0.396446 0.446152
vt 0.591127 0.421299
vt 0.586985 0.425441
vt 0.599412 0.388162
vt 0.595269 0.392304
vt 0.595269 0.388162
vt 0.591127 0.388162
vt 0.586985 0.392304
vt 0.586985 0.388162
vt 0.417157 0.379878
vt 0.413015 0.384020
vt 0.413015 0.379878
vt 0.433726 0.379878
vt 0.429583 0.384020
vt 0.429583 0.379878
vt 0.384020 0.396446
vt 0.379878 0.400588
vt 0.379878 0.396446
vt 0.384020 0.379878
vt 0.379878 0.384020
vt 0.379878 0.379878
vt 0.400588 0.379878
vt 0.396446 0.384020
vt 0.396446 0.379878
vt 0.384020 0.429583
vt 0.379878 0.433726
vt 0.379878 0.429583
vt 0.384020 0.413015
vt 0.379878 0.417157
vt 0.379878 0.413015
vt 0.400588 0.413015
vt 0.396446 0.417157
vt 0.396446 0.413015
vt 0.450294 0.429583
vt 0.446152 0.433726
vt 0.446152 0.429583
vt 0.417157 0.578701
vt 0.413015 0.582843
vt 0.413015 0.578701
vt 0.433726 0.578701
vt 0.429583 0.582843
vt 0.429583 0.578701
vt 0.384020 0.595269
vt 0.379878 0.599412
vt 0.379878 0.595269
vt 0.384020 0.578701
vt 0.379878 0.582843
vt 0.379878 0.578701
vt 0.400588 0.578701
vt 0.396446 0.582843
vt 0.396446 0.578701
vt 0.384020 0.628407
vt 0.379878 0.632549
vt 0.379878 0.628407
vt 0.384020 0.611838
vt 0.379878 0.615980
vt 0.379878 0.611838
vt 0.400588 0.611838
vt 0.396446 0.615980
vt 0.396446 0.611838
vt 0.417157 0.528995
vt 0.413015 0.533137
vt 0.413015 0.528995
vt 0.417157 0.512426
vt 0.413015 0.516569
vt 0.413015 0.512426
vt 0.433726 0.512426
vt 0.429583 0.516569
vt 0.429583 0.512426
vt 0.384020 0.466863
vt 0.379878 0.471005
vt 0.591127 0.396446
vt 0.586985 0.400588
vt 0.586985 0.396446
vt 0.607696 0.396446
vt 0.603554 0.400588
vt 0.603554 0.396446
vt 0.384020 0.483431
vt 0.379878 0.487574
vt 0.379878 0.483431
vt 0.392304 0.491716
vt 0.388162 0.495858
vt 0.388162 0.491716
vt 0.384020 0.495858
vt 0.384020 0.491716
vt 0.483431 0.528995
vt 0.479289 0.533137
vt 0.479289 0.528995
vt 0.483431 0.512426
vt 0.479289 0.516569
vt 0.479289 0.512426
vt 0.500000 0.512426
vt 0.495858 0.516569
vt 0.495858 0.512426
vt 0.450294 0.528995
vt 0.446152 0.533137
vt 0.446152 0.528995
vt 0.450294 0.512426
vt 0.446152 0.516569
vt 0.446152 0.512426
vt 0.466863 0.512426
vt 0.462721 0.516569
vt 0.462721 0.512426
vt 0.450294 0.562132
vt 0.446152 0.566274
vt 0.446152 0.562132
vt 0.450294 0.545564
vt 0.446152 0.549706
vt 0.446152 0.545564
vt 0.466863 0.545564
vt 0.462721 0.549706
vt 0.462721 0.545564
vt 0.549706 0.595269
vt 0.545564 0.599412
vt 0.545564 0.595269
vt 0.549706 0.578701
vt 0.545564 0.582843
vt 0.545564 0.578701
vt 0.516569 0.628407
vt 0.512426 0.632549
vt 0.512426 0.628407
vt 0.516569 0.611838
vt 0.512426 0.615980
vt 0.512426 0.611838
vt 0.533137 0.611838
vt 0.528995 0.615980
vt 0.528995 0.611838
vt 0.549706 0.528995
vt 0.545564 0.533137
vt 0.545564 0.528995
vt 0.549706 0.512426
vt 0.545564 0.516569
vt 0.545564 0.512426
vt 0.566274 0.512426
vt 0.562132 0.516569
vt 0.562132 0.512426
vt 0.516569 0.528995
vt 0.512426 0.533137
vt 0.512426 0.528995
vt 0.516569 0.512426
vt 0.512426 0.516569
vt 0.512426 0.512426
vt 0.533137 0.512426
vt 0.528995 0.516569
vt 0.528995 0.512426
vt 0.516569 0.562132
vt 0.512426 0.566274
vt 0.512426 0.562132
vt 0.516569 0.545564
vt 0.512426 0.549706
vt 0.512426 0.545564
vt 0.533137 0.545564
vt 0.528995 0.549706
vt 0.528995 0.545564
vt 0.615980 0.528995
vt 0.611838 0.533137
vt 0.611838 0.528995
vt 0.442010 0.421299
vt 0.437868 0.425441
vt 0.437868 0.421299
vt 0.632549 0.512426
vt 0.628407 0.516569
vt 0.628407 0.512426
vt 0.442010 0.429583
vt 0.437868 0.433726
vt 0.437868 0.429583
vt 0.582843 0.512426
vt 0.578701 0.516569
vt 0.578701 0.512426
vt 0.450294 0.404731
vt 0.446152 0.408873
vt 0.446152 0.404731
vt 0.582843 0.562132
vt 0.578701 0.566274
vt 0.578701 0.562132
vt 0.582843 0.545564
vt 0.578701 0.549706
vt 0.578701 0.545564
vt 0.442010 0.404731
vt 0.437868 0.408873
vt 0.437868 0.404731
vt 0.615980 0.562132
vt 0.611838 0.566274
vt 0.611838 0.562132
vt 0.615980 0.545564
vt 0.611838 0.549706
vt 0.611838 0.545564
vt 0.632549 0.545564
vt 0.628407 0.549706
vt 0.628407 0.545564
vt 0.549706 0.562132
vt 0.545564 0.566274
vt 0.545564 0.562132
vt 0.549706 0.545564
vt 0.545564 0.549706
vt 0.545564 0.545564
vt 0.566274 0.545564
vt 0.562132 0.549706
vt 0.562132 0.545564
vt 0.549706 0.628407
vt 0.545564 0.632549
vt 0.545564 0.628407
vt 0.549706 0.611838
vt 0.545564 0.615980
vt 0.545564 0.611838
vt 0.566274 0.611838
vt 0.562132 0.615980
vt 0.562132 0.611838
vt 0.483431 0.562132
vt 0.479289 0.566274
vt 0.479289 0.562132
vt 0.483431 0.545564
vt 0.479289 0.549706
vt 0.479289 0.545564
vt 0.500000 0.545564
vt 0.495858 0.549706
vt 0.495858 0.545564
vt 0.417157 0.562132
vt 0.413015 0.566274
vt 0.413015 0.562132
vt 0.417157 0.545564
vt 0.413015 0.549706
vt 0.413015 0.545564
vt 0.433726 0.545564
vt 0.429583 0.549706
vt 0.429583 0.545564
vt 0.417157 0.628407
vt 0.413015 0.632549
vt 0.413015 0.628407
vt 0.417157 0.611838
vt 0.413015 0.615980
vt 0.413015 0.611838
vt 0.433726 0.611838
vt 0.429583 0.615980
vt 0.429583 0.611838
vt 0.483431 0.429583
vt 0.479289 0.433726
vt 0.479289 0.429583
vt 0.500000 0.413015
vt 0.495858 0.417157
vt 0.495858 0.413015
vt 0.417157 0.495858
vt 0.413015 0.500000
vt 0.413015 0.495858
vt 0.417157 0.479289
vt 0.413015 0.483431
vt 0.413015 0.479289
vt 0.433726 0.479289
vt 0.429583 0.483431
vt 0.429583 0.479289
vt 0.615980 0.429583
vt 0.611838 0.433726
vt 0.611838 0.429583
vt 0.615980 0.413015
vt 0.611838 0.417157
vt 0.611838 0.413015
vt 0.632549 0.413015
vt 0.628407 0.417157
vt 0.628407 0.413015
vt 0.549706 0.429583
vt 0.545564 0.433726
vt 0.545564 0.429583
vt 0.549706 0.413015
vt 0.545564 0.417157
vt 0.545564 0.413015
vt 0.582843 0.520711
vt 0.582843 0.516569
vt 0.549706 0.495858
vt 0.545564 0.500000
vt 0.545564 0.495858
vt 0.549706 0.479289
vt 0.545564 0.483431
vt 0.545564 0.479289
vt 0.566274 0.479289
vt 0.562132 0.483431
vt 0.562132 0.479289
vt 0.615980 0.495858
vt 0.611838 0.500000
vt 0.611838 0.495858
vt 0.615980 0.479289
vt 0.611838 0.483431
vt 0.611838 0.479289
vt 0.632549 0.479289
vt 0.628407 0.483431
vt 0.628407 0.479289
vt 0.483431 0.495858
vt 0.479289 0.500000
vt 0.479289 0.495858
vt 0.483431 0.479289
vt 0.479289 0.483431
vt 0.479289 0.479289
vt 0.500000 0.479289
vt 0.495858 0.483431
vt 0.495858 0.479289
vt 0.483431 0.628407
vt 0.479289 0.632549
vt 0.479289 0.628407
vt 0.483431 0.611838
vt 0.479289 0.615980
vt 0.479289 0.611838
vt 0.500000 0.611838
vt 0.495858 0.615980
vt 0.495858 0.611838
vt 0.615980 0.628407
vt 0.611838 0.632549
vt 0.611838 0.628407
vt 0.615980 0.611838
vt 0.611838 0.615980
vt 0.611838 0.611838
vt 0.632549 0.611838
vt 0.628407 0.615980
vt 0.628407 0.611838
vt 0.624264 0.611838
vt 0.620122 0.615980
vt 0.620122 0.611838
vt 0.624264 0.603554
vt 0.620122 0.607696
vt 0.620122 0.603554
vt 0.632549 0.603554
vt 0.628407 0.607696
vt 0.628407 0.603554
vt 0.607696 0.611838
vt 0.603554 0.615980
vt 0.603554 0.611838
vt 0.607696 0.603554
vt 0.603554 0.607696
vt 0.603554 0.603554
vt 0.615980 0.603554
vt 0.611838 0.607696
vt 0.611838 0.603554
vt 0.607696 0.628407
vt 0.603554 0.632549
vt 0.603554 0.628407
vt 0.607696 0.620122
vt 0.603554 0.624264
vt 0.603554 0.620122
vt 0.615980 0.620122
vt 0.611838 0.624264
vt 0.611838 0.620122
vt 0.491716 0.611838
vt 0.487574 0.615980
vt 0.487574 0.611838
vt 0.491716 0.603554
vt 0.487574 0.607696
vt 0.487574 0.603554
vt 0.500000 0.603554
vt 0.495858 0.607696
vt 0.495858 0.603554
vt 0.475147 0.611838
vt 0.471005 0.615980
vt 0.471005 0.611838
vt 0.475147 0.603554
vt 0.471005 0.607696
vt 0.471005 0.603554
vt 0.483431 0.603554
vt 0.479289 0.607696
vt 0.479289 0.603554
vt 0.475147 0.628407
vt 0.471005 0.632549
vt 0.471005 0.628407
vt 0.475147 0.620122
vt 0.471005 0.624264
vt 0.471005 0.620122
vt 0.483431 0.620122
vt 0.479289 0.624264
vt 0.479289 0.620122
vt 0.491716 0.479289
vt 0.487574 0.483431
vt 0.487574 0.479289
vt 0.491716 0.471005
vt 0.487574 0.475147
vt 0.487574 0.471005
vt 0.500000 0.471005
vt 0.495858 0.475147
vt 0.495858 0.471005
vt 0.475147 0.479289
vt 0.471005 0.483431
vt 0.471005 0.479289
vt 0.475147 0.471005
vt 0.471005 0.475147
vt 0.471005 0.471005
vt 0.483431 0.471005
vt 0.479289 0.475147
vt 0.479289 0.471005
vt 0.475147 0.495858
vt 0.471005 0.500000
vt 0.471005 0.495858
vt 0.475147 0.487574
vt 0.471005 0.491716
vt 0.471005 0.487574
vt 0.483431 0.487574
vt 0.479289 0.491716
vt 0.479289 0.487574
vt 0.624264 0.479289
vt 0.620122 0.483431
vt 0.620122 0.479289
vt 0.624264 0.471005
vt 0.620122 0.475147
vt 0.620122 0.471005
vt 0.632549 0.471005
vt 0.628407 0.475147
vt 0.628407 0.471005
vt 0.607696 0.479289
vt 0.603554 0.483431
vt 0.603554 0.479289
vt 0.607696 0.471005
vt 0.603554 0.475147
vt 0.603554 0.471005
vt 0.615980 0.471005
vt 0.611838 0.475147
vt 0.611838 0.471005
vt 0.442010 0.413015
vt 0.437868 0.417157
vt 0.437868 0.413015
vt 0.607696 0.487574
vt 0.603554 0.491716
vt 0.603554 0.487574
vt 0.615980 0.487574
vt 0.611838 0.491716
vt 0.611838 0.487574
vt 0.557990 0.479289
vt 0.553848 0.483431
vt 0.553848 0.479289
vt 0.557990 0.471005
vt 0.553848 0.475147
vt 0.553848 0.471005
vt 0.566274 0.471005
vt 0.562132 0.475147
vt 0.562132 0.471005
vt 0.541422 0.479289
vt 0.537279 0.483431
vt 0.537279 0.479289
vt 0.541422 0.471005
vt 0.537279 0.475147
vt 0.537279 0.471005
vt 0.549706 0.471005
vt 0.545564 0.475147
vt 0.545564 0.471005
vt 0.541422 0.495858
vt 0.537279 0.500000
vt 0.537279 0.495858
vt 0.541422 0.487574
vt 0.537279 0.491716
vt 0.537279 0.487574
vt 0.549706 0.487574
vt 0.545564 0.491716
vt 0.545564 0.487574
vt 0.557990 0.413015
vt 0.553848 0.417157
vt 0.553848 0.413015
vt 0.599412 0.516569
vt 0.595269 0.520711
vt 0.595269 0.516569
vt 0.541422 0.413015
vt 0.537279 0.417157
vt 0.537279 0.413015
vt 0.541422 0.404731
vt 0.537279 0.408873
vt 0.537279 0.404731
vt 0.549706 0.404731
vt 0.545564 0.408873
vt 0.545564 0.404731
vt 0.541422 0.429583
vt 0.537279 0.433726
vt 0.537279 0.429583
vt 0.541422 0.421299
vt 0.537279 0.425441
vt 0.537279 0.421299
vt 0.549706 0.421299
vt 0.545564 0.425441
vt 0.545564 0.421299
vt 0.624264 0.413015
vt 0.620122 0.417157
vt 0.620122 0.413015
vt 0.624264 0.404731
vt 0.620122 0.408873
vt 0.620122 0.404731
vt 0.632549 0.404731
vt 0.628407 0.408873
vt 0.628407 0.404731
vt 0.607696 0.413015
vt 0.603554 0.417157
vt 0.603554 0.413015
vt 0.607696 0.404731
vt 0.603554 0.408873
vt 0.603554 0.404731
vt 0.615980 0.404731
vt 0.611838 0.408873
vt 0.611838 0.404731
vt 0.607696 0.429583
vt 0.603554 0.433726
vt 0.603554 0.429583
vt 0.607696 0.421299
vt 0.603554 0.425441
vt 0.603554 0.421299
vt 0.615980 0.421299
vt 0.611838 0.425441
vt 0.611838 0.421299
vt 0.425441 0.479289
vt 0.421299 0.483431
vt 0.421299 0.479289
vt 0.425441 0.471005
vt 0.421299 0.475147
vt 0.421299 0.471005
vt 0.433726 0.471005
vt 0.429583 0.475147
vt 0.429583 0.471005
vt 0.408873 0.479289
vt 0.404731 0.483431
vt 0.404731 0.479289
vt 0.408873 0.471005
vt 0.404731 0.475147
vt 0.404731 0.471005
vt 0.417157 0.471005
vt 0.413015 0.475147
vt 0.413015 0.471005
vt 0.408873 0.495858
vt 0.404731 0.500000
vt 0.404731 0.495858
vt 0.408873 0.487574
vt 0.404731 0.491716
vt 0.404731 0.487574
vt 0.417157 0.487574
vt 0.413015 0.491716
vt 0.413015 0.487574
vt 0.475147 0.429583
vt 0.471005 0.433726
vt 0.471005 0.429583
vt 0.475147 0.421299
vt 0.471005 0.425441
vt 0.471005 0.421299
vt 0.483431 0.421299
vt 0.479289 0.425441
vt 0.479289 0.421299
vt 0.425441 0.611838
vt 0.421299 0.615980
vt 0.421299 0.611838
vt 0.408873 0.611838
vt 0.404731 0.615980
vt 0.404731 0.611838
vt 0.408873 0.628407
vt 0.404731 0.632549
vt 0.404731 0.628407
vt 0.408873 0.620122
vt 0.404731 0.624264
vt 0.404731 0.620122
vt 0.417157 0.620122
vt 0.413015 0.624264
vt 0.413015 0.620122
vt 0.425441 0.545564
vt 0.421299 0.549706
vt 0.421299 0.545564
vt 0.425441 0.537279
vt 0.421299 0.541422
vt 0.421299 0.537279
vt 0.433726 0.537279
vt 0.429583 0.541422
vt 0.429583 0.537279
vt 0.408873 0.545564
vt 0.404731 0.549706
vt 0.404731 0.545564
vt 0.408873 0.537279
vt 0.404731 0.541422
vt 0.404731 0.537279
vt 0.417157 0.537279
vt 0.413015 0.541422
vt 0.413015 0.537279
vt 0.408873 0.562132
vt 0.404731 0.566274
vt 0.404731 0.562132
vt 0.408873 0.553848
vt 0.404731 0.557990
vt 0.404731 0.553848
vt 0.417157 0.553848
vt 0.413015 0.557990
vt 0.413015 0.553848
vt 0.491716 0.545564
vt 0.487574 0.549706
vt 0.487574 0.545564
vt 0.491716 0.537279
vt 0.487574 0.541422
vt 0.487574 0.537279
vt 0.500000 0.537279
vt 0.495858 0.541422
vt 0.495858 0.537279
vt 0.475147 0.545564
vt 0.471005 0.549706
vt 0.471005 0.545564
vt 0.475147 0.537279
vt 0.471005 0.541422
vt 0.471005 0.537279
vt 0.483431 0.537279
vt 0.479289 0.541422
vt 0.479289 0.537279
vt 0.475147 0.562132
vt 0.471005 0.566274
vt 0.471005 0.562132
vt 0.475147 0.553848
vt 0.471005 0.557990
vt 0.471005 0.553848
vt 0.483431 0.553848
vt 0.479289 0.557990
vt 0.479289 0.553848
vt 0.557990 0.611838
vt 0.553848 0.615980
vt 0.553848 0.611838
vt 0.557990 0.603554
vt 0.553848 0.607696
vt 0.553848 0.603554
vt 0.566274 0.603554
vt 0.562132 0.607696
vt 0.562132 0.603554
vt 0.541422 0.611838
vt 0.537279 0.615980
vt 0.537279 0.611838
vt 0.541422 0.603554
vt 0.537279 0.607696
vt 0.537279 0.603554
vt 0.549706 0.603554
vt 0.545564 0.607696
vt 0.545564 0.603554
vt 0.541422 0.628407
vt 0.537279 0.632549
vt 0.537279 0.628407
vt 0.541422 0.620122
vt 0.537279 0.624264
vt 0.537279 0.620122
vt 0.549706 0.620122
vt 0.545564 0.624264
vt 0.545564 0.620122
vt 0.557990 0.545564
vt 0.553848 0.549706
vt 0.553848 0.545564
vt 0.557990 0.537279
vt 0.553848 0.541422
vt 0.553848 0.537279
vt 0.566274 0.537279
vt 0.562132 0.541422
vt 0.562132 0.537279
vt 0.541422 0.545564
vt 0.537279 0.549706
vt 0.537279 0.545564
vt 0.541422 0.537279
vt 0.537279 0.541422
vt 0.537279 0.537279
vt 0.549706 0.537279
vt 0.545564 0.541422
vt 0.545564 0.537279
vt 0.541422 0.562132
vt 0.537279 0.566274
vt 0.537279 0.562132
vt 0.541422 0.553848
vt 0.537279 0.557990
vt 0.537279 0.553848
vt 0.549706 0.553848
vt 0.545564 0.557990
vt 0.545564 0.553848
vt 0.624264 0.545564
vt 0.620122 0.549706
vt 0.620122 0.545564
vt 0.624264 0.537279
vt 0.620122 0.541422
vt 0.620122 0.537279
vt 0.632549 0.537279
vt 0.628407 0.541422
vt 0.628407 0.537279
vt 0.607696 0.545564
vt 0.603554 0.549706
vt 0.603554 0.545564
vt 0.466863 0.404731
vt 0.462721 0.408873
vt 0.462721 0.404731
vt 0.615980 0.537279
vt 0.611838 0.541422
vt 0.611838 0.537279
vt 0.607696 0.562132
vt 0.603554 0.566274
vt 0.603554 0.562132
vt 0.607696 0.553848
vt 0.603554 0.557990
vt 0.603554 0.553848
vt 0.615980 0.553848
vt 0.611838 0.557990
vt 0.611838 0.553848
vt 0.458578 0.404731
vt 0.454436 0.408873
vt 0.454436 0.404731
vt 0.458578 0.413015
vt 0.454436 0.417157
vt 0.454436 0.413015
vt 0.483431 0.404731
vt 0.479289 0.408873
vt 0.479289 0.404731
vt 0.574559 0.545564
vt 0.570417 0.549706
vt 0.570417 0.545564
vt 0.574559 0.537279
vt 0.570417 0.541422
vt 0.570417 0.537279
vt 0.475147 0.404731
vt 0.471005 0.408873
vt 0.471005 0.404731
vt 0.574559 0.562132
vt 0.570417 0.566274
vt 0.570417 0.562132
vt 0.574559 0.553848
vt 0.570417 0.557990
vt 0.570417 0.553848
vt 0.582843 0.553848
vt 0.578701 0.557990
vt 0.578701 0.553848
vt 0.475147 0.413015
vt 0.471005 0.417157
vt 0.471005 0.413015
vt 0.591127 0.504142
vt 0.586985 0.508284
vt 0.586985 0.504142
vt 0.500000 0.404731
vt 0.495858 0.408873
vt 0.495858 0.404731
vt 0.574559 0.512426
vt 0.570417 0.516569
vt 0.570417 0.512426
vt 0.574559 0.504142
vt 0.570417 0.508284
vt 0.570417 0.504142
vt 0.582843 0.504142
vt 0.578701 0.508284
vt 0.578701 0.504142
vt 0.574559 0.528995
vt 0.570417 0.533137
vt 0.570417 0.528995
vt 0.574559 0.520711
vt 0.570417 0.524853
vt 0.570417 0.520711
vt 0.491716 0.404731
vt 0.487574 0.408873
vt 0.487574 0.404731
vt 0.491716 0.413015
vt 0.487574 0.417157
vt 0.487574 0.413015
vt 0.624264 0.504142
vt 0.620122 0.508284
vt 0.620122 0.504142
vt 0.632549 0.504142
vt 0.628407 0.508284
vt 0.628407 0.504142
vt 0.417157 0.421299
vt 0.413015 0.425441
vt 0.413015 0.421299
vt 0.408873 0.421299
vt 0.404731 0.425441
vt 0.404731 0.421299
vt 0.408873 0.429583
vt 0.404731 0.433726
vt 0.404731 0.429583
vt 0.417157 0.404731
vt 0.413015 0.408873
vt 0.413015 0.404731
vt 0.408873 0.404731
vt 0.404731 0.408873
vt 0.404731 0.404731
vt 0.408873 0.413015
vt 0.404731 0.417157
vt 0.404731 0.413015
vt 0.524853 0.545564
vt 0.520711 0.549706
vt 0.520711 0.545564
vt 0.524853 0.537279
vt 0.520711 0.541422
vt 0.520711 0.537279
vt 0.533137 0.537279
vt 0.528995 0.541422
vt 0.528995 0.537279
vt 0.508284 0.545564
vt 0.504142 0.549706
vt 0.504142 0.545564
vt 0.508284 0.537279
vt 0.504142 0.541422
vt 0.504142 0.537279
vt 0.516569 0.537279
vt 0.512426 0.541422
vt 0.512426 0.537279
vt 0.508284 0.562132
vt 0.504142 0.566274
vt 0.504142 0.562132
vt 0.508284 0.553848
vt 0.504142 0.557990
vt 0.504142 0.553848
vt 0.516569 0.553848
vt 0.512426 0.557990
vt 0.512426 0.553848
vt 0.524853 0.512426
vt 0.520711 0.516569
vt 0.520711 0.512426
vt 0.524853 0.504142
vt 0.520711 0.508284
vt 0.520711 0.504142
vt 0.533137 0.504142
vt 0.528995 0.508284
vt 0.528995 0.504142
vt 0.508284 0.512426
vt 0.504142 0.516569
vt 0.504142 0.512426
vt 0.508284 0.504142
vt 0.504142 0.508284
vt 0.504142 0.504142
vt 0.516569 0.504142
vt 0.512426 0.508284
vt 0.512426 0.504142
vt 0.508284 0.528995
vt 0.504142 0.533137
vt 0.504142 0.528995
vt 0.508284 0.520711
vt 0.504142 0.524853
vt 0.504142 0.520711
vt 0.516569 0.520711
vt 0.512426 0.524853
vt 0.512426 0.520711
vt 0.557990 0.512426
vt 0.553848 0.516569
vt 0.553848 0.512426
vt 0.557990 0.504142
vt 0.553848 0.508284
vt 0.553848 0.504142
vt 0.566274 0.504142
vt 0.562132 0.508284
vt 0.562132 0.504142
vt 0.541422 0.512426
vt 0.537279 0.516569
vt 0.537279 0.512426
vt 0.541422 0.504142
vt 0.537279 0.508284
vt 0.537279 0.504142
vt 0.549706 0.504142
vt 0.545564 0.508284
vt 0.545564 0.504142
vt 0.541422 0.528995
vt 0.537279 0.533137
vt 0.537279 0.528995
vt 0.541422 0.520711
vt 0.537279 0.524853
vt 0.537279 0.520711
vt 0.549706 0.520711
vt 0.545564 0.524853
vt 0.545564 0.520711
vt 0.524853 0.611838
vt 0.520711 0.615980
vt 0.520711 0.611838
vt 0.524853 0.603554
vt 0.520711 0.607696
vt 0.520711 0.603554
vt 0.533137 0.603554
vt 0.528995 0.607696
vt 0.528995 0.603554
vt 0.508284 0.611838
vt 0.504142 0.615980
vt 0.504142 0.611838
vt 0.508284 0.603554
vt 0.504142 0.607696
vt 0.504142 0.603554
vt 0.516569 0.603554
vt 0.512426 0.607696
vt 0.512426 0.603554
vt 0.508284 0.628407
vt 0.504142 0.628407
vt 0.508284 0.620122
vt 0.504142 0.624264
vt 0.504142 0.620122
vt 0.516569 0.620122
vt 0.512426 0.624264
vt 0.512426 0.620122
vt 0.524853 0.570417
vt 0.520711 0.574559
vt 0.520711 0.570417
vt 0.533137 0.570417
vt 0.528995 0.574559
vt 0.528995 0.570417
vt 0.508284 0.570417
vt 0.504142 0.574559
vt 0.504142 0.570417
vt 0.516569 0.570417
vt 0.512426 0.574559
vt 0.512426 0.570417
vt 0.557990 0.570417
vt 0.553848 0.574559
vt 0.553848 0.570417
vt 0.566274 0.570417
vt 0.562132 0.574559
vt 0.562132 0.570417
vt 0.541422 0.570417
vt 0.537279 0.574559
vt 0.537279 0.570417
vt 0.549706 0.570417
vt 0.545564 0.574559
vt 0.545564 0.570417
vt 0.549706 0.586985
vt 0.545564 0.591127
vt 0.545564 0.586985
vt 0.458578 0.545564
vt 0.454436 0.549706
vt 0.454436 0.545564
vt 0.458578 0.537279
vt 0.454436 0.541422
vt 0.454436 0.537279
vt 0.466863 0.537279
vt 0.462721 0.541422
vt 0.462721 0.537279
vt 0.442010 0.545564
vt 0.437868 0.549706
vt 0.437868 0.545564
vt 0.442010 0.537279
vt 0.437868 0.541422
vt 0.437868 0.537279
vt 0.450294 0.537279
vt 0.446152 0.541422
vt 0.446152 0.537279
vt 0.442010 0.562132
vt 0.437868 0.566274
vt 0.437868 0.562132
vt 0.442010 0.553848
vt 0.437868 0.557990
vt 0.437868 0.553848
vt 0.450294 0.553848
vt 0.446152 0.557990
vt 0.446152 0.553848
vt 0.458578 0.512426
vt 0.454436 0.516569
vt 0.454436 0.512426
vt 0.458578 0.504142
vt 0.454436 0.508284
vt 0.454436 0.504142
vt 0.466863 0.504142
vt 0.462721 0.508284
vt 0.462721 0.504142
vt 0.442010 0.512426
vt 0.437868 0.516569
vt 0.437868 0.512426
vt 0.442010 0.504142
vt 0.437868 0.508284
vt 0.437868 0.504142
vt 0.450294 0.504142
vt 0.446152 0.508284
vt 0.446152 0.504142
vt 0.442010 0.528995
vt 0.437868 0.533137
vt 0.437868 0.528995
vt 0.442010 0.520711
vt 0.437868 0.524853
vt 0.437868 0.520711
vt 0.450294 0.520711
vt 0.446152 0.524853
vt 0.446152 0.520711
vt 0.491716 0.512426
vt 0.487574 0.516569
vt 0.487574 0.512426
vt 0.491716 0.504142
vt 0.487574 0.508284
vt 0.487574 0.504142
vt 0.500000 0.504142
vt 0.495858 0.508284
vt 0.495858 0.504142
vt 0.475147 0.512426
vt 0.471005 0.516569
vt 0.471005 0.512426
vt 0.475147 0.504142
vt 0.471005 0.508284
vt 0.471005 0.504142
vt 0.483431 0.504142
vt 0.479289 0.508284
vt 0.479289 0.504142
vt 0.475147 0.528995
vt 0.471005 0.533137
vt 0.471005 0.528995
vt 0.475147 0.520711
vt 0.471005 0.524853
vt 0.471005 0.520711
vt 0.483431 0.520711
vt 0.479289 0.524853
vt 0.479289 0.520711
vt 0.384020 0.500000
vt 0.392304 0.483431
vt 0.388162 0.487574
vt 0.388162 0.483431
vt 0.384020 0.487574
vt 0.375735 0.545564
vt 0.371593 0.549706
vt 0.371593 0.545564
vt 0.375735 0.537279
vt 0.371593 0.541422
vt 0.371593 0.537279
vt 0.375735 0.562132
vt 0.371593 0.566274
vt 0.371593 0.562132
vt 0.375735 0.553848
vt 0.371593 0.557990
vt 0.371593 0.553848
vt 0.400588 0.483431
vt 0.396446 0.487574
vt 0.396446 0.483431
vt 0.582843 0.388162
vt 0.578701 0.392304
vt 0.578701 0.388162
vt 0.574559 0.388162
vt 0.570417 0.392304
vt 0.570417 0.388162
vt 0.574559 0.396446
vt 0.570417 0.400588
vt 0.570417 0.396446
vt 0.375735 0.512426
vt 0.371593 0.516569
vt 0.371593 0.512426
vt 0.375735 0.504142
vt 0.371593 0.508284
vt 0.371593 0.504142
vt 0.578701 0.425441
vt 0.578701 0.421299
vt 0.375735 0.528995
vt 0.371593 0.533137
vt 0.371593 0.528995
vt 0.375735 0.520711
vt 0.371593 0.524853
vt 0.371593 0.520711
vt 0.384020 0.520711
vt 0.379878 0.524853
vt 0.379878 0.520711
vt 0.425441 0.512426
vt 0.421299 0.516569
vt 0.421299 0.512426
vt 0.425441 0.504142
vt 0.421299 0.508284
vt 0.421299 0.504142
vt 0.433726 0.504142
vt 0.429583 0.508284
vt 0.429583 0.504142
vt 0.408873 0.512426
vt 0.404731 0.516569
vt 0.404731 0.512426
vt 0.408873 0.504142
vt 0.404731 0.508284
vt 0.404731 0.504142
vt 0.417157 0.504142
vt 0.413015 0.508284
vt 0.413015 0.504142
vt 0.408873 0.528995
vt 0.404731 0.533137
vt 0.404731 0.528995
vt 0.408873 0.520711
vt 0.404731 0.524853
vt 0.404731 0.520711
vt 0.417157 0.520711
vt 0.413015 0.524853
vt 0.413015 0.520711
vt 0.392304 0.611838
vt 0.388162 0.615980
vt 0.388162 0.611838
vt 0.375735 0.611838
vt 0.371593 0.615980
vt 0.371593 0.611838
vt 0.375735 0.603554
vt 0.371593 0.607696
vt 0.371593 0.603554
vt 0.384020 0.603554
vt 0.379878 0.607696
vt 0.379878 0.603554
vt 0.375735 0.628407
vt 0.371593 0.632549
vt 0.371593 0.628407
vt 0.375735 0.620122
vt 0.371593 0.624264
vt 0.371593 0.620122
vt 0.384020 0.620122
vt 0.379878 0.624264
vt 0.379878 0.620122
vt 0.392304 0.578701
vt 0.388162 0.582843
vt 0.388162 0.578701
vt 0.392304 0.570417
vt 0.388162 0.574559
vt 0.388162 0.570417
vt 0.400588 0.570417
vt 0.396446 0.574559
vt 0.396446 0.570417
vt 0.375735 0.578701
vt 0.371593 0.582843
vt 0.371593 0.578701
vt 0.375735 0.570417
vt 0.371593 0.574559
vt 0.371593 0.570417
vt 0.384020 0.570417
vt 0.379878 0.574559
vt 0.379878 0.570417
vt 0.375735 0.595269
vt 0.371593 0.599412
vt 0.371593 0.595269
vt 0.375735 0.586985
vt 0.371593 0.591127
vt 0.371593 0.586985
vt 0.384020 0.586985
vt 0.379878 0.591127
vt 0.379878 0.586985
vt 0.425441 0.578701
vt 0.421299 0.582843
vt 0.421299 0.578701
vt 0.425441 0.570417
vt 0.421299 0.574559
vt 0.421299 0.570417
vt 0.433726 0.570417
vt 0.429583 0.574559
vt 0.429583 0.570417
vt 0.408873 0.578701
vt 0.404731 0.582843
vt 0.404731 0.578701
vt 0.408873 0.570417
vt 0.404731 0.574559
vt 0.404731 0.570417
vt 0.417157 0.570417
vt 0.413015 0.574559
vt 0.413015 0.570417
vt 0.458578 0.371593
vt 0.454436 0.375735
vt 0.454436 0.371593
vt 0.466863 0.371593
vt 0.462721 0.375735
vt 0.462721 0.371593
vt 0.442010 0.379878
vt 0.437868 0.384020
vt 0.437868 0.379878
vt 0.442010 0.371593
vt 0.437868 0.375735
vt 0.437868 0.371593
vt 0.450294 0.371593
vt 0.446152 0.375735
vt 0.446152 0.371593
vt 0.392304 0.413015
vt 0.388162 0.417157
vt 0.388162 0.413015
vt 0.392304 0.404731
vt 0.388162 0.408873
vt 0.388162 0.404731
vt 0.400588 0.404731
vt 0.396446 0.408873
vt 0.396446 0.404731
vt 0.375735 0.413015
vt 0.371593 0.417157
vt 0.371593 0.413015
vt 0.375735 0.404731
vt 0.371593 0.408873
vt 0.371593 0.404731
vt 0.384020 0.404731
vt 0.379878 0.408873
vt 0.379878 0.404731
vt 0.375735 0.429583
vt 0.371593 0.433726
vt 0.371593 0.429583
vt 0.375735 0.421299
vt 0.371593 0.425441
vt 0.371593 0.421299
vt 0.384020 0.421299
vt 0.379878 0.425441
vt 0.379878 0.421299
vt 0.392304 0.379878
vt 0.388162 0.384020
vt 0.388162 0.379878
vt 0.392304 0.371593
vt 0.388162 0.375735
vt 0.388162 0.371593
vt 0.400588 0.371593
vt 0.396446 0.375735
vt 0.396446 0.371593
vt 0.375736 0.379878
vt 0.371593 0.384020
vt 0.371593 0.379878
vt 0.375736 0.371593
vt 0.371593 0.375735
vt 0.371593 0.371593
vt 0.384020 0.371593
vt 0.379878 0.375735
vt 0.379878 0.371593
vt 0.375735 0.396446
vt 0.371593 0.400588
vt 0.371593 0.396446
vt 0.375735 0.388162
vt 0.371593 0.392304
vt 0.371593 0.388162
vt 0.384020 0.388162
vt 0.379878 0.392304
vt 0.379878 0.388162
vt 0.425441 0.379878
vt 0.421299 0.384020
vt 0.421299 0.379878
vt 0.425441 0.371593
vt 0.421299 0.375735
vt 0.421299 0.371593
vt 0.433726 0.371593
vt 0.429583 0.375735
vt 0.429583 0.371593
vt 0.408873 0.379878
vt 0.404731 0.384020
vt 0.404731 0.379878
vt 0.408873 0.371593
vt 0.404731 0.375735
vt 0.404731 0.371593
vt 0.417157 0.371593
vt 0.413015 0.375735
vt 0.413015 0.371593
vt 0.408873 0.388162
vt 0.404731 0.392304
vt 0.404731 0.388162
vt 0.417157 0.388162
vt 0.413015 0.392304
vt 0.413015 0.388162
vt 0.574559 0.421299
vt 0.570417 0.425441
vt 0.570417 0.421299
vt 0.582843 0.404731
vt 0.578701 0.408873
vt 0.578701 0.404731
vt 0.574559 0.404731
vt 0.570417 0.408873
vt 0.570417 0.404731
vt 0.375735 0.479289
vt 0.371593 0.483431
vt 0.371593 0.479289
vt 0.375735 0.471005
vt 0.371593 0.475147
vt 0.371593 0.471005
vt 0.574559 0.413015
vt 0.570417 0.417157
vt 0.570417 0.413015
vt 0.375735 0.495858
vt 0.371593 0.500000
vt 0.371593 0.495858
vt 0.375735 0.487574
vt 0.371593 0.491716
vt 0.371593 0.487574
vt 0.599412 0.404731
vt 0.595269 0.408873
vt 0.595269 0.404731
vt 0.392304 0.446152
vt 0.388162 0.450294
vt 0.388162 0.446152
vt 0.392304 0.437868
vt 0.388162 0.442010
vt 0.388162 0.437868
vt 0.400588 0.437868
vt 0.396446 0.442010
vt 0.396446 0.437868
vt 0.375735 0.446152
vt 0.371593 0.450294
vt 0.371593 0.446152
vt 0.375735 0.437868
vt 0.371593 0.442010
vt 0.371593 0.437868
vt 0.384020 0.437868
vt 0.379878 0.442010
vt 0.379878 0.437868
vt 0.375735 0.462721
vt 0.371593 0.466863
vt 0.371593 0.462721
vt 0.375735 0.454436
vt 0.371593 0.458578
vt 0.371593 0.454436
vt 0.384020 0.454436
vt 0.379878 0.458578
vt 0.379878 0.454436
vt 0.425441 0.446152
vt 0.421299 0.450294
vt 0.421299 0.446152
vt 0.425441 0.437868
vt 0.421299 0.442010
vt 0.421299 0.437868
vt 0.433726 0.437868
vt 0.429583 0.442010
vt 0.429583 0.437868
vt 0.408873 0.446152
vt 0.404731 0.450294
vt 0.404731 0.446152
vt 0.417157 0.437868
vt 0.413015 0.442010
vt 0.413015 0.437868
vt 0.408873 0.462721
vt 0.404731 0.466863
vt 0.404731 0.462721
vt 0.408873 0.454436
vt 0.404731 0.458578
vt 0.404731 0.454436
vt 0.417157 0.454436
vt 0.413015 0.458578
vt 0.413015 0.454436
vt 0.591127 0.520711
vt 0.599412 0.549706
vt 0.595269 0.553848
vt 0.595269 0.549706
vt 0.591127 0.553848
vt 0.591127 0.549706
vt 0.599412 0.520711
vt 0.595269 0.524853
vt 0.574559 0.429583
vt 0.570417 0.433726
vt 0.570417 0.429583
vt 0.591127 0.528995
vt 0.586985 0.533137
vt 0.611838 0.524853
vt 0.611838 0.520711
vt 0.591127 0.379878
vt 0.586985 0.384020
vt 0.586985 0.379878
vt 0.591127 0.371593
vt 0.586985 0.375735
vt 0.586985 0.371593
vt 0.599412 0.371593
vt 0.595269 0.375735
vt 0.595269 0.371593
vt 0.574559 0.379878
vt 0.570417 0.384020
vt 0.570417 0.379878
vt 0.574559 0.371593
vt 0.570417 0.375735
vt 0.570417 0.371593
vt 0.582843 0.371593
vt 0.578701 0.375735
vt 0.578701 0.371593
vt 0.607696 0.520711
vt 0.603554 0.524853
vt 0.603554 0.520711
vt 0.607696 0.528995
vt 0.603554 0.533137
vt 0.603554 0.528995
vt 0.615980 0.504142
vt 0.611838 0.508284
vt 0.611838 0.504142
vt 0.624264 0.379878
vt 0.620122 0.384020
vt 0.620122 0.379878
vt 0.624264 0.371593
vt 0.620122 0.375735
vt 0.620122 0.371593
vt 0.632549 0.371593
vt 0.628407 0.375735
vt 0.628407 0.371593
vt 0.607696 0.379878
vt 0.603554 0.384020
vt 0.603554 0.379878
vt 0.607696 0.371593
vt 0.603554 0.375735
vt 0.603554 0.371593
vt 0.615980 0.371593
vt 0.611838 0.375735
vt 0.611838 0.371593
vt 0.607696 0.504142
vt 0.603554 0.508284
vt 0.603554 0.504142
vt 0.607696 0.388162
vt 0.603554 0.392304
vt 0.603554 0.388162
vt 0.615980 0.388162
vt 0.611838 0.392304
vt 0.611838 0.388162
vt 0.524853 0.413015
vt 0.520711 0.417157
vt 0.520711 0.413015
vt 0.524853 0.404731
vt 0.520711 0.408873
vt 0.520711 0.404731
vt 0.533137 0.404731
vt 0.528995 0.408873
vt 0.528995 0.404731
vt 0.508284 0.413015
vt 0.504142 0.417157
vt 0.504142 0.413015
vt 0.508284 0.429583
vt 0.504142 0.433726
vt 0.504142 0.429583
vt 0.508284 0.421299
vt 0.504142 0.425441
vt 0.504142 0.421299
vt 0.516569 0.421299
vt 0.512426 0.425441
vt 0.512426 0.421299
vt 0.533137 0.371593
vt 0.528995 0.375735
vt 0.528995 0.371593
vt 0.557990 0.379878
vt 0.553848 0.384020
vt 0.553848 0.379878
vt 0.557990 0.371593
vt 0.553848 0.375735
vt 0.553848 0.371593
vt 0.566274 0.371593
vt 0.562132 0.375735
vt 0.562132 0.371593
vt 0.541422 0.379878
vt 0.537279 0.384020
vt 0.537279 0.379878
vt 0.541422 0.371593
vt 0.537279 0.375735
vt 0.537279 0.371593
vt 0.549706 0.371593
vt 0.545564 0.375735
vt 0.545564 0.371593
vt 0.549706 0.388162
vt 0.545564 0.392304
vt 0.545564 0.388162
vt 0.524853 0.479289
vt 0.520711 0.483431
vt 0.520711 0.479289
vt 0.524853 0.471005
vt 0.520711 0.475147
vt 0.520711 0.471005
vt 0.533137 0.471005
vt 0.528995 0.475147
vt 0.528995 0.471005
vt 0.508284 0.479289
vt 0.504142 0.483431
vt 0.504142 0.479289
vt 0.508284 0.471005
vt 0.504142 0.475147
vt 0.504142 0.471005
vt 0.516569 0.471005
vt 0.512426 0.475147
vt 0.512426 0.471005
vt 0.508284 0.495858
vt 0.504142 0.500000
vt 0.504142 0.495858
vt 0.508284 0.487574
vt 0.504142 0.491716
vt 0.504142 0.487574
vt 0.516569 0.487574
vt 0.512426 0.491716
vt 0.512426 0.487574
vt 0.524853 0.446152
vt 0.520711 0.450294
vt 0.520711 0.446152
vt 0.524853 0.437868
vt 0.520711 0.442010
vt 0.520711 0.437868
vt 0.533137 0.437868
vt 0.528995 0.442010
vt 0.528995 0.437868
vt 0.508284 0.446152
vt 0.504142 0.450294
vt 0.504142 0.446152
vt 0.508284 0.437868
vt 0.504142 0.442010
vt 0.504142 0.437868
vt 0.516569 0.437868
vt 0.512426 0.442010
vt 0.512426 0.437868
vt 0.508284 0.462721
vt 0.504142 0.466863
vt 0.504142 0.462721
vt 0.508284 0.454436
vt 0.504142 0.458578
vt 0.504142 0.454436
vt 0.516569 0.454436
vt 0.512426 0.458578
vt 0.512426 0.454436
vt 0.557990 0.446152
vt 0.553848 0.450294
vt 0.553848 0.446152
vt 0.557990 0.437868
vt 0.553848 0.442010
vt 0.553848 0.437868
vt 0.566274 0.437868
vt 0.562132 0.442010
vt 0.562132 0.437868
vt 0.541422 0.446152
vt 0.537279 0.450294
vt 0.537279 0.446152
vt 0.541422 0.437868
vt 0.537279 0.442010
vt 0.537279 0.437868
vt 0.549706 0.437868
vt 0.545564 0.442010
vt 0.545564 0.437868
vt 0.541422 0.462721
vt 0.537279 0.466863
vt 0.537279 0.462721
vt 0.541422 0.454436
vt 0.537279 0.458578
vt 0.537279 0.454436
vt 0.549706 0.454436
vt 0.545564 0.458578
vt 0.545564 0.454436
vt 0.591127 0.479289
vt 0.586985 0.483431
vt 0.586985 0.479289
vt 0.591127 0.471005
vt 0.586985 0.475147
vt 0.586985 0.471005
vt 0.599412 0.471005
vt 0.595269 0.475147
vt 0.595269 0.471005
vt 0.574559 0.479289
vt 0.570417 0.483431
vt 0.570417 0.479289
vt 0.574559 0.471005
vt 0.570417 0.475147
vt 0.570417 0.471005
vt 0.582843 0.471005
vt 0.578701 0.475147
vt 0.578701 0.471005
vt 0.574559 0.495858
vt 0.570417 0.500000
vt 0.570417 0.495858
vt 0.574559 0.487574
vt 0.570417 0.491716
vt 0.570417 0.487574
vt 0.582843 0.487574
vt 0.578701 0.491716
vt 0.578701 0.487574
vt 0.591127 0.446152
vt 0.586985 0.450294
vt 0.586985 0.446152
vt 0.591127 0.437868
vt 0.586985 0.442010
vt 0.586985 0.437868
vt 0.599412 0.437868
vt 0.595269 0.442010
vt 0.595269 0.437868
vt 0.574559 0.446152
vt 0.570417 0.450294
vt 0.570417 0.446152
vt 0.574559 0.437868
vt 0.570417 0.442010
vt 0.570417 0.437868
vt 0.582843 0.437868
vt 0.578701 0.442010
vt 0.578701 0.437868
vt 0.574559 0.462721
vt 0.570417 0.466863
vt 0.570417 0.462721
vt 0.574559 0.454436
vt 0.570417 0.458578
vt 0.570417 0.454436
vt 0.582843 0.454436
vt 0.578701 0.458578
vt 0.578701 0.454436
vt 0.624264 0.446152
vt 0.620122 0.450294
vt 0.620122 0.446152
vt 0.624264 0.437868
vt 0.620122 0.442010
vt 0.620122 0.437868
vt 0.632549 0.437868
vt 0.628407 0.442010
vt 0.628407 0.437868
vt 0.607696 0.446152
vt 0.603554 0.450294
vt 0.603554 0.446152
vt 0.607696 0.437868
vt 0.603554 0.442010
vt 0.603554 0.437868
vt 0.615980 0.437868
vt 0.611838 0.442010
vt 0.611838 0.437868
vt 0.607696 0.462721
vt 0.603554 0.466863
vt 0.603554 0.462721
vt 0.607696 0.454436
vt 0.603554 0.458578
vt 0.603554 0.454436
vt 0.615980 0.454436
vt 0.611838 0.458578
vt 0.611838 0.454436
vt 0.458578 0.479289
vt 0.454436 0.483431
vt 0.454436 0.479289
vt 0.458578 0.471005
vt 0.454436 0.475147
vt 0.454436 0.471005
vt 0.466863 0.471005
vt 0.462721 0.475147
vt 0.462721 0.471005
vt 0.442010 0.479289
vt 0.437868 0.483431
vt 0.437868 0.479289
vt 0.442010 0.471005
vt 0.437868 0.475147
vt 0.437868 0.471005
vt 0.450294 0.471005
vt 0.446152 0.475147
vt 0.446152 0.471005
vt 0.442010 0.495858
vt 0.437868 0.500000
vt 0.437868 0.495858
vt 0.442010 0.487574
vt 0.437868 0.491716
vt 0.437868 0.487574
vt 0.450294 0.487574
vt 0.446152 0.491716
vt 0.446152 0.487574
vt 0.458578 0.446152
vt 0.454436 0.450294
vt 0.454436 0.446152
vt 0.458578 0.437868
vt 0.454436 0.442010
vt 0.454436 0.437868
vt 0.466863 0.437868
vt 0.462721 0.442010
vt 0.462721 0.437868
vt 0.442010 0.446152
vt 0.437868 0.450294
vt 0.437868 0.446152
vt 0.442010 0.437868
vt 0.437868 0.442010
vt 0.437868 0.437868
vt 0.450294 0.437868
vt 0.446152 0.442010
vt 0.446152 0.437868
vt 0.442010 0.462721
vt 0.437868 0.466863
vt 0.437868 0.462721
vt 0.442010 0.454436
vt 0.437868 0.458578
vt 0.437868 0.454436
vt 0.450294 0.454436
vt 0.446152 0.458578
vt 0.446152 0.454436
vt 0.491716 0.446152
vt 0.487574 0.450294
vt 0.487574 0.446152
vt 0.491716 0.437868
vt 0.487574 0.442010
vt 0.487574 0.437868
vt 0.500000 0.437868
vt 0.495858 0.442010
vt 0.495858 0.437868
vt 0.475147 0.446152
vt 0.471005 0.450294
vt 0.471005 0.446152
vt 0.475147 0.437868
vt 0.471005 0.442010
vt 0.471005 0.437868
vt 0.483431 0.437868
vt 0.479289 0.442010
vt 0.479289 0.437868
vt 0.475147 0.462721
vt 0.471005 0.466863
vt 0.471005 0.462721
vt 0.475147 0.454436
vt 0.471005 0.458578
vt 0.471005 0.454436
vt 0.483431 0.454436
vt 0.479289 0.458578
vt 0.479289 0.454436
vt 0.458578 0.611838
vt 0.454436 0.615980
vt 0.454436 0.611838
vt 0.458578 0.603554
vt 0.454436 0.607696
vt 0.454436 0.603554
vt 0.466863 0.603554
vt 0.462721 0.607696
vt 0.462721 0.603554
vt 0.442010 0.611838
vt 0.437868 0.615980
vt 0.437868 0.611838
vt 0.442010 0.628407
vt 0.437868 0.632549
vt 0.437868 0.628407
vt 0.442010 0.620122
vt 0.437868 0.624264
vt 0.437868 0.620122
vt 0.450294 0.620122
vt 0.446152 0.624264
vt 0.446152 0.620122
vt 0.458578 0.578701
vt 0.454436 0.582843
vt 0.454436 0.578701
vt 0.458578 0.570417
vt 0.454436 0.574559
vt 0.454436 0.570417
vt 0.466863 0.570417
vt 0.462721 0.574559
vt 0.462721 0.570417
vt 0.442010 0.578701
vt 0.437868 0.582843
vt 0.437868 0.578701
vt 0.442010 0.570417
vt 0.437868 0.574559
vt 0.437868 0.570417
vt 0.450294 0.570417
vt 0.446152 0.574559
vt 0.446152 0.570417
vt 0.491716 0.570417
vt 0.487574 0.574559
vt 0.487574 0.570417
vt 0.500000 0.570417
vt 0.495858 0.574559
vt 0.495858 0.570417
vt 0.475147 0.570417
vt 0.471005 0.574559
vt 0.471005 0.570417
vt 0.483431 0.570417
vt 0.479289 0.574559
vt 0.479289 0.570417
vt 0.591127 0.611838
vt 0.586985 0.615980
vt 0.586985 0.611838
vt 0.591127 0.603554
vt 0.586985 0.607696
vt 0.586985 0.603554
vt 0.599412 0.603554
vt 0.595269 0.607696
vt 0.595269 0.603554
vt 0.574559 0.611838
vt 0.570417 0.615980
vt 0.570417 0.611838
vt 0.574559 0.603554
vt 0.570417 0.607696
vt 0.570417 0.603554
vt 0.582843 0.603554
vt 0.578701 0.607696
vt 0.578701 0.603554
vt 0.574559 0.628407
vt 0.570417 0.632549
vt 0.570417 0.628407
vt 0.574559 0.620122
vt 0.570417 0.624264
vt 0.570417 0.620122
vt 0.582843 0.620122
vt 0.578701 0.624264
vt 0.578701 0.620122
vt 0.591127 0.570417
vt 0.586985 0.574559
vt 0.586985 0.570417
vt 0.599412 0.570417
vt 0.595269 0.574559
vt 0.595269 0.570417
vt 0.574559 0.570417
vt 0.570417 0.574559
vt 0.570417 0.570417
vt 0.582843 0.570417
vt 0.578701 0.574559
vt 0.578701 0.570417
vt 0.624264 0.570417
vt 0.620122 0.574559
vt 0.620122 0.570417
vt 0.632549 0.570417
vt 0.628407 0.574559
vt 0.628407 0.570417
vt 0.607696 0.570417
vt 0.603554 0.574559
vt 0.603554 0.570417
vt 0.615980 0.570417
vt 0.611838 0.574559
vt 0.611838 0.570417
vt 0.632549 0.586985
vt 0.628407 0.591127
vt 0.628407 0.586985
vt 0.591127 0.628407
vt 0.586985 0.632549
vt 0.586985 0.628407
vt 0.591127 0.620122
vt 0.586985 0.624264
vt 0.586985 0.620122
vt 0.599412 0.620122
vt 0.595269 0.624264
vt 0.595269 0.620122
vt 0.458578 0.595269
vt 0.454436 0.599412
vt 0.454436 0.595269
vt 0.458578 0.586985
vt 0.454436 0.591127
vt 0.454436 0.586985
vt 0.458578 0.628407
vt 0.454436 0.632549
vt 0.454436 0.628407
vt 0.458578 0.620122
vt 0.454436 0.624264
vt 0.454436 0.620122
vt 0.466863 0.620122
vt 0.462721 0.624264
vt 0.462721 0.620122
vt 0.491716 0.462721
vt 0.487574 0.466863
vt 0.487574 0.462721
vt 0.491716 0.454436
vt 0.487574 0.458578
vt 0.487574 0.454436
vt 0.500000 0.454436
vt 0.495858 0.458578
vt 0.495858 0.454436
vt 0.458578 0.462721
vt 0.454436 0.466863
vt 0.454436 0.462721
vt 0.458578 0.454436
vt 0.454436 0.458578
vt 0.454436 0.454436
vt 0.466863 0.454436
vt 0.462721 0.458578
vt 0.462721 0.454436
vt 0.458578 0.495858
vt 0.454436 0.500000
vt 0.454436 0.495858
vt 0.458578 0.487574
vt 0.454436 0.491716
vt 0.454436 0.487574
vt 0.466863 0.487574
vt 0.462721 0.491716
vt 0.462721 0.487574
vt 0.624264 0.462721
vt 0.620122 0.466863
vt 0.620122 0.462721
vt 0.624264 0.454436
vt 0.620122 0.458578
vt 0.620122 0.454436
vt 0.632549 0.454436
vt 0.628407 0.458578
vt 0.628407 0.454436
vt 0.591127 0.462721
vt 0.586985 0.466863
vt 0.586985 0.462721
vt 0.591127 0.454436
vt 0.586985 0.458578
vt 0.586985 0.454436
vt 0.599412 0.454436
vt 0.595269 0.458578
vt 0.595269 0.454436
vt 0.591127 0.495858
vt 0.586985 0.500000
vt 0.586985 0.495858
vt 0.591127 0.487574
vt 0.586985 0.491716
vt 0.586985 0.487574
vt 0.599412 0.487574
vt 0.595269 0.491716
vt 0.595269 0.487574
vt 0.557990 0.462721
vt 0.553848 0.466863
vt 0.553848 0.462721
vt 0.557990 0.454436
vt 0.553848 0.458578
vt 0.553848 0.454436
vt 0.566274 0.454436
vt 0.562132 0.458578
vt 0.562132 0.454436
vt 0.524853 0.462721
vt 0.520711 0.466863
vt 0.520711 0.462721
vt 0.524853 0.454436
vt 0.520711 0.458578
vt 0.520711 0.454436
vt 0.533137 0.454436
vt 0.528995 0.458578
vt 0.528995 0.454436
vt 0.524853 0.495858
vt 0.520711 0.500000
vt 0.520711 0.495858
vt 0.524853 0.487574
vt 0.520711 0.491716
vt 0.520711 0.487574
vt 0.533137 0.487574
vt 0.528995 0.491716
vt 0.528995 0.487574
vt 0.557990 0.396446
vt 0.553848 0.400588
vt 0.553848 0.396446
vt 0.557990 0.388162
vt 0.553848 0.392304
vt 0.553848 0.388162
vt 0.566274 0.388162
vt 0.562132 0.392304
vt 0.562132 0.388162
vt 0.524853 0.429583
vt 0.520711 0.433726
vt 0.520711 0.429583
vt 0.524853 0.421299
vt 0.520711 0.425441
vt 0.520711 0.421299
vt 0.533137 0.421299
vt 0.528995 0.425441
vt 0.528995 0.421299
vt 0.624264 0.396446
vt 0.620122 0.400588
vt 0.620122 0.396446
vt 0.624264 0.388162
vt 0.620122 0.392304
vt 0.620122 0.388162
vt 0.632549 0.388162
vt 0.628407 0.392304
vt 0.628407 0.388162
vt 0.607696 0.512426
vt 0.603554 0.516569
vt 0.603554 0.512426
vt 0.624264 0.512426
vt 0.620122 0.512426
vt 0.578701 0.524853
vt 0.578701 0.520711
vt 0.591127 0.429583
vt 0.586985 0.433726
vt 0.586985 0.429583
vt 0.599412 0.504142
vt 0.595269 0.508284
vt 0.595269 0.504142
vt 0.599412 0.421299
vt 0.595269 0.425441
vt 0.595269 0.421299
vt 0.425441 0.462721
vt 0.421299 0.466863
vt 0.421299 0.462721
vt 0.425441 0.454436
vt 0.421299 0.458578
vt 0.421299 0.454436
vt 0.433726 0.454436
vt 0.429583 0.458578
vt 0.429583 0.454436
vt 0.392304 0.462721
vt 0.388162 0.466863
vt 0.388162 0.462721
vt 0.392304 0.454436
vt 0.388162 0.458578
vt 0.388162 0.454436
vt 0.400588 0.454436
vt 0.396446 0.458578
vt 0.396446 0.454436
vt 0.591127 0.404731
vt 0.586985 0.408873
vt 0.586985 0.404731
vt 0.591127 0.413015
vt 0.586985 0.417157
vt 0.586985 0.413015
vt 0.566274 0.404731
vt 0.562132 0.408873
vt 0.562132 0.404731
vt 0.392304 0.396446
vt 0.388162 0.400588
vt 0.388162 0.396446
vt 0.392304 0.388162
vt 0.388162 0.392304
vt 0.388162 0.388162
vt 0.400588 0.388162
vt 0.396446 0.392304
vt 0.396446 0.388162
vt 0.392304 0.429583
vt 0.388162 0.433726
vt 0.388162 0.429583
vt 0.392304 0.421299
vt 0.388162 0.425441
vt 0.388162 0.421299
vt 0.400588 0.421299
vt 0.396446 0.425441
vt 0.396446 0.421299
vt 0.458578 0.429583
vt 0.454436 0.433726
vt 0.454436 0.429583
vt 0.392304 0.628407
vt 0.388162 0.632549
vt 0.388162 0.628407
vt 0.392304 0.620122
vt 0.388162 0.624264
vt 0.388162 0.620122
vt 0.400588 0.620122
vt 0.396446 0.624264
vt 0.396446 0.620122
vt 0.425441 0.528995
vt 0.421299 0.533137
vt 0.421299 0.528995
vt 0.425441 0.520711
vt 0.421299 0.524853
vt 0.421299 0.520711
vt 0.433726 0.520711
vt 0.429583 0.524853
vt 0.429583 0.520711
vt 0.392304 0.487574
vt 0.392304 0.520711
vt 0.388162 0.524853
vt 0.388162 0.520711
vt 0.400588 0.520711
vt 0.396446 0.524853
vt 0.396446 0.520711
vt 0.400588 0.487574
vt 0.396446 0.491716
vt 0.491716 0.528995
vt 0.487574 0.533137
vt 0.487574 0.528995
vt 0.491716 0.520711
vt 0.487574 0.524853
vt 0.487574 0.520711
vt 0.500000 0.520711
vt 0.495858 0.524853
vt 0.495858 0.520711
vt 0.458578 0.528995
vt 0.454436 0.533137
vt 0.454436 0.528995
vt 0.458578 0.520711
vt 0.454436 0.524853
vt 0.454436 0.520711
vt 0.466863 0.520711
vt 0.462721 0.524853
vt 0.462721 0.520711
vt 0.458578 0.562132
vt 0.454436 0.566274
vt 0.454436 0.562132
vt 0.458578 0.553848
vt 0.454436 0.557990
vt 0.454436 0.553848
vt 0.466863 0.553848
vt 0.462721 0.557990
vt 0.462721 0.553848
vt 0.524853 0.628407
vt 0.520711 0.632549
vt 0.520711 0.628407
vt 0.524853 0.620122
vt 0.520711 0.624264
vt 0.520711 0.620122
vt 0.533137 0.620122
vt 0.528995 0.624264
vt 0.528995 0.620122
vt 0.557990 0.528995
vt 0.553848 0.533137
vt 0.553848 0.528995
vt 0.557990 0.520711
vt 0.553848 0.524853
vt 0.553848 0.520711
vt 0.566274 0.520711
vt 0.562132 0.524853
vt 0.562132 0.520711
vt 0.524853 0.528995
vt 0.520711 0.533137
vt 0.520711 0.528995
vt 0.524853 0.520711
vt 0.520711 0.524853
vt 0.520711 0.520711
vt 0.533137 0.520711
vt 0.528995 0.524853
vt 0.528995 0.520711
vt 0.524853 0.562132
vt 0.520711 0.566274
vt 0.520711 0.562132
vt 0.524853 0.553848
vt 0.520711 0.557990
vt 0.520711 0.553848
vt 0.533137 0.553848
vt 0.528995 0.557990
vt 0.528995 0.553848
vt 0.624264 0.528995
vt 0.620122 0.533137
vt 0.620122 0.528995
vt 0.624264 0.520711
vt 0.620122 0.524853
vt 0.632549 0.520711
vt 0.628407 0.524853
vt 0.628407 0.520711
vt 0.433726 0.404731
vt 0.429583 0.408873
vt 0.429583 0.404731
vt 0.425441 0.404731
vt 0.421299 0.408873
vt 0.421299 0.404731
vt 0.425441 0.413015
vt 0.421299 0.417157
vt 0.421299 0.413015
vt 0.591127 0.562132
vt 0.586985 0.566274
vt 0.586985 0.562132
vt 0.586985 0.557990
vt 0.586985 0.553848
vt 0.599412 0.553848
vt 0.595269 0.557990
vt 0.624264 0.562132
vt 0.620122 0.566274
vt 0.620122 0.562132
vt 0.624264 0.553848
vt 0.620122 0.557990
vt 0.620122 0.553848
vt 0.632549 0.553848
vt 0.628407 0.557990
vt 0.628407 0.553848
vt 0.557990 0.562132
vt 0.553848 0.566274
vt 0.553848 0.562132
vt 0.557990 0.553848
vt 0.553848 0.557990
vt 0.553848 0.553848
vt 0.566274 0.553848
vt 0.562132 0.557990
vt 0.562132 0.553848
vt 0.557990 0.628407
vt 0.553848 0.632549
vt 0.553848 0.628407
vt 0.557990 0.620122
vt 0.553848 0.624264
vt 0.553848 0.620122
vt 0.566274 0.620122
vt 0.562132 0.624264
vt 0.562132 0.620122
vt 0.491716 0.562132
vt 0.487574 0.566274
vt 0.487574 0.562132
vt 0.491716 0.553848
vt 0.487574 0.557990
vt 0.487574 0.553848
vt 0.500000 0.553848
vt 0.495858 0.557990
vt 0.495858 0.553848
vt 0.425441 0.562132
vt 0.421299 0.566274
vt 0.421299 0.562132
vt 0.425441 0.553848
vt 0.421299 0.557990
vt 0.421299 0.553848
vt 0.433726 0.553848
vt 0.429583 0.557990
vt 0.429583 0.553848
vt 0.425441 0.628407
vt 0.421299 0.632549
vt 0.421299 0.628407
vt 0.425441 0.620122
vt 0.421299 0.624264
vt 0.421299 0.620122
vt 0.433726 0.620122
vt 0.429583 0.624264
vt 0.429583 0.620122
vt 0.491716 0.429583
vt 0.487574 0.433726
vt 0.487574 0.429583
vt 0.491716 0.421299
vt 0.487574 0.425441
vt 0.487574 0.421299
vt 0.500000 0.421299
vt 0.495858 0.425441
vt 0.495858 0.421299
vt 0.425441 0.495858
vt 0.421299 0.500000
vt 0.421299 0.495858
vt 0.425441 0.487574
vt 0.421299 0.491716
vt 0.421299 0.487574
vt 0.433726 0.487574
vt 0.429583 0.491716
vt 0.429583 0.487574
vt 0.624264 0.429583
vt 0.620122 0.433726
vt 0.620122 0.429583
vt 0.624264 0.421299
vt 0.620122 0.425441
vt 0.620122 0.421299
vt 0.632549 0.421299
vt 0.628407 0.425441
vt 0.628407 0.421299
vt 0.557990 0.429583
vt 0.553848 0.433726
vt 0.553848 0.429583
vt 0.557990 0.421299
vt 0.553848 0.425441
vt 0.553848 0.421299
vt 0.566274 0.421299
vt 0.562132 0.425441
vt 0.562132 0.421299
vt 0.557990 0.495858
vt 0.553848 0.500000
vt 0.553848 0.495858
vt 0.557990 0.487574
vt 0.553848 0.491716
vt 0.553848 0.487574
vt 0.566274 0.487574
vt 0.562132 0.491716
vt 0.562132 0.487574
vt 0.624264 0.495858
vt 0.620122 0.500000
vt 0.620122 0.495858
vt 0.624264 0.487574
vt 0.620122 0.491716
vt 0.620122 0.487574
vt 0.632549 0.487574
vt 0.628407 0.491716
vt 0.628407 0.487574
vt 0.491716 0.495858
vt 0.487574 0.500000
vt 0.487574 0.495858
vt 0.491716 0.487574
vt 0.487574 0.491716
vt 0.487574 0.487574
vt 0.500000 0.487574
vt 0.495858 0.491716
vt 0.495858 0.487574
vt 0.491716 0.628407
vt 0.487574 0.632549
vt 0.487574 0.628407
vt 0.491716 0.620122
vt 0.487574 0.624264
vt 0.487574 0.620122
vt 0.500000 0.620122
vt 0.495858 0.624264
vt 0.495858 0.620122
vt 0.624264 0.628407
vt 0.620122 0.632549
vt 0.620122 0.628407
vt 0.624264 0.620122
vt 0.620122 0.624264
vt 0.620122 0.620122
vt 0.632549 0.620122
vt 0.628407 0.624264
vt 0.628407 0.620122
vt 0.624264 0.624264
vt 0.624264 0.615980
vt 0.632549 0.615980
vt 0.615980 0.624264
vt 0.615980 0.615980
vt 0.615980 0.632549
vt 0.491716 0.624264
vt 0.491716 0.615980
vt 0.500000 0.615980
vt 0.483431 0.624264
vt 0.483431 0.615980
vt 0.483431 0.632549
vt 0.491716 0.491716
vt 0.491716 0.483431
vt 0.500000 0.483431
vt 0.483431 0.491716
vt 0.483431 0.483431
vt 0.483431 0.500000
vt 0.624264 0.491716
vt 0.624264 0.483431
vt 0.632549 0.483431
vt 0.615980 0.491716
vt 0.615980 0.483431
vt 0.615980 0.500000
vt 0.557990 0.491716
vt 0.557990 0.483431
vt 0.566274 0.483431
vt 0.549706 0.491716
vt 0.549706 0.483431
vt 0.549706 0.500000
vt 0.557990 0.425441
vt 0.562132 0.417157
vt 0.557990 0.417157
vt 0.566274 0.417157
vt 0.549706 0.425441
vt 0.549706 0.417157
vt 0.549706 0.433726
vt 0.624264 0.425441
vt 0.624264 0.417157
vt 0.632549 0.417157
vt 0.615980 0.425441
vt 0.615980 0.417157
vt 0.615980 0.433726
vt 0.425441 0.491716
vt 0.425441 0.483431
vt 0.433726 0.483431
vt 0.417157 0.491716
vt 0.417157 0.483431
vt 0.417157 0.500000
vt 0.491716 0.425441
vt 0.491716 0.417157
vt 0.500000 0.417157
vt 0.483431 0.425441
vt 0.483431 0.417157
vt 0.483431 0.433726
vt 0.425441 0.624264
vt 0.425441 0.615980
vt 0.433726 0.615980
vt 0.417157 0.624264
vt 0.417157 0.615980
vt 0.417157 0.632549
vt 0.425441 0.557990
vt 0.425441 0.549706
vt 0.433726 0.549706
vt 0.417157 0.557990
vt 0.417157 0.549706
vt 0.417157 0.566274
vt 0.491716 0.557990
vt 0.491716 0.549706
vt 0.500000 0.549706
vt 0.483431 0.557990
vt 0.483431 0.549706
vt 0.483431 0.566274
vt 0.557990 0.624264
vt 0.557990 0.615980
vt 0.566274 0.615980
vt 0.549706 0.624264
vt 0.549706 0.615980
vt 0.549706 0.632549
vt 0.557990 0.557990
vt 0.557990 0.549706
vt 0.566274 0.549706
vt 0.549706 0.557990
vt 0.549706 0.549706
vt 0.549706 0.566274
vt 0.624264 0.557990
vt 0.624264 0.549706
vt 0.632549 0.549706
vt 0.615980 0.557990
vt 0.615980 0.549706
vt 0.615980 0.566274
vt 0.591127 0.557990
vt 0.433726 0.413015
vt 0.429583 0.417157
vt 0.429583 0.413015
vt 0.417157 0.413015
vt 0.413015 0.417157
vt 0.413015 0.413015
vt 0.582843 0.557990
vt 0.586985 0.549706
vt 0.582843 0.549706
vt 0.582843 0.566274
vt 0.417157 0.429583
vt 0.413015 0.433726
vt 0.413015 0.429583
vt 0.483431 0.413015
vt 0.479289 0.417157
vt 0.479289 0.413015
vt 0.466863 0.413015
vt 0.462721 0.417157
vt 0.462721 0.413015
vt 0.450294 0.413015
vt 0.446152 0.417157
vt 0.446152 0.413015
vt 0.466863 0.379878
vt 0.462721 0.384020
vt 0.462721 0.379878
vt 0.450294 0.379878
vt 0.446152 0.384020
vt 0.446152 0.379878
vt 0.450294 0.396446
vt 0.446152 0.400588
vt 0.446152 0.396446
vt 0.500000 0.379878
vt 0.495858 0.384020
vt 0.495858 0.379878
vt 0.483431 0.379878
vt 0.479289 0.384020
vt 0.479289 0.379878
vt 0.624264 0.524853
vt 0.624264 0.516569
vt 0.632549 0.516569
vt 0.483431 0.396446
vt 0.479289 0.400588
vt 0.479289 0.396446
vt 0.417157 0.396446
vt 0.413015 0.400588
vt 0.413015 0.396446
vt 0.615980 0.533137
vt 0.524853 0.557990
vt 0.524853 0.549706
vt 0.533137 0.549706
vt 0.516569 0.557990
vt 0.516569 0.549706
vt 0.516569 0.566274
vt 0.524853 0.524853
vt 0.524853 0.516569
vt 0.533137 0.516569
vt 0.516569 0.524853
vt 0.516569 0.516569
vt 0.516569 0.533137
vt 0.557990 0.524853
vt 0.557990 0.516569
vt 0.566274 0.516569
vt 0.549706 0.524853
vt 0.549706 0.516569
vt 0.549706 0.533137
vt 0.524853 0.624264
vt 0.524853 0.615980
vt 0.533137 0.615980
vt 0.516569 0.624264
vt 0.516569 0.615980
vt 0.516569 0.632549
vt 0.458578 0.557990
vt 0.458578 0.549706
vt 0.466863 0.549706
vt 0.450294 0.557990
vt 0.450294 0.549706
vt 0.450294 0.566274
vt 0.458578 0.524853
vt 0.458578 0.516569
vt 0.466863 0.516569
vt 0.450294 0.524853
vt 0.450294 0.516569
vt 0.450294 0.533137
vt 0.491716 0.524853
vt 0.491716 0.516569
vt 0.500000 0.516569
vt 0.483431 0.524853
vt 0.483431 0.516569
vt 0.483431 0.533137
vt 0.392304 0.495858
vt 0.388162 0.500000
vt 0.379878 0.491716
vt 0.384020 0.471005
vt 0.379878 0.475147
vt 0.400588 0.471005
vt 0.396446 0.475147
vt 0.388162 0.475147
vt 0.388162 0.471005
vt 0.392304 0.479289
vt 0.388162 0.479289
vt 0.384020 0.504142
vt 0.379878 0.508284
vt 0.379878 0.504142
vt 0.400588 0.504142
vt 0.396446 0.508284
vt 0.396446 0.504142
vt 0.392304 0.504142
vt 0.388162 0.508284
vt 0.388162 0.504142
vt 0.392304 0.524853
vt 0.396446 0.516569
vt 0.392304 0.516569
vt 0.400588 0.516569
vt 0.384020 0.524853
vt 0.388162 0.516569
vt 0.384020 0.516569
vt 0.392304 0.512426
vt 0.388162 0.512426
vt 0.384020 0.528995
vt 0.388162 0.528995
vt 0.425441 0.524853
vt 0.425441 0.516569
vt 0.433726 0.516569
vt 0.417157 0.524853
vt 0.417157 0.516569
vt 0.417157 0.533137
vt 0.392304 0.624264
vt 0.392304 0.615980
vt 0.400588 0.615980
vt 0.384020 0.624264
vt 0.384020 0.615980
vt 0.384020 0.632549
vt 0.388162 0.586985
vt 0.384020 0.591127
vt 0.384020 0.582843
vt 0.388162 0.595269
vt 0.384020 0.599412
vt 0.388162 0.591127
vt 0.450294 0.433726
vt 0.458578 0.425441
vt 0.454436 0.425441
vt 0.392304 0.425441
vt 0.392304 0.417157
vt 0.400588 0.417157
vt 0.384020 0.425441
vt 0.384020 0.417157
vt 0.384020 0.433726
vt 0.392304 0.392304
vt 0.392304 0.384020
vt 0.400588 0.384020
vt 0.384020 0.392304
vt 0.384020 0.384020
vt 0.384020 0.400588
vt 0.425441 0.388162
vt 0.425441 0.384020
vt 0.417157 0.384020
vt 0.421299 0.388162
vt 0.557990 0.404731
vt 0.553848 0.408873
vt 0.553848 0.404731
vt 0.566274 0.413015
vt 0.562132 0.413015
vt 0.582843 0.413015
vt 0.578701 0.417157
vt 0.578701 0.413015
vt 0.582843 0.429583
vt 0.578701 0.433726
vt 0.578701 0.429583
vt 0.582843 0.379878
vt 0.578701 0.384020
vt 0.578701 0.379878
vt 0.582843 0.396446
vt 0.578701 0.400588
vt 0.578701 0.396446
vt 0.566274 0.396446
vt 0.562132 0.400588
vt 0.562132 0.396446
vt 0.599412 0.396446
vt 0.595269 0.400588
vt 0.595269 0.396446
vt 0.400588 0.500000
vt 0.392304 0.458578
vt 0.392304 0.450294
vt 0.400588 0.450294
vt 0.384020 0.458578
vt 0.384020 0.450294
vt 0.425441 0.458578
vt 0.425441 0.450294
vt 0.433726 0.450294
vt 0.417157 0.458578
vt 0.417157 0.450294
vt 0.417157 0.466863
vt 0.591127 0.425441
vt 0.591127 0.417157
vt 0.599412 0.417157
vt 0.591127 0.512426
vt 0.586985 0.512426
vt 0.582843 0.537279
vt 0.578701 0.541422
vt 0.578701 0.537279
vt 0.599412 0.537279
vt 0.595269 0.541422
vt 0.595269 0.537279
vt 0.582843 0.433726
vt 0.591127 0.537279
vt 0.586985 0.541422
vt 0.586985 0.537279
vt 0.591127 0.545564
vt 0.586985 0.545564
vt 0.591127 0.384020
vt 0.599412 0.384020
vt 0.607696 0.537279
vt 0.603554 0.541422
vt 0.603554 0.537279
vt 0.607696 0.495858
vt 0.603554 0.500000
vt 0.603554 0.495858
vt 0.599412 0.545564
vt 0.595269 0.545564
vt 0.599412 0.512426
vt 0.595269 0.512426
vt 0.578701 0.533137
vt 0.578701 0.528995
vt 0.615980 0.512426
vt 0.611838 0.516569
vt 0.611838 0.512426
vt 0.624264 0.392304
vt 0.624264 0.384020
vt 0.632549 0.384020
vt 0.615980 0.392304
vt 0.615980 0.384020
vt 0.615980 0.400588
vt 0.524853 0.425441
vt 0.524853 0.417157
vt 0.533137 0.417157
vt 0.516569 0.425441
vt 0.516569 0.417157
vt 0.516569 0.433726
vt 0.557990 0.392304
vt 0.557990 0.384020
vt 0.566274 0.384020
vt 0.549706 0.392304
vt 0.549706 0.384020
vt 0.549706 0.400588
vt 0.524853 0.491716
vt 0.524853 0.483431
vt 0.533137 0.483431
vt 0.516569 0.491716
vt 0.516569 0.483431
vt 0.516569 0.500000
vt 0.524853 0.458578
vt 0.524853 0.450294
vt 0.533137 0.450294
vt 0.516569 0.458578
vt 0.516569 0.450294
vt 0.516569 0.466863
vt 0.557990 0.458578
vt 0.557990 0.450294
vt 0.566274 0.450294
vt 0.549706 0.458578
vt 0.549706 0.450294
vt 0.549706 0.466863
vt 0.591127 0.491716
vt 0.591127 0.483431
vt 0.599412 0.483431
vt 0.582843 0.491716
vt 0.582843 0.483431
vt 0.582843 0.500000
vt 0.591127 0.458578
vt 0.591127 0.450294
vt 0.599412 0.450294
vt 0.582843 0.458578
vt 0.582843 0.450294
vt 0.582843 0.466863
vt 0.624264 0.458578
vt 0.624264 0.450294
vt 0.632549 0.450294
vt 0.615980 0.458578
vt 0.615980 0.450294
vt 0.615980 0.466863
vt 0.458578 0.491716
vt 0.458578 0.483431
vt 0.466863 0.483431
vt 0.450294 0.491716
vt 0.450294 0.483431
vt 0.450294 0.500000
vt 0.458578 0.458578
vt 0.458578 0.450294
vt 0.466863 0.450294
vt 0.450294 0.458578
vt 0.450294 0.450294
vt 0.450294 0.466863
vt 0.491716 0.458578
vt 0.491716 0.450294
vt 0.500000 0.450294
vt 0.483431 0.458578
vt 0.483431 0.450294
vt 0.483431 0.466863
vt 0.458578 0.624264
vt 0.458578 0.615980
vt 0.466863 0.615980
vt 0.450294 0.624264
vt 0.450294 0.615980
vt 0.450294 0.632549
vt 0.458578 0.582843
vt 0.458578 0.591127
vt 0.591127 0.624264
vt 0.591127 0.615980
vt 0.599412 0.615980
vt 0.582843 0.624264
vt 0.582843 0.615980
vt 0.582843 0.632549
vt 0.624264 0.591127
vt 0.624264 0.586985
vt 0.624264 0.582843
vt 0.632549 0.582843
vt 0.607696 0.574559
vt 0.607696 0.566274
vt 0.599412 0.574559
vt 0.599412 0.566274
vt 0.595269 0.578701
vt 0.591127 0.578701
vt 0.599412 0.578701
vt 0.603554 0.578701
vt 0.624264 0.574559
vt 0.624264 0.566274
vt 0.632549 0.566274
vt 0.615980 0.574559
vt 0.615980 0.578701
vt 0.620122 0.578701
vt 0.562132 0.578701
vt 0.557990 0.578701
vt 0.586985 0.578701
vt 0.582843 0.578701
vt 0.549706 0.582843
vt 0.574559 0.574559
vt 0.574559 0.566274
vt 0.566274 0.574559
vt 0.566274 0.566274
vt 0.566274 0.578701
vt 0.570417 0.578701
vt 0.591127 0.574559
vt 0.591127 0.566274
vt 0.582843 0.574559
vt 0.549706 0.599412
vt 0.574559 0.624264
vt 0.574559 0.615980
vt 0.566274 0.624264
vt 0.566274 0.632549
vt 0.574559 0.607696
vt 0.624264 0.599412
vt 0.566274 0.607696
vt 0.549706 0.591127
vt 0.591127 0.607696
vt 0.607696 0.578701
vt 0.582843 0.607696
vt 0.475147 0.574559
vt 0.475147 0.566274
vt 0.466863 0.574559
vt 0.466863 0.566274
vt 0.491716 0.574559
vt 0.491716 0.566274
vt 0.500000 0.566274
vt 0.483431 0.574559
vt 0.442010 0.574559
vt 0.442010 0.566274
vt 0.433726 0.574559
vt 0.433726 0.566274
vt 0.433726 0.582843
vt 0.458578 0.574559
vt 0.458578 0.566274
vt 0.450294 0.574559
vt 0.450294 0.582843
vt 0.442010 0.624264
vt 0.442010 0.615980
vt 0.433726 0.624264
vt 0.433726 0.632549
vt 0.458578 0.607696
vt 0.462721 0.599412
vt 0.458578 0.599412
vt 0.466863 0.599412
vt 0.475147 0.458578
vt 0.475147 0.450294
vt 0.466863 0.458578
vt 0.466863 0.466863
vt 0.475147 0.442010
vt 0.475147 0.433726
vt 0.466863 0.442010
vt 0.466863 0.433726
vt 0.491716 0.442010
vt 0.491716 0.433726
vt 0.500000 0.433726
vt 0.483431 0.442010
vt 0.442010 0.458578
vt 0.442010 0.450294
vt 0.433726 0.458578
vt 0.433726 0.466863
vt 0.442010 0.442010
vt 0.442010 0.433726
vt 0.433726 0.442010
vt 0.433726 0.433726
vt 0.458578 0.442010
vt 0.458578 0.433726
vt 0.450294 0.442010
vt 0.442010 0.491716
vt 0.442010 0.483431
vt 0.433726 0.491716
vt 0.433726 0.500000
vt 0.442010 0.475147
vt 0.442010 0.466863
vt 0.433726 0.475147
vt 0.458578 0.475147
vt 0.458578 0.466863
vt 0.450294 0.475147
vt 0.607696 0.458578
vt 0.607696 0.450294
vt 0.599412 0.458578
vt 0.599412 0.466863
vt 0.607696 0.442010
vt 0.607696 0.433726
vt 0.599412 0.442010
vt 0.599412 0.433726
vt 0.624264 0.442010
vt 0.624264 0.433726
vt 0.632549 0.433726
vt 0.615980 0.442010
vt 0.574559 0.458578
vt 0.574559 0.450294
vt 0.566274 0.458578
vt 0.566274 0.466863
vt 0.574559 0.442010
vt 0.574559 0.433726
vt 0.566274 0.442010
vt 0.566274 0.433726
vt 0.591127 0.442010
vt 0.591127 0.433726
vt 0.582843 0.442010
vt 0.574559 0.491716
vt 0.574559 0.483431
vt 0.566274 0.491716
vt 0.566274 0.500000
vt 0.574559 0.475147
vt 0.574559 0.466863
vt 0.566274 0.475147
vt 0.591127 0.475147
vt 0.591127 0.466863
vt 0.582843 0.475147
vt 0.541422 0.458578
vt 0.541422 0.450294
vt 0.533137 0.458578
vt 0.533137 0.466863
vt 0.541422 0.442010
vt 0.541422 0.433726
vt 0.533137 0.442010
vt 0.533137 0.433726
vt 0.557990 0.442010
vt 0.557990 0.433726
vt 0.549706 0.442010
vt 0.508284 0.458578
vt 0.508284 0.450294
vt 0.500000 0.458578
vt 0.500000 0.466863
vt 0.508284 0.442010
vt 0.508284 0.433726
vt 0.500000 0.442010
vt 0.524853 0.442010
vt 0.524853 0.433726
vt 0.516569 0.442010
vt 0.508284 0.491716
vt 0.508284 0.483431
vt 0.500000 0.491716
vt 0.500000 0.500000
vt 0.508284 0.475147
vt 0.508284 0.466863
vt 0.500000 0.475147
vt 0.524853 0.475147
vt 0.524853 0.466863
vt 0.516569 0.475147
vt 0.541422 0.392304
vt 0.541422 0.388162
vt 0.541422 0.384020
vt 0.537279 0.388162
vt 0.541422 0.375735
vt 0.545564 0.367451
vt 0.541422 0.367451
vt 0.549706 0.367451
vt 0.533137 0.375735
vt 0.537279 0.367451
vt 0.533137 0.367451
vt 0.533137 0.384020
vt 0.533137 0.379878
vt 0.557990 0.375735
vt 0.562132 0.367451
vt 0.557990 0.367451
vt 0.566274 0.367451
vt 0.549706 0.375735
vt 0.553848 0.367451
vt 0.528995 0.367451
vt 0.524853 0.371593
vt 0.524853 0.367451
vt 0.508284 0.425441
vt 0.508284 0.417157
vt 0.500000 0.425441
vt 0.524853 0.408873
vt 0.516569 0.408873
vt 0.607696 0.392304
vt 0.607696 0.384020
vt 0.599412 0.392304
vt 0.599412 0.528995
vt 0.595269 0.533137
vt 0.595269 0.528995
vt 0.607696 0.400588
vt 0.607696 0.375735
vt 0.611838 0.367451
vt 0.607696 0.367451
vt 0.615980 0.367451
vt 0.599412 0.375735
vt 0.603554 0.367451
vt 0.599412 0.367451
vt 0.624264 0.375735
vt 0.628407 0.367451
vt 0.624264 0.367451
vt 0.632549 0.367451
vt 0.615980 0.375735
vt 0.620122 0.367451
vt 0.599412 0.408873
vt 0.566274 0.392304
vt 0.574559 0.384020
vt 0.574559 0.375735
vt 0.578701 0.367451
vt 0.574559 0.367451
vt 0.582843 0.367451
vt 0.566274 0.375735
vt 0.570417 0.367451
vt 0.591127 0.375735
vt 0.595269 0.367451
vt 0.591127 0.367451
vt 0.582843 0.375735
vt 0.586985 0.367451
vt 0.557990 0.400588
vt 0.566274 0.425441
vt 0.574559 0.425441
vt 0.408873 0.458578
vt 0.408873 0.450294
vt 0.400588 0.458578
vt 0.400588 0.466863
vt 0.404731 0.437868
vt 0.400588 0.442010
vt 0.400588 0.433726
vt 0.404731 0.442010
vt 0.408873 0.442010
vt 0.425441 0.442010
vt 0.429583 0.433726
vt 0.425441 0.433726
vt 0.417157 0.442010
vt 0.375735 0.458578
vt 0.375735 0.450294
vt 0.367451 0.458578
vt 0.367451 0.454436
vt 0.367451 0.450294
vt 0.367451 0.466863
vt 0.367451 0.462721
vt 0.375735 0.442010
vt 0.375735 0.433726
vt 0.367451 0.442010
vt 0.367451 0.437868
vt 0.367451 0.433726
vt 0.367451 0.446152
vt 0.392304 0.442010
vt 0.392304 0.433726
vt 0.384020 0.442010
vt 0.375735 0.491716
vt 0.375735 0.483431
vt 0.367451 0.491716
vt 0.367451 0.487574
vt 0.367451 0.483431
vt 0.367451 0.500000
vt 0.367451 0.495858
vt 0.375735 0.475147
vt 0.375735 0.466863
vt 0.367451 0.475147
vt 0.367451 0.471005
vt 0.367451 0.479289
vt 0.379878 0.495858
vt 0.379878 0.500000
vt 0.379878 0.512426
vt 0.408873 0.392304
vt 0.408873 0.384020
vt 0.400588 0.392304
vt 0.408873 0.375735
vt 0.413015 0.367451
vt 0.408873 0.367451
vt 0.417157 0.367451
vt 0.400588 0.375735
vt 0.404731 0.367451
vt 0.400588 0.367451
vt 0.425441 0.375735
vt 0.429583 0.367451
vt 0.425441 0.367451
vt 0.433726 0.367451
vt 0.417157 0.375735
vt 0.421299 0.367451
vt 0.375735 0.392304
vt 0.375735 0.384020
vt 0.367451 0.392304
vt 0.367451 0.388162
vt 0.367451 0.384020
vt 0.367451 0.400588
vt 0.367451 0.396446
vt 0.375736 0.375735
vt 0.379878 0.367451
vt 0.375736 0.367451
vt 0.384020 0.367451
vt 0.367451 0.375735
vt 0.367451 0.371593
vt 0.371593 0.367451
vt 0.367451 0.367451
vt 0.367451 0.379878
vt 0.392304 0.375735
vt 0.396446 0.367451
vt 0.392304 0.367451
vt 0.384020 0.375735
vt 0.388162 0.367451
vt 0.375735 0.425441
vt 0.375735 0.417157
vt 0.367451 0.425441
vt 0.367451 0.421299
vt 0.367451 0.417157
vt 0.367451 0.429583
vt 0.375735 0.408873
vt 0.375735 0.400588
vt 0.367451 0.408873
vt 0.367451 0.404731
vt 0.367451 0.413015
vt 0.392304 0.408873
vt 0.392304 0.400588
vt 0.400588 0.400588
vt 0.384020 0.408873
vt 0.479289 0.367451
vt 0.475147 0.371593
vt 0.475147 0.367451
vt 0.483431 0.367451
vt 0.479289 0.371593
vt 0.471005 0.371593
vt 0.466863 0.375735
vt 0.471005 0.367451
vt 0.466863 0.367451
vt 0.442010 0.375735
vt 0.446152 0.367451
vt 0.442010 0.367451
vt 0.450294 0.367451
vt 0.433726 0.375735
vt 0.437868 0.367451
vt 0.433726 0.384020
vt 0.458578 0.375735
vt 0.462721 0.367451
vt 0.458578 0.367451
vt 0.450294 0.375735
vt 0.454436 0.367451
vt 0.454436 0.379878
vt 0.392304 0.582843
vt 0.442010 0.582843
vt 0.388162 0.599412
vt 0.388162 0.603554
vt 0.408873 0.574559
vt 0.408873 0.566274
vt 0.400588 0.574559
vt 0.400588 0.566274
vt 0.400588 0.582843
vt 0.425441 0.574559
vt 0.425441 0.566274
vt 0.417157 0.574559
vt 0.417157 0.582843
vt 0.375735 0.591127
vt 0.375735 0.582843
vt 0.367451 0.591127
vt 0.367451 0.586985
vt 0.367451 0.582843
vt 0.367451 0.599412
vt 0.367451 0.595269
vt 0.375735 0.574559
vt 0.379878 0.566274
vt 0.375735 0.566274
vt 0.384020 0.566274
vt 0.367451 0.574559
vt 0.367451 0.570417
vt 0.367451 0.566274
vt 0.367451 0.578701
vt 0.392304 0.574559
vt 0.396446 0.566274
vt 0.392304 0.566274
vt 0.384020 0.574559
vt 0.388162 0.566274
vt 0.375735 0.624264
vt 0.375735 0.615980
vt 0.367451 0.624264
vt 0.367451 0.620122
vt 0.367451 0.615980
vt 0.367451 0.632549
vt 0.367451 0.628407
vt 0.375735 0.607696
vt 0.375735 0.599412
vt 0.367451 0.607696
vt 0.367451 0.603554
vt 0.367451 0.611838
vt 0.384020 0.607696
vt 0.388162 0.607696
vt 0.408873 0.524853
vt 0.408873 0.516569
vt 0.400588 0.524853
vt 0.400588 0.512426
vt 0.396446 0.512426
vt 0.400588 0.528995
vt 0.408873 0.508284
vt 0.408873 0.500000
vt 0.400588 0.508284
vt 0.425441 0.508284
vt 0.425441 0.500000
vt 0.417157 0.508284
vt 0.375735 0.524853
vt 0.379878 0.516569
vt 0.375735 0.516569
vt 0.367451 0.524853
vt 0.367451 0.520711
vt 0.367451 0.516569
vt 0.367451 0.533137
vt 0.367451 0.528995
vt 0.375735 0.508284
vt 0.375735 0.500000
vt 0.367451 0.512426
vt 0.400588 0.495858
vt 0.400588 0.479289
vt 0.379878 0.479289
vt 0.384020 0.512426
vt 0.396446 0.479289
vt 0.384020 0.479289
vt 0.367451 0.557990
vt 0.367451 0.553848
vt 0.367451 0.549706
vt 0.375735 0.549706
vt 0.367451 0.562132
vt 0.375735 0.557990
vt 0.396446 0.500000
vt 0.396446 0.495858
vt 0.367451 0.541422
vt 0.367451 0.537279
vt 0.375735 0.533137
vt 0.367451 0.545564
vt 0.375735 0.541422
vt 0.396446 0.528995
vt 0.392304 0.528995
vt 0.475147 0.524853
vt 0.475147 0.516569
vt 0.466863 0.524853
vt 0.466863 0.533137
vt 0.475147 0.508284
vt 0.475147 0.500000
vt 0.466863 0.508284
vt 0.466863 0.500000
vt 0.491716 0.508284
vt 0.491716 0.500000
vt 0.483431 0.508284
vt 0.442010 0.524853
vt 0.442010 0.516569
vt 0.433726 0.524853
vt 0.433726 0.533137
vt 0.442010 0.508284
vt 0.442010 0.500000
vt 0.433726 0.508284
vt 0.458578 0.508284
vt 0.458578 0.500000
vt 0.450294 0.508284
vt 0.442010 0.557990
vt 0.442010 0.549706
vt 0.433726 0.557990
vt 0.442010 0.541422
vt 0.442010 0.533137
vt 0.433726 0.541422
vt 0.458578 0.541422
vt 0.458578 0.533137
vt 0.450294 0.541422
vt 0.500000 0.574559
vt 0.524853 0.599412
vt 0.528995 0.599412
vt 0.541422 0.574559
vt 0.541422 0.566274
vt 0.533137 0.574559
vt 0.533137 0.566274
vt 0.516569 0.574559
vt 0.524853 0.574559
vt 0.557990 0.574559
vt 0.557990 0.566274
vt 0.549706 0.574559
vt 0.553848 0.578701
vt 0.508284 0.574559
vt 0.471005 0.599412
vt 0.475147 0.599412
vt 0.533137 0.599412
vt 0.508284 0.566274
vt 0.491716 0.599412
vt 0.495858 0.599412
vt 0.524853 0.566274
vt 0.508284 0.624264
vt 0.508284 0.615980
vt 0.500000 0.624264
vt 0.500000 0.632549
vt 0.508284 0.607696
vt 0.512426 0.599412
vt 0.508284 0.599412
vt 0.516569 0.599412
vt 0.500000 0.607696
vt 0.504142 0.599412
vt 0.500000 0.599412
vt 0.524853 0.607696
vt 0.516569 0.607696
vt 0.520711 0.599412
vt 0.541422 0.524853
vt 0.541422 0.516569
vt 0.533137 0.524853
vt 0.533137 0.533137
vt 0.541422 0.508284
vt 0.541422 0.500000
vt 0.533137 0.508284
vt 0.533137 0.500000
vt 0.557990 0.508284
vt 0.557990 0.500000
vt 0.549706 0.508284
vt 0.508284 0.524853
vt 0.508284 0.516569
vt 0.500000 0.524853
vt 0.500000 0.533137
vt 0.508284 0.508284
vt 0.508284 0.500000
vt 0.500000 0.508284
vt 0.524853 0.508284
vt 0.524853 0.500000
vt 0.516569 0.508284
vt 0.508284 0.557990
vt 0.508284 0.549706
vt 0.500000 0.557990
vt 0.508284 0.541422
vt 0.508284 0.533137
vt 0.500000 0.541422
vt 0.524853 0.541422
vt 0.524853 0.533137
vt 0.516569 0.541422
vt 0.528995 0.384020
vt 0.528995 0.379878
vt 0.516569 0.379878
vt 0.512426 0.384020
vt 0.512426 0.379878
vt 0.516569 0.396446
vt 0.512426 0.400588
vt 0.512426 0.396446
vt 0.533137 0.396446
vt 0.528995 0.400588
vt 0.528995 0.396446
vt 0.433726 0.396446
vt 0.429583 0.400588
vt 0.429583 0.396446
vt 0.500000 0.396446
vt 0.495858 0.400588
vt 0.495858 0.396446
vt 0.466863 0.396446
vt 0.462721 0.400588
vt 0.462721 0.396446
vt 0.433726 0.429583
vt 0.429583 0.429583
vt 0.574559 0.541422
vt 0.607696 0.491716
vt 0.607696 0.541422
vt 0.624264 0.508284
vt 0.624264 0.500000
vt 0.632549 0.500000
vt 0.599412 0.500000
vt 0.574559 0.524853
vt 0.574559 0.516569
vt 0.566274 0.524853
vt 0.566274 0.533137
vt 0.574559 0.508284
vt 0.574559 0.500000
vt 0.566274 0.508284
vt 0.591127 0.500000
vt 0.582843 0.508284
vt 0.574559 0.557990
vt 0.574559 0.549706
vt 0.566274 0.557990
vt 0.566274 0.541422
vt 0.574559 0.533137
vt 0.591127 0.508284
vt 0.607696 0.557990
vt 0.607696 0.549706
vt 0.599412 0.557990
vt 0.624264 0.541422
vt 0.624264 0.533137
vt 0.632549 0.533137
vt 0.615980 0.541422
vt 0.541422 0.557990
vt 0.541422 0.549706
vt 0.533137 0.557990
vt 0.541422 0.541422
vt 0.541422 0.533137
vt 0.533137 0.541422
vt 0.557990 0.541422
vt 0.557990 0.533137
vt 0.549706 0.541422
vt 0.541422 0.624264
vt 0.541422 0.615980
vt 0.533137 0.624264
vt 0.533137 0.632549
vt 0.541422 0.607696
vt 0.541422 0.599412
vt 0.533137 0.607696
vt 0.537279 0.599412
vt 0.557990 0.607696
vt 0.578701 0.578701
vt 0.549706 0.607696
vt 0.624264 0.578701
vt 0.475147 0.557990
vt 0.475147 0.549706
vt 0.466863 0.557990
vt 0.475147 0.541422
vt 0.475147 0.533137
vt 0.466863 0.541422
vt 0.491716 0.541422
vt 0.491716 0.533137
vt 0.483431 0.541422
vt 0.408873 0.557990
vt 0.408873 0.549706
vt 0.408873 0.541422
vt 0.408873 0.533137
vt 0.425441 0.541422
vt 0.425441 0.533137
vt 0.417157 0.541422
vt 0.408873 0.624264
vt 0.408873 0.615980
vt 0.400588 0.624264
vt 0.400588 0.632549
vt 0.425441 0.582843
vt 0.408873 0.582843
vt 0.475147 0.425441
vt 0.466863 0.425441
vt 0.466863 0.421299
vt 0.483431 0.371593
vt 0.487574 0.367451
vt 0.508284 0.367451
vt 0.504142 0.367451
vt 0.400588 0.408873
vt 0.520711 0.367451
vt 0.516569 0.367451
vt 0.541422 0.396446
vt 0.533137 0.400588
vt 0.537279 0.400588
vt 0.512426 0.408873
vt 0.458578 0.379878
vt 0.508284 0.408873
vt 0.471005 0.375735
vt 0.408873 0.491716
vt 0.408873 0.483431
vt 0.400588 0.491716
vt 0.408873 0.475147
vt 0.408873 0.466863
vt 0.400588 0.475147
vt 0.425441 0.475147
vt 0.425441 0.466863
vt 0.417157 0.475147
vt 0.607696 0.425441
vt 0.607696 0.417157
vt 0.599412 0.425441
vt 0.607696 0.408873
vt 0.624264 0.408873
vt 0.624264 0.400588
vt 0.632549 0.400588
vt 0.615980 0.408873
vt 0.541422 0.425441
vt 0.541422 0.417157
vt 0.533137 0.425441
vt 0.541422 0.408873
vt 0.541422 0.400588
vt 0.533137 0.408873
vt 0.549706 0.408873
vt 0.541422 0.491716
vt 0.541422 0.483431
vt 0.533137 0.491716
vt 0.541422 0.475147
vt 0.541422 0.466863
vt 0.533137 0.475147
vt 0.557990 0.475147
vt 0.557990 0.466863
vt 0.549706 0.475147
vt 0.607696 0.483431
vt 0.599412 0.491716
vt 0.607696 0.475147
vt 0.607696 0.466863
vt 0.599412 0.475147
vt 0.624264 0.475147
vt 0.624264 0.466863
vt 0.632549 0.466863
vt 0.615980 0.475147
vt 0.475147 0.491716
vt 0.475147 0.483431
vt 0.466863 0.491716
vt 0.475147 0.475147
vt 0.475147 0.466863
vt 0.466863 0.475147
vt 0.491716 0.475147
vt 0.491716 0.466863
vt 0.483431 0.475147
vt 0.475147 0.624264
vt 0.475147 0.615980
vt 0.466863 0.624264
vt 0.466863 0.632549
vt 0.475147 0.607696
vt 0.479289 0.599412
vt 0.483431 0.599412
vt 0.466863 0.607696
vt 0.491716 0.607696
vt 0.483431 0.607696
vt 0.487574 0.599412
vt 0.607696 0.624264
vt 0.607696 0.615980
vt 0.599412 0.624264
vt 0.599412 0.632549
vt 0.607696 0.607696
vt 0.574559 0.578701
vt 0.599412 0.607696
vt 0.611838 0.578701
vt 0.624264 0.607696
vt 0.632549 0.599412
vt 0.615980 0.607696
vt 0.632549 0.607696
vt 0.607696 0.632549
vt 0.475147 0.632549
vt 0.632549 0.475147
vt 0.632549 0.408873
vt 0.462721 0.425441
vt 0.512426 0.367451
vt 0.500000 0.367451
vt 0.442010 0.384020
vt 0.408873 0.632549
vt 0.541422 0.632549
vt 0.632549 0.541422
vt 0.632549 0.508284
vt 0.379878 0.528995
vt 0.375735 0.632549
vt 0.404731 0.396446
vt 0.400588 0.425441
vt 0.632549 0.375735
vt 0.417157 0.392304
vt 0.429583 0.388162
vt 0.632549 0.442010
vt 0.442010 0.632549
vt 0.574559 0.632549
vt 0.624264 0.595269
vt 0.632549 0.574559
vt 0.632549 0.591127
vt 0.591127 0.632549
vt 0.458578 0.632549
vt 0.632549 0.458578
vt 0.632549 0.392304
vt 0.392304 0.632549
vt 0.524853 0.632549
vt 0.632549 0.524853
vt 0.632549 0.557990
vt 0.557990 0.632549
vt 0.425441 0.632549
vt 0.632549 0.425441
vt 0.491716 0.632549
vt 0.624264 0.632549
vt 0.632549 0.624264
vt 0.400588 0.595269
vt 0.396446 0.599412
vt 0.396446 0.595269
vt 0.433726 0.595269
vt 0.429583 0.599412
vt 0.429583 0.595269
vt 0.450294 0.595269
vt 0.446152 0.599412
vt 0.446152 0.595269
vt 0.417157 0.595269
vt 0.413015 0.599412
vt 0.413015 0.595269
vt 0.425441 0.603554
vt 0.421299 0.607696
vt 0.421299 0.603554
vt 0.433726 0.603554
vt 0.429583 0.607696
vt 0.429583 0.603554
vt 0.408873 0.603554
vt 0.404731 0.607696
vt 0.404731 0.603554
vt 0.417157 0.603554
vt 0.413015 0.607696
vt 0.413015 0.603554
vt 0.392304 0.603554
vt 0.400588 0.603554
vt 0.396446 0.607696
vt 0.396446 0.603554
vt 0.408873 0.595269
vt 0.404731 0.599412
vt 0.404731 0.595269
vt 0.408873 0.586985
vt 0.404731 0.591127
vt 0.404731 0.586985
vt 0.417157 0.586985
vt 0.413015 0.591127
vt 0.413015 0.586985
vt 0.442010 0.603554
vt 0.437868 0.607696
vt 0.437868 0.603554
vt 0.450294 0.603554
vt 0.446152 0.607696
vt 0.446152 0.603554
vt 0.442010 0.595269
vt 0.437868 0.599412
vt 0.437868 0.595269
vt 0.442010 0.586985
vt 0.437868 0.591127
vt 0.437868 0.586985
vt 0.450294 0.586985
vt 0.446152 0.591127
vt 0.446152 0.586985
vt 0.425441 0.595269
vt 0.421299 0.599412
vt 0.421299 0.595269
vt 0.425441 0.586985
vt 0.421299 0.591127
vt 0.421299 0.586985
vt 0.433726 0.586985
vt 0.429583 0.591127
vt 0.429583 0.586985
vt 0.392304 0.595269
vt 0.392304 0.586985
vt 0.400588 0.586985
vt 0.396446 0.591127
vt 0.396446 0.586985
vt 0.392304 0.591127
vt 0.425441 0.591127
vt 0.417157 0.591127
vt 0.417157 0.599412
vt 0.450294 0.591127
vt 0.450294 0.599412
vt 0.442010 0.591127
vt 0.433726 0.591127
vt 0.433726 0.599412
vt 0.442010 0.607696
vt 0.442010 0.599412
vt 0.433726 0.607696
vt 0.450294 0.607696
vt 0.408873 0.591127
vt 0.400588 0.591127
vt 0.400588 0.599412
vt 0.392304 0.607696
vt 0.392304 0.599412
vt 0.408873 0.607696
vt 0.408873 0.599412
vt 0.400588 0.607696
vt 0.425441 0.607696
vt 0.425441 0.599412
vt 0.417157 0.607696
vt 0.533137 0.595269
vt 0.528995 0.595269
vt 0.466863 0.595269
vt 0.462721 0.595269
vt 0.500000 0.595269
vt 0.495858 0.595269
vt 0.483431 0.595269
vt 0.479289 0.595269
vt 0.483431 0.578701
vt 0.479289 0.582843
vt 0.479289 0.578701
vt 0.500000 0.578701
vt 0.495858 0.582843
vt 0.495858 0.578701
vt 0.466863 0.578701
vt 0.462721 0.582843
vt 0.462721 0.578701
vt 0.516569 0.595269
vt 0.512426 0.595269
vt 0.516569 0.578701
vt 0.512426 0.582843
vt 0.512426 0.578701
vt 0.533137 0.578701
vt 0.528995 0.582843
vt 0.528995 0.578701
vt 0.524853 0.578701
vt 0.520711 0.582843
vt 0.520711 0.578701
vt 0.508284 0.578701
vt 0.504142 0.582843
vt 0.504142 0.578701
vt 0.508284 0.595269
vt 0.504142 0.595269
vt 0.508284 0.586985
vt 0.504142 0.591127
vt 0.504142 0.586985
vt 0.516569 0.586985
vt 0.512426 0.591127
vt 0.512426 0.586985
vt 0.541422 0.578701
vt 0.537279 0.582843
vt 0.537279 0.578701
vt 0.541422 0.595269
vt 0.537279 0.595269
vt 0.541422 0.586985
vt 0.537279 0.591127
vt 0.537279 0.586985
vt 0.491716 0.578701
vt 0.487574 0.582843
vt 0.487574 0.578701
vt 0.475147 0.578701
vt 0.471005 0.582843
vt 0.471005 0.578701
vt 0.475147 0.595269
vt 0.471005 0.595269
vt 0.475147 0.586985
vt 0.471005 0.591127
vt 0.471005 0.586985
vt 0.483431 0.586985
vt 0.479289 0.591127
vt 0.479289 0.586985
vt 0.491716 0.595269
vt 0.487574 0.595269
vt 0.491716 0.586985
vt 0.487574 0.591127
vt 0.487574 0.586985
vt 0.500000 0.586985
vt 0.495858 0.591127
vt 0.495858 0.586985
vt 0.466863 0.586985
vt 0.462721 0.591127
vt 0.462721 0.586985
vt 0.524853 0.595269
vt 0.520711 0.595269
vt 0.524853 0.586985
vt 0.520711 0.591127
vt 0.520711 0.586985
vt 0.533137 0.586985
vt 0.528995 0.591127
vt 0.528995 0.586985
vt 0.524853 0.591127
vt 0.524853 0.582843
vt 0.533137 0.582843
vt 0.516569 0.591127
vt 0.516569 0.582843
vt 0.466863 0.582843
vt 0.491716 0.591127
vt 0.491716 0.582843
vt 0.500000 0.582843
vt 0.483431 0.591127
vt 0.483431 0.582843
vt 0.475147 0.591127
vt 0.475147 0.582843
vt 0.466863 0.591127
vt 0.541422 0.591127
vt 0.541422 0.582843
vt 0.533137 0.591127
vt 0.508284 0.591127
vt 0.508284 0.582843
vt 0.500000 0.591127
vt 0.566274 0.595269
vt 0.562132 0.599412
vt 0.562132 0.595269
vt 0.599412 0.595269
vt 0.595269 0.599412
vt 0.595269 0.595269
vt 0.615980 0.595269
vt 0.611838 0.599412
vt 0.611838 0.595269
vt 0.611838 0.582843
vt 0.582843 0.595269
vt 0.578701 0.599412
vt 0.578701 0.595269
vt 0.578701 0.582843
vt 0.595269 0.582843
vt 0.562132 0.582843
vt 0.553848 0.582843
vt 0.586985 0.582843
vt 0.570417 0.582843
vt 0.574559 0.595269
vt 0.570417 0.599412
vt 0.570417 0.595269
vt 0.574559 0.586985
vt 0.570417 0.591127
vt 0.570417 0.586985
vt 0.582843 0.586985
vt 0.578701 0.591127
vt 0.578701 0.586985
vt 0.620122 0.582843
vt 0.603554 0.582843
vt 0.607696 0.595269
vt 0.603554 0.599412
vt 0.603554 0.595269
vt 0.607696 0.586985
vt 0.603554 0.591127
vt 0.603554 0.586985
vt 0.615980 0.586985
vt 0.611838 0.591127
vt 0.611838 0.586985
vt 0.620122 0.599412
vt 0.620122 0.595269
vt 0.620122 0.591127
vt 0.620122 0.586985
vt 0.591127 0.595269
vt 0.586985 0.599412
vt 0.586985 0.595269
vt 0.591127 0.586985
vt 0.586985 0.591127
vt 0.586985 0.586985
vt 0.599412 0.586985
vt 0.595269 0.591127
vt 0.595269 0.586985
vt 0.557990 0.595269
vt 0.553848 0.599412
vt 0.553848 0.595269
vt 0.557990 0.586985
vt 0.553848 0.591127
vt 0.553848 0.586985
vt 0.566274 0.586985
vt 0.562132 0.591127
vt 0.562132 0.586985
vt 0.557990 0.591127
vt 0.557990 0.582843
vt 0.566274 0.582843
vt 0.591127 0.591127
vt 0.591127 0.582843
vt 0.599412 0.582843
vt 0.582843 0.591127
vt 0.582843 0.582843
vt 0.582843 0.599412
vt 0.615980 0.591127
vt 0.615980 0.582843
vt 0.615980 0.599412
vt 0.607696 0.591127
vt 0.607696 0.582843
vt 0.599412 0.591127
vt 0.599412 0.599412
vt 0.574559 0.591127
vt 0.574559 0.582843
vt 0.566274 0.591127
vt 0.566274 0.599412
vt 0.574559 0.599412
vt 0.591127 0.599412
vt 0.557990 0.599412
vt 0.607696 0.599412
vt 0.400588 0.562132
vt 0.396446 0.562132
vt 0.396446 0.533137
vt 0.379878 0.533137
vt 0.384020 0.562132
vt 0.379878 0.562132
vt 0.384020 0.545564
vt 0.379878 0.549706
vt 0.379878 0.545564
vt 0.400588 0.545564
vt 0.396446 0.549706
vt 0.396446 0.545564
vt 0.392304 0.545564
vt 0.388162 0.549706
vt 0.388162 0.545564
vt 0.392304 0.537279
vt 0.388162 0.541422
vt 0.388162 0.537279
vt 0.400588 0.537279
vt 0.396446 0.541422
vt 0.396446 0.537279
vt 0.384020 0.537279
vt 0.379878 0.541422
vt 0.379878 0.537279
vt 0.384020 0.553848
vt 0.379878 0.557990
vt 0.379878 0.553848
vt 0.388162 0.533137
vt 0.392304 0.562132
vt 0.388162 0.562132
vt 0.392304 0.553848
vt 0.388162 0.557990
vt 0.388162 0.553848
vt 0.400588 0.553848
vt 0.396446 0.557990
vt 0.396446 0.553848
vt 0.392304 0.557990
vt 0.392304 0.549706
vt 0.400588 0.549706
vt 0.384020 0.557990
vt 0.384020 0.549706
vt 0.384020 0.533137
vt 0.400588 0.533137
vt 0.392304 0.541422
vt 0.392304 0.533137
vt 0.384020 0.541422
vt 0.400588 0.557990
vt 0.400588 0.541422
vt 0.384020 0.475147
vt 0.392304 0.508284
vt 0.392304 0.500000
vt 0.384020 0.508284
vt 0.582843 0.417157
vt 0.591127 0.392304
vt 0.582843 0.392304
vt 0.582843 0.384020
vt 0.582843 0.400588
vt 0.599412 0.400588
vt 0.574559 0.392304
vt 0.566274 0.400588
vt 0.574559 0.417157
vt 0.574559 0.408873
vt 0.574559 0.400588
vt 0.566274 0.408873
vt 0.591127 0.408873
vt 0.591127 0.400588
vt 0.582843 0.408873
vt 0.557990 0.408873
vt 0.607696 0.524853
vt 0.607696 0.516569
vt 0.599412 0.524853
vt 0.599412 0.533137
vt 0.607696 0.508284
vt 0.607696 0.500000
vt 0.599412 0.508284
vt 0.615980 0.508284
vt 0.591127 0.541422
vt 0.591127 0.533137
vt 0.582843 0.541422
vt 0.607696 0.533137
vt 0.599412 0.541422
vt 0.454436 0.384020
vt 0.442010 0.396446
vt 0.437868 0.400588
vt 0.437868 0.396446
vt 0.442010 0.388162
vt 0.437868 0.392304
vt 0.437868 0.388162
vt 0.450294 0.388162
vt 0.446152 0.392304
vt 0.446152 0.388162
vt 0.491716 0.379878
vt 0.487574 0.384020
vt 0.487574 0.379878
vt 0.491716 0.371593
vt 0.487574 0.375735
vt 0.487574 0.371593
vt 0.500000 0.371593
vt 0.495858 0.375735
vt 0.495858 0.371593
vt 0.475147 0.379878
vt 0.471005 0.384020
vt 0.471005 0.379878
vt 0.479289 0.375735
vt 0.475147 0.396446
vt 0.471005 0.400588
vt 0.471005 0.396446
vt 0.475147 0.388162
vt 0.471005 0.392304
vt 0.471005 0.388162
vt 0.483431 0.388162
vt 0.479289 0.392304
vt 0.479289 0.388162
vt 0.408873 0.396446
vt 0.404731 0.400588
vt 0.408873 0.437868
vt 0.508284 0.404731
vt 0.504142 0.408873
vt 0.504142 0.404731
vt 0.516569 0.404731
vt 0.512426 0.404731
vt 0.524853 0.379878
vt 0.520711 0.384020
vt 0.520711 0.379878
vt 0.520711 0.375735
vt 0.520711 0.371593
vt 0.508284 0.379878
vt 0.504142 0.384020
vt 0.504142 0.379878
vt 0.508284 0.371593
vt 0.504142 0.375735
vt 0.504142 0.371593
vt 0.516569 0.371593
vt 0.512426 0.375735
vt 0.512426 0.371593
vt 0.508284 0.396446
vt 0.504142 0.400588
vt 0.504142 0.396446
vt 0.508284 0.388162
vt 0.504142 0.392304
vt 0.504142 0.388162
vt 0.516569 0.388162
vt 0.512426 0.392304
vt 0.512426 0.388162
vt 0.537279 0.396446
vt 0.537279 0.392304
vt 0.524853 0.396446
vt 0.520711 0.400588
vt 0.520711 0.396446
vt 0.524853 0.388162
vt 0.520711 0.392304
vt 0.520711 0.388162
vt 0.533137 0.388162
vt 0.528995 0.392304
vt 0.528995 0.388162
vt 0.425441 0.396446
vt 0.421299 0.400588
vt 0.421299 0.396446
vt 0.421299 0.392304
vt 0.433726 0.388162
vt 0.429583 0.392304
vt 0.491716 0.396446
vt 0.487574 0.400588
vt 0.487574 0.396446
vt 0.491716 0.388162
vt 0.487574 0.392304
vt 0.487574 0.388162
vt 0.500000 0.388162
vt 0.495858 0.392304
vt 0.495858 0.388162
vt 0.458578 0.396446
vt 0.454436 0.400588
vt 0.454436 0.396446
vt 0.458578 0.388162
vt 0.454436 0.392304
vt 0.454436 0.388162
vt 0.466863 0.388162
vt 0.462721 0.392304
vt 0.462721 0.388162
vt 0.458578 0.421299
vt 0.454436 0.421299
vt 0.462721 0.421299
vt 0.425441 0.429583
vt 0.421299 0.433726
vt 0.421299 0.429583
vt 0.425441 0.421299
vt 0.421299 0.425441
vt 0.421299 0.421299
vt 0.433726 0.421299
vt 0.429583 0.425441
vt 0.429583 0.421299
vt 0.425441 0.425441
vt 0.425441 0.417157
vt 0.433726 0.417157
vt 0.417157 0.425441
vt 0.417157 0.417157
vt 0.417157 0.433726
vt 0.458578 0.417157
vt 0.466863 0.417157
vt 0.450294 0.425441
vt 0.450294 0.417157
vt 0.458578 0.392304
vt 0.458578 0.384020
vt 0.466863 0.384020
vt 0.450294 0.392304
vt 0.450294 0.384020
vt 0.450294 0.400588
vt 0.491716 0.392304
vt 0.491716 0.384020
vt 0.500000 0.384020
vt 0.483431 0.392304
vt 0.483431 0.384020
vt 0.483431 0.400588
vt 0.425441 0.392304
vt 0.417157 0.400588
vt 0.524853 0.392304
vt 0.524853 0.384020
vt 0.516569 0.392304
vt 0.516569 0.384020
vt 0.516569 0.400588
vt 0.533137 0.392304
vt 0.508284 0.392304
vt 0.508284 0.384020
vt 0.500000 0.392304
vt 0.500000 0.400588
vt 0.508284 0.375735
vt 0.500000 0.375735
vt 0.524853 0.375735
vt 0.516569 0.375735
vt 0.508284 0.400588
vt 0.500000 0.408873
vt 0.524853 0.400588
vt 0.408873 0.433726
vt 0.475147 0.392304
vt 0.475147 0.384020
vt 0.466863 0.392304
vt 0.466863 0.400588
vt 0.475147 0.375735
vt 0.491716 0.375735
vt 0.483431 0.375735
vt 0.442010 0.392304
vt 0.433726 0.392304
vt 0.433726 0.400588
vt 0.442010 0.425441
vt 0.442010 0.417157
vt 0.433726 0.425441
vt 0.442010 0.408873
vt 0.442010 0.400588
vt 0.433726 0.408873
vt 0.458578 0.408873
vt 0.458578 0.400588
vt 0.450294 0.408873
vt 0.475147 0.417157
vt 0.475147 0.408873
vt 0.475147 0.400588
vt 0.466863 0.408873
vt 0.491716 0.408873
vt 0.491716 0.400588
vt 0.483431 0.408873
vt 0.408873 0.425441
vt 0.408873 0.417157
vt 0.408873 0.408873
vt 0.408873 0.400588
vt 0.425441 0.408873
vt 0.425441 0.400588
vt 0.417157 0.408873
vt 0.632549 0.632549
s 0
f 961/1/1 1608/2/1 3653/3/1
f 10/4/1 3/5/1 1/6/1
f 11/7/1 1/6/1 2/8/1
f 12/9/1 2/8/1 4/10/1
f 9/11/1 4/10/1 3/5/1
f 13/12/1 10/4/1 14/13/1
f 14/13/1 11/7/1 15/14/1
f 15/14/1 12/9/1 16/15/1
f 16/15/1 9/11/1 13/12/1
f 963/16/1 272/17/1 14/13/1
f 964/18/1 273/19/1 15/14/1
f 965/20/1 274/21/1 16/15/1
f 966/22/1 275/23/1 13/12/1
f 967/24/1 1604/25/1 3652/26/1
f 968/27/1 1610/28/1 3651/29/1
f 965/20/1 1611/30/1 3650/31/1
f 983/32/1 1600/33/1 3649/34/1
f 984/35/1 1614/36/1 3648/37/1
f 977/38/1 1615/39/1 3647/40/1
f 987/41/1 1599/42/1 3646/43/1
f 980/44/1 1619/45/1 3645/46/1
f 990/47/1 1592/48/1 3644/49/1
f 991/50/1 1622/51/1 3643/52/1
f 979/53/1 1623/54/1 3642/55/1
f 994/56/1 1596/57/1 3641/58/1
f 995/59/1 1626/60/1 3640/61/1
f 973/62/1 1627/63/1 3639/64/1
f 1033/65/1 1588/66/1 3638/67/1
f 4408/68/1 4470/69/1 4620/70/1
f 1011/71/1 1631/72/1 3636/73/1
f 1037/74/1 1587/75/1 3635/76/1
f 1038/77/1 1634/78/1 3634/79/1
f 1030/80/1 1635/81/1 3633/82/1
f 1041/83/1 1559/84/1 3632/85/1
f 1044/86/1 1584/87/1 3631/88/1
f 1045/89/1 1641/90/1 3630/91/1
f 1017/92/1 1642/93/1 3629/94/1
f 1796/95/1 356/96/1 1645/97/1
f 4174/98/1 241/99/1 356/96/1
f 1027/100/1 1646/101/1 3626/102/1
f 1052/103/1 1555/104/1 3625/105/1
f 1054/106/1 1581/107/1 3624/108/1
f 1055/109/1 1580/110/1 3623/111/1
f 1056/112/1 1651/113/1 3622/114/1
f 4232/115/1 633/116/1 818/117/1
f 1059/118/1 1654/95/1 3620/119/1
f 1024/120/1 1655/121/1 3619/122/1
f 1062/123/1 1578/124/1 3618/125/1
f 2886/126/1 1746/127/1 2890/128/1
f 1015/129/1 1659/130/1 3616/131/1
f 1066/132/1 1577/133/1 3615/134/1
f 4300/135/1 1744/136/1 1746/127/1
f 1068/137/1 1563/138/1 3613/139/1
f 1069/140/1 1665/141/1 3612/142/1
f 1020/143/1 1666/144/1 3611/145/1
f 1072/146/1 1574/147/1 3610/148/1
f 1073/149/1 1669/150/1 3609/151/1
f 1004/152/1 1670/153/1 3608/154/1
f 1076/155/1 1573/156/1 3607/157/1
f 1077/158/1 1673/159/1 3606/160/1
f 1006/161/1 1674/162/1 3605/163/1
f 1080/164/1 1567/165/1 3604/166/1
f 1082/167/1 1571/168/1 3603/169/1
f 1000/170/1 1681/171/1 3602/172/1
f 1124/173/1 1683/174/1 3600/175/1
f 1213/176/1 1448/177/1 3597/178/1
f 1214/179/1 1687/180/1 3596/181/1
f 1209/182/1 1688/183/1 3595/184/1
f 1217/185/1 1691/186/1 3594/187/1
f 1220/188/1 1444/189/1 3593/190/1
f 1221/191/1 1693/192/1 3592/193/1
f 1206/194/1 1694/195/1 3591/196/1
f 1224/197/1 1548/198/1 3590/199/1
f 1225/200/1 1697/201/1 3589/202/1
f 1130/203/1 1698/204/1 3588/205/1
f 1228/206/1 1547/207/1 3587/208/1
f 1229/209/1 1701/210/1 3586/211/1
f 1203/212/1 1702/213/1 3585/214/1
f 1232/215/1 1451/216/1 3584/217/1
f 1233/218/1 1705/219/1 3583/220/1
f 1202/221/1 1706/222/1 3582/223/1
f 1236/224/1 1544/225/1 3581/226/1
f 1237/227/1 1709/228/1 3580/229/1
f 1128/230/1 1710/231/1 3579/232/1
f 1240/233/1 1543/234/1 3578/235/1
f 1241/236/1 1713/237/1 3577/238/1
f 1199/239/1 1714/240/1 3576/241/1
f 1244/242/1 1452/243/1 3575/244/1
f 1245/245/1 1717/246/1 3574/247/1
f 1198/248/1 1718/249/1 3573/250/1
f 1248/251/1 1540/252/1 3572/253/1
f 1249/254/1 1721/255/1 3571/256/1
f 1144/257/1 1722/258/1 3570/259/1
f 1252/260/1 1539/261/1 3569/262/1
f 1253/263/1 1725/264/1 3568/265/1
f 1195/266/1 1726/267/1 3567/268/1
f 1256/269/1 1440/270/1 3566/271/1
f 1257/272/1 1729/273/1 3565/274/1
f 1194/275/1 1730/276/1 3564/277/1
f 1260/278/1 1536/279/1 3563/280/1
f 1261/281/1 1733/282/1 3562/283/1
f 1145/284/1 1734/285/1 3561/286/1
f 1264/287/1 1455/288/1 3560/289/1
f 1265/290/1 1736/291/1 3559/292/1
f 1191/293/1 1737/294/1 3558/295/1
f 1268/296/1 1534/297/1 3557/298/1
f 1269/299/1 1740/300/1 3556/301/1
f 1139/302/1 1741/303/1 3555/304/1
f 4282/305/1 4299/306/1 4283/307/1
f 4283/307/1 2632/308/1 1278/309/1
f 1188/310/1 1745/311/1 3552/312/1
f 4299/306/1 3082/313/1 2632/308/1
f 1272/314/1 4298/315/1 2631/316/1
f 1187/317/1 1749/318/1 3549/319/1
f 1280/320/1 1530/321/1 3548/322/1
f 1281/323/1 1752/324/1 3547/325/1
f 1148/326/1 1753/327/1 3546/328/1
f 1284/329/1 1529/330/1 3545/331/1
f 1285/332/1 1756/333/1 3544/334/1
f 1184/335/1 1757/336/1 3543/337/1
f 4218/338/1 4220/339/1 4232/115/1
f 2217/340/1 4217/341/1 4234/342/1
f 4214/343/1 4216/344/1 4235/345/1
f 1292/346/1 1764/347/1 3539/348/1
f 1149/349/1 1765/350/1 3538/351/1
f 1295/352/1 1526/353/1 3537/354/1
f 1296/355/1 1768/356/1 3536/357/1
f 1181/358/1 1769/359/1 3535/360/1
f 1299/361/1 1458/362/1 3534/363/1
f 1300/364/1 1772/365/1 3533/366/1
f 1180/367/1 1773/368/1 3532/369/1
f 1305/370/1 1459/371/1 3530/372/1
f 1306/373/1 1778/374/1 3529/375/1
f 1151/376/1 1779/377/1 3528/378/1
f 1309/379/1 1522/380/1 3527/381/1
f 1310/382/1 1782/383/1 3526/384/1
f 1178/385/1 1783/386/1 3525/387/1
f 1313/388/1 1432/389/1 3524/390/1
f 1314/391/1 1786/392/1 3523/393/1
f 1177/394/1 1787/395/1 3522/396/1
f 1317/397/1 1520/398/1 3521/399/1
f 1318/400/1 1790/401/1 3520/402/1
f 1152/403/1 1791/404/1 3519/405/1
f 2855/406/1 4173/407/1 4162/330/1
f 4213/408/1 3122/409/1 4236/410/1
f 4210/411/1 3198/412/1 4237/413/1
f 2677/414/1 4172/415/1 4164/416/1
f 4158/417/1 4171/418/1 4159/419/1
f 4159/419/1 2854/420/1 1519/421/1
f 1329/422/1 1516/423/1 3512/424/1
f 1330/425/1 1802/426/1 3511/427/1
f 1141/428/1 1803/429/1 3510/430/1
f 1333/431/1 1515/432/1 3509/433/1
f 1334/434/1 1806/435/1 3508/436/1
f 1170/437/1 1807/438/1 3507/439/1
f 1337/440/1 1463/441/1 3506/442/1
f 1338/443/1 1810/444/1 3505/445/1
f 1169/446/1 1811/447/1 3504/448/1
f 1341/449/1 1512/450/1 3503/451/1
f 1342/452/1 1814/453/1 3502/454/1
f 1343/455/1 1436/456/1 3500/457/1
f 1344/458/1 1818/459/1 3499/460/1
f 1167/461/1 1819/462/1 3498/463/1
f 1347/464/1 1509/465/1 3497/466/1
f 1348/467/1 1822/468/1 3496/469/1
f 1156/470/1 1823/471/1 3495/472/1
f 1351/473/1 1508/474/1 3494/475/1
f 1352/476/1 1826/477/1 3493/478/1
f 1164/479/1 1827/480/1 3492/481/1
f 1355/482/1 1466/483/1 3491/484/1
f 1356/485/1 1830/486/1 3490/487/1
f 1163/488/1 1831/489/1 3489/490/1
f 1359/491/1 1505/492/1 3488/493/1
f 4467/494/1 4469/495/1 4621/496/1
f 1135/497/1 1835/498/1 3486/499/1
f 4465/500/1 3402/501/1 4622/502/1
f 1364/503/1 1838/504/1 3484/505/1
f 4410/506/1 4464/507/1 4623/508/1
f 1367/509/1 1467/510/1 3482/511/1
f 1368/512/1 1842/513/1 3481/514/1
f 4461/515/1 4463/516/1 4624/517/1
f 1371/518/1 1501/519/1 3479/520/1
f 1372/521/1 1846/522/1 3478/523/1
f 1097/524/1 1847/525/1 3477/526/1
f 1375/527/1 1500/528/1 3476/529/1
f 1376/530/1 1850/531/1 3475/532/1
f 1119/533/1 1851/534/1 3474/535/1
f 1379/536/1 1475/537/1 3473/538/1
f 1380/539/1 1854/540/1 3472/541/1
f 1118/542/1 1855/543/1 3471/544/1
f 1383/545/1 1498/546/1 3470/547/1
f 1384/548/1 1858/549/1 3469/550/1
f 1103/551/1 1859/552/1 3468/553/1
f 1387/554/1 1497/555/1 3467/556/1
f 1388/557/1 1862/558/1 3466/559/1
f 1115/560/1 1863/561/1 3465/562/1
f 1391/563/1 1471/564/1 3464/565/1
f 1392/566/1 1865/567/1 3463/568/1
f 1114/569/1 1866/570/1 3462/571/1
f 1395/572/1 1495/573/1 3461/574/1
f 1104/575/1 1869/576/1 3460/577/1
f 1397/578/1 1477/579/1 3459/580/1
f 1398/581/1 1872/582/1 3458/583/1
f 1111/584/1 1873/585/1 3457/586/1
f 1401/587/1 1493/588/1 3456/589/1
f 1402/590/1 1876/591/1 3455/592/1
f 1101/593/1 1877/594/1 3454/595/1
f 1405/596/1 1492/597/1 3453/598/1
f 1406/599/1 1880/600/1 3452/601/1
f 2631/316/1 1279/602/1 2629/603/1
f 1409/604/1 1478/605/1 3450/606/1
f 1410/607/1 1884/608/1 3449/609/1
f 1107/610/1 1885/611/1 3448/612/1
f 1413/613/1 1489/614/1 3447/615/1
f 1414/616/1 1888/617/1 3446/618/1
f 1089/619/1 1889/620/1 3445/621/1
f 1417/622/1 1488/623/1 3444/624/1
f 1418/625/1 1892/626/1 3443/627/1
f 1092/628/1 1893/629/1 3442/630/1
f 1421/631/1 1482/632/1 3441/633/1
f 1422/634/1 1896/635/1 3440/636/1
f 1091/637/1 1897/638/1 3439/639/1
f 1425/640/1 1486/641/1 3438/642/1
f 1426/643/1 1900/644/1 3437/645/1
f 1085/646/1 1901/647/1 3436/648/1
f 1902/649/1 1428/650/1 3435/651/1
f 1903/652/1 1904/653/1 3434/654/1
f 1554/655/1 1905/656/1 3433/657/1
f 1906/658/1 1427/659/1 3432/660/1
f 1907/661/1 1908/662/1 3431/663/1
f 1899/664/1 1909/665/1 3430/666/1
f 1910/667/1 1016/668/1 3429/669/1
f 1911/670/1 1912/671/1 3428/672/1
f 1898/673/1 1913/674/1 3427/675/1
f 1914/676/1 1424/677/1 3426/678/1
f 1915/679/1 1916/680/1 3425/681/1
f 1560/682/1 1917/683/1 3424/684/1
f 1918/685/1 1423/686/1 3423/687/1
f 1919/688/1 1920/689/1 3422/690/1
f 1895/691/1 1921/692/1 3421/693/1
f 1922/694/1 1012/695/1 3420/696/1
f 1923/697/1 1924/698/1 3419/699/1
f 1894/700/1 1925/701/1 3418/702/1
f 1926/703/1 1420/704/1 3417/705/1
f 1927/706/1 1928/707/1 3416/708/1
f 1561/709/1 1929/710/1 3415/711/1
f 1930/712/1 1419/713/1 3414/714/1
f 1931/715/1 1932/716/1 3413/717/1
f 1891/718/1 1933/719/1 3412/720/1
f 1934/721/1 1018/722/1 3411/723/1
f 1935/724/1 1936/725/1 3410/726/1
f 1890/727/1 1937/728/1 3409/729/1
f 1938/730/1 1416/731/1 3408/732/1
f 1939/733/1 1940/734/1 3407/735/1
f 1558/736/1 1941/737/1 3406/738/1
f 1942/739/1 1415/740/1 3405/741/1
f 1943/742/1 1944/743/1 3404/744/1
f 1887/745/1 1945/746/1 3403/747/1
f 4460/748/1 672/749/1 4625/750/1
f 1947/751/1 1948/752/1 3401/753/1
f 1886/754/1 1949/755/1 3400/756/1
f 1950/757/1 1412/758/1 3399/759/1
f 1951/760/1 1952/761/1 3398/762/1
f 1575/763/1 1953/764/1 3397/765/1
f 1954/766/1 1411/767/1 3396/768/1
f 1955/769/1 1956/770/1 3395/771/1
f 1883/772/1 1957/773/1 3394/774/1
f 1958/775/1 1008/776/1 3393/777/1
f 1959/778/1 1960/779/1 3392/780/1
f 1882/781/1 1961/782/1 3391/783/1
f 1962/784/1 1408/785/1 3390/786/1
f 4298/315/1 1278/309/1 1279/602/1
f 3092/787/1 4297/788/1 1277/789/1
f 1966/790/1 1407/791/1 3387/792/1
f 1967/793/1 1968/794/1 3386/795/1
f 1879/796/1 1969/797/1 3385/798/1
f 1970/799/1 1022/800/1 3384/801/1
f 1971/802/1 1972/803/1 3383/804/1
f 1878/805/1 1973/806/1 3382/807/1
f 1974/808/1 1404/809/1 3381/810/1
f 1975/811/1 1976/812/1 3380/813/1
f 1570/814/1 1977/815/1 3379/816/1
f 1978/817/1 1403/818/1 3378/819/1
f 1979/820/1 1980/821/1 3377/822/1
f 1875/823/1 1981/824/1 3376/825/1
f 1982/826/1 1023/827/1 3375/828/1
f 1983/829/1 1984/830/1 3374/831/1
f 1874/832/1 1985/833/1 3373/834/1
f 1986/835/1 1400/836/1 3372/837/1
f 1987/838/1 1988/839/1 3371/840/1
f 1579/841/1 1989/842/1 3370/843/1
f 1990/844/1 1399/845/1 3369/846/1
f 1991/847/1 1992/848/1 3368/849/1
f 1871/850/1 1993/851/1 3367/852/1
f 1994/853/1 1007/854/1 3366/855/1
f 1995/856/1 1996/857/1 3365/858/1
f 1870/859/1 1997/860/1 3364/861/1
f 1998/862/1 1026/863/1 3362/864/1
f 1999/865/1 2000/866/1 3361/867/1
f 1867/868/1 2001/869/1 3360/870/1
f 2002/871/1 1394/872/1 3359/873/1
f 2003/874/1 1393/875/1 3358/876/1
f 2004/877/1 1001/878/1 3357/879/1
f 2005/880/1 2006/881/1 3356/882/1
f 1864/883/1 2007/884/1 3355/885/1
f 2008/886/1 1390/887/1 3354/888/1
f 2009/889/1 2010/890/1 3353/891/1
f 1582/892/1 2011/893/1 3352/894/1
f 2012/895/1 1389/896/1 3351/897/1
f 2013/898/1 2014/899/1 3350/900/1
f 1861/901/1 2015/902/1 3349/903/1
f 2016/904/1 1028/905/1 3348/906/1
f 2017/907/1 2018/908/1 3347/909/1
f 1860/910/1 2019/911/1 3346/912/1
f 2020/913/1 1386/914/1 3345/915/1
f 2021/916/1 2022/917/1 3344/918/1
f 1572/919/1 2023/920/1 3343/921/1
f 2024/922/1 1385/923/1 3342/924/1
f 2025/925/1 2026/926/1 3341/927/1
f 1857/928/1 2027/929/1 3340/930/1
f 2028/931/1 1029/932/1 3339/933/1
f 2029/934/1 2030/935/1 3338/936/1
f 1856/937/1 2031/938/1 3337/939/1
f 2032/940/1 1382/941/1 3336/942/1
f 2033/943/1 2034/944/1 3335/945/1
f 1585/946/1 2035/947/1 3334/948/1
f 2036/949/1 1381/950/1 3333/951/1
f 2037/952/1 2038/953/1 3332/954/1
f 1853/955/1 2039/956/1 3331/957/1
f 2040/958/1 1005/959/1 3330/960/1
f 2041/961/1 2042/962/1 3329/963/1
f 1852/964/1 2043/965/1 3328/966/1
f 2044/967/1 1378/968/1 3327/969/1
f 2045/970/1 2046/971/1 3326/972/1
f 1586/973/1 2047/974/1 3325/975/1
f 2048/976/1 1377/977/1 3324/978/1
f 2049/979/1 2050/980/1 3323/981/1
f 1849/982/1 2051/983/1 3322/984/1
f 2052/985/1 1031/986/1 3321/987/1
f 2053/988/1 2054/989/1 3320/990/1
f 1848/991/1 2055/992/1 3319/993/1
f 2056/994/1 1374/995/1 3318/996/1
f 2057/997/1 2058/998/1 3317/999/1
f 1566/1000/1 2059/1001/1 3316/1002/1
f 2060/1003/1 1373/1004/1 3315/1005/1
f 4370/1006/1 4459/1007/1 4626/1008/1
f 1845/1009/1 2063/1010/1 3313/1011/1
f 2064/1012/1 1032/1013/1 3312/1014/1
f 2065/1015/1 2066/1016/1 3311/1017/1
f 1844/1018/1 2067/1019/1 3310/1020/1
f 4456/1021/1 4458/1022/1 4627/1023/1
f 4455/1024/1 469/1025/1 4628/1026/1
f 4416/1027/1 4454/1028/1 4631/1029/1
f 2072/1030/1 1369/1031/1 3306/1032/1
f 2073/1033/1 2074/1034/1 3305/1035/1
f 4451/1036/1 4453/1037/1 4632/1038/1
f 2076/1039/1 997/1040/1 3303/1041/1
f 2077/1042/1 2078/1043/1 3302/1044/1
f 1840/1045/1 2079/1046/1 3301/1047/1
f 4450/1048/1 344/1049/1 4633/1050/1
f 2081/1051/1 2082/1052/1 3299/1053/1
f 4360/1054/1 4449/1055/1 4634/1056/1
f 2084/1057/1 1365/1058/1 3297/1059/1
f 2085/1060/1 2086/1061/1 3296/1062/1
f 1837/1063/1 2087/1064/1 3295/1065/1
f 2088/1066/1 1035/1067/1 3294/1068/1
f 2089/1069/1 2090/1070/1 3293/1071/1
f 4446/1072/1 4448/1073/1 4635/1074/1
f 4445/1075/1 342/1076/1 4636/1077/1
f 2093/1078/1 2094/1079/1 3290/1080/1
f 1603/1081/1 2095/1082/1 3289/1083/1
f 4422/1084/1 4444/1085/1 4637/1086/1
f 4441/1087/1 4443/1088/1 4638/1089/1
f 4440/1090/1 4554/1091/1 4639/1092/1
f 4424/1093/1 4439/1094/1 4640/1095/1
f 4436/1096/1 4438/1097/1 4641/1098/1
f 4435/1099/1 163/1100/1 4642/1101/1
f 2104/1102/1 1358/1103/1 3282/1104/1
f 2105/1105/1 2106/1106/1 3281/1107/1
f 1632/1108/1 2107/1109/1 3280/1110/1
f 2108/1111/1 1357/1112/1 3279/1113/1
f 2109/1114/1 2110/1115/1 3278/1116/1
f 1829/1117/1 2111/1118/1 3277/1119/1
f 2112/1120/1 996/1121/1 3276/1122/1
f 2113/1123/1 2114/1124/1 3275/1125/1
f 1828/1126/1 2115/1127/1 3274/1128/1
f 2116/1129/1 1354/1130/1 3273/1131/1
f 2117/1132/1 2118/1133/1 3272/1134/1
f 1633/1135/1 2119/1136/1 3271/1137/1
f 2120/1138/1 1353/1139/1 3270/1140/1
f 2121/1141/1 2122/1142/1 3269/1143/1
f 1825/1144/1 2123/1145/1 3268/1146/1
f 2124/1147/1 1039/1148/1 3267/1149/1
f 2125/1150/1 2126/1151/1 3266/1152/1
f 1824/1153/1 2127/1154/1 3265/1155/1
f 2128/1156/1 1350/1157/1 3264/1158/1
f 2129/1159/1 2130/1160/1 3263/1161/1
f 1625/1162/1 2131/1163/1 3262/1164/1
f 2132/1165/1 1349/1166/1 3261/1167/1
f 2133/1168/1 2134/1169/1 3260/1170/1
f 1821/1171/1 2135/1172/1 3259/1173/1
f 2136/1174/1 1040/1175/1 3258/1176/1
f 2137/1177/1 2138/1178/1 3257/1179/1
f 1820/1180/1 2139/1181/1 3256/1182/1
f 2140/1183/1 1346/1184/1 3255/1185/1
f 2141/1186/1 2142/1187/1 3254/1188/1
f 1636/1189/1 2143/1190/1 3253/1191/1
f 2144/1192/1 1345/1193/1 3252/1194/1
f 2145/1195/1 2146/1196/1 3251/1197/1
f 1817/1198/1 2147/1199/1 3250/1200/1
f 2148/1201/1 966/22/1 3249/1202/1
f 2149/1203/1 2150/1204/1 3248/1205/1
f 1816/1206/1 2151/1207/1 3247/1208/1
f 2152/1209/1 2153/1210/1 3246/1211/1
f 1637/1212/1 2154/1213/1 3245/1214/1
f 2155/1215/1 2156/1216/1 3244/1217/1
f 1815/1218/1 2157/1219/1 3243/1220/1
f 2159/1221/1 2160/1222/1 3241/1223/1
f 1624/1224/1 2161/1225/1 3240/1226/1
f 2162/1227/1 2163/1228/1 3239/1229/1
f 1813/1230/1 2164/1231/1 3238/1232/1
f 1812/1233/1 2165/1234/1 3237/1235/1
f 2166/1236/1 1340/1237/1 3236/1238/1
f 2167/1239/1 2168/1240/1 3235/1241/1
f 1639/1242/1 2169/1243/1 3234/1244/1
f 2170/1245/1 1339/1246/1 3233/1247/1
f 2171/1248/1 2172/1249/1 3232/1250/1
f 1809/1251/1 2173/1252/1 3231/1253/1
f 2174/1254/1 993/1255/1 3230/1256/1
f 2175/1257/1 2176/1258/1 3229/1259/1
f 1808/1260/1 2177/1261/1 3228/1262/1
f 2178/1263/1 1336/1264/1 3227/1265/1
f 2179/1266/1 2180/1267/1 3226/1268/1
f 1640/1269/1 2181/1270/1 3225/1271/1
f 2182/1272/1 1335/1273/1 3224/1274/1
f 2183/1275/1 2184/1276/1 3223/1277/1
f 1805/1278/1 2185/1279/1 3222/1280/1
f 2186/1281/1 1046/1282/1 3221/1283/1
f 2187/1284/1 2188/1285/1 3220/1286/1
f 1804/1287/1 2189/1288/1 3219/1289/1
f 2190/1290/1 1332/1291/1 3218/1292/1
f 2191/1293/1 2192/1294/1 3217/1295/1
f 1609/1296/1 2193/1297/1 3216/1298/1
f 2194/1299/1 1331/1300/1 3215/1301/1
f 2195/1302/1 2196/1303/1 3214/1304/1
f 1801/1305/1 2197/1306/1 3213/1307/1
f 2198/1308/1 1047/1309/1 3212/1310/1
f 2199/1311/1 2200/1312/1 3211/1313/1
f 1800/1314/1 2201/1315/1 3210/1316/1
f 4171/418/1 3513/1317/1 2854/420/1
f 1325/1318/1 4170/1319/1 2676/1320/1
f 2676/1320/1 1643/1321/1 2677/414/1
f 2206/1322/1 1327/1323/1 3206/1324/1
f 2207/1325/1 2208/1326/1 3205/1327/1
f 4170/1319/1 1519/421/1 1643/1321/1
f 2210/1328/1 992/1329/1 3203/1330/1
f 2211/1331/1 2212/1332/1 3202/1333/1
f 3204/1334/1 4169/1335/1 1326/1336/1
f 1288/1337/1 4209/1338/1 4238/1339/1
f 4205/1340/1 4207/1341/1 4239/1342/1
f 4204/1343/1 3199/1344/1 4240/1345/1
f 2218/1346/1 1323/1347/1 3197/1348/1
f 2219/1349/1 2220/1350/1 3196/1351/1
f 818/117/1 4202/1352/1 4242/1353/1
f 2222/1354/1 1050/1355/1 3194/1356/1
f 2223/1357/1 2224/1358/1 3193/1359/1
f 1792/1360/1 2225/1361/1 3192/1362/1
f 2226/1363/1 1320/1364/1 3191/1365/1
f 2227/1366/1 2228/1367/1 3190/1368/1
f 1621/1369/1 2229/1370/1 3189/1371/1
f 2230/1372/1 1319/1373/1 3188/1374/1
f 2231/1375/1 2232/1376/1 3187/1377/1
f 1789/1378/1 2233/1379/1 3186/1380/1
f 2234/1381/1 1051/1382/1 3185/1383/1
f 2235/1384/1 2236/1385/1 3184/1386/1
f 1788/1387/1 2237/1388/1 3183/1389/1
f 2238/1390/1 1316/1391/1 3182/1392/1
f 2240/1393/1 1315/1394/1 3180/1395/1
f 2241/1396/1 2242/1397/1 3179/1398/1
f 1785/1399/1 2243/1400/1 3178/1401/1
f 2244/1402/1 962/1403/1 3177/1404/1
f 2245/1405/1 2246/1406/1 3176/1407/1
f 1784/1408/1 2247/1409/1 3175/1410/1
f 2248/1411/1 1312/1412/1 3174/1413/1
f 2249/1414/1 2250/1415/1 3173/1416/1
f 1647/1417/1 2251/1418/1 3172/1419/1
f 2252/1420/1 1311/1421/1 3171/1422/1
f 2253/1423/1 2254/1424/1 3170/1425/1
f 1781/1426/1 2255/1427/1 3169/1428/1
f 2256/1429/1 1053/1430/1 3168/1431/1
f 2257/1432/1 2258/1433/1 3167/1434/1
f 1780/1435/1 2259/1436/1 3166/1437/1
f 2260/1438/1 1308/1439/1 3165/1440/1
f 2261/1441/1 2262/1442/1 3164/1443/1
f 1620/1444/1 2263/1445/1 3163/1446/1
f 2264/1447/1 1307/1448/1 3162/1449/1
f 2265/1450/1 2266/1451/1 3161/1452/1
f 1777/1453/1 2267/1454/1 3160/1455/1
f 2270/1456/1 2271/1457/1 3158/1458/1
f 1648/1459/1 2272/1460/1 3157/1461/1
f 2273/1462/1 1304/1463/1 3156/1464/1
f 2274/1465/1 2275/1466/1 3155/1467/1
f 1775/1468/1 2276/1469/1 3154/1470/1
f 2279/1471/1 1302/1472/1 3151/1473/1
f 2280/1474/1 2281/1475/1 3150/1476/1
f 1649/1477/1 2282/1478/1 3149/1479/1
f 2283/1480/1 1301/1481/1 3148/1482/1
f 2284/1483/1 2285/1484/1 3147/1485/1
f 1771/1486/1 2286/1487/1 3146/1488/1
f 2287/1489/1 988/1490/1 3145/1491/1
f 2288/1492/1 2289/1493/1 3144/1494/1
f 1770/1495/1 2290/1496/1 3143/1497/1
f 2291/1498/1 1298/1499/1 3142/1500/1
f 2292/1501/1 2293/1502/1 3141/1503/1
f 1650/1504/1 2294/1505/1 3140/1506/1
f 2295/1507/1 1297/1508/1 3139/1509/1
f 2296/1510/1 2297/1511/1 3138/1512/1
f 1767/1513/1 2298/1514/1 3137/1515/1
f 2299/1516/1 1057/1517/1 3136/1518/1
f 2300/1519/1 2301/1520/1 3135/1521/1
f 1766/1522/1 2302/1523/1 3134/1524/1
f 2303/1525/1 1294/1526/1 3133/1527/1
f 2304/1528/1 2305/1529/1 3132/1530/1
f 1617/1531/1 2306/1532/1 3131/1533/1
f 2307/1534/1 1293/1535/1 3130/1536/1
f 2308/1537/1 2309/1538/1 3129/1539/1
f 1763/1540/1 2310/1541/1 3128/1542/1
f 2311/1543/1 2312/1544/1 3126/1545/1
f 1762/1546/1 2313/1547/1 3125/1548/1
f 4200/1549/1 4230/1550/1 4243/1551/1
f 602/1552/1 4199/1553/1 4244/1554/1
f 4196/1555/1 4198/1556/1 4245/1557/1
f 2318/1558/1 1290/1559/1 3121/1560/1
f 2319/1561/1 2320/1562/1 3120/1563/1
f 4195/1564/1 2315/1565/1 4246/1566/1
f 2322/1567/1 969/1568/1 3118/1569/1
f 2323/1570/1 2324/1571/1 3117/1572/1
f 1759/1573/1 4194/1574/1 4247/1575/1
f 2326/1576/1 1287/1577/1 3115/1578/1
f 2327/1579/1 2328/1580/1 3114/1581/1
f 1653/1582/1 2329/1583/1 3113/1584/1
f 2330/1585/1 1286/1586/1 3112/1587/1
f 2331/1588/1 2332/1589/1 3111/1590/1
f 1755/1591/1 2333/1592/1 3110/1593/1
f 2334/1594/1 1060/1595/1 3109/1596/1
f 2335/1597/1 2336/1598/1 3108/1599/1
f 1754/1600/1 2337/1601/1 3107/1602/1
f 2338/1603/1 1283/1604/1 3106/1605/1
f 2339/1606/1 2340/1607/1 3105/1608/1
f 1616/1609/1 2341/1610/1 3104/1611/1
f 2342/1612/1 1282/1613/1 3103/1614/1
f 1751/1615/1 2344/1616/1 3101/1617/1
f 2345/1618/1 1061/1619/1 3100/1620/1
f 2346/1621/1 2347/1622/1 3099/1623/1
f 1750/1624/1 2348/1625/1 3098/1626/1
f 1277/789/1 4281/1627/1 1272/314/1
f 4297/788/1 4282/305/1 4281/1627/1
f 3094/1628/1 4296/1629/1 1064/1630/1
f 1064/1630/1 4295/1631/1 1063/1632/1
f 2358/1633/1 4284/1634/1 4297/788/1
f 4281/1627/1 4283/307/1 4298/315/1
f 2357/1635/1 986/1636/1 3091/1637/1
f 4280/1638/1 3089/1639/1 4299/306/1
f 1746/127/1 4278/1640/1 4301/1641/1
f 2361/1642/1 1275/1643/1 3088/1644/1
f 2362/1645/1 2363/1646/1 3087/1647/1
f 1657/1648/1 2364/1649/1 3086/1650/1
f 2365/1651/1 1274/1652/1 3085/1653/1
f 2366/1654/1 2367/1655/1 3084/1656/1
f 1743/1657/1 2368/1658/1 3083/1659/1
f 4275/1660/1 4277/1661/1 4302/1662/1
f 4274/1663/1 3097/1664/1 4303/1665/1
f 1742/1666/1 4273/1667/1 4304/1668/1
f 2373/1669/1 1271/1670/1 3079/1671/1
f 2374/1672/1 2375/1673/1 3078/1674/1
f 1607/1675/1 2376/1676/1 3077/1677/1
f 2377/1678/1 1270/1679/1 3076/1680/1
f 2378/1681/1 2379/1682/1 3075/1683/1
f 1739/1684/1 2380/1685/1 3074/1686/1
f 4270/1687/1 4272/1688/1 4305/1689/1
f 2382/1690/1 2383/1691/1 3072/1692/1
f 1738/1693/1 2384/1694/1 3071/1695/1
f 2385/1696/1 1267/1697/1 3070/1698/1
f 2386/1699/1 2387/1700/1 3069/1701/1
f 1660/1702/1 2388/1703/1 3068/1704/1
f 2389/1705/1 1266/1706/1 3067/1707/1
f 2391/1708/1 985/1709/1 3066/1710/1
f 2392/1711/1 2393/1712/1 3065/1713/1
f 1735/1714/1 2394/1715/1 3064/1716/1
f 1661/1717/1 2396/1718/1 3063/1719/1
f 2397/1720/1 1263/1721/1 3062/1722/1
f 2398/1723/1 2399/1724/1 3061/1725/1
f 1613/1726/1 2400/1727/1 3060/1728/1
f 2401/1729/1 1262/1730/1 3059/1731/1
f 2402/1732/1 2403/1733/1 3058/1734/1
f 1732/1735/1 2404/1736/1 3057/1737/1
f 1731/1738/1 2407/1739/1 3055/1740/1
f 2408/1741/1 1259/1742/1 3054/1743/1
f 2409/1744/1 2410/1745/1 3053/1746/1
f 1663/1747/1 2411/1748/1 3052/1749/1
f 2412/1750/1 1258/1751/1 3051/1752/1
f 2413/1753/1 2414/1754/1 3050/1755/1
f 1728/1756/1 2415/1757/1 3049/1758/1
f 2416/1759/1 970/1760/1 3048/1761/1
f 2417/1762/1 2418/1763/1 3047/1764/1
f 1727/1765/1 2419/1766/1 3046/1767/1
f 2420/1768/1 1255/1769/1 3045/1770/1
f 2421/1771/1 2422/1772/1 3044/1773/1
f 1664/1774/1 2423/1775/1 3043/1776/1
f 2424/1777/1 1254/1778/1 3042/1779/1
f 2425/1780/1 2426/1781/1 3041/1782/1
f 1724/1783/1 2427/1784/1 3040/1785/1
f 2428/1786/1 1070/1787/1 3039/1788/1
f 2429/1789/1 2430/1790/1 3038/1791/1
f 1723/1792/1 2431/1793/1 3037/1794/1
f 2432/1795/1 1251/1796/1 3036/1797/1
f 2433/1798/1 2434/1799/1 3035/1800/1
f 1612/1801/1 2435/1802/1 3034/1803/1
f 2436/1804/1 1250/1805/1 3033/1806/1
f 2437/1807/1 2438/1808/1 3032/1809/1
f 1720/1810/1 2439/1811/1 3031/1812/1
f 2440/1813/1 1071/1814/1 3030/1815/1
f 2441/1816/1 2442/1817/1 3029/1818/1
f 1719/1819/1 2443/1820/1 3028/1821/1
f 2444/1822/1 1247/1823/1 3027/1824/1
f 2445/1825/1 2446/1826/1 3026/1827/1
f 1667/1828/1 2447/1829/1 3025/1830/1
f 2448/1831/1 1246/1832/1 3024/1833/1
f 2449/1834/1 2450/1835/1 3023/1836/1
f 1716/1837/1 2451/1838/1 3022/1839/1
f 2452/1840/1 982/1841/1 3021/1842/1
f 2453/1843/1 2454/1844/1 3020/1845/1
f 1715/1846/1 2455/1847/1 3019/1848/1
f 2456/1849/1 1243/1850/1 3018/1851/1
f 2457/1852/1 2458/1853/1 3017/1854/1
f 1668/1855/1 2459/1856/1 3016/1857/1
f 2460/1858/1 1242/1859/1 3015/1860/1
f 2461/1861/1 2462/1862/1 3014/1863/1
f 1712/1864/1 2463/1865/1 3013/1866/1
f 2464/1867/1 1074/1868/1 3012/1869/1
f 2465/1870/1 2466/1871/1 3011/1872/1
f 1711/1873/1 2467/1874/1 3010/1875/1
f 2468/1876/1 1239/1877/1 3009/1878/1
f 2469/1879/1 2470/1880/1 3008/1881/1
f 1595/1882/1 2471/1883/1 3007/1884/1
f 2472/1885/1 1238/1886/1 3006/1887/1
f 2473/1888/1 2474/1889/1 3005/1890/1
f 1708/1891/1 2475/1892/1 3004/1893/1
f 2476/1894/1 1075/1895/1 3003/1896/1
f 2477/1897/1 2478/1898/1 3002/1899/1
f 1707/1900/1 2479/1901/1 3001/1902/1
f 2480/1903/1 1235/1904/1 3000/1905/1
f 2481/1906/1 2482/1907/1 2999/1908/1
f 1671/1909/1 2483/1910/1 2998/1911/1
f 2484/1912/1 1234/1913/1 2997/1914/1
f 2485/1915/1 2486/1916/1 2996/1917/1
f 1704/1918/1 2487/1919/1 2995/1920/1
f 2488/1921/1 981/1922/1 2994/1923/1
f 2489/1924/1 2490/1925/1 2993/1926/1
f 1703/1927/1 2491/1928/1 2992/1929/1
f 2492/1930/1 1231/1931/1 2991/1932/1
f 2493/1933/1 2494/1934/1 2990/1935/1
f 1672/1936/1 2495/1937/1 2989/1938/1
f 2496/1939/1 1230/1940/1 2988/1941/1
f 2497/1942/1 2498/1943/1 2987/1944/1
f 1700/1945/1 2499/1946/1 2986/1947/1
f 2500/1948/1 1078/1949/1 2985/1950/1
f 2501/1951/1 2502/1952/1 2984/1953/1
f 1699/1954/1 2503/1955/1 2983/1956/1
f 2504/1957/1 1227/1958/1 2982/1959/1
f 2505/1960/1 2506/1961/1 2981/1962/1
f 1598/1963/1 2507/1964/1 2980/1965/1
f 2508/1966/1 1226/1967/1 2979/1968/1
f 2509/1969/1 2510/1970/1 2978/1971/1
f 1696/1972/1 2511/1973/1 2977/1974/1
f 2512/1975/1 1079/1976/1 2976/1977/1
f 2513/1978/1 2514/1979/1 2975/1980/1
f 1695/1981/1 2515/1982/1 2974/1983/1
f 2516/1984/1 1223/1985/1 2973/1986/1
f 2517/1987/1 2518/1988/1 2972/1989/1
f 1675/1990/1 2519/1991/1 2971/1992/1
f 2520/1993/1 1222/1994/1 2970/1995/1
f 2521/1996/1 974/1997/1 2969/1998/1
f 2522/1999/1 2523/2000/1 2968/2001/1
f 1692/2002/1 2524/2003/1 2967/2004/1
f 2525/2005/1 1219/2006/1 2966/2007/1
f 2526/2008/1 2527/2009/1 2965/2010/1
f 1676/2011/1 2528/2012/1 2964/2013/1
f 2529/2014/1 1218/2015/1 2963/2016/1
f 2530/2017/1 2531/2018/1 2962/2019/1
f 1690/2020/1 2532/2021/1 2961/2022/1
f 2533/2023/1 2534/2024/1 2960/2025/1
f 1597/2026/1 2535/2027/1 2959/2028/1
f 2536/2029/1 2537/2030/1 2958/2031/1
f 1689/2032/1 2538/2033/1 2957/2034/1
f 2539/2035/1 1216/2036/1 2956/2037/1
f 2540/2038/1 2541/2039/1 2955/2040/1
f 1679/2041/1 2542/2042/1 2954/2043/1
f 2543/2044/1 1215/2045/1 2953/2046/1
f 2544/2047/1 2545/2048/1 2952/2049/1
f 1686/2050/1 2546/2051/1 2951/2052/1
f 2547/2053/1 978/2054/1 2950/2055/1
f 2548/2056/1 2549/2057/1 2949/2058/1
f 1685/2059/1 2550/2060/1 2948/2061/1
f 2552/2062/1 2553/2063/1 2946/2064/1
f 1680/2065/1 2554/2066/1 2945/2067/1
f 2556/2068/1 2557/2069/1 2943/2070/1
f 1684/2071/1 2558/2072/1 2942/2073/1
f 2560/2074/1 2561/2075/1 2940/2076/1
f 1591/2077/1 2562/2078/1 2939/2079/1
f 2564/2080/1 2565/2081/1 2937/2082/1
f 1682/2083/1 2566/2084/1 2936/2085/1
f 1470/2086/1 2569/2087/1 2935/2088/1
f 2570/2089/1 1102/2090/1 2934/2091/1
f 2571/2092/1 2572/2093/1 2933/2094/1
f 1551/2095/1 2573/2096/1 2932/2097/1
f 2574/2098/1 1207/2099/1 2931/2100/1
f 2575/2101/1 2576/2102/1 2930/2103/1
f 2577/2104/1 1098/2105/1 2929/2106/1
f 2578/2107/1 2579/2108/1 2928/2109/1
f 1549/2110/1 2580/2111/1 2927/2112/1
f 2581/2113/1 1205/2114/1 2926/2115/1
f 2582/2116/1 2583/2117/1 2925/2118/1
f 1476/2119/1 2584/2120/1 2924/2121/1
f 2585/2122/1 1204/2123/1 2923/2124/1
f 2586/2125/1 2587/2126/1 2922/2127/1
f 1546/2128/1 2588/2129/1 2921/2130/1
f 2589/2131/1 1105/2132/1 2920/2133/1
f 2590/2134/1 2591/2135/1 2919/2136/1
f 1545/2137/1 2592/2138/1 2918/2139/1
f 2593/2140/1 1201/2141/1 2917/2142/1
f 2594/2143/1 2595/2144/1 2916/2145/1
f 1474/2146/1 2596/2147/1 2915/2148/1
f 2597/2149/1 1200/2150/1 2914/2151/1
f 2598/2152/1 2599/2153/1 2913/2154/1
f 1542/2155/1 2600/2156/1 2912/2157/1
f 2601/2158/1 1106/2159/1 2911/2160/1
f 2602/2161/1 2603/2162/1 2910/2163/1
f 1541/2164/1 2604/2165/1 2909/2166/1
f 2605/2167/1 1197/2168/1 2908/2169/1
f 2606/2170/1 2607/2171/1 2907/2172/1
f 1490/2173/1 2608/2174/1 2906/2175/1
f 2609/2176/1 1196/2177/1 2905/2178/1
f 2610/2179/1 2611/2180/1 2904/2181/1
f 1538/2182/1 2612/2183/1 2903/2184/1
f 2613/2185/1 1094/2186/1 2902/2187/1
f 2614/2188/1 2615/2189/1 2901/2190/1
f 1537/2191/1 2616/2192/1 2900/2193/1
f 2617/2194/1 1193/2195/1 2899/2196/1
f 2618/2197/1 2619/2198/1 2898/2199/1
f 1491/2200/1 2620/2201/1 2897/2202/1
f 2621/2203/1 1109/2204/1 2896/2205/1
f 2622/2206/1 2623/2207/1 2895/2208/1
f 1535/2209/1 2624/2210/1 2894/2211/1
f 2625/2212/1 1190/2213/1 2893/2214/1
f 2626/2215/1 2627/2216/1 2892/2217/1
f 1485/2218/1 2628/2219/1 2891/2220/1
f 4269/2221/1 2889/2222/1 4306/2223/1
f 4264/2224/1 2886/126/1 4308/2225/1
f 1279/602/1 4294/2226/1 4309/2227/1
f 2633/2228/1 1110/2229/1 2887/2230/1
f 2349/2231/1 4262/2232/1 4310/2233/1
f 1531/2234/1 2636/2235/1 2885/2236/1
f 2637/2237/1 1186/2238/1 2884/2239/1
f 2638/2240/1 2639/2241/1 2883/2242/1
f 1494/2243/1 2640/2244/1 2882/2245/1
f 2641/2246/1 1185/2247/1 2881/2248/1
f 2642/2249/1 2643/2250/1 2880/2251/1
f 1528/2252/1 2644/2253/1 2879/2254/1
f 4191/2255/1 4193/2256/1 4248/2257/1
f 4190/2258/1 2314/2259/1 4249/2260/1
f 1793/2261/1 4189/2262/1 4251/2263/1
f 2650/2264/1 1182/2265/1 2873/2266/1
f 2651/2267/1 2652/2268/1 2872/2269/1
f 1525/2270/1 2653/2271/1 2871/2272/1
f 2654/2273/1 1112/2274/1 2870/2275/1
f 2655/2276/1 2656/2277/1 2869/2278/1
f 1524/2279/1 2657/2280/1 2868/2281/1
f 2658/2282/1 1113/2283/1 2867/2284/1
f 2662/2285/1 1086/2286/1 2864/2287/1
f 2663/2288/1 2664/2289/1 2863/2290/1
f 1521/2291/1 2665/2292/1 2862/2293/1
f 2666/2294/1 1176/2295/1 2861/2296/1
f 2667/2297/1 2668/2298/1 2860/2299/1
f 1496/2300/1 2669/2301/1 2859/2302/1
f 1326/1336/1 4157/2303/1 1325/1318/1
f 2671/2304/1 2672/2305/1 2857/2306/1
f 1518/2307/1 2673/2308/1 2856/2309/1
f 4169/1335/1 4158/417/1 4157/2303/1
f 2209/2310/1 4160/2311/1 4169/1335/1
f 4157/2303/1 4159/419/1 4170/1319/1
f 2678/2312/1 1172/2313/1 2852/2314/1
f 2679/2315/1 2680/2316/1 2851/2317/1
f 1487/2318/1 2681/2319/1 2850/2320/1
f 2682/2321/1 1171/2322/1 2849/2323/1
f 2683/2324/1 2684/2325/1 2848/2326/1
f 1514/2327/1 2685/2328/1 2847/2329/1
f 2686/2330/1 1117/2331/1 2846/2332/1
f 2687/2333/1 2688/2334/1 2845/2335/1
f 1513/2336/1 2689/2337/1 2844/2338/1
f 2690/2339/1 1090/2340/1 2843/2341/1
f 2691/2342/1 2692/2343/1 2842/2344/1
f 1510/2345/1 2693/2346/1 2841/2347/1
f 2694/2348/1 1166/2349/1 2840/2350/1
f 2695/2351/1 2696/2352/1 2839/2353/1
f 1499/2354/1 2697/2355/1 2838/2356/1
f 2698/2357/1 1165/2358/1 2837/2359/1
f 2699/2360/1 2700/2361/1 2836/2362/1
f 1507/2363/1 2701/2364/1 2835/2365/1
f 2702/2366/1 1120/2367/1 2834/2368/1
f 2703/2369/1 2704/2370/1 2833/2371/1
f 1506/2372/1 2705/2373/1 2832/2374/1
f 2706/2375/1 1162/2376/1 2831/2377/1
f 2707/2378/1 2708/2379/1 2830/135/1
f 1481/2380/1 2709/2381/1 2829/2382/1
f 4362/2383/1 4434/2384/1 4643/2385/1
f 4431/2386/1 4433/2387/1 4644/2388/1
f 4430/2389/1 74/2390/1 4645/2391/1
f 2714/2392/1 1121/2393/1 2825/2394/1
f 2715/1631/1 2716/2395/1 2824/2396/1
f 1502/2397/1 2717/2398/1 2823/1629/1
f 2718/2399/1 1158/2400/1 2822/2401/1
f 2719/2402/1 2720/2403/1 2821/2404/1
f 1443/2405/1 2721/2406/1 2820/2407/1
f 2722/2408/1 1157/2409/1 2819/2410/1
f 2723/2411/1 2724/2412/1 2818/2413/1
f 1465/2414/1 2725/2415/1 2817/2416/1
f 2726/2417/1 1129/2418/1 2816/2419/1
f 2727/2420/1 2728/2421/1 2815/2422/1
f 1464/2423/1 2729/2424/1 2814/2425/1
f 2730/2426/1 1154/2427/1 2813/2428/1
f 2731/2429/1 2732/2430/1 2812/2431/1
f 1449/2432/1 2733/2433/1 2811/2434/1
f 2734/2435/1 1153/2436/1 2810/2437/1
f 2735/2438/1 2736/2439/1 2809/2440/1
f 1461/2441/1 2737/2442/1 2808/2443/1
f 2738/2444/1 1125/2445/1 2807/2446/1
f 2739/2447/1 2740/2448/1 2806/2449/1
f 1460/2450/1 2741/2451/1 2805/2452/1
f 2742/2453/1 1150/2454/1 2804/2455/1
f 2743/2456/1 2744/2457/1 2803/2458/1
f 1450/2459/1 2745/2460/1 2802/2461/1
f 2746/2462/1 1131/2463/1 2801/2464/1
f 2747/2465/1 2748/2466/1 2800/2467/1
f 1457/2468/1 2749/2469/1 2799/2470/1
f 2750/2471/1 1147/2472/1 2798/2473/1
f 2751/2474/1 2752/2475/1 2797/2476/1
f 1447/2477/1 2753/2478/1 2796/2479/1
f 2754/2480/1 1146/2481/1 2795/2482/1
f 2755/2483/1 2756/2484/1 2794/2485/1
f 1454/2486/1 2757/2487/1 2793/2488/1
f 2758/2489/1 1132/2490/1 2792/2491/1
f 2759/2492/1 2760/2493/1 2791/2494/1
f 1453/2495/1 2761/2496/1 2790/2497/1
f 2762/2498/1 1143/2499/1 2789/2500/1
f 2763/2501/1 2764/2502/1 2788/2503/1
f 1435/2504/1 2765/2505/1 2787/2506/1
f 2766/2507/1 1142/2508/1 2786/2509/1
f 2767/2510/1 2768/2511/1 2785/2512/1
f 1438/2513/1 2769/2514/1 2784/2515/1
f 2770/2516/1 1136/2517/1 2783/2518/1
f 2771/2519/1 2772/2520/1 2782/2521/1
f 1437/2522/1 2773/2523/1 2781/2524/1
f 2774/2525/1 1140/2526/1 2780/2527/1
f 2775/2528/1 2776/2529/1 2779/2530/1
f 1431/2531/1 2777/2532/1 2778/2533/1
f 2778/2533/1 958/2534/1 2775/2528/1
f 1901/647/1 2775/2528/1 739/2535/1
f 89/2536/1 2778/2533/1 1901/647/1
f 2779/2530/1 736/2537/1 1898/673/1
f 1428/650/1 1898/673/1 267/2538/1
f 739/2535/1 2779/2530/1 1428/650/1
f 2780/2527/1 144/2539/1 1425/640/1
f 2776/2529/1 1425/640/1 736/2537/1
f 958/2534/1 2780/2527/1 2776/2529/1
f 2781/2524/1 957/2540/1 2771/2519/1
f 1897/638/1 2771/2519/1 735/2541/1
f 95/2542/1 2781/2524/1 1897/638/1
f 2782/2521/1 732/2543/1 1894/700/1
f 1424/677/1 1894/700/1 266/2544/1
f 735/2541/1 2782/2521/1 1424/677/1
f 2783/2518/1 140/2545/1 1421/631/1
f 2772/2520/1 1421/631/1 732/2543/1
f 957/2540/1 2783/2518/1 2772/2520/1
f 2784/2515/1 956/2546/1 2767/2510/1
f 1893/629/1 2767/2510/1 731/2547/1
f 96/2548/1 2784/2515/1 1893/629/1
f 2785/2512/1 728/2549/1 1890/727/1
f 1420/704/1 1890/727/1 265/2550/1
f 731/2547/1 2785/2512/1 1420/704/1
f 2786/2509/1 146/2551/1 1417/622/1
f 2768/2511/1 1417/622/1 728/2549/1
f 956/2546/1 2786/2509/1 2768/2511/1
f 2787/2506/1 955/2552/1 2763/2501/1
f 1889/620/1 2763/2501/1 727/2553/1
f 93/2554/1 2787/2506/1 1889/620/1
f 2788/2503/1 724/2555/1 1886/754/1
f 1416/731/1 1886/754/1 264/2556/1
f 727/2553/1 2788/2503/1 1416/731/1
f 2789/2500/1 147/2557/1 1413/613/1
f 2764/2502/1 1413/613/1 724/2555/1
f 955/2552/1 2789/2500/1 2764/2502/1
f 2790/2497/1 954/2558/1 2759/2492/1
f 1885/611/1 2759/2492/1 723/2559/1
f 111/2560/1 2790/2497/1 1885/611/1
f 2791/2494/1 720/2561/1 1882/781/1
f 1412/758/1 1882/781/1 263/2562/1
f 723/2559/1 2791/2494/1 1412/758/1
f 2792/2491/1 136/2563/1 1409/604/1
f 2760/2493/1 1409/604/1 720/2561/1
f 954/2558/1 2792/2491/1 2760/2493/1
f 2793/2488/1 953/2564/1 2755/2483/1
f 1881/2565/1 2755/2483/1 719/2566/1
f 112/2567/1 2793/2488/1 1881/2565/1
f 2794/2485/1 716/2568/1 1878/805/1
f 1408/785/1 1878/805/1 262/2569/1
f 719/2566/1 2794/2485/1 1408/785/1
f 2795/2482/1 150/2570/1 1405/596/1
f 2756/2484/1 1405/596/1 716/2568/1
f 953/2564/1 2795/2482/1 2756/2484/1
f 2796/2479/1 952/2571/1 2751/2474/1
f 1877/594/1 2751/2474/1 715/2572/1
f 105/2573/1 2796/2479/1 1877/594/1
f 2797/2476/1 712/2574/1 1874/832/1
f 1404/809/1 1874/832/1 261/2575/1
f 715/2572/1 2797/2476/1 1404/809/1
f 2798/2473/1 151/2576/1 1401/587/1
f 2752/2475/1 1401/587/1 712/2574/1
f 952/2571/1 2798/2473/1 2752/2475/1
f 2799/2470/1 951/2577/1 2747/2465/1
f 1873/585/1 2747/2465/1 711/2578/1
f 115/2579/1 2799/2470/1 1873/585/1
f 2800/2467/1 708/2580/1 1870/859/1
f 1400/836/1 1870/859/1 260/2581/1
f 711/2578/1 2800/2467/1 1400/836/1
f 2801/2464/1 135/2582/1 1397/578/1
f 2748/2466/1 1397/578/1 708/2580/1
f 951/2577/1 2801/2464/1 2748/2466/1
f 2802/2461/1 950/2583/1 2743/2456/1
f 1869/576/1 2743/2456/1 707/2584/1
f 108/2585/1 2802/2461/1 1869/576/1
f 2803/2458/1 706/2586/1 1867/868/1
f 1396/1076/1 1867/868/1 259/2587/1
f 707/2584/1 2803/2458/1 1396/1076/1
f 2804/2455/1 154/2588/1 1395/572/1
f 2744/2457/1 1395/572/1 706/2586/1
f 950/2583/1 2804/2455/1 2744/2457/1
f 2805/2452/1 949/2589/1 2739/2447/1
f 1866/570/1 2739/2447/1 705/2590/1
f 118/2591/1 2805/2452/1 1866/570/1
f 2806/2449/1 703/2592/1 1864/883/1
f 1394/872/1 1864/883/1 258/2593/1
f 705/2590/1 2806/2449/1 1394/872/1
f 2807/2446/1 129/2594/1 1391/563/1
f 2740/2448/1 1391/563/1 703/2592/1
f 949/2589/1 2807/2446/1 2740/2448/1
f 2808/2443/1 948/2595/1 2735/2438/1
f 1863/561/1 2735/2438/1 702/2596/1
f 119/2597/1 2808/2443/1 1863/561/1
f 2809/2440/1 699/2598/1 1860/910/1
f 1390/887/1 1860/910/1 257/2599/1
f 702/2596/1 2809/2440/1 1390/887/1
f 2810/2437/1 157/2600/1 1387/554/1
f 2736/2439/1 1387/554/1 699/2598/1
f 948/2595/1 2810/2437/1 2736/2439/1
f 2811/2434/1 947/2601/1 2731/2429/1
f 1859/552/1 2731/2429/1 698/2602/1
f 107/2603/1 2811/2434/1 1859/552/1
f 2812/2431/1 695/2604/1 1856/937/1
f 1386/914/1 1856/937/1 256/2605/1
f 698/2602/1 2812/2431/1 1386/914/1
f 2813/2428/1 158/2606/1 1383/545/1
f 2732/2430/1 1383/545/1 695/2604/1
f 947/2601/1 2813/2428/1 2732/2430/1
f 2814/2425/1 946/2607/1 2727/2420/1
f 1855/543/1 2727/2420/1 694/2608/1
f 122/2609/1 2814/2425/1 1855/543/1
f 2815/2422/1 691/2610/1 1852/964/1
f 1382/941/1 1852/964/1 255/2611/1
f 694/2608/1 2815/2422/1 1382/941/1
f 2816/2419/1 133/2612/1 1379/536/1
f 2728/2421/1 1379/536/1 691/2610/1
f 946/2607/1 2816/2419/1 2728/2421/1
f 2817/2416/1 945/2613/1 2723/2411/1
f 1851/534/1 2723/2411/1 690/2614/1
f 123/2615/1 2817/2416/1 1851/534/1
f 2818/2413/1 687/2616/1 1848/991/1
f 1378/968/1 1848/991/1 254/2617/1
f 690/2614/1 2818/2413/1 1378/968/1
f 2819/2410/1 160/2618/1 1375/527/1
f 2724/2412/1 1375/527/1 687/2616/1
f 945/2613/1 2819/2410/1 2724/2412/1
f 2820/2407/1 944/2619/1 2719/2402/1
f 1847/525/1 2719/2402/1 686/2620/1
f 101/2621/1 2820/2407/1 1847/525/1
f 2821/2404/1 683/2622/1 1844/1018/1
f 1374/995/1 1844/1018/1 253/2623/1
f 686/2620/1 2821/2404/1 1374/995/1
f 2822/2401/1 161/2624/1 1371/518/1
f 2720/2403/1 1371/518/1 683/2622/1
f 944/2619/1 2822/2401/1 2720/2403/1
f 2823/1629/1 943/2625/1 2715/1631/1
f 2712/2626/1 4428/2627/1 4646/2628/1
f 250/2629/1 4426/2630/1 4647/2631/1
f 2824/2396/1 679/2632/1 1840/1045/1
f 1370/2633/1 1840/1045/1 252/2634/1
f 682/1632/1 2824/2396/1 1370/2633/1
f 2825/2394/1 125/2635/1 1367/509/1
f 2716/2395/1 1367/509/1 679/2632/1
f 943/2625/1 2825/2394/1 2716/2395/1
f 328/2636/1 4340/2637/1 4648/2638/1
f 468/2639/1 4418/2640/1 4650/2641/1
f 2098/2642/1 4414/2643/1 4651/2644/1
f 675/2645/1 4412/2646/1 4652/2647/1
f 2096/2648/1 4406/2649/1 4654/2650/1
f 789/2651/1 4404/2652/1 4655/2653/1
f 942/2654/1 4346/2655/1 4656/2656/1
f 2102/2657/1 4400/2658/1 4657/2659/1
f 1159/2660/1 4398/2661/1 4658/2662/1
f 2829/2382/1 941/2663/1 2707/2378/1
f 1835/498/1 2707/2378/1 674/2664/1
f 139/2665/1 2829/2382/1 1835/498/1
f 1160/2666/1 4348/2667/1 4659/2668/1
f 1161/2669/1 4352/2670/1 4660/2671/1
f 674/2664/1 2830/135/1 1362/126/1
f 2831/2377/1 165/2672/1 1359/491/1
f 2708/2379/1 1359/491/1 671/136/1
f 941/2663/1 2831/2377/1 2708/2379/1
f 2832/2374/1 940/2673/1 2703/2369/1
f 1831/489/1 2703/2369/1 670/2674/1
f 166/2675/1 2832/2374/1 1831/489/1
f 2833/2371/1 667/2676/1 1828/1126/1
f 1358/1103/1 1828/1126/1 249/2677/1
f 670/2674/1 2833/2371/1 1358/1103/1
f 2834/2368/1 124/2678/1 1355/482/1
f 2704/2370/1 1355/482/1 667/2676/1
f 940/2673/1 2834/2368/1 2704/2370/1
f 2835/2365/1 939/2679/1 2699/2360/1
f 1827/480/1 2699/2360/1 666/2680/1
f 167/2681/1 2835/2365/1 1827/480/1
f 2836/2362/1 663/2682/1 1824/1153/1
f 1354/1130/1 1824/1153/1 248/2683/1
f 666/2680/1 2836/2362/1 1354/1130/1
f 2837/2359/1 168/2684/1 1351/473/1
f 2700/2361/1 1351/473/1 663/2682/1
f 939/2679/1 2837/2359/1 2700/2361/1
f 2838/2356/1 938/2685/1 2695/2351/1
f 1823/471/1 2695/2351/1 662/2686/1
f 159/2687/1 2838/2356/1 1823/471/1
f 2839/2353/1 659/2688/1 1820/1180/1
f 1350/1157/1 1820/1180/1 247/2689/1
f 662/2686/1 2839/2353/1 1350/1157/1
f 2840/2350/1 169/2690/1 1347/464/1
f 2696/2352/1 1347/464/1 659/2688/1
f 938/2685/1 2840/2350/1 2696/2352/1
f 2841/2347/1 937/2691/1 2691/2342/1
f 1819/462/1 2691/2342/1 658/2692/1
f 170/2693/1 2841/2347/1 1819/462/1
f 2842/2344/1 655/2694/1 1816/1206/1
f 1346/1184/1 1816/1206/1 246/2695/1
f 658/2692/1 2842/2344/1 1346/1184/1
f 2843/2341/1 94/2696/1 1343/455/1
f 2692/2343/1 1343/455/1 655/2694/1
f 937/2691/1 2843/2341/1 2692/2343/1
f 2844/2338/1 936/2697/1 2687/2333/1
f 1811/447/1 2687/2333/1 651/2698/1
f 173/2699/1 2844/2338/1 1811/447/1
f 2845/2335/1 648/2700/1 1808/1260/1
f 1340/1237/1 1808/1260/1 244/2701/1
f 651/2698/1 2845/2335/1 1340/1237/1
f 2846/2332/1 121/2702/1 1337/440/1
f 2688/2334/1 1337/440/1 648/2700/1
f 936/2697/1 2846/2332/1 2688/2334/1
f 2847/2329/1 935/2703/1 2683/2324/1
f 1807/438/1 2683/2324/1 647/2704/1
f 174/2705/1 2847/2329/1 1807/438/1
f 2848/2326/1 644/2706/1 1804/1287/1
f 1336/1264/1 1804/1287/1 243/2707/1
f 647/2704/1 2848/2326/1 1336/1264/1
f 2849/2323/1 175/2708/1 1333/431/1
f 2684/2325/1 1333/431/1 644/2706/1
f 935/2703/1 2849/2323/1 2684/2325/1
f 2850/2320/1 934/2709/1 2679/2315/1
f 1803/429/1 2679/2315/1 643/2710/1
f 145/2711/1 2850/2320/1 1803/429/1
f 2851/2317/1 640/2712/1 1800/1314/1
f 1332/1291/1 1800/1314/1 242/2713/1
f 643/2710/1 2851/2317/1 1332/1291/1
f 2852/2314/1 176/2714/1 1329/422/1
f 2680/2316/1 1329/422/1 640/2712/1
f 934/2709/1 2852/2314/1 2680/2316/1
f 78/2715/1 3514/2716/1 4171/418/1
f 1643/1321/1 4168/2717/1 4172/415/1
f 1517/2718/1 4167/2719/1 4173/407/1
f 1798/2720/1 177/2721/1 4174/98/1
f 356/96/1 179/2722/1 4175/2723/1
f 482/2724/1 2676/1320/1 4176/2725/1
f 1175/2726/1 4166/2727/1 4177/2728/1
f 2202/2729/1 484/2730/1 4178/2731/1
f 639/2732/1 636/2733/1 4179/2734/1
f 2856/2309/1 932/2735/1 2671/2304/1
f 1795/2736/1 2671/2304/1 635/2737/1
f 178/2738/1 2856/2309/1 1795/2736/1
f 2857/2306/1 632/2739/1 1792/1360/1
f 1324/2740/1 1792/1360/1 240/2741/1
f 635/2737/1 2857/2306/1 1324/2740/1
f 815/2742/1 2213/2740/1 4180/2743/1
f 2672/2305/1 1321/2744/1 632/2739/1
f 932/2735/1 2858/2745/1 2672/2305/1
f 2859/2302/1 931/2746/1 2667/2297/1
f 1791/404/1 2667/2297/1 631/2747/1
f 156/2748/1 2859/2302/1 1791/404/1
f 2860/2299/1 628/2749/1 1788/1387/1
f 1320/1364/1 1788/1387/1 239/2750/1
f 631/2747/1 2860/2299/1 1320/1364/1
f 2861/2296/1 180/2751/1 1317/397/1
f 2668/2298/1 1317/397/1 628/2749/1
f 931/2746/1 2861/2296/1 2668/2298/1
f 2862/2293/1 930/2752/1 2663/2288/1
f 1787/395/1 2663/2288/1 627/2753/1
f 181/2754/1 2862/2293/1 1787/395/1
f 2863/2290/1 624/2755/1 1784/1408/1
f 1316/1391/1 1784/1408/1 238/2756/1
f 627/2753/1 2863/2290/1 1316/1391/1
f 2864/2287/1 90/2757/1 1313/388/1
f 2664/2289/1 1313/388/1 624/2755/1
f 930/2752/1 2864/2287/1 2664/2289/1
f 2865/2758/1 620/2759/1 1780/1435/1
f 1312/1412/1 1780/1435/1 237/2760/1
f 2866/2761/1 183/2762/1 1309/379/1
f 2661/2763/1 1309/379/1 620/2759/1
f 2867/2284/1 117/2764/1 1305/370/1
f 929/2765/1 2867/2284/1 2659/2766/1
f 2868/2281/1 928/2767/1 2655/2276/1
f 1773/368/1 2655/2276/1 614/2768/1
f 184/2769/1 2868/2281/1 1773/368/1
f 2869/2278/1 611/2770/1 1770/1495/1
f 1302/1472/1 1770/1495/1 235/2771/1
f 614/2768/1 2869/2278/1 1302/1472/1
f 2870/2275/1 116/2772/1 1299/361/1
f 2656/2277/1 1299/361/1 611/2770/1
f 928/2767/1 2870/2275/1 2656/2277/1
f 2871/2272/1 927/2773/1 2651/2267/1
f 1769/359/1 2651/2267/1 610/2774/1
f 185/2775/1 2871/2272/1 1769/359/1
f 2872/2269/1 607/2776/1 1766/1522/1
f 1298/1499/1 1766/1522/1 234/2777/1
f 610/2774/1 2872/2269/1 1298/1499/1
f 2873/2266/1 186/2778/1 1295/352/1
f 2652/2268/1 1295/352/1 607/2776/1
f 927/2773/1 2873/2266/1 2652/2268/1
f 1765/350/1 2649/2779/1 606/2780/1
f 1294/1526/1 1762/1546/1 233/2781/1
f 606/2780/1 2875/2782/1 1294/1526/1
f 4187/2783/1 4228/2784/1 4252/2785/1
f 3124/2786/1 4226/2565/1 4254/2787/1
f 2317/2788/1 599/2789/1 4256/2790/1
f 2646/2791/1 4225/2792/1 4257/2793/1
f 2876/2794/1 926/2795/1 4258/2796/1
f 2877/2797/1 2215/2798/1 4259/2799/1
f 3621/2800/1 1291/2801/1 4260/2802/1
f 3516/2803/1 1562/2804/1 4261/2805/1
f 1644/2729/2 3515/2806/2 48/2806/2
f 2879/2254/1 925/2807/1 2642/2249/1
f 1757/336/1 2642/2249/1 598/2808/1
f 188/2809/1 2879/2254/1 1757/336/1
f 2880/2251/1 595/2810/1 1754/1600/1
f 1287/1577/1 1754/1600/1 231/2811/1
f 598/2808/1 2880/2251/1 1287/1577/1
f 2881/2248/1 189/406/1 1284/329/1
f 2643/2250/1 1284/329/1 595/2810/1
f 925/2807/1 2881/2248/1 2643/2250/1
f 2882/2245/1 924/2812/1 2638/2240/1
f 1753/327/1 2638/2240/1 594/2813/1
f 152/2814/1 2882/2245/1 1753/327/1
f 2883/2242/1 591/2815/1 1750/1624/1
f 1283/1604/1 1750/1624/1 230/2816/1
f 594/2813/1 2883/2242/1 1283/1604/1
f 2884/2239/1 190/2817/1 1280/320/1
f 2639/2241/1 1280/320/1 591/2815/1
f 924/2812/1 2884/2239/1 2639/2241/1
f 2885/2236/1 923/2818/1 2634/338/1
f 1749/318/1 2634/338/1 590/2819/1
f 191/2820/1 2885/2236/1 1749/318/1
f 193/2821/1 2631/316/1 4311/2822/1
f 1189/2823/1 228/2824/1 4312/2825/1
f 2351/2826/1 415/2827/1 4314/2828/1
f 2887/2230/1 114/2829/1 1276/2791/1
f 587/2830/1 497/2831/1 4315/2832/1
f 923/2818/1 2887/2230/1 2635/339/1
f 588/2833/1 4288/2633/1 4316/2834/1
f 1745/311/1 2630/343/1 586/2835/1
f 192/2836/1 2888/342/1 1745/311/1
f 851/2837/1 589/2838/1 4318/2839/1
f 922/2840/1 3617/2841/1 4320/2842/1
f 3095/2843/1 1064/1630/1 4322/2844/1
f 3093/2845/1 1277/789/1 4324/2846/1
f 2632/308/1 2355/2847/1 4325/2848/1
f 3080/2849/1 1576/2850/1 4327/2851/1
f 2891/2220/1 921/2852/1 2626/2215/1
f 1741/303/1 2626/2215/1 582/2853/1
f 143/2854/1 2891/2220/1 1741/303/1
f 2892/2217/1 579/2855/1 1738/1693/1
f 1271/1670/1 1738/1693/1 227/2856/1
f 582/2853/1 2892/2217/1 1271/1670/1
f 2893/2214/1 194/2857/1 1268/296/1
f 2627/2216/1 1268/296/1 579/2855/1
f 921/2852/1 2893/2214/1 2627/2216/1
f 2894/2211/1 920/2858/1 2622/2206/1
f 1737/294/1 2622/2206/1 578/2859/1
f 195/2860/1 2894/2211/1 1737/294/1
f 2895/2208/1 575/2861/1 1735/1714/1
f 1267/1697/1 1735/1714/1 226/2862/1
f 578/2859/1 2895/2208/1 1267/1697/1
f 2896/2205/1 113/2863/1 1264/287/1
f 2623/2207/1 1264/287/1 575/2861/1
f 920/2858/1 2896/2205/1 2623/2207/1
f 2897/2202/1 919/2864/1 2618/2197/1
f 1734/285/1 2618/2197/1 574/2865/1
f 149/2866/1 2897/2202/1 1734/285/1
f 2898/2199/1 571/2867/1 1731/1738/1
f 1263/1721/1 1731/1738/1 225/2868/1
f 574/2865/1 2898/2199/1 1263/1721/1
f 2899/2196/1 197/2869/1 1260/278/1
f 2619/2198/1 1260/278/1 571/2867/1
f 919/2864/1 2899/2196/1 2619/2198/1
f 2900/2193/1 918/2870/1 2614/2188/1
f 1730/276/1 2614/2188/1 570/2871/1
f 198/2872/1 2900/2193/1 1730/276/1
f 2901/2190/1 567/2873/1 1727/1765/1
f 1259/1742/1 1727/1765/1 224/2874/1
f 570/2871/1 2901/2190/1 1259/1742/1
f 2902/2187/1 98/2875/1 1256/269/1
f 2615/2189/1 1256/269/1 567/2873/1
f 918/2870/1 2902/2187/1 2615/2189/1
f 2903/2184/1 917/2876/1 2610/2179/1
f 1726/267/1 2610/2179/1 566/2877/1
f 199/2878/1 2903/2184/1 1726/267/1
f 2904/2181/1 563/2879/1 1723/1792/1
f 1255/1769/1 1723/1792/1 223/2880/1
f 566/2877/1 2904/2181/1 1255/1769/1
f 2905/2178/1 200/2881/1 1252/260/1
f 2611/2180/1 1252/260/1 563/2879/1
f 917/2876/1 2905/2178/1 2611/2180/1
f 2906/2175/1 916/2882/1 2606/2170/1
f 1722/258/1 2606/2170/1 562/2883/1
f 148/2884/1 2906/2175/1 1722/258/1
f 2907/2172/1 559/2885/1 1719/1819/1
f 1251/1796/1 1719/1819/1 222/2886/1
f 562/2883/1 2907/2172/1 1251/1796/1
f 2908/2169/1 201/2887/1 1248/251/1
f 2607/2171/1 1248/251/1 559/2885/1
f 916/2882/1 2908/2169/1 2607/2171/1
f 2909/2166/1 915/2888/1 2602/2161/1
f 1718/249/1 2602/2161/1 558/2889/1
f 202/2890/1 2909/2166/1 1718/249/1
f 2910/2163/1 555/2891/1 1715/1846/1
f 1247/1823/1 1715/1846/1 221/2892/1
f 558/2889/1 2910/2163/1 1247/1823/1
f 2911/2160/1 110/2893/1 1244/242/1
f 2603/2162/1 1244/242/1 555/2891/1
f 915/2888/1 2911/2160/1 2603/2162/1
f 2912/2157/1 914/2894/1 2598/2152/1
f 1714/240/1 2598/2152/1 554/2895/1
f 203/2896/1 2912/2157/1 1714/240/1
f 2913/2154/1 551/2897/1 1711/1873/1
f 1243/1850/1 1711/1873/1 220/2898/1
f 554/2895/1 2913/2154/1 1243/1850/1
f 2914/2151/1 204/2899/1 1240/233/1
f 2599/2153/1 1240/233/1 551/2897/1
f 914/2894/1 2914/2151/1 2599/2153/1
f 2915/2148/1 913/2900/1 2594/2143/1
f 1710/231/1 2594/2143/1 550/2901/1
f 132/2902/1 2915/2148/1 1710/231/1
f 2916/2145/1 547/2903/1 1707/1900/1
f 1239/1877/1 1707/1900/1 219/2904/1
f 550/2901/1 2916/2145/1 1239/1877/1
f 2917/2142/1 205/2905/1 1236/224/1
f 2595/2144/1 1236/224/1 547/2903/1
f 913/2900/1 2917/2142/1 2595/2144/1
f 2918/2139/1 912/2906/1 2590/2134/1
f 1706/222/1 2590/2134/1 546/2907/1
f 206/2908/1 2918/2139/1 1706/222/1
f 2919/2136/1 543/2909/1 1703/1927/1
f 1235/1904/1 1703/1927/1 218/2910/1
f 546/2907/1 2919/2136/1 1235/1904/1
f 2920/2133/1 109/2911/1 1232/215/1
f 2591/2135/1 1232/215/1 543/2909/1
f 912/2906/1 2920/2133/1 2591/2135/1
f 2921/2130/1 911/2912/1 2586/2125/1
f 1702/213/1 2586/2125/1 542/2913/1
f 207/2914/1 2921/2130/1 1702/213/1
f 2922/2127/1 539/2915/1 1699/1954/1
f 1231/1931/1 1699/1954/1 217/2916/1
f 542/2913/1 2922/2127/1 1231/1931/1
f 2923/2124/1 208/2917/1 1228/206/1
f 2587/2126/1 1228/206/1 539/2915/1
f 911/2912/1 2923/2124/1 2587/2126/1
f 2924/2121/1 910/2918/1 2582/2116/1
f 1698/204/1 2582/2116/1 538/2919/1
f 134/2920/1 2924/2121/1 1698/204/1
f 2925/2118/1 535/2921/1 1695/1981/1
f 1227/1958/1 1695/1981/1 216/2922/1
f 538/2919/1 2925/2118/1 1227/1958/1
f 2926/2115/1 209/2923/1 1224/197/1
f 2583/2117/1 1224/197/1 535/2921/1
f 910/2918/1 2926/2115/1 2583/2117/1
f 2927/2112/1 909/2924/1 2578/2107/1
f 1694/195/1 2578/2107/1 534/2925/1
f 210/2926/1 2927/2112/1 1694/195/1
f 2928/2109/1 532/2927/1 1692/2002/1
f 1223/1985/1 1692/2002/1 215/2928/1
f 534/2925/1 2928/2109/1 1223/1985/1
f 2929/2106/1 102/2929/1 1220/188/1
f 2579/2108/1 1220/188/1 532/2927/1
f 909/2924/1 2929/2106/1 2579/2108/1
f 531/2930/1 2930/2103/1 1219/2006/1
f 908/2931/1 2931/2100/1 2576/2102/1
f 2932/2097/1 907/2932/1 2571/2092/1
f 1688/183/1 2571/2092/1 527/2933/1
f 212/2934/1 2932/2097/1 1688/183/1
f 2933/2094/1 524/2935/1 1685/2059/1
f 1216/2036/1 1685/2059/1 213/2936/1
f 527/2933/1 2933/2094/1 1216/2036/1
f 2934/2091/1 106/2937/1 1213/176/1
f 2572/2093/1 1213/176/1 524/2935/1
f 907/2932/1 2934/2091/1 2572/2093/1
f 2935/2088/1 906/2938/1 2568/2939/1
f 1683/174/1 2568/2939/1 522/2940/1
f 128/2941/1 2935/2088/1 1683/174/1
f 2936/2085/1 905/2942/1 2564/2080/1
f 1501/519/1 2564/2080/1 340/2943/1
f 161/2624/1 2936/2085/1 1501/519/1
f 2937/2082/1 519/2944/1 1680/2065/1
f 1032/1013/1 1680/2065/1 73/2945/1
f 340/2943/1 2937/2082/1 1032/1013/1
f 3598/2946/3 4001/2947/3 2551/2947/3
f 2565/2081/1 1210/2948/1 519/2944/1
f 905/2942/1 2938/2949/1 2565/2081/1
f 2939/2079/1 904/2950/1 2560/2074/1
f 1627/63/1 2560/2074/1 466/2951/1
f 24/2952/1 2939/2079/1 1627/63/1
f 2940/2076/1 521/2953/1 1682/2083/1
f 1158/2400/1 1682/2083/1 161/2624/1
f 466/2951/1 2940/2076/1 1158/2400/1
f 1679/2041/4 4067/663/4 3431/663/4
f 2561/2075/1 1211/2954/1 521/2953/1
f 904/2950/1 2941/2955/1 2561/2075/1
f 3501/2956/3 4000/2957/3 2158/2957/3
f 3434/654/4 4036/652/4 1903/652/4
f 2947/2958/3 3966/2959/3 1212/2959/3
f 1899/664/4 4068/654/4 3434/654/4
f 3335/945/4 4038/943/4 2033/943/4
f 1853/955/4 4065/945/4 3335/945/4
f 3430/666/4 4035/664/4 1899/664/4
f 1907/661/4 4066/666/4 3430/666/4
f 1342/452/5 3972/2960/5 245/2960/5
f 2942/2073/1 903/2961/1 2556/2068/1
f 1467/510/1 2556/2068/1 306/2962/1
f 125/2635/1 2942/2073/1 1467/510/1
f 2943/2070/1 463/2963/1 1624/1224/1
f 997/1040/1 1624/1224/1 37/2964/1
f 306/2962/1 2943/2070/1 997/1040/1
f 3334/948/4 4031/946/4 1585/946/4
f 2557/2069/1 1155/2965/1 463/2963/1
f 903/2961/1 2944/2966/1 2557/2069/1
f 2945/2067/1 902/2967/1 2552/2062/1
f 1588/66/1 2552/2062/1 427/2968/1
f 73/2945/1 2945/2067/1 1588/66/1
f 2946/2064/1 523/2969/1 1684/2071/1
f 1121/2393/1 1684/2071/1 125/2635/1
f 427/2968/1 2946/2064/1 1121/2393/1
f 1341/449/5 3953/2970/5 172/2970/5
f 2553/2063/1 1212/2959/1 523/2969/1
f 902/2967/1 2947/2958/1 2553/2063/1
f 2948/2061/1 901/2971/1 2548/2056/1
f 1687/180/1 2548/2056/1 526/2972/1
f 213/2936/1 2948/2061/1 1687/180/1
f 2949/2058/1 303/2973/1 1464/2423/1
f 1215/2045/1 1464/2423/1 122/2609/1
f 526/2972/1 2949/2058/1 1215/2045/1
f 2950/2055/1 29/2974/1 994/56/1
f 2549/2057/1 994/56/1 303/2973/1
f 901/2971/1 2950/2055/1 2549/2057/1
f 2951/2052/1 900/2975/1 2544/2047/1
f 1903/652/2 4017/2976/2 520/2976/2
f 2952/2049/4 4040/2047/4 2544/2047/4
f 2952/2049/1 424/2977/1 1585/946/1
f 2033/943/4 4064/948/4 3334/948/4
f 652/2978/5 3970/449/5 1341/449/5
f 2953/2046/1 122/2609/1 1118/542/1
f 2545/2048/1 1118/542/1 424/2977/1
f 900/2975/1 2953/2046/1 2545/2048/1
f 2954/2043/1 899/2979/1 2540/2038/1
f 2563/2980/3 4052/2949/3 2938/2949/3
f 1585/946/4 4060/2049/4 2952/2049/4
f 2955/2040/1 525/2981/1 1686/2050/1
f 172/2970/5 4034/955/5 1853/955/5
f 1812/1233/5 3997/2978/5 652/2978/5
f 2956/2037/1 213/2936/1 1214/179/1
f 2541/2039/1 1214/179/1 525/2981/1
f 899/2979/1 2956/2037/1 2541/2039/1
f 2957/2034/1 898/2982/1 2536/2029/1
f 1498/546/1 2536/2029/1 337/2983/1
f 158/2606/1 2957/2034/1 1498/546/1
f 2958/2031/1 515/2984/1 1676/2011/1
f 1029/932/1 1676/2011/1 70/2985/1
f 337/2983/1 2958/2031/1 1029/932/1
f 2959/2028/1 897/2986/1 2533/2023/1
f 1623/54/1 2533/2023/1 462/2987/1
f 30/2988/1 2959/2028/1 1623/54/1
f 2960/2025/1 528/2989/1 1689/2032/1
f 1154/2427/1 1689/2032/1 158/2606/1
f 462/2987/1 2960/2025/1 1154/2427/1
f 2961/2022/1 896/2990/1 2530/2017/1
f 1463/441/1 2530/2017/1 302/2991/1
f 121/2702/1 2961/2022/1 1463/441/1
f 2962/2019/1 459/2992/1 1620/1444/1
f 993/1255/1 1620/1444/1 36/2993/1
f 302/2991/1 2962/2019/1 993/1255/1
f 2963/2016/1 155/2994/1 1151/376/1
f 2531/2018/1 1151/376/1 459/2992/1
f 896/2990/1 2963/2016/1 2531/2018/1
f 2964/2013/1 895/2995/1 2526/2008/1
f 1584/87/1 2526/2008/1 423/2996/1
f 70/2985/1 2964/2013/1 1584/87/1
f 2965/2010/1 529/2997/1 1690/2020/1
f 1117/2331/1 1690/2020/1 121/2702/1
f 423/2996/1 2965/2010/1 1117/2331/1
f 2966/2007/1 214/2998/1 1217/185/1
f 2527/2009/1 1217/185/1 529/2997/1
f 895/2995/1 2966/2007/1 2527/2009/1
f 2967/2004/1 894/2999/1 2522/1999/1
f 1693/192/1 2522/1999/1 533/3000/1
f 215/2928/1 2967/2004/1 1693/192/1
f 2968/2001/1 299/3001/1 1460/2450/1
f 1222/1994/1 1460/2450/1 118/2591/1
f 533/3000/1 2968/2001/1 1222/1994/1
f 2969/1998/1 25/3002/1 990/47/1
f 2523/2000/1 990/47/1 299/3001/1
f 894/2999/1 2969/1998/1 2523/2000/1
f 2970/1995/1 118/2591/1 1114/569/1
f 2971/1992/1 893/3003/1 2517/1987/1
f 1677/3004/1 2517/1987/1 516/3005/1
f 86/3006/1 2971/1992/1 1677/3004/1
f 516/3005/1 2972/1989/1 1207/2099/1
f 2973/1986/1 215/2928/1 1221/191/1
f 893/3003/1 2973/1986/1 2518/1988/1
f 2974/1983/1 892/3007/1 2513/1978/1
f 1697/201/1 2513/1978/1 537/3008/1
f 216/2922/1 2974/1983/1 1697/201/1
f 2975/1980/1 385/3009/1 1546/2128/1
f 1226/1967/1 1546/2128/1 207/2914/1
f 537/3008/1 2975/1980/1 1226/1967/1
f 2976/1977/1 85/3010/1 1077/158/1
f 2514/1979/1 1077/158/1 385/3009/1
f 892/3007/1 2976/1977/1 2514/1979/1
f 2977/1974/1 891/3011/1 2509/1969/1
f 1495/573/1 2509/1969/1 334/3012/1
f 154/2588/1 2977/1974/1 1495/573/1
f 2978/1971/1 511/3013/1 1672/1936/1
f 1026/863/1 1672/1936/1 67/3014/1
f 334/3012/1 2978/1971/1 1026/863/1
f 2979/1968/1 207/2914/1 1203/212/1
f 2510/1970/1 1203/212/1 511/3013/1
f 891/3011/1 2979/1968/1 2510/1970/1
f 2980/1965/1 890/3015/1 2505/1960/1
f 1619/45/1 2505/1960/1 458/3016/1
f 31/3017/1 2980/1965/1 1619/45/1
f 2981/1962/1 536/3018/1 1696/1972/1
f 1150/2454/1 1696/1972/1 154/2588/1
f 458/3016/1 2981/1962/1 1150/2454/1
f 2982/1959/1 216/2922/1 1225/200/1
f 2506/1961/1 1225/200/1 536/3018/1
f 890/3015/1 2982/1959/1 2506/1961/1
f 2983/1956/1 889/3019/1 2501/1951/1
f 1701/210/1 2501/1951/1 541/3020/1
f 217/2916/1 2983/1956/1 1701/210/1
f 2984/1953/1 333/3021/1 1494/2243/1
f 1230/1940/1 1494/2243/1 152/2814/1
f 541/3020/1 2984/1953/1 1230/1940/1
f 2985/1950/1 65/3022/1 1024/120/1
f 2502/1952/1 1024/120/1 333/3021/1
f 889/3019/1 2985/1950/1 2502/1952/1
f 2986/1947/1 888/3023/1 2497/1942/1
f 1459/371/1 2497/1942/1 298/3024/1
f 117/2764/1 2986/1947/1 1459/371/1
f 2987/1944/1 455/3025/1 1616/1609/1
f 989/501/1 1616/1609/1 35/3026/1
f 298/3024/1 2987/1944/1 989/501/1
f 2988/1941/1 152/2814/1 1148/326/1
f 2498/1943/1 1148/326/1 455/3025/1
f 888/3023/1 2988/1941/1 2498/1943/1
f 2989/1938/1 887/3027/1 2493/1933/1
f 1581/107/1 2493/1933/1 420/3028/1
f 67/3014/1 2989/1938/1 1581/107/1
f 2990/1935/1 540/3029/1 1700/1945/1
f 1113/2283/1 1700/1945/1 117/2764/1
f 420/3028/1 2990/1935/1 1113/2283/1
f 2991/1932/1 217/2916/1 1229/209/1
f 2494/1934/1 1229/209/1 540/3029/1
f 887/3027/1 2991/1932/1 2494/1934/1
f 2992/1929/1 886/3030/1 2489/1924/1
f 1705/219/1 2489/1924/1 545/3031/1
f 218/2910/1 2992/1929/1 1705/219/1
f 2993/1926/1 296/3032/1 1457/2468/1
f 1234/1913/1 1457/2468/1 115/2579/1
f 545/3031/1 2993/1926/1 1234/1913/1
f 2994/1923/1 32/3033/1 987/41/1
f 2490/1925/1 987/41/1 296/3032/1
f 886/3030/1 2994/1923/1 2490/1925/1
f 2995/1920/1 885/3034/1 2485/1915/1
f 1547/207/1 2485/1915/1 386/3035/1
f 208/2917/1 2995/1920/1 1547/207/1
f 2996/1917/1 418/3036/1 1579/841/1
f 1078/1949/1 1579/841/1 65/3022/1
f 386/3035/1 2996/1917/1 1078/1949/1
f 2997/1914/1 115/2579/1 1111/584/1
f 2486/1916/1 1111/584/1 418/3036/1
f 885/3034/1 2997/1914/1 2486/1916/1
f 2998/1911/1 884/3037/1 2481/1906/1
f 1673/159/1 2481/1906/1 512/3038/1
f 85/3010/1 2998/1911/1 1673/159/1
f 2999/1908/1 544/3039/1 1704/1918/1
f 1204/2123/1 1704/1918/1 208/2917/1
f 512/3038/1 2999/1908/1 1204/2123/1
f 3000/1905/1 218/2910/1 1233/218/1
f 2482/1907/1 1233/218/1 544/3039/1
f 884/3037/1 3000/1905/1 2482/1907/1
f 3001/1902/1 883/3040/1 2477/1897/1
f 1709/228/1 2477/1897/1 549/3041/1
f 219/2904/1 3001/1902/1 1709/228/1
f 3002/1899/1 381/3042/1 1542/2155/1
f 1238/1886/1 1542/2155/1 203/2896/1
f 549/3041/1 3002/1899/1 1238/1886/1
f 3003/1896/1 84/3043/1 1073/149/1
f 2478/1898/1 1073/149/1 381/3042/1
f 883/3040/1 3003/1896/1 2478/1898/1
f 3004/1893/1 882/3044/1 2473/1888/1
f 1493/588/1 2473/1888/1 332/3045/1
f 151/2576/1 3004/1893/1 1493/588/1
f 3005/1890/1 507/3046/1 1668/1855/1
f 1023/827/1 1668/1855/1 64/3047/1
f 332/3045/1 3005/1890/1 1023/827/1
f 3006/1887/1 203/2896/1 1199/239/1
f 2474/1889/1 1199/239/1 507/3046/1
f 882/3044/1 3006/1887/1 2474/1889/1
f 3007/1884/1 881/3048/1 2469/1879/1
f 1615/39/1 2469/1879/1 454/3049/1
f 28/3050/1 3007/1884/1 1615/39/1
f 3008/1881/1 548/3051/1 1708/1891/1
f 1147/2472/1 1708/1891/1 151/2576/1
f 454/3049/1 3008/1881/1 1147/2472/1
f 3009/1878/1 219/2904/1 1237/227/1
f 2470/1880/1 1237/227/1 548/3051/1
f 881/3048/1 3009/1878/1 2470/1880/1
f 3010/1875/1 880/3052/1 2465/1870/1
f 1713/237/1 2465/1870/1 553/3053/1
f 220/2898/1 3010/1875/1 1713/237/1
f 3011/1872/1 329/3054/1 1490/2173/1
f 1242/1859/1 1490/2173/1 148/2884/1
f 553/3053/1 3011/1872/1 1242/1859/1
f 3012/1869/1 61/3055/1 1020/143/1
f 2466/1871/1 1020/143/1 329/3054/1
f 880/3052/1 3012/1869/1 2466/1871/1
f 3013/1866/1 879/3056/1 2461/1861/1
f 1456/2792/1 2461/1861/1 295/3057/1
f 114/2829/1 3013/1866/1 1456/2792/1
f 3014/1863/1 451/3058/1 1612/1801/1
f 986/1636/1 1612/1801/1 34/3059/1
f 295/3057/1 3014/1863/1 986/1636/1
f 3015/1860/1 148/2884/1 1144/257/1
f 2462/1862/1 1144/257/1 451/3058/1
f 879/3056/1 3015/1860/1 2462/1862/1
f 3016/1857/1 878/3060/1 2457/1852/1
f 1578/124/1 2457/1852/1 417/3061/1
f 64/3047/1 3016/1857/1 1578/124/1
f 3017/1854/1 552/3062/1 1712/1864/1
f 1110/2229/1 1712/1864/1 114/2829/1
f 417/3061/1 3017/1854/1 1110/2229/1
f 3018/1851/1 220/2898/1 1241/236/1
f 2458/1853/1 1241/236/1 552/3062/1
f 878/3060/1 3018/1851/1 2458/1853/1
f 3019/1848/1 877/3063/1 2453/1843/1
f 1717/246/1 2453/1843/1 557/3064/1
f 221/2892/1 3019/1848/1 1717/246/1
f 3020/1845/1 292/3065/1 1453/2495/1
f 1246/1832/1 1453/2495/1 111/2560/1
f 557/3064/1 3020/1845/1 1246/1832/1
f 3021/1842/1 33/3066/1 983/32/1
f 2454/1844/1 983/32/1 292/3065/1
f 877/3063/1 3021/1842/1 2454/1844/1
f 3022/1839/1 876/3067/1 2449/1834/1
f 1543/234/1 2449/1834/1 382/3068/1
f 204/2899/1 3022/1839/1 1543/234/1
f 3023/1836/1 414/3069/1 1575/763/1
f 1074/1868/1 1575/763/1 61/3055/1
f 382/3068/1 3023/1836/1 1074/1868/1
f 3024/1833/1 111/2560/1 1107/610/1
f 2450/1835/1 1107/610/1 414/3069/1
f 876/3067/1 3024/1833/1 2450/1835/1
f 3025/1830/1 875/3070/1 2445/1825/1
f 1669/150/1 2445/1825/1 508/3071/1
f 84/3043/1 3025/1830/1 1669/150/1
f 3026/1827/1 556/3072/1 1716/1837/1
f 1200/2150/1 1716/1837/1 204/2899/1
f 508/3071/1 3026/1827/1 1200/2150/1
f 3027/1824/1 221/2892/1 1245/245/1
f 2446/1826/1 1245/245/1 556/3072/1
f 875/3070/1 3027/1824/1 2446/1826/1
f 3028/1821/1 874/3073/1 2441/1816/1
f 1721/255/1 2441/1816/1 561/3074/1
f 222/2886/1 3028/1821/1 1721/255/1
f 3029/1818/1 377/3075/1 1538/2182/1
f 1250/1805/1 1538/2182/1 199/2878/1
f 561/3074/1 3029/1818/1 1250/1805/1
f 3030/1815/1 83/3076/1 1069/140/1
f 2442/1817/1 1069/140/1 377/3075/1
f 874/3073/1 3030/1815/1 2442/1817/1
f 3031/1812/1 873/3077/1 2437/1807/1
f 1492/597/1 2437/1807/1 331/3078/1
f 150/2570/1 3031/1812/1 1492/597/1
f 3032/1809/1 503/3079/1 1664/1774/1
f 1022/800/1 1664/1774/1 63/3080/1
f 331/3078/1 3032/1809/1 1022/800/1
f 3033/1806/1 199/2878/1 1195/266/1
f 2438/1808/1 1195/266/1 503/3079/1
f 873/3077/1 3033/1806/1 2438/1808/1
f 3034/1803/1 872/3081/1 2433/1798/1
f 1614/36/1 2433/1798/1 453/3082/1
f 34/3059/1 3034/1803/1 1614/36/1
f 3035/1800/1 560/3083/1 1720/1810/1
f 1146/2481/1 1720/1810/1 150/2570/1
f 453/3082/1 3035/1800/1 1146/2481/1
f 3036/1797/1 222/2886/1 1249/254/1
f 2434/1799/1 1249/254/1 560/3083/1
f 872/3081/1 3036/1797/1 2434/1799/1
f 3037/1794/1 871/3084/1 2429/1789/1
f 1725/264/1 2429/1789/1 565/3085/1
f 223/2880/1 3037/1794/1 1725/264/1
f 3038/1791/1 315/3086/1 1476/2119/1
f 1254/1778/1 1476/2119/1 134/2920/1
f 565/3085/1 3038/1791/1 1254/1778/1
f 3039/1788/1 47/3087/1 1006/161/1
f 2430/1790/1 1006/161/1 315/3086/1
f 871/3084/1 3039/1788/1 2430/1790/1
f 3040/1785/1 870/3088/1 2425/1780/1
f 1455/288/1 2425/1780/1 294/3089/1
f 113/2863/1 3040/1785/1 1455/288/1
f 3041/1782/1 437/3090/1 1598/1963/1
f 985/1709/1 1598/1963/1 31/3017/1
f 294/3089/1 3041/1782/1 985/1709/1
f 3042/1779/1 134/2920/1 1130/203/1
f 2426/1781/1 1130/203/1 437/3090/1
f 870/3088/1 3042/1779/1 2426/1781/1
f 3043/1776/1 869/3091/1 2421/1771/1
f 1577/133/1 2421/1771/1 416/3092/1
f 63/3080/1 3043/1776/1 1577/133/1
f 3044/1773/1 564/3093/1 1724/1783/1
f 1109/2204/1 1724/1783/1 113/2863/1
f 416/3092/1 3044/1773/1 1109/2204/1
f 3045/1770/1 223/2880/1 1253/263/1
f 2422/1772/1 1253/263/1 564/3093/1
f 869/3091/1 3045/1770/1 2422/1772/1
f 3046/1767/1 868/3094/1 2417/1762/1
f 1729/273/1 2417/1762/1 569/3095/1
f 224/2874/1 3046/1767/1 1729/273/1
f 3047/1764/1 277/3096/1 1438/2513/1
f 1258/1751/1 1438/2513/1 96/2548/1
f 569/3095/1 3047/1764/1 1258/1751/1
f 3048/1761/1 21/3097/1 968/27/1
f 2418/1763/1 968/27/1 277/3096/1
f 868/3094/1 3048/1761/1 2418/1763/1
f 3049/1758/1 867/3098/1 2413/1753/1
f 1539/261/1 2413/1753/1 378/3099/1
f 200/2881/1 3049/1758/1 1539/261/1
f 3050/1755/1 400/3100/1 1561/709/1
f 1070/1787/1 1561/709/1 47/3087/1
f 378/3099/1 3050/1755/1 1070/1787/1
f 3051/1752/1 96/2548/1 1092/628/1
f 2414/1754/1 1092/628/1 400/3100/1
f 867/3098/1 3051/1752/1 2414/1754/1
f 3052/1749/1 866/3101/1 2409/1744/1
f 1665/141/1 2409/1744/1 504/3102/1
f 83/3076/1 3052/1749/1 1665/141/1
f 3053/1746/1 568/3103/1 1728/1756/1
f 1196/2177/1 1728/1756/1 200/2881/1
f 504/3102/1 3053/1746/1 1196/2177/1
f 3054/1743/1 224/2874/1 1257/272/1
f 2410/1745/1 1257/272/1 568/3103/1
f 866/3101/1 3054/1743/1 2410/1745/1
f 3055/1740/1 865/3104/1 2406/3105/1
f 1733/282/1 2406/3105/1 573/3106/1
f 225/2868/1 3055/1740/1 1733/282/1
f 573/3106/1 3056/3107/1 1262/1730/1
f 3057/1737/1 864/3108/1 2402/1732/1
f 1096/3109/1 2402/1732/1 404/3110/1
f 100/3111/1 3057/1737/1 1096/3109/1
f 3058/1734/1 500/3112/1 1661/1717/1
f 1565/3113/1 1661/1717/1 51/3114/1
f 404/3110/1 3058/1734/1 1565/3113/1
f 3059/1731/1 196/3115/1 1192/3116/1
f 2403/1733/1 1192/3116/1 500/3112/1
f 864/3108/1 3059/1731/1 2403/1733/1
f 3060/1728/1 863/3117/1 2398/1723/1
f 972/3118/1 2398/1723/1 281/3119/1
f 23/3120/1 3060/1728/1 972/3118/1
f 3061/1725/1 572/3121/1 1732/1735/1
f 1442/3122/1 1732/1735/1 100/3111/1
f 281/3119/1 3061/1725/1 1442/3122/1
f 3062/1722/1 225/2868/1 1261/281/1
f 2399/1724/1 1261/281/1 572/3121/1
f 863/3117/1 3062/1722/1 2399/1724/1
f 1010/3123/1 2395/3124/1 319/3125/1
f 51/3114/1 3063/1719/1 1010/3123/1
f 3064/1716/1 862/3126/1 2392/1711/1
f 1736/291/1 2392/1711/1 577/3127/1
f 226/2862/1 3064/1716/1 1736/291/1
f 3065/1713/1 289/3128/1 1450/2459/1
f 1266/1706/1 1450/2459/1 108/2585/1
f 577/3127/1 3065/1713/1 1266/1706/1
f 3066/1710/1 31/3017/1 980/44/1
f 2393/1712/1 980/44/1 289/3128/1
f 862/3126/1 3066/1710/1 2393/1712/1
f 3067/1707/1 108/2585/1 1104/575/1
f 3068/1704/1 860/3129/1 2386/1699/1
f 3070/1698/1 226/2862/1 1265/290/1
f 2387/1700/1 1265/290/1 576/3130/1
f 860/3129/1 3070/1698/1 2387/1700/1
f 3071/1695/1 859/3131/1 2382/1690/1
f 1740/300/1 2382/1690/1 581/3132/1
f 227/2856/1 3071/1695/1 1740/300/1
f 3072/1692/1 371/3133/1 1532/340/1
f 1270/1679/1 1532/340/1 192/2836/1
f 581/3132/1 3072/1692/1 1270/1679/1
f 3550/3134/1 1748/3135/1 4329/3136/1
f 1065/412/4 4211/3137/4 373/3137/4
f 859/3131/1 3073/413/1 2383/1691/1
f 3074/1686/1 858/3138/1 2378/1681/1
f 1084/3139/1 2378/1681/1 392/3140/1
f 88/3141/1 3074/1686/1 1084/3139/1
f 3075/1683/1 496/3142/1 1657/1648/1
f 1553/3143/1 1657/1648/1 39/3144/1
f 392/3140/1 3075/1683/1 1553/3143/1
f 3076/1680/1 192/2836/1 1188/310/1
f 2379/1682/1 1188/310/1 496/3142/1
f 858/3138/1 3076/1680/1 2379/1682/1
f 3077/1677/1 857/3145/1 2374/1672/1
f 960/3146/1 2374/1672/1 269/3147/1
f 7/3148/1 3077/1677/1 960/3146/1
f 3078/1674/1 580/3149/1 1739/1684/1
f 1430/3150/1 1739/1684/1 88/3141/1
f 269/3147/1 3078/1674/1 1430/3150/1
f 3079/1671/1 227/2856/1 1269/299/1
f 2375/1673/1 1269/299/1 580/3149/1
f 857/3145/1 3079/1671/1 2375/1673/1
f 3081/1342/5 4207/1341/5 2371/1341/5
f 3389/2785/5 4228/2784/5 1964/2784/5
f 1187/317/2 1758/3151/2 495/3151/2
f 3081/1342/1 330/3152/1 1491/2200/1
f 1274/1652/1 1491/2200/1 149/2866/1
f 585/3153/1 3081/1342/1 1274/1652/1
f 1456/2792/4 2645/2829/4 114/2829/4
f 3549/319/4 4221/317/4 1187/317/4
f 2381/411/3 4237/413/3 3073/413/3
f 3083/1659/1 855/3154/1 2366/1654/1
f 1123/3155/1 2366/1654/1 429/3156/1
f 127/3157/1 3083/1659/1 1123/3155/1
f 3084/1656/1 452/3158/1 1613/1726/1
f 1590/3159/1 1613/1726/1 23/3120/1
f 429/3156/1 3084/1656/1 1590/3159/1
f 3085/1653/1 149/2866/1 1145/284/1
f 2367/1655/1 1145/284/1 452/3158/1
f 855/3154/1 3085/1653/1 2367/1655/1
f 3086/1650/1 854/3160/1 2362/1645/1
f 999/3161/1 2362/1645/1 308/3162/1
f 39/3144/1 3086/1650/1 999/3161/1
f 3087/1647/1 584/3163/1 1743/1657/1
f 1469/3164/1 1743/1657/1 127/3157/1
f 308/3162/1 3087/1647/1 1469/3164/1
f 112/2567/5 4224/2486/5 1454/2486/5
f 2363/1646/1 1273/2794/1 584/3163/1
f 854/3160/1 3088/1644/1 2363/1646/1
f 1662/2801/3 1289/3165/3 501/3165/3
f 1021/2800/3 4260/2802/3 3614/2802/3
f 2635/339/4 4219/2818/4 923/2818/4
f 3090/1551/1 293/3166/1 1454/2486/1
f 3073/413/2 4212/1691/2 2383/1691/2
f 114/2829/2 2646/2791/2 1276/2791/2
f 3091/1637/1 34/3059/1 984/35/1
f 2359/1550/1 984/35/1 293/3166/1
f 853/3167/1 3091/1637/1 2359/1550/1
f 1749/318/2 4255/319/2 3549/319/2
f 2634/338/2 97/2819/2 590/2819/2
f 2383/1691/3 2216/3133/3 371/3133/3
f 2359/1550/4 4201/3167/4 853/3167/4
f 3614/2802/5 1291/2801/5 1662/2801/5
f 373/3137/2 4210/411/2 2381/411/2
f 853/3167/5 4229/1635/5 2357/1635/5
f 2630/343/2 4223/2835/2 586/2835/2
f 923/2818/2 4218/338/2 2634/338/2
f 495/3151/2 1759/1573/2 1656/1573/2
f 1532/340/3 4234/342/3 2888/342/3
f 501/3165/5 4187/2783/5 1963/2783/5
f 371/3133/2 2217/340/2 1532/340/2
f 3553/2796/3 4203/1651/3 2365/1651/3
f 2888/342/3 4214/343/3 2630/343/3
f 1962/784/4 4254/2787/4 3451/2787/4
f 2368/1658/5 4258/2796/5 3553/2796/5
f 1454/2486/4 4243/1551/4 3090/1551/4
f 3098/1626/1 850/3168/1 2346/1621/1
f 1752/324/1 2346/1621/1 593/3169/1
f 230/2816/1 3098/1626/1 1752/324/1
f 3099/1623/1 367/3170/1 1528/2252/1
f 1282/1613/1 1528/2252/1 188/2809/1
f 593/3169/1 3099/1623/1 1282/1613/1
f 3100/1620/1 80/3171/1 1059/118/1
f 2347/1622/1 1059/118/1 367/3170/1
f 850/3168/1 3100/1620/1 2347/1622/1
f 3102/3172/1 492/3173/1 1653/1582/1
f 1025/1091/1 1653/1582/1 66/3174/1
f 3103/1614/1 188/2809/1 1184/335/1
f 2343/3175/1 1184/335/1 492/3173/1
f 849/3176/1 3103/1614/1 2343/3175/1
f 3104/1611/1 848/3177/1 2339/1606/1
f 1618/3178/1 2339/1606/1 457/3179/1
f 35/3026/1 3104/1611/1 1618/3178/1
f 3105/1608/1 592/3180/1 1751/1615/1
f 3106/1605/1 230/2816/1 1281/323/1
f 2340/1607/1 1281/323/1 592/3180/1
f 848/3177/1 3106/1605/1 2340/1607/1
f 3107/1602/1 847/3181/1 2335/1597/1
f 1756/333/1 2335/1597/1 597/3182/1
f 231/2811/1 3107/1602/1 1756/333/1
f 3108/1599/1 403/3183/1 1095/3184/1
f 1286/1586/1 1095/3184/1 99/3185/1
f 597/3182/1 3108/1599/1 1286/1586/1
f 3109/1596/1 50/3186/1 1564/3187/1
f 2336/1598/1 1564/3187/1 403/3183/1
f 847/3181/1 3109/1596/1 2336/1598/1
f 3110/1593/1 846/3188/1 2331/1588/1
f 1458/362/1 2331/1588/1 297/3189/1
f 116/2772/1 3110/1593/1 1458/362/1
f 3111/1590/1 280/3190/1 971/3191/1
f 988/1490/1 971/3191/1 22/3192/1
f 297/3189/1 3111/1590/1 988/1490/1
f 3112/1587/1 99/3185/1 1441/3193/1
f 2332/1589/1 1441/3193/1 280/3190/1
f 846/3188/1 3112/1587/1 2332/1589/1
f 3113/1584/1 845/3194/1 2327/1579/1
f 1580/110/1 2327/1579/1 419/3195/1
f 66/3174/1 3113/1584/1 1580/110/1
f 3114/1581/1 596/3196/1 1755/1591/1
f 1112/2274/1 1755/1591/1 116/2772/1
f 419/3195/1 3114/1581/1 1112/2274/1
f 3115/1578/1 231/2811/1 1285/332/1
f 2328/1580/1 1285/332/1 596/3196/1
f 845/3194/1 3115/1578/1 2328/1580/1
f 3116/415/1 844/3197/1 2323/1570/1
f 1760/416/1 2323/1570/1 601/3198/1
f 1527/2310/2 3204/1334/2 187/1334/2
f 3117/1572/1 440/3199/1 1133/3200/1
f 1290/1559/1 1133/3200/1 137/3201/1
f 601/3198/1 3117/1572/1 1290/1559/1
f 3118/1569/1 17/3202/1 1601/3203/1
f 2324/1571/1 1601/3203/1 440/3199/1
f 844/3197/1 3118/1569/1 2324/1571/1
f 3119/407/1 843/3204/1 2319/1561/1
f 1529/330/1 2319/1561/1 368/3205/1
f 240/2741/4 2213/2740/4 1324/2740/4
f 3120/1563/1 318/3206/1 1009/3207/1
f 1060/1595/1 1009/3207/1 50/3186/1
f 368/3205/1 3120/1563/1 1060/1595/1
f 3121/1560/1 137/3201/1 1479/3208/1
f 2320/1562/1 1479/3208/1 318/3206/1
f 843/3204/1 3121/1560/1 2320/1562/1
f 635/2737/4 1048/2736/4 1795/2736/4
f 1652/2720/2 4163/3171/2 80/3171/2
f 1324/2740/4 933/2737/4 635/2737/4
f 2325/2717/5 4185/3209/5 3542/3209/5
f 3542/3209/5 4161/3210/5 1439/3210/5
f 1760/416/5 4172/415/5 3116/415/5
f 1185/2247/3 2855/406/3 189/406/3
f 2221/2727/5 4182/3211/5 3517/3211/5
f 3116/415/5 4168/2717/5 2325/2717/5
f 3125/1548/1 841/3212/1 2311/1543/1
f 1764/347/1 2311/1543/1 605/3213/1
f 233/2781/1 3125/1548/1 1764/347/1
f 3126/1545/1 364/3214/1 1525/2270/1
f 1293/1535/1 1525/2270/1 185/2775/1
f 605/3213/1 3126/1545/1 1293/1535/1
f 2312/1544/1 1056/112/1 364/3214/1
f 3128/1542/1 840/3215/1 2308/1537/1
f 1100/3216/1 2308/1537/1 408/3217/1
f 104/3218/1 3128/1542/1 1100/3216/1
f 3129/1539/1 489/3219/1 1650/1504/1
f 1569/3220/1 1650/1504/1 55/3221/1
f 408/3217/1 3129/1539/1 1569/3220/1
f 3130/1536/1 185/2775/1 1181/358/1
f 2309/1538/1 1181/358/1 489/3219/1
f 840/3215/1 3130/1536/1 2309/1538/1
f 3131/1533/1 839/3222/1 2304/1528/1
f 976/3223/1 2304/1528/1 285/3224/1
f 27/3225/1 3131/1533/1 976/3223/1
f 3132/1530/1 604/3226/1 1763/1540/1
f 1446/3227/1 1763/1540/1 104/3218/1
f 285/3224/1 3132/1530/1 1446/3227/1
f 3133/1527/1 233/2781/1 1292/346/1
f 2305/1529/1 1292/346/1 604/3226/1
f 839/3222/1 3133/1527/1 2305/1529/1
f 3134/1524/1 838/3228/1 2300/1519/1
f 1768/356/1 2300/1519/1 609/3229/1
f 234/2777/1 3134/1524/1 1768/356/1
f 3135/1521/1 391/3230/1 1083/3231/1
f 1297/1508/1 1083/3231/1 87/3232/1
f 609/3229/1 3135/1521/1 1297/1508/1
f 3136/1518/1 38/3233/1 1552/3234/1
f 2301/1520/1 1552/3234/1 391/3230/1
f 838/3228/1 3136/1518/1 2301/1520/1
f 3137/1515/1 837/3235/1 2296/1510/1
f 1138/3236/1 2296/1510/1 445/3237/1
f 142/3238/1 3137/1515/1 1138/3236/1
f 3138/1512/1 268/3239/1 959/3240/1
f 1606/3241/1 959/3240/1 6/3242/1
f 445/3237/1 3138/1512/1 1606/3241/1
f 3139/1509/1 87/3232/1 1429/3243/1
f 2297/1511/1 1429/3243/1 268/3239/1
f 837/3235/1 3139/1509/1 2297/1511/1
f 3140/1506/1 836/3244/1 2292/1501/1
f 1014/3245/1 2292/1501/1 323/3246/1
f 55/3221/1 3140/1506/1 1014/3245/1
f 3141/1503/1 608/3247/1 1767/1513/1
f 1484/3248/1 1767/1513/1 142/3238/1
f 323/3246/1 3141/1503/1 1484/3248/1
f 3142/1500/1 234/2777/1 1296/355/1
f 2293/1502/1 1296/355/1 608/3247/1
f 836/3244/1 3142/1500/1 2293/1502/1
f 3143/1497/1 835/3249/1 2288/1492/1
f 1772/365/1 2288/1492/1 613/3250/1
f 235/2771/1 3143/1497/1 1772/365/1
f 3144/1494/1 428/3251/1 1122/3252/1
f 1301/1481/1 1122/3252/1 126/3253/1
f 613/3250/1 3144/1494/1 1301/1481/1
f 3145/1491/1 22/3192/1 1589/3254/1
f 2289/1493/1 1589/3254/1 428/3251/1
f 835/3249/1 3145/1491/1 2289/1493/1
f 3146/1488/1 834/3255/1 2284/1483/1
f 1526/353/1 2284/1483/1 365/3256/1
f 186/2778/1 3146/1488/1 1526/353/1
f 3147/1485/1 307/3257/1 998/3258/1
f 1057/1517/1 998/3258/1 38/3233/1
f 365/3256/1 3147/1485/1 1057/1517/1
f 3148/1482/1 126/3253/1 1468/3259/1
f 2285/1484/1 1468/3259/1 307/3257/1
f 834/3255/1 3148/1482/1 2285/1484/1
f 3149/1479/1 833/3260/1 2280/1474/1
f 1651/113/1 2280/1474/1 490/3261/1
f 79/3262/1 3149/1479/1 1651/113/1
f 3150/1476/1 612/3263/1 1771/1486/1
f 1182/2265/1 1771/1486/1 186/2778/1
f 490/3261/1 3150/1476/1 1182/2265/1
f 3151/1473/1 235/2771/1 1300/364/1
f 2281/1475/1 1300/364/1 612/3263/1
f 833/3260/1 3151/1473/1 2281/1475/1
f 1088/3264/1 2277/3265/1 396/3266/1
f 92/3267/1 3152/3268/1 1088/3264/1
f 3153/3269/1 487/3270/1 1648/1459/1
f 1557/3271/1 1648/1459/1 43/3272/1
f 396/3266/1 3153/3269/1 1557/3271/1
f 3154/1470/1 832/3273/1 2274/1465/1
f 1127/3274/1 2274/1465/1 433/3275/1
f 131/3276/1 3154/1470/1 1127/3274/1
f 3155/1467/1 456/3277/1 1617/1531/1
f 1594/3278/1 1617/1531/1 27/3225/1
f 433/3275/1 3155/1467/1 1594/3278/1
f 3156/1464/1 153/3279/1 1149/349/1
f 2275/1466/1 1149/349/1 456/3277/1
f 832/3273/1 3156/1464/1 2275/1466/1
f 3157/1461/1 831/3280/1 2270/1456/1
f 1003/3281/1 2270/1456/1 312/3282/1
f 43/3272/1 3157/1461/1 1003/3281/1
f 3158/1458/1 615/3283/1 1775/1468/1
f 1473/3284/1 1775/1468/1 131/3276/1
f 312/3282/1 3158/1458/1 1473/3284/1
f 2271/1457/1 1303/2651/1 615/3283/1
f 831/3280/1 3159/3285/1 2271/1457/1
f 2931/2100/2 3732/2102/2 2576/2102/2
f 623/3286/3 3746/1412/3 1312/1412/3
f 2970/1995/4 3752/1993/4 2520/1993/4
f 1691/186/3 3693/3287/3 530/3287/3
f 1179/3288/5 3774/3289/5 3181/3289/5
f 3160/1455/1 830/3290/1 2265/1450/1
f 1497/555/1 2265/1450/1 336/3291/1
f 157/2600/1 3160/1455/1 1497/555/1
f 3161/1452/1 486/3292/1 1647/1417/1
f 1028/905/1 1647/1417/1 69/3293/1
f 336/3291/1 3161/1452/1 1028/905/1
f 3162/1449/1 182/3294/1 1178/385/1
f 2266/1451/1 1178/385/1 486/3292/1
f 830/3290/1 3162/1449/1 2266/1451/1
f 3163/1446/1 829/3295/1 2261/1441/1
f 1622/51/1 2261/1441/1 461/3296/1
f 36/2993/1 3163/1446/1 1622/51/1
f 3164/1443/1 617/3297/1 1777/1453/1
f 1153/2436/1 1777/1453/1 157/2600/1
f 461/3296/1 3164/1443/1 1153/2436/1
f 3165/1440/1 236/3298/1 1306/373/1
f 2262/1442/1 1306/373/1 617/3297/1
f 829/3295/1 3165/1440/1 2262/1442/1
f 3166/1437/1 828/3299/1 2257/1432/1
f 1782/383/1 2257/1432/1 622/3300/1
f 237/2760/1 3166/1437/1 1782/383/1
f 3167/1434/1 407/3301/1 1099/3302/1
f 1311/1421/1 1099/3302/1 103/3303/1
f 622/3300/1 3167/1434/1 1311/1421/1
f 3168/1431/1 54/3304/1 1568/3305/1
f 2258/1433/1 1568/3305/1 407/3301/1
f 828/3299/1 3168/1431/1 2258/1433/1
f 3169/1428/1 827/3306/1 2253/1423/1
f 1462/3307/1 2253/1423/1 301/3308/1
f 120/3309/1 3169/1428/1 1462/3307/1
f 3170/1425/1 284/3310/1 975/3311/1
f 992/1329/1 975/3311/1 26/3312/1
f 301/3308/1 3170/1425/1 992/1329/1
f 3171/1422/1 103/3303/1 1445/3313/1
f 2254/1424/1 1445/3313/1 284/3310/1
f 827/3306/1 3171/1422/1 2254/1424/1
f 3172/1419/1 826/3314/1 2249/1414/1
f 1583/3315/1 2249/1414/1 422/3316/1
f 69/3293/1 3172/1419/1 1583/3315/1
f 3173/1416/1 621/3317/1 1781/1426/1
f 1116/3318/1 1781/1426/1 120/3309/1
f 422/3316/1 3173/1416/1 1116/3318/1
f 3174/1413/1 237/2760/1 1310/382/1
f 2250/1415/1 1310/382/1 621/3317/1
f 826/3314/1 3174/1413/1 2250/1415/1
f 3175/1410/1 825/3319/1 2245/1405/1
f 1786/392/1 2245/1405/1 626/3320/1
f 238/2756/1 3175/1410/1 1786/392/1
f 3176/1407/1 444/3321/1 1137/3322/1
f 1315/1394/1 1137/3322/1 141/3323/1
f 626/3320/1 3176/1407/1 1315/1394/1
f 3177/1404/1 5/3324/1 1605/3325/1
f 2246/1406/1 1605/3325/1 444/3321/1
f 825/3319/1 3177/1404/1 2246/1406/1
f 3178/1401/1 824/3326/1 2241/1396/1
f 1522/380/1 2241/1396/1 361/3327/1
f 183/2762/1 3178/1401/1 1522/380/1
f 3179/1398/1 322/3328/1 1013/3329/1
f 1053/1430/1 1013/3329/1 54/3304/1
f 361/3327/1 3179/1398/1 1053/1430/1
f 3180/1395/1 141/3323/1 1483/3330/1
f 2242/1397/1 1483/3330/1 322/3328/1
f 824/3326/1 3180/1395/1 2242/1397/1
f 3463/568/4 3747/566/4 1392/566/4
f 1207/2099/2 3761/2100/2 2931/2100/2
f 3592/193/4 3745/191/4 1221/191/4
f 3181/3289/1 625/3331/1 1785/1399/1
f 1179/3288/1 1785/1399/1 183/2762/1
f 1114/569/4 3767/1995/4 2970/1995/4
f 3182/1392/1 238/2756/1 1314/391/1
f 2239/3332/1 1314/391/1 625/3331/1
f 3181/3289/5 3751/3332/5 2239/3332/5
f 3183/1389/1 823/3333/1 2235/1384/1
f 1790/401/1 2235/1384/1 630/3334/1
f 239/2750/1 3183/1389/1 1790/401/1
f 3184/1386/1 357/3335/1 1518/2307/1
f 1319/1373/1 1518/2307/1 178/2738/1
f 630/3334/1 3184/1386/1 1319/1373/1
f 3209/3336/1 1048/2736/1 4181/3337/1
f 2236/1385/1 1049/3338/1 357/3335/1
f 823/3333/1 3185/1383/1 2236/1385/1
f 3186/1380/1 822/3339/1 2231/1375/1
f 1477/579/1 2231/1375/1 316/3340/1
f 135/2582/1 3186/1380/1 1477/579/1
f 3187/1377/1 483/3341/1 1644/2729/1
f 1007/854/1 1644/2729/1 48/2806/1
f 316/3340/1 3187/1377/1 1007/854/1
f 3188/1374/1 178/2738/1 1174/3336/1
f 2232/1376/1 1174/3336/1 483/3341/1
f 822/3339/1 3188/1374/1 2232/1376/1
f 3189/1371/1 821/3342/1 2227/1366/1
f 1599/42/1 2227/1366/1 438/3343/1
f 32/3033/1 3189/1371/1 1599/42/1
f 3190/1368/1 629/3344/1 1789/1378/1
f 1131/2463/1 1789/1378/1 135/2582/1
f 438/3343/1 3190/1368/1 1131/2463/1
f 3191/1365/1 239/2750/1 1318/400/1
f 2228/1367/1 1318/400/1 629/3344/1
f 821/3342/1 3191/1365/1 2228/1367/1
f 3192/1362/1 820/3345/1 2223/1357/1
f 1794/3346/1 2223/1357/1 634/3347/1
f 240/2741/1 3192/1362/1 1794/3346/1
f 3193/1359/1 395/3348/1 1087/3349/1
f 1323/1347/1 1087/3349/1 91/3350/1
f 634/3347/1 3193/1359/1 1323/1347/1
f 3194/1356/1 42/3351/1 1556/3352/1
f 2224/1358/1 1556/3352/1 395/3348/1
f 820/3345/1 3194/1356/1 2224/1358/1
f 3195/2728/1 819/3353/1 2219/1349/1
f 1439/3210/1 2219/1349/1 278/3354/1
f 1529/330/5 4173/407/5 3119/407/5
f 3196/1351/1 272/17/1 963/16/1
f 969/1568/1 963/16/1 17/3202/1
f 278/3354/1 3196/1351/1 969/1568/1
f 3197/1348/1 91/3350/1 1433/3355/1
f 2220/1350/1 1433/3355/1 272/17/1
f 819/3353/1 3197/1348/1 2220/1350/1
f 3517/3211/5 4165/3346/5 1794/3346/5
f 48/2806/2 3628/3356/2 1058/3356/2
f 187/1334/2 3207/3357/2 1183/3357/2
f 3119/407/5 4167/2719/5 2321/2719/5
f 1795/2736/4 3208/2738/4 178/2738/4
f 178/2738/2 3209/3336/2 1174/3336/2
f 2321/2719/5 4184/3358/5 3541/3358/5
f 1439/3210/5 4177/2728/5 3195/2728/5
f 1794/3346/4 2674/2741/4 240/2741/4
f 2675/3359/1 4165/3346/1 4182/3211/1
f 3207/3357/1 1326/1336/1 4183/3360/1
f 2853/3361/1 4164/416/1 4184/3358/1
f 3202/1333/1 432/3362/1 1126/3363/1
f 1327/1323/1 1126/3363/1 130/3364/1
f 638/3365/1 3202/1333/1 1327/1323/1
f 3203/1330/1 26/3312/1 1593/3366/1
f 2212/1332/1 1593/3366/1 432/3362/1
f 817/3367/1 3203/1330/1 2212/1332/1
f 2854/420/1 4161/3210/1 4185/3209/1
f 3628/3356/1 2204/3368/1 4186/3369/1
f 3348/906/2 4116/908/2 2018/908/2
f 3205/1327/1 311/3370/1 1002/3371/1
f 1050/1355/1 1002/3371/1 42/3351/1
f 358/3372/1 3205/1327/1 1050/1355/1
f 3206/1324/1 130/3364/1 1472/3373/1
f 2208/1326/1 1472/3373/1 311/3370/1
f 816/3374/1 3206/1324/1 2208/1326/1
f 3627/3375/3 4131/3376/3 2670/3376/3
f 1028/905/2 4148/906/2 3348/906/2
f 1116/3318/4 4102/3316/4 422/3316/4
f 3351/897/2 4115/899/2 2014/899/2
f 1389/896/2 4150/897/2 3351/897/2
f 638/3365/5 4127/1331/5 2211/1331/5
f 301/3308/4 4095/3307/4 1462/3307/4
f 817/3367/5 4126/1328/5 2210/1328/5
f 3347/909/2 4094/896/2 1389/896/2
f 3210/1316/1 814/3377/1 2199/1311/1
f 1802/426/1 2199/1311/1 642/3378/1
f 242/2713/1 3210/1316/1 1802/426/1
f 3211/1313/1 353/3379/1 1514/2327/1
f 1331/1300/1 1514/2327/1 174/2705/1
f 642/3378/1 3211/1313/1 1331/1300/1
f 3212/1310/1 77/3380/1 1045/89/1
f 2200/1312/1 1045/89/1 353/3379/1
f 814/3377/1 3212/1310/1 2200/1312/1
f 3213/1307/1 813/3381/1 2195/1302/1
f 1488/623/1 2195/1302/1 327/3382/1
f 146/2551/1 3213/1307/1 1488/623/1
f 3214/1304/1 479/3383/1 1640/1269/1
f 1018/722/1 1640/1269/1 59/3384/1
f 327/3382/1 3214/1304/1 1018/722/1
f 3215/1301/1 174/2705/1 1170/437/1
f 2196/1303/1 1170/437/1 479/3383/1
f 813/3381/1 3215/1301/1 2196/1303/1
f 3216/1298/1 812/3385/1 2191/1293/1
f 1610/28/1 2191/1293/1 449/3386/1
f 21/3097/1 3216/1298/1 1610/28/1
f 3217/1295/1 641/3387/1 1801/1305/1
f 1142/2508/1 1801/1305/1 146/2551/1
f 449/3386/1 3217/1295/1 1142/2508/1
f 3218/1292/1 242/2713/1 1330/425/1
f 2192/1294/1 1330/425/1 641/3387/1
f 812/3385/1 3218/1292/1 2192/1294/1
f 3219/1289/1 811/3388/1 2187/1284/1
f 1806/435/1 2187/1284/1 646/3389/1
f 243/2707/1 3219/1289/1 1806/435/1
f 3220/1286/1 335/3390/1 1496/2300/1
f 1335/1273/1 1496/2300/1 156/2748/1
f 646/3389/1 3220/1286/1 1335/1273/1
f 3221/1283/1 68/3391/1 1027/100/1
f 2188/1285/1 1027/100/1 335/3390/1
f 811/3388/1 3221/1283/1 2188/1285/1
f 3222/1280/1 810/3392/1 2183/1275/1
f 1451/216/1 2183/1275/1 290/3393/1
f 109/2911/1 3222/1280/1 1451/216/1
f 3223/1277/1 460/3394/1 1621/1369/1
f 981/1922/1 1621/1369/1 32/3033/1
f 290/3393/1 3223/1277/1 981/1922/1
f 3224/1274/1 156/2748/1 1152/403/1
f 2184/1276/1 1152/403/1 460/3394/1
f 810/3392/1 3224/1274/1 2184/1276/1
f 3225/1271/1 809/3395/1 2179/1266/1
f 1573/156/1 2179/1266/1 412/3396/1
f 59/3384/1 3225/1271/1 1573/156/1
f 3226/1268/1 645/3397/1 1805/1278/1
f 1105/2132/1 1805/1278/1 109/2911/1
f 412/3396/1 3226/1268/1 1105/2132/1
f 3227/1265/1 243/2707/1 1334/434/1
f 2180/1267/1 1334/434/1 645/3397/1
f 809/3395/1 3227/1265/1 2180/1267/1
f 3228/1262/1 808/3398/1 2175/1257/1
f 1810/444/1 2175/1257/1 650/3399/1
f 244/2701/1 3228/1262/1 1810/444/1
f 3229/1259/1 300/3400/1 1461/2441/1
f 1339/1246/1 1461/2441/1 119/2597/1
f 650/3399/1 3229/1259/1 1339/1246/1
f 3230/1256/1 36/2993/1 991/50/1
f 2176/1258/1 991/50/1 300/3400/1
f 808/3398/1 3230/1256/1 2176/1258/1
f 3231/1253/1 807/3401/1 2171/1248/1
f 1515/432/1 2171/1248/1 354/3402/1
f 175/2708/1 3231/1253/1 1515/432/1
f 3232/1250/1 421/3403/1 1582/892/1
f 1046/1282/1 1582/892/1 68/3391/1
f 354/3402/1 3232/1250/1 1046/1282/1
f 3233/1247/1 119/2597/1 1115/560/1
f 2172/1249/1 1115/560/1 421/3403/1
f 807/3401/1 3233/1247/1 2172/1249/1
f 3234/1244/1 806/3404/1 2167/1239/1
f 1641/90/1 2167/1239/1 480/3405/1
f 77/3380/1 3234/1244/1 1641/90/1
f 3235/1241/1 649/3406/1 1809/1251/1
f 1171/2322/1 1809/1251/1 175/2708/1
f 480/3405/1 3235/1241/1 1171/2322/1
f 3236/1238/1 244/2701/1 1338/443/1
f 2168/1240/1 1338/443/1 649/3406/1
f 806/3404/1 3236/1238/1 2168/1240/1
f 245/2960/1 3237/1235/1 1814/453/1
f 2156/1216/3 3861/3407/3 436/3407/3
f 477/3408/4 3832/3409/4 1638/3409/4
f 3238/1232/1 805/3410/1 2162/1227/1
f 1500/528/1 2162/1227/1 339/3411/1
f 160/2618/1 3238/1232/1 1500/528/1
f 3239/1229/1 476/3412/1 1637/1212/1
f 1031/986/1 1637/1212/1 72/3413/1
f 339/3411/1 3239/1229/1 1031/986/1
f 654/3414/3 3862/1219/3 2157/1219/3
f 2154/1213/3 3858/3415/3 802/3415/3
f 2575/2101/5 3904/2931/5 908/2931/5
f 3240/1226/1 804/3416/1 2159/1221/1
f 1626/60/1 2159/1221/1 465/3417/1
f 37/2964/1 3240/1226/1 1626/60/1
f 3241/1223/1 653/3418/1 1813/1230/1
f 1157/2409/1 1813/1230/1 160/2618/1
f 465/3417/1 3241/1223/1 1157/2409/1
f 2955/2040/4 4039/2038/4 2540/2038/4
f 2160/1222/1 1342/452/1 653/3418/1
f 804/3416/1 3242/3419/1 2160/1222/1
f 803/3420/3 3860/1216/3 2156/1216/3
f 86/3006/4 3798/3421/4 1081/3421/4
f 2153/1210/3 3856/3414/3 654/3414/3
f 1081/3421/4 3831/3422/4 389/3422/4
f 2574/2098/5 3835/3005/5 516/3005/5
f 515/2984/3 3880/2012/3 2528/2012/3
f 476/3412/3 3857/1213/3 2154/1213/3
f 1638/3409/4 3793/3423/4 76/3423/4
f 802/3415/3 3855/1210/3 2153/1210/3
f 3243/1220/1 803/3420/1 2155/1215/1
f 1466/483/1 2155/1215/1 305/3424/1
f 124/2678/1 3243/1220/1 1466/483/1
f 3244/1217/1 436/3407/1 1597/2026/1
f 996/1121/1 1597/2026/1 30/2988/1
f 305/3424/1 3244/1217/1 996/1121/1
f 3237/1235/2 3846/453/2 1814/453/2
f 895/2995/5 3879/2005/5 2525/2005/5
f 517/3425/4 3836/3426/4 1678/3426/4
f 3245/1214/1 802/3415/1 2152/1209/1
f 1587/75/1 2152/1209/1 426/3427/1
f 72/3413/1 3245/1214/1 1587/75/1
f 3246/1211/1 654/3414/1 1815/1218/1
f 1120/2367/1 1815/1218/1 124/2678/1
f 426/3427/1 3246/1211/1 1120/2367/1
f 2538/2033/3 3891/2982/3 898/2982/3
f 2165/1234/2 3923/1235/2 3237/1235/2
f 516/3005/4 3834/3004/4 1677/3004/4
f 3247/1208/1 801/3428/1 2149/1203/1
f 1818/459/1 2149/1203/1 657/3429/1
f 246/2695/1 3247/1208/1 1818/459/1
f 3248/1205/1 276/3430/1 1437/2522/1
f 1345/1193/1 1437/2522/1 95/2542/1
f 657/3429/1 3248/1205/1 1345/1193/1
f 3249/1202/1 20/3431/1 967/24/1
f 2150/1204/1 967/24/1 276/3430/1
f 801/3428/1 3249/1202/1 2150/1204/1
f 3250/1200/1 800/3432/1 2145/1195/1
f 1511/3433/1 2145/1195/1 350/3434/1
f 171/3435/1 3250/1200/1 1511/3433/1
f 3251/1197/1 399/3436/1 1560/682/1
f 1042/3437/1 1560/682/1 46/3438/1
f 350/3434/1 3251/1197/1 1042/3437/1
f 3252/1194/1 95/2542/1 1091/637/1
f 2146/1196/1 1091/637/1 399/3436/1
f 800/3432/1 3252/1194/1 2146/1196/1
f 3253/1191/1 799/3439/1 2141/1186/1
f 1638/3409/1 2141/1186/1 477/3408/1
f 76/3423/1 3253/1191/1 1638/3409/1
f 3254/1188/1 656/3440/1 1817/1198/1
f 1168/3441/1 1817/1198/1 171/3435/1
f 477/3408/1 3254/1188/1 1168/3441/1
f 3255/1185/1 246/2695/1 1344/458/1
f 2142/1187/1 1344/458/1 656/3440/1
f 799/3439/1 3255/1185/1 2142/1187/1
f 3256/1182/1 798/3442/1 2137/1177/1
f 1822/468/1 2137/1177/1 661/3443/1
f 247/2689/1 3256/1182/1 1822/468/1
f 3257/1179/1 346/3444/1 1507/2363/1
f 1349/1166/1 1507/2363/1 167/2681/1
f 661/3443/1 3257/1179/1 1349/1166/1
f 3258/1176/1 75/3445/1 1038/77/1
f 2138/1178/1 1038/77/1 346/3444/1
f 798/3442/1 3258/1176/1 2138/1178/1
f 3259/1173/1 797/3446/1 2133/1168/1
f 1478/605/1 2133/1168/1 317/3447/1
f 136/2563/1 3259/1173/1 1478/605/1
f 3260/1170/1 472/3448/1 1633/1135/1
f 1008/776/1 1633/1135/1 49/3449/1
f 317/3447/1 3260/1170/1 1008/776/1
f 3261/1167/1 167/2681/1 1164/479/1
f 2134/1169/1 1164/479/1 472/3448/1
f 797/3446/1 3261/1167/1 2134/1169/1
f 3262/1164/1 796/3450/1 2129/1159/1
f 1600/33/1 2129/1159/1 439/3451/1
f 33/3066/1 3262/1164/1 1600/33/1
f 3263/1161/1 660/3452/1 1821/1171/1
f 1132/2490/1 1821/1171/1 136/2563/1
f 439/3451/1 3263/1161/1 1132/2490/1
f 3264/1158/1 247/2689/1 1348/467/1
f 2130/1160/1 1348/467/1 660/3452/1
f 796/3450/1 3264/1158/1 2130/1160/1
f 3265/1155/1 795/3453/1 2125/1150/1
f 1826/477/1 2125/1150/1 665/3454/1
f 248/2683/1 3265/1155/1 1826/477/1
f 3266/1152/1 326/3455/1 1487/2318/1
f 1353/1139/1 1487/2318/1 145/2711/1
f 665/3454/1 3266/1152/1 1353/1139/1
f 3267/1149/1 58/3456/1 1017/92/1
f 2126/1151/1 1017/92/1 326/3455/1
f 795/3453/1 3267/1149/1 2126/1151/1
f 3268/1146/1 794/3457/1 2121/1141/1
f 1440/270/1 2121/1141/1 279/3458/1
f 98/2875/1 3268/1146/1 1440/270/1
f 3269/1143/1 448/3459/1 1609/1296/1
f 970/1760/1 1609/1296/1 21/3097/1
f 279/3458/1 3269/1143/1 970/1760/1
f 3270/1140/1 145/2711/1 1141/428/1
f 2122/1142/1 1141/428/1 448/3459/1
f 794/3457/1 3270/1140/1 2122/1142/1
f 3271/1137/1 793/3460/1 2117/1132/1
f 1563/138/1 2117/1132/1 402/3461/1
f 49/3449/1 3271/1137/1 1563/138/1
f 3272/1134/1 664/3462/1 1825/1144/1
f 1094/2186/1 1825/1144/1 98/2875/1
f 402/3461/1 3272/1134/1 1094/2186/1
f 3273/1131/1 248/2683/1 1352/476/1
f 2118/1133/1 1352/476/1 664/3462/1
f 793/3460/1 3273/1131/1 2118/1133/1
f 3274/1128/1 792/3463/1 2113/1123/1
f 1830/486/1 2113/1123/1 669/3464/1
f 249/2677/1 3274/1128/1 1830/486/1
f 3275/1125/1 288/3465/1 1449/2432/1
f 1357/1112/1 1449/2432/1 107/2603/1
f 669/3464/1 3275/1125/1 1357/1112/1
f 3276/1122/1 30/2988/1 979/53/1
f 2114/1124/1 979/53/1 288/3465/1
f 792/3463/1 3276/1122/1 2114/1124/1
f 3277/1119/1 791/3466/1 2109/1114/1
f 1508/474/1 2109/1114/1 347/3467/1
f 168/2684/1 3277/1119/1 1508/474/1
f 3278/1116/1 411/3468/1 1572/919/1
f 1039/1148/1 1572/919/1 58/3456/1
f 347/3467/1 3278/1116/1 1039/1148/1
f 3279/1113/1 107/2603/1 1103/551/1
f 2110/1115/1 1103/551/1 411/3468/1
f 791/3466/1 3279/1113/1 2110/1115/1
f 3280/1110/1 790/3469/1 2105/1105/1
f 1634/78/1 2105/1105/1 473/3470/1
f 75/3445/1 3280/1110/1 1634/78/1
f 3281/1107/1 668/3471/1 1829/1117/1
f 1165/2358/1 1829/1117/1 168/2684/1
f 473/3470/1 3281/1107/1 1165/2358/1
f 3282/1104/1 249/2677/1 1356/485/1
f 2106/1106/1 1356/485/1 668/3471/1
f 790/3469/1 3282/1104/1 2106/1106/1
f 1834/3116/1 4388/3472/1 4661/3473/1
f 1503/3474/1 4386/3475/1 4662/3476/1
f 1504/3477/1 4356/3478/1 4663/3479/1
f 2828/3480/1 4380/3481/1 4665/3482/1
f 3307/3483/1 4378/3484/1 4666/3485/1
f 3314/3486/1 4374/3487/1 4667/3488/1
f 3291/3489/1 4372/3490/1 4668/3491/1
f 3483/3492/1 4368/3178/1 4669/3493/1
f 1359/491/2 1744/136/2 671/136/2
f 3300/2822/5 2631/316/5 1366/316/5
f 2073/1033/5 229/3494/5 782/3494/5
f 751/3495/3 856/752/3 1948/752/3
f 2062/2838/4 755/3496/4 779/3496/4
f 1836/602/3 4309/2227/3 3292/2227/3
f 3305/1035/4 372/1033/4 2073/1033/4
f 162/1628/4 2372/1004/4 1373/1004/4
f 671/136/4 4279/2379/4 2708/2379/4
f 3447/615/3 922/2840/3 1946/2840/3
f 3289/1083/1 787/3497/1 2093/1078/1
f 1611/30/1 2093/1078/1 450/3498/1
f 19/3499/1 3289/1083/1 1611/30/1
f 1946/2840/2 4292/3495/2 751/3495/2
f 1143/2499/1 1833/1666/1 147/2557/1
f 450/3498/1 3290/1080/1 1143/2499/1
f 60/3500/3 4291/147/3 1574/147/3
f 1502/2397/2 3094/1628/2 162/1628/2
f 1035/1067/5 4313/1035/5 3305/1035/5
f 3292/2227/1 786/3501/1 2089/1069/1
f 1838/504/1 2089/1069/1 677/3502/1
f 251/603/1 3292/2227/1 1838/504/1
f 3293/1071/1 338/3503/1 1499/2354/1
f 1365/1058/1 1499/2354/1 159/2687/1
f 677/3502/1 3293/1071/1 1365/1058/1
f 3294/1068/1 71/3504/1 1030/80/1
f 2090/1070/1 1030/80/1 338/3503/1
f 786/3501/1 3294/1068/1 2090/1070/1
f 3295/1065/1 785/3505/1 2085/1060/1
f 1452/243/1 2085/1060/1 291/3506/1
f 110/2893/1 3295/1065/1 1452/243/1
f 3296/1062/1 464/3507/1 1625/1162/1
f 982/1841/1 1625/1162/1 33/3066/1
f 291/3506/1 3296/1062/1 982/1841/1
f 3297/1059/1 159/2687/1 1156/470/1
f 2086/1061/1 1156/470/1 464/3507/1
f 785/3505/1 3297/1059/1 2086/1061/1
f 2095/1082/3 4268/3497/3 787/3497/3
f 1574/147/1 2081/1051/1 413/3508/1
f 3292/2227/5 4294/2226/5 2091/2226/5
f 3299/1053/1 676/3509/1 1837/1063/1
f 1106/2159/1 1837/1063/1 110/2893/1
f 413/3508/1 3299/1053/1 1106/2159/1
f 3300/2822/1 251/603/1 1364/503/1
f 2082/1052/1 1364/503/1 676/3509/1
f 3298/2233/3 81/1051/3 2081/1051/3
f 3301/1047/1 783/3510/1 2077/1042/1
f 1842/513/1 2077/1042/1 681/3511/1
f 252/2634/1 3301/1047/1 1842/513/1
f 3302/1044/1 304/3512/1 1465/2414/1
f 1369/1031/1 1465/2414/1 123/2615/1
f 681/3511/1 3302/1044/1 1369/1031/1
f 3303/1041/1 37/2964/1 995/59/1
f 2078/1043/1 995/59/1 304/3512/1
f 783/3510/1 3303/1041/1 2078/1043/1
f 1489/614/2 4321/615/2 3447/615/2
f 3488/493/4 4286/491/4 1359/491/4
f 1574/147/5 4310/2233/5 3298/2233/5
f 3305/1035/1 425/3513/1 1586/973/1
f 1035/1067/1 1586/973/1 71/3504/1
f 343/3514/3 4285/1067/3 1035/1067/3
f 3306/1032/1 123/2615/1 1119/533/1
f 2074/1034/1 1119/533/1 425/3513/1
f 782/3494/1 3306/1032/1 2074/1034/1
f 1072/146/5 3554/3500/5 60/3500/5
f 3481/514/4 4287/512/4 1368/512/4
f 674/2664/2 4264/2224/2 2092/2224/2
f 784/3515/3 4293/1052/3 2082/1052/3
f 1505/492/2 4328/493/2 3488/493/2
f 2075/2824/5 4323/514/5 3481/514/5
f 3309/2834/1 252/2634/1 1368/512/1
f 1366/316/3 2629/603/3 251/603/3
f 3290/1080/3 1742/1666/3 1833/1666/3
f 3310/1020/1 780/3516/1 2065/1015/1
f 1846/522/1 2065/1015/1 685/3517/1
f 253/2623/1 3310/1020/1 1846/522/1
f 3311/1017/1 341/3518/1 1502/2397/1
f 1373/1004/1 1502/2397/1 162/1628/1
f 685/3517/1 3311/1017/1 1373/1004/1
f 3312/1014/1 73/2945/1 1033/65/1
f 2066/1016/1 1033/65/1 341/3518/1
f 780/3516/1 3312/1014/1 2066/1016/1
f 3313/1011/1 779/3496/1 2061/2837/1
f 2088/1066/5 2354/3514/5 343/3514/5
f 165/2672/1 3313/1011/1 1505/492/1
f 251/603/5 1279/602/5 1836/602/5
f 779/3496/2 851/2837/2 2061/2837/2
f 2094/1079/2 4307/1080/2 3290/1080/2
f 1368/512/4 4316/2834/4 3309/2834/4
f 1370/2633/4 1063/1632/4 682/1632/4
f 779/3496/1 3315/1005/1 2062/2838/1
f 3316/1002/1 778/3519/1 2057/997/1
f 1631/72/1 2057/997/1 470/3520/1
f 52/3521/1 3316/1002/1 1631/72/1
f 3317/999/1 684/3522/1 1845/1009/1
f 1162/2376/1 1845/1009/1 165/2672/1
f 470/3520/1 3317/999/1 1162/2376/1
f 3318/996/1 253/2623/1 1372/521/1
f 2058/998/1 1372/521/1 684/3522/1
f 778/3519/1 3318/996/1 2058/998/1
f 3319/993/1 777/3523/1 2053/988/1
f 1850/531/1 2053/988/1 689/3524/1
f 254/2617/1 3319/993/1 1850/531/1
f 3320/990/1 345/3525/1 1506/2372/1
f 1377/977/1 1506/2372/1 166/2675/1
f 689/3524/1 3320/990/1 1377/977/1
f 3321/987/1 72/3413/1 1037/74/1
f 2054/989/1 1037/74/1 345/3525/1
f 777/3523/1 3321/987/1 2054/989/1
f 3322/984/1 776/3526/1 2049/979/1
f 1509/465/1 2049/979/1 348/3527/1
f 169/2690/1 3322/984/1 1509/465/1
f 3323/981/1 471/3528/1 1632/1108/1
f 1040/1175/1 1632/1108/1 75/3445/1
f 348/3527/1 3323/981/1 1040/1175/1
f 3324/978/1 166/2675/1 1163/488/1
f 2050/980/1 1163/488/1 471/3528/1
f 776/3526/1 3324/978/1 2050/980/1
f 3325/975/1 775/3529/1 2045/970/1
f 1635/81/1 2045/970/1 474/3530/1
f 71/3504/1 3325/975/1 1635/81/1
f 3326/972/1 688/3531/1 1849/982/1
f 1166/2349/1 1849/982/1 169/2690/1
f 474/3530/1 3326/972/1 1166/2349/1
f 3327/969/1 254/2617/1 1376/530/1
f 2046/971/1 1376/530/1 688/3531/1
f 775/3529/1 3327/969/1 2046/971/1
f 3328/966/1 774/3532/1 2041/961/1
f 1854/540/1 2041/961/1 693/3533/1
f 255/2611/1 3328/966/1 1854/540/1
f 3329/963/1 349/3534/1 1510/2345/1
f 1381/950/1 1510/2345/1 170/2693/1
f 693/3533/1 3329/963/1 1381/950/1
f 3330/960/1 45/3535/1 1041/83/1
f 2042/962/1 1041/83/1 349/3534/1
f 774/3532/1 3330/960/1 2042/962/1
f 3331/957/1 773/3536/1 2037/952/1
f 1512/450/1 2037/952/1 351/3537/1
f 172/2970/1 3331/957/1 1512/450/1
f 3332/954/1 475/3538/1 1636/1189/1
f 1043/3539/1 1636/1189/1 76/3423/1
f 351/3537/1 3332/954/1 1043/3539/1
f 3333/951/1 170/2693/1 1167/461/1
f 2038/953/1 1167/461/1 475/3538/1
f 773/3536/1 3333/951/1 2038/953/1
f 3334/948/1 772/3540/1 2033/943/1
f 1212/2959/3 4071/3541/3 3599/3541/3
f 2938/2949/3 3954/2948/3 1210/2948/3
f 3335/945/1 692/3542/1 1853/955/1
f 2559/3543/3 4053/2955/3 2941/2955/3
f 1686/2050/4 4062/2040/4 2955/2040/4
f 3336/942/1 255/2611/1 1380/539/1
f 2034/944/1 1380/539/1 692/3542/1
f 772/3540/1 3336/942/1 2034/944/1
f 3337/939/1 771/3544/1 2029/934/1
f 1858/549/1 2029/934/1 697/3545/1
f 256/2605/1 3337/939/1 1858/549/1
f 3338/936/1 352/3546/1 1513/2336/1
f 1385/923/1 1513/2336/1 173/2699/1
f 697/3545/1 3338/936/1 1385/923/1
f 3339/933/1 70/2985/1 1044/86/1
f 2030/935/1 1044/86/1 352/3546/1
f 771/3544/1 3339/933/1 2030/935/1
f 3340/930/1 770/3547/1 2025/925/1
f 1516/423/1 2025/925/1 355/3548/1
f 176/2714/1 3340/930/1 1516/423/1
f 3341/927/1 478/3549/1 1639/1242/1
f 1047/1309/1 1639/1242/1 77/3380/1
f 355/3548/1 3341/927/1 1047/1309/1
f 3342/924/1 173/2699/1 1169/446/1
f 2026/926/1 1169/446/1 478/3549/1
f 770/3547/1 3342/924/1 2026/926/1
f 3343/921/1 769/3550/1 2021/916/1
f 1642/93/1 2021/916/1 481/3551/1
f 58/3456/1 3343/921/1 1642/93/1
f 3344/918/1 696/3552/1 1857/928/1
f 1172/2313/1 1857/928/1 176/2714/1
f 481/3551/1 3344/918/1 1172/2313/1
f 3345/915/1 256/2605/1 1384/548/1
f 2022/917/1 1384/548/1 696/3552/1
f 769/3550/1 3345/915/1 2022/917/1
f 3346/912/1 768/3553/1 2017/907/1
f 1862/558/1 2017/907/1 701/3554/1
f 257/2599/1 3346/912/1 1862/558/1
f 2018/908/2 4147/909/2 3347/909/2
f 2211/1331/5 4128/3367/5 817/3367/5
f 701/3554/1 3347/909/1 1389/896/1
f 3185/1383/3 4080/3338/3 1049/3338/3
f 422/3316/4 4101/3315/4 1583/3315/4
f 768/3553/1 3348/906/1 2018/908/1
f 3349/903/1 767/3555/1 2013/898/1
f 1520/398/1 2013/898/1 359/3556/1
f 180/2751/1 3349/903/1 1520/398/1
f 1462/3307/4 4084/3309/4 120/3309/4
f 3350/900/2 4082/1382/2 1051/1382/2
f 359/3556/1 3350/900/1 1051/1382/1
f 2210/1328/5 4096/3308/5 301/3308/5
f 2014/899/2 4149/900/2 3350/900/2
f 767/3555/1 3351/897/1 2014/899/1
f 3352/894/1 766/3557/1 2009/889/1
f 1646/101/1 2009/889/1 485/3558/1
f 68/3391/1 3352/894/1 1646/101/1
f 3353/891/1 700/3559/1 1861/901/1
f 1176/2295/1 1861/901/1 180/2751/1
f 485/3558/1 3353/891/1 1176/2295/1
f 3354/888/1 257/2599/1 1388/557/1
f 2010/890/1 1388/557/1 700/3559/1
f 766/3557/1 3354/888/1 2010/890/1
f 3355/885/1 765/3560/1 2005/880/1
f 1865/567/1 2005/880/1 704/3561/1
f 258/2593/1 3355/885/1 1865/567/1
f 3356/882/1 360/3562/1 1521/2291/1
f 1393/875/1 1521/2291/1 181/2754/1
f 704/3561/1 3356/882/1 1393/875/1
f 3357/879/1 41/3563/1 1052/103/1
f 2006/881/1 1052/103/1 360/3562/1
f 765/3560/1 3357/879/1 2006/881/1
f 2003/874/4 3783/568/4 3463/568/4
f 2520/1993/4 3786/193/4 3592/193/4
f 530/3287/3 3665/2015/3 1218/2015/3
f 2661/2763/5 3756/2761/5 2866/2761/5
f 1779/377/3 3701/3564/3 619/3564/3
f 1221/191/4 3769/1986/4 2973/1986/4
f 3358/876/1 181/2754/1 1177/394/1
f 2866/2761/5 3744/3288/5 1179/3288/5
f 1778/374/3 3699/3565/3 618/3565/3
f 2930/2103/2 3667/2006/2 1219/2006/2
f 2973/1986/2 3722/1988/2 2518/1988/2
f 619/3564/3 3672/1439/3 1308/1439/3
f 3462/571/4 3742/569/4 1114/569/4
f 2576/2102/2 3760/2103/2 2930/2103/2
f 3358/876/4 3749/874/4 2003/874/4
f 3359/873/1 258/2593/1 1392/566/1
f 618/3565/3 3670/1448/3 1307/1448/3
f 182/3294/3 3702/386/3 1783/386/3
f 3360/870/1 764/3566/1 1999/865/1
f 259/2587/1 3360/870/1 1868/2640/1
f 3361/867/1 362/3567/1 1523/3568/1
f 3362/864/1 67/3014/1 1054/106/1
f 2000/866/1 1054/106/1 362/3567/1
f 764/3566/1 3362/864/1 2000/866/1
f 2272/1460/3 4473/3280/3 831/3280/3
f 1868/2640/4 467/2587/4 259/2587/4
f 92/3267/5 4396/3569/5 1774/3569/5
f 500/3112/3 4510/1718/3 2396/1718/3
f 2387/1700/2 4602/1701/2 3069/1701/2
f 1434/3570/3 4559/3267/3 92/3267/3
f 3068/1704/4 4560/1702/4 1660/1702/4
f 441/3571/3 4364/3572/3 1602/3572/3
f 2395/3124/2 4335/3125/2 319/3125/2
f 1649/1477/5 4377/3573/5 488/3573/5
f 2386/1699/4 4601/1704/4 3068/1704/4
f 3361/867/4 4563/865/4 1999/865/4
f 1192/3116/2 4557/3112/2 500/3112/2
f 1480/3574/3 2103/3575/3 138/3575/3
f 298/3024/2 4465/500/2 2268/500/2
f 3067/1707/4 4568/1705/4 2389/1705/4
f 1523/3568/4 4630/867/4 3361/867/4
f 2343/3175/4 4499/3176/4 849/3176/4
f 1104/575/4 4600/1707/4 3067/1707/4
f 184/2769/5 4350/2279/5 1524/2279/5
f 3363/1092/1 66/3174/1 1055/109/1
f 3563/280/3 4521/3576/3 2405/3576/3
f 82/3577/4 2713/3578/4 1067/3578/4
f 3105/1608/4 4565/1606/4 2339/1606/4
f 2390/3579/4 4391/3130/4 576/3130/4
f 2269/3580/3 4619/3285/3 3159/3285/3
f 1751/1615/4 4605/1608/4 3105/1608/4
f 2277/3265/3 4611/3269/3 3153/3269/3
f 1536/279/2 4664/280/2 3563/280/2
f 1999/865/4 4629/870/4 3360/870/4
f 153/3279/3 4562/350/3 1765/350/3
f 3159/3285/3 789/2651/3 1303/2651/3
f 1618/3178/4 3480/3026/4 35/3026/4
f 3360/870/2 4418/2640/2 1868/2640/2
f 2339/1606/2 4369/3179/2 457/3179/2
f 2389/1705/2 4503/3581/2 861/3581/2
f 1303/2651/3 4655/2653/3 3531/2653/3
f 3153/3269/5 4487/3582/5 2278/3582/5
f 849/3176/4 4500/1616/4 2344/1616/4
f 1774/3569/3 4610/3268/3 3152/3268/3
f 1304/1463/3 680/3279/3 153/3279/3
f 3364/861/1 763/3583/1 1995/856/1
f 1872/582/1 1995/856/1 710/3584/1
f 260/2581/1 3364/861/1 1872/582/1
f 3365/858/1 366/3585/1 1527/2310/1
f 1399/845/1 1527/2310/1 187/1334/1
f 710/3584/1 3365/858/1 1399/845/1
f 3366/855/1 48/2806/1 1058/3356/1
f 1996/857/1 1058/3356/1 366/3585/1
f 763/3583/1 3366/855/1 1996/857/1
f 3367/852/1 762/3586/1 1991/847/1
f 1530/321/1 1991/847/1 369/3587/1
f 190/2817/1 3367/852/1 1530/321/1
f 3368/849/1 491/3588/1 1652/2720/1
f 1061/1619/1 1652/2720/1 80/3171/1
f 369/3587/1 3368/849/1 1061/1619/1
f 3369/846/1 187/1334/1 1183/3357/1
f 1992/848/1 1183/3357/1 491/3588/1
f 762/3586/1 3369/846/1 1992/848/1
f 3370/843/1 761/3589/1 1987/838/1
f 1655/121/1 1987/838/1 494/3590/1
f 65/3022/1 3370/843/1 1655/121/1
f 3371/840/1 709/3591/1 1871/850/1
f 1186/2238/1 1871/850/1 190/2817/1
f 494/3590/1 3371/840/1 1186/2238/1
f 3372/837/1 260/2581/1 1398/581/1
f 1988/839/1 1398/581/1 709/3591/1
f 761/3589/1 3372/837/1 1988/839/1
f 3373/834/1 760/3592/1 1983/829/1
f 1876/591/1 1983/829/1 714/3593/1
f 261/2575/1 3373/834/1 1876/591/1
f 3374/831/1 370/3594/1 1531/2234/1
f 1403/818/1 1531/2234/1 191/2820/1
f 714/3593/1 3374/831/1 1403/818/1
f 3375/828/1 64/3047/1 1062/123/1
f 1984/830/1 1062/123/1 370/3594/1
f 760/3592/1 3375/828/1 1984/830/1
f 3376/825/1 759/3595/1 1979/820/1
f 1534/297/1 1979/820/1 373/3137/1
f 194/2857/1 3376/825/1 1534/297/1
f 3377/822/1 495/3151/1 1656/1573/1
f 1881/2565/4 3123/2567/4 112/2567/4
f 373/3137/1 3377/822/1 1065/412/1
f 3378/819/1 191/2820/1 1187/317/1
f 1980/821/1 1187/317/1 495/3151/1
f 759/3595/1 3378/819/1 1980/821/1
f 3379/816/1 758/3596/1 1975/811/1
f 1659/130/1 1975/811/1 498/3597/1
f 56/3598/1 3379/816/1 1659/130/1
f 3380/813/1 713/3599/1 1875/823/1
f 1190/2213/1 1875/823/1 194/2857/1
f 498/3597/1 3380/813/1 1190/2213/1
f 3381/810/1 261/2575/1 1402/590/1
f 1976/812/1 1402/590/1 713/3599/1
f 758/3596/1 3381/810/1 1976/812/1
f 3382/807/1 757/3600/1 1971/802/1
f 1880/600/1 1971/802/1 718/3601/1
f 262/2569/1 3382/807/1 1880/600/1
f 3383/804/1 374/3602/1 1535/2209/1
f 1407/791/1 1535/2209/1 195/2860/1
f 718/3601/1 3383/804/1 1407/791/1
f 3384/801/1 63/3080/1 1066/132/1
f 1972/803/1 1066/132/1 374/3602/1
f 757/3600/1 3384/801/1 1972/803/1
f 3385/798/1 756/3603/1 1967/793/1
f 1536/279/1 1967/793/1 375/3604/1
f 197/2869/1 3385/798/1 1536/279/1
f 3386/795/1 499/3605/1 1660/1702/1
f 1067/3578/1 1660/1702/1 82/3577/1
f 375/3604/1 3386/795/1 1067/3578/1
f 3387/792/1 195/2860/1 1191/293/1
f 1968/794/1 1191/293/1 499/3605/1
f 756/3603/1 3387/792/1 1968/794/1
f 586/2835/3 2647/1643/3 1275/1643/3
f 3451/2787/5 4226/2565/5 1881/2565/5
f 1273/2794/2 4222/3163/2 584/3163/2
f 3389/2785/1 717/3606/1 1879/796/1
f 1193/2195/1 1879/796/1 197/2869/1
f 501/3165/1 3389/2785/1 1193/2195/1
f 3390/786/1 262/2569/1 1406/599/1
f 1964/2784/1 1406/599/1 717/3606/1
f 3090/1551/5 4230/1550/5 2359/1550/5
f 3391/783/1 754/3607/1 1959/778/1
f 1884/608/1 1959/778/1 722/3608/1
f 263/2562/1 3391/783/1 1884/608/1
f 3392/780/1 376/3609/1 1537/2191/1
f 1411/767/1 1537/2191/1 198/2872/1
f 722/3608/1 3392/780/1 1411/767/1
f 3393/777/1 49/3449/1 1068/137/1
f 1960/779/1 1068/137/1 376/3609/1
f 754/3607/1 3393/777/1 1960/779/1
f 3394/774/1 753/3610/1 1955/769/1
f 1540/252/1 1955/769/1 379/3611/1
f 201/2887/1 3394/774/1 1540/252/1
f 3395/771/1 502/3612/1 1663/1747/1
f 1071/1814/1 1663/1747/1 83/3076/1
f 379/3611/1 3395/771/1 1071/1814/1
f 3396/768/1 198/2872/1 1194/275/1
f 1956/770/1 1194/275/1 502/3612/1
f 753/3610/1 3396/768/1 1956/770/1
f 3397/765/1 752/3613/1 1951/760/1
f 1666/144/1 1951/760/1 505/3614/1
f 61/3055/1 3397/765/1 1666/144/1
f 3398/762/1 721/3615/1 1883/772/1
f 1197/2168/1 1883/772/1 201/2887/1
f 505/3614/1 3398/762/1 1197/2168/1
f 3399/759/1 263/2562/1 1410/607/1
f 1952/761/1 1410/607/1 721/3615/1
f 752/3613/1 3399/759/1 1952/761/1
f 3400/756/1 751/3495/1 1947/751/1
f 1888/617/1 1947/751/1 726/3616/1
f 264/2556/1 3400/756/1 1888/617/1
f 3401/753/1 380/3617/1 1541/2164/1
f 1415/740/1 1541/2164/1 202/2890/1
f 726/3616/1 3401/753/1 1415/740/1
f 1948/752/3 852/3617/3 380/3617/3
f 2092/2224/4 4326/499/4 3486/499/4
f 1833/1666/2 4289/2557/2 147/2557/2
f 3403/747/1 750/3618/1 1943/742/1
f 1544/225/1 1943/742/1 383/3619/1
f 205/2905/1 3403/747/1 1544/225/1
f 3404/744/1 506/3620/1 1667/1828/1
f 1075/1895/1 1667/1828/1 84/3043/1
f 383/3619/1 3404/744/1 1075/1895/1
f 3405/741/1 202/2890/1 1198/248/1
f 1944/743/1 1198/248/1 506/3620/1
f 750/3618/1 3405/741/1 1944/743/1
f 3406/738/1 749/3621/1 1939/733/1
f 1670/153/1 1939/733/1 509/3622/1
f 44/3623/1 3406/738/1 1670/153/1
f 3407/735/1 725/3624/1 1887/745/1
f 1201/2141/1 1887/745/1 205/2905/1
f 509/3622/1 3407/735/1 1201/2141/1
f 3408/732/1 264/2556/1 1414/616/1
f 1940/734/1 1414/616/1 725/3624/1
f 749/3621/1 3408/732/1 1940/734/1
f 3409/729/1 748/3625/1 1935/724/1
f 1892/626/1 1935/724/1 730/3626/1
f 265/2550/1 3409/729/1 1892/626/1
f 3410/726/1 384/3627/1 1545/2137/1
f 1419/713/1 1545/2137/1 206/2908/1
f 730/3626/1 3410/726/1 1419/713/1
f 3411/723/1 59/3384/1 1076/155/1
f 1936/725/1 1076/155/1 384/3627/1
f 748/3625/1 3411/723/1 1936/725/1
f 3412/720/1 747/3628/1 1931/715/1
f 1548/198/1 1931/715/1 387/3629/1
f 209/2923/1 3412/720/1 1548/198/1
f 3413/717/1 510/3630/1 1671/1909/1
f 1079/1976/1 1671/1909/1 85/3010/1
f 387/3629/1 3413/717/1 1079/1976/1
f 3414/714/1 206/2908/1 1202/221/1
f 1932/716/1 1202/221/1 510/3630/1
f 747/3628/1 3414/714/1 1932/716/1
f 3415/711/1 746/3631/1 1927/706/1
f 1674/162/1 1927/706/1 513/3632/1
f 47/3087/1 3415/711/1 1674/162/1
f 3416/708/1 729/3633/1 1891/718/1
f 1205/2114/1 1891/718/1 209/2923/1
f 513/3632/1 3416/708/1 1205/2114/1
f 3417/705/1 265/2550/1 1418/625/1
f 1928/707/1 1418/625/1 729/3633/1
f 746/3631/1 3417/705/1 1928/707/1
f 3418/702/1 745/3634/1 1923/697/1
f 1896/635/1 1923/697/1 734/3635/1
f 266/2544/1 3418/702/1 1896/635/1
f 3419/699/1 388/3636/1 1549/2110/1
f 1423/686/1 1549/2110/1 210/2926/1
f 734/3635/1 3419/699/1 1423/686/1
f 3420/696/1 53/3637/1 1080/164/1
f 1924/698/1 1080/164/1 388/3636/1
f 745/3634/1 3420/696/1 1924/698/1
f 3421/693/1 744/3638/1 1919/688/1
f 1550/3639/1 1919/688/1 389/3422/1
f 211/3640/1 3421/693/1 1550/3639/1
f 3422/690/1 514/3641/1 1675/1990/1
f 1081/3421/1 1675/1990/1 86/3006/1
f 389/3422/1 3422/690/1 1081/3421/1
f 3423/687/1 210/2926/1 1206/194/1
f 1920/689/1 1206/194/1 514/3641/1
f 744/3638/1 3423/687/1 1920/689/1
f 3424/684/1 743/3642/1 1915/679/1
f 1678/3426/1 1915/679/1 517/3425/1
f 46/3438/1 3424/684/1 1678/3426/1
f 3425/681/1 733/3643/1 1895/691/1
f 1208/3644/1 1895/691/1 211/3640/1
f 517/3425/1 3425/681/1 1208/3644/1
f 3426/678/1 266/2544/1 1422/634/1
f 1916/680/1 1422/634/1 733/3643/1
f 743/3642/1 3426/678/1 1916/680/1
f 3427/675/1 742/3645/1 1911/670/1
f 1900/644/1 1911/670/1 738/3646/1
f 267/2538/1 3427/675/1 1900/644/1
f 3428/672/1 390/3647/1 1551/2095/1
f 1427/659/1 1551/2095/1 212/2934/1
f 738/3646/1 3428/672/1 1427/659/1
f 3429/669/1 57/3648/1 1082/167/1
f 1912/671/1 1082/167/1 390/3647/1
f 742/3645/1 3429/669/1 1912/671/1
f 3430/666/1 741/3649/1 1907/661/1
f 3599/3541/3 4002/3650/3 2555/3650/3
f 245/2960/5 3996/1233/5 1812/1233/5
f 3431/663/1 518/3651/1 1679/2041/1
f 1211/2954/3 4073/3652/3 3601/3652/3
f 2941/2955/3 3961/2954/3 1211/2954/3
f 3432/660/1 212/2934/1 1209/182/1
f 1908/662/1 1209/182/1 518/3651/1
f 741/3649/1 3432/660/1 1908/662/1
f 3433/657/1 740/3653/1 1903/652/1
f 1681/171/1 1903/652/1 520/2976/1
f 40/3654/1 3433/657/1 1681/171/1
f 3434/654/1 737/3655/1 1899/664/1
f 2568/2939/2 4009/2940/2 522/2940/2
f 2951/2052/4 4033/2050/4 1686/2050/4
f 3435/651/1 267/2538/1 1426/643/1
f 1904/653/1 1426/643/1 737/3655/1
f 740/3653/1 3435/651/1 1904/653/1
f 3436/648/1 739/2535/1 1902/649/1
f 1905/656/1 1902/649/1 740/3653/1
f 393/3656/1 3436/648/1 1905/656/1
f 3437/645/1 738/3646/1 1906/658/1
f 1909/665/1 1906/658/1 741/3649/1
f 737/3655/1 3437/645/1 1909/665/1
f 3438/642/1 325/3657/1 1910/667/1
f 1913/674/1 1910/667/1 742/3645/1
f 736/2537/1 3438/642/1 1913/674/1
f 3439/639/1 735/2541/1 1914/676/1
f 1917/683/1 1914/676/1 743/3642/1
f 399/3436/1 3439/639/1 1917/683/1
f 3440/636/1 734/3635/1 1918/685/1
f 1921/692/1 1918/685/1 744/3638/1
f 733/3643/1 3440/636/1 1921/692/1
f 3441/633/1 321/3658/1 1922/694/1
f 1925/701/1 1922/694/1 745/3634/1
f 732/2543/1 3441/633/1 1925/701/1
f 3442/630/1 731/2547/1 1926/703/1
f 1929/710/1 1926/703/1 746/3631/1
f 400/3100/1 3442/630/1 1929/710/1
f 3443/627/1 730/3626/1 1930/712/1
f 1933/719/1 1930/712/1 747/3628/1
f 729/3633/1 3443/627/1 1933/719/1
f 3444/624/1 327/3382/1 1934/721/1
f 1937/728/1 1934/721/1 748/3625/1
f 728/2549/1 3444/624/1 1937/728/1
f 3445/621/1 727/2553/1 1938/730/1
f 1941/737/1 1938/730/1 749/3621/1
f 397/3659/1 3445/621/1 1941/737/1
f 3446/618/1 726/3616/1 1942/739/1
f 1945/746/1 1942/739/1 750/3618/1
f 725/3624/1 3446/618/1 1945/746/1
f 3309/2834/5 4288/2633/5 1370/2633/5
f 1949/755/1 1946/2840/1 751/3495/1
f 724/2555/1 3447/615/1 1949/755/1
f 3448/612/1 723/2559/1 1950/757/1
f 1953/764/1 1950/757/1 752/3613/1
f 414/3069/1 3448/612/1 1953/764/1
f 3449/609/1 722/3608/1 1954/766/1
f 1957/773/1 1954/766/1 753/3610/1
f 721/3615/1 3449/609/1 1957/773/1
f 3450/606/1 317/3447/1 1958/775/1
f 1961/782/1 1958/775/1 754/3607/1
f 720/2561/1 3450/606/1 1961/782/1
f 3451/2787/1 719/2566/1 1962/784/1
f 590/2819/4 232/318/4 1749/318/4
f 1276/2791/4 4233/2230/4 2887/2230/4
f 3452/601/1 718/3601/1 1966/790/1
f 1969/797/1 1966/790/1 756/3603/1
f 717/3606/1 3452/601/1 1969/797/1
f 3453/598/1 331/3078/1 1970/799/1
f 1973/806/1 1970/799/1 757/3600/1
f 716/2568/1 3453/598/1 1973/806/1
f 3454/595/1 715/2572/1 1974/808/1
f 1977/815/1 1974/808/1 758/3596/1
f 409/3660/1 3454/595/1 1977/815/1
f 3455/592/1 714/3593/1 1978/817/1
f 1981/824/1 1978/817/1 759/3595/1
f 713/3599/1 3455/592/1 1981/824/1
f 3456/589/1 332/3045/1 1982/826/1
f 1985/833/1 1982/826/1 760/3592/1
f 712/2574/1 3456/589/1 1985/833/1
f 3457/586/1 711/2578/1 1986/835/1
f 1989/842/1 1986/835/1 761/3589/1
f 418/3036/1 3457/586/1 1989/842/1
f 3458/583/1 710/3584/1 1990/844/1
f 1993/851/1 1990/844/1 762/3586/1
f 709/3591/1 3458/583/1 1993/851/1
f 3459/580/1 316/3340/1 1994/853/1
f 1997/860/1 1994/853/1 763/3583/1
f 708/2580/1 3459/580/1 1997/860/1
f 929/2765/4 4548/3661/4 2660/3661/4
f 1262/1730/3 1832/3115/3 196/3115/3
f 3152/3268/3 4485/3265/3 2277/3265/3
f 3531/2653/5 4404/2652/5 1776/2652/5
f 989/501/4 4466/3024/4 298/3024/4
f 1660/1702/2 2827/3577/2 82/3577/2
f 1134/3662/3 4365/3571/3 441/3571/3
f 861/3581/4 4505/3579/4 2390/3579/4
f 18/3663/3 3637/18/3 964/18/3
f 1055/109/4 4639/1092/4 3363/1092/4
f 488/3573/5 2068/367/5 1180/367/5
f 259/2587/4 342/1076/4 1396/1076/4
f 1776/2652/3 4405/3664/3 616/3664/3
f 375/3604/4 4358/279/4 1536/279/4
f 3363/1092/5 4554/1091/5 1025/1091/5
f 3461/574/1 334/3012/1 1998/862/1
f 2001/869/1 1998/862/1 764/3566/1
f 706/2586/1 3461/574/1 2001/869/1
f 3462/571/1 705/2590/1 2002/871/1
f 2002/871/4 3782/571/4 3462/571/4
f 1177/394/4 3778/876/4 3358/876/4
f 3463/568/1 704/3561/1 2003/874/1
f 3359/873/4 3748/871/4 2002/871/4
f 1312/1412/5 3755/2758/5 2865/2758/5
f 3464/565/1 310/3665/1 2004/877/1
f 2007/884/1 2004/877/1 765/3560/1
f 703/2592/1 3464/565/1 2007/884/1
f 3465/562/1 702/2596/1 2008/886/1
f 2011/893/1 2008/886/1 766/3557/1
f 421/3403/1 3465/562/1 2011/893/1
f 3466/559/1 701/3554/1 2012/895/1
f 2015/902/1 2012/895/1 767/3555/1
f 700/3559/1 3466/559/1 2015/902/1
f 3467/556/1 336/3291/1 2016/904/1
f 2019/911/1 2016/904/1 768/3553/1
f 699/2598/1 3467/556/1 2019/911/1
f 3468/553/1 698/2602/1 2020/913/1
f 2023/920/1 2020/913/1 769/3550/1
f 411/3468/1 3468/553/1 2023/920/1
f 3469/550/1 697/3545/1 2024/922/1
f 2027/929/1 2024/922/1 770/3547/1
f 696/3552/1 3469/550/1 2027/929/1
f 3470/547/1 337/2983/1 2028/931/1
f 2031/938/1 2028/931/1 771/3544/1
f 695/2604/1 3470/547/1 2031/938/1
f 3471/544/1 694/2608/1 2032/940/1
f 2035/947/1 2032/940/1 772/3540/1
f 424/2977/1 3471/544/1 2035/947/1
f 3472/541/1 693/3533/1 2036/949/1
f 2039/956/1 2036/949/1 773/3536/1
f 692/3542/1 3472/541/1 2039/956/1
f 3473/538/1 314/3666/1 2040/958/1
f 2043/965/1 2040/958/1 774/3532/1
f 691/2610/1 3473/538/1 2043/965/1
f 3474/535/1 690/2614/1 2044/967/1
f 2047/974/1 2044/967/1 775/3529/1
f 425/3513/1 3474/535/1 2047/974/1
f 3475/532/1 689/3524/1 2048/976/1
f 2051/983/1 2048/976/1 776/3526/1
f 688/3531/1 3475/532/1 2051/983/1
f 3476/529/1 339/3411/1 2052/985/1
f 2055/992/1 2052/985/1 777/3523/1
f 687/2616/1 3476/529/1 2055/992/1
f 3477/526/1 686/2620/1 2056/994/1
f 2059/1001/1 2056/994/1 778/3519/1
f 405/3667/1 3477/526/1 2059/1001/1
f 3478/523/1 685/3517/1 2060/1003/1
f 2063/1010/1 2060/1003/1 779/3496/1
f 684/3522/1 3478/523/1 2063/1010/1
f 3479/520/1 340/2943/1 2064/1012/1
f 2067/1019/1 2064/1012/1 780/3516/1
f 683/2622/1 3479/520/1 2067/1019/1
f 3486/499/2 4267/1082/2 2095/1082/2
f 380/3617/5 3096/146/5 1072/146/5
f 3315/1005/2 589/2838/2 2062/2838/2
f 3481/514/1 681/3511/1 2072/1030/1
f 2075/2824/1 2072/1030/1 782/3494/1
f 1373/1004/2 4319/1005/2 3315/1005/2
f 3482/511/1 306/2962/1 2076/1039/1
f 2079/1046/1 2076/1039/1 783/3510/1
f 679/2632/1 3482/511/1 2079/1046/1
f 682/1632/5 4295/1631/5 2715/1631/5
f 2823/1629/4 4290/2397/4 1502/2397/4
f 2830/135/2 2886/126/2 1362/126/2
f 3484/505/1 677/3502/1 2084/1057/1
f 2087/1064/1 2084/1057/1 785/3505/1
f 676/3509/1 3484/505/1 2087/1064/1
f 2081/1051/5 62/3515/5 784/3515/5
f 2091/2226/1 2088/1066/1 786/3501/1
f 3485/2848/3 4263/1066/3 2088/1066/3
f 3486/499/1 674/2664/1 2092/2224/1
f 147/2557/3 2369/614/3 1489/614/3
f 442/3668/1 3486/499/1 2095/1082/1
f 2715/1631/4 4296/1629/4 2823/1629/4
f 2708/2379/2 4300/135/2 2830/135/2
f 2091/2226/5 4325/2848/5 3485/2848/5
f 787/3497/3 4266/1079/3 2094/1079/3
f 1362/126/4 4265/2664/4 674/2664/4
f 2061/2837/4 4317/1011/4 3313/1011/4
f 3489/490/1 670/2674/1 2104/1102/1
f 2107/1109/1 2104/1102/1 790/3469/1
f 471/3528/1 3489/490/1 2107/1109/1
f 3490/487/1 669/3464/1 2108/1111/1
f 2111/1118/1 2108/1111/1 791/3466/1
f 668/3471/1 3490/487/1 2111/1118/1
f 3491/484/1 305/3424/1 2112/1120/1
f 2115/1127/1 2112/1120/1 792/3463/1
f 667/2676/1 3491/484/1 2115/1127/1
f 3492/481/1 666/2680/1 2116/1129/1
f 2119/1136/1 2116/1129/1 793/3460/1
f 472/3448/1 3492/481/1 2119/1136/1
f 3493/478/1 665/3454/1 2120/1138/1
f 2123/1145/1 2120/1138/1 794/3457/1
f 664/3462/1 3493/478/1 2123/1145/1
f 3494/475/1 347/3467/1 2124/1147/1
f 2127/1154/1 2124/1147/1 795/3453/1
f 663/2682/1 3494/475/1 2127/1154/1
f 3495/472/1 662/2686/1 2128/1156/1
f 2131/1163/1 2128/1156/1 796/3450/1
f 464/3507/1 3495/472/1 2131/1163/1
f 3496/469/1 661/3443/1 2132/1165/1
f 2135/1172/1 2132/1165/1 797/3446/1
f 660/3452/1 3496/469/1 2135/1172/1
f 3497/466/1 348/3527/1 2136/1174/1
f 2139/1181/1 2136/1174/1 798/3442/1
f 659/2688/1 3497/466/1 2139/1181/1
f 3498/463/1 658/2692/1 2140/1183/1
f 2143/1190/1 2140/1183/1 799/3439/1
f 475/3538/1 3498/463/1 2143/1190/1
f 3499/460/1 657/3429/1 2144/1192/1
f 2147/1199/1 2144/1192/1 800/3432/1
f 656/3440/1 3499/460/1 2147/1199/1
f 3500/457/1 275/23/1 2148/1201/1
f 2151/1207/1 2148/1201/1 801/3428/1
f 655/2694/1 3500/457/1 2151/1207/1
f 2537/2030/3 3889/2984/3 515/2984/3
f 351/3537/4 3826/450/4 1512/450/4
f 350/3434/4 3824/3433/4 1511/3433/4
f 2535/2027/3 3886/2986/3 897/2986/3
f 2164/1231/3 3873/3410/3 805/3410/3
f 1678/3426/4 3791/3438/4 46/3438/4
f 171/3435/4 3803/3441/4 1168/3441/4
f 2534/2024/3 3884/2989/3 528/2989/3
f 2163/1228/3 3871/3412/3 476/3412/3
f 2158/2957/3 4063/3419/3 3242/3419/3
f 2161/1225/1 2158/2957/1 804/3416/1
f 463/2963/1 3501/2956/1 2161/1225/1
f 531/2930/5 3903/2101/5 2575/2101/5
f 1677/3004/4 3797/3006/4 86/3006/4
f 653/3418/1 3502/454/1 2164/1231/1
f 1168/3441/4 3833/3408/4 477/3408/4
f 908/2931/5 3902/2098/5 2574/2098/5
f 652/2978/1 3503/451/1 2165/1234/1
f 3504/448/1 651/2698/1 2166/1236/1
f 2169/1243/1 2166/1236/1 806/3404/1
f 478/3549/1 3504/448/1 2169/1243/1
f 3505/445/1 650/3399/1 2170/1245/1
f 2173/1252/1 2170/1245/1 807/3401/1
f 649/3406/1 3505/445/1 2173/1252/1
f 3506/442/1 302/2991/1 2174/1254/1
f 2177/1261/1 2174/1254/1 808/3398/1
f 648/2700/1 3506/442/1 2177/1261/1
f 3507/439/1 647/2704/1 2178/1263/1
f 2181/1270/1 2178/1263/1 809/3395/1
f 479/3383/1 3507/439/1 2181/1270/1
f 3508/436/1 646/3389/1 2182/1272/1
f 2185/1279/1 2182/1272/1 810/3392/1
f 645/3397/1 3508/436/1 2185/1279/1
f 3509/433/1 354/3402/1 2186/1281/1
f 2189/1288/1 2186/1281/1 811/3388/1
f 644/2706/1 3509/433/1 2189/1288/1
f 3510/430/1 643/2710/1 2190/1290/1
f 2193/1297/1 2190/1290/1 812/3385/1
f 448/3459/1 3510/430/1 2193/1297/1
f 3511/427/1 642/3378/1 2194/1299/1
f 2197/1306/1 2194/1299/1 813/3381/1
f 641/3387/1 3511/427/1 2197/1306/1
f 3512/424/1 355/3548/1 2198/1308/1
f 2201/1315/1 2198/1308/1 814/3377/1
f 640/2712/1 3512/424/1 2201/1315/1
f 358/3372/5 4123/1325/5 2207/1325/5
f 1051/1382/2 4141/1383/2 3185/1383/2
f 1583/3315/4 4078/3293/4 69/3293/4
f 2222/1354/5 4100/3372/5 358/3372/5
f 816/3374/5 4122/1322/5 2206/1322/5
f 2207/1325/5 4124/3374/5 816/3374/5
f 2206/1322/5 4112/3365/5 638/3365/5
f 2670/3376/3 4140/2745/3 2858/2745/3
f 120/3309/4 4083/3318/4 1116/3318/4
f 3541/3358/5 4164/416/5 1760/416/5
f 1058/3356/2 2205/3585/2 366/3585/2
f 3195/2728/5 4166/2727/5 2221/2727/5
f 3517/3211/1 634/3347/1 2218/1346/1
f 2221/2727/1 2218/1346/1 819/3353/1
f 493/97/3 3201/2247/3 1185/2247/3
f 1321/2744/3 4154/3669/3 3518/3669/3
f 2225/1361/1 2222/1354/1 820/3345/1
f 632/2739/1 3518/3669/1 2225/1361/1
f 3519/405/1 631/2747/1 2226/1363/1
f 2229/1370/1 2226/1363/1 821/3342/1
f 460/3394/1 3519/405/1 2229/1370/1
f 3520/402/1 630/3334/1 2230/1372/1
f 2233/1379/1 2230/1372/1 822/3339/1
f 629/3344/1 3520/402/1 2233/1379/1
f 3521/399/1 359/3556/1 2234/1381/1
f 2237/1388/1 2234/1381/1 823/3333/1
f 628/2749/1 3521/399/1 2237/1388/1
f 3522/396/1 627/2753/1 2238/1390/1
f 1392/566/4 3781/873/4 3359/873/4
f 3522/396/4 3743/394/4 1177/394/4
f 3523/393/1 626/3320/1 2240/1393/1
f 2243/1400/1 2240/1393/1 824/3326/1
f 625/3331/1 3523/393/1 2243/1400/1
f 3524/390/1 271/3670/1 2244/1402/1
f 2247/1409/1 2244/1402/1 825/3319/1
f 624/2755/1 3524/390/1 2247/1409/1
f 3525/387/1 623/3286/1 2248/1411/1
f 2251/1418/1 2248/1411/1 826/3314/1
f 486/3292/1 3525/387/1 2251/1418/1
f 3526/384/1 622/3300/1 2252/1420/1
f 2255/1427/1 2252/1420/1 827/3306/1
f 621/3317/1 3526/384/1 2255/1427/1
f 3527/381/1 361/3327/1 2256/1429/1
f 2259/1436/1 2256/1429/1 828/3299/1
f 620/2759/1 3527/381/1 2259/1436/1
f 3528/378/1 619/3564/1 2260/1438/1
f 2263/1445/1 2260/1438/1 829/3295/1
f 459/2992/1 3528/378/1 2263/1445/1
f 3529/375/1 618/3565/1 2264/1447/1
f 2267/1454/1 2264/1447/1 830/3290/1
f 617/3297/1 3529/375/1 2267/1454/1
f 214/2998/3 3692/186/3 1691/186/3
f 1219/2006/3 3668/2998/3 214/2998/3
f 2865/2758/5 3753/2763/5 2661/2763/5
f 3460/577/4 4556/575/4 1104/575/4
f 3530/372/4 4558/370/4 1305/370/4
f 2268/500/4 4653/372/4 3530/372/4
f 1056/112/5 3284/3262/5 79/3262/5
f 1025/1091/5 4604/3172/5 3102/3172/5
f 576/3130/4 4501/1700/4 2387/1700/4
f 3530/372/1 298/3024/1 2268/500/1
f 3102/3172/5 4566/3175/5 2343/3175/5
f 1869/576/2 4649/577/2 3460/577/2
f 2660/3661/4 4343/3567/4 362/3567/4
f 707/2584/4 4420/576/4 1869/576/4
f 3127/3671/3 3285/112/3 1056/112/3
f 3531/2653/1 616/3664/1 2273/1462/1
f 2276/1469/1 2273/1462/1 832/3273/1
f 615/3283/1 3531/2653/1 2276/1469/1
f 3101/1617/4 4561/1615/4 1751/1615/4
f 2659/2766/4 4546/2765/4 929/2765/4
f 2312/1544/5 4606/3671/5 3127/3671/5
f 2344/1616/2 4603/1617/2 3101/1617/2
f 1602/3572/3 3487/3663/3 18/3663/3
f 273/19/3 4330/3570/3 1434/3570/3
f 79/3262/5 4376/1477/5 1649/1477/5
f 196/3115/2 1834/3116/2 1192/3116/2
f 1067/3578/4 4359/3604/4 375/3604/4
f 319/3125/3 4334/3574/3 1480/3574/3
f 1524/2279/5 4351/3672/5 363/3672/5
f 2649/2779/3 4582/2782/3 2875/2782/3
f 3532/369/1 614/2768/1 2279/1471/1
f 2282/1478/1 2279/1471/1 833/3260/1
f 488/3573/1 3532/369/1 2282/1478/1
f 3533/366/1 613/3250/1 2283/1480/1
f 2286/1487/1 2283/1480/1 834/3255/1
f 612/3263/1 3533/366/1 2286/1487/1
f 3534/363/1 297/3189/1 2287/1489/1
f 2290/1496/1 2287/1489/1 835/3249/1
f 611/2770/1 3534/363/1 2290/1496/1
f 3535/360/1 610/2774/1 2291/1498/1
f 2294/1505/1 2291/1498/1 836/3244/1
f 489/3219/1 3535/360/1 2294/1505/1
f 3536/357/1 609/3229/1 2295/1507/1
f 2298/1514/1 2295/1507/1 837/3235/1
f 608/3247/1 3536/357/1 2298/1514/1
f 3537/354/1 365/3256/1 2299/1516/1
f 2302/1523/1 2299/1516/1 838/3228/1
f 607/2776/1 3537/354/1 2302/1523/1
f 3538/351/1 606/2780/1 2303/1525/1
f 2306/1532/1 2303/1525/1 839/3222/1
f 456/3277/1 3538/351/1 2306/1532/1
f 3539/348/1 605/3213/1 2307/1534/1
f 2310/1541/1 2307/1534/1 840/3215/1
f 604/3226/1 3539/348/1 2310/1541/1
f 2405/3576/2 4523/3104/2 865/3104/2
f 2278/3582/3 4488/3270/3 487/3270/3
f 2875/2782/3 4392/1546/3 1762/1546/3
f 1174/3336/2 1799/3341/2 483/3341/2
f 1183/3357/2 1797/3588/2 491/3588/2
f 1654/95/3 1645/97/3 493/97/3
f 3541/3358/1 601/3198/1 2318/1558/1
f 2321/2719/1 2318/1558/1 843/3204/1
f 483/3341/2 2202/2729/2 1644/2729/2
f 3542/3209/1 278/3354/1 2322/1567/1
f 2325/2717/1 2322/1567/1 844/3197/1
f 366/3585/2 2209/2310/2 1527/2310/2
f 3543/337/1 598/2808/1 2326/1576/1
f 2329/1583/1 2326/1576/1 845/3194/1
f 492/3173/1 3543/337/1 2329/1583/1
f 3544/334/1 597/3182/1 2330/1585/1
f 2333/1592/1 2330/1585/1 846/3188/1
f 596/3196/1 3544/334/1 2333/1592/1
f 3545/331/1 368/3205/1 2334/1594/1
f 2337/1601/1 2334/1594/1 847/3181/1
f 595/2810/1 3545/331/1 2337/1601/1
f 3546/328/1 594/2813/1 2338/1603/1
f 2341/1610/1 2338/1603/1 848/3177/1
f 455/3025/1 3546/328/1 2341/1610/1
f 3547/325/1 593/3169/1 2342/1612/1
f 2344/1616/1 2342/1612/1 849/3176/1
f 592/3180/1 3547/325/1 2344/1616/1
f 3548/322/1 369/3587/1 2345/1618/1
f 2348/1625/1 2345/1618/1 850/3168/1
f 591/2815/1 3548/322/1 2348/1625/1
f 2371/1341/3 4208/3152/3 330/3152/3
f 2887/2230/2 4220/339/2 2635/339/2
f 3390/786/4 4227/784/4 1962/784/4
f 2357/1635/4 4257/2793/4 3551/2793/4
f 1656/1573/4 4250/822/4 3377/822/4
f 585/3153/5 4205/1340/5 2370/1340/5
f 3551/2793/1 295/3057/1 2357/1635/1
f 330/3152/5 3621/2800/5 1021/2800/5
f 3088/1644/3 2876/2794/3 1273/2794/3
f 3552/312/1 586/2835/1 2361/1642/1
f 2364/1649/1 2361/1642/1 854/3160/1
f 496/3142/1 3552/312/1 2364/1649/1
f 3377/822/2 3198/412/2 1065/412/2
f 2368/1658/1 2365/1651/1 855/3154/1
f 1964/2784/5 4253/786/5 3390/786/5
f 2370/1340/3 4239/1342/3 3081/1342/3
f 3551/2793/5 4225/2792/5 1456/2792/5
f 584/3163/3 4231/1658/3 2368/1658/3
f 3555/304/1 582/2853/1 2373/1669/1
f 2376/1676/1 2373/1669/1 857/3145/1
f 446/3673/1 3555/304/1 2376/1676/1
f 3556/301/1 581/3132/1 2377/1678/1
f 2380/1685/1 2377/1678/1 858/3138/1
f 580/3149/1 3556/301/1 2380/1685/1
f 3557/298/1 373/3137/1 2381/411/1
f 2384/1694/1 2381/411/1 859/3131/1
f 579/2855/1 3557/298/1 2384/1694/1
f 3558/295/1 578/2859/1 2385/1696/1
f 2388/1703/1 2385/1696/1 860/3129/1
f 499/3605/1 3558/295/1 2388/1703/1
f 3559/292/1 577/3127/1 2389/1705/1
f 2390/3579/1 2389/1705/1 861/3581/1
f 576/3130/1 3559/292/1 2390/3579/1
f 3560/289/1 294/3089/1 2391/1708/1
f 2394/1715/1 2391/1708/1 862/3126/1
f 575/2861/1 3560/289/1 2394/1715/1
f 457/3179/4 4368/3178/4 1618/3178/4
f 1762/1546/5 4393/3674/5 603/3674/5
f 603/3674/3 4496/1547/3 2313/1547/3
f 616/3664/3 781/1463/3 1304/1463/3
f 362/3567/2 4342/3568/2 1523/3568/2
f 841/3212/3 4564/1544/3 2312/1544/3
f 3063/1719/3 4507/3124/3 2395/3124/3
f 2874/3675/3 4531/2779/3 2649/2779/3
f 1305/370/4 4574/2284/4 2867/2284/4
f 3561/286/1 574/2865/1 2397/1720/1
f 2400/1727/1 2397/1720/1 863/3117/1
f 452/3158/1 3561/286/1 2400/1727/1
f 3562/283/1 573/3106/1 2401/1729/1
f 2404/1736/1 2401/1729/1 864/3108/1
f 572/3121/1 3562/283/1 2404/1736/1
f 1765/350/5 4581/3675/5 2874/3675/5
f 2407/1739/1 2405/3576/1 865/3104/1
f 571/2867/1 3563/280/1 2407/1739/1
f 3564/277/1 570/2871/1 2408/1741/1
f 2411/1748/1 2408/1741/1 866/3101/1
f 502/3612/1 3564/277/1 2411/1748/1
f 3565/274/1 569/3095/1 2412/1750/1
f 2415/1757/1 2412/1750/1 867/3098/1
f 568/3103/1 3565/274/1 2415/1757/1
f 3566/271/1 279/3458/1 2416/1759/1
f 2419/1766/1 2416/1759/1 868/3094/1
f 567/2873/1 3566/271/1 2419/1766/1
f 3567/268/1 566/2877/1 2420/1768/1
f 2423/1775/1 2420/1768/1 869/3091/1
f 503/3079/1 3567/268/1 2423/1775/1
f 3568/265/1 565/3085/1 2424/1777/1
f 2427/1784/1 2424/1777/1 870/3088/1
f 564/3093/1 3568/265/1 2427/1784/1
f 3569/262/1 378/3099/1 2428/1786/1
f 2431/1793/1 2428/1786/1 871/3084/1
f 563/2879/1 3569/262/1 2431/1793/1
f 3570/259/1 562/2883/1 2432/1795/1
f 2435/1802/1 2432/1795/1 872/3081/1
f 451/3058/1 3570/259/1 2435/1802/1
f 3571/256/1 561/3074/1 2436/1804/1
f 2439/1811/1 2436/1804/1 873/3077/1
f 560/3083/1 3571/256/1 2439/1811/1
f 3572/253/1 379/3611/1 2440/1813/1
f 2443/1820/1 2440/1813/1 874/3073/1
f 559/2885/1 3572/253/1 2443/1820/1
f 3573/250/1 558/2889/1 2444/1822/1
f 2447/1829/1 2444/1822/1 875/3070/1
f 506/3620/1 3573/250/1 2447/1829/1
f 3574/247/1 557/3064/1 2448/1831/1
f 2451/1838/1 2448/1831/1 876/3067/1
f 556/3072/1 3574/247/1 2451/1838/1
f 3575/244/1 291/3506/1 2452/1840/1
f 2455/1847/1 2452/1840/1 877/3063/1
f 555/2891/1 3575/244/1 2455/1847/1
f 3576/241/1 554/2895/1 2456/1849/1
f 2459/1856/1 2456/1849/1 878/3060/1
f 507/3046/1 3576/241/1 2459/1856/1
f 3577/238/1 553/3053/1 2460/1858/1
f 2463/1865/1 2460/1858/1 879/3056/1
f 552/3062/1 3577/238/1 2463/1865/1
f 3578/235/1 382/3068/1 2464/1867/1
f 2467/1874/1 2464/1867/1 880/3052/1
f 551/2897/1 3578/235/1 2467/1874/1
f 3579/232/1 550/2901/1 2468/1876/1
f 2471/1883/1 2468/1876/1 881/3048/1
f 434/3676/1 3579/232/1 2471/1883/1
f 3580/229/1 549/3041/1 2472/1885/1
f 2475/1892/1 2472/1885/1 882/3044/1
f 548/3051/1 3580/229/1 2475/1892/1
f 3581/226/1 383/3619/1 2476/1894/1
f 2479/1901/1 2476/1894/1 883/3040/1
f 547/2903/1 3581/226/1 2479/1901/1
f 3582/223/1 546/2907/1 2480/1903/1
f 2483/1910/1 2480/1903/1 884/3037/1
f 510/3630/1 3582/223/1 2483/1910/1
f 3583/220/1 545/3031/1 2484/1912/1
f 2487/1919/1 2484/1912/1 885/3034/1
f 544/3039/1 3583/220/1 2487/1919/1
f 3584/217/1 290/3393/1 2488/1921/1
f 2491/1928/1 2488/1921/1 886/3030/1
f 543/2909/1 3584/217/1 2491/1928/1
f 3585/214/1 542/2913/1 2492/1930/1
f 2495/1937/1 2492/1930/1 887/3027/1
f 511/3013/1 3585/214/1 2495/1937/1
f 3586/211/1 541/3020/1 2496/1939/1
f 2499/1946/1 2496/1939/1 888/3023/1
f 540/3029/1 3586/211/1 2499/1946/1
f 3587/208/1 386/3035/1 2500/1948/1
f 2503/1955/1 2500/1948/1 889/3019/1
f 539/2915/1 3587/208/1 2503/1955/1
f 3588/205/1 538/2919/1 2504/1957/1
f 2507/1964/1 2504/1957/1 890/3015/1
f 437/3090/1 3588/205/1 2507/1964/1
f 3589/202/1 537/3008/1 2508/1966/1
f 2511/1973/1 2508/1966/1 891/3011/1
f 536/3018/1 3589/202/1 2511/1973/1
f 3590/199/1 387/3629/1 2512/1975/1
f 2515/1982/1 2512/1975/1 892/3007/1
f 535/2921/1 3590/199/1 2515/1982/1
f 3591/196/1 534/2925/1 2516/1984/1
f 2519/1991/1 2516/1984/1 893/3003/1
f 514/3641/1 3591/196/1 2519/1991/1
f 3592/193/1 533/3000/1 2520/1993/1
f 2972/1989/2 3662/2099/2 1207/2099/2
f 3182/1392/4 3750/1390/4 2238/1390/4
f 3593/190/1 283/3677/1 2521/1996/1
f 2524/2003/1 2521/1996/1 894/2999/1
f 532/2927/1 3593/190/1 2524/2003/1
f 3503/451/2 3878/1234/2 2165/1234/2
f 1511/3433/4 3804/3435/4 171/3435/4
f 1512/450/2 3936/451/2 3503/451/2
f 3594/187/1 530/3287/1 2529/2014/1
f 2532/2021/1 2529/2014/1 896/2990/1
f 529/2997/1 3594/187/1 2532/2021/1
f 2238/1390/4 3784/396/4 3522/396/4
f 1218/2015/3 3666/2994/3 155/2994/3
f 2518/1988/2 3768/1989/2 2972/1989/2
f 805/3410/3 3870/1228/3 2163/1228/3
f 389/3422/4 3830/3639/4 1550/3639/4
f 211/3640/4 3807/3644/4 1208/3644/4
f 3502/454/2 3872/1231/2 2164/1231/2
f 528/2989/3 3890/2033/3 2538/2033/3
f 1814/453/2 3935/454/2 3502/454/2
f 898/2982/3 3888/2030/3 2537/2030/3
f 2528/2012/3 3881/2995/3 895/2995/3
f 1208/3644/4 3837/3425/4 517/3425/4
f 3595/184/1 527/2933/1 2539/2035/1
f 2542/2042/1 2539/2035/1 899/2979/1
f 518/3651/1 3595/184/1 2542/2042/1
f 3596/181/1 526/2972/1 2543/2044/1
f 2546/2051/1 2543/2044/1 900/2975/1
f 525/2981/1 3596/181/1 2546/2051/1
f 3597/178/1 287/3678/1 2547/2053/1
f 2550/2060/1 2547/2053/1 901/2971/1
f 524/2935/1 3597/178/1 2550/2060/1
f 3601/3652/3 4010/2980/3 2563/2980/3
f 2554/2066/1 2551/2947/1 902/2967/1
f 519/2944/1 3598/2946/1 2554/2066/1
f 522/2940/2 4008/3543/2 2559/3543/2
f 2558/2072/1 2555/3650/1 903/2961/1
f 523/2969/1 3599/3541/1 2558/2072/1
f 906/2938/2 4018/2939/2 2568/2939/2
f 2567/3679/2 4019/2938/2 906/2938/2
f 2544/2047/4 4059/2052/4 2951/2052/4
f 3600/175/1 522/2940/1 2559/3543/1
f 2562/2078/1 2559/3543/1 904/2950/1
f 430/3680/1 3600/175/1 2562/2078/1
f 3242/3419/3 3971/452/3 1342/452/3
f 2566/2084/1 2563/2980/1 905/2942/1
f 521/2953/1 3601/3652/1 2566/2084/1
f 2555/3650/3 4057/2966/3 2944/2966/3
f 2954/2043/4 4032/2041/4 1679/2041/4
f 520/2976/2 4016/3679/2 2567/3679/2
f 3602/172/1 520/2976/1 2567/3679/1
f 2569/2087/1 2567/3679/1 906/2938/1
f 309/3681/1 3602/172/1 2569/2087/1
f 1210/2948/3 4070/2946/3 3598/2946/3
f 3431/663/4 4037/661/4 1907/661/4
f 2944/2966/3 3950/2965/3 1155/2965/3
f 3603/169/1 410/3682/1 2570/2089/1
f 2573/2096/1 2570/2089/1 907/2932/1
f 390/3647/1 3603/169/1 2573/2096/1
f 1550/3639/4 3808/3640/4 211/3640/4
f 76/3423/4 3795/3539/4 1043/3539/4
f 1043/3539/4 3827/3537/4 351/3537/4
f 46/3438/4 3794/3437/4 1042/3437/4
f 1042/3437/4 3825/3434/4 350/3434/4
f 2525/2005/5 3845/2930/5 531/2930/5
f 3604/166/1 406/3683/1 2577/2104/1
f 2580/2111/1 2577/2104/1 909/2924/1
f 388/3636/1 3604/166/1 2580/2111/1
f 3605/163/1 513/3632/1 2581/2113/1
f 2584/2120/1 2581/2113/1 910/2918/1
f 315/3086/1 3605/163/1 2584/2120/1
f 3606/160/1 512/3038/1 2585/2122/1
f 2588/2129/1 2585/2122/1 911/2912/1
f 385/3009/1 3606/160/1 2588/2129/1
f 3607/157/1 412/3396/1 2589/2131/1
f 2592/2138/1 2589/2131/1 912/2906/1
f 384/3627/1 3607/157/1 2592/2138/1
f 3608/154/1 509/3622/1 2593/2140/1
f 2596/2147/1 2593/2140/1 913/2900/1
f 313/3684/1 3608/154/1 2596/2147/1
f 3609/151/1 508/3071/1 2597/2149/1
f 2600/2156/1 2597/2149/1 914/2894/1
f 381/3042/1 3609/151/1 2600/2156/1
f 3610/148/1 413/3508/1 2601/2158/1
f 2604/2165/1 2601/2158/1 915/2888/1
f 380/3617/1 3610/148/1 2604/2165/1
f 3611/145/1 505/3614/1 2605/2167/1
f 2608/2174/1 2605/2167/1 916/2882/1
f 329/3054/1 3611/145/1 2608/2174/1
f 3612/142/1 504/3102/1 2609/2176/1
f 2612/2183/1 2609/2176/1 917/2876/1
f 377/3075/1 3612/142/1 2612/2183/1
f 3613/139/1 402/3461/1 2613/2185/1
f 2616/2192/1 2613/2185/1 918/2870/1
f 376/3609/1 3613/139/1 2616/2192/1
f 3614/2802/1 501/3165/1 2617/2194/1
f 2620/2201/1 2617/2194/1 919/2864/1
f 330/3152/1 3614/2802/1 2620/2201/1
f 2396/1718/2 4595/1719/2 3063/1719/2
f 2867/2284/2 4547/2766/2 2659/2766/2
f 964/18/3 4331/19/3 273/19/3
f 3615/134/1 416/3092/1 2621/2203/1
f 2624/2210/1 2621/2203/1 920/2858/1
f 374/3602/1 3615/134/1 2624/2210/1
f 3616/131/1 498/3597/1 2625/2212/1
f 2628/2219/1 2625/2212/1 921/2852/1
f 324/3685/1 3616/131/1 2628/2219/1
f 2365/1651/5 842/3153/5 585/3153/5
f 1275/1643/2 4241/1644/2 3088/1644/2
f 1963/2783/3 4252/2785/3 3389/2785/3
f 3618/125/1 417/3061/1 2633/2228/1
f 2636/2235/1 2633/2228/1 923/2818/1
f 370/3594/1 3618/125/1 2636/2235/1
f 3619/122/1 494/3590/1 2637/2237/1
f 2640/2244/1 2637/2237/1 924/2812/1
f 333/3021/1 3619/122/1 2640/2244/1
f 3620/119/1 493/97/1 2641/2246/1
f 2644/2253/1 2641/2246/1 925/2807/1
f 367/3170/1 3620/119/1 2644/2253/1
f 491/3588/2 1798/2720/2 1652/2720/2
f 189/406/3 4162/330/3 1529/330/3
f 80/3171/3 1796/95/3 1654/95/3
f 487/3270/3 4472/1460/3 2272/1460/3
f 865/3104/2 4522/3105/2 2406/3105/2
f 35/3026/4 3402/501/4 989/501/4
f 3622/114/1 490/3261/1 2650/2264/1
f 2653/2271/1 2650/2264/1 927/2773/1
f 364/3214/1 3622/114/1 2653/2271/1
f 3623/111/1 419/3195/1 2654/2273/1
f 2657/2280/1 2654/2273/1 928/2767/1
f 363/3672/1 3623/111/1 2657/2280/1
f 2406/3105/3 4587/3107/3 3056/3107/3
f 138/3575/3 2710/3662/3 1134/3662/3
f 1180/367/5 1843/2769/5 184/2769/5
f 1396/1076/4 4421/2584/4 707/2584/4
f 3056/3107/2 1628/1730/2 1262/1730/2
f 831/3280/5 4471/3580/5 2269/3580/5
f 3624/108/1 420/3028/1 2658/2282/1
f 2660/3661/1 2658/2282/1 929/2765/1
f 362/3567/1 3624/108/1 2660/3661/1
f 155/2994/3 3700/377/3 1779/377/3
f 2239/3332/5 3775/1392/5 3182/1392/5
f 236/3298/3 3698/374/3 1778/374/3
f 1308/1439/3 3673/3298/3 236/3298/3
f 1307/1448/3 3671/3294/3 182/3294/3
f 1783/386/3 3703/3286/3 623/3286/3
f 3625/105/1 394/3686/1 2662/2285/1
f 2665/2292/1 2662/2285/1 930/2752/1
f 360/3562/1 3625/105/1 2665/2292/1
f 3626/102/1 485/3558/1 2666/2294/1
f 2669/2301/1 2666/2294/1 931/2746/1
f 335/3390/1 3626/102/1 2669/2301/1
f 2858/2745/3 4089/2744/3 1321/2744/3
f 2673/2308/1 2670/3376/1 932/2735/1
f 357/3335/1 3627/3375/1 2673/2308/1
f 3518/3669/3 4130/1354/3 2222/1354/3
f 69/3293/4 4077/905/4 1028/905/4
f 1049/3338/3 4155/3375/3 3627/3375/3
f 3629/94/1 481/3551/1 2678/2312/1
f 2681/2319/1 2678/2312/1 934/2709/1
f 326/3455/1 3629/94/1 2681/2319/1
f 3630/91/1 480/3405/1 2682/2321/1
f 2685/2328/1 2682/2321/1 935/2703/1
f 353/3379/1 3630/91/1 2685/2328/1
f 3631/88/1 423/2996/1 2686/2330/1
f 2689/2337/1 2686/2330/1 936/2697/1
f 352/3546/1 3631/88/1 2689/2337/1
f 1155/2965/3 4069/2956/3 3501/2956/3
f 2540/2038/4 4061/2043/4 2954/2043/4
f 2551/2947/3 4058/2958/3 2947/2958/3
f 436/3407/3 3885/2027/3 2535/2027/3
f 897/2986/3 3883/2024/3 2534/2024/3
f 2157/1219/3 3863/3420/3 803/3420/3
f 3632/85/1 398/3687/1 2690/2339/1
f 2693/2346/1 2690/2339/1 937/2691/1
f 349/3534/1 3632/85/1 2693/2346/1
f 3633/82/1 474/3530/1 2694/2348/1
f 2697/2355/1 2694/2348/1 938/2685/1
f 338/3503/1 3633/82/1 2697/2355/1
f 3634/79/1 473/3470/1 2698/2357/1
f 2701/2364/1 2698/2357/1 939/2679/1
f 346/3444/1 3634/79/1 2701/2364/1
f 3635/76/1 426/3427/1 2702/2366/1
f 2705/2373/1 2702/2366/1 940/2673/1
f 345/3525/1 3635/76/1 2705/2373/1
f 3636/73/1 470/3520/1 2706/2375/1
f 2709/2381/1 2706/2375/1 941/2663/1
f 320/3688/1 3636/73/1 2709/2381/1
f 2082/1052/5 4311/2822/5 3300/2822/5
f 782/3494/4 228/2824/4 2075/2824/4
f 3313/1011/2 2353/492/2 1505/492/2
f 3638/67/1 427/2968/1 2714/2392/1
f 2717/2398/1 2714/2392/1 943/2625/1
f 341/3518/1 3638/67/1 2717/2398/1
f 3639/64/1 466/2951/1 2718/2399/1
f 2721/2406/1 2718/2399/1 944/2619/1
f 282/3689/1 3639/64/1 2721/2406/1
f 3640/61/1 465/3417/1 2722/2408/1
f 2725/2415/1 2722/2408/1 945/2613/1
f 304/3512/1 3640/61/1 2725/2415/1
f 3641/58/1 435/3690/1 2726/2417/1
f 2729/2424/1 2726/2417/1 946/2607/1
f 303/2973/1 3641/58/1 2729/2424/1
f 3642/55/1 462/2987/1 2730/2426/1
f 2733/2433/1 2730/2426/1 947/2601/1
f 288/3465/1 3642/55/1 2733/2433/1
f 3643/52/1 461/3296/1 2734/2435/1
f 2737/2442/1 2734/2435/1 948/2595/1
f 300/3400/1 3643/52/1 2737/2442/1
f 3644/49/1 431/3691/1 2738/2444/1
f 2741/2451/1 2738/2444/1 949/2589/1
f 299/3001/1 3644/49/1 2741/2451/1
f 3645/46/1 458/3016/1 2742/2453/1
f 2745/2460/1 2742/2453/1 950/2583/1
f 289/3128/1 3645/46/1 2745/2460/1
f 2313/1547/3 4497/3212/3 841/3212/3
f 363/3672/5 4555/109/5 1055/109/5
f 3069/1701/4 4567/1699/4 2386/1699/4
f 3646/43/1 438/3343/1 2746/2462/1
f 2749/2469/1 2746/2462/1 951/2577/1
f 296/3032/1 3646/43/1 2749/2469/1
f 3647/40/1 454/3049/1 2750/2471/1
f 2753/2478/1 2750/2471/1 952/2571/1
f 286/3692/1 3647/40/1 2753/2478/1
f 3648/37/1 453/3082/1 2754/2480/1
f 2757/2487/1 2754/2480/1 953/2564/1
f 293/3166/1 3648/37/1 2757/2487/1
f 3649/34/1 439/3451/1 2758/2489/1
f 2761/2496/1 2758/2489/1 954/2558/1
f 292/3065/1 3649/34/1 2761/2496/1
f 3650/31/1 450/3498/1 2762/2498/1
f 2765/2505/1 2762/2498/1 955/2552/1
f 274/21/1 3650/31/1 2765/2505/1
f 3651/29/1 449/3386/1 2766/2507/1
f 2769/2514/1 2766/2507/1 956/2546/1
f 277/3096/1 3651/29/1 2769/2514/1
f 3652/26/1 443/3693/1 2770/2516/1
f 2773/2523/1 2770/2516/1 957/2540/1
f 276/3430/1 3652/26/1 2773/2523/1
f 3653/3/1 447/3694/1 2774/2525/1
f 2777/2532/1 2774/2525/1 958/2534/1
f 270/3695/1 3653/3/1 2777/2532/1
f 3656/3696/1 3686/3697/1 3789/3698/1
f 3654/3699/1 3688/3700/1 3788/3701/1
f 3664/3702/1 3680/3703/1 3787/3704/1
f 3669/3705/1 3678/3706/1 3785/3707/1
f 3706/3708/1 3708/3709/1 3780/3710/1
f 3682/3711/1 3709/3712/1 3779/3713/1
f 3710/3714/1 3712/3715/1 3777/3716/1
f 3704/3717/1 3713/3718/1 3776/3719/1
f 3714/3720/1 3751/3332/1 3774/3289/1
f 3684/3721/1 3716/3722/1 3773/3723/1
f 3717/3724/1 3658/3725/1 3772/3726/1
f 3718/3727/1 3720/3728/1 3771/3729/1
f 3696/3730/1 3721/3731/1 3770/3732/1
f 3723/3733/1 3725/3734/1 3766/3735/1
f 3694/3736/1 3726/3737/1 3765/3738/1
f 3727/3739/1 3659/3740/1 3764/3741/1
f 3728/3742/1 3730/3743/1 3763/3744/1
f 3690/3745/1 3731/3746/1 3762/3747/1
f 3733/3748/1 3660/3749/1 3759/3750/1
f 3734/3751/1 3736/3752/1 3758/3753/1
f 3674/3754/1 3737/3755/1 3757/3756/1
f 3738/3757/1 3744/3288/1 3756/2761/1
f 3739/3758/1 3753/2763/1 3755/2758/1
f 3676/3759/1 3741/3760/1 3754/3761/1
f 3754/3761/1 3740/3762/1 3739/3758/1
f 3702/386/1 3739/3758/1 3703/3286/1
f 3671/3294/1 3754/3761/1 3702/386/1
f 3703/3286/1 3755/2758/1 3746/1412/1
f 3740/3762/1 3756/2761/1 3753/2763/1
f 3757/3756/1 3735/3763/1 3734/3751/1
f 3700/377/1 3734/3751/1 3701/3564/1
f 3666/2994/1 3757/3756/1 3700/377/1
f 3758/3753/1 3697/3764/1 3696/3730/1
f 3672/1439/1 3696/3730/1 3673/3298/1
f 3701/3564/1 3758/3753/1 3672/1439/1
f 3759/3750/1 3661/3765/1 3669/3705/1
f 3736/3752/1 3669/3705/1 3697/3764/1
f 3735/3763/1 3759/3750/1 3736/3752/1
f 3760/2103/1 3691/3766/1 3690/3745/1
f 3667/2006/1 3690/3745/1 3668/2998/1
f 3761/2100/1 3663/3767/1 3664/3702/1
f 3732/2102/1 3664/3702/1 3691/3766/1
f 3762/3747/1 3729/3768/1 3728/3742/1
f 3692/186/1 3728/3742/1 3693/3287/1
f 3668/2998/1 3762/3747/1 3692/186/1
f 3763/3744/1 3675/3769/1 3674/3754/1
f 3665/2015/1 3674/3754/1 3666/2994/1
f 3693/3287/1 3763/3744/1 3665/2015/1
f 3764/3741/1 3655/3770/1 3654/3699/1
f 3730/3743/1 3654/3699/1 3675/3769/1
f 3729/3768/1 3764/3741/1 3730/3743/1
f 3765/3738/1 3724/3771/1 3723/3733/1
f 3680/3703/1 3723/3733/1 3681/3772/1
f 3663/3767/1 3765/3738/1 3680/3703/1
f 3766/3735/1 3683/3773/1 3682/3711/1
f 3659/3740/1 3682/3711/1 3655/3770/1
f 3681/3772/1 3766/3735/1 3659/3740/1
f 3725/3734/1 3742/569/1 3683/3773/1
f 3724/3771/1 3767/1995/1 3725/3734/1
f 3768/1989/1 3695/3774/1 3694/3736/1
f 3662/2099/1 3694/3736/1 3663/3767/1
f 3722/1988/1 3745/191/1 3695/3774/1
f 3770/3732/1 3719/3775/1 3718/3727/1
f 3698/374/1 3718/3727/1 3699/3565/1
f 3673/3298/1 3770/3732/1 3698/374/1
f 3771/3729/1 3677/3776/1 3676/3759/1
f 3670/1448/1 3676/3759/1 3671/3294/1
f 3699/3565/1 3771/3729/1 3670/1448/1
f 3772/3726/1 3657/3777/1 3656/3696/1
f 3720/3728/1 3656/3696/1 3677/3776/1
f 3719/3775/1 3772/3726/1 3720/3728/1
f 3773/3723/1 3715/3778/1 3714/3720/1
f 3686/3697/1 3714/3720/1 3687/3779/1
f 3657/3777/1 3773/3723/1 3686/3697/1
f 3687/3779/1 3774/3289/1 3744/3288/1
f 3715/3778/1 3775/1392/1 3751/3332/1
f 3776/3719/1 3711/3780/1 3710/3714/1
f 3678/3706/1 3710/3714/1 3679/3781/1
f 3661/3765/1 3776/3719/1 3678/3706/1
f 3777/3716/1 3685/3782/1 3684/3721/1
f 3658/3725/1 3684/3721/1 3657/3777/1
f 3679/3781/1 3777/3716/1 3658/3725/1
f 3712/3715/1 3743/394/1 3685/3782/1
f 3711/3780/1 3778/876/1 3712/3715/1
f 3779/3713/1 3707/3783/1 3706/3708/1
f 3688/3700/1 3706/3708/1 3689/3784/1
f 3655/3770/1 3779/3713/1 3688/3700/1
f 3780/3710/1 3705/3785/1 3704/3717/1
f 3660/3749/1 3704/3717/1 3661/3765/1
f 3689/3784/1 3780/3710/1 3660/3749/1
f 3708/3709/1 3747/566/1 3705/3785/1
f 3707/3783/1 3781/873/1 3708/3709/1
f 3709/3712/1 3748/871/1 3707/3783/1
f 3683/3773/1 3782/571/1 3709/3712/1
f 3713/3718/1 3749/874/1 3711/3780/1
f 3705/3785/1 3783/568/1 3713/3718/1
f 3716/3722/1 3750/1390/1 3715/3778/1
f 3685/3782/1 3784/396/1 3716/3722/1
f 3785/3707/1 3679/3781/1 3717/3724/1
f 3721/3731/1 3717/3724/1 3719/3775/1
f 3697/3764/1 3785/3707/1 3721/3731/1
f 3726/3737/1 3752/1993/1 3724/3771/1
f 3695/3774/1 3786/193/1 3726/3737/1
f 3787/3704/1 3681/3772/1 3727/3739/1
f 3731/3746/1 3727/3739/1 3729/3768/1
f 3691/3766/1 3787/3704/1 3731/3746/1
f 3788/3701/1 3689/3784/1 3733/3748/1
f 3737/3755/1 3733/3748/1 3735/3763/1
f 3675/3769/1 3788/3701/1 3737/3755/1
f 3789/3698/1 3687/3779/1 3738/3757/1
f 3741/3760/1 3738/3757/1 3740/3762/1
f 3677/3776/1 3789/3698/1 3741/3760/1
f 3792/3786/1 3832/3409/1 3943/3787/1
f 3796/3788/1 3834/3004/1 3942/3789/1
f 3790/3790/1 3836/3426/1 3941/3791/1
f 3809/3792/1 3830/3639/1 3940/3793/1
f 3810/3794/1 3840/3795/1 3939/3796/1
f 3799/3797/1 3842/3798/1 3938/3799/1
f 3805/3800/1 3844/3801/1 3937/3802/1
f 3815/3803/1 3824/3433/1 3934/3804/1
f 3816/3805/1 3850/3806/1 3933/3807/1
f 3801/3808/1 3852/3809/1 3932/3810/1
f 3854/3811/1 3819/3812/1 3931/3813/1
f 3859/3814/1 3818/3815/1 3930/3816/1
f 3864/3817/1 3794/3437/1 3929/3818/1
f 3865/3819/1 3867/3820/1 3928/3821/1
f 3848/3822/1 3868/3823/1 3927/3824/1
f 3869/3825/1 3814/3826/1 3926/3827/1
f 3874/3828/1 3795/3539/1 3925/3829/1
f 3875/3830/1 3877/3831/1 3924/3832/1
f 3882/3833/1 3813/3834/1 3922/3835/1
f 3887/3836/1 3812/3837/1 3921/3838/1
f 3892/3839/1 3798/3421/1 3920/3840/1
f 3893/3841/1 3895/3842/1 3919/3843/1
f 3838/3844/1 3896/3845/1 3918/3846/1
f 3897/3847/1 3807/3644/1 3917/3848/1
f 3898/3849/1 3900/3850/1 3916/3851/1
f 3820/3852/1 3901/3853/1 3915/3854/1
f 3828/3855/1 3905/3856/1 3914/3857/1
f 3906/3858/1 3803/3441/1 3913/3859/1
f 3907/3860/1 3909/3861/1 3912/3862/1
f 3822/3863/1 3910/3864/1 3911/3865/1
f 3911/3865/1 3908/3866/1 3907/3860/1
f 3852/3809/1 3907/3860/1 3853/3867/1
f 3802/3868/1 3911/3865/1 3852/3809/1
f 3912/3862/1 3849/3869/1 3848/3822/1
f 3819/3812/1 3848/3822/1 3817/3870/1
f 3853/3867/1 3912/3862/1 3819/3812/1
f 3913/3859/1 3804/3435/1 3815/3803/1
f 3909/3861/1 3815/3803/1 3849/3869/1
f 3908/3866/1 3913/3859/1 3909/3861/1
f 3914/3857/1 3904/2931/1 3903/2101/1
f 3844/3801/1 3903/2101/1 3845/2930/1
f 3806/3871/1 3914/3857/1 3844/3801/1
f 3915/3854/1 3899/3872/1 3898/3849/1
f 3842/3798/1 3898/3849/1 3843/3873/1
f 3800/3874/1 3915/3854/1 3842/3798/1
f 3916/3851/1 3839/3875/1 3838/3844/1
f 3813/3834/1 3838/3844/1 3811/3876/1
f 3843/3873/1 3916/3851/1 3813/3834/1
f 3917/3848/1 3808/3640/1 3809/3792/1
f 3900/3850/1 3809/3792/1 3839/3875/1
f 3899/3872/1 3917/3848/1 3900/3850/1
f 3918/3846/1 3894/3877/1 3893/3841/1
f 3840/3795/1 3893/3841/1 3841/3878/1
f 3811/3876/1 3918/3846/1 3840/3795/1
f 3919/3843/1 3829/3879/1 3828/3855/1
f 3812/3837/1 3828/3855/1 3806/3871/1
f 3841/3878/1 3919/3843/1 3812/3837/1
f 3920/3840/1 3797/3006/1 3796/3788/1
f 3895/3842/1 3796/3788/1 3829/3879/1
f 3894/3877/1 3920/3840/1 3895/3842/1
f 3921/3838/1 3806/3871/1 3805/3800/1
f 3888/2030/1 3805/3800/1 3889/2984/1
f 3891/2982/1 3921/3838/1 3888/2030/1
f 3922/3835/1 3811/3876/1 3810/3794/1
f 3883/2024/1 3810/3794/1 3884/2989/1
f 3886/2986/1 3922/3835/1 3883/2024/1
f 3923/1235/1 3876/3880/1 3875/3830/1
f 3846/453/1 3875/3830/1 3847/3881/1
f 3924/3832/1 3823/3882/1 3822/3863/1
f 3814/3826/1 3822/3863/1 3802/3868/1
f 3847/3881/1 3924/3832/1 3814/3826/1
f 3925/3829/1 3793/3423/1 3792/3786/1
f 3877/3831/1 3792/3786/1 3823/3882/1
f 3876/3880/1 3925/3829/1 3877/3831/1
f 3926/3827/1 3802/3868/1 3801/3808/1
f 3870/1228/1 3801/3808/1 3871/3412/1
f 3873/3410/1 3926/3827/1 3870/1228/1
f 3927/3824/1 3866/3883/1 3865/3819/1
f 3850/3806/1 3865/3819/1 3851/3884/1
f 3817/3870/1 3927/3824/1 3850/3806/1
f 3928/3821/1 3821/3885/1 3820/3852/1
f 3818/3815/1 3820/3852/1 3800/3874/1
f 3851/3884/1 3928/3821/1 3818/3815/1
f 3929/3818/1 3791/3438/1 3790/3790/1
f 3867/3820/1 3790/3790/1 3821/3885/1
f 3866/3883/1 3929/3818/1 3867/3820/1
f 3930/3816/1 3800/3874/1 3799/3797/1
f 3860/1216/1 3799/3797/1 3861/3407/1
f 3863/3420/1 3930/3816/1 3860/1216/1
f 3931/3813/1 3817/3870/1 3816/3805/1
f 3855/1210/1 3816/3805/1 3856/3414/1
f 3858/3415/1 3931/3813/1 3855/1210/1
f 3932/3810/1 3853/3867/1 3854/3811/1
f 3857/1213/1 3854/3811/1 3858/3415/1
f 3871/3412/1 3932/3810/1 3857/1213/1
f 3933/3807/1 3851/3884/1 3859/3814/1
f 3862/1219/1 3859/3814/1 3863/3420/1
f 3856/3414/1 3933/3807/1 3862/1219/1
f 3934/3804/1 3825/3434/1 3864/3817/1
f 3868/3823/1 3864/3817/1 3866/3883/1
f 3849/3869/1 3934/3804/1 3868/3823/1
f 3935/454/1 3847/3881/1 3869/3825/1
f 3872/1231/1 3869/3825/1 3873/3410/1
f 3936/451/1 3827/3537/1 3874/3828/1
f 3878/1234/1 3874/3828/1 3876/3880/1
f 3937/3802/1 3845/2930/1 3879/2005/1
f 3880/2012/1 3879/2005/1 3881/2995/1
f 3889/2984/1 3937/3802/1 3880/2012/1
f 3938/3799/1 3843/3873/1 3882/3833/1
f 3885/2027/1 3882/3833/1 3886/2986/1
f 3861/3407/1 3938/3799/1 3885/2027/1
f 3939/3796/1 3841/3878/1 3887/3836/1
f 3890/2033/1 3887/3836/1 3891/2982/1
f 3884/2989/1 3939/3796/1 3890/2033/1
f 3940/3793/1 3831/3422/1 3892/3839/1
f 3896/3845/1 3892/3839/1 3894/3877/1
f 3839/3875/1 3940/3793/1 3896/3845/1
f 3941/3791/1 3837/3425/1 3897/3847/1
f 3901/3853/1 3897/3847/1 3899/3872/1
f 3821/3885/1 3941/3791/1 3901/3853/1
f 3942/3789/1 3835/3005/1 3902/2098/1
f 3905/3856/1 3902/2098/1 3904/2931/1
f 3829/3879/1 3942/3789/1 3905/3856/1
f 3943/3787/1 3833/3408/1 3906/3858/1
f 3910/3864/1 3906/3858/1 3908/3866/1
f 3823/3882/1 3943/3787/1 3910/3864/1
f 3944/3886/1 3982/3887/1 4076/3888/1
f 3946/3889/1 3984/3890/1 4075/3891/1
f 3960/3892/1 3980/3893/1 4074/3894/1
f 3961/2954/1 3988/3895/1 4073/3652/1
f 3965/3896/1 3978/3897/1 4072/3898/1
f 3966/2959/1 3992/3899/1 4071/3541/1
f 3954/2948/1 3994/3900/1 4070/2946/1
f 3950/2965/1 3998/3901/1 4069/2956/1
f 4000/2957/1 3973/3902/1 4063/3419/1
f 4001/2947/1 3969/3903/1 4058/2958/1
f 4002/3650/1 3968/3904/1 4057/2966/1
f 4003/3905/1 3948/3906/1 4056/3907/1
f 4004/3908/1 4006/3909/1 4055/3910/1
f 3990/3911/1 4007/3912/1 4054/3913/1
f 4008/3543/1 3964/3914/1 4053/2955/1
f 4010/2980/1 3963/3915/1 4052/2949/1
f 4011/3916/1 3949/3917/1 4051/3918/1
f 4012/3919/1 4014/3920/1 4050/3921/1
f 3986/3922/1 4015/3923/1 4049/3924/1
f 4016/3679/1 3958/3925/1 4048/3926/1
f 4018/2939/1 4020/3927/1 4047/3928/1
f 4021/3929/1 3956/3930/1 4046/3931/1
f 4022/3932/1 4024/3933/1 4045/3934/1
f 3976/3935/1 4025/3936/1 4044/3937/1
f 4026/3938/1 3952/3939/1 4043/3940/1
f 4027/3941/1 4029/3942/1 4042/3943/1
f 3974/3944/1 4030/3945/1 4041/3946/1
f 4041/3946/1 4028/3947/1 4027/3941/1
f 3998/3901/1 4027/3941/1 3999/3948/1
f 3951/3949/1 4041/3946/1 3998/3901/1
f 4042/3943/1 3997/2978/1 3996/1233/1
f 3973/3902/1 3996/1233/1 3972/2960/1
f 3999/3948/1 4042/3943/1 3973/3902/1
f 4043/3940/1 3953/2970/1 3970/449/1
f 4029/3942/1 3970/449/1 3997/2978/1
f 4028/3947/1 4043/3940/1 4029/3942/1
f 4044/3937/1 4023/3950/1 4022/3932/1
f 3994/3900/1 4022/3932/1 3995/3951/1
f 3955/3952/1 4044/3937/1 3994/3900/1
f 4045/3934/1 3991/3953/1 3990/3911/1
f 3969/3903/1 3990/3911/1 3967/3954/1
f 3995/3951/1 4045/3934/1 3969/3903/1
f 4046/3931/1 3957/3955/1 3965/3896/1
f 4024/3933/1 3965/3896/1 3991/3953/1
f 4023/3950/1 4046/3931/1 4024/3933/1
f 4047/3928/1 3987/3956/1 3986/3922/1
f 3964/3914/1 3986/3922/1 3962/3957/1
f 4009/2940/1 4047/3928/1 3964/3914/1
f 4048/3926/1 3959/3958/1 3960/3892/1
f 4020/3927/1 3960/3892/1 3987/3956/1
f 4019/2938/1 4048/3926/1 4020/3927/1
f 4049/3924/1 4013/3959/1 4012/3919/1
f 3988/3895/1 4012/3919/1 3989/3960/1
f 3962/3957/1 4049/3924/1 3988/3895/1
f 4050/3921/1 3977/3961/1 3976/3935/1
f 3963/3915/1 3976/3935/1 3955/3952/1
f 3989/3960/1 4050/3921/1 3963/3915/1
f 4051/3918/1 3947/3962/1 3946/3889/1
f 4014/3920/1 3946/3889/1 3977/3961/1
f 4013/3959/1 4051/3918/1 4014/3920/1
f 4052/2949/1 3955/3952/1 3954/2948/1
f 4053/2955/1 3962/3957/1 3961/2954/1
f 4054/3913/1 4005/3963/1 4004/3908/1
f 3992/3899/1 4004/3908/1 3993/3964/1
f 3967/3954/1 4054/3913/1 3992/3899/1
f 4055/3910/1 3975/3965/1 3974/3944/1
f 3968/3904/1 3974/3944/1 3951/3949/1
f 3993/3964/1 4055/3910/1 3968/3904/1
f 4056/3907/1 3945/3966/1 3944/3886/1
f 4006/3909/1 3944/3886/1 3975/3965/1
f 4005/3963/1 4056/3907/1 4006/3909/1
f 4057/2966/1 3951/3949/1 3950/2965/1
f 4058/2958/1 3967/3954/1 3966/2959/1
f 3978/3897/1 4040/2047/1 3979/3967/1
f 3957/3955/1 4059/2052/1 3978/3897/1
f 3948/3906/1 4031/946/1 3945/3966/1
f 3979/3967/1 4060/2049/1 3948/3906/1
f 3984/3890/1 4039/2038/1 3985/3968/1
f 3947/3962/1 4061/2043/1 3984/3890/1
f 3956/3930/1 4033/2050/1 3957/3955/1
f 3985/3968/1 4062/2040/1 3956/3930/1
f 4063/3419/1 3972/2960/1 3971/452/1
f 3982/3887/1 4038/943/1 3983/3969/1
f 3945/3966/1 4064/948/1 3982/3887/1
f 3952/3939/1 4034/955/1 3953/2970/1
f 3983/3969/1 4065/945/1 3952/3939/1
f 3980/3893/1 4037/661/1 3981/3970/1
f 3959/3958/1 4066/666/1 3980/3893/1
f 3949/3917/1 4032/2041/1 3947/3962/1
f 3981/3970/1 4067/663/1 3949/3917/1
f 3958/3925/1 4035/664/1 3959/3958/1
f 4017/2976/1 4068/654/1 3958/3925/1
f 4069/2956/1 3999/3948/1 4000/2957/1
f 4070/2946/1 3995/3951/1 4001/2947/1
f 4071/3541/1 3993/3964/1 4002/3650/1
f 4072/3898/1 3979/3967/1 4003/3905/1
f 4007/3912/1 4003/3905/1 4005/3963/1
f 3991/3953/1 4072/3898/1 4007/3912/1
f 4073/3652/1 3989/3960/1 4010/2980/1
f 4074/3894/1 3981/3970/1 4011/3916/1
f 4015/3923/1 4011/3916/1 4013/3959/1
f 3987/3956/1 4074/3894/1 4015/3923/1
f 4075/3891/1 3985/3968/1 4021/3929/1
f 4025/3936/1 4021/3929/1 4023/3950/1
f 3977/3961/1 4075/3891/1 4025/3936/1
f 4076/3888/1 3983/3969/1 4026/3938/1
f 4030/3945/1 4026/3938/1 4028/3947/1
f 3975/3965/1 4076/3888/1 4030/3945/1
f 4079/3971/1 4101/3315/1 4156/3972/1
f 4080/3338/1 4105/3973/1 4155/3375/1
f 4089/2744/1 4099/3974/1 4154/3669/1
f 4090/3975/1 4095/3307/1 4153/3976/1
f 4091/3977/1 4111/3978/1 4152/3979/1
f 4085/3980/1 4113/3981/1 4151/3982/1
f 4117/3983/1 4093/3984/1 4146/3985/1
f 4118/3986/1 4120/3987/1 4145/3988/1
f 4103/3989/1 4121/3990/1 4144/3991/1
f 4109/3992/1 4125/3993/1 4143/3994/1
f 4107/3995/1 4129/3996/1 4142/3997/1
f 4131/3376/1 4087/3998/1 4140/2745/1
f 4132/3999/1 4083/3318/1 4139/4000/1
f 4133/4001/1 4135/4002/1 4138/4003/1
f 4097/4004/1 4136/4005/1 4137/4006/1
f 4137/4006/1 4134/4007/1 4133/4001/1
f 4113/3981/1 4133/4001/1 4114/4008/1
f 4086/4009/1 4137/4006/1 4113/3981/1
f 4138/4003/1 4108/4010/1 4107/3995/1
f 4093/3984/1 4107/3995/1 4092/4011/1
f 4114/4008/1 4138/4003/1 4093/3984/1
f 4139/4000/1 4084/3309/1 4090/3975/1
f 4135/4002/1 4090/3975/1 4108/4010/1
f 4134/4007/1 4139/4000/1 4135/4002/1
f 4140/2745/1 4088/4012/1 4089/2744/1
f 4141/1383/1 4081/4013/1 4080/3338/1
f 4142/3997/1 4128/3367/1 4127/1331/1
f 4111/3978/1 4127/1331/1 4112/3365/1
f 4092/4011/1 4142/3997/1 4111/3978/1
f 4143/3994/1 4124/3374/1 4123/1325/1
f 4099/3974/1 4123/1325/1 4100/3372/1
f 4088/4012/1 4143/3994/1 4099/3974/1
f 4144/3991/1 4119/4014/1 4118/3986/1
f 4105/3973/1 4118/3986/1 4106/4015/1
f 4081/4013/1 4144/3991/1 4105/3973/1
f 4145/3988/1 4110/4016/1 4109/3992/1
f 4087/3998/1 4109/3992/1 4088/4012/1
f 4106/4015/1 4145/3988/1 4087/3998/1
f 4146/3985/1 4092/4011/1 4091/3977/1
f 4120/3987/1 4091/3977/1 4110/4016/1
f 4119/4014/1 4146/3985/1 4120/3987/1
f 4147/909/1 4098/4017/1 4097/4004/1
f 4094/896/1 4097/4004/1 4086/4009/1
f 4148/906/1 4078/3293/1 4079/3971/1
f 4116/908/1 4079/3971/1 4098/4017/1
f 4149/900/1 4104/4018/1 4103/3989/1
f 4082/1382/1 4103/3989/1 4081/4013/1
f 4150/897/1 4086/4009/1 4085/3980/1
f 4115/899/1 4085/3980/1 4104/4018/1
f 4151/3982/1 4114/4008/1 4117/3983/1
f 4121/3990/1 4117/3983/1 4119/4014/1
f 4104/4018/1 4151/3982/1 4121/3990/1
f 4152/3979/1 4112/3365/1 4122/1322/1
f 4125/3993/1 4122/1322/1 4124/3374/1
f 4110/4016/1 4152/3979/1 4125/3993/1
f 4153/3976/1 4096/3308/1 4126/1328/1
f 4129/3996/1 4126/1328/1 4128/3367/1
f 4108/4010/1 4153/3976/1 4129/3996/1
f 4154/3669/1 4100/3372/1 4130/1354/1
f 4155/3375/1 4106/4015/1 4131/3376/1
f 4156/3972/1 4102/3316/1 4132/3999/1
f 4136/4005/1 4132/3999/1 4134/4007/1
f 4098/4017/1 4156/3972/1 4136/4005/1
f 4163/3171/1 4174/98/1 1796/95/1
f 4175/2723/1 1328/4019/1 1517/2718/1
f 3201/2247/1 1517/2718/1 2855/406/1
f 1645/97/1 4175/2723/1 3201/2247/1
f 4176/2725/1 2677/414/1 2853/3361/1
f 179/2722/1 2853/3361/1 1328/4019/1
f 241/99/1 4176/2725/1 179/2722/1
f 3513/1317/1 4177/2728/1 4161/3210/1
f 4178/2731/1 637/4020/1 639/2732/1
f 2204/3368/1 639/2732/1 2203/4021/1
f 3515/2806/1 4178/2731/1 2204/3368/1
f 4179/2734/1 1173/4022/1 1175/2726/1
f 3514/2716/1 1175/2726/1 3513/1317/1
f 2203/4021/1 4179/2734/1 3514/2716/1
f 4180/2743/1 2674/2741/1 2675/3359/1
f 636/2733/1 2675/3359/1 1173/4022/1
f 637/4020/1 4180/2743/1 636/2733/1
f 4181/3337/1 933/2737/1 815/2742/1
f 484/2730/1 815/2742/1 637/4020/1
f 1799/3341/1 4181/3337/1 484/2730/1
f 1173/4022/1 4182/3211/1 4166/2727/1
f 4183/3360/1 1325/1318/1 482/2724/1
f 177/2721/1 482/2724/1 241/99/1
f 1797/3588/1 4183/3360/1 177/2721/1
f 1328/4019/1 4184/3358/1 4167/2719/1
f 1519/421/1 4185/3209/1 4168/2717/1
f 4186/3369/1 2203/4021/1 78/2715/1
f 4160/2311/1 78/2715/1 4158/417/1
f 2205/3585/1 4186/3369/1 4160/2311/1
f 2314/2259/1 818/117/1 2316/4023/1
f 97/2819/1 4232/115/1 2314/2259/1
f 4220/339/1 2646/2791/1 633/116/1
f 4234/342/1 4215/4024/1 4214/343/1
f 4235/345/1 1093/4025/1 1288/1337/1
f 2647/1643/1 1288/1337/1 2648/4026/1
f 4223/2835/1 4235/345/1 2647/1643/1
f 4236/410/1 2878/4027/1 2877/2797/1
f 4216/344/1 2877/2797/1 1093/4025/1
f 4215/4024/1 4236/410/1 4216/344/1
f 4237/413/1 3200/4028/1 3516/2803/1
f 4212/1691/1 3516/2803/1 2216/3133/1
f 4238/1339/1 4206/4029/1 4205/1340/1
f 926/2795/1 4205/1340/1 842/3153/1
f 2648/4026/1 4238/1339/1 926/2795/1
f 4240/1345/1 3540/4030/1 3621/2800/1
f 4207/1341/1 3621/2800/1 4208/3152/1
f 4206/4029/1 4240/1345/1 4207/1341/1
f 4241/1644/1 2648/4026/1 2876/2794/1
f 4242/1353/1 4201/3167/1 4200/1549/1
f 599/2789/1 4200/1549/1 401/4031/1
f 2316/4023/1 4242/1353/1 599/2789/1
f 2315/1565/1 4224/2486/1 3123/2567/1
f 401/4031/1 4243/1551/1 2315/1565/1
f 4244/1554/1 4197/4032/1 4196/1555/1
f 2215/2798/1 4196/1555/1 2214/4033/1
f 2878/4027/1 4244/1554/1 2215/2798/1
f 4245/1557/1 1761/4034/1 1793/2261/1
f 3199/1344/1 1793/2261/1 3540/4030/1
f 2214/4033/1 4245/1557/1 3199/1344/1
f 4246/1566/1 3123/2567/1 3124/2786/1
f 4198/1556/1 3124/2786/1 1761/4034/1
f 4197/4032/1 4246/1566/1 4198/1556/1
f 4247/1575/1 4192/4035/1 4191/2255/1
f 1562/2804/1 4191/2255/1 1322/4036/1
f 3200/4028/1 4247/1575/1 1562/2804/1
f 4248/2257/1 600/4037/1 602/1552/1
f 3122/409/1 602/1552/1 2878/4027/1
f 1322/4036/1 4248/2257/1 3122/409/1
f 4249/2260/1 2316/4023/1 2317/2788/1
f 4193/2256/1 2317/2788/1 600/4037/1
f 4192/4035/1 4249/2260/1 4193/2256/1
f 3198/412/1 1759/1573/1 3200/4028/1
f 4251/2263/1 4188/4038/1 4187/2783/1
f 1291/2801/1 4187/2783/1 1289/3165/1
f 3540/4030/1 4251/2263/1 1291/2801/1
f 4188/4038/1 4253/786/1 4228/2784/1
f 4189/2262/1 4227/784/1 4188/4038/1
f 1761/4034/1 4254/2787/1 4189/2262/1
f 4255/319/1 97/2819/1 4190/2258/1
f 4194/1574/1 4190/2258/1 4192/4035/1
f 1758/3151/1 4255/319/1 4194/1574/1
f 4256/2790/1 401/4031/1 4195/1564/1
f 4199/1553/1 4195/1564/1 4197/4032/1
f 600/4037/1 4256/2790/1 4199/1553/1
f 4202/1352/1 4229/1635/1 4201/3167/1
f 633/116/1 4257/2793/1 4202/1352/1
f 4258/2796/1 842/3153/1 4203/1651/1
f 4222/3163/1 4258/2796/1 4231/1658/1
f 4259/2799/1 2214/4033/1 4204/1343/1
f 4209/1338/1 4204/1343/1 4206/4029/1
f 1093/4025/1 4259/2799/1 4209/1338/1
f 4261/2805/1 1322/4036/1 4213/408/1
f 4217/341/1 4213/408/1 4215/4024/1
f 2216/3133/1 4261/2805/1 4217/341/1
f 4301/1641/1 4276/4039/1 4275/1660/1
f 1576/2850/1 4275/1660/1 1533/4040/1
f 2890/128/1 4301/1641/1 1576/2850/1
f 4302/1662/1 2356/4041/1 2358/1633/1
f 2889/2222/1 2358/1633/1 3092/787/1
f 1533/4040/1 4302/1662/1 2889/2222/1
f 4303/1665/1 3388/4042/1 3550/3134/1
f 4277/1661/1 3550/3134/1 2356/4041/1
f 4276/4039/1 4303/1665/1 4277/1661/1
f 4304/1668/1 4271/4043/1 4270/1687/1
f 2369/614/1 4270/1687/1 2360/4044/1
f 4289/2557/1 4304/1668/1 2369/614/1
f 4305/1689/1 1965/4045/1 2349/2231/1
f 3617/2841/1 2349/2231/1 3554/3500/1
f 2360/4044/1 4305/1689/1 3617/2841/1
f 4306/2223/1 3092/787/1 3093/2845/1
f 4272/1688/1 3093/2845/1 1965/4045/1
f 4271/4043/1 4306/2223/1 4272/1688/1
f 4307/1080/1 1658/4046/1 1742/1666/1
f 4308/2225/1 2890/128/1 3080/2849/1
f 4266/1079/1 3080/2849/1 1658/4046/1
f 4268/3497/1 4308/2225/1 4266/1079/1
f 4310/2233/1 62/3515/1 81/1051/1
f 3554/3500/1 4310/2233/1 4291/147/1
f 62/3515/1 4311/2822/1 4293/1052/1
f 4312/2825/1 229/3494/1 372/1033/1
f 2355/2847/1 372/1033/1 2354/3514/1
f 3082/313/1 4312/2825/1 2355/2847/1
f 2354/3514/1 4313/1035/1 4285/1067/1
f 4314/2828/1 583/4047/1 587/2830/1
f 1748/3135/1 587/2830/1 1747/4048/1
f 3388/4042/1 4314/2828/1 1748/3135/1
f 4315/2832/1 1108/4049/1 1189/2823/1
f 3089/1639/1 1189/2823/1 3082/313/1
f 1747/4048/1 4315/2832/1 3089/1639/1
f 497/2831/1 4287/512/1 1108/4049/1
f 583/4047/1 4316/2834/1 497/2831/1
f 2353/492/1 851/2837/1 2352/4050/1
f 4318/2839/1 2350/4051/1 2351/2826/1
f 3097/1664/1 2351/2826/1 3388/4042/1
f 2352/4050/1 4318/2839/1 3097/1664/1
f 4319/1005/1 3094/1628/1 3095/2843/1
f 589/2838/1 3095/2843/1 2350/4051/1
f 4320/2842/1 3554/3500/1 3096/146/1
f 856/752/1 3096/146/1 852/3617/1
f 4292/3495/1 4320/2842/1 856/752/1
f 4321/615/1 2360/4044/1 922/2840/1
f 4322/2844/1 1063/1632/1 588/2833/1
f 415/2827/1 588/2833/1 583/4047/1
f 2350/4051/1 4322/2844/1 415/2827/1
f 1108/4049/1 4323/514/1 228/2824/1
f 4324/2846/1 1272/314/1 193/2821/1
f 4262/2232/1 193/2821/1 62/3515/1
f 1965/4045/1 4324/2846/1 4262/2232/1
f 4325/2848/1 2354/3514/1 4263/1066/1
f 1278/309/1 4325/2848/1 4294/2226/1
f 4267/1082/1 4264/2224/1 4268/3497/1
f 4327/2851/1 1533/4040/1 4269/2221/1
f 4273/1667/1 4269/2221/1 4271/4043/1
f 1658/4046/1 4327/2851/1 4273/1667/1
f 4328/493/1 2352/4050/1 4274/1663/1
f 4278/1640/1 4274/1663/1 4276/4039/1
f 1744/136/1 4328/493/1 4278/1640/1
f 4329/3136/1 1747/4048/1 4280/1638/1
f 4284/1634/1 4280/1638/1 4282/305/1
f 2356/4041/1 4329/3136/1 4284/1634/1
f 4471/3580/1 678/4052/1 4619/3285/1
f 4474/4053/1 3287/4054/1 4618/4055/1
f 4475/4056/1 4477/4057/1 4617/4058/1
f 4402/4059/1 4478/4060/1 4616/4061/1
f 4479/4062/1 1019/4063/1 4615/4064/1
f 4480/4065/1 4482/4066/1 4614/4067/1
f 4366/4068/1 4483/4069/1 4613/4070/1
f 4484/4071/1 1034/4072/1 4612/4073/1
f 4485/3265/1 4487/3582/1 4611/3269/1
f 4396/3569/1 4489/4074/1 4610/3268/1
f 4490/4075/1 3286/4076/1 4609/4077/1
f 4491/4078/1 4493/4079/1 4608/4080/1
f 4394/4081/1 4494/4082/1 4607/4083/1
f 4495/4084/1 3283/4085/1 4606/3671/1
f 4498/4086/1 4566/3175/1 4604/3172/1
f 4502/4087/1 4504/4088/1 4599/4089/1
f 4390/4090/1 4505/3579/1 4598/4091/1
f 4506/4092/1 1360/4093/1 4597/4094/1
f 4507/3124/1 4509/4095/1 4596/4096/1
f 4511/4097/1 1361/4098/1 4594/4099/1
f 4512/4100/1 4514/4101/1 4593/4102/1
f 4384/4103/1 4515/4104/1 4592/4105/1
f 4516/4106/1 2826/4107/1 4591/4108/1
f 4517/4109/1 4519/4110/1 4590/4111/1
f 4382/4112/1 4520/4113/1 4589/4114/1
f 4521/3576/1 2713/3578/1 4588/4115/1
f 4522/3105/1 4524/4116/1 4587/3107/1
f 4525/4117/1 1630/4118/1 4586/4119/1
f 4526/4120/1 4528/4121/1 4585/4122/1
f 4354/4123/1 4529/4124/1 4584/4125/1
f 4530/4126/1 1841/4127/1 4583/4128/1
f 4531/2779/1 4533/4129/1 4582/2782/1
f 4338/4130/1 4534/4131/1 4581/3675/1
f 4535/4132/1 2070/4133/1 4580/4134/1
f 4536/4135/1 4538/4136/1 4579/4137/1
f 4336/4138/1 4539/4139/1 4578/4140/1
f 4540/4141/1 2080/4142/1 4577/4143/1
f 4541/4144/1 4543/4145/1 4576/4146/1
f 4344/4147/1 4544/4148/1 4575/4149/1
f 4545/4150/1 4547/2766/1 4573/4151/1
f 4342/3568/1 4548/3661/1 4572/4152/1
f 4549/4153/1 2100/4154/1 4571/4155/1
f 4550/4156/1 4552/4157/1 4570/4158/1
f 4332/4159/1 4553/4160/1 4569/4161/1
f 4569/4161/1 4551/4162/1 4550/4156/1
f 4428/2627/1 4550/4156/1 4429/4163/1
f 2711/4164/1 4569/4161/1 4428/2627/1
f 4570/4158/1 4423/4165/1 4422/1084/1
f 74/2390/1 4422/1084/1 164/4166/1
f 4429/4163/1 4570/4158/1 74/2390/1
f 4571/4155/1 2099/4167/1 328/2636/1
f 4552/4157/1 328/2636/1 4423/4165/1
f 4551/4162/1 4571/4155/1 4552/4157/1
f 4572/4152/1 4546/2765/1 4545/4150/1
f 4414/2643/1 4545/4150/1 4415/4168/1
f 2097/4169/1 4572/4152/1 4414/2643/1
f 4573/4151/1 4409/4170/1 4408/68/1
f 469/1025/1 4408/68/1 673/4171/1
f 4415/4168/1 4573/4151/1 469/1025/1
f 4547/2766/1 4558/370/1 4409/4170/1
f 4575/4149/1 4542/4172/1 4541/4144/1
f 4406/2649/1 4541/4144/1 4407/4173/1
f 2083/4174/1 4575/4149/1 4406/2649/1
f 4576/4146/1 4403/4175/1 4402/4059/1
f 678/4052/1 4402/4059/1 788/4176/1
f 4407/4173/1 4576/4146/1 678/4052/1
f 4577/4143/1 2071/4177/1 942/2654/1
f 4543/4145/1 942/2654/1 4403/4175/1
f 4542/4172/1 4577/4143/1 4543/4145/1
f 4578/4140/1 4537/4178/1 4536/4135/1
f 4400/2658/1 4536/4135/1 4401/4179/1
f 2101/4180/1 4578/4140/1 4400/2658/1
f 4579/4137/1 4395/4181/1 4394/4081/1
f 1019/4063/1 4394/4081/1 1036/4182/1
f 4401/4179/1 4579/4137/1 1019/4063/1
f 4580/4134/1 2069/4183/1 1160/2666/1
f 4538/4136/1 1160/2666/1 4395/4181/1
f 4537/4178/1 4580/4134/1 4538/4136/1
f 4581/3675/1 4532/4184/1 4531/2779/1
f 680/3279/1 4581/3675/1 4562/350/1
f 4582/2782/1 4393/3674/1 4392/1546/1
f 4583/4128/1 1839/4185/1 1161/2669/1
f 4533/4129/1 1161/2669/1 4393/3674/1
f 4532/4184/1 4583/4128/1 4533/4129/1
f 4584/4125/1 4527/4186/1 4526/4120/1
f 4388/3472/1 4526/4120/1 4389/4187/1
f 1832/3115/1 4584/4125/1 4388/3472/1
f 4585/4122/1 4383/4188/1 4382/4112/1
f 1360/4093/1 4382/4112/1 1363/4189/1
f 4389/4187/1 4585/4122/1 1360/4093/1
f 4586/4119/1 1629/4190/1 1504/3477/1
f 4528/4121/1 1504/3477/1 4383/4188/1
f 4527/4186/1 4586/4119/1 4528/4121/1
f 4587/3107/1 4355/4191/1 4354/4123/1
f 1628/1730/1 4354/4123/1 1832/3115/1
f 4588/4115/1 2827/3577/1 2828/3480/1
f 4524/4116/1 2828/3480/1 4355/4191/1
f 4523/3104/1 4588/4115/1 4524/4116/1
f 4589/4114/1 4518/4192/1 4517/4109/1
f 4386/3475/1 4517/4109/1 4387/4193/1
f 1363/4189/1 4589/4114/1 4386/3475/1
f 4590/4111/1 4337/4194/1 4336/4138/1
f 1361/4098/1 4336/4138/1 2101/4180/1
f 4387/4193/1 4590/4111/1 1361/4098/1
f 4591/4108/1 3308/4195/1 3314/3486/1
f 4519/4110/1 3314/3486/1 4337/4194/1
f 4518/4192/1 4591/4108/1 4519/4110/1
f 4592/4105/1 4513/4196/1 4512/4100/1
f 2710/3662/1 4512/4100/1 4365/3571/1
f 2103/3575/1 4592/4105/1 2710/3662/1
f 4593/4102/1 4367/4197/1 4366/4068/1
f 4364/3572/1 4366/4068/1 3487/3663/1
f 4365/3571/1 4593/4102/1 4364/3572/1
f 4594/4099/1 2101/4180/1 2102/2657/1
f 4514/4101/1 2102/2657/1 4367/4197/1
f 4513/4196/1 4594/4099/1 4514/4101/1
f 4595/1719/1 4508/4198/1 4507/3124/1
f 4596/4096/1 4385/4199/1 4384/4103/1
f 4334/3574/1 4384/4103/1 2103/3575/1
f 4335/3125/1 4596/4096/1 4334/3574/1
f 4597/4094/1 1363/4189/1 1503/3474/1
f 4509/4095/1 1503/3474/1 4385/4199/1
f 4508/4198/1 4597/4094/1 4509/4095/1
f 4598/4091/1 4503/3581/1 4502/4087/1
f 4356/3478/1 4502/4087/1 4357/4200/1
f 1629/4190/1 4598/4091/1 4356/3478/1
f 4599/4089/1 4361/4201/1 4360/1054/1
f 2826/4107/1 4360/1054/1 3308/4195/1
f 4357/4200/1 4599/4089/1 2826/4107/1
f 4504/4088/1 4556/575/1 4361/4201/1
f 4503/3581/1 4600/1707/1 4504/4088/1
f 4380/3481/1 4567/1699/1 4381/4202/1
f 2827/3577/1 4601/1704/1 4380/3481/1
f 4602/1701/1 4391/3130/1 4390/4090/1
f 1630/4118/1 4390/4090/1 1629/4190/1
f 4381/4202/1 4602/1701/1 1630/4118/1
f 4603/1617/1 4499/3176/1 4498/4086/1
f 4340/2637/1 4498/4086/1 4341/4203/1
f 2099/4167/1 4603/1617/1 4340/2637/1
f 4341/4203/1 4604/3172/1 4554/1091/1
f 2100/4154/1 4561/1615/1 2099/4167/1
f 4369/3179/1 4605/1608/1 2100/4154/1
f 4606/3671/1 3284/3262/1 3285/112/1
f 4497/3212/1 4606/3671/1 4564/1544/1
f 4607/4083/1 4492/4204/1 4491/4078/1
f 4398/2661/1 4491/4078/1 4399/4205/1
f 1036/4182/1 4607/4083/1 4398/2661/1
f 4608/4080/1 4345/4206/1 4344/4147/1
f 1034/4072/1 4344/4147/1 2083/4174/1
f 4399/4205/1 4608/4080/1 1034/4072/1
f 4609/4077/1 3288/4207/1 3291/3489/1
f 4493/4079/1 3291/3489/1 4345/4206/1
f 4492/4204/1 4609/4077/1 4493/4079/1
f 4610/3268/1 4486/4208/1 4485/3265/1
f 4612/4073/1 2083/4174/1 2096/2648/1
f 4487/3582/1 2096/2648/1 4488/3270/1
f 4486/4208/1 4612/4073/1 4487/3582/1
f 4613/4070/1 4481/4209/1 4480/4065/1
f 3637/18/1 4480/4065/1 4331/19/1
f 3487/3663/1 4613/4070/1 3637/18/1
f 4614/4067/1 4397/4210/1 4396/3569/1
f 4330/3570/1 4396/3569/1 4559/3267/1
f 4331/19/1 4614/4067/1 4330/3570/1
f 4615/4064/1 1036/4182/1 1159/2660/1
f 4482/4066/1 1159/2660/1 4397/4210/1
f 4481/4209/1 4615/4064/1 4482/4066/1
f 4616/4061/1 4476/4211/1 4475/4056/1
f 4404/2652/1 4475/4056/1 4405/3664/1
f 788/4176/1 4616/4061/1 4404/2652/1
f 4617/4058/1 4339/4212/1 4338/4130/1
f 781/1463/1 4338/4130/1 680/3279/1
f 4405/3664/1 4617/4058/1 781/1463/1
f 4618/4055/1 3304/4213/1 3307/3483/1
f 4477/4057/1 3307/3483/1 4339/4212/1
f 4476/4211/1 4618/4055/1 4477/4057/1
f 4619/3285/1 788/4176/1 789/2651/1
f 4620/70/1 4468/4214/1 4467/494/1
f 4412/2646/1 4467/494/1 4413/4215/1
f 673/4171/1 4620/70/1 4412/2646/1
f 4621/496/1 4333/4216/1 4332/4159/1
f 672/749/1 4332/4159/1 2711/4164/1
f 4413/4215/1 4621/496/1 672/749/1
f 4622/502/1 3480/3026/1 3483/3492/1
f 4469/495/1 3483/3492/1 4333/4216/1
f 4468/4214/1 4622/502/1 4469/495/1
f 4623/508/1 4462/4217/1 4461/515/1
f 4346/2655/1 4461/515/1 4347/4218/1
f 2071/4177/1 4623/508/1 4346/2655/1
f 4624/517/1 4363/4219/1 4362/2383/1
f 3287/4054/1 4362/2383/1 3304/4213/1
f 4347/4218/1 4624/517/1 3287/4054/1
f 4625/750/1 2711/4164/1 2712/2626/1
f 4463/516/1 2712/2626/1 4363/4219/1
f 4462/4217/1 4625/750/1 4463/516/1
f 4626/1008/1 4457/4220/1 4456/1021/1
f 4372/3490/1 4456/1021/1 4373/4221/1
f 3288/4207/1 4626/1008/1 4372/3490/1
f 4627/1023/1 4411/4222/1 4410/506/1
f 2080/4142/1 4410/506/1 2071/4177/1
f 4373/4221/1 4627/1023/1 2080/4142/1
f 4628/1026/1 673/4171/1 675/2645/1
f 4458/1022/1 675/2645/1 4411/4222/1
f 4457/4220/1 4628/1026/1 4458/1022/1
f 4418/2640/1 4563/865/1 4419/4223/1
f 344/1049/1 4342/3568/1 2097/4169/1
f 4419/4223/1 4630/867/1 344/1049/1
f 4631/1029/1 4452/4224/1 4451/1036/1
f 4348/2667/1 4451/1036/1 4349/4225/1
f 2069/4183/1 4631/1029/1 4348/2667/1
f 4632/1038/1 4371/4226/1 4370/1006/1
f 3286/4076/1 4370/1006/1 3288/4207/1
f 4349/4225/1 4632/1038/1 3286/4076/1
f 4633/1050/1 2097/4169/1 2098/2642/1
f 4453/1037/1 2098/2642/1 4371/4226/1
f 4452/4224/1 4633/1050/1 4453/1037/1
f 4634/1056/1 4447/4227/1 4446/1072/1
f 4374/3487/1 4446/1072/1 4375/4228/1
f 3308/4195/1 4634/1056/1 4374/3487/1
f 4635/1074/1 4417/4229/1 4416/1027/1
f 2070/4133/1 4416/1027/1 2069/4183/1
f 4375/4228/1 4635/1074/1 2070/4133/1
f 4636/1077/1 467/2587/1 468/2639/1
f 4448/1073/1 468/2639/1 4417/4229/1
f 4447/4227/1 4636/1077/1 4448/1073/1
f 4637/1086/1 4442/4230/1 4441/1087/1
f 4426/2630/1 4441/1087/1 4427/4231/1
f 164/4166/1 4637/1086/1 4426/2630/1
f 4638/1089/1 4351/3672/1 4350/2279/1
f 163/1100/1 4350/2279/1 1843/2769/1
f 4427/4231/1 4638/1089/1 163/1100/1
f 4443/1088/1 4555/109/1 4351/3672/1
f 4442/4230/1 4639/1092/1 4443/1088/1
f 4640/1095/1 4437/4232/1 4436/1096/1
f 4352/2670/1 4436/1096/1 4353/4233/1
f 1839/4185/1 4640/1095/1 4352/2670/1
f 4641/1098/1 4377/3573/1 4376/1477/1
f 3283/4085/1 4376/1477/1 3284/3262/1
f 4353/4233/1 4641/1098/1 3283/4085/1
f 4642/1101/1 1843/2769/1 2068/367/1
f 4438/1097/1 2068/367/1 4377/3573/1
f 4437/4232/1 4642/1101/1 4438/1097/1
f 4643/2385/1 4432/4234/1 4431/2386/1
f 4378/3484/1 4431/2386/1 4379/4235/1
f 3304/4213/1 4643/2385/1 4378/3484/1
f 4644/2388/1 4425/4236/1 4424/1093/1
f 1841/4127/1 4424/1093/1 1839/4185/1
f 4379/4235/1 4644/2388/1 1841/4127/1
f 4645/2391/1 164/4166/1 250/2629/1
f 4433/2387/1 250/2629/1 4425/4236/1
f 4432/4234/1 4645/2391/1 4433/2387/1
f 4646/2628/1 4429/4163/1 4430/2389/1
f 4434/2384/1 4430/2389/1 4432/4234/1
f 4363/4219/1 4646/2628/1 4434/2384/1
f 4647/2631/1 4427/4231/1 4435/1099/1
f 4439/1094/1 4435/1099/1 4437/4232/1
f 4425/4236/1 4647/2631/1 4439/1094/1
f 4648/2638/1 4341/4203/1 4440/1090/1
f 4444/1085/1 4440/1090/1 4442/4230/1
f 4423/4165/1 4648/2638/1 4444/1085/1
f 4649/577/1 4421/2584/1 4445/1075/1
f 4449/1055/1 4445/1075/1 4447/4227/1
f 4361/4201/1 4649/577/1 4449/1055/1
f 4650/2641/1 4419/4223/1 4450/1048/1
f 4454/1028/1 4450/1048/1 4452/4224/1
f 4417/4229/1 4650/2641/1 4454/1028/1
f 4651/2644/1 4415/4168/1 4455/1024/1
f 4459/1007/1 4455/1024/1 4457/4220/1
f 4371/4226/1 4651/2644/1 4459/1007/1
f 4652/2647/1 4413/4215/1 4460/748/1
f 4464/507/1 4460/748/1 4462/4217/1
f 4411/4222/1 4652/2647/1 4464/507/1
f 4470/69/1 4465/500/1 4468/4214/1
f 4409/4170/1 4653/372/1 4470/69/1
f 4654/2650/1 4407/4173/1 4471/3580/1
f 4472/1460/1 4471/3580/1 4473/3280/1
f 4488/3270/1 4654/2650/1 4472/1460/1
f 4656/2656/1 4347/4218/1 4474/4053/1
f 4478/4060/1 4474/4053/1 4476/4211/1
f 4403/4175/1 4656/2656/1 4478/4060/1
f 4657/2659/1 4401/4179/1 4479/4062/1
f 4483/4069/1 4479/4062/1 4481/4209/1
f 4367/4197/1 4657/2659/1 4483/4069/1
f 4658/2662/1 4399/4205/1 4484/4071/1
f 4489/4074/1 4484/4071/1 4486/4208/1
f 4397/4210/1 4658/2662/1 4489/4074/1
f 4659/2668/1 4349/4225/1 4490/4075/1
f 4494/4082/1 4490/4075/1 4492/4204/1
f 4395/4181/1 4659/2668/1 4494/4082/1
f 4660/2671/1 4353/4233/1 4495/4084/1
f 4496/1547/1 4495/4084/1 4497/3212/1
f 4393/3674/1 4660/2671/1 4496/1547/1
f 4661/3473/1 4389/4187/1 4506/4092/1
f 4510/1718/1 4506/4092/1 4508/4198/1
f 4557/3112/1 4661/3473/1 4510/1718/1
f 4662/3476/1 4387/4193/1 4511/4097/1
f 4515/4104/1 4511/4097/1 4513/4196/1
f 4385/4199/1 4662/3476/1 4515/4104/1
f 4663/3479/1 4357/4200/1 4516/4106/1
f 4520/4113/1 4516/4106/1 4518/4192/1
f 4383/4188/1 4663/3479/1 4520/4113/1
f 4664/280/1 4359/3604/1 4521/3576/1
f 4665/3482/1 4381/4202/1 4525/4117/1
f 4529/4124/1 4525/4117/1 4527/4186/1
f 4355/4191/1 4665/3482/1 4529/4124/1
f 4666/3485/1 4379/4235/1 4530/4126/1
f 4534/4131/1 4530/4126/1 4532/4184/1
f 4339/4212/1 4666/3485/1 4534/4131/1
f 4667/3488/1 4375/4228/1 4535/4132/1
f 4539/4139/1 4535/4132/1 4537/4178/1
f 4337/4194/1 4667/3488/1 4539/4139/1
f 4668/3491/1 4373/4221/1 4540/4141/1
f 4544/4148/1 4540/4141/1 4542/4172/1
f 4345/4206/1 4668/3491/1 4544/4148/1
f 4669/3493/1 4369/3179/1 4549/4153/1
f 4553/4160/1 4549/4153/1 4551/4162/1
f 4333/4216/1 4669/3493/1 4553/4160/1
f 961/1/1 8/4237/1 1608/2/1
f 10/4/1 9/11/1 3/5/1
f 11/7/1 10/4/1 1/6/1
f 12/9/1 11/7/1 2/8/1
f 9/11/1 12/9/1 4/10/1
f 13/12/1 9/11/1 10/4/1
f 14/13/1 10/4/1 11/7/1
f 15/14/1 11/7/1 12/9/1
f 16/15/1 12/9/1 9/11/1
f 14/13/1 6/3242/1 959/3240/1
f 14/13/1 959/3240/1 268/3239/1
f 5/3324/1 13/12/1 14/13/1
f 1605/3325/1 5/3324/1 14/13/1
f 14/13/1 268/3239/1 1429/3243/1
f 14/13/1 1429/3243/1 87/3232/1
f 444/3321/1 1605/3325/1 14/13/1
f 1137/3322/1 444/3321/1 14/13/1
f 14/13/1 87/3232/1 1083/3231/1
f 14/13/1 1083/3231/1 391/3230/1
f 141/3323/1 1137/3322/1 14/13/1
f 1483/3330/1 141/3323/1 14/13/1
f 14/13/1 391/3230/1 1552/3234/1
f 14/13/1 1552/3234/1 38/3233/1
f 322/3328/1 1483/3330/1 14/13/1
f 1013/3329/1 322/3328/1 14/13/1
f 14/13/1 38/3233/1 998/3258/1
f 14/13/1 998/3258/1 307/3257/1
f 54/3304/1 1013/3329/1 14/13/1
f 1568/3305/1 54/3304/1 14/13/1
f 14/13/1 307/3257/1 1468/3259/1
f 14/13/1 1468/3259/1 126/3253/1
f 407/3301/1 1568/3305/1 14/13/1
f 1099/3302/1 407/3301/1 14/13/1
f 14/13/1 126/3253/1 1122/3252/1
f 14/13/1 1122/3252/1 428/3251/1
f 103/3303/1 1099/3302/1 14/13/1
f 1445/3313/1 103/3303/1 14/13/1
f 14/13/1 428/3251/1 1589/3254/1
f 14/13/1 1589/3254/1 22/3192/1
f 284/3310/1 1445/3313/1 14/13/1
f 975/3311/1 284/3310/1 14/13/1
f 14/13/1 22/3192/1 971/3191/1
f 14/13/1 971/3191/1 280/3190/1
f 26/3312/1 975/3311/1 14/13/1
f 1593/3366/1 26/3312/1 14/13/1
f 14/13/1 280/3190/1 1441/3193/1
f 14/13/1 1441/3193/1 99/3185/1
f 432/3362/1 1593/3366/1 14/13/1
f 1126/3363/1 432/3362/1 14/13/1
f 14/13/1 99/3185/1 1095/3184/1
f 14/13/1 1095/3184/1 403/3183/1
f 130/3364/1 1126/3363/1 14/13/1
f 1472/3373/1 130/3364/1 14/13/1
f 14/13/1 403/3183/1 1564/3187/1
f 14/13/1 1564/3187/1 50/3186/1
f 311/3370/1 1472/3373/1 14/13/1
f 1002/3371/1 311/3370/1 14/13/1
f 14/13/1 50/3186/1 1009/3207/1
f 14/13/1 1009/3207/1 318/3206/1
f 42/3351/1 1002/3371/1 14/13/1
f 1556/3352/1 42/3351/1 14/13/1
f 14/13/1 318/3206/1 1479/3208/1
f 14/13/1 1479/3208/1 137/3201/1
f 395/3348/1 1556/3352/1 14/13/1
f 1087/3349/1 395/3348/1 14/13/1
f 14/13/1 137/3201/1 1133/3200/1
f 14/13/1 1133/3200/1 440/3199/1
f 91/3350/1 1087/3349/1 14/13/1
f 1433/3355/1 91/3350/1 14/13/1
f 14/13/1 440/3199/1 1601/3203/1
f 14/13/1 1601/3203/1 17/3202/1
f 272/17/1 1433/3355/1 14/13/1
f 14/13/1 17/3202/1 963/16/1
f 15/14/1 7/3148/1 960/3146/1
f 15/14/1 960/3146/1 269/3147/1
f 6/3242/1 14/13/1 15/14/1
f 1606/3241/1 6/3242/1 15/14/1
f 15/14/1 269/3147/1 1430/3150/1
f 15/14/1 1430/3150/1 88/3141/1
f 445/3237/1 1606/3241/1 15/14/1
f 1138/3236/1 445/3237/1 15/14/1
f 15/14/1 88/3141/1 1084/3139/1
f 15/14/1 1084/3139/1 392/3140/1
f 142/3238/1 1138/3236/1 15/14/1
f 1484/3248/1 142/3238/1 15/14/1
f 15/14/1 392/3140/1 1553/3143/1
f 15/14/1 1553/3143/1 39/3144/1
f 323/3246/1 1484/3248/1 15/14/1
f 1014/3245/1 323/3246/1 15/14/1
f 15/14/1 39/3144/1 999/3161/1
f 15/14/1 999/3161/1 308/3162/1
f 55/3221/1 1014/3245/1 15/14/1
f 1569/3220/1 55/3221/1 15/14/1
f 15/14/1 308/3162/1 1469/3164/1
f 15/14/1 1469/3164/1 127/3157/1
f 408/3217/1 1569/3220/1 15/14/1
f 1100/3216/1 408/3217/1 15/14/1
f 15/14/1 127/3157/1 1123/3155/1
f 15/14/1 1123/3155/1 429/3156/1
f 104/3218/1 1100/3216/1 15/14/1
f 1446/3227/1 104/3218/1 15/14/1
f 15/14/1 429/3156/1 1590/3159/1
f 15/14/1 1590/3159/1 23/3120/1
f 285/3224/1 1446/3227/1 15/14/1
f 976/3223/1 285/3224/1 15/14/1
f 15/14/1 23/3120/1 972/3118/1
f 15/14/1 972/3118/1 281/3119/1
f 27/3225/1 976/3223/1 15/14/1
f 1594/3278/1 27/3225/1 15/14/1
f 15/14/1 281/3119/1 1442/3122/1
f 15/14/1 1442/3122/1 100/3111/1
f 433/3275/1 1594/3278/1 15/14/1
f 1127/3274/1 433/3275/1 15/14/1
f 15/14/1 100/3111/1 1096/3109/1
f 15/14/1 1096/3109/1 404/3110/1
f 131/3276/1 1127/3274/1 15/14/1
f 1473/3284/1 131/3276/1 15/14/1
f 15/14/1 404/3110/1 1565/3113/1
f 15/14/1 1565/3113/1 51/3114/1
f 312/3282/1 1473/3284/1 15/14/1
f 1003/3281/1 312/3282/1 15/14/1
f 15/14/1 51/3114/1 1010/3123/1
f 15/14/1 1010/3123/1 319/3125/1
f 43/3272/1 1003/3281/1 15/14/1
f 1557/3271/1 43/3272/1 15/14/1
f 15/14/1 319/3125/1 1480/3574/1
f 15/14/1 1480/3574/1 138/3575/1
f 396/3266/1 1557/3271/1 15/14/1
f 1088/3264/1 396/3266/1 15/14/1
f 15/14/1 138/3575/1 1134/3662/1
f 15/14/1 1134/3662/1 441/3571/1
f 92/3267/1 1088/3264/1 15/14/1
f 1434/3570/1 92/3267/1 15/14/1
f 15/14/1 441/3571/1 1602/3572/1
f 15/14/1 1602/3572/1 18/3663/1
f 273/19/1 1434/3570/1 15/14/1
f 15/14/1 18/3663/1 964/18/1
f 16/15/1 8/4237/1 961/1/1
f 16/15/1 961/1/1 270/3695/1
f 7/3148/1 15/14/1 16/15/1
f 1607/1675/1 7/3148/1 16/15/1
f 16/15/1 270/3695/1 1431/2531/1
f 16/15/1 1431/2531/1 89/2536/1
f 446/3673/1 1607/1675/1 16/15/1
f 1139/302/1 446/3673/1 16/15/1
f 16/15/1 89/2536/1 1085/646/1
f 16/15/1 1085/646/1 393/3656/1
f 143/2854/1 1139/302/1 16/15/1
f 1485/2218/1 143/2854/1 16/15/1
f 16/15/1 393/3656/1 1554/655/1
f 16/15/1 1554/655/1 40/3654/1
f 324/3685/1 1485/2218/1 16/15/1
f 1015/129/1 324/3685/1 16/15/1
f 16/15/1 40/3654/1 1000/170/1
f 16/15/1 1000/170/1 309/3681/1
f 56/3598/1 1015/129/1 16/15/1
f 1570/814/1 56/3598/1 16/15/1
f 16/15/1 309/3681/1 1470/2086/1
f 16/15/1 1470/2086/1 128/2941/1
f 409/3660/1 1570/814/1 16/15/1
f 1101/593/1 409/3660/1 16/15/1
f 16/15/1 128/2941/1 1124/173/1
f 16/15/1 1124/173/1 430/3680/1
f 105/2573/1 1101/593/1 16/15/1
f 1447/2477/1 105/2573/1 16/15/1
f 16/15/1 430/3680/1 1591/2077/1
f 16/15/1 1591/2077/1 24/2952/1
f 286/3692/1 1447/2477/1 16/15/1
f 977/38/1 286/3692/1 16/15/1
f 16/15/1 24/2952/1 973/62/1
f 16/15/1 973/62/1 282/3689/1
f 28/3050/1 977/38/1 16/15/1
f 1595/1882/1 28/3050/1 16/15/1
f 16/15/1 282/3689/1 1443/2405/1
f 16/15/1 1443/2405/1 101/2621/1
f 434/3676/1 1595/1882/1 16/15/1
f 1128/230/1 434/3676/1 16/15/1
f 16/15/1 101/2621/1 1097/524/1
f 16/15/1 1097/524/1 405/3667/1
f 132/2902/1 1128/230/1 16/15/1
f 1474/2146/1 132/2902/1 16/15/1
f 16/15/1 405/3667/1 1566/1000/1
f 16/15/1 1566/1000/1 52/3521/1
f 313/3684/1 1474/2146/1 16/15/1
f 1004/152/1 313/3684/1 16/15/1
f 16/15/1 52/3521/1 1011/71/1
f 16/15/1 1011/71/1 320/3688/1
f 44/3623/1 1004/152/1 16/15/1
f 1558/736/1 44/3623/1 16/15/1
f 16/15/1 320/3688/1 1481/2380/1
f 16/15/1 1481/2380/1 139/2665/1
f 397/3659/1 1558/736/1 16/15/1
f 1089/619/1 397/3659/1 16/15/1
f 16/15/1 139/2665/1 1135/497/1
f 16/15/1 1135/497/1 442/3668/1
f 93/2554/1 1089/619/1 16/15/1
f 1435/2504/1 93/2554/1 16/15/1
f 16/15/1 442/3668/1 1603/1081/1
f 16/15/1 1603/1081/1 19/3499/1
f 274/21/1 1435/2504/1 16/15/1
f 16/15/1 19/3499/1 965/20/1
f 13/12/1 5/3324/1 962/1403/1
f 13/12/1 962/1403/1 271/3670/1
f 8/4237/1 16/15/1 13/12/1
f 1608/2/1 8/4237/1 13/12/1
f 13/12/1 271/3670/1 1432/389/1
f 13/12/1 1432/389/1 90/2757/1
f 447/3694/1 1608/2/1 13/12/1
f 1140/2526/1 447/3694/1 13/12/1
f 13/12/1 90/2757/1 1086/2286/1
f 13/12/1 1086/2286/1 394/3686/1
f 144/2539/1 1140/2526/1 13/12/1
f 1486/641/1 144/2539/1 13/12/1
f 13/12/1 394/3686/1 1555/104/1
f 13/12/1 1555/104/1 41/3563/1
f 325/3657/1 1486/641/1 13/12/1
f 1016/668/1 325/3657/1 13/12/1
f 13/12/1 41/3563/1 1001/878/1
f 13/12/1 1001/878/1 310/3665/1
f 57/3648/1 1016/668/1 13/12/1
f 1571/168/1 57/3648/1 13/12/1
f 13/12/1 310/3665/1 1471/564/1
f 13/12/1 1471/564/1 129/2594/1
f 410/3682/1 1571/168/1 13/12/1
f 1102/2090/1 410/3682/1 13/12/1
f 13/12/1 129/2594/1 1125/2445/1
f 13/12/1 1125/2445/1 431/3691/1
f 106/2937/1 1102/2090/1 13/12/1
f 1448/177/1 106/2937/1 13/12/1
f 13/12/1 431/3691/1 1592/48/1
f 13/12/1 1592/48/1 25/3002/1
f 287/3678/1 1448/177/1 13/12/1
f 978/2054/1 287/3678/1 13/12/1
f 13/12/1 25/3002/1 974/1997/1
f 13/12/1 974/1997/1 283/3677/1
f 29/2974/1 978/2054/1 13/12/1
f 1596/57/1 29/2974/1 13/12/1
f 13/12/1 283/3677/1 1444/189/1
f 13/12/1 1444/189/1 102/2929/1
f 435/3690/1 1596/57/1 13/12/1
f 1129/2418/1 435/3690/1 13/12/1
f 13/12/1 102/2929/1 1098/2105/1
f 13/12/1 1098/2105/1 406/3683/1
f 133/2612/1 1129/2418/1 13/12/1
f 1475/537/1 133/2612/1 13/12/1
f 13/12/1 406/3683/1 1567/165/1
f 13/12/1 1567/165/1 53/3637/1
f 314/3666/1 1475/537/1 13/12/1
f 1005/959/1 314/3666/1 13/12/1
f 13/12/1 53/3637/1 1012/695/1
f 13/12/1 1012/695/1 321/3658/1
f 45/3535/1 1005/959/1 13/12/1
f 1559/84/1 45/3535/1 13/12/1
f 13/12/1 321/3658/1 1482/632/1
f 13/12/1 1482/632/1 140/2545/1
f 398/3687/1 1559/84/1 13/12/1
f 1090/2340/1 398/3687/1 13/12/1
f 13/12/1 140/2545/1 1136/2517/1
f 13/12/1 1136/2517/1 443/3693/1
f 94/2696/1 1090/2340/1 13/12/1
f 1436/456/1 94/2696/1 13/12/1
f 13/12/1 443/3693/1 1604/25/1
f 13/12/1 1604/25/1 20/3431/1
f 275/23/1 1436/456/1 13/12/1
f 13/12/1 20/3431/1 966/22/1
f 967/24/1 20/3431/1 1604/25/1
f 968/27/1 21/3097/1 1610/28/1
f 965/20/1 19/3499/1 1611/30/1
f 983/32/1 33/3066/1 1600/33/1
f 984/35/1 34/3059/1 1614/36/1
f 977/38/1 28/3050/1 1615/39/1
f 987/41/1 32/3033/1 1599/42/1
f 980/44/1 31/3017/1 1619/45/1
f 990/47/1 25/3002/1 1592/48/1
f 991/50/1 36/2993/1 1622/51/1
f 979/53/1 30/2988/1 1623/54/1
f 994/56/1 29/2974/1 1596/57/1
f 995/59/1 37/2964/1 1626/60/1
f 973/62/1 24/2952/1 1627/63/1
f 1033/65/1 73/2945/1 1588/66/1
f 4408/68/1 4409/4170/1 4470/69/1
f 1011/71/1 52/3521/1 1631/72/1
f 1037/74/1 72/3413/1 1587/75/1
f 1038/77/1 75/3445/1 1634/78/1
f 1030/80/1 71/3504/1 1635/81/1
f 1041/83/1 45/3535/1 1559/84/1
f 1044/86/1 70/2985/1 1584/87/1
f 1045/89/1 77/3380/1 1641/90/1
f 1017/92/1 58/3456/1 1642/93/1
f 1796/95/1 4174/98/1 356/96/1
f 4174/98/1 177/2721/1 241/99/1
f 1027/100/1 68/3391/1 1646/101/1
f 1052/103/1 41/3563/1 1555/104/1
f 1054/106/1 67/3014/1 1581/107/1
f 1055/109/1 66/3174/1 1580/110/1
f 1056/112/1 79/3262/1 1651/113/1
f 4232/115/1 4220/339/1 633/116/1
f 1059/118/1 80/3171/1 1654/95/1
f 1024/120/1 65/3022/1 1655/121/1
f 1062/123/1 64/3047/1 1578/124/1
f 2886/126/1 4300/135/1 1746/127/1
f 1015/129/1 56/3598/1 1659/130/1
f 1066/132/1 63/3080/1 1577/133/1
f 4300/135/1 4279/2379/1 1744/136/1
f 1068/137/1 49/3449/1 1563/138/1
f 1069/140/1 83/3076/1 1665/141/1
f 1020/143/1 61/3055/1 1666/144/1
f 1072/146/1 60/3500/1 1574/147/1
f 1073/149/1 84/3043/1 1669/150/1
f 1004/152/1 44/3623/1 1670/153/1
f 1076/155/1 59/3384/1 1573/156/1
f 1077/158/1 85/3010/1 1673/159/1
f 1006/161/1 47/3087/1 1674/162/1
f 1080/164/1 53/3637/1 1567/165/1
f 1082/167/1 57/3648/1 1571/168/1
f 1000/170/1 40/3654/1 1681/171/1
f 1124/173/1 128/2941/1 1683/174/1
f 1213/176/1 106/2937/1 1448/177/1
f 1214/179/1 213/2936/1 1687/180/1
f 1209/182/1 212/2934/1 1688/183/1
f 1217/185/1 214/2998/1 1691/186/1
f 1220/188/1 102/2929/1 1444/189/1
f 1221/191/1 215/2928/1 1693/192/1
f 1206/194/1 210/2926/1 1694/195/1
f 1224/197/1 209/2923/1 1548/198/1
f 1225/200/1 216/2922/1 1697/201/1
f 1130/203/1 134/2920/1 1698/204/1
f 1228/206/1 208/2917/1 1547/207/1
f 1229/209/1 217/2916/1 1701/210/1
f 1203/212/1 207/2914/1 1702/213/1
f 1232/215/1 109/2911/1 1451/216/1
f 1233/218/1 218/2910/1 1705/219/1
f 1202/221/1 206/2908/1 1706/222/1
f 1236/224/1 205/2905/1 1544/225/1
f 1237/227/1 219/2904/1 1709/228/1
f 1128/230/1 132/2902/1 1710/231/1
f 1240/233/1 204/2899/1 1543/234/1
f 1241/236/1 220/2898/1 1713/237/1
f 1199/239/1 203/2896/1 1714/240/1
f 1244/242/1 110/2893/1 1452/243/1
f 1245/245/1 221/2892/1 1717/246/1
f 1198/248/1 202/2890/1 1718/249/1
f 1248/251/1 201/2887/1 1540/252/1
f 1249/254/1 222/2886/1 1721/255/1
f 1144/257/1 148/2884/1 1722/258/1
f 1252/260/1 200/2881/1 1539/261/1
f 1253/263/1 223/2880/1 1725/264/1
f 1195/266/1 199/2878/1 1726/267/1
f 1256/269/1 98/2875/1 1440/270/1
f 1257/272/1 224/2874/1 1729/273/1
f 1194/275/1 198/2872/1 1730/276/1
f 1260/278/1 197/2869/1 1536/279/1
f 1261/281/1 225/2868/1 1733/282/1
f 1145/284/1 149/2866/1 1734/285/1
f 1264/287/1 113/2863/1 1455/288/1
f 1265/290/1 226/2862/1 1736/291/1
f 1191/293/1 195/2860/1 1737/294/1
f 1268/296/1 194/2857/1 1534/297/1
f 1269/299/1 227/2856/1 1740/300/1
f 1139/302/1 143/2854/1 1741/303/1
f 4282/305/1 4280/1638/1 4299/306/1
f 4283/307/1 4299/306/1 2632/308/1
f 1188/310/1 192/2836/1 1745/311/1
f 4299/306/1 3089/1639/1 3082/313/1
f 1272/314/1 4281/1627/1 4298/315/1
f 1187/317/1 191/2820/1 1749/318/1
f 1280/320/1 190/2817/1 1530/321/1
f 1281/323/1 230/2816/1 1752/324/1
f 1148/326/1 152/2814/1 1753/327/1
f 1284/329/1 189/406/1 1529/330/1
f 1285/332/1 231/2811/1 1756/333/1
f 1184/335/1 188/2809/1 1757/336/1
f 4218/338/1 4219/2818/1 4220/339/1
f 2217/340/1 2216/3133/1 4217/341/1
f 4214/343/1 4215/4024/1 4216/344/1
f 1292/346/1 233/2781/1 1764/347/1
f 1149/349/1 153/3279/1 1765/350/1
f 1295/352/1 186/2778/1 1526/353/1
f 1296/355/1 234/2777/1 1768/356/1
f 1181/358/1 185/2775/1 1769/359/1
f 1299/361/1 116/2772/1 1458/362/1
f 1300/364/1 235/2771/1 1772/365/1
f 1180/367/1 184/2769/1 1773/368/1
f 1305/370/1 117/2764/1 1459/371/1
f 1306/373/1 236/3298/1 1778/374/1
f 1151/376/1 155/2994/1 1779/377/1
f 1309/379/1 183/2762/1 1522/380/1
f 1310/382/1 237/2760/1 1782/383/1
f 1178/385/1 182/3294/1 1783/386/1
f 1313/388/1 90/2757/1 1432/389/1
f 1314/391/1 238/2756/1 1786/392/1
f 1177/394/1 181/2754/1 1787/395/1
f 1317/397/1 180/2751/1 1520/398/1
f 1318/400/1 239/2750/1 1790/401/1
f 1152/403/1 156/2748/1 1791/404/1
f 2855/406/1 1517/2718/1 4173/407/1
f 4213/408/1 1322/4036/1 3122/409/1
f 4210/411/1 4211/3137/1 3198/412/1
f 2677/414/1 1643/1321/1 4172/415/1
f 4158/417/1 78/2715/1 4171/418/1
f 4159/419/1 4171/418/1 2854/420/1
f 1329/422/1 176/2714/1 1516/423/1
f 1330/425/1 242/2713/1 1802/426/1
f 1141/428/1 145/2711/1 1803/429/1
f 1333/431/1 175/2708/1 1515/432/1
f 1334/434/1 243/2707/1 1806/435/1
f 1170/437/1 174/2705/1 1807/438/1
f 1337/440/1 121/2702/1 1463/441/1
f 1338/443/1 244/2701/1 1810/444/1
f 1169/446/1 173/2699/1 1811/447/1
f 1341/449/1 172/2970/1 1512/450/1
f 1342/452/1 245/2960/1 1814/453/1
f 1343/455/1 94/2696/1 1436/456/1
f 1344/458/1 246/2695/1 1818/459/1
f 1167/461/1 170/2693/1 1819/462/1
f 1347/464/1 169/2690/1 1509/465/1
f 1348/467/1 247/2689/1 1822/468/1
f 1156/470/1 159/2687/1 1823/471/1
f 1351/473/1 168/2684/1 1508/474/1
f 1352/476/1 248/2683/1 1826/477/1
f 1164/479/1 167/2681/1 1827/480/1
f 1355/482/1 124/2678/1 1466/483/1
f 1356/485/1 249/2677/1 1830/486/1
f 1163/488/1 166/2675/1 1831/489/1
f 1359/491/1 165/2672/1 1505/492/1
f 4467/494/1 4468/4214/1 4469/495/1
f 1135/497/1 139/2665/1 1835/498/1
f 4465/500/1 4466/3024/1 3402/501/1
f 1364/503/1 251/603/1 1838/504/1
f 4410/506/1 4411/4222/1 4464/507/1
f 1367/509/1 125/2635/1 1467/510/1
f 1368/512/1 252/2634/1 1842/513/1
f 4461/515/1 4462/4217/1 4463/516/1
f 1371/518/1 161/2624/1 1501/519/1
f 1372/521/1 253/2623/1 1846/522/1
f 1097/524/1 101/2621/1 1847/525/1
f 1375/527/1 160/2618/1 1500/528/1
f 1376/530/1 254/2617/1 1850/531/1
f 1119/533/1 123/2615/1 1851/534/1
f 1379/536/1 133/2612/1 1475/537/1
f 1380/539/1 255/2611/1 1854/540/1
f 1118/542/1 122/2609/1 1855/543/1
f 1383/545/1 158/2606/1 1498/546/1
f 1384/548/1 256/2605/1 1858/549/1
f 1103/551/1 107/2603/1 1859/552/1
f 1387/554/1 157/2600/1 1497/555/1
f 1388/557/1 257/2599/1 1862/558/1
f 1115/560/1 119/2597/1 1863/561/1
f 1391/563/1 129/2594/1 1471/564/1
f 1392/566/1 258/2593/1 1865/567/1
f 1114/569/1 118/2591/1 1866/570/1
f 1395/572/1 154/2588/1 1495/573/1
f 1104/575/1 108/2585/1 1869/576/1
f 1397/578/1 135/2582/1 1477/579/1
f 1398/581/1 260/2581/1 1872/582/1
f 1111/584/1 115/2579/1 1873/585/1
f 1401/587/1 151/2576/1 1493/588/1
f 1402/590/1 261/2575/1 1876/591/1
f 1101/593/1 105/2573/1 1877/594/1
f 1405/596/1 150/2570/1 1492/597/1
f 1406/599/1 262/2569/1 1880/600/1
f 2631/316/1 4298/315/1 1279/602/1
f 1409/604/1 136/2563/1 1478/605/1
f 1410/607/1 263/2562/1 1884/608/1
f 1107/610/1 111/2560/1 1885/611/1
f 1413/613/1 147/2557/1 1489/614/1
f 1414/616/1 264/2556/1 1888/617/1
f 1089/619/1 93/2554/1 1889/620/1
f 1417/622/1 146/2551/1 1488/623/1
f 1418/625/1 265/2550/1 1892/626/1
f 1092/628/1 96/2548/1 1893/629/1
f 1421/631/1 140/2545/1 1482/632/1
f 1422/634/1 266/2544/1 1896/635/1
f 1091/637/1 95/2542/1 1897/638/1
f 1425/640/1 144/2539/1 1486/641/1
f 1426/643/1 267/2538/1 1900/644/1
f 1085/646/1 89/2536/1 1901/647/1
f 1902/649/1 739/2535/1 1428/650/1
f 1903/652/1 740/3653/1 1904/653/1
f 1554/655/1 393/3656/1 1905/656/1
f 1906/658/1 738/3646/1 1427/659/1
f 1907/661/1 741/3649/1 1908/662/1
f 1899/664/1 737/3655/1 1909/665/1
f 1910/667/1 325/3657/1 1016/668/1
f 1911/670/1 742/3645/1 1912/671/1
f 1898/673/1 736/2537/1 1913/674/1
f 1914/676/1 735/2541/1 1424/677/1
f 1915/679/1 743/3642/1 1916/680/1
f 1560/682/1 399/3436/1 1917/683/1
f 1918/685/1 734/3635/1 1423/686/1
f 1919/688/1 744/3638/1 1920/689/1
f 1895/691/1 733/3643/1 1921/692/1
f 1922/694/1 321/3658/1 1012/695/1
f 1923/697/1 745/3634/1 1924/698/1
f 1894/700/1 732/2543/1 1925/701/1
f 1926/703/1 731/2547/1 1420/704/1
f 1927/706/1 746/3631/1 1928/707/1
f 1561/709/1 400/3100/1 1929/710/1
f 1930/712/1 730/3626/1 1419/713/1
f 1931/715/1 747/3628/1 1932/716/1
f 1891/718/1 729/3633/1 1933/719/1
f 1934/721/1 327/3382/1 1018/722/1
f 1935/724/1 748/3625/1 1936/725/1
f 1890/727/1 728/2549/1 1937/728/1
f 1938/730/1 727/2553/1 1416/731/1
f 1939/733/1 749/3621/1 1940/734/1
f 1558/736/1 397/3659/1 1941/737/1
f 1942/739/1 726/3616/1 1415/740/1
f 1943/742/1 750/3618/1 1944/743/1
f 1887/745/1 725/3624/1 1945/746/1
f 4460/748/1 4413/4215/1 672/749/1
f 1947/751/1 751/3495/1 1948/752/1
f 1886/754/1 724/2555/1 1949/755/1
f 1950/757/1 723/2559/1 1412/758/1
f 1951/760/1 752/3613/1 1952/761/1
f 1575/763/1 414/3069/1 1953/764/1
f 1954/766/1 722/3608/1 1411/767/1
f 1955/769/1 753/3610/1 1956/770/1
f 1883/772/1 721/3615/1 1957/773/1
f 1958/775/1 317/3447/1 1008/776/1
f 1959/778/1 754/3607/1 1960/779/1
f 1882/781/1 720/2561/1 1961/782/1
f 1962/784/1 719/2566/1 1408/785/1
f 4298/315/1 4283/307/1 1278/309/1
f 3092/787/1 2358/1633/1 4297/788/1
f 1966/790/1 718/3601/1 1407/791/1
f 1967/793/1 756/3603/1 1968/794/1
f 1879/796/1 717/3606/1 1969/797/1
f 1970/799/1 331/3078/1 1022/800/1
f 1971/802/1 757/3600/1 1972/803/1
f 1878/805/1 716/2568/1 1973/806/1
f 1974/808/1 715/2572/1 1404/809/1
f 1975/811/1 758/3596/1 1976/812/1
f 1570/814/1 409/3660/1 1977/815/1
f 1978/817/1 714/3593/1 1403/818/1
f 1979/820/1 759/3595/1 1980/821/1
f 1875/823/1 713/3599/1 1981/824/1
f 1982/826/1 332/3045/1 1023/827/1
f 1983/829/1 760/3592/1 1984/830/1
f 1874/832/1 712/2574/1 1985/833/1
f 1986/835/1 711/2578/1 1400/836/1
f 1987/838/1 761/3589/1 1988/839/1
f 1579/841/1 418/3036/1 1989/842/1
f 1990/844/1 710/3584/1 1399/845/1
f 1991/847/1 762/3586/1 1992/848/1
f 1871/850/1 709/3591/1 1993/851/1
f 1994/853/1 316/3340/1 1007/854/1
f 1995/856/1 763/3583/1 1996/857/1
f 1870/859/1 708/2580/1 1997/860/1
f 1998/862/1 334/3012/1 1026/863/1
f 1999/865/1 764/3566/1 2000/866/1
f 1867/868/1 706/2586/1 2001/869/1
f 2002/871/1 705/2590/1 1394/872/1
f 2003/874/1 704/3561/1 1393/875/1
f 2004/877/1 310/3665/1 1001/878/1
f 2005/880/1 765/3560/1 2006/881/1
f 1864/883/1 703/2592/1 2007/884/1
f 2008/886/1 702/2596/1 1390/887/1
f 2009/889/1 766/3557/1 2010/890/1
f 1582/892/1 421/3403/1 2011/893/1
f 2012/895/1 701/3554/1 1389/896/1
f 2013/898/1 767/3555/1 2014/899/1
f 1861/901/1 700/3559/1 2015/902/1
f 2016/904/1 336/3291/1 1028/905/1
f 2017/907/1 768/3553/1 2018/908/1
f 1860/910/1 699/2598/1 2019/911/1
f 2020/913/1 698/2602/1 1386/914/1
f 2021/916/1 769/3550/1 2022/917/1
f 1572/919/1 411/3468/1 2023/920/1
f 2024/922/1 697/3545/1 1385/923/1
f 2025/925/1 770/3547/1 2026/926/1
f 1857/928/1 696/3552/1 2027/929/1
f 2028/931/1 337/2983/1 1029/932/1
f 2029/934/1 771/3544/1 2030/935/1
f 1856/937/1 695/2604/1 2031/938/1
f 2032/940/1 694/2608/1 1382/941/1
f 2033/943/1 772/3540/1 2034/944/1
f 1585/946/1 424/2977/1 2035/947/1
f 2036/949/1 693/3533/1 1381/950/1
f 2037/952/1 773/3536/1 2038/953/1
f 1853/955/1 692/3542/1 2039/956/1
f 2040/958/1 314/3666/1 1005/959/1
f 2041/961/1 774/3532/1 2042/962/1
f 1852/964/1 691/2610/1 2043/965/1
f 2044/967/1 690/2614/1 1378/968/1
f 2045/970/1 775/3529/1 2046/971/1
f 1586/973/1 425/3513/1 2047/974/1
f 2048/976/1 689/3524/1 1377/977/1
f 2049/979/1 776/3526/1 2050/980/1
f 1849/982/1 688/3531/1 2051/983/1
f 2052/985/1 339/3411/1 1031/986/1
f 2053/988/1 777/3523/1 2054/989/1
f 1848/991/1 687/2616/1 2055/992/1
f 2056/994/1 686/2620/1 1374/995/1
f 2057/997/1 778/3519/1 2058/998/1
f 1566/1000/1 405/3667/1 2059/1001/1
f 2060/1003/1 685/3517/1 1373/1004/1
f 4370/1006/1 4371/4226/1 4459/1007/1
f 1845/1009/1 684/3522/1 2063/1010/1
f 2064/1012/1 340/2943/1 1032/1013/1
f 2065/1015/1 780/3516/1 2066/1016/1
f 1844/1018/1 683/2622/1 2067/1019/1
f 4456/1021/1 4457/4220/1 4458/1022/1
f 4455/1024/1 4415/4168/1 469/1025/1
f 4416/1027/1 4417/4229/1 4454/1028/1
f 2072/1030/1 681/3511/1 1369/1031/1
f 2073/1033/1 782/3494/1 2074/1034/1
f 4451/1036/1 4452/4224/1 4453/1037/1
f 2076/1039/1 306/2962/1 997/1040/1
f 2077/1042/1 783/3510/1 2078/1043/1
f 1840/1045/1 679/2632/1 2079/1046/1
f 4450/1048/1 4419/4223/1 344/1049/1
f 2081/1051/1 784/3515/1 2082/1052/1
f 4360/1054/1 4361/4201/1 4449/1055/1
f 2084/1057/1 677/3502/1 1365/1058/1
f 2085/1060/1 785/3505/1 2086/1061/1
f 1837/1063/1 676/3509/1 2087/1064/1
f 2088/1066/1 343/3514/1 1035/1067/1
f 2089/1069/1 786/3501/1 2090/1070/1
f 4446/1072/1 4447/4227/1 4448/1073/1
f 4445/1075/1 4421/2584/1 342/1076/1
f 2093/1078/1 787/3497/1 2094/1079/1
f 1603/1081/1 442/3668/1 2095/1082/1
f 4422/1084/1 4423/4165/1 4444/1085/1
f 4441/1087/1 4442/4230/1 4443/1088/1
f 4440/1090/1 4341/4203/1 4554/1091/1
f 4424/1093/1 4425/4236/1 4439/1094/1
f 4436/1096/1 4437/4232/1 4438/1097/1
f 4435/1099/1 4427/4231/1 163/1100/1
f 2104/1102/1 670/2674/1 1358/1103/1
f 2105/1105/1 790/3469/1 2106/1106/1
f 1632/1108/1 471/3528/1 2107/1109/1
f 2108/1111/1 669/3464/1 1357/1112/1
f 2109/1114/1 791/3466/1 2110/1115/1
f 1829/1117/1 668/3471/1 2111/1118/1
f 2112/1120/1 305/3424/1 996/1121/1
f 2113/1123/1 792/3463/1 2114/1124/1
f 1828/1126/1 667/2676/1 2115/1127/1
f 2116/1129/1 666/2680/1 1354/1130/1
f 2117/1132/1 793/3460/1 2118/1133/1
f 1633/1135/1 472/3448/1 2119/1136/1
f 2120/1138/1 665/3454/1 1353/1139/1
f 2121/1141/1 794/3457/1 2122/1142/1
f 1825/1144/1 664/3462/1 2123/1145/1
f 2124/1147/1 347/3467/1 1039/1148/1
f 2125/1150/1 795/3453/1 2126/1151/1
f 1824/1153/1 663/2682/1 2127/1154/1
f 2128/1156/1 662/2686/1 1350/1157/1
f 2129/1159/1 796/3450/1 2130/1160/1
f 1625/1162/1 464/3507/1 2131/1163/1
f 2132/1165/1 661/3443/1 1349/1166/1
f 2133/1168/1 797/3446/1 2134/1169/1
f 1821/1171/1 660/3452/1 2135/1172/1
f 2136/1174/1 348/3527/1 1040/1175/1
f 2137/1177/1 798/3442/1 2138/1178/1
f 1820/1180/1 659/2688/1 2139/1181/1
f 2140/1183/1 658/2692/1 1346/1184/1
f 2141/1186/1 799/3439/1 2142/1187/1
f 1636/1189/1 475/3538/1 2143/1190/1
f 2144/1192/1 657/3429/1 1345/1193/1
f 2145/1195/1 800/3432/1 2146/1196/1
f 1817/1198/1 656/3440/1 2147/1199/1
f 2148/1201/1 275/23/1 966/22/1
f 2149/1203/1 801/3428/1 2150/1204/1
f 1816/1206/1 655/2694/1 2151/1207/1
f 2152/1209/1 802/3415/1 2153/1210/1
f 1637/1212/1 476/3412/1 2154/1213/1
f 2155/1215/1 803/3420/1 2156/1216/1
f 1815/1218/1 654/3414/1 2157/1219/1
f 2159/1221/1 804/3416/1 2160/1222/1
f 1624/1224/1 463/2963/1 2161/1225/1
f 2162/1227/1 805/3410/1 2163/1228/1
f 1813/1230/1 653/3418/1 2164/1231/1
f 1812/1233/1 652/2978/1 2165/1234/1
f 2166/1236/1 651/2698/1 1340/1237/1
f 2167/1239/1 806/3404/1 2168/1240/1
f 1639/1242/1 478/3549/1 2169/1243/1
f 2170/1245/1 650/3399/1 1339/1246/1
f 2171/1248/1 807/3401/1 2172/1249/1
f 1809/1251/1 649/3406/1 2173/1252/1
f 2174/1254/1 302/2991/1 993/1255/1
f 2175/1257/1 808/3398/1 2176/1258/1
f 1808/1260/1 648/2700/1 2177/1261/1
f 2178/1263/1 647/2704/1 1336/1264/1
f 2179/1266/1 809/3395/1 2180/1267/1
f 1640/1269/1 479/3383/1 2181/1270/1
f 2182/1272/1 646/3389/1 1335/1273/1
f 2183/1275/1 810/3392/1 2184/1276/1
f 1805/1278/1 645/3397/1 2185/1279/1
f 2186/1281/1 354/3402/1 1046/1282/1
f 2187/1284/1 811/3388/1 2188/1285/1
f 1804/1287/1 644/2706/1 2189/1288/1
f 2190/1290/1 643/2710/1 1332/1291/1
f 2191/1293/1 812/3385/1 2192/1294/1
f 1609/1296/1 448/3459/1 2193/1297/1
f 2194/1299/1 642/3378/1 1331/1300/1
f 2195/1302/1 813/3381/1 2196/1303/1
f 1801/1305/1 641/3387/1 2197/1306/1
f 2198/1308/1 355/3548/1 1047/1309/1
f 2199/1311/1 814/3377/1 2200/1312/1
f 1800/1314/1 640/2712/1 2201/1315/1
f 4171/418/1 3514/2716/1 3513/1317/1
f 1325/1318/1 4157/2303/1 4170/1319/1
f 2676/1320/1 4170/1319/1 1643/1321/1
f 2206/1322/1 638/3365/1 1327/1323/1
f 2207/1325/1 816/3374/1 2208/1326/1
f 4170/1319/1 4159/419/1 1519/421/1
f 2210/1328/1 301/3308/1 992/1329/1
f 2211/1331/1 817/3367/1 2212/1332/1
f 3204/1334/1 2209/2310/1 4169/1335/1
f 1288/1337/1 1093/4025/1 4209/1338/1
f 4205/1340/1 4206/4029/1 4207/1341/1
f 4204/1343/1 2214/4033/1 3199/1344/1
f 2218/1346/1 634/3347/1 1323/1347/1
f 2219/1349/1 819/3353/1 2220/1350/1
f 818/117/1 633/116/1 4202/1352/1
f 2222/1354/1 358/3372/1 1050/1355/1
f 2223/1357/1 820/3345/1 2224/1358/1
f 1792/1360/1 632/2739/1 2225/1361/1
f 2226/1363/1 631/2747/1 1320/1364/1
f 2227/1366/1 821/3342/1 2228/1367/1
f 1621/1369/1 460/3394/1 2229/1370/1
f 2230/1372/1 630/3334/1 1319/1373/1
f 2231/1375/1 822/3339/1 2232/1376/1
f 1789/1378/1 629/3344/1 2233/1379/1
f 2234/1381/1 359/3556/1 1051/1382/1
f 2235/1384/1 823/3333/1 2236/1385/1
f 1788/1387/1 628/2749/1 2237/1388/1
f 2238/1390/1 627/2753/1 1316/1391/1
f 2240/1393/1 626/3320/1 1315/1394/1
f 2241/1396/1 824/3326/1 2242/1397/1
f 1785/1399/1 625/3331/1 2243/1400/1
f 2244/1402/1 271/3670/1 962/1403/1
f 2245/1405/1 825/3319/1 2246/1406/1
f 1784/1408/1 624/2755/1 2247/1409/1
f 2248/1411/1 623/3286/1 1312/1412/1
f 2249/1414/1 826/3314/1 2250/1415/1
f 1647/1417/1 486/3292/1 2251/1418/1
f 2252/1420/1 622/3300/1 1311/1421/1
f 2253/1423/1 827/3306/1 2254/1424/1
f 1781/1426/1 621/3317/1 2255/1427/1
f 2256/1429/1 361/3327/1 1053/1430/1
f 2257/1432/1 828/3299/1 2258/1433/1
f 1780/1435/1 620/2759/1 2259/1436/1
f 2260/1438/1 619/3564/1 1308/1439/1
f 2261/1441/1 829/3295/1 2262/1442/1
f 1620/1444/1 459/2992/1 2263/1445/1
f 2264/1447/1 618/3565/1 1307/1448/1
f 2265/1450/1 830/3290/1 2266/1451/1
f 1777/1453/1 617/3297/1 2267/1454/1
f 2270/1456/1 831/3280/1 2271/1457/1
f 1648/1459/1 487/3270/1 2272/1460/1
f 2273/1462/1 616/3664/1 1304/1463/1
f 2274/1465/1 832/3273/1 2275/1466/1
f 1775/1468/1 615/3283/1 2276/1469/1
f 2279/1471/1 614/2768/1 1302/1472/1
f 2280/1474/1 833/3260/1 2281/1475/1
f 1649/1477/1 488/3573/1 2282/1478/1
f 2283/1480/1 613/3250/1 1301/1481/1
f 2284/1483/1 834/3255/1 2285/1484/1
f 1771/1486/1 612/3263/1 2286/1487/1
f 2287/1489/1 297/3189/1 988/1490/1
f 2288/1492/1 835/3249/1 2289/1493/1
f 1770/1495/1 611/2770/1 2290/1496/1
f 2291/1498/1 610/2774/1 1298/1499/1
f 2292/1501/1 836/3244/1 2293/1502/1
f 1650/1504/1 489/3219/1 2294/1505/1
f 2295/1507/1 609/3229/1 1297/1508/1
f 2296/1510/1 837/3235/1 2297/1511/1
f 1767/1513/1 608/3247/1 2298/1514/1
f 2299/1516/1 365/3256/1 1057/1517/1
f 2300/1519/1 838/3228/1 2301/1520/1
f 1766/1522/1 607/2776/1 2302/1523/1
f 2303/1525/1 606/2780/1 1294/1526/1
f 2304/1528/1 839/3222/1 2305/1529/1
f 1617/1531/1 456/3277/1 2306/1532/1
f 2307/1534/1 605/3213/1 1293/1535/1
f 2308/1537/1 840/3215/1 2309/1538/1
f 1763/1540/1 604/3226/1 2310/1541/1
f 2311/1543/1 841/3212/1 2312/1544/1
f 1762/1546/1 603/3674/1 2313/1547/1
f 4200/1549/1 4201/3167/1 4230/1550/1
f 602/1552/1 600/4037/1 4199/1553/1
f 4196/1555/1 4197/4032/1 4198/1556/1
f 2318/1558/1 601/3198/1 1290/1559/1
f 2319/1561/1 843/3204/1 2320/1562/1
f 4195/1564/1 401/4031/1 2315/1565/1
f 2322/1567/1 278/3354/1 969/1568/1
f 2323/1570/1 844/3197/1 2324/1571/1
f 1759/1573/1 1758/3151/1 4194/1574/1
f 2326/1576/1 598/2808/1 1287/1577/1
f 2327/1579/1 845/3194/1 2328/1580/1
f 1653/1582/1 492/3173/1 2329/1583/1
f 2330/1585/1 597/3182/1 1286/1586/1
f 2331/1588/1 846/3188/1 2332/1589/1
f 1755/1591/1 596/3196/1 2333/1592/1
f 2334/1594/1 368/3205/1 1060/1595/1
f 2335/1597/1 847/3181/1 2336/1598/1
f 1754/1600/1 595/2810/1 2337/1601/1
f 2338/1603/1 594/2813/1 1283/1604/1
f 2339/1606/1 848/3177/1 2340/1607/1
f 1616/1609/1 455/3025/1 2341/1610/1
f 2342/1612/1 593/3169/1 1282/1613/1
f 1751/1615/1 592/3180/1 2344/1616/1
f 2345/1618/1 369/3587/1 1061/1619/1
f 2346/1621/1 850/3168/1 2347/1622/1
f 1750/1624/1 591/2815/1 2348/1625/1
f 1277/789/1 4297/788/1 4281/1627/1
f 4297/788/1 4284/1634/1 4282/305/1
f 3094/1628/1 4290/2397/1 4296/1629/1
f 1064/1630/1 4296/1629/1 4295/1631/1
f 2358/1633/1 2356/4041/1 4284/1634/1
f 4281/1627/1 4282/305/1 4283/307/1
f 2357/1635/1 295/3057/1 986/1636/1
f 4280/1638/1 1747/4048/1 3089/1639/1
f 1746/127/1 1744/136/1 4278/1640/1
f 2361/1642/1 586/2835/1 1275/1643/1
f 2362/1645/1 854/3160/1 2363/1646/1
f 1657/1648/1 496/3142/1 2364/1649/1
f 2365/1651/1 585/3153/1 1274/1652/1
f 2366/1654/1 855/3154/1 2367/1655/1
f 1743/1657/1 584/3163/1 2368/1658/1
f 4275/1660/1 4276/4039/1 4277/1661/1
f 4274/1663/1 2352/4050/1 3097/1664/1
f 1742/1666/1 1658/4046/1 4273/1667/1
f 2373/1669/1 582/2853/1 1271/1670/1
f 2374/1672/1 857/3145/1 2375/1673/1
f 1607/1675/1 446/3673/1 2376/1676/1
f 2377/1678/1 581/3132/1 1270/1679/1
f 2378/1681/1 858/3138/1 2379/1682/1
f 1739/1684/1 580/3149/1 2380/1685/1
f 4270/1687/1 4271/4043/1 4272/1688/1
f 2382/1690/1 859/3131/1 2383/1691/1
f 1738/1693/1 579/2855/1 2384/1694/1
f 2385/1696/1 578/2859/1 1267/1697/1
f 2386/1699/1 860/3129/1 2387/1700/1
f 1660/1702/1 499/3605/1 2388/1703/1
f 2389/1705/1 577/3127/1 1266/1706/1
f 2391/1708/1 294/3089/1 985/1709/1
f 2392/1711/1 862/3126/1 2393/1712/1
f 1735/1714/1 575/2861/1 2394/1715/1
f 1661/1717/1 500/3112/1 2396/1718/1
f 2397/1720/1 574/2865/1 1263/1721/1
f 2398/1723/1 863/3117/1 2399/1724/1
f 1613/1726/1 452/3158/1 2400/1727/1
f 2401/1729/1 573/3106/1 1262/1730/1
f 2402/1732/1 864/3108/1 2403/1733/1
f 1732/1735/1 572/3121/1 2404/1736/1
f 1731/1738/1 571/2867/1 2407/1739/1
f 2408/1741/1 570/2871/1 1259/1742/1
f 2409/1744/1 866/3101/1 2410/1745/1
f 1663/1747/1 502/3612/1 2411/1748/1
f 2412/1750/1 569/3095/1 1258/1751/1
f 2413/1753/1 867/3098/1 2414/1754/1
f 1728/1756/1 568/3103/1 2415/1757/1
f 2416/1759/1 279/3458/1 970/1760/1
f 2417/1762/1 868/3094/1 2418/1763/1
f 1727/1765/1 567/2873/1 2419/1766/1
f 2420/1768/1 566/2877/1 1255/1769/1
f 2421/1771/1 869/3091/1 2422/1772/1
f 1664/1774/1 503/3079/1 2423/1775/1
f 2424/1777/1 565/3085/1 1254/1778/1
f 2425/1780/1 870/3088/1 2426/1781/1
f 1724/1783/1 564/3093/1 2427/1784/1
f 2428/1786/1 378/3099/1 1070/1787/1
f 2429/1789/1 871/3084/1 2430/1790/1
f 1723/1792/1 563/2879/1 2431/1793/1
f 2432/1795/1 562/2883/1 1251/1796/1
f 2433/1798/1 872/3081/1 2434/1799/1
f 1612/1801/1 451/3058/1 2435/1802/1
f 2436/1804/1 561/3074/1 1250/1805/1
f 2437/1807/1 873/3077/1 2438/1808/1
f 1720/1810/1 560/3083/1 2439/1811/1
f 2440/1813/1 379/3611/1 1071/1814/1
f 2441/1816/1 874/3073/1 2442/1817/1
f 1719/1819/1 559/2885/1 2443/1820/1
f 2444/1822/1 558/2889/1 1247/1823/1
f 2445/1825/1 875/3070/1 2446/1826/1
f 1667/1828/1 506/3620/1 2447/1829/1
f 2448/1831/1 557/3064/1 1246/1832/1
f 2449/1834/1 876/3067/1 2450/1835/1
f 1716/1837/1 556/3072/1 2451/1838/1
f 2452/1840/1 291/3506/1 982/1841/1
f 2453/1843/1 877/3063/1 2454/1844/1
f 1715/1846/1 555/2891/1 2455/1847/1
f 2456/1849/1 554/2895/1 1243/1850/1
f 2457/1852/1 878/3060/1 2458/1853/1
f 1668/1855/1 507/3046/1 2459/1856/1
f 2460/1858/1 553/3053/1 1242/1859/1
f 2461/1861/1 879/3056/1 2462/1862/1
f 1712/1864/1 552/3062/1 2463/1865/1
f 2464/1867/1 382/3068/1 1074/1868/1
f 2465/1870/1 880/3052/1 2466/1871/1
f 1711/1873/1 551/2897/1 2467/1874/1
f 2468/1876/1 550/2901/1 1239/1877/1
f 2469/1879/1 881/3048/1 2470/1880/1
f 1595/1882/1 434/3676/1 2471/1883/1
f 2472/1885/1 549/3041/1 1238/1886/1
f 2473/1888/1 882/3044/1 2474/1889/1
f 1708/1891/1 548/3051/1 2475/1892/1
f 2476/1894/1 383/3619/1 1075/1895/1
f 2477/1897/1 883/3040/1 2478/1898/1
f 1707/1900/1 547/2903/1 2479/1901/1
f 2480/1903/1 546/2907/1 1235/1904/1
f 2481/1906/1 884/3037/1 2482/1907/1
f 1671/1909/1 510/3630/1 2483/1910/1
f 2484/1912/1 545/3031/1 1234/1913/1
f 2485/1915/1 885/3034/1 2486/1916/1
f 1704/1918/1 544/3039/1 2487/1919/1
f 2488/1921/1 290/3393/1 981/1922/1
f 2489/1924/1 886/3030/1 2490/1925/1
f 1703/1927/1 543/2909/1 2491/1928/1
f 2492/1930/1 542/2913/1 1231/1931/1
f 2493/1933/1 887/3027/1 2494/1934/1
f 1672/1936/1 511/3013/1 2495/1937/1
f 2496/1939/1 541/3020/1 1230/1940/1
f 2497/1942/1 888/3023/1 2498/1943/1
f 1700/1945/1 540/3029/1 2499/1946/1
f 2500/1948/1 386/3035/1 1078/1949/1
f 2501/1951/1 889/3019/1 2502/1952/1
f 1699/1954/1 539/2915/1 2503/1955/1
f 2504/1957/1 538/2919/1 1227/1958/1
f 2505/1960/1 890/3015/1 2506/1961/1
f 1598/1963/1 437/3090/1 2507/1964/1
f 2508/1966/1 537/3008/1 1226/1967/1
f 2509/1969/1 891/3011/1 2510/1970/1
f 1696/1972/1 536/3018/1 2511/1973/1
f 2512/1975/1 387/3629/1 1079/1976/1
f 2513/1978/1 892/3007/1 2514/1979/1
f 1695/1981/1 535/2921/1 2515/1982/1
f 2516/1984/1 534/2925/1 1223/1985/1
f 2517/1987/1 893/3003/1 2518/1988/1
f 1675/1990/1 514/3641/1 2519/1991/1
f 2520/1993/1 533/3000/1 1222/1994/1
f 2521/1996/1 283/3677/1 974/1997/1
f 2522/1999/1 894/2999/1 2523/2000/1
f 1692/2002/1 532/2927/1 2524/2003/1
f 2525/2005/1 531/2930/1 1219/2006/1
f 2526/2008/1 895/2995/1 2527/2009/1
f 1676/2011/1 515/2984/1 2528/2012/1
f 2529/2014/1 530/3287/1 1218/2015/1
f 2530/2017/1 896/2990/1 2531/2018/1
f 1690/2020/1 529/2997/1 2532/2021/1
f 2533/2023/1 897/2986/1 2534/2024/1
f 1597/2026/1 436/3407/1 2535/2027/1
f 2536/2029/1 898/2982/1 2537/2030/1
f 1689/2032/1 528/2989/1 2538/2033/1
f 2539/2035/1 527/2933/1 1216/2036/1
f 2540/2038/1 899/2979/1 2541/2039/1
f 1679/2041/1 518/3651/1 2542/2042/1
f 2543/2044/1 526/2972/1 1215/2045/1
f 2544/2047/1 900/2975/1 2545/2048/1
f 1686/2050/1 525/2981/1 2546/2051/1
f 2547/2053/1 287/3678/1 978/2054/1
f 2548/2056/1 901/2971/1 2549/2057/1
f 1685/2059/1 524/2935/1 2550/2060/1
f 2552/2062/1 902/2967/1 2553/2063/1
f 1680/2065/1 519/2944/1 2554/2066/1
f 2556/2068/1 903/2961/1 2557/2069/1
f 1684/2071/1 523/2969/1 2558/2072/1
f 2560/2074/1 904/2950/1 2561/2075/1
f 1591/2077/1 430/3680/1 2562/2078/1
f 2564/2080/1 905/2942/1 2565/2081/1
f 1682/2083/1 521/2953/1 2566/2084/1
f 1470/2086/1 309/3681/1 2569/2087/1
f 2570/2089/1 410/3682/1 1102/2090/1
f 2571/2092/1 907/2932/1 2572/2093/1
f 1551/2095/1 390/3647/1 2573/2096/1
f 2574/2098/1 516/3005/1 1207/2099/1
f 2575/2101/1 908/2931/1 2576/2102/1
f 2577/2104/1 406/3683/1 1098/2105/1
f 2578/2107/1 909/2924/1 2579/2108/1
f 1549/2110/1 388/3636/1 2580/2111/1
f 2581/2113/1 513/3632/1 1205/2114/1
f 2582/2116/1 910/2918/1 2583/2117/1
f 1476/2119/1 315/3086/1 2584/2120/1
f 2585/2122/1 512/3038/1 1204/2123/1
f 2586/2125/1 911/2912/1 2587/2126/1
f 1546/2128/1 385/3009/1 2588/2129/1
f 2589/2131/1 412/3396/1 1105/2132/1
f 2590/2134/1 912/2906/1 2591/2135/1
f 1545/2137/1 384/3627/1 2592/2138/1
f 2593/2140/1 509/3622/1 1201/2141/1
f 2594/2143/1 913/2900/1 2595/2144/1
f 1474/2146/1 313/3684/1 2596/2147/1
f 2597/2149/1 508/3071/1 1200/2150/1
f 2598/2152/1 914/2894/1 2599/2153/1
f 1542/2155/1 381/3042/1 2600/2156/1
f 2601/2158/1 413/3508/1 1106/2159/1
f 2602/2161/1 915/2888/1 2603/2162/1
f 1541/2164/1 380/3617/1 2604/2165/1
f 2605/2167/1 505/3614/1 1197/2168/1
f 2606/2170/1 916/2882/1 2607/2171/1
f 1490/2173/1 329/3054/1 2608/2174/1
f 2609/2176/1 504/3102/1 1196/2177/1
f 2610/2179/1 917/2876/1 2611/2180/1
f 1538/2182/1 377/3075/1 2612/2183/1
f 2613/2185/1 402/3461/1 1094/2186/1
f 2614/2188/1 918/2870/1 2615/2189/1
f 1537/2191/1 376/3609/1 2616/2192/1
f 2617/2194/1 501/3165/1 1193/2195/1
f 2618/2197/1 919/2864/1 2619/2198/1
f 1491/2200/1 330/3152/1 2620/2201/1
f 2621/2203/1 416/3092/1 1109/2204/1
f 2622/2206/1 920/2858/1 2623/2207/1
f 1535/2209/1 374/3602/1 2624/2210/1
f 2625/2212/1 498/3597/1 1190/2213/1
f 2626/2215/1 921/2852/1 2627/2216/1
f 1485/2218/1 324/3685/1 2628/2219/1
f 4269/2221/1 1533/4040/1 2889/2222/1
f 4264/2224/1 4265/2664/1 2886/126/1
f 1279/602/1 1278/309/1 4294/2226/1
f 2633/2228/1 417/3061/1 1110/2229/1
f 2349/2231/1 1965/4045/1 4262/2232/1
f 1531/2234/1 370/3594/1 2636/2235/1
f 2637/2237/1 494/3590/1 1186/2238/1
f 2638/2240/1 924/2812/1 2639/2241/1
f 1494/2243/1 333/3021/1 2640/2244/1
f 2641/2246/1 493/97/1 1185/2247/1
f 2642/2249/1 925/2807/1 2643/2250/1
f 1528/2252/1 367/3170/1 2644/2253/1
f 4191/2255/1 4192/4035/1 4193/2256/1
f 4190/2258/1 97/2819/1 2314/2259/1
f 1793/2261/1 1761/4034/1 4189/2262/1
f 2650/2264/1 490/3261/1 1182/2265/1
f 2651/2267/1 927/2773/1 2652/2268/1
f 1525/2270/1 364/3214/1 2653/2271/1
f 2654/2273/1 419/3195/1 1112/2274/1
f 2655/2276/1 928/2767/1 2656/2277/1
f 1524/2279/1 363/3672/1 2657/2280/1
f 2658/2282/1 420/3028/1 1113/2283/1
f 2662/2285/1 394/3686/1 1086/2286/1
f 2663/2288/1 930/2752/1 2664/2289/1
f 1521/2291/1 360/3562/1 2665/2292/1
f 2666/2294/1 485/3558/1 1176/2295/1
f 2667/2297/1 931/2746/1 2668/2298/1
f 1496/2300/1 335/3390/1 2669/2301/1
f 1326/1336/1 4169/1335/1 4157/2303/1
f 2671/2304/1 932/2735/1 2672/2305/1
f 1518/2307/1 357/3335/1 2673/2308/1
f 4169/1335/1 4160/2311/1 4158/417/1
f 2209/2310/1 2205/3585/1 4160/2311/1
f 4157/2303/1 4158/417/1 4159/419/1
f 2678/2312/1 481/3551/1 1172/2313/1
f 2679/2315/1 934/2709/1 2680/2316/1
f 1487/2318/1 326/3455/1 2681/2319/1
f 2682/2321/1 480/3405/1 1171/2322/1
f 2683/2324/1 935/2703/1 2684/2325/1
f 1514/2327/1 353/3379/1 2685/2328/1
f 2686/2330/1 423/2996/1 1117/2331/1
f 2687/2333/1 936/2697/1 2688/2334/1
f 1513/2336/1 352/3546/1 2689/2337/1
f 2690/2339/1 398/3687/1 1090/2340/1
f 2691/2342/1 937/2691/1 2692/2343/1
f 1510/2345/1 349/3534/1 2693/2346/1
f 2694/2348/1 474/3530/1 1166/2349/1
f 2695/2351/1 938/2685/1 2696/2352/1
f 1499/2354/1 338/3503/1 2697/2355/1
f 2698/2357/1 473/3470/1 1165/2358/1
f 2699/2360/1 939/2679/1 2700/2361/1
f 1507/2363/1 346/3444/1 2701/2364/1
f 2702/2366/1 426/3427/1 1120/2367/1
f 2703/2369/1 940/2673/1 2704/2370/1
f 1506/2372/1 345/3525/1 2705/2373/1
f 2706/2375/1 470/3520/1 1162/2376/1
f 2707/2378/1 941/2663/1 2708/2379/1
f 1481/2380/1 320/3688/1 2709/2381/1
f 4362/2383/1 4363/4219/1 4434/2384/1
f 4431/2386/1 4432/4234/1 4433/2387/1
f 4430/2389/1 4429/4163/1 74/2390/1
f 2714/2392/1 427/2968/1 1121/2393/1
f 2715/1631/1 943/2625/1 2716/2395/1
f 1502/2397/1 341/3518/1 2717/2398/1
f 2718/2399/1 466/2951/1 1158/2400/1
f 2719/2402/1 944/2619/1 2720/2403/1
f 1443/2405/1 282/3689/1 2721/2406/1
f 2722/2408/1 465/3417/1 1157/2409/1
f 2723/2411/1 945/2613/1 2724/2412/1
f 1465/2414/1 304/3512/1 2725/2415/1
f 2726/2417/1 435/3690/1 1129/2418/1
f 2727/2420/1 946/2607/1 2728/2421/1
f 1464/2423/1 303/2973/1 2729/2424/1
f 2730/2426/1 462/2987/1 1154/2427/1
f 2731/2429/1 947/2601/1 2732/2430/1
f 1449/2432/1 288/3465/1 2733/2433/1
f 2734/2435/1 461/3296/1 1153/2436/1
f 2735/2438/1 948/2595/1 2736/2439/1
f 1461/2441/1 300/3400/1 2737/2442/1
f 2738/2444/1 431/3691/1 1125/2445/1
f 2739/2447/1 949/2589/1 2740/2448/1
f 1460/2450/1 299/3001/1 2741/2451/1
f 2742/2453/1 458/3016/1 1150/2454/1
f 2743/2456/1 950/2583/1 2744/2457/1
f 1450/2459/1 289/3128/1 2745/2460/1
f 2746/2462/1 438/3343/1 1131/2463/1
f 2747/2465/1 951/2577/1 2748/2466/1
f 1457/2468/1 296/3032/1 2749/2469/1
f 2750/2471/1 454/3049/1 1147/2472/1
f 2751/2474/1 952/2571/1 2752/2475/1
f 1447/2477/1 286/3692/1 2753/2478/1
f 2754/2480/1 453/3082/1 1146/2481/1
f 2755/2483/1 953/2564/1 2756/2484/1
f 1454/2486/1 293/3166/1 2757/2487/1
f 2758/2489/1 439/3451/1 1132/2490/1
f 2759/2492/1 954/2558/1 2760/2493/1
f 1453/2495/1 292/3065/1 2761/2496/1
f 2762/2498/1 450/3498/1 1143/2499/1
f 2763/2501/1 955/2552/1 2764/2502/1
f 1435/2504/1 274/21/1 2765/2505/1
f 2766/2507/1 449/3386/1 1142/2508/1
f 2767/2510/1 956/2546/1 2768/2511/1
f 1438/2513/1 277/3096/1 2769/2514/1
f 2770/2516/1 443/3693/1 1136/2517/1
f 2771/2519/1 957/2540/1 2772/2520/1
f 1437/2522/1 276/3430/1 2773/2523/1
f 2774/2525/1 447/3694/1 1140/2526/1
f 2775/2528/1 958/2534/1 2776/2529/1
f 1431/2531/1 270/3695/1 2777/2532/1
f 2778/2533/1 2777/2532/1 958/2534/1
f 1901/647/1 2778/2533/1 2775/2528/1
f 89/2536/1 1431/2531/1 2778/2533/1
f 2779/2530/1 2776/2529/1 736/2537/1
f 1428/650/1 2779/2530/1 1898/673/1
f 739/2535/1 2775/2528/1 2779/2530/1
f 2780/2527/1 1140/2526/1 144/2539/1
f 2776/2529/1 2780/2527/1 1425/640/1
f 958/2534/1 2774/2525/1 2780/2527/1
f 2781/2524/1 2773/2523/1 957/2540/1
f 1897/638/1 2781/2524/1 2771/2519/1
f 95/2542/1 1437/2522/1 2781/2524/1
f 2782/2521/1 2772/2520/1 732/2543/1
f 1424/677/1 2782/2521/1 1894/700/1
f 735/2541/1 2771/2519/1 2782/2521/1
f 2783/2518/1 1136/2517/1 140/2545/1
f 2772/2520/1 2783/2518/1 1421/631/1
f 957/2540/1 2770/2516/1 2783/2518/1
f 2784/2515/1 2769/2514/1 956/2546/1
f 1893/629/1 2784/2515/1 2767/2510/1
f 96/2548/1 1438/2513/1 2784/2515/1
f 2785/2512/1 2768/2511/1 728/2549/1
f 1420/704/1 2785/2512/1 1890/727/1
f 731/2547/1 2767/2510/1 2785/2512/1
f 2786/2509/1 1142/2508/1 146/2551/1
f 2768/2511/1 2786/2509/1 1417/622/1
f 956/2546/1 2766/2507/1 2786/2509/1
f 2787/2506/1 2765/2505/1 955/2552/1
f 1889/620/1 2787/2506/1 2763/2501/1
f 93/2554/1 1435/2504/1 2787/2506/1
f 2788/2503/1 2764/2502/1 724/2555/1
f 1416/731/1 2788/2503/1 1886/754/1
f 727/2553/1 2763/2501/1 2788/2503/1
f 2789/2500/1 1143/2499/1 147/2557/1
f 2764/2502/1 2789/2500/1 1413/613/1
f 955/2552/1 2762/2498/1 2789/2500/1
f 2790/2497/1 2761/2496/1 954/2558/1
f 1885/611/1 2790/2497/1 2759/2492/1
f 111/2560/1 1453/2495/1 2790/2497/1
f 2791/2494/1 2760/2493/1 720/2561/1
f 1412/758/1 2791/2494/1 1882/781/1
f 723/2559/1 2759/2492/1 2791/2494/1
f 2792/2491/1 1132/2490/1 136/2563/1
f 2760/2493/1 2792/2491/1 1409/604/1
f 954/2558/1 2758/2489/1 2792/2491/1
f 2793/2488/1 2757/2487/1 953/2564/1
f 1881/2565/1 2793/2488/1 2755/2483/1
f 112/2567/1 1454/2486/1 2793/2488/1
f 2794/2485/1 2756/2484/1 716/2568/1
f 1408/785/1 2794/2485/1 1878/805/1
f 719/2566/1 2755/2483/1 2794/2485/1
f 2795/2482/1 1146/2481/1 150/2570/1
f 2756/2484/1 2795/2482/1 1405/596/1
f 953/2564/1 2754/2480/1 2795/2482/1
f 2796/2479/1 2753/2478/1 952/2571/1
f 1877/594/1 2796/2479/1 2751/2474/1
f 105/2573/1 1447/2477/1 2796/2479/1
f 2797/2476/1 2752/2475/1 712/2574/1
f 1404/809/1 2797/2476/1 1874/832/1
f 715/2572/1 2751/2474/1 2797/2476/1
f 2798/2473/1 1147/2472/1 151/2576/1
f 2752/2475/1 2798/2473/1 1401/587/1
f 952/2571/1 2750/2471/1 2798/2473/1
f 2799/2470/1 2749/2469/1 951/2577/1
f 1873/585/1 2799/2470/1 2747/2465/1
f 115/2579/1 1457/2468/1 2799/2470/1
f 2800/2467/1 2748/2466/1 708/2580/1
f 1400/836/1 2800/2467/1 1870/859/1
f 711/2578/1 2747/2465/1 2800/2467/1
f 2801/2464/1 1131/2463/1 135/2582/1
f 2748/2466/1 2801/2464/1 1397/578/1
f 951/2577/1 2746/2462/1 2801/2464/1
f 2802/2461/1 2745/2460/1 950/2583/1
f 1869/576/1 2802/2461/1 2743/2456/1
f 108/2585/1 1450/2459/1 2802/2461/1
f 2803/2458/1 2744/2457/1 706/2586/1
f 1396/1076/1 2803/2458/1 1867/868/1
f 707/2584/1 2743/2456/1 2803/2458/1
f 2804/2455/1 1150/2454/1 154/2588/1
f 2744/2457/1 2804/2455/1 1395/572/1
f 950/2583/1 2742/2453/1 2804/2455/1
f 2805/2452/1 2741/2451/1 949/2589/1
f 1866/570/1 2805/2452/1 2739/2447/1
f 118/2591/1 1460/2450/1 2805/2452/1
f 2806/2449/1 2740/2448/1 703/2592/1
f 1394/872/1 2806/2449/1 1864/883/1
f 705/2590/1 2739/2447/1 2806/2449/1
f 2807/2446/1 1125/2445/1 129/2594/1
f 2740/2448/1 2807/2446/1 1391/563/1
f 949/2589/1 2738/2444/1 2807/2446/1
f 2808/2443/1 2737/2442/1 948/2595/1
f 1863/561/1 2808/2443/1 2735/2438/1
f 119/2597/1 1461/2441/1 2808/2443/1
f 2809/2440/1 2736/2439/1 699/2598/1
f 1390/887/1 2809/2440/1 1860/910/1
f 702/2596/1 2735/2438/1 2809/2440/1
f 2810/2437/1 1153/2436/1 157/2600/1
f 2736/2439/1 2810/2437/1 1387/554/1
f 948/2595/1 2734/2435/1 2810/2437/1
f 2811/2434/1 2733/2433/1 947/2601/1
f 1859/552/1 2811/2434/1 2731/2429/1
f 107/2603/1 1449/2432/1 2811/2434/1
f 2812/2431/1 2732/2430/1 695/2604/1
f 1386/914/1 2812/2431/1 1856/937/1
f 698/2602/1 2731/2429/1 2812/2431/1
f 2813/2428/1 1154/2427/1 158/2606/1
f 2732/2430/1 2813/2428/1 1383/545/1
f 947/2601/1 2730/2426/1 2813/2428/1
f 2814/2425/1 2729/2424/1 946/2607/1
f 1855/543/1 2814/2425/1 2727/2420/1
f 122/2609/1 1464/2423/1 2814/2425/1
f 2815/2422/1 2728/2421/1 691/2610/1
f 1382/941/1 2815/2422/1 1852/964/1
f 694/2608/1 2727/2420/1 2815/2422/1
f 2816/2419/1 1129/2418/1 133/2612/1
f 2728/2421/1 2816/2419/1 1379/536/1
f 946/2607/1 2726/2417/1 2816/2419/1
f 2817/2416/1 2725/2415/1 945/2613/1
f 1851/534/1 2817/2416/1 2723/2411/1
f 123/2615/1 1465/2414/1 2817/2416/1
f 2818/2413/1 2724/2412/1 687/2616/1
f 1378/968/1 2818/2413/1 1848/991/1
f 690/2614/1 2723/2411/1 2818/2413/1
f 2819/2410/1 1157/2409/1 160/2618/1
f 2724/2412/1 2819/2410/1 1375/527/1
f 945/2613/1 2722/2408/1 2819/2410/1
f 2820/2407/1 2721/2406/1 944/2619/1
f 1847/525/1 2820/2407/1 2719/2402/1
f 101/2621/1 1443/2405/1 2820/2407/1
f 2821/2404/1 2720/2403/1 683/2622/1
f 1374/995/1 2821/2404/1 1844/1018/1
f 686/2620/1 2719/2402/1 2821/2404/1
f 2822/2401/1 1158/2400/1 161/2624/1
f 2720/2403/1 2822/2401/1 1371/518/1
f 944/2619/1 2718/2399/1 2822/2401/1
f 2823/1629/1 2717/2398/1 943/2625/1
f 2712/2626/1 2711/4164/1 4428/2627/1
f 250/2629/1 164/4166/1 4426/2630/1
f 2824/2396/1 2716/2395/1 679/2632/1
f 1370/2633/1 2824/2396/1 1840/1045/1
f 682/1632/1 2715/1631/1 2824/2396/1
f 2825/2394/1 1121/2393/1 125/2635/1
f 2716/2395/1 2825/2394/1 1367/509/1
f 943/2625/1 2714/2392/1 2825/2394/1
f 328/2636/1 2099/4167/1 4340/2637/1
f 468/2639/1 467/2587/1 4418/2640/1
f 2098/2642/1 2097/4169/1 4414/2643/1
f 675/2645/1 673/4171/1 4412/2646/1
f 2096/2648/1 2083/4174/1 4406/2649/1
f 789/2651/1 788/4176/1 4404/2652/1
f 942/2654/1 2071/4177/1 4346/2655/1
f 2102/2657/1 2101/4180/1 4400/2658/1
f 1159/2660/1 1036/4182/1 4398/2661/1
f 2829/2382/1 2709/2381/1 941/2663/1
f 1835/498/1 2829/2382/1 2707/2378/1
f 139/2665/1 1481/2380/1 2829/2382/1
f 1160/2666/1 2069/4183/1 4348/2667/1
f 1161/2669/1 1839/4185/1 4352/2670/1
f 674/2664/1 2707/2378/1 2830/135/1
f 2831/2377/1 1162/2376/1 165/2672/1
f 2708/2379/1 2831/2377/1 1359/491/1
f 941/2663/1 2706/2375/1 2831/2377/1
f 2832/2374/1 2705/2373/1 940/2673/1
f 1831/489/1 2832/2374/1 2703/2369/1
f 166/2675/1 1506/2372/1 2832/2374/1
f 2833/2371/1 2704/2370/1 667/2676/1
f 1358/1103/1 2833/2371/1 1828/1126/1
f 670/2674/1 2703/2369/1 2833/2371/1
f 2834/2368/1 1120/2367/1 124/2678/1
f 2704/2370/1 2834/2368/1 1355/482/1
f 940/2673/1 2702/2366/1 2834/2368/1
f 2835/2365/1 2701/2364/1 939/2679/1
f 1827/480/1 2835/2365/1 2699/2360/1
f 167/2681/1 1507/2363/1 2835/2365/1
f 2836/2362/1 2700/2361/1 663/2682/1
f 1354/1130/1 2836/2362/1 1824/1153/1
f 666/2680/1 2699/2360/1 2836/2362/1
f 2837/2359/1 1165/2358/1 168/2684/1
f 2700/2361/1 2837/2359/1 1351/473/1
f 939/2679/1 2698/2357/1 2837/2359/1
f 2838/2356/1 2697/2355/1 938/2685/1
f 1823/471/1 2838/2356/1 2695/2351/1
f 159/2687/1 1499/2354/1 2838/2356/1
f 2839/2353/1 2696/2352/1 659/2688/1
f 1350/1157/1 2839/2353/1 1820/1180/1
f 662/2686/1 2695/2351/1 2839/2353/1
f 2840/2350/1 1166/2349/1 169/2690/1
f 2696/2352/1 2840/2350/1 1347/464/1
f 938/2685/1 2694/2348/1 2840/2350/1
f 2841/2347/1 2693/2346/1 937/2691/1
f 1819/462/1 2841/2347/1 2691/2342/1
f 170/2693/1 1510/2345/1 2841/2347/1
f 2842/2344/1 2692/2343/1 655/2694/1
f 1346/1184/1 2842/2344/1 1816/1206/1
f 658/2692/1 2691/2342/1 2842/2344/1
f 2843/2341/1 1090/2340/1 94/2696/1
f 2692/2343/1 2843/2341/1 1343/455/1
f 937/2691/1 2690/2339/1 2843/2341/1
f 2844/2338/1 2689/2337/1 936/2697/1
f 1811/447/1 2844/2338/1 2687/2333/1
f 173/2699/1 1513/2336/1 2844/2338/1
f 2845/2335/1 2688/2334/1 648/2700/1
f 1340/1237/1 2845/2335/1 1808/1260/1
f 651/2698/1 2687/2333/1 2845/2335/1
f 2846/2332/1 1117/2331/1 121/2702/1
f 2688/2334/1 2846/2332/1 1337/440/1
f 936/2697/1 2686/2330/1 2846/2332/1
f 2847/2329/1 2685/2328/1 935/2703/1
f 1807/438/1 2847/2329/1 2683/2324/1
f 174/2705/1 1514/2327/1 2847/2329/1
f 2848/2326/1 2684/2325/1 644/2706/1
f 1336/1264/1 2848/2326/1 1804/1287/1
f 647/2704/1 2683/2324/1 2848/2326/1
f 2849/2323/1 1171/2322/1 175/2708/1
f 2684/2325/1 2849/2323/1 1333/431/1
f 935/2703/1 2682/2321/1 2849/2323/1
f 2850/2320/1 2681/2319/1 934/2709/1
f 1803/429/1 2850/2320/1 2679/2315/1
f 145/2711/1 1487/2318/1 2850/2320/1
f 2851/2317/1 2680/2316/1 640/2712/1
f 1332/1291/1 2851/2317/1 1800/1314/1
f 643/2710/1 2679/2315/1 2851/2317/1
f 2852/2314/1 1172/2313/1 176/2714/1
f 2680/2316/1 2852/2314/1 1329/422/1
f 934/2709/1 2678/2312/1 2852/2314/1
f 78/2715/1 2203/4021/1 3514/2716/1
f 1643/1321/1 1519/421/1 4168/2717/1
f 1517/2718/1 1328/4019/1 4167/2719/1
f 1798/2720/1 1797/3588/1 177/2721/1
f 356/96/1 241/99/1 179/2722/1
f 482/2724/1 1325/1318/1 2676/1320/1
f 1175/2726/1 1173/4022/1 4166/2727/1
f 2202/2729/1 1799/3341/1 484/2730/1
f 639/2732/1 637/4020/1 636/2733/1
f 2856/2309/1 2673/2308/1 932/2735/1
f 1795/2736/1 2856/2309/1 2671/2304/1
f 178/2738/1 1518/2307/1 2856/2309/1
f 2857/2306/1 2672/2305/1 632/2739/1
f 1324/2740/1 2857/2306/1 1792/1360/1
f 635/2737/1 2671/2304/1 2857/2306/1
f 815/2742/1 933/2737/1 2213/2740/1
f 2672/2305/1 2858/2745/1 1321/2744/1
f 932/2735/1 2670/3376/1 2858/2745/1
f 2859/2302/1 2669/2301/1 931/2746/1
f 1791/404/1 2859/2302/1 2667/2297/1
f 156/2748/1 1496/2300/1 2859/2302/1
f 2860/2299/1 2668/2298/1 628/2749/1
f 1320/1364/1 2860/2299/1 1788/1387/1
f 631/2747/1 2667/2297/1 2860/2299/1
f 2861/2296/1 1176/2295/1 180/2751/1
f 2668/2298/1 2861/2296/1 1317/397/1
f 931/2746/1 2666/2294/1 2861/2296/1
f 2862/2293/1 2665/2292/1 930/2752/1
f 1787/395/1 2862/2293/1 2663/2288/1
f 181/2754/1 1521/2291/1 2862/2293/1
f 2863/2290/1 2664/2289/1 624/2755/1
f 1316/1391/1 2863/2290/1 1784/1408/1
f 627/2753/1 2663/2288/1 2863/2290/1
f 2864/2287/1 1086/2286/1 90/2757/1
f 2664/2289/1 2864/2287/1 1313/388/1
f 930/2752/1 2662/2285/1 2864/2287/1
f 2865/2758/1 2661/2763/1 620/2759/1
f 1312/1412/1 2865/2758/1 1780/1435/1
f 2866/2761/1 1179/3288/1 183/2762/1
f 2661/2763/1 2866/2761/1 1309/379/1
f 2867/2284/1 1113/2283/1 117/2764/1
f 929/2765/1 2658/2282/1 2867/2284/1
f 2868/2281/1 2657/2280/1 928/2767/1
f 1773/368/1 2868/2281/1 2655/2276/1
f 184/2769/1 1524/2279/1 2868/2281/1
f 2869/2278/1 2656/2277/1 611/2770/1
f 1302/1472/1 2869/2278/1 1770/1495/1
f 614/2768/1 2655/2276/1 2869/2278/1
f 2870/2275/1 1112/2274/1 116/2772/1
f 2656/2277/1 2870/2275/1 1299/361/1
f 928/2767/1 2654/2273/1 2870/2275/1
f 2871/2272/1 2653/2271/1 927/2773/1
f 1769/359/1 2871/2272/1 2651/2267/1
f 185/2775/1 1525/2270/1 2871/2272/1
f 2872/2269/1 2652/2268/1 607/2776/1
f 1298/1499/1 2872/2269/1 1766/1522/1
f 610/2774/1 2651/2267/1 2872/2269/1
f 2873/2266/1 1182/2265/1 186/2778/1
f 2652/2268/1 2873/2266/1 1295/352/1
f 927/2773/1 2650/2264/1 2873/2266/1
f 1765/350/1 2874/3675/1 2649/2779/1
f 1294/1526/1 2875/2782/1 1762/1546/1
f 606/2780/1 2649/2779/1 2875/2782/1
f 4187/2783/1 4188/4038/1 4228/2784/1
f 3124/2786/1 3123/2567/1 4226/2565/1
f 2317/2788/1 2316/4023/1 599/2789/1
f 2646/2791/1 2645/2829/1 4225/2792/1
f 2876/2794/1 2648/4026/1 926/2795/1
f 2877/2797/1 2878/4027/1 2215/2798/1
f 3621/2800/1 3540/4030/1 1291/2801/1
f 3516/2803/1 3200/4028/1 1562/2804/1
f 1644/2729/2 2202/2729/2 3515/2806/2
f 2879/2254/1 2644/2253/1 925/2807/1
f 1757/336/1 2879/2254/1 2642/2249/1
f 188/2809/1 1528/2252/1 2879/2254/1
f 2880/2251/1 2643/2250/1 595/2810/1
f 1287/1577/1 2880/2251/1 1754/1600/1
f 598/2808/1 2642/2249/1 2880/2251/1
f 2881/2248/1 1185/2247/1 189/406/1
f 2643/2250/1 2881/2248/1 1284/329/1
f 925/2807/1 2641/2246/1 2881/2248/1
f 2882/2245/1 2640/2244/1 924/2812/1
f 1753/327/1 2882/2245/1 2638/2240/1
f 152/2814/1 1494/2243/1 2882/2245/1
f 2883/2242/1 2639/2241/1 591/2815/1
f 1283/1604/1 2883/2242/1 1750/1624/1
f 594/2813/1 2638/2240/1 2883/2242/1
f 2884/2239/1 1186/2238/1 190/2817/1
f 2639/2241/1 2884/2239/1 1280/320/1
f 924/2812/1 2637/2237/1 2884/2239/1
f 2885/2236/1 2636/2235/1 923/2818/1
f 1749/318/1 2885/2236/1 2634/338/1
f 191/2820/1 1531/2234/1 2885/2236/1
f 193/2821/1 1272/314/1 2631/316/1
f 1189/2823/1 1108/4049/1 228/2824/1
f 2351/2826/1 2350/4051/1 415/2827/1
f 2887/2230/1 1110/2229/1 114/2829/1
f 587/2830/1 583/4047/1 497/2831/1
f 923/2818/1 2633/2228/1 2887/2230/1
f 588/2833/1 1063/1632/1 4288/2633/1
f 1745/311/1 2888/342/1 2630/343/1
f 192/2836/1 1532/340/1 2888/342/1
f 851/2837/1 755/3496/1 589/2838/1
f 922/2840/1 2360/4044/1 3617/2841/1
f 3095/2843/1 3094/1628/1 1064/1630/1
f 3093/2845/1 3092/787/1 1277/789/1
f 2632/308/1 3082/313/1 2355/2847/1
f 3080/2849/1 2890/128/1 1576/2850/1
f 2891/2220/1 2628/2219/1 921/2852/1
f 1741/303/1 2891/2220/1 2626/2215/1
f 143/2854/1 1485/2218/1 2891/2220/1
f 2892/2217/1 2627/2216/1 579/2855/1
f 1271/1670/1 2892/2217/1 1738/1693/1
f 582/2853/1 2626/2215/1 2892/2217/1
f 2893/2214/1 1190/2213/1 194/2857/1
f 2627/2216/1 2893/2214/1 1268/296/1
f 921/2852/1 2625/2212/1 2893/2214/1
f 2894/2211/1 2624/2210/1 920/2858/1
f 1737/294/1 2894/2211/1 2622/2206/1
f 195/2860/1 1535/2209/1 2894/2211/1
f 2895/2208/1 2623/2207/1 575/2861/1
f 1267/1697/1 2895/2208/1 1735/1714/1
f 578/2859/1 2622/2206/1 2895/2208/1
f 2896/2205/1 1109/2204/1 113/2863/1
f 2623/2207/1 2896/2205/1 1264/287/1
f 920/2858/1 2621/2203/1 2896/2205/1
f 2897/2202/1 2620/2201/1 919/2864/1
f 1734/285/1 2897/2202/1 2618/2197/1
f 149/2866/1 1491/2200/1 2897/2202/1
f 2898/2199/1 2619/2198/1 571/2867/1
f 1263/1721/1 2898/2199/1 1731/1738/1
f 574/2865/1 2618/2197/1 2898/2199/1
f 2899/2196/1 1193/2195/1 197/2869/1
f 2619/2198/1 2899/2196/1 1260/278/1
f 919/2864/1 2617/2194/1 2899/2196/1
f 2900/2193/1 2616/2192/1 918/2870/1
f 1730/276/1 2900/2193/1 2614/2188/1
f 198/2872/1 1537/2191/1 2900/2193/1
f 2901/2190/1 2615/2189/1 567/2873/1
f 1259/1742/1 2901/2190/1 1727/1765/1
f 570/2871/1 2614/2188/1 2901/2190/1
f 2902/2187/1 1094/2186/1 98/2875/1
f 2615/2189/1 2902/2187/1 1256/269/1
f 918/2870/1 2613/2185/1 2902/2187/1
f 2903/2184/1 2612/2183/1 917/2876/1
f 1726/267/1 2903/2184/1 2610/2179/1
f 199/2878/1 1538/2182/1 2903/2184/1
f 2904/2181/1 2611/2180/1 563/2879/1
f 1255/1769/1 2904/2181/1 1723/1792/1
f 566/2877/1 2610/2179/1 2904/2181/1
f 2905/2178/1 1196/2177/1 200/2881/1
f 2611/2180/1 2905/2178/1 1252/260/1
f 917/2876/1 2609/2176/1 2905/2178/1
f 2906/2175/1 2608/2174/1 916/2882/1
f 1722/258/1 2906/2175/1 2606/2170/1
f 148/2884/1 1490/2173/1 2906/2175/1
f 2907/2172/1 2607/2171/1 559/2885/1
f 1251/1796/1 2907/2172/1 1719/1819/1
f 562/2883/1 2606/2170/1 2907/2172/1
f 2908/2169/1 1197/2168/1 201/2887/1
f 2607/2171/1 2908/2169/1 1248/251/1
f 916/2882/1 2605/2167/1 2908/2169/1
f 2909/2166/1 2604/2165/1 915/2888/1
f 1718/249/1 2909/2166/1 2602/2161/1
f 202/2890/1 1541/2164/1 2909/2166/1
f 2910/2163/1 2603/2162/1 555/2891/1
f 1247/1823/1 2910/2163/1 1715/1846/1
f 558/2889/1 2602/2161/1 2910/2163/1
f 2911/2160/1 1106/2159/1 110/2893/1
f 2603/2162/1 2911/2160/1 1244/242/1
f 915/2888/1 2601/2158/1 2911/2160/1
f 2912/2157/1 2600/2156/1 914/2894/1
f 1714/240/1 2912/2157/1 2598/2152/1
f 203/2896/1 1542/2155/1 2912/2157/1
f 2913/2154/1 2599/2153/1 551/2897/1
f 1243/1850/1 2913/2154/1 1711/1873/1
f 554/2895/1 2598/2152/1 2913/2154/1
f 2914/2151/1 1200/2150/1 204/2899/1
f 2599/2153/1 2914/2151/1 1240/233/1
f 914/2894/1 2597/2149/1 2914/2151/1
f 2915/2148/1 2596/2147/1 913/2900/1
f 1710/231/1 2915/2148/1 2594/2143/1
f 132/2902/1 1474/2146/1 2915/2148/1
f 2916/2145/1 2595/2144/1 547/2903/1
f 1239/1877/1 2916/2145/1 1707/1900/1
f 550/2901/1 2594/2143/1 2916/2145/1
f 2917/2142/1 1201/2141/1 205/2905/1
f 2595/2144/1 2917/2142/1 1236/224/1
f 913/2900/1 2593/2140/1 2917/2142/1
f 2918/2139/1 2592/2138/1 912/2906/1
f 1706/222/1 2918/2139/1 2590/2134/1
f 206/2908/1 1545/2137/1 2918/2139/1
f 2919/2136/1 2591/2135/1 543/2909/1
f 1235/1904/1 2919/2136/1 1703/1927/1
f 546/2907/1 2590/2134/1 2919/2136/1
f 2920/2133/1 1105/2132/1 109/2911/1
f 2591/2135/1 2920/2133/1 1232/215/1
f 912/2906/1 2589/2131/1 2920/2133/1
f 2921/2130/1 2588/2129/1 911/2912/1
f 1702/213/1 2921/2130/1 2586/2125/1
f 207/2914/1 1546/2128/1 2921/2130/1
f 2922/2127/1 2587/2126/1 539/2915/1
f 1231/1931/1 2922/2127/1 1699/1954/1
f 542/2913/1 2586/2125/1 2922/2127/1
f 2923/2124/1 1204/2123/1 208/2917/1
f 2587/2126/1 2923/2124/1 1228/206/1
f 911/2912/1 2585/2122/1 2923/2124/1
f 2924/2121/1 2584/2120/1 910/2918/1
f 1698/204/1 2924/2121/1 2582/2116/1
f 134/2920/1 1476/2119/1 2924/2121/1
f 2925/2118/1 2583/2117/1 535/2921/1
f 1227/1958/1 2925/2118/1 1695/1981/1
f 538/2919/1 2582/2116/1 2925/2118/1
f 2926/2115/1 1205/2114/1 209/2923/1
f 2583/2117/1 2926/2115/1 1224/197/1
f 910/2918/1 2581/2113/1 2926/2115/1
f 2927/2112/1 2580/2111/1 909/2924/1
f 1694/195/1 2927/2112/1 2578/2107/1
f 210/2926/1 1549/2110/1 2927/2112/1
f 2928/2109/1 2579/2108/1 532/2927/1
f 1223/1985/1 2928/2109/1 1692/2002/1
f 534/2925/1 2578/2107/1 2928/2109/1
f 2929/2106/1 1098/2105/1 102/2929/1
f 2579/2108/1 2929/2106/1 1220/188/1
f 909/2924/1 2577/2104/1 2929/2106/1
f 531/2930/1 2575/2101/1 2930/2103/1
f 908/2931/1 2574/2098/1 2931/2100/1
f 2932/2097/1 2573/2096/1 907/2932/1
f 1688/183/1 2932/2097/1 2571/2092/1
f 212/2934/1 1551/2095/1 2932/2097/1
f 2933/2094/1 2572/2093/1 524/2935/1
f 1216/2036/1 2933/2094/1 1685/2059/1
f 527/2933/1 2571/2092/1 2933/2094/1
f 2934/2091/1 1102/2090/1 106/2937/1
f 2572/2093/1 2934/2091/1 1213/176/1
f 907/2932/1 2570/2089/1 2934/2091/1
f 2935/2088/1 2569/2087/1 906/2938/1
f 1683/174/1 2935/2088/1 2568/2939/1
f 128/2941/1 1470/2086/1 2935/2088/1
f 2936/2085/1 2566/2084/1 905/2942/1
f 1501/519/1 2936/2085/1 2564/2080/1
f 161/2624/1 1682/2083/1 2936/2085/1
f 2937/2082/1 2565/2081/1 519/2944/1
f 1032/1013/1 2937/2082/1 1680/2065/1
f 340/2943/1 2564/2080/1 2937/2082/1
f 3598/2946/3 4070/2946/3 4001/2947/3
f 2565/2081/1 2938/2949/1 1210/2948/1
f 905/2942/1 2563/2980/1 2938/2949/1
f 2939/2079/1 2562/2078/1 904/2950/1
f 1627/63/1 2939/2079/1 2560/2074/1
f 24/2952/1 1591/2077/1 2939/2079/1
f 2940/2076/1 2561/2075/1 521/2953/1
f 1158/2400/1 2940/2076/1 1682/2083/1
f 466/2951/1 2560/2074/1 2940/2076/1
f 1679/2041/4 4032/2041/4 4067/663/4
f 2561/2075/1 2941/2955/1 1211/2954/1
f 904/2950/1 2559/3543/1 2941/2955/1
f 3501/2956/3 4069/2956/3 4000/2957/3
f 3434/654/4 4068/654/4 4036/652/4
f 2947/2958/3 4058/2958/3 3966/2959/3
f 1899/664/4 4035/664/4 4068/654/4
f 3335/945/4 4065/945/4 4038/943/4
f 1853/955/4 4034/955/4 4065/945/4
f 3430/666/4 4066/666/4 4035/664/4
f 1907/661/4 4037/661/4 4066/666/4
f 1342/452/5 3971/452/5 3972/2960/5
f 2942/2073/1 2558/2072/1 903/2961/1
f 1467/510/1 2942/2073/1 2556/2068/1
f 125/2635/1 1684/2071/1 2942/2073/1
f 2943/2070/1 2557/2069/1 463/2963/1
f 997/1040/1 2943/2070/1 1624/1224/1
f 306/2962/1 2556/2068/1 2943/2070/1
f 3334/948/4 4064/948/4 4031/946/4
f 2557/2069/1 2944/2966/1 1155/2965/1
f 903/2961/1 2555/3650/1 2944/2966/1
f 2945/2067/1 2554/2066/1 902/2967/1
f 1588/66/1 2945/2067/1 2552/2062/1
f 73/2945/1 1680/2065/1 2945/2067/1
f 2946/2064/1 2553/2063/1 523/2969/1
f 1121/2393/1 2946/2064/1 1684/2071/1
f 427/2968/1 2552/2062/1 2946/2064/1
f 1341/449/5 3970/449/5 3953/2970/5
f 2553/2063/1 2947/2958/1 1212/2959/1
f 902/2967/1 2551/2947/1 2947/2958/1
f 2948/2061/1 2550/2060/1 901/2971/1
f 1687/180/1 2948/2061/1 2548/2056/1
f 213/2936/1 1685/2059/1 2948/2061/1
f 2949/2058/1 2549/2057/1 303/2973/1
f 1215/2045/1 2949/2058/1 1464/2423/1
f 526/2972/1 2548/2056/1 2949/2058/1
f 2950/2055/1 978/2054/1 29/2974/1
f 2549/2057/1 2950/2055/1 994/56/1
f 901/2971/1 2547/2053/1 2950/2055/1
f 2951/2052/1 2546/2051/1 900/2975/1
f 1903/652/2 4036/652/2 4017/2976/2
f 2952/2049/4 4060/2049/4 4040/2047/4
f 2952/2049/1 2545/2048/1 424/2977/1
f 2033/943/4 4038/943/4 4064/948/4
f 652/2978/5 3997/2978/5 3970/449/5
f 2953/2046/1 1215/2045/1 122/2609/1
f 2545/2048/1 2953/2046/1 1118/542/1
f 900/2975/1 2543/2044/1 2953/2046/1
f 2954/2043/1 2542/2042/1 899/2979/1
f 2563/2980/3 4010/2980/3 4052/2949/3
f 1585/946/4 4031/946/4 4060/2049/4
f 2955/2040/1 2541/2039/1 525/2981/1
f 172/2970/5 3953/2970/5 4034/955/5
f 1812/1233/5 3996/1233/5 3997/2978/5
f 2956/2037/1 1216/2036/1 213/2936/1
f 2541/2039/1 2956/2037/1 1214/179/1
f 899/2979/1 2539/2035/1 2956/2037/1
f 2957/2034/1 2538/2033/1 898/2982/1
f 1498/546/1 2957/2034/1 2536/2029/1
f 158/2606/1 1689/2032/1 2957/2034/1
f 2958/2031/1 2537/2030/1 515/2984/1
f 1029/932/1 2958/2031/1 1676/2011/1
f 337/2983/1 2536/2029/1 2958/2031/1
f 2959/2028/1 2535/2027/1 897/2986/1
f 1623/54/1 2959/2028/1 2533/2023/1
f 30/2988/1 1597/2026/1 2959/2028/1
f 2960/2025/1 2534/2024/1 528/2989/1
f 1154/2427/1 2960/2025/1 1689/2032/1
f 462/2987/1 2533/2023/1 2960/2025/1
f 2961/2022/1 2532/2021/1 896/2990/1
f 1463/441/1 2961/2022/1 2530/2017/1
f 121/2702/1 1690/2020/1 2961/2022/1
f 2962/2019/1 2531/2018/1 459/2992/1
f 993/1255/1 2962/2019/1 1620/1444/1
f 302/2991/1 2530/2017/1 2962/2019/1
f 2963/2016/1 1218/2015/1 155/2994/1
f 2531/2018/1 2963/2016/1 1151/376/1
f 896/2990/1 2529/2014/1 2963/2016/1
f 2964/2013/1 2528/2012/1 895/2995/1
f 1584/87/1 2964/2013/1 2526/2008/1
f 70/2985/1 1676/2011/1 2964/2013/1
f 2965/2010/1 2527/2009/1 529/2997/1
f 1117/2331/1 2965/2010/1 1690/2020/1
f 423/2996/1 2526/2008/1 2965/2010/1
f 2966/2007/1 1219/2006/1 214/2998/1
f 2527/2009/1 2966/2007/1 1217/185/1
f 895/2995/1 2525/2005/1 2966/2007/1
f 2967/2004/1 2524/2003/1 894/2999/1
f 1693/192/1 2967/2004/1 2522/1999/1
f 215/2928/1 1692/2002/1 2967/2004/1
f 2968/2001/1 2523/2000/1 299/3001/1
f 1222/1994/1 2968/2001/1 1460/2450/1
f 533/3000/1 2522/1999/1 2968/2001/1
f 2969/1998/1 974/1997/1 25/3002/1
f 2523/2000/1 2969/1998/1 990/47/1
f 894/2999/1 2521/1996/1 2969/1998/1
f 2970/1995/1 1222/1994/1 118/2591/1
f 2971/1992/1 2519/1991/1 893/3003/1
f 1677/3004/1 2971/1992/1 2517/1987/1
f 86/3006/1 1675/1990/1 2971/1992/1
f 516/3005/1 2517/1987/1 2972/1989/1
f 2973/1986/1 1223/1985/1 215/2928/1
f 893/3003/1 2516/1984/1 2973/1986/1
f 2974/1983/1 2515/1982/1 892/3007/1
f 1697/201/1 2974/1983/1 2513/1978/1
f 216/2922/1 1695/1981/1 2974/1983/1
f 2975/1980/1 2514/1979/1 385/3009/1
f 1226/1967/1 2975/1980/1 1546/2128/1
f 537/3008/1 2513/1978/1 2975/1980/1
f 2976/1977/1 1079/1976/1 85/3010/1
f 2514/1979/1 2976/1977/1 1077/158/1
f 892/3007/1 2512/1975/1 2976/1977/1
f 2977/1974/1 2511/1973/1 891/3011/1
f 1495/573/1 2977/1974/1 2509/1969/1
f 154/2588/1 1696/1972/1 2977/1974/1
f 2978/1971/1 2510/1970/1 511/3013/1
f 1026/863/1 2978/1971/1 1672/1936/1
f 334/3012/1 2509/1969/1 2978/1971/1
f 2979/1968/1 1226/1967/1 207/2914/1
f 2510/1970/1 2979/1968/1 1203/212/1
f 891/3011/1 2508/1966/1 2979/1968/1
f 2980/1965/1 2507/1964/1 890/3015/1
f 1619/45/1 2980/1965/1 2505/1960/1
f 31/3017/1 1598/1963/1 2980/1965/1
f 2981/1962/1 2506/1961/1 536/3018/1
f 1150/2454/1 2981/1962/1 1696/1972/1
f 458/3016/1 2505/1960/1 2981/1962/1
f 2982/1959/1 1227/1958/1 216/2922/1
f 2506/1961/1 2982/1959/1 1225/200/1
f 890/3015/1 2504/1957/1 2982/1959/1
f 2983/1956/1 2503/1955/1 889/3019/1
f 1701/210/1 2983/1956/1 2501/1951/1
f 217/2916/1 1699/1954/1 2983/1956/1
f 2984/1953/1 2502/1952/1 333/3021/1
f 1230/1940/1 2984/1953/1 1494/2243/1
f 541/3020/1 2501/1951/1 2984/1953/1
f 2985/1950/1 1078/1949/1 65/3022/1
f 2502/1952/1 2985/1950/1 1024/120/1
f 889/3019/1 2500/1948/1 2985/1950/1
f 2986/1947/1 2499/1946/1 888/3023/1
f 1459/371/1 2986/1947/1 2497/1942/1
f 117/2764/1 1700/1945/1 2986/1947/1
f 2987/1944/1 2498/1943/1 455/3025/1
f 989/501/1 2987/1944/1 1616/1609/1
f 298/3024/1 2497/1942/1 2987/1944/1
f 2988/1941/1 1230/1940/1 152/2814/1
f 2498/1943/1 2988/1941/1 1148/326/1
f 888/3023/1 2496/1939/1 2988/1941/1
f 2989/1938/1 2495/1937/1 887/3027/1
f 1581/107/1 2989/1938/1 2493/1933/1
f 67/3014/1 1672/1936/1 2989/1938/1
f 2990/1935/1 2494/1934/1 540/3029/1
f 1113/2283/1 2990/1935/1 1700/1945/1
f 420/3028/1 2493/1933/1 2990/1935/1
f 2991/1932/1 1231/1931/1 217/2916/1
f 2494/1934/1 2991/1932/1 1229/209/1
f 887/3027/1 2492/1930/1 2991/1932/1
f 2992/1929/1 2491/1928/1 886/3030/1
f 1705/219/1 2992/1929/1 2489/1924/1
f 218/2910/1 1703/1927/1 2992/1929/1
f 2993/1926/1 2490/1925/1 296/3032/1
f 1234/1913/1 2993/1926/1 1457/2468/1
f 545/3031/1 2489/1924/1 2993/1926/1
f 2994/1923/1 981/1922/1 32/3033/1
f 2490/1925/1 2994/1923/1 987/41/1
f 886/3030/1 2488/1921/1 2994/1923/1
f 2995/1920/1 2487/1919/1 885/3034/1
f 1547/207/1 2995/1920/1 2485/1915/1
f 208/2917/1 1704/1918/1 2995/1920/1
f 2996/1917/1 2486/1916/1 418/3036/1
f 1078/1949/1 2996/1917/1 1579/841/1
f 386/3035/1 2485/1915/1 2996/1917/1
f 2997/1914/1 1234/1913/1 115/2579/1
f 2486/1916/1 2997/1914/1 1111/584/1
f 885/3034/1 2484/1912/1 2997/1914/1
f 2998/1911/1 2483/1910/1 884/3037/1
f 1673/159/1 2998/1911/1 2481/1906/1
f 85/3010/1 1671/1909/1 2998/1911/1
f 2999/1908/1 2482/1907/1 544/3039/1
f 1204/2123/1 2999/1908/1 1704/1918/1
f 512/3038/1 2481/1906/1 2999/1908/1
f 3000/1905/1 1235/1904/1 218/2910/1
f 2482/1907/1 3000/1905/1 1233/218/1
f 884/3037/1 2480/1903/1 3000/1905/1
f 3001/1902/1 2479/1901/1 883/3040/1
f 1709/228/1 3001/1902/1 2477/1897/1
f 219/2904/1 1707/1900/1 3001/1902/1
f 3002/1899/1 2478/1898/1 381/3042/1
f 1238/1886/1 3002/1899/1 1542/2155/1
f 549/3041/1 2477/1897/1 3002/1899/1
f 3003/1896/1 1075/1895/1 84/3043/1
f 2478/1898/1 3003/1896/1 1073/149/1
f 883/3040/1 2476/1894/1 3003/1896/1
f 3004/1893/1 2475/1892/1 882/3044/1
f 1493/588/1 3004/1893/1 2473/1888/1
f 151/2576/1 1708/1891/1 3004/1893/1
f 3005/1890/1 2474/1889/1 507/3046/1
f 1023/827/1 3005/1890/1 1668/1855/1
f 332/3045/1 2473/1888/1 3005/1890/1
f 3006/1887/1 1238/1886/1 203/2896/1
f 2474/1889/1 3006/1887/1 1199/239/1
f 882/3044/1 2472/1885/1 3006/1887/1
f 3007/1884/1 2471/1883/1 881/3048/1
f 1615/39/1 3007/1884/1 2469/1879/1
f 28/3050/1 1595/1882/1 3007/1884/1
f 3008/1881/1 2470/1880/1 548/3051/1
f 1147/2472/1 3008/1881/1 1708/1891/1
f 454/3049/1 2469/1879/1 3008/1881/1
f 3009/1878/1 1239/1877/1 219/2904/1
f 2470/1880/1 3009/1878/1 1237/227/1
f 881/3048/1 2468/1876/1 3009/1878/1
f 3010/1875/1 2467/1874/1 880/3052/1
f 1713/237/1 3010/1875/1 2465/1870/1
f 220/2898/1 1711/1873/1 3010/1875/1
f 3011/1872/1 2466/1871/1 329/3054/1
f 1242/1859/1 3011/1872/1 1490/2173/1
f 553/3053/1 2465/1870/1 3011/1872/1
f 3012/1869/1 1074/1868/1 61/3055/1
f 2466/1871/1 3012/1869/1 1020/143/1
f 880/3052/1 2464/1867/1 3012/1869/1
f 3013/1866/1 2463/1865/1 879/3056/1
f 1456/2792/1 3013/1866/1 2461/1861/1
f 114/2829/1 1712/1864/1 3013/1866/1
f 3014/1863/1 2462/1862/1 451/3058/1
f 986/1636/1 3014/1863/1 1612/1801/1
f 295/3057/1 2461/1861/1 3014/1863/1
f 3015/1860/1 1242/1859/1 148/2884/1
f 2462/1862/1 3015/1860/1 1144/257/1
f 879/3056/1 2460/1858/1 3015/1860/1
f 3016/1857/1 2459/1856/1 878/3060/1
f 1578/124/1 3016/1857/1 2457/1852/1
f 64/3047/1 1668/1855/1 3016/1857/1
f 3017/1854/1 2458/1853/1 552/3062/1
f 1110/2229/1 3017/1854/1 1712/1864/1
f 417/3061/1 2457/1852/1 3017/1854/1
f 3018/1851/1 1243/1850/1 220/2898/1
f 2458/1853/1 3018/1851/1 1241/236/1
f 878/3060/1 2456/1849/1 3018/1851/1
f 3019/1848/1 2455/1847/1 877/3063/1
f 1717/246/1 3019/1848/1 2453/1843/1
f 221/2892/1 1715/1846/1 3019/1848/1
f 3020/1845/1 2454/1844/1 292/3065/1
f 1246/1832/1 3020/1845/1 1453/2495/1
f 557/3064/1 2453/1843/1 3020/1845/1
f 3021/1842/1 982/1841/1 33/3066/1
f 2454/1844/1 3021/1842/1 983/32/1
f 877/3063/1 2452/1840/1 3021/1842/1
f 3022/1839/1 2451/1838/1 876/3067/1
f 1543/234/1 3022/1839/1 2449/1834/1
f 204/2899/1 1716/1837/1 3022/1839/1
f 3023/1836/1 2450/1835/1 414/3069/1
f 1074/1868/1 3023/1836/1 1575/763/1
f 382/3068/1 2449/1834/1 3023/1836/1
f 3024/1833/1 1246/1832/1 111/2560/1
f 2450/1835/1 3024/1833/1 1107/610/1
f 876/3067/1 2448/1831/1 3024/1833/1
f 3025/1830/1 2447/1829/1 875/3070/1
f 1669/150/1 3025/1830/1 2445/1825/1
f 84/3043/1 1667/1828/1 3025/1830/1
f 3026/1827/1 2446/1826/1 556/3072/1
f 1200/2150/1 3026/1827/1 1716/1837/1
f 508/3071/1 2445/1825/1 3026/1827/1
f 3027/1824/1 1247/1823/1 221/2892/1
f 2446/1826/1 3027/1824/1 1245/245/1
f 875/3070/1 2444/1822/1 3027/1824/1
f 3028/1821/1 2443/1820/1 874/3073/1
f 1721/255/1 3028/1821/1 2441/1816/1
f 222/2886/1 1719/1819/1 3028/1821/1
f 3029/1818/1 2442/1817/1 377/3075/1
f 1250/1805/1 3029/1818/1 1538/2182/1
f 561/3074/1 2441/1816/1 3029/1818/1
f 3030/1815/1 1071/1814/1 83/3076/1
f 2442/1817/1 3030/1815/1 1069/140/1
f 874/3073/1 2440/1813/1 3030/1815/1
f 3031/1812/1 2439/1811/1 873/3077/1
f 1492/597/1 3031/1812/1 2437/1807/1
f 150/2570/1 1720/1810/1 3031/1812/1
f 3032/1809/1 2438/1808/1 503/3079/1
f 1022/800/1 3032/1809/1 1664/1774/1
f 331/3078/1 2437/1807/1 3032/1809/1
f 3033/1806/1 1250/1805/1 199/2878/1
f 2438/1808/1 3033/1806/1 1195/266/1
f 873/3077/1 2436/1804/1 3033/1806/1
f 3034/1803/1 2435/1802/1 872/3081/1
f 1614/36/1 3034/1803/1 2433/1798/1
f 34/3059/1 1612/1801/1 3034/1803/1
f 3035/1800/1 2434/1799/1 560/3083/1
f 1146/2481/1 3035/1800/1 1720/1810/1
f 453/3082/1 2433/1798/1 3035/1800/1
f 3036/1797/1 1251/1796/1 222/2886/1
f 2434/1799/1 3036/1797/1 1249/254/1
f 872/3081/1 2432/1795/1 3036/1797/1
f 3037/1794/1 2431/1793/1 871/3084/1
f 1725/264/1 3037/1794/1 2429/1789/1
f 223/2880/1 1723/1792/1 3037/1794/1
f 3038/1791/1 2430/1790/1 315/3086/1
f 1254/1778/1 3038/1791/1 1476/2119/1
f 565/3085/1 2429/1789/1 3038/1791/1
f 3039/1788/1 1070/1787/1 47/3087/1
f 2430/1790/1 3039/1788/1 1006/161/1
f 871/3084/1 2428/1786/1 3039/1788/1
f 3040/1785/1 2427/1784/1 870/3088/1
f 1455/288/1 3040/1785/1 2425/1780/1
f 113/2863/1 1724/1783/1 3040/1785/1
f 3041/1782/1 2426/1781/1 437/3090/1
f 985/1709/1 3041/1782/1 1598/1963/1
f 294/3089/1 2425/1780/1 3041/1782/1
f 3042/1779/1 1254/1778/1 134/2920/1
f 2426/1781/1 3042/1779/1 1130/203/1
f 870/3088/1 2424/1777/1 3042/1779/1
f 3043/1776/1 2423/1775/1 869/3091/1
f 1577/133/1 3043/1776/1 2421/1771/1
f 63/3080/1 1664/1774/1 3043/1776/1
f 3044/1773/1 2422/1772/1 564/3093/1
f 1109/2204/1 3044/1773/1 1724/1783/1
f 416/3092/1 2421/1771/1 3044/1773/1
f 3045/1770/1 1255/1769/1 223/2880/1
f 2422/1772/1 3045/1770/1 1253/263/1
f 869/3091/1 2420/1768/1 3045/1770/1
f 3046/1767/1 2419/1766/1 868/3094/1
f 1729/273/1 3046/1767/1 2417/1762/1
f 224/2874/1 1727/1765/1 3046/1767/1
f 3047/1764/1 2418/1763/1 277/3096/1
f 1258/1751/1 3047/1764/1 1438/2513/1
f 569/3095/1 2417/1762/1 3047/1764/1
f 3048/1761/1 970/1760/1 21/3097/1
f 2418/1763/1 3048/1761/1 968/27/1
f 868/3094/1 2416/1759/1 3048/1761/1
f 3049/1758/1 2415/1757/1 867/3098/1
f 1539/261/1 3049/1758/1 2413/1753/1
f 200/2881/1 1728/1756/1 3049/1758/1
f 3050/1755/1 2414/1754/1 400/3100/1
f 1070/1787/1 3050/1755/1 1561/709/1
f 378/3099/1 2413/1753/1 3050/1755/1
f 3051/1752/1 1258/1751/1 96/2548/1
f 2414/1754/1 3051/1752/1 1092/628/1
f 867/3098/1 2412/1750/1 3051/1752/1
f 3052/1749/1 2411/1748/1 866/3101/1
f 1665/141/1 3052/1749/1 2409/1744/1
f 83/3076/1 1663/1747/1 3052/1749/1
f 3053/1746/1 2410/1745/1 568/3103/1
f 1196/2177/1 3053/1746/1 1728/1756/1
f 504/3102/1 2409/1744/1 3053/1746/1
f 3054/1743/1 1259/1742/1 224/2874/1
f 2410/1745/1 3054/1743/1 1257/272/1
f 866/3101/1 2408/1741/1 3054/1743/1
f 3055/1740/1 2407/1739/1 865/3104/1
f 1733/282/1 3055/1740/1 2406/3105/1
f 225/2868/1 1731/1738/1 3055/1740/1
f 573/3106/1 2406/3105/1 3056/3107/1
f 3057/1737/1 2404/1736/1 864/3108/1
f 1096/3109/1 3057/1737/1 2402/1732/1
f 100/3111/1 1732/1735/1 3057/1737/1
f 3058/1734/1 2403/1733/1 500/3112/1
f 1565/3113/1 3058/1734/1 1661/1717/1
f 404/3110/1 2402/1732/1 3058/1734/1
f 3059/1731/1 1262/1730/1 196/3115/1
f 2403/1733/1 3059/1731/1 1192/3116/1
f 864/3108/1 2401/1729/1 3059/1731/1
f 3060/1728/1 2400/1727/1 863/3117/1
f 972/3118/1 3060/1728/1 2398/1723/1
f 23/3120/1 1613/1726/1 3060/1728/1
f 3061/1725/1 2399/1724/1 572/3121/1
f 1442/3122/1 3061/1725/1 1732/1735/1
f 281/3119/1 2398/1723/1 3061/1725/1
f 3062/1722/1 1263/1721/1 225/2868/1
f 2399/1724/1 3062/1722/1 1261/281/1
f 863/3117/1 2397/1720/1 3062/1722/1
f 1010/3123/1 3063/1719/1 2395/3124/1
f 51/3114/1 1661/1717/1 3063/1719/1
f 3064/1716/1 2394/1715/1 862/3126/1
f 1736/291/1 3064/1716/1 2392/1711/1
f 226/2862/1 1735/1714/1 3064/1716/1
f 3065/1713/1 2393/1712/1 289/3128/1
f 1266/1706/1 3065/1713/1 1450/2459/1
f 577/3127/1 2392/1711/1 3065/1713/1
f 3066/1710/1 985/1709/1 31/3017/1
f 2393/1712/1 3066/1710/1 980/44/1
f 862/3126/1 2391/1708/1 3066/1710/1
f 3067/1707/1 1266/1706/1 108/2585/1
f 3068/1704/1 2388/1703/1 860/3129/1
f 3070/1698/1 1267/1697/1 226/2862/1
f 2387/1700/1 3070/1698/1 1265/290/1
f 860/3129/1 2385/1696/1 3070/1698/1
f 3071/1695/1 2384/1694/1 859/3131/1
f 1740/300/1 3071/1695/1 2382/1690/1
f 227/2856/1 1738/1693/1 3071/1695/1
f 3072/1692/1 2383/1691/1 371/3133/1
f 1270/1679/1 3072/1692/1 1532/340/1
f 581/3132/1 2382/1690/1 3072/1692/1
f 3550/3134/1 3388/4042/1 1748/3135/1
f 1065/412/4 3198/412/4 4211/3137/4
f 859/3131/1 2381/411/1 3073/413/1
f 3074/1686/1 2380/1685/1 858/3138/1
f 1084/3139/1 3074/1686/1 2378/1681/1
f 88/3141/1 1739/1684/1 3074/1686/1
f 3075/1683/1 2379/1682/1 496/3142/1
f 1553/3143/1 3075/1683/1 1657/1648/1
f 392/3140/1 2378/1681/1 3075/1683/1
f 3076/1680/1 1270/1679/1 192/2836/1
f 2379/1682/1 3076/1680/1 1188/310/1
f 858/3138/1 2377/1678/1 3076/1680/1
f 3077/1677/1 2376/1676/1 857/3145/1
f 960/3146/1 3077/1677/1 2374/1672/1
f 7/3148/1 1607/1675/1 3077/1677/1
f 3078/1674/1 2375/1673/1 580/3149/1
f 1430/3150/1 3078/1674/1 1739/1684/1
f 269/3147/1 2374/1672/1 3078/1674/1
f 3079/1671/1 1271/1670/1 227/2856/1
f 2375/1673/1 3079/1671/1 1269/299/1
f 857/3145/1 2373/1669/1 3079/1671/1
f 3081/1342/5 4239/1342/5 4207/1341/5
f 3389/2785/5 4252/2785/5 4228/2784/5
f 1187/317/2 4221/317/2 1758/3151/2
f 3081/1342/1 2371/1341/1 330/3152/1
f 1274/1652/1 3081/1342/1 1491/2200/1
f 585/3153/1 2370/1340/1 3081/1342/1
f 1456/2792/4 4225/2792/4 2645/2829/4
f 3549/319/4 4255/319/4 4221/317/4
f 2381/411/3 4210/411/3 4237/413/3
f 3083/1659/1 2368/1658/1 855/3154/1
f 1123/3155/1 3083/1659/1 2366/1654/1
f 127/3157/1 1743/1657/1 3083/1659/1
f 3084/1656/1 2367/1655/1 452/3158/1
f 1590/3159/1 3084/1656/1 1613/1726/1
f 429/3156/1 2366/1654/1 3084/1656/1
f 3085/1653/1 1274/1652/1 149/2866/1
f 2367/1655/1 3085/1653/1 1145/284/1
f 855/3154/1 2365/1651/1 3085/1653/1
f 3086/1650/1 2364/1649/1 854/3160/1
f 999/3161/1 3086/1650/1 2362/1645/1
f 39/3144/1 1657/1648/1 3086/1650/1
f 3087/1647/1 2363/1646/1 584/3163/1
f 1469/3164/1 3087/1647/1 1743/1657/1
f 308/3162/1 2362/1645/1 3087/1647/1
f 112/2567/5 3123/2567/5 4224/2486/5
f 2363/1646/1 3088/1644/1 1273/2794/1
f 854/3160/1 2361/1642/1 3088/1644/1
f 1662/2801/3 1291/2801/3 1289/3165/3
f 1021/2800/3 3621/2800/3 4260/2802/3
f 2635/339/4 4220/339/4 4219/2818/4
f 3090/1551/1 2359/1550/1 293/3166/1
f 3073/413/2 4237/413/2 4212/1691/2
f 114/2829/2 2645/2829/2 2646/2791/2
f 3091/1637/1 986/1636/1 34/3059/1
f 2359/1550/1 3091/1637/1 984/35/1
f 853/3167/1 2357/1635/1 3091/1637/1
f 1749/318/2 232/318/2 4255/319/2
f 2634/338/2 4218/338/2 97/2819/2
f 2383/1691/3 4212/1691/3 2216/3133/3
f 2359/1550/4 4230/1550/4 4201/3167/4
f 3614/2802/5 4260/2802/5 1291/2801/5
f 373/3137/2 4211/3137/2 4210/411/2
f 853/3167/5 4201/3167/5 4229/1635/5
f 2630/343/2 4214/343/2 4223/2835/2
f 923/2818/2 4219/2818/2 4218/338/2
f 495/3151/2 1758/3151/2 1759/1573/2
f 1532/340/3 2217/340/3 4234/342/3
f 501/3165/5 1289/3165/5 4187/2783/5
f 371/3133/2 2216/3133/2 2217/340/2
f 3553/2796/3 4258/2796/3 4203/1651/3
f 2888/342/3 4234/342/3 4214/343/3
f 1962/784/4 4227/784/4 4254/2787/4
f 2368/1658/5 4231/1658/5 4258/2796/5
f 1454/2486/4 4224/2486/4 4243/1551/4
f 3098/1626/1 2348/1625/1 850/3168/1
f 1752/324/1 3098/1626/1 2346/1621/1
f 230/2816/1 1750/1624/1 3098/1626/1
f 3099/1623/1 2347/1622/1 367/3170/1
f 1282/1613/1 3099/1623/1 1528/2252/1
f 593/3169/1 2346/1621/1 3099/1623/1
f 3100/1620/1 1061/1619/1 80/3171/1
f 2347/1622/1 3100/1620/1 1059/118/1
f 850/3168/1 2345/1618/1 3100/1620/1
f 3102/3172/1 2343/3175/1 492/3173/1
f 1025/1091/1 3102/3172/1 1653/1582/1
f 3103/1614/1 1282/1613/1 188/2809/1
f 2343/3175/1 3103/1614/1 1184/335/1
f 849/3176/1 2342/1612/1 3103/1614/1
f 3104/1611/1 2341/1610/1 848/3177/1
f 1618/3178/1 3104/1611/1 2339/1606/1
f 35/3026/1 1616/1609/1 3104/1611/1
f 3105/1608/1 2340/1607/1 592/3180/1
f 3106/1605/1 1283/1604/1 230/2816/1
f 2340/1607/1 3106/1605/1 1281/323/1
f 848/3177/1 2338/1603/1 3106/1605/1
f 3107/1602/1 2337/1601/1 847/3181/1
f 1756/333/1 3107/1602/1 2335/1597/1
f 231/2811/1 1754/1600/1 3107/1602/1
f 3108/1599/1 2336/1598/1 403/3183/1
f 1286/1586/1 3108/1599/1 1095/3184/1
f 597/3182/1 2335/1597/1 3108/1599/1
f 3109/1596/1 1060/1595/1 50/3186/1
f 2336/1598/1 3109/1596/1 1564/3187/1
f 847/3181/1 2334/1594/1 3109/1596/1
f 3110/1593/1 2333/1592/1 846/3188/1
f 1458/362/1 3110/1593/1 2331/1588/1
f 116/2772/1 1755/1591/1 3110/1593/1
f 3111/1590/1 2332/1589/1 280/3190/1
f 988/1490/1 3111/1590/1 971/3191/1
f 297/3189/1 2331/1588/1 3111/1590/1
f 3112/1587/1 1286/1586/1 99/3185/1
f 2332/1589/1 3112/1587/1 1441/3193/1
f 846/3188/1 2330/1585/1 3112/1587/1
f 3113/1584/1 2329/1583/1 845/3194/1
f 1580/110/1 3113/1584/1 2327/1579/1
f 66/3174/1 1653/1582/1 3113/1584/1
f 3114/1581/1 2328/1580/1 596/3196/1
f 1112/2274/1 3114/1581/1 1755/1591/1
f 419/3195/1 2327/1579/1 3114/1581/1
f 3115/1578/1 1287/1577/1 231/2811/1
f 2328/1580/1 3115/1578/1 1285/332/1
f 845/3194/1 2326/1576/1 3115/1578/1
f 3116/415/1 2325/2717/1 844/3197/1
f 1760/416/1 3116/415/1 2323/1570/1
f 1527/2310/2 2209/2310/2 3204/1334/2
f 3117/1572/1 2324/1571/1 440/3199/1
f 1290/1559/1 3117/1572/1 1133/3200/1
f 601/3198/1 2323/1570/1 3117/1572/1
f 3118/1569/1 969/1568/1 17/3202/1
f 2324/1571/1 3118/1569/1 1601/3203/1
f 844/3197/1 2322/1567/1 3118/1569/1
f 3119/407/1 2321/2719/1 843/3204/1
f 1529/330/1 3119/407/1 2319/1561/1
f 240/2741/4 2674/2741/4 2213/2740/4
f 3120/1563/1 2320/1562/1 318/3206/1
f 1060/1595/1 3120/1563/1 1009/3207/1
f 368/3205/1 2319/1561/1 3120/1563/1
f 3121/1560/1 1290/1559/1 137/3201/1
f 2320/1562/1 3121/1560/1 1479/3208/1
f 843/3204/1 2318/1558/1 3121/1560/1
f 635/2737/4 933/2737/4 1048/2736/4
f 1652/2720/2 1798/2720/2 4163/3171/2
f 1324/2740/4 2213/2740/4 933/2737/4
f 2325/2717/5 4168/2717/5 4185/3209/5
f 3542/3209/5 4185/3209/5 4161/3210/5
f 1760/416/5 4164/416/5 4172/415/5
f 1185/2247/3 3201/2247/3 2855/406/3
f 2221/2727/5 4166/2727/5 4182/3211/5
f 3116/415/5 4172/415/5 4168/2717/5
f 3125/1548/1 2313/1547/1 841/3212/1
f 1764/347/1 3125/1548/1 2311/1543/1
f 233/2781/1 1762/1546/1 3125/1548/1
f 3126/1545/1 2312/1544/1 364/3214/1
f 1293/1535/1 3126/1545/1 1525/2270/1
f 605/3213/1 2311/1543/1 3126/1545/1
f 2312/1544/1 3127/3671/1 1056/112/1
f 3128/1542/1 2310/1541/1 840/3215/1
f 1100/3216/1 3128/1542/1 2308/1537/1
f 104/3218/1 1763/1540/1 3128/1542/1
f 3129/1539/1 2309/1538/1 489/3219/1
f 1569/3220/1 3129/1539/1 1650/1504/1
f 408/3217/1 2308/1537/1 3129/1539/1
f 3130/1536/1 1293/1535/1 185/2775/1
f 2309/1538/1 3130/1536/1 1181/358/1
f 840/3215/1 2307/1534/1 3130/1536/1
f 3131/1533/1 2306/1532/1 839/3222/1
f 976/3223/1 3131/1533/1 2304/1528/1
f 27/3225/1 1617/1531/1 3131/1533/1
f 3132/1530/1 2305/1529/1 604/3226/1
f 1446/3227/1 3132/1530/1 1763/1540/1
f 285/3224/1 2304/1528/1 3132/1530/1
f 3133/1527/1 1294/1526/1 233/2781/1
f 2305/1529/1 3133/1527/1 1292/346/1
f 839/3222/1 2303/1525/1 3133/1527/1
f 3134/1524/1 2302/1523/1 838/3228/1
f 1768/356/1 3134/1524/1 2300/1519/1
f 234/2777/1 1766/1522/1 3134/1524/1
f 3135/1521/1 2301/1520/1 391/3230/1
f 1297/1508/1 3135/1521/1 1083/3231/1
f 609/3229/1 2300/1519/1 3135/1521/1
f 3136/1518/1 1057/1517/1 38/3233/1
f 2301/1520/1 3136/1518/1 1552/3234/1
f 838/3228/1 2299/1516/1 3136/1518/1
f 3137/1515/1 2298/1514/1 837/3235/1
f 1138/3236/1 3137/1515/1 2296/1510/1
f 142/3238/1 1767/1513/1 3137/1515/1
f 3138/1512/1 2297/1511/1 268/3239/1
f 1606/3241/1 3138/1512/1 959/3240/1
f 445/3237/1 2296/1510/1 3138/1512/1
f 3139/1509/1 1297/1508/1 87/3232/1
f 2297/1511/1 3139/1509/1 1429/3243/1
f 837/3235/1 2295/1507/1 3139/1509/1
f 3140/1506/1 2294/1505/1 836/3244/1
f 1014/3245/1 3140/1506/1 2292/1501/1
f 55/3221/1 1650/1504/1 3140/1506/1
f 3141/1503/1 2293/1502/1 608/3247/1
f 1484/3248/1 3141/1503/1 1767/1513/1
f 323/3246/1 2292/1501/1 3141/1503/1
f 3142/1500/1 1298/1499/1 234/2777/1
f 2293/1502/1 3142/1500/1 1296/355/1
f 836/3244/1 2291/1498/1 3142/1500/1
f 3143/1497/1 2290/1496/1 835/3249/1
f 1772/365/1 3143/1497/1 2288/1492/1
f 235/2771/1 1770/1495/1 3143/1497/1
f 3144/1494/1 2289/1493/1 428/3251/1
f 1301/1481/1 3144/1494/1 1122/3252/1
f 613/3250/1 2288/1492/1 3144/1494/1
f 3145/1491/1 988/1490/1 22/3192/1
f 2289/1493/1 3145/1491/1 1589/3254/1
f 835/3249/1 2287/1489/1 3145/1491/1
f 3146/1488/1 2286/1487/1 834/3255/1
f 1526/353/1 3146/1488/1 2284/1483/1
f 186/2778/1 1771/1486/1 3146/1488/1
f 3147/1485/1 2285/1484/1 307/3257/1
f 1057/1517/1 3147/1485/1 998/3258/1
f 365/3256/1 2284/1483/1 3147/1485/1
f 3148/1482/1 1301/1481/1 126/3253/1
f 2285/1484/1 3148/1482/1 1468/3259/1
f 834/3255/1 2283/1480/1 3148/1482/1
f 3149/1479/1 2282/1478/1 833/3260/1
f 1651/113/1 3149/1479/1 2280/1474/1
f 79/3262/1 1649/1477/1 3149/1479/1
f 3150/1476/1 2281/1475/1 612/3263/1
f 1182/2265/1 3150/1476/1 1771/1486/1
f 490/3261/1 2280/1474/1 3150/1476/1
f 3151/1473/1 1302/1472/1 235/2771/1
f 2281/1475/1 3151/1473/1 1300/364/1
f 833/3260/1 2279/1471/1 3151/1473/1
f 1088/3264/1 3152/3268/1 2277/3265/1
f 92/3267/1 1774/3569/1 3152/3268/1
f 3153/3269/1 2278/3582/1 487/3270/1
f 1557/3271/1 3153/3269/1 1648/1459/1
f 396/3266/1 2277/3265/1 3153/3269/1
f 3154/1470/1 2276/1469/1 832/3273/1
f 1127/3274/1 3154/1470/1 2274/1465/1
f 131/3276/1 1775/1468/1 3154/1470/1
f 3155/1467/1 2275/1466/1 456/3277/1
f 1594/3278/1 3155/1467/1 1617/1531/1
f 433/3275/1 2274/1465/1 3155/1467/1
f 3156/1464/1 1304/1463/1 153/3279/1
f 2275/1466/1 3156/1464/1 1149/349/1
f 832/3273/1 2273/1462/1 3156/1464/1
f 3157/1461/1 2272/1460/1 831/3280/1
f 1003/3281/1 3157/1461/1 2270/1456/1
f 43/3272/1 1648/1459/1 3157/1461/1
f 3158/1458/1 2271/1457/1 615/3283/1
f 1473/3284/1 3158/1458/1 1775/1468/1
f 312/3282/1 2270/1456/1 3158/1458/1
f 2271/1457/1 3159/3285/1 1303/2651/1
f 831/3280/1 2269/3580/1 3159/3285/1
f 2931/2100/2 3761/2100/2 3732/2102/2
f 623/3286/3 3703/3286/3 3746/1412/3
f 2970/1995/4 3767/1995/4 3752/1993/4
f 1691/186/3 3692/186/3 3693/3287/3
f 1179/3288/5 3744/3288/5 3774/3289/5
f 3160/1455/1 2267/1454/1 830/3290/1
f 1497/555/1 3160/1455/1 2265/1450/1
f 157/2600/1 1777/1453/1 3160/1455/1
f 3161/1452/1 2266/1451/1 486/3292/1
f 1028/905/1 3161/1452/1 1647/1417/1
f 336/3291/1 2265/1450/1 3161/1452/1
f 3162/1449/1 1307/1448/1 182/3294/1
f 2266/1451/1 3162/1449/1 1178/385/1
f 830/3290/1 2264/1447/1 3162/1449/1
f 3163/1446/1 2263/1445/1 829/3295/1
f 1622/51/1 3163/1446/1 2261/1441/1
f 36/2993/1 1620/1444/1 3163/1446/1
f 3164/1443/1 2262/1442/1 617/3297/1
f 1153/2436/1 3164/1443/1 1777/1453/1
f 461/3296/1 2261/1441/1 3164/1443/1
f 3165/1440/1 1308/1439/1 236/3298/1
f 2262/1442/1 3165/1440/1 1306/373/1
f 829/3295/1 2260/1438/1 3165/1440/1
f 3166/1437/1 2259/1436/1 828/3299/1
f 1782/383/1 3166/1437/1 2257/1432/1
f 237/2760/1 1780/1435/1 3166/1437/1
f 3167/1434/1 2258/1433/1 407/3301/1
f 1311/1421/1 3167/1434/1 1099/3302/1
f 622/3300/1 2257/1432/1 3167/1434/1
f 3168/1431/1 1053/1430/1 54/3304/1
f 2258/1433/1 3168/1431/1 1568/3305/1
f 828/3299/1 2256/1429/1 3168/1431/1
f 3169/1428/1 2255/1427/1 827/3306/1
f 1462/3307/1 3169/1428/1 2253/1423/1
f 120/3309/1 1781/1426/1 3169/1428/1
f 3170/1425/1 2254/1424/1 284/3310/1
f 992/1329/1 3170/1425/1 975/3311/1
f 301/3308/1 2253/1423/1 3170/1425/1
f 3171/1422/1 1311/1421/1 103/3303/1
f 2254/1424/1 3171/1422/1 1445/3313/1
f 827/3306/1 2252/1420/1 3171/1422/1
f 3172/1419/1 2251/1418/1 826/3314/1
f 1583/3315/1 3172/1419/1 2249/1414/1
f 69/3293/1 1647/1417/1 3172/1419/1
f 3173/1416/1 2250/1415/1 621/3317/1
f 1116/3318/1 3173/1416/1 1781/1426/1
f 422/3316/1 2249/1414/1 3173/1416/1
f 3174/1413/1 1312/1412/1 237/2760/1
f 2250/1415/1 3174/1413/1 1310/382/1
f 826/3314/1 2248/1411/1 3174/1413/1
f 3175/1410/1 2247/1409/1 825/3319/1
f 1786/392/1 3175/1410/1 2245/1405/1
f 238/2756/1 1784/1408/1 3175/1410/1
f 3176/1407/1 2246/1406/1 444/3321/1
f 1315/1394/1 3176/1407/1 1137/3322/1
f 626/3320/1 2245/1405/1 3176/1407/1
f 3177/1404/1 962/1403/1 5/3324/1
f 2246/1406/1 3177/1404/1 1605/3325/1
f 825/3319/1 2244/1402/1 3177/1404/1
f 3178/1401/1 2243/1400/1 824/3326/1
f 1522/380/1 3178/1401/1 2241/1396/1
f 183/2762/1 1785/1399/1 3178/1401/1
f 3179/1398/1 2242/1397/1 322/3328/1
f 1053/1430/1 3179/1398/1 1013/3329/1
f 361/3327/1 2241/1396/1 3179/1398/1
f 3180/1395/1 1315/1394/1 141/3323/1
f 2242/1397/1 3180/1395/1 1483/3330/1
f 824/3326/1 2240/1393/1 3180/1395/1
f 3463/568/4 3783/568/4 3747/566/4
f 1207/2099/2 3662/2099/2 3761/2100/2
f 3592/193/4 3786/193/4 3745/191/4
f 3181/3289/1 2239/3332/1 625/3331/1
f 1179/3288/1 3181/3289/1 1785/1399/1
f 1114/569/4 3742/569/4 3767/1995/4
f 3182/1392/1 1316/1391/1 238/2756/1
f 2239/3332/1 3182/1392/1 1314/391/1
f 3181/3289/5 3774/3289/5 3751/3332/5
f 3183/1389/1 2237/1388/1 823/3333/1
f 1790/401/1 3183/1389/1 2235/1384/1
f 239/2750/1 1788/1387/1 3183/1389/1
f 3184/1386/1 2236/1385/1 357/3335/1
f 1319/1373/1 3184/1386/1 1518/2307/1
f 630/3334/1 2235/1384/1 3184/1386/1
f 3209/3336/1 3208/2738/1 1048/2736/1
f 2236/1385/1 3185/1383/1 1049/3338/1
f 823/3333/1 2234/1381/1 3185/1383/1
f 3186/1380/1 2233/1379/1 822/3339/1
f 1477/579/1 3186/1380/1 2231/1375/1
f 135/2582/1 1789/1378/1 3186/1380/1
f 3187/1377/1 2232/1376/1 483/3341/1
f 1007/854/1 3187/1377/1 1644/2729/1
f 316/3340/1 2231/1375/1 3187/1377/1
f 3188/1374/1 1319/1373/1 178/2738/1
f 2232/1376/1 3188/1374/1 1174/3336/1
f 822/3339/1 2230/1372/1 3188/1374/1
f 3189/1371/1 2229/1370/1 821/3342/1
f 1599/42/1 3189/1371/1 2227/1366/1
f 32/3033/1 1621/1369/1 3189/1371/1
f 3190/1368/1 2228/1367/1 629/3344/1
f 1131/2463/1 3190/1368/1 1789/1378/1
f 438/3343/1 2227/1366/1 3190/1368/1
f 3191/1365/1 1320/1364/1 239/2750/1
f 2228/1367/1 3191/1365/1 1318/400/1
f 821/3342/1 2226/1363/1 3191/1365/1
f 3192/1362/1 2225/1361/1 820/3345/1
f 1794/3346/1 3192/1362/1 2223/1357/1
f 240/2741/1 1792/1360/1 3192/1362/1
f 3193/1359/1 2224/1358/1 395/3348/1
f 1323/1347/1 3193/1359/1 1087/3349/1
f 634/3347/1 2223/1357/1 3193/1359/1
f 3194/1356/1 1050/1355/1 42/3351/1
f 2224/1358/1 3194/1356/1 1556/3352/1
f 820/3345/1 2222/1354/1 3194/1356/1
f 3195/2728/1 2221/2727/1 819/3353/1
f 1439/3210/1 3195/2728/1 2219/1349/1
f 1529/330/5 4162/330/5 4173/407/5
f 3196/1351/1 2220/1350/1 272/17/1
f 969/1568/1 3196/1351/1 963/16/1
f 278/3354/1 2219/1349/1 3196/1351/1
f 3197/1348/1 1323/1347/1 91/3350/1
f 2220/1350/1 3197/1348/1 1433/3355/1
f 819/3353/1 2218/1346/1 3197/1348/1
f 3517/3211/5 4182/3211/5 4165/3346/5
f 48/2806/2 3515/2806/2 3628/3356/2
f 187/1334/2 3204/1334/2 3207/3357/2
f 3119/407/5 4173/407/5 4167/2719/5
f 1795/2736/4 1048/2736/4 3208/2738/4
f 178/2738/2 3208/2738/2 3209/3336/2
f 2321/2719/5 4167/2719/5 4184/3358/5
f 1439/3210/5 4161/3210/5 4177/2728/5
f 1794/3346/4 4165/3346/4 2674/2741/4
f 2675/3359/1 2674/2741/1 4165/3346/1
f 3207/3357/1 3204/1334/1 1326/1336/1
f 2853/3361/1 2677/414/1 4164/416/1
f 3202/1333/1 2212/1332/1 432/3362/1
f 1327/1323/1 3202/1333/1 1126/3363/1
f 638/3365/1 2211/1331/1 3202/1333/1
f 3203/1330/1 992/1329/1 26/3312/1
f 2212/1332/1 3203/1330/1 1593/3366/1
f 817/3367/1 2210/1328/1 3203/1330/1
f 2854/420/1 3513/1317/1 4161/3210/1
f 3628/3356/1 3515/2806/1 2204/3368/1
f 3348/906/2 4148/906/2 4116/908/2
f 3205/1327/1 2208/1326/1 311/3370/1
f 1050/1355/1 3205/1327/1 1002/3371/1
f 358/3372/1 2207/1325/1 3205/1327/1
f 3206/1324/1 1327/1323/1 130/3364/1
f 2208/1326/1 3206/1324/1 1472/3373/1
f 816/3374/1 2206/1322/1 3206/1324/1
f 3627/3375/3 4155/3375/3 4131/3376/3
f 1028/905/2 4077/905/2 4148/906/2
f 1116/3318/4 4083/3318/4 4102/3316/4
f 3351/897/2 4150/897/2 4115/899/2
f 1389/896/2 4094/896/2 4150/897/2
f 638/3365/5 4112/3365/5 4127/1331/5
f 301/3308/4 4096/3308/4 4095/3307/4
f 817/3367/5 4128/3367/5 4126/1328/5
f 3347/909/2 4147/909/2 4094/896/2
f 3210/1316/1 2201/1315/1 814/3377/1
f 1802/426/1 3210/1316/1 2199/1311/1
f 242/2713/1 1800/1314/1 3210/1316/1
f 3211/1313/1 2200/1312/1 353/3379/1
f 1331/1300/1 3211/1313/1 1514/2327/1
f 642/3378/1 2199/1311/1 3211/1313/1
f 3212/1310/1 1047/1309/1 77/3380/1
f 2200/1312/1 3212/1310/1 1045/89/1
f 814/3377/1 2198/1308/1 3212/1310/1
f 3213/1307/1 2197/1306/1 813/3381/1
f 1488/623/1 3213/1307/1 2195/1302/1
f 146/2551/1 1801/1305/1 3213/1307/1
f 3214/1304/1 2196/1303/1 479/3383/1
f 1018/722/1 3214/1304/1 1640/1269/1
f 327/3382/1 2195/1302/1 3214/1304/1
f 3215/1301/1 1331/1300/1 174/2705/1
f 2196/1303/1 3215/1301/1 1170/437/1
f 813/3381/1 2194/1299/1 3215/1301/1
f 3216/1298/1 2193/1297/1 812/3385/1
f 1610/28/1 3216/1298/1 2191/1293/1
f 21/3097/1 1609/1296/1 3216/1298/1
f 3217/1295/1 2192/1294/1 641/3387/1
f 1142/2508/1 3217/1295/1 1801/1305/1
f 449/3386/1 2191/1293/1 3217/1295/1
f 3218/1292/1 1332/1291/1 242/2713/1
f 2192/1294/1 3218/1292/1 1330/425/1
f 812/3385/1 2190/1290/1 3218/1292/1
f 3219/1289/1 2189/1288/1 811/3388/1
f 1806/435/1 3219/1289/1 2187/1284/1
f 243/2707/1 1804/1287/1 3219/1289/1
f 3220/1286/1 2188/1285/1 335/3390/1
f 1335/1273/1 3220/1286/1 1496/2300/1
f 646/3389/1 2187/1284/1 3220/1286/1
f 3221/1283/1 1046/1282/1 68/3391/1
f 2188/1285/1 3221/1283/1 1027/100/1
f 811/3388/1 2186/1281/1 3221/1283/1
f 3222/1280/1 2185/1279/1 810/3392/1
f 1451/216/1 3222/1280/1 2183/1275/1
f 109/2911/1 1805/1278/1 3222/1280/1
f 3223/1277/1 2184/1276/1 460/3394/1
f 981/1922/1 3223/1277/1 1621/1369/1
f 290/3393/1 2183/1275/1 3223/1277/1
f 3224/1274/1 1335/1273/1 156/2748/1
f 2184/1276/1 3224/1274/1 1152/403/1
f 810/3392/1 2182/1272/1 3224/1274/1
f 3225/1271/1 2181/1270/1 809/3395/1
f 1573/156/1 3225/1271/1 2179/1266/1
f 59/3384/1 1640/1269/1 3225/1271/1
f 3226/1268/1 2180/1267/1 645/3397/1
f 1105/2132/1 3226/1268/1 1805/1278/1
f 412/3396/1 2179/1266/1 3226/1268/1
f 3227/1265/1 1336/1264/1 243/2707/1
f 2180/1267/1 3227/1265/1 1334/434/1
f 809/3395/1 2178/1263/1 3227/1265/1
f 3228/1262/1 2177/1261/1 808/3398/1
f 1810/444/1 3228/1262/1 2175/1257/1
f 244/2701/1 1808/1260/1 3228/1262/1
f 3229/1259/1 2176/1258/1 300/3400/1
f 1339/1246/1 3229/1259/1 1461/2441/1
f 650/3399/1 2175/1257/1 3229/1259/1
f 3230/1256/1 993/1255/1 36/2993/1
f 2176/1258/1 3230/1256/1 991/50/1
f 808/3398/1 2174/1254/1 3230/1256/1
f 3231/1253/1 2173/1252/1 807/3401/1
f 1515/432/1 3231/1253/1 2171/1248/1
f 175/2708/1 1809/1251/1 3231/1253/1
f 3232/1250/1 2172/1249/1 421/3403/1
f 1046/1282/1 3232/1250/1 1582/892/1
f 354/3402/1 2171/1248/1 3232/1250/1
f 3233/1247/1 1339/1246/1 119/2597/1
f 2172/1249/1 3233/1247/1 1115/560/1
f 807/3401/1 2170/1245/1 3233/1247/1
f 3234/1244/1 2169/1243/1 806/3404/1
f 1641/90/1 3234/1244/1 2167/1239/1
f 77/3380/1 1639/1242/1 3234/1244/1
f 3235/1241/1 2168/1240/1 649/3406/1
f 1171/2322/1 3235/1241/1 1809/1251/1
f 480/3405/1 2167/1239/1 3235/1241/1
f 3236/1238/1 1340/1237/1 244/2701/1
f 2168/1240/1 3236/1238/1 1338/443/1
f 806/3404/1 2166/1236/1 3236/1238/1
f 245/2960/1 1812/1233/1 3237/1235/1
f 2156/1216/3 3860/1216/3 3861/3407/3
f 477/3408/4 3833/3408/4 3832/3409/4
f 3238/1232/1 2164/1231/1 805/3410/1
f 1500/528/1 3238/1232/1 2162/1227/1
f 160/2618/1 1813/1230/1 3238/1232/1
f 3239/1229/1 2163/1228/1 476/3412/1
f 1031/986/1 3239/1229/1 1637/1212/1
f 339/3411/1 2162/1227/1 3239/1229/1
f 654/3414/3 3856/3414/3 3862/1219/3
f 2154/1213/3 3857/1213/3 3858/3415/3
f 2575/2101/5 3903/2101/5 3904/2931/5
f 3240/1226/1 2161/1225/1 804/3416/1
f 1626/60/1 3240/1226/1 2159/1221/1
f 37/2964/1 1624/1224/1 3240/1226/1
f 3241/1223/1 2160/1222/1 653/3418/1
f 1157/2409/1 3241/1223/1 1813/1230/1
f 465/3417/1 2159/1221/1 3241/1223/1
f 2955/2040/4 4062/2040/4 4039/2038/4
f 2160/1222/1 3242/3419/1 1342/452/1
f 804/3416/1 2158/2957/1 3242/3419/1
f 803/3420/3 3863/3420/3 3860/1216/3
f 86/3006/4 3797/3006/4 3798/3421/4
f 2153/1210/3 3855/1210/3 3856/3414/3
f 1081/3421/4 3798/3421/4 3831/3422/4
f 2574/2098/5 3902/2098/5 3835/3005/5
f 515/2984/3 3889/2984/3 3880/2012/3
f 476/3412/3 3871/3412/3 3857/1213/3
f 1638/3409/4 3832/3409/4 3793/3423/4
f 802/3415/3 3858/3415/3 3855/1210/3
f 3243/1220/1 2157/1219/1 803/3420/1
f 1466/483/1 3243/1220/1 2155/1215/1
f 124/2678/1 1815/1218/1 3243/1220/1
f 3244/1217/1 2156/1216/1 436/3407/1
f 996/1121/1 3244/1217/1 1597/2026/1
f 305/3424/1 2155/1215/1 3244/1217/1
f 3237/1235/2 3923/1235/2 3846/453/2
f 895/2995/5 3881/2995/5 3879/2005/5
f 517/3425/4 3837/3425/4 3836/3426/4
f 3245/1214/1 2154/1213/1 802/3415/1
f 1587/75/1 3245/1214/1 2152/1209/1
f 72/3413/1 1637/1212/1 3245/1214/1
f 3246/1211/1 2153/1210/1 654/3414/1
f 1120/2367/1 3246/1211/1 1815/1218/1
f 426/3427/1 2152/1209/1 3246/1211/1
f 2538/2033/3 3890/2033/3 3891/2982/3
f 2165/1234/2 3878/1234/2 3923/1235/2
f 516/3005/4 3835/3005/4 3834/3004/4
f 3247/1208/1 2151/1207/1 801/3428/1
f 1818/459/1 3247/1208/1 2149/1203/1
f 246/2695/1 1816/1206/1 3247/1208/1
f 3248/1205/1 2150/1204/1 276/3430/1
f 1345/1193/1 3248/1205/1 1437/2522/1
f 657/3429/1 2149/1203/1 3248/1205/1
f 3249/1202/1 966/22/1 20/3431/1
f 2150/1204/1 3249/1202/1 967/24/1
f 801/3428/1 2148/1201/1 3249/1202/1
f 3250/1200/1 2147/1199/1 800/3432/1
f 1511/3433/1 3250/1200/1 2145/1195/1
f 171/3435/1 1817/1198/1 3250/1200/1
f 3251/1197/1 2146/1196/1 399/3436/1
f 1042/3437/1 3251/1197/1 1560/682/1
f 350/3434/1 2145/1195/1 3251/1197/1
f 3252/1194/1 1345/1193/1 95/2542/1
f 2146/1196/1 3252/1194/1 1091/637/1
f 800/3432/1 2144/1192/1 3252/1194/1
f 3253/1191/1 2143/1190/1 799/3439/1
f 1638/3409/1 3253/1191/1 2141/1186/1
f 76/3423/1 1636/1189/1 3253/1191/1
f 3254/1188/1 2142/1187/1 656/3440/1
f 1168/3441/1 3254/1188/1 1817/1198/1
f 477/3408/1 2141/1186/1 3254/1188/1
f 3255/1185/1 1346/1184/1 246/2695/1
f 2142/1187/1 3255/1185/1 1344/458/1
f 799/3439/1 2140/1183/1 3255/1185/1
f 3256/1182/1 2139/1181/1 798/3442/1
f 1822/468/1 3256/1182/1 2137/1177/1
f 247/2689/1 1820/1180/1 3256/1182/1
f 3257/1179/1 2138/1178/1 346/3444/1
f 1349/1166/1 3257/1179/1 1507/2363/1
f 661/3443/1 2137/1177/1 3257/1179/1
f 3258/1176/1 1040/1175/1 75/3445/1
f 2138/1178/1 3258/1176/1 1038/77/1
f 798/3442/1 2136/1174/1 3258/1176/1
f 3259/1173/1 2135/1172/1 797/3446/1
f 1478/605/1 3259/1173/1 2133/1168/1
f 136/2563/1 1821/1171/1 3259/1173/1
f 3260/1170/1 2134/1169/1 472/3448/1
f 1008/776/1 3260/1170/1 1633/1135/1
f 317/3447/1 2133/1168/1 3260/1170/1
f 3261/1167/1 1349/1166/1 167/2681/1
f 2134/1169/1 3261/1167/1 1164/479/1
f 797/3446/1 2132/1165/1 3261/1167/1
f 3262/1164/1 2131/1163/1 796/3450/1
f 1600/33/1 3262/1164/1 2129/1159/1
f 33/3066/1 1625/1162/1 3262/1164/1
f 3263/1161/1 2130/1160/1 660/3452/1
f 1132/2490/1 3263/1161/1 1821/1171/1
f 439/3451/1 2129/1159/1 3263/1161/1
f 3264/1158/1 1350/1157/1 247/2689/1
f 2130/1160/1 3264/1158/1 1348/467/1
f 796/3450/1 2128/1156/1 3264/1158/1
f 3265/1155/1 2127/1154/1 795/3453/1
f 1826/477/1 3265/1155/1 2125/1150/1
f 248/2683/1 1824/1153/1 3265/1155/1
f 3266/1152/1 2126/1151/1 326/3455/1
f 1353/1139/1 3266/1152/1 1487/2318/1
f 665/3454/1 2125/1150/1 3266/1152/1
f 3267/1149/1 1039/1148/1 58/3456/1
f 2126/1151/1 3267/1149/1 1017/92/1
f 795/3453/1 2124/1147/1 3267/1149/1
f 3268/1146/1 2123/1145/1 794/3457/1
f 1440/270/1 3268/1146/1 2121/1141/1
f 98/2875/1 1825/1144/1 3268/1146/1
f 3269/1143/1 2122/1142/1 448/3459/1
f 970/1760/1 3269/1143/1 1609/1296/1
f 279/3458/1 2121/1141/1 3269/1143/1
f 3270/1140/1 1353/1139/1 145/2711/1
f 2122/1142/1 3270/1140/1 1141/428/1
f 794/3457/1 2120/1138/1 3270/1140/1
f 3271/1137/1 2119/1136/1 793/3460/1
f 1563/138/1 3271/1137/1 2117/1132/1
f 49/3449/1 1633/1135/1 3271/1137/1
f 3272/1134/1 2118/1133/1 664/3462/1
f 1094/2186/1 3272/1134/1 1825/1144/1
f 402/3461/1 2117/1132/1 3272/1134/1
f 3273/1131/1 1354/1130/1 248/2683/1
f 2118/1133/1 3273/1131/1 1352/476/1
f 793/3460/1 2116/1129/1 3273/1131/1
f 3274/1128/1 2115/1127/1 792/3463/1
f 1830/486/1 3274/1128/1 2113/1123/1
f 249/2677/1 1828/1126/1 3274/1128/1
f 3275/1125/1 2114/1124/1 288/3465/1
f 1357/1112/1 3275/1125/1 1449/2432/1
f 669/3464/1 2113/1123/1 3275/1125/1
f 3276/1122/1 996/1121/1 30/2988/1
f 2114/1124/1 3276/1122/1 979/53/1
f 792/3463/1 2112/1120/1 3276/1122/1
f 3277/1119/1 2111/1118/1 791/3466/1
f 1508/474/1 3277/1119/1 2109/1114/1
f 168/2684/1 1829/1117/1 3277/1119/1
f 3278/1116/1 2110/1115/1 411/3468/1
f 1039/1148/1 3278/1116/1 1572/919/1
f 347/3467/1 2109/1114/1 3278/1116/1
f 3279/1113/1 1357/1112/1 107/2603/1
f 2110/1115/1 3279/1113/1 1103/551/1
f 791/3466/1 2108/1111/1 3279/1113/1
f 3280/1110/1 2107/1109/1 790/3469/1
f 1634/78/1 3280/1110/1 2105/1105/1
f 75/3445/1 1632/1108/1 3280/1110/1
f 3281/1107/1 2106/1106/1 668/3471/1
f 1165/2358/1 3281/1107/1 1829/1117/1
f 473/3470/1 2105/1105/1 3281/1107/1
f 3282/1104/1 1358/1103/1 249/2677/1
f 2106/1106/1 3282/1104/1 1356/485/1
f 790/3469/1 2104/1102/1 3282/1104/1
f 1834/3116/1 1832/3115/1 4388/3472/1
f 1503/3474/1 1363/4189/1 4386/3475/1
f 1504/3477/1 1629/4190/1 4356/3478/1
f 2828/3480/1 2827/3577/1 4380/3481/1
f 3307/3483/1 3304/4213/1 4378/3484/1
f 3314/3486/1 3308/4195/1 4374/3487/1
f 3291/3489/1 3288/4207/1 4372/3490/1
f 3483/3492/1 3480/3026/1 4368/3178/1
f 1359/491/2 4286/491/2 1744/136/2
f 3300/2822/5 4311/2822/5 2631/316/5
f 2073/1033/5 372/1033/5 229/3494/5
f 751/3495/3 4292/3495/3 856/752/3
f 2062/2838/4 589/2838/4 755/3496/4
f 1836/602/3 1279/602/3 4309/2227/3
f 3305/1035/4 4313/1035/4 372/1033/4
f 162/1628/4 3094/1628/4 2372/1004/4
f 671/136/4 1744/136/4 4279/2379/4
f 3447/615/3 4321/615/3 922/2840/3
f 3289/1083/1 2095/1082/1 787/3497/1
f 1611/30/1 3289/1083/1 2093/1078/1
f 19/3499/1 1603/1081/1 3289/1083/1
f 1946/2840/2 922/2840/2 4292/3495/2
f 1143/2499/1 3290/1080/1 1833/1666/1
f 450/3498/1 2093/1078/1 3290/1080/1
f 60/3500/3 3554/3500/3 4291/147/3
f 1502/2397/2 4290/2397/2 3094/1628/2
f 1035/1067/5 4285/1067/5 4313/1035/5
f 3292/2227/1 2091/2226/1 786/3501/1
f 1838/504/1 3292/2227/1 2089/1069/1
f 251/603/1 1836/602/1 3292/2227/1
f 3293/1071/1 2090/1070/1 338/3503/1
f 1365/1058/1 3293/1071/1 1499/2354/1
f 677/3502/1 2089/1069/1 3293/1071/1
f 3294/1068/1 1035/1067/1 71/3504/1
f 2090/1070/1 3294/1068/1 1030/80/1
f 786/3501/1 2088/1066/1 3294/1068/1
f 3295/1065/1 2087/1064/1 785/3505/1
f 1452/243/1 3295/1065/1 2085/1060/1
f 110/2893/1 1837/1063/1 3295/1065/1
f 3296/1062/1 2086/1061/1 464/3507/1
f 982/1841/1 3296/1062/1 1625/1162/1
f 291/3506/1 2085/1060/1 3296/1062/1
f 3297/1059/1 1365/1058/1 159/2687/1
f 2086/1061/1 3297/1059/1 1156/470/1
f 785/3505/1 2084/1057/1 3297/1059/1
f 2095/1082/3 4267/1082/3 4268/3497/3
f 1574/147/1 3298/2233/1 2081/1051/1
f 3292/2227/5 4309/2227/5 4294/2226/5
f 3299/1053/1 2082/1052/1 676/3509/1
f 1106/2159/1 3299/1053/1 1837/1063/1
f 413/3508/1 2081/1051/1 3299/1053/1
f 3300/2822/1 1366/316/1 251/603/1
f 2082/1052/1 3300/2822/1 1364/503/1
f 3298/2233/3 4310/2233/3 81/1051/3
f 3301/1047/1 2079/1046/1 783/3510/1
f 1842/513/1 3301/1047/1 2077/1042/1
f 252/2634/1 1840/1045/1 3301/1047/1
f 3302/1044/1 2078/1043/1 304/3512/1
f 1369/1031/1 3302/1044/1 1465/2414/1
f 681/3511/1 2077/1042/1 3302/1044/1
f 3303/1041/1 997/1040/1 37/2964/1
f 2078/1043/1 3303/1041/1 995/59/1
f 783/3510/1 2076/1039/1 3303/1041/1
f 1489/614/2 2369/614/2 4321/615/2
f 3488/493/4 4328/493/4 4286/491/4
f 1574/147/5 4291/147/5 4310/2233/5
f 3305/1035/1 2074/1034/1 425/3513/1
f 1035/1067/1 3305/1035/1 1586/973/1
f 343/3514/3 2354/3514/3 4285/1067/3
f 3306/1032/1 1369/1031/1 123/2615/1
f 2074/1034/1 3306/1032/1 1119/533/1
f 782/3494/1 2072/1030/1 3306/1032/1
f 1072/146/5 3096/146/5 3554/3500/5
f 3481/514/4 4323/514/4 4287/512/4
f 674/2664/2 4265/2664/2 4264/2224/2
f 784/3515/3 62/3515/3 4293/1052/3
f 1505/492/2 2353/492/2 4328/493/2
f 2075/2824/5 228/2824/5 4323/514/5
f 3309/2834/1 1370/2633/1 252/2634/1
f 1366/316/3 2631/316/3 2629/603/3
f 3290/1080/3 4307/1080/3 1742/1666/3
f 3310/1020/1 2067/1019/1 780/3516/1
f 1846/522/1 3310/1020/1 2065/1015/1
f 253/2623/1 1844/1018/1 3310/1020/1
f 3311/1017/1 2066/1016/1 341/3518/1
f 1373/1004/1 3311/1017/1 1502/2397/1
f 685/3517/1 2065/1015/1 3311/1017/1
f 3312/1014/1 1032/1013/1 73/2945/1
f 2066/1016/1 3312/1014/1 1033/65/1
f 780/3516/1 2064/1012/1 3312/1014/1
f 3313/1011/1 2063/1010/1 779/3496/1
f 2088/1066/5 4263/1066/5 2354/3514/5
f 165/2672/1 1845/1009/1 3313/1011/1
f 251/603/5 2629/603/5 1279/602/5
f 779/3496/2 755/3496/2 851/2837/2
f 2094/1079/2 4266/1079/2 4307/1080/2
f 1368/512/4 4287/512/4 4316/2834/4
f 1370/2633/4 4288/2633/4 1063/1632/4
f 779/3496/1 2060/1003/1 3315/1005/1
f 3316/1002/1 2059/1001/1 778/3519/1
f 1631/72/1 3316/1002/1 2057/997/1
f 52/3521/1 1566/1000/1 3316/1002/1
f 3317/999/1 2058/998/1 684/3522/1
f 1162/2376/1 3317/999/1 1845/1009/1
f 470/3520/1 2057/997/1 3317/999/1
f 3318/996/1 1374/995/1 253/2623/1
f 2058/998/1 3318/996/1 1372/521/1
f 778/3519/1 2056/994/1 3318/996/1
f 3319/993/1 2055/992/1 777/3523/1
f 1850/531/1 3319/993/1 2053/988/1
f 254/2617/1 1848/991/1 3319/993/1
f 3320/990/1 2054/989/1 345/3525/1
f 1377/977/1 3320/990/1 1506/2372/1
f 689/3524/1 2053/988/1 3320/990/1
f 3321/987/1 1031/986/1 72/3413/1
f 2054/989/1 3321/987/1 1037/74/1
f 777/3523/1 2052/985/1 3321/987/1
f 3322/984/1 2051/983/1 776/3526/1
f 1509/465/1 3322/984/1 2049/979/1
f 169/2690/1 1849/982/1 3322/984/1
f 3323/981/1 2050/980/1 471/3528/1
f 1040/1175/1 3323/981/1 1632/1108/1
f 348/3527/1 2049/979/1 3323/981/1
f 3324/978/1 1377/977/1 166/2675/1
f 2050/980/1 3324/978/1 1163/488/1
f 776/3526/1 2048/976/1 3324/978/1
f 3325/975/1 2047/974/1 775/3529/1
f 1635/81/1 3325/975/1 2045/970/1
f 71/3504/1 1586/973/1 3325/975/1
f 3326/972/1 2046/971/1 688/3531/1
f 1166/2349/1 3326/972/1 1849/982/1
f 474/3530/1 2045/970/1 3326/972/1
f 3327/969/1 1378/968/1 254/2617/1
f 2046/971/1 3327/969/1 1376/530/1
f 775/3529/1 2044/967/1 3327/969/1
f 3328/966/1 2043/965/1 774/3532/1
f 1854/540/1 3328/966/1 2041/961/1
f 255/2611/1 1852/964/1 3328/966/1
f 3329/963/1 2042/962/1 349/3534/1
f 1381/950/1 3329/963/1 1510/2345/1
f 693/3533/1 2041/961/1 3329/963/1
f 3330/960/1 1005/959/1 45/3535/1
f 2042/962/1 3330/960/1 1041/83/1
f 774/3532/1 2040/958/1 3330/960/1
f 3331/957/1 2039/956/1 773/3536/1
f 1512/450/1 3331/957/1 2037/952/1
f 172/2970/1 1853/955/1 3331/957/1
f 3332/954/1 2038/953/1 475/3538/1
f 1043/3539/1 3332/954/1 1636/1189/1
f 351/3537/1 2037/952/1 3332/954/1
f 3333/951/1 1381/950/1 170/2693/1
f 2038/953/1 3333/951/1 1167/461/1
f 773/3536/1 2036/949/1 3333/951/1
f 3334/948/1 2035/947/1 772/3540/1
f 1212/2959/3 3966/2959/3 4071/3541/3
f 2938/2949/3 4052/2949/3 3954/2948/3
f 3335/945/1 2034/944/1 692/3542/1
f 2559/3543/3 4008/3543/3 4053/2955/3
f 1686/2050/4 4033/2050/4 4062/2040/4
f 3336/942/1 1382/941/1 255/2611/1
f 2034/944/1 3336/942/1 1380/539/1
f 772/3540/1 2032/940/1 3336/942/1
f 3337/939/1 2031/938/1 771/3544/1
f 1858/549/1 3337/939/1 2029/934/1
f 256/2605/1 1856/937/1 3337/939/1
f 3338/936/1 2030/935/1 352/3546/1
f 1385/923/1 3338/936/1 1513/2336/1
f 697/3545/1 2029/934/1 3338/936/1
f 3339/933/1 1029/932/1 70/2985/1
f 2030/935/1 3339/933/1 1044/86/1
f 771/3544/1 2028/931/1 3339/933/1
f 3340/930/1 2027/929/1 770/3547/1
f 1516/423/1 3340/930/1 2025/925/1
f 176/2714/1 1857/928/1 3340/930/1
f 3341/927/1 2026/926/1 478/3549/1
f 1047/1309/1 3341/927/1 1639/1242/1
f 355/3548/1 2025/925/1 3341/927/1
f 3342/924/1 1385/923/1 173/2699/1
f 2026/926/1 3342/924/1 1169/446/1
f 770/3547/1 2024/922/1 3342/924/1
f 3343/921/1 2023/920/1 769/3550/1
f 1642/93/1 3343/921/1 2021/916/1
f 58/3456/1 1572/919/1 3343/921/1
f 3344/918/1 2022/917/1 696/3552/1
f 1172/2313/1 3344/918/1 1857/928/1
f 481/3551/1 2021/916/1 3344/918/1
f 3345/915/1 1386/914/1 256/2605/1
f 2022/917/1 3345/915/1 1384/548/1
f 769/3550/1 2020/913/1 3345/915/1
f 3346/912/1 2019/911/1 768/3553/1
f 1862/558/1 3346/912/1 2017/907/1
f 257/2599/1 1860/910/1 3346/912/1
f 2018/908/2 4116/908/2 4147/909/2
f 2211/1331/5 4127/1331/5 4128/3367/5
f 701/3554/1 2017/907/1 3347/909/1
f 3185/1383/3 4141/1383/3 4080/3338/3
f 422/3316/4 4102/3316/4 4101/3315/4
f 768/3553/1 2016/904/1 3348/906/1
f 3349/903/1 2015/902/1 767/3555/1
f 1520/398/1 3349/903/1 2013/898/1
f 180/2751/1 1861/901/1 3349/903/1
f 1462/3307/4 4095/3307/4 4084/3309/4
f 3350/900/2 4149/900/2 4082/1382/2
f 359/3556/1 2013/898/1 3350/900/1
f 2210/1328/5 4126/1328/5 4096/3308/5
f 2014/899/2 4115/899/2 4149/900/2
f 767/3555/1 2012/895/1 3351/897/1
f 3352/894/1 2011/893/1 766/3557/1
f 1646/101/1 3352/894/1 2009/889/1
f 68/3391/1 1582/892/1 3352/894/1
f 3353/891/1 2010/890/1 700/3559/1
f 1176/2295/1 3353/891/1 1861/901/1
f 485/3558/1 2009/889/1 3353/891/1
f 3354/888/1 1390/887/1 257/2599/1
f 2010/890/1 3354/888/1 1388/557/1
f 766/3557/1 2008/886/1 3354/888/1
f 3355/885/1 2007/884/1 765/3560/1
f 1865/567/1 3355/885/1 2005/880/1
f 258/2593/1 1864/883/1 3355/885/1
f 3356/882/1 2006/881/1 360/3562/1
f 1393/875/1 3356/882/1 1521/2291/1
f 704/3561/1 2005/880/1 3356/882/1
f 3357/879/1 1001/878/1 41/3563/1
f 2006/881/1 3357/879/1 1052/103/1
f 765/3560/1 2004/877/1 3357/879/1
f 2003/874/4 3749/874/4 3783/568/4
f 2520/1993/4 3752/1993/4 3786/193/4
f 530/3287/3 3693/3287/3 3665/2015/3
f 2661/2763/5 3753/2763/5 3756/2761/5
f 1779/377/3 3700/377/3 3701/3564/3
f 1221/191/4 3745/191/4 3769/1986/4
f 3358/876/1 1393/875/1 181/2754/1
f 2866/2761/5 3756/2761/5 3744/3288/5
f 1778/374/3 3698/374/3 3699/3565/3
f 2930/2103/2 3760/2103/2 3667/2006/2
f 2973/1986/2 3769/1986/2 3722/1988/2
f 619/3564/3 3701/3564/3 3672/1439/3
f 3462/571/4 3782/571/4 3742/569/4
f 2576/2102/2 3732/2102/2 3760/2103/2
f 3358/876/4 3778/876/4 3749/874/4
f 3359/873/1 1394/872/1 258/2593/1
f 618/3565/3 3699/3565/3 3670/1448/3
f 182/3294/3 3671/3294/3 3702/386/3
f 3360/870/1 2001/869/1 764/3566/1
f 259/2587/1 1867/868/1 3360/870/1
f 3361/867/1 2000/866/1 362/3567/1
f 3362/864/1 1026/863/1 67/3014/1
f 2000/866/1 3362/864/1 1054/106/1
f 764/3566/1 1998/862/1 3362/864/1
f 2272/1460/3 4472/1460/3 4473/3280/3
f 1868/2640/4 4418/2640/4 467/2587/4
f 92/3267/5 4559/3267/5 4396/3569/5
f 500/3112/3 4557/3112/3 4510/1718/3
f 2387/1700/2 4501/1700/2 4602/1701/2
f 1434/3570/3 4330/3570/3 4559/3267/3
f 3068/1704/4 4601/1704/4 4560/1702/4
f 441/3571/3 4365/3571/3 4364/3572/3
f 2395/3124/2 4507/3124/2 4335/3125/2
f 1649/1477/5 4376/1477/5 4377/3573/5
f 2386/1699/4 4567/1699/4 4601/1704/4
f 3361/867/4 4630/867/4 4563/865/4
f 1192/3116/2 1834/3116/2 4557/3112/2
f 1480/3574/3 4334/3574/3 2103/3575/3
f 298/3024/2 4466/3024/2 4465/500/2
f 3067/1707/4 4600/1707/4 4568/1705/4
f 1523/3568/4 4342/3568/4 4630/867/4
f 2343/3175/4 4566/3175/4 4499/3176/4
f 1104/575/4 4556/575/4 4600/1707/4
f 184/2769/5 1843/2769/5 4350/2279/5
f 3363/1092/1 1025/1091/1 66/3174/1
f 3563/280/3 4664/280/3 4521/3576/3
f 82/3577/4 2827/3577/4 2713/3578/4
f 3105/1608/4 4605/1608/4 4565/1606/4
f 2390/3579/4 4505/3579/4 4391/3130/4
f 2269/3580/3 4471/3580/3 4619/3285/3
f 1751/1615/4 4561/1615/4 4605/1608/4
f 2277/3265/3 4485/3265/3 4611/3269/3
f 1536/279/2 4358/279/2 4664/280/2
f 1999/865/4 4563/865/4 4629/870/4
f 153/3279/3 680/3279/3 4562/350/3
f 3159/3285/3 4619/3285/3 789/2651/3
f 1618/3178/4 4368/3178/4 3480/3026/4
f 3360/870/2 4629/870/2 4418/2640/2
f 2339/1606/2 4565/1606/2 4369/3179/2
f 2389/1705/2 4568/1705/2 4503/3581/2
f 1303/2651/3 789/2651/3 4655/2653/3
f 3153/3269/5 4611/3269/5 4487/3582/5
f 849/3176/4 4499/3176/4 4500/1616/4
f 1774/3569/3 4396/3569/3 4610/3268/3
f 1304/1463/3 781/1463/3 680/3279/3
f 3364/861/1 1997/860/1 763/3583/1
f 1872/582/1 3364/861/1 1995/856/1
f 260/2581/1 1870/859/1 3364/861/1
f 3365/858/1 1996/857/1 366/3585/1
f 1399/845/1 3365/858/1 1527/2310/1
f 710/3584/1 1995/856/1 3365/858/1
f 3366/855/1 1007/854/1 48/2806/1
f 1996/857/1 3366/855/1 1058/3356/1
f 763/3583/1 1994/853/1 3366/855/1
f 3367/852/1 1993/851/1 762/3586/1
f 1530/321/1 3367/852/1 1991/847/1
f 190/2817/1 1871/850/1 3367/852/1
f 3368/849/1 1992/848/1 491/3588/1
f 1061/1619/1 3368/849/1 1652/2720/1
f 369/3587/1 1991/847/1 3368/849/1
f 3369/846/1 1399/845/1 187/1334/1
f 1992/848/1 3369/846/1 1183/3357/1
f 762/3586/1 1990/844/1 3369/846/1
f 3370/843/1 1989/842/1 761/3589/1
f 1655/121/1 3370/843/1 1987/838/1
f 65/3022/1 1579/841/1 3370/843/1
f 3371/840/1 1988/839/1 709/3591/1
f 1186/2238/1 3371/840/1 1871/850/1
f 494/3590/1 1987/838/1 3371/840/1
f 3372/837/1 1400/836/1 260/2581/1
f 1988/839/1 3372/837/1 1398/581/1
f 761/3589/1 1986/835/1 3372/837/1
f 3373/834/1 1985/833/1 760/3592/1
f 1876/591/1 3373/834/1 1983/829/1
f 261/2575/1 1874/832/1 3373/834/1
f 3374/831/1 1984/830/1 370/3594/1
f 1403/818/1 3374/831/1 1531/2234/1
f 714/3593/1 1983/829/1 3374/831/1
f 3375/828/1 1023/827/1 64/3047/1
f 1984/830/1 3375/828/1 1062/123/1
f 760/3592/1 1982/826/1 3375/828/1
f 3376/825/1 1981/824/1 759/3595/1
f 1534/297/1 3376/825/1 1979/820/1
f 194/2857/1 1875/823/1 3376/825/1
f 3377/822/1 1980/821/1 495/3151/1
f 1881/2565/4 4226/2565/4 3123/2567/4
f 373/3137/1 1979/820/1 3377/822/1
f 3378/819/1 1403/818/1 191/2820/1
f 1980/821/1 3378/819/1 1187/317/1
f 759/3595/1 1978/817/1 3378/819/1
f 3379/816/1 1977/815/1 758/3596/1
f 1659/130/1 3379/816/1 1975/811/1
f 56/3598/1 1570/814/1 3379/816/1
f 3380/813/1 1976/812/1 713/3599/1
f 1190/2213/1 3380/813/1 1875/823/1
f 498/3597/1 1975/811/1 3380/813/1
f 3381/810/1 1404/809/1 261/2575/1
f 1976/812/1 3381/810/1 1402/590/1
f 758/3596/1 1974/808/1 3381/810/1
f 3382/807/1 1973/806/1 757/3600/1
f 1880/600/1 3382/807/1 1971/802/1
f 262/2569/1 1878/805/1 3382/807/1
f 3383/804/1 1972/803/1 374/3602/1
f 1407/791/1 3383/804/1 1535/2209/1
f 718/3601/1 1971/802/1 3383/804/1
f 3384/801/1 1022/800/1 63/3080/1
f 1972/803/1 3384/801/1 1066/132/1
f 757/3600/1 1970/799/1 3384/801/1
f 3385/798/1 1969/797/1 756/3603/1
f 1536/279/1 3385/798/1 1967/793/1
f 197/2869/1 1879/796/1 3385/798/1
f 3386/795/1 1968/794/1 499/3605/1
f 1067/3578/1 3386/795/1 1660/1702/1
f 375/3604/1 1967/793/1 3386/795/1
f 3387/792/1 1407/791/1 195/2860/1
f 1968/794/1 3387/792/1 1191/293/1
f 756/3603/1 1966/790/1 3387/792/1
f 586/2835/3 4223/2835/3 2647/1643/3
f 3451/2787/5 4254/2787/5 4226/2565/5
f 1273/2794/2 2876/2794/2 4222/3163/2
f 3389/2785/1 1964/2784/1 717/3606/1
f 1193/2195/1 3389/2785/1 1879/796/1
f 501/3165/1 1963/2783/1 3389/2785/1
f 3390/786/1 1408/785/1 262/2569/1
f 1964/2784/1 3390/786/1 1406/599/1
f 3090/1551/5 4243/1551/5 4230/1550/5
f 3391/783/1 1961/782/1 754/3607/1
f 1884/608/1 3391/783/1 1959/778/1
f 263/2562/1 1882/781/1 3391/783/1
f 3392/780/1 1960/779/1 376/3609/1
f 1411/767/1 3392/780/1 1537/2191/1
f 722/3608/1 1959/778/1 3392/780/1
f 3393/777/1 1008/776/1 49/3449/1
f 1960/779/1 3393/777/1 1068/137/1
f 754/3607/1 1958/775/1 3393/777/1
f 3394/774/1 1957/773/1 753/3610/1
f 1540/252/1 3394/774/1 1955/769/1
f 201/2887/1 1883/772/1 3394/774/1
f 3395/771/1 1956/770/1 502/3612/1
f 1071/1814/1 3395/771/1 1663/1747/1
f 379/3611/1 1955/769/1 3395/771/1
f 3396/768/1 1411/767/1 198/2872/1
f 1956/770/1 3396/768/1 1194/275/1
f 753/3610/1 1954/766/1 3396/768/1
f 3397/765/1 1953/764/1 752/3613/1
f 1666/144/1 3397/765/1 1951/760/1
f 61/3055/1 1575/763/1 3397/765/1
f 3398/762/1 1952/761/1 721/3615/1
f 1197/2168/1 3398/762/1 1883/772/1
f 505/3614/1 1951/760/1 3398/762/1
f 3399/759/1 1412/758/1 263/2562/1
f 1952/761/1 3399/759/1 1410/607/1
f 752/3613/1 1950/757/1 3399/759/1
f 3400/756/1 1949/755/1 751/3495/1
f 1888/617/1 3400/756/1 1947/751/1
f 264/2556/1 1886/754/1 3400/756/1
f 3401/753/1 1948/752/1 380/3617/1
f 1415/740/1 3401/753/1 1541/2164/1
f 726/3616/1 1947/751/1 3401/753/1
f 1948/752/3 856/752/3 852/3617/3
f 2092/2224/4 4264/2224/4 4326/499/4
f 1833/1666/2 1742/1666/2 4289/2557/2
f 3403/747/1 1945/746/1 750/3618/1
f 1544/225/1 3403/747/1 1943/742/1
f 205/2905/1 1887/745/1 3403/747/1
f 3404/744/1 1944/743/1 506/3620/1
f 1075/1895/1 3404/744/1 1667/1828/1
f 383/3619/1 1943/742/1 3404/744/1
f 3405/741/1 1415/740/1 202/2890/1
f 1944/743/1 3405/741/1 1198/248/1
f 750/3618/1 1942/739/1 3405/741/1
f 3406/738/1 1941/737/1 749/3621/1
f 1670/153/1 3406/738/1 1939/733/1
f 44/3623/1 1558/736/1 3406/738/1
f 3407/735/1 1940/734/1 725/3624/1
f 1201/2141/1 3407/735/1 1887/745/1
f 509/3622/1 1939/733/1 3407/735/1
f 3408/732/1 1416/731/1 264/2556/1
f 1940/734/1 3408/732/1 1414/616/1
f 749/3621/1 1938/730/1 3408/732/1
f 3409/729/1 1937/728/1 748/3625/1
f 1892/626/1 3409/729/1 1935/724/1
f 265/2550/1 1890/727/1 3409/729/1
f 3410/726/1 1936/725/1 384/3627/1
f 1419/713/1 3410/726/1 1545/2137/1
f 730/3626/1 1935/724/1 3410/726/1
f 3411/723/1 1018/722/1 59/3384/1
f 1936/725/1 3411/723/1 1076/155/1
f 748/3625/1 1934/721/1 3411/723/1
f 3412/720/1 1933/719/1 747/3628/1
f 1548/198/1 3412/720/1 1931/715/1
f 209/2923/1 1891/718/1 3412/720/1
f 3413/717/1 1932/716/1 510/3630/1
f 1079/1976/1 3413/717/1 1671/1909/1
f 387/3629/1 1931/715/1 3413/717/1
f 3414/714/1 1419/713/1 206/2908/1
f 1932/716/1 3414/714/1 1202/221/1
f 747/3628/1 1930/712/1 3414/714/1
f 3415/711/1 1929/710/1 746/3631/1
f 1674/162/1 3415/711/1 1927/706/1
f 47/3087/1 1561/709/1 3415/711/1
f 3416/708/1 1928/707/1 729/3633/1
f 1205/2114/1 3416/708/1 1891/718/1
f 513/3632/1 1927/706/1 3416/708/1
f 3417/705/1 1420/704/1 265/2550/1
f 1928/707/1 3417/705/1 1418/625/1
f 746/3631/1 1926/703/1 3417/705/1
f 3418/702/1 1925/701/1 745/3634/1
f 1896/635/1 3418/702/1 1923/697/1
f 266/2544/1 1894/700/1 3418/702/1
f 3419/699/1 1924/698/1 388/3636/1
f 1423/686/1 3419/699/1 1549/2110/1
f 734/3635/1 1923/697/1 3419/699/1
f 3420/696/1 1012/695/1 53/3637/1
f 1924/698/1 3420/696/1 1080/164/1
f 745/3634/1 1922/694/1 3420/696/1
f 3421/693/1 1921/692/1 744/3638/1
f 1550/3639/1 3421/693/1 1919/688/1
f 211/3640/1 1895/691/1 3421/693/1
f 3422/690/1 1920/689/1 514/3641/1
f 1081/3421/1 3422/690/1 1675/1990/1
f 389/3422/1 1919/688/1 3422/690/1
f 3423/687/1 1423/686/1 210/2926/1
f 1920/689/1 3423/687/1 1206/194/1
f 744/3638/1 1918/685/1 3423/687/1
f 3424/684/1 1917/683/1 743/3642/1
f 1678/3426/1 3424/684/1 1915/679/1
f 46/3438/1 1560/682/1 3424/684/1
f 3425/681/1 1916/680/1 733/3643/1
f 1208/3644/1 3425/681/1 1895/691/1
f 517/3425/1 1915/679/1 3425/681/1
f 3426/678/1 1424/677/1 266/2544/1
f 1916/680/1 3426/678/1 1422/634/1
f 743/3642/1 1914/676/1 3426/678/1
f 3427/675/1 1913/674/1 742/3645/1
f 1900/644/1 3427/675/1 1911/670/1
f 267/2538/1 1898/673/1 3427/675/1
f 3428/672/1 1912/671/1 390/3647/1
f 1427/659/1 3428/672/1 1551/2095/1
f 738/3646/1 1911/670/1 3428/672/1
f 3429/669/1 1016/668/1 57/3648/1
f 1912/671/1 3429/669/1 1082/167/1
f 742/3645/1 1910/667/1 3429/669/1
f 3430/666/1 1909/665/1 741/3649/1
f 3599/3541/3 4071/3541/3 4002/3650/3
f 245/2960/5 3972/2960/5 3996/1233/5
f 3431/663/1 1908/662/1 518/3651/1
f 1211/2954/3 3961/2954/3 4073/3652/3
f 2941/2955/3 4053/2955/3 3961/2954/3
f 3432/660/1 1427/659/1 212/2934/1
f 1908/662/1 3432/660/1 1209/182/1
f 741/3649/1 1906/658/1 3432/660/1
f 3433/657/1 1905/656/1 740/3653/1
f 1681/171/1 3433/657/1 1903/652/1
f 40/3654/1 1554/655/1 3433/657/1
f 3434/654/1 1904/653/1 737/3655/1
f 2568/2939/2 4018/2939/2 4009/2940/2
f 2951/2052/4 4059/2052/4 4033/2050/4
f 3435/651/1 1428/650/1 267/2538/1
f 1904/653/1 3435/651/1 1426/643/1
f 740/3653/1 1902/649/1 3435/651/1
f 3436/648/1 1901/647/1 739/2535/1
f 1905/656/1 3436/648/1 1902/649/1
f 393/3656/1 1085/646/1 3436/648/1
f 3437/645/1 1900/644/1 738/3646/1
f 1909/665/1 3437/645/1 1906/658/1
f 737/3655/1 1426/643/1 3437/645/1
f 3438/642/1 1486/641/1 325/3657/1
f 1913/674/1 3438/642/1 1910/667/1
f 736/2537/1 1425/640/1 3438/642/1
f 3439/639/1 1897/638/1 735/2541/1
f 1917/683/1 3439/639/1 1914/676/1
f 399/3436/1 1091/637/1 3439/639/1
f 3440/636/1 1896/635/1 734/3635/1
f 1921/692/1 3440/636/1 1918/685/1
f 733/3643/1 1422/634/1 3440/636/1
f 3441/633/1 1482/632/1 321/3658/1
f 1925/701/1 3441/633/1 1922/694/1
f 732/2543/1 1421/631/1 3441/633/1
f 3442/630/1 1893/629/1 731/2547/1
f 1929/710/1 3442/630/1 1926/703/1
f 400/3100/1 1092/628/1 3442/630/1
f 3443/627/1 1892/626/1 730/3626/1
f 1933/719/1 3443/627/1 1930/712/1
f 729/3633/1 1418/625/1 3443/627/1
f 3444/624/1 1488/623/1 327/3382/1
f 1937/728/1 3444/624/1 1934/721/1
f 728/2549/1 1417/622/1 3444/624/1
f 3445/621/1 1889/620/1 727/2553/1
f 1941/737/1 3445/621/1 1938/730/1
f 397/3659/1 1089/619/1 3445/621/1
f 3446/618/1 1888/617/1 726/3616/1
f 1945/746/1 3446/618/1 1942/739/1
f 725/3624/1 1414/616/1 3446/618/1
f 3309/2834/5 4316/2834/5 4288/2633/5
f 1949/755/1 3447/615/1 1946/2840/1
f 724/2555/1 1413/613/1 3447/615/1
f 3448/612/1 1885/611/1 723/2559/1
f 1953/764/1 3448/612/1 1950/757/1
f 414/3069/1 1107/610/1 3448/612/1
f 3449/609/1 1884/608/1 722/3608/1
f 1957/773/1 3449/609/1 1954/766/1
f 721/3615/1 1410/607/1 3449/609/1
f 3450/606/1 1478/605/1 317/3447/1
f 1961/782/1 3450/606/1 1958/775/1
f 720/2561/1 1409/604/1 3450/606/1
f 3451/2787/1 1881/2565/1 719/2566/1
f 590/2819/4 97/2819/4 232/318/4
f 1276/2791/4 2646/2791/4 4233/2230/4
f 3452/601/1 1880/600/1 718/3601/1
f 1969/797/1 3452/601/1 1966/790/1
f 717/3606/1 1406/599/1 3452/601/1
f 3453/598/1 1492/597/1 331/3078/1
f 1973/806/1 3453/598/1 1970/799/1
f 716/2568/1 1405/596/1 3453/598/1
f 3454/595/1 1877/594/1 715/2572/1
f 1977/815/1 3454/595/1 1974/808/1
f 409/3660/1 1101/593/1 3454/595/1
f 3455/592/1 1876/591/1 714/3593/1
f 1981/824/1 3455/592/1 1978/817/1
f 713/3599/1 1402/590/1 3455/592/1
f 3456/589/1 1493/588/1 332/3045/1
f 1985/833/1 3456/589/1 1982/826/1
f 712/2574/1 1401/587/1 3456/589/1
f 3457/586/1 1873/585/1 711/2578/1
f 1989/842/1 3457/586/1 1986/835/1
f 418/3036/1 1111/584/1 3457/586/1
f 3458/583/1 1872/582/1 710/3584/1
f 1993/851/1 3458/583/1 1990/844/1
f 709/3591/1 1398/581/1 3458/583/1
f 3459/580/1 1477/579/1 316/3340/1
f 1997/860/1 3459/580/1 1994/853/1
f 708/2580/1 1397/578/1 3459/580/1
f 929/2765/4 4546/2765/4 4548/3661/4
f 1262/1730/3 1628/1730/3 1832/3115/3
f 3152/3268/3 4610/3268/3 4485/3265/3
f 3531/2653/5 4655/2653/5 4404/2652/5
f 989/501/4 3402/501/4 4466/3024/4
f 1660/1702/2 4560/1702/2 2827/3577/2
f 1134/3662/3 2710/3662/3 4365/3571/3
f 861/3581/4 4503/3581/4 4505/3579/4
f 18/3663/3 3487/3663/3 3637/18/3
f 1055/109/4 4555/109/4 4639/1092/4
f 488/3573/5 4377/3573/5 2068/367/5
f 259/2587/4 467/2587/4 342/1076/4
f 1776/2652/3 4404/2652/3 4405/3664/3
f 375/3604/4 4359/3604/4 4358/279/4
f 3363/1092/5 4639/1092/5 4554/1091/5
f 3461/574/1 1495/573/1 334/3012/1
f 2001/869/1 3461/574/1 1998/862/1
f 706/2586/1 1395/572/1 3461/574/1
f 3462/571/1 1866/570/1 705/2590/1
f 2002/871/4 3748/871/4 3782/571/4
f 1177/394/4 3743/394/4 3778/876/4
f 3463/568/1 1865/567/1 704/3561/1
f 3359/873/4 3781/873/4 3748/871/4
f 1312/1412/5 3746/1412/5 3755/2758/5
f 3464/565/1 1471/564/1 310/3665/1
f 2007/884/1 3464/565/1 2004/877/1
f 703/2592/1 1391/563/1 3464/565/1
f 3465/562/1 1863/561/1 702/2596/1
f 2011/893/1 3465/562/1 2008/886/1
f 421/3403/1 1115/560/1 3465/562/1
f 3466/559/1 1862/558/1 701/3554/1
f 2015/902/1 3466/559/1 2012/895/1
f 700/3559/1 1388/557/1 3466/559/1
f 3467/556/1 1497/555/1 336/3291/1
f 2019/911/1 3467/556/1 2016/904/1
f 699/2598/1 1387/554/1 3467/556/1
f 3468/553/1 1859/552/1 698/2602/1
f 2023/920/1 3468/553/1 2020/913/1
f 411/3468/1 1103/551/1 3468/553/1
f 3469/550/1 1858/549/1 697/3545/1
f 2027/929/1 3469/550/1 2024/922/1
f 696/3552/1 1384/548/1 3469/550/1
f 3470/547/1 1498/546/1 337/2983/1
f 2031/938/1 3470/547/1 2028/931/1
f 695/2604/1 1383/545/1 3470/547/1
f 3471/544/1 1855/543/1 694/2608/1
f 2035/947/1 3471/544/1 2032/940/1
f 424/2977/1 1118/542/1 3471/544/1
f 3472/541/1 1854/540/1 693/3533/1
f 2039/956/1 3472/541/1 2036/949/1
f 692/3542/1 1380/539/1 3472/541/1
f 3473/538/1 1475/537/1 314/3666/1
f 2043/965/1 3473/538/1 2040/958/1
f 691/2610/1 1379/536/1 3473/538/1
f 3474/535/1 1851/534/1 690/2614/1
f 2047/974/1 3474/535/1 2044/967/1
f 425/3513/1 1119/533/1 3474/535/1
f 3475/532/1 1850/531/1 689/3524/1
f 2051/983/1 3475/532/1 2048/976/1
f 688/3531/1 1376/530/1 3475/532/1
f 3476/529/1 1500/528/1 339/3411/1
f 2055/992/1 3476/529/1 2052/985/1
f 687/2616/1 1375/527/1 3476/529/1
f 3477/526/1 1847/525/1 686/2620/1
f 2059/1001/1 3477/526/1 2056/994/1
f 405/3667/1 1097/524/1 3477/526/1
f 3478/523/1 1846/522/1 685/3517/1
f 2063/1010/1 3478/523/1 2060/1003/1
f 684/3522/1 1372/521/1 3478/523/1
f 3479/520/1 1501/519/1 340/2943/1
f 2067/1019/1 3479/520/1 2064/1012/1
f 683/2622/1 1371/518/1 3479/520/1
f 3486/499/2 4326/499/2 4267/1082/2
f 380/3617/5 852/3617/5 3096/146/5
f 3315/1005/2 4319/1005/2 589/2838/2
f 3481/514/1 1842/513/1 681/3511/1
f 2075/2824/1 3481/514/1 2072/1030/1
f 1373/1004/2 2372/1004/2 4319/1005/2
f 3482/511/1 1467/510/1 306/2962/1
f 2079/1046/1 3482/511/1 2076/1039/1
f 679/2632/1 1367/509/1 3482/511/1
f 682/1632/5 1063/1632/5 4295/1631/5
f 2823/1629/4 4296/1629/4 4290/2397/4
f 2830/135/2 4300/135/2 2886/126/2
f 3484/505/1 1838/504/1 677/3502/1
f 2087/1064/1 3484/505/1 2084/1057/1
f 676/3509/1 1364/503/1 3484/505/1
f 2081/1051/5 81/1051/5 62/3515/5
f 2091/2226/1 3485/2848/1 2088/1066/1
f 3485/2848/3 4325/2848/3 4263/1066/3
f 3486/499/1 1835/498/1 674/2664/1
f 147/2557/3 4289/2557/3 2369/614/3
f 442/3668/1 1135/497/1 3486/499/1
f 2715/1631/4 4295/1631/4 4296/1629/4
f 2708/2379/2 4279/2379/2 4300/135/2
f 2091/2226/5 4294/2226/5 4325/2848/5
f 787/3497/3 4268/3497/3 4266/1079/3
f 1362/126/4 2886/126/4 4265/2664/4
f 2061/2837/4 851/2837/4 4317/1011/4
f 3489/490/1 1831/489/1 670/2674/1
f 2107/1109/1 3489/490/1 2104/1102/1
f 471/3528/1 1163/488/1 3489/490/1
f 3490/487/1 1830/486/1 669/3464/1
f 2111/1118/1 3490/487/1 2108/1111/1
f 668/3471/1 1356/485/1 3490/487/1
f 3491/484/1 1466/483/1 305/3424/1
f 2115/1127/1 3491/484/1 2112/1120/1
f 667/2676/1 1355/482/1 3491/484/1
f 3492/481/1 1827/480/1 666/2680/1
f 2119/1136/1 3492/481/1 2116/1129/1
f 472/3448/1 1164/479/1 3492/481/1
f 3493/478/1 1826/477/1 665/3454/1
f 2123/1145/1 3493/478/1 2120/1138/1
f 664/3462/1 1352/476/1 3493/478/1
f 3494/475/1 1508/474/1 347/3467/1
f 2127/1154/1 3494/475/1 2124/1147/1
f 663/2682/1 1351/473/1 3494/475/1
f 3495/472/1 1823/471/1 662/2686/1
f 2131/1163/1 3495/472/1 2128/1156/1
f 464/3507/1 1156/470/1 3495/472/1
f 3496/469/1 1822/468/1 661/3443/1
f 2135/1172/1 3496/469/1 2132/1165/1
f 660/3452/1 1348/467/1 3496/469/1
f 3497/466/1 1509/465/1 348/3527/1
f 2139/1181/1 3497/466/1 2136/1174/1
f 659/2688/1 1347/464/1 3497/466/1
f 3498/463/1 1819/462/1 658/2692/1
f 2143/1190/1 3498/463/1 2140/1183/1
f 475/3538/1 1167/461/1 3498/463/1
f 3499/460/1 1818/459/1 657/3429/1
f 2147/1199/1 3499/460/1 2144/1192/1
f 656/3440/1 1344/458/1 3499/460/1
f 3500/457/1 1436/456/1 275/23/1
f 2151/1207/1 3500/457/1 2148/1201/1
f 655/2694/1 1343/455/1 3500/457/1
f 2537/2030/3 3888/2030/3 3889/2984/3
f 351/3537/4 3827/3537/4 3826/450/4
f 350/3434/4 3825/3434/4 3824/3433/4
f 2535/2027/3 3885/2027/3 3886/2986/3
f 2164/1231/3 3872/1231/3 3873/3410/3
f 1678/3426/4 3836/3426/4 3791/3438/4
f 171/3435/4 3804/3435/4 3803/3441/4
f 2534/2024/3 3883/2024/3 3884/2989/3
f 2163/1228/3 3870/1228/3 3871/3412/3
f 2158/2957/3 4000/2957/3 4063/3419/3
f 2161/1225/1 3501/2956/1 2158/2957/1
f 463/2963/1 1155/2965/1 3501/2956/1
f 531/2930/5 3845/2930/5 3903/2101/5
f 1677/3004/4 3834/3004/4 3797/3006/4
f 653/3418/1 1342/452/1 3502/454/1
f 1168/3441/4 3803/3441/4 3833/3408/4
f 908/2931/5 3904/2931/5 3902/2098/5
f 652/2978/1 1341/449/1 3503/451/1
f 3504/448/1 1811/447/1 651/2698/1
f 2169/1243/1 3504/448/1 2166/1236/1
f 478/3549/1 1169/446/1 3504/448/1
f 3505/445/1 1810/444/1 650/3399/1
f 2173/1252/1 3505/445/1 2170/1245/1
f 649/3406/1 1338/443/1 3505/445/1
f 3506/442/1 1463/441/1 302/2991/1
f 2177/1261/1 3506/442/1 2174/1254/1
f 648/2700/1 1337/440/1 3506/442/1
f 3507/439/1 1807/438/1 647/2704/1
f 2181/1270/1 3507/439/1 2178/1263/1
f 479/3383/1 1170/437/1 3507/439/1
f 3508/436/1 1806/435/1 646/3389/1
f 2185/1279/1 3508/436/1 2182/1272/1
f 645/3397/1 1334/434/1 3508/436/1
f 3509/433/1 1515/432/1 354/3402/1
f 2189/1288/1 3509/433/1 2186/1281/1
f 644/2706/1 1333/431/1 3509/433/1
f 3510/430/1 1803/429/1 643/2710/1
f 2193/1297/1 3510/430/1 2190/1290/1
f 448/3459/1 1141/428/1 3510/430/1
f 3511/427/1 1802/426/1 642/3378/1
f 2197/1306/1 3511/427/1 2194/1299/1
f 641/3387/1 1330/425/1 3511/427/1
f 3512/424/1 1516/423/1 355/3548/1
f 2201/1315/1 3512/424/1 2198/1308/1
f 640/2712/1 1329/422/1 3512/424/1
f 358/3372/5 4100/3372/5 4123/1325/5
f 1051/1382/2 4082/1382/2 4141/1383/2
f 1583/3315/4 4101/3315/4 4078/3293/4
f 2222/1354/5 4130/1354/5 4100/3372/5
f 816/3374/5 4124/3374/5 4122/1322/5
f 2207/1325/5 4123/1325/5 4124/3374/5
f 2206/1322/5 4122/1322/5 4112/3365/5
f 2670/3376/3 4131/3376/3 4140/2745/3
f 120/3309/4 4084/3309/4 4083/3318/4
f 3541/3358/5 4184/3358/5 4164/416/5
f 1058/3356/2 3628/3356/2 2205/3585/2
f 3195/2728/5 4177/2728/5 4166/2727/5
f 3517/3211/1 1794/3346/1 634/3347/1
f 2221/2727/1 3517/3211/1 2218/1346/1
f 493/97/3 1645/97/3 3201/2247/3
f 1321/2744/3 4089/2744/3 4154/3669/3
f 2225/1361/1 3518/3669/1 2222/1354/1
f 632/2739/1 1321/2744/1 3518/3669/1
f 3519/405/1 1791/404/1 631/2747/1
f 2229/1370/1 3519/405/1 2226/1363/1
f 460/3394/1 1152/403/1 3519/405/1
f 3520/402/1 1790/401/1 630/3334/1
f 2233/1379/1 3520/402/1 2230/1372/1
f 629/3344/1 1318/400/1 3520/402/1
f 3521/399/1 1520/398/1 359/3556/1
f 2237/1388/1 3521/399/1 2234/1381/1
f 628/2749/1 1317/397/1 3521/399/1
f 3522/396/1 1787/395/1 627/2753/1
f 1392/566/4 3747/566/4 3781/873/4
f 3522/396/4 3784/396/4 3743/394/4
f 3523/393/1 1786/392/1 626/3320/1
f 2243/1400/1 3523/393/1 2240/1393/1
f 625/3331/1 1314/391/1 3523/393/1
f 3524/390/1 1432/389/1 271/3670/1
f 2247/1409/1 3524/390/1 2244/1402/1
f 624/2755/1 1313/388/1 3524/390/1
f 3525/387/1 1783/386/1 623/3286/1
f 2251/1418/1 3525/387/1 2248/1411/1
f 486/3292/1 1178/385/1 3525/387/1
f 3526/384/1 1782/383/1 622/3300/1
f 2255/1427/1 3526/384/1 2252/1420/1
f 621/3317/1 1310/382/1 3526/384/1
f 3527/381/1 1522/380/1 361/3327/1
f 2259/1436/1 3527/381/1 2256/1429/1
f 620/2759/1 1309/379/1 3527/381/1
f 3528/378/1 1779/377/1 619/3564/1
f 2263/1445/1 3528/378/1 2260/1438/1
f 459/2992/1 1151/376/1 3528/378/1
f 3529/375/1 1778/374/1 618/3565/1
f 2267/1454/1 3529/375/1 2264/1447/1
f 617/3297/1 1306/373/1 3529/375/1
f 214/2998/3 3668/2998/3 3692/186/3
f 1219/2006/3 3667/2006/3 3668/2998/3
f 2865/2758/5 3755/2758/5 3753/2763/5
f 3460/577/4 4649/577/4 4556/575/4
f 3530/372/4 4653/372/4 4558/370/4
f 2268/500/4 4465/500/4 4653/372/4
f 1056/112/5 3285/112/5 3284/3262/5
f 1025/1091/5 4554/1091/5 4604/3172/5
f 576/3130/4 4391/3130/4 4501/1700/4
f 3530/372/1 1459/371/1 298/3024/1
f 3102/3172/5 4604/3172/5 4566/3175/5
f 1869/576/2 4420/576/2 4649/577/2
f 2660/3661/4 4548/3661/4 4343/3567/4
f 707/2584/4 4421/2584/4 4420/576/4
f 3127/3671/3 4606/3671/3 3285/112/3
f 3531/2653/1 1776/2652/1 616/3664/1
f 2276/1469/1 3531/2653/1 2273/1462/1
f 615/3283/1 1303/2651/1 3531/2653/1
f 3101/1617/4 4603/1617/4 4561/1615/4
f 2659/2766/4 4547/2766/4 4546/2765/4
f 2312/1544/5 4564/1544/5 4606/3671/5
f 2344/1616/2 4500/1616/2 4603/1617/2
f 1602/3572/3 4364/3572/3 3487/3663/3
f 273/19/3 4331/19/3 4330/3570/3
f 79/3262/5 3284/3262/5 4376/1477/5
f 196/3115/2 1832/3115/2 1834/3116/2
f 1067/3578/4 2713/3578/4 4359/3604/4
f 319/3125/3 4335/3125/3 4334/3574/3
f 1524/2279/5 4350/2279/5 4351/3672/5
f 2649/2779/3 4531/2779/3 4582/2782/3
f 3532/369/1 1773/368/1 614/2768/1
f 2282/1478/1 3532/369/1 2279/1471/1
f 488/3573/1 1180/367/1 3532/369/1
f 3533/366/1 1772/365/1 613/3250/1
f 2286/1487/1 3533/366/1 2283/1480/1
f 612/3263/1 1300/364/1 3533/366/1
f 3534/363/1 1458/362/1 297/3189/1
f 2290/1496/1 3534/363/1 2287/1489/1
f 611/2770/1 1299/361/1 3534/363/1
f 3535/360/1 1769/359/1 610/2774/1
f 2294/1505/1 3535/360/1 2291/1498/1
f 489/3219/1 1181/358/1 3535/360/1
f 3536/357/1 1768/356/1 609/3229/1
f 2298/1514/1 3536/357/1 2295/1507/1
f 608/3247/1 1296/355/1 3536/357/1
f 3537/354/1 1526/353/1 365/3256/1
f 2302/1523/1 3537/354/1 2299/1516/1
f 607/2776/1 1295/352/1 3537/354/1
f 3538/351/1 1765/350/1 606/2780/1
f 2306/1532/1 3538/351/1 2303/1525/1
f 456/3277/1 1149/349/1 3538/351/1
f 3539/348/1 1764/347/1 605/3213/1
f 2310/1541/1 3539/348/1 2307/1534/1
f 604/3226/1 1292/346/1 3539/348/1
f 2405/3576/2 4521/3576/2 4523/3104/2
f 2278/3582/3 4487/3582/3 4488/3270/3
f 2875/2782/3 4582/2782/3 4392/1546/3
f 1174/3336/2 3209/3336/2 1799/3341/2
f 1183/3357/2 3207/3357/2 1797/3588/2
f 1654/95/3 1796/95/3 1645/97/3
f 3541/3358/1 1760/416/1 601/3198/1
f 2321/2719/1 3541/3358/1 2318/1558/1
f 483/3341/2 1799/3341/2 2202/2729/2
f 3542/3209/1 1439/3210/1 278/3354/1
f 2325/2717/1 3542/3209/1 2322/1567/1
f 366/3585/2 2205/3585/2 2209/2310/2
f 3543/337/1 1757/336/1 598/2808/1
f 2329/1583/1 3543/337/1 2326/1576/1
f 492/3173/1 1184/335/1 3543/337/1
f 3544/334/1 1756/333/1 597/3182/1
f 2333/1592/1 3544/334/1 2330/1585/1
f 596/3196/1 1285/332/1 3544/334/1
f 3545/331/1 1529/330/1 368/3205/1
f 2337/1601/1 3545/331/1 2334/1594/1
f 595/2810/1 1284/329/1 3545/331/1
f 3546/328/1 1753/327/1 594/2813/1
f 2341/1610/1 3546/328/1 2338/1603/1
f 455/3025/1 1148/326/1 3546/328/1
f 3547/325/1 1752/324/1 593/3169/1
f 2344/1616/1 3547/325/1 2342/1612/1
f 592/3180/1 1281/323/1 3547/325/1
f 3548/322/1 1530/321/1 369/3587/1
f 2348/1625/1 3548/322/1 2345/1618/1
f 591/2815/1 1280/320/1 3548/322/1
f 2371/1341/3 4207/1341/3 4208/3152/3
f 2887/2230/2 4233/2230/2 4220/339/2
f 3390/786/4 4253/786/4 4227/784/4
f 2357/1635/4 4229/1635/4 4257/2793/4
f 1656/1573/4 1759/1573/4 4250/822/4
f 585/3153/5 842/3153/5 4205/1340/5
f 3551/2793/1 1456/2792/1 295/3057/1
f 330/3152/5 4208/3152/5 3621/2800/5
f 3088/1644/3 4241/1644/3 2876/2794/3
f 3552/312/1 1745/311/1 586/2835/1
f 2364/1649/1 3552/312/1 2361/1642/1
f 496/3142/1 1188/310/1 3552/312/1
f 3377/822/2 4250/822/2 3198/412/2
f 2368/1658/1 3553/2796/1 2365/1651/1
f 1964/2784/5 4228/2784/5 4253/786/5
f 2370/1340/3 4205/1340/3 4239/1342/3
f 3551/2793/5 4257/2793/5 4225/2792/5
f 584/3163/3 4222/3163/3 4231/1658/3
f 3555/304/1 1741/303/1 582/2853/1
f 2376/1676/1 3555/304/1 2373/1669/1
f 446/3673/1 1139/302/1 3555/304/1
f 3556/301/1 1740/300/1 581/3132/1
f 2380/1685/1 3556/301/1 2377/1678/1
f 580/3149/1 1269/299/1 3556/301/1
f 3557/298/1 1534/297/1 373/3137/1
f 2384/1694/1 3557/298/1 2381/411/1
f 579/2855/1 1268/296/1 3557/298/1
f 3558/295/1 1737/294/1 578/2859/1
f 2388/1703/1 3558/295/1 2385/1696/1
f 499/3605/1 1191/293/1 3558/295/1
f 3559/292/1 1736/291/1 577/3127/1
f 2390/3579/1 3559/292/1 2389/1705/1
f 576/3130/1 1265/290/1 3559/292/1
f 3560/289/1 1455/288/1 294/3089/1
f 2394/1715/1 3560/289/1 2391/1708/1
f 575/2861/1 1264/287/1 3560/289/1
f 457/3179/4 4369/3179/4 4368/3178/4
f 1762/1546/5 4392/1546/5 4393/3674/5
f 603/3674/3 4393/3674/3 4496/1547/3
f 616/3664/3 4405/3664/3 781/1463/3
f 362/3567/2 4343/3567/2 4342/3568/2
f 841/3212/3 4497/3212/3 4564/1544/3
f 3063/1719/3 4595/1719/3 4507/3124/3
f 2874/3675/3 4581/3675/3 4531/2779/3
f 1305/370/4 4558/370/4 4574/2284/4
f 3561/286/1 1734/285/1 574/2865/1
f 2400/1727/1 3561/286/1 2397/1720/1
f 452/3158/1 1145/284/1 3561/286/1
f 3562/283/1 1733/282/1 573/3106/1
f 2404/1736/1 3562/283/1 2401/1729/1
f 572/3121/1 1261/281/1 3562/283/1
f 1765/350/5 4562/350/5 4581/3675/5
f 2407/1739/1 3563/280/1 2405/3576/1
f 571/2867/1 1260/278/1 3563/280/1
f 3564/277/1 1730/276/1 570/2871/1
f 2411/1748/1 3564/277/1 2408/1741/1
f 502/3612/1 1194/275/1 3564/277/1
f 3565/274/1 1729/273/1 569/3095/1
f 2415/1757/1 3565/274/1 2412/1750/1
f 568/3103/1 1257/272/1 3565/274/1
f 3566/271/1 1440/270/1 279/3458/1
f 2419/1766/1 3566/271/1 2416/1759/1
f 567/2873/1 1256/269/1 3566/271/1
f 3567/268/1 1726/267/1 566/2877/1
f 2423/1775/1 3567/268/1 2420/1768/1
f 503/3079/1 1195/266/1 3567/268/1
f 3568/265/1 1725/264/1 565/3085/1
f 2427/1784/1 3568/265/1 2424/1777/1
f 564/3093/1 1253/263/1 3568/265/1
f 3569/262/1 1539/261/1 378/3099/1
f 2431/1793/1 3569/262/1 2428/1786/1
f 563/2879/1 1252/260/1 3569/262/1
f 3570/259/1 1722/258/1 562/2883/1
f 2435/1802/1 3570/259/1 2432/1795/1
f 451/3058/1 1144/257/1 3570/259/1
f 3571/256/1 1721/255/1 561/3074/1
f 2439/1811/1 3571/256/1 2436/1804/1
f 560/3083/1 1249/254/1 3571/256/1
f 3572/253/1 1540/252/1 379/3611/1
f 2443/1820/1 3572/253/1 2440/1813/1
f 559/2885/1 1248/251/1 3572/253/1
f 3573/250/1 1718/249/1 558/2889/1
f 2447/1829/1 3573/250/1 2444/1822/1
f 506/3620/1 1198/248/1 3573/250/1
f 3574/247/1 1717/246/1 557/3064/1
f 2451/1838/1 3574/247/1 2448/1831/1
f 556/3072/1 1245/245/1 3574/247/1
f 3575/244/1 1452/243/1 291/3506/1
f 2455/1847/1 3575/244/1 2452/1840/1
f 555/2891/1 1244/242/1 3575/244/1
f 3576/241/1 1714/240/1 554/2895/1
f 2459/1856/1 3576/241/1 2456/1849/1
f 507/3046/1 1199/239/1 3576/241/1
f 3577/238/1 1713/237/1 553/3053/1
f 2463/1865/1 3577/238/1 2460/1858/1
f 552/3062/1 1241/236/1 3577/238/1
f 3578/235/1 1543/234/1 382/3068/1
f 2467/1874/1 3578/235/1 2464/1867/1
f 551/2897/1 1240/233/1 3578/235/1
f 3579/232/1 1710/231/1 550/2901/1
f 2471/1883/1 3579/232/1 2468/1876/1
f 434/3676/1 1128/230/1 3579/232/1
f 3580/229/1 1709/228/1 549/3041/1
f 2475/1892/1 3580/229/1 2472/1885/1
f 548/3051/1 1237/227/1 3580/229/1
f 3581/226/1 1544/225/1 383/3619/1
f 2479/1901/1 3581/226/1 2476/1894/1
f 547/2903/1 1236/224/1 3581/226/1
f 3582/223/1 1706/222/1 546/2907/1
f 2483/1910/1 3582/223/1 2480/1903/1
f 510/3630/1 1202/221/1 3582/223/1
f 3583/220/1 1705/219/1 545/3031/1
f 2487/1919/1 3583/220/1 2484/1912/1
f 544/3039/1 1233/218/1 3583/220/1
f 3584/217/1 1451/216/1 290/3393/1
f 2491/1928/1 3584/217/1 2488/1921/1
f 543/2909/1 1232/215/1 3584/217/1
f 3585/214/1 1702/213/1 542/2913/1
f 2495/1937/1 3585/214/1 2492/1930/1
f 511/3013/1 1203/212/1 3585/214/1
f 3586/211/1 1701/210/1 541/3020/1
f 2499/1946/1 3586/211/1 2496/1939/1
f 540/3029/1 1229/209/1 3586/211/1
f 3587/208/1 1547/207/1 386/3035/1
f 2503/1955/1 3587/208/1 2500/1948/1
f 539/2915/1 1228/206/1 3587/208/1
f 3588/205/1 1698/204/1 538/2919/1
f 2507/1964/1 3588/205/1 2504/1957/1
f 437/3090/1 1130/203/1 3588/205/1
f 3589/202/1 1697/201/1 537/3008/1
f 2511/1973/1 3589/202/1 2508/1966/1
f 536/3018/1 1225/200/1 3589/202/1
f 3590/199/1 1548/198/1 387/3629/1
f 2515/1982/1 3590/199/1 2512/1975/1
f 535/2921/1 1224/197/1 3590/199/1
f 3591/196/1 1694/195/1 534/2925/1
f 2519/1991/1 3591/196/1 2516/1984/1
f 514/3641/1 1206/194/1 3591/196/1
f 3592/193/1 1693/192/1 533/3000/1
f 2972/1989/2 3768/1989/2 3662/2099/2
f 3182/1392/4 3775/1392/4 3750/1390/4
f 3593/190/1 1444/189/1 283/3677/1
f 2524/2003/1 3593/190/1 2521/1996/1
f 532/2927/1 1220/188/1 3593/190/1
f 3503/451/2 3936/451/2 3878/1234/2
f 1511/3433/4 3824/3433/4 3804/3435/4
f 1512/450/2 3826/450/2 3936/451/2
f 3594/187/1 1691/186/1 530/3287/1
f 2532/2021/1 3594/187/1 2529/2014/1
f 529/2997/1 1217/185/1 3594/187/1
f 2238/1390/4 3750/1390/4 3784/396/4
f 1218/2015/3 3665/2015/3 3666/2994/3
f 2518/1988/2 3722/1988/2 3768/1989/2
f 805/3410/3 3873/3410/3 3870/1228/3
f 389/3422/4 3831/3422/4 3830/3639/4
f 211/3640/4 3808/3640/4 3807/3644/4
f 3502/454/2 3935/454/2 3872/1231/2
f 528/2989/3 3884/2989/3 3890/2033/3
f 1814/453/2 3846/453/2 3935/454/2
f 898/2982/3 3891/2982/3 3888/2030/3
f 2528/2012/3 3880/2012/3 3881/2995/3
f 1208/3644/4 3807/3644/4 3837/3425/4
f 3595/184/1 1688/183/1 527/2933/1
f 2542/2042/1 3595/184/1 2539/2035/1
f 518/3651/1 1209/182/1 3595/184/1
f 3596/181/1 1687/180/1 526/2972/1
f 2546/2051/1 3596/181/1 2543/2044/1
f 525/2981/1 1214/179/1 3596/181/1
f 3597/178/1 1448/177/1 287/3678/1
f 2550/2060/1 3597/178/1 2547/2053/1
f 524/2935/1 1213/176/1 3597/178/1
f 3601/3652/3 4073/3652/3 4010/2980/3
f 2554/2066/1 3598/2946/1 2551/2947/1
f 519/2944/1 1210/2948/1 3598/2946/1
f 522/2940/2 4009/2940/2 4008/3543/2
f 2558/2072/1 3599/3541/1 2555/3650/1
f 523/2969/1 1212/2959/1 3599/3541/1
f 906/2938/2 4019/2938/2 4018/2939/2
f 2567/3679/2 4016/3679/2 4019/2938/2
f 2544/2047/4 4040/2047/4 4059/2052/4
f 3600/175/1 1683/174/1 522/2940/1
f 2562/2078/1 3600/175/1 2559/3543/1
f 430/3680/1 1124/173/1 3600/175/1
f 3242/3419/3 4063/3419/3 3971/452/3
f 2566/2084/1 3601/3652/1 2563/2980/1
f 521/2953/1 1211/2954/1 3601/3652/1
f 2555/3650/3 4002/3650/3 4057/2966/3
f 2954/2043/4 4061/2043/4 4032/2041/4
f 520/2976/2 4017/2976/2 4016/3679/2
f 3602/172/1 1681/171/1 520/2976/1
f 2569/2087/1 3602/172/1 2567/3679/1
f 309/3681/1 1000/170/1 3602/172/1
f 1210/2948/3 3954/2948/3 4070/2946/3
f 3431/663/4 4067/663/4 4037/661/4
f 2944/2966/3 4057/2966/3 3950/2965/3
f 3603/169/1 1571/168/1 410/3682/1
f 2573/2096/1 3603/169/1 2570/2089/1
f 390/3647/1 1082/167/1 3603/169/1
f 1550/3639/4 3830/3639/4 3808/3640/4
f 76/3423/4 3793/3423/4 3795/3539/4
f 1043/3539/4 3795/3539/4 3827/3537/4
f 46/3438/4 3791/3438/4 3794/3437/4
f 1042/3437/4 3794/3437/4 3825/3434/4
f 2525/2005/5 3879/2005/5 3845/2930/5
f 3604/166/1 1567/165/1 406/3683/1
f 2580/2111/1 3604/166/1 2577/2104/1
f 388/3636/1 1080/164/1 3604/166/1
f 3605/163/1 1674/162/1 513/3632/1
f 2584/2120/1 3605/163/1 2581/2113/1
f 315/3086/1 1006/161/1 3605/163/1
f 3606/160/1 1673/159/1 512/3038/1
f 2588/2129/1 3606/160/1 2585/2122/1
f 385/3009/1 1077/158/1 3606/160/1
f 3607/157/1 1573/156/1 412/3396/1
f 2592/2138/1 3607/157/1 2589/2131/1
f 384/3627/1 1076/155/1 3607/157/1
f 3608/154/1 1670/153/1 509/3622/1
f 2596/2147/1 3608/154/1 2593/2140/1
f 313/3684/1 1004/152/1 3608/154/1
f 3609/151/1 1669/150/1 508/3071/1
f 2600/2156/1 3609/151/1 2597/2149/1
f 381/3042/1 1073/149/1 3609/151/1
f 3610/148/1 1574/147/1 413/3508/1
f 2604/2165/1 3610/148/1 2601/2158/1
f 380/3617/1 1072/146/1 3610/148/1
f 3611/145/1 1666/144/1 505/3614/1
f 2608/2174/1 3611/145/1 2605/2167/1
f 329/3054/1 1020/143/1 3611/145/1
f 3612/142/1 1665/141/1 504/3102/1
f 2612/2183/1 3612/142/1 2609/2176/1
f 377/3075/1 1069/140/1 3612/142/1
f 3613/139/1 1563/138/1 402/3461/1
f 2616/2192/1 3613/139/1 2613/2185/1
f 376/3609/1 1068/137/1 3613/139/1
f 3614/2802/1 1662/2801/1 501/3165/1
f 2620/2201/1 3614/2802/1 2617/2194/1
f 330/3152/1 1021/2800/1 3614/2802/1
f 2396/1718/2 4510/1718/2 4595/1719/2
f 2867/2284/2 4574/2284/2 4547/2766/2
f 964/18/3 3637/18/3 4331/19/3
f 3615/134/1 1577/133/1 416/3092/1
f 2624/2210/1 3615/134/1 2621/2203/1
f 374/3602/1 1066/132/1 3615/134/1
f 3616/131/1 1659/130/1 498/3597/1
f 2628/2219/1 3616/131/1 2625/2212/1
f 324/3685/1 1015/129/1 3616/131/1
f 2365/1651/5 4203/1651/5 842/3153/5
f 1275/1643/2 2647/1643/2 4241/1644/2
f 1963/2783/3 4187/2783/3 4252/2785/3
f 3618/125/1 1578/124/1 417/3061/1
f 2636/2235/1 3618/125/1 2633/2228/1
f 370/3594/1 1062/123/1 3618/125/1
f 3619/122/1 1655/121/1 494/3590/1
f 2640/2244/1 3619/122/1 2637/2237/1
f 333/3021/1 1024/120/1 3619/122/1
f 3620/119/1 1654/95/1 493/97/1
f 2644/2253/1 3620/119/1 2641/2246/1
f 367/3170/1 1059/118/1 3620/119/1
f 491/3588/2 1797/3588/2 1798/2720/2
f 189/406/3 2855/406/3 4162/330/3
f 80/3171/3 4163/3171/3 1796/95/3
f 487/3270/3 4488/3270/3 4472/1460/3
f 865/3104/2 4523/3104/2 4522/3105/2
f 35/3026/4 3480/3026/4 3402/501/4
f 3622/114/1 1651/113/1 490/3261/1
f 2653/2271/1 3622/114/1 2650/2264/1
f 364/3214/1 1056/112/1 3622/114/1
f 3623/111/1 1580/110/1 419/3195/1
f 2657/2280/1 3623/111/1 2654/2273/1
f 363/3672/1 1055/109/1 3623/111/1
f 2406/3105/3 4522/3105/3 4587/3107/3
f 138/3575/3 2103/3575/3 2710/3662/3
f 1180/367/5 2068/367/5 1843/2769/5
f 1396/1076/4 342/1076/4 4421/2584/4
f 3056/3107/2 4587/3107/2 1628/1730/2
f 831/3280/5 4473/3280/5 4471/3580/5
f 3624/108/1 1581/107/1 420/3028/1
f 2660/3661/1 3624/108/1 2658/2282/1
f 362/3567/1 1054/106/1 3624/108/1
f 155/2994/3 3666/2994/3 3700/377/3
f 2239/3332/5 3751/3332/5 3775/1392/5
f 236/3298/3 3673/3298/3 3698/374/3
f 1308/1439/3 3672/1439/3 3673/3298/3
f 1307/1448/3 3670/1448/3 3671/3294/3
f 1783/386/3 3702/386/3 3703/3286/3
f 3625/105/1 1555/104/1 394/3686/1
f 2665/2292/1 3625/105/1 2662/2285/1
f 360/3562/1 1052/103/1 3625/105/1
f 3626/102/1 1646/101/1 485/3558/1
f 2669/2301/1 3626/102/1 2666/2294/1
f 335/3390/1 1027/100/1 3626/102/1
f 2858/2745/3 4140/2745/3 4089/2744/3
f 2673/2308/1 3627/3375/1 2670/3376/1
f 357/3335/1 1049/3338/1 3627/3375/1
f 3518/3669/3 4154/3669/3 4130/1354/3
f 69/3293/4 4078/3293/4 4077/905/4
f 1049/3338/3 4080/3338/3 4155/3375/3
f 3629/94/1 1642/93/1 481/3551/1
f 2681/2319/1 3629/94/1 2678/2312/1
f 326/3455/1 1017/92/1 3629/94/1
f 3630/91/1 1641/90/1 480/3405/1
f 2685/2328/1 3630/91/1 2682/2321/1
f 353/3379/1 1045/89/1 3630/91/1
f 3631/88/1 1584/87/1 423/2996/1
f 2689/2337/1 3631/88/1 2686/2330/1
f 352/3546/1 1044/86/1 3631/88/1
f 1155/2965/3 3950/2965/3 4069/2956/3
f 2540/2038/4 4039/2038/4 4061/2043/4
f 2551/2947/3 4001/2947/3 4058/2958/3
f 436/3407/3 3861/3407/3 3885/2027/3
f 897/2986/3 3886/2986/3 3883/2024/3
f 2157/1219/3 3862/1219/3 3863/3420/3
f 3632/85/1 1559/84/1 398/3687/1
f 2693/2346/1 3632/85/1 2690/2339/1
f 349/3534/1 1041/83/1 3632/85/1
f 3633/82/1 1635/81/1 474/3530/1
f 2697/2355/1 3633/82/1 2694/2348/1
f 338/3503/1 1030/80/1 3633/82/1
f 3634/79/1 1634/78/1 473/3470/1
f 2701/2364/1 3634/79/1 2698/2357/1
f 346/3444/1 1038/77/1 3634/79/1
f 3635/76/1 1587/75/1 426/3427/1
f 2705/2373/1 3635/76/1 2702/2366/1
f 345/3525/1 1037/74/1 3635/76/1
f 3636/73/1 1631/72/1 470/3520/1
f 2709/2381/1 3636/73/1 2706/2375/1
f 320/3688/1 1011/71/1 3636/73/1
f 2082/1052/5 4293/1052/5 4311/2822/5
f 782/3494/4 229/3494/4 228/2824/4
f 3313/1011/2 4317/1011/2 2353/492/2
f 3638/67/1 1588/66/1 427/2968/1
f 2717/2398/1 3638/67/1 2714/2392/1
f 341/3518/1 1033/65/1 3638/67/1
f 3639/64/1 1627/63/1 466/2951/1
f 2721/2406/1 3639/64/1 2718/2399/1
f 282/3689/1 973/62/1 3639/64/1
f 3640/61/1 1626/60/1 465/3417/1
f 2725/2415/1 3640/61/1 2722/2408/1
f 304/3512/1 995/59/1 3640/61/1
f 3641/58/1 1596/57/1 435/3690/1
f 2729/2424/1 3641/58/1 2726/2417/1
f 303/2973/1 994/56/1 3641/58/1
f 3642/55/1 1623/54/1 462/2987/1
f 2733/2433/1 3642/55/1 2730/2426/1
f 288/3465/1 979/53/1 3642/55/1
f 3643/52/1 1622/51/1 461/3296/1
f 2737/2442/1 3643/52/1 2734/2435/1
f 300/3400/1 991/50/1 3643/52/1
f 3644/49/1 1592/48/1 431/3691/1
f 2741/2451/1 3644/49/1 2738/2444/1
f 299/3001/1 990/47/1 3644/49/1
f 3645/46/1 1619/45/1 458/3016/1
f 2745/2460/1 3645/46/1 2742/2453/1
f 289/3128/1 980/44/1 3645/46/1
f 2313/1547/3 4496/1547/3 4497/3212/3
f 363/3672/5 4351/3672/5 4555/109/5
f 3069/1701/4 4602/1701/4 4567/1699/4
f 3646/43/1 1599/42/1 438/3343/1
f 2749/2469/1 3646/43/1 2746/2462/1
f 296/3032/1 987/41/1 3646/43/1
f 3647/40/1 1615/39/1 454/3049/1
f 2753/2478/1 3647/40/1 2750/2471/1
f 286/3692/1 977/38/1 3647/40/1
f 3648/37/1 1614/36/1 453/3082/1
f 2757/2487/1 3648/37/1 2754/2480/1
f 293/3166/1 984/35/1 3648/37/1
f 3649/34/1 1600/33/1 439/3451/1
f 2761/2496/1 3649/34/1 2758/2489/1
f 292/3065/1 983/32/1 3649/34/1
f 3650/31/1 1611/30/1 450/3498/1
f 2765/2505/1 3650/31/1 2762/2498/1
f 274/21/1 965/20/1 3650/31/1
f 3651/29/1 1610/28/1 449/3386/1
f 2769/2514/1 3651/29/1 2766/2507/1
f 277/3096/1 968/27/1 3651/29/1
f 3652/26/1 1604/25/1 443/3693/1
f 2773/2523/1 3652/26/1 2770/2516/1
f 276/3430/1 967/24/1 3652/26/1
f 3653/3/1 1608/2/1 447/3694/1
f 2777/2532/1 3653/3/1 2774/2525/1
f 270/3695/1 961/1/1 3653/3/1
f 3656/3696/1 3657/3777/1 3686/3697/1
f 3654/3699/1 3655/3770/1 3688/3700/1
f 3664/3702/1 3663/3767/1 3680/3703/1
f 3669/3705/1 3661/3765/1 3678/3706/1
f 3706/3708/1 3707/3783/1 3708/3709/1
f 3682/3711/1 3683/3773/1 3709/3712/1
f 3710/3714/1 3711/3780/1 3712/3715/1
f 3704/3717/1 3705/3785/1 3713/3718/1
f 3714/3720/1 3715/3778/1 3751/3332/1
f 3684/3721/1 3685/3782/1 3716/3722/1
f 3717/3724/1 3679/3781/1 3658/3725/1
f 3718/3727/1 3719/3775/1 3720/3728/1
f 3696/3730/1 3697/3764/1 3721/3731/1
f 3723/3733/1 3724/3771/1 3725/3734/1
f 3694/3736/1 3695/3774/1 3726/3737/1
f 3727/3739/1 3681/3772/1 3659/3740/1
f 3728/3742/1 3729/3768/1 3730/3743/1
f 3690/3745/1 3691/3766/1 3731/3746/1
f 3733/3748/1 3689/3784/1 3660/3749/1
f 3734/3751/1 3735/3763/1 3736/3752/1
f 3674/3754/1 3675/3769/1 3737/3755/1
f 3738/3757/1 3687/3779/1 3744/3288/1
f 3739/3758/1 3740/3762/1 3753/2763/1
f 3676/3759/1 3677/3776/1 3741/3760/1
f 3754/3761/1 3741/3760/1 3740/3762/1
f 3702/386/1 3754/3761/1 3739/3758/1
f 3671/3294/1 3676/3759/1 3754/3761/1
f 3703/3286/1 3739/3758/1 3755/2758/1
f 3740/3762/1 3738/3757/1 3756/2761/1
f 3757/3756/1 3737/3755/1 3735/3763/1
f 3700/377/1 3757/3756/1 3734/3751/1
f 3666/2994/1 3674/3754/1 3757/3756/1
f 3758/3753/1 3736/3752/1 3697/3764/1
f 3672/1439/1 3758/3753/1 3696/3730/1
f 3701/3564/1 3734/3751/1 3758/3753/1
f 3759/3750/1 3660/3749/1 3661/3765/1
f 3736/3752/1 3759/3750/1 3669/3705/1
f 3735/3763/1 3733/3748/1 3759/3750/1
f 3760/2103/1 3732/2102/1 3691/3766/1
f 3667/2006/1 3760/2103/1 3690/3745/1
f 3761/2100/1 3662/2099/1 3663/3767/1
f 3732/2102/1 3761/2100/1 3664/3702/1
f 3762/3747/1 3731/3746/1 3729/3768/1
f 3692/186/1 3762/3747/1 3728/3742/1
f 3668/2998/1 3690/3745/1 3762/3747/1
f 3763/3744/1 3730/3743/1 3675/3769/1
f 3665/2015/1 3763/3744/1 3674/3754/1
f 3693/3287/1 3728/3742/1 3763/3744/1
f 3764/3741/1 3659/3740/1 3655/3770/1
f 3730/3743/1 3764/3741/1 3654/3699/1
f 3729/3768/1 3727/3739/1 3764/3741/1
f 3765/3738/1 3726/3737/1 3724/3771/1
f 3680/3703/1 3765/3738/1 3723/3733/1
f 3663/3767/1 3694/3736/1 3765/3738/1
f 3766/3735/1 3725/3734/1 3683/3773/1
f 3659/3740/1 3766/3735/1 3682/3711/1
f 3681/3772/1 3723/3733/1 3766/3735/1
f 3725/3734/1 3767/1995/1 3742/569/1
f 3724/3771/1 3752/1993/1 3767/1995/1
f 3768/1989/1 3722/1988/1 3695/3774/1
f 3662/2099/1 3768/1989/1 3694/3736/1
f 3722/1988/1 3769/1986/1 3745/191/1
f 3770/3732/1 3721/3731/1 3719/3775/1
f 3698/374/1 3770/3732/1 3718/3727/1
f 3673/3298/1 3696/3730/1 3770/3732/1
f 3771/3729/1 3720/3728/1 3677/3776/1
f 3670/1448/1 3771/3729/1 3676/3759/1
f 3699/3565/1 3718/3727/1 3771/3729/1
f 3772/3726/1 3658/3725/1 3657/3777/1
f 3720/3728/1 3772/3726/1 3656/3696/1
f 3719/3775/1 3717/3724/1 3772/3726/1
f 3773/3723/1 3716/3722/1 3715/3778/1
f 3686/3697/1 3773/3723/1 3714/3720/1
f 3657/3777/1 3684/3721/1 3773/3723/1
f 3687/3779/1 3714/3720/1 3774/3289/1
f 3715/3778/1 3750/1390/1 3775/1392/1
f 3776/3719/1 3713/3718/1 3711/3780/1
f 3678/3706/1 3776/3719/1 3710/3714/1
f 3661/3765/1 3704/3717/1 3776/3719/1
f 3777/3716/1 3712/3715/1 3685/3782/1
f 3658/3725/1 3777/3716/1 3684/3721/1
f 3679/3781/1 3710/3714/1 3777/3716/1
f 3712/3715/1 3778/876/1 3743/394/1
f 3711/3780/1 3749/874/1 3778/876/1
f 3779/3713/1 3709/3712/1 3707/3783/1
f 3688/3700/1 3779/3713/1 3706/3708/1
f 3655/3770/1 3682/3711/1 3779/3713/1
f 3780/3710/1 3708/3709/1 3705/3785/1
f 3660/3749/1 3780/3710/1 3704/3717/1
f 3689/3784/1 3706/3708/1 3780/3710/1
f 3708/3709/1 3781/873/1 3747/566/1
f 3707/3783/1 3748/871/1 3781/873/1
f 3709/3712/1 3782/571/1 3748/871/1
f 3683/3773/1 3742/569/1 3782/571/1
f 3713/3718/1 3783/568/1 3749/874/1
f 3705/3785/1 3747/566/1 3783/568/1
f 3716/3722/1 3784/396/1 3750/1390/1
f 3685/3782/1 3743/394/1 3784/396/1
f 3785/3707/1 3678/3706/1 3679/3781/1
f 3721/3731/1 3785/3707/1 3717/3724/1
f 3697/3764/1 3669/3705/1 3785/3707/1
f 3726/3737/1 3786/193/1 3752/1993/1
f 3695/3774/1 3745/191/1 3786/193/1
f 3787/3704/1 3680/3703/1 3681/3772/1
f 3731/3746/1 3787/3704/1 3727/3739/1
f 3691/3766/1 3664/3702/1 3787/3704/1
f 3788/3701/1 3688/3700/1 3689/3784/1
f 3737/3755/1 3788/3701/1 3733/3748/1
f 3675/3769/1 3654/3699/1 3788/3701/1
f 3789/3698/1 3686/3697/1 3687/3779/1
f 3741/3760/1 3789/3698/1 3738/3757/1
f 3677/3776/1 3656/3696/1 3789/3698/1
f 3792/3786/1 3793/3423/1 3832/3409/1
f 3796/3788/1 3797/3006/1 3834/3004/1
f 3790/3790/1 3791/3438/1 3836/3426/1
f 3809/3792/1 3808/3640/1 3830/3639/1
f 3810/3794/1 3811/3876/1 3840/3795/1
f 3799/3797/1 3800/3874/1 3842/3798/1
f 3805/3800/1 3806/3871/1 3844/3801/1
f 3815/3803/1 3804/3435/1 3824/3433/1
f 3816/3805/1 3817/3870/1 3850/3806/1
f 3801/3808/1 3802/3868/1 3852/3809/1
f 3854/3811/1 3853/3867/1 3819/3812/1
f 3859/3814/1 3851/3884/1 3818/3815/1
f 3864/3817/1 3825/3434/1 3794/3437/1
f 3865/3819/1 3866/3883/1 3867/3820/1
f 3848/3822/1 3849/3869/1 3868/3823/1
f 3869/3825/1 3847/3881/1 3814/3826/1
f 3874/3828/1 3827/3537/1 3795/3539/1
f 3875/3830/1 3876/3880/1 3877/3831/1
f 3882/3833/1 3843/3873/1 3813/3834/1
f 3887/3836/1 3841/3878/1 3812/3837/1
f 3892/3839/1 3831/3422/1 3798/3421/1
f 3893/3841/1 3894/3877/1 3895/3842/1
f 3838/3844/1 3839/3875/1 3896/3845/1
f 3897/3847/1 3837/3425/1 3807/3644/1
f 3898/3849/1 3899/3872/1 3900/3850/1
f 3820/3852/1 3821/3885/1 3901/3853/1
f 3828/3855/1 3829/3879/1 3905/3856/1
f 3906/3858/1 3833/3408/1 3803/3441/1
f 3907/3860/1 3908/3866/1 3909/3861/1
f 3822/3863/1 3823/3882/1 3910/3864/1
f 3911/3865/1 3910/3864/1 3908/3866/1
f 3852/3809/1 3911/3865/1 3907/3860/1
f 3802/3868/1 3822/3863/1 3911/3865/1
f 3912/3862/1 3909/3861/1 3849/3869/1
f 3819/3812/1 3912/3862/1 3848/3822/1
f 3853/3867/1 3907/3860/1 3912/3862/1
f 3913/3859/1 3803/3441/1 3804/3435/1
f 3909/3861/1 3913/3859/1 3815/3803/1
f 3908/3866/1 3906/3858/1 3913/3859/1
f 3914/3857/1 3905/3856/1 3904/2931/1
f 3844/3801/1 3914/3857/1 3903/2101/1
f 3806/3871/1 3828/3855/1 3914/3857/1
f 3915/3854/1 3901/3853/1 3899/3872/1
f 3842/3798/1 3915/3854/1 3898/3849/1
f 3800/3874/1 3820/3852/1 3915/3854/1
f 3916/3851/1 3900/3850/1 3839/3875/1
f 3813/3834/1 3916/3851/1 3838/3844/1
f 3843/3873/1 3898/3849/1 3916/3851/1
f 3917/3848/1 3807/3644/1 3808/3640/1
f 3900/3850/1 3917/3848/1 3809/3792/1
f 3899/3872/1 3897/3847/1 3917/3848/1
f 3918/3846/1 3896/3845/1 3894/3877/1
f 3840/3795/1 3918/3846/1 3893/3841/1
f 3811/3876/1 3838/3844/1 3918/3846/1
f 3919/3843/1 3895/3842/1 3829/3879/1
f 3812/3837/1 3919/3843/1 3828/3855/1
f 3841/3878/1 3893/3841/1 3919/3843/1
f 3920/3840/1 3798/3421/1 3797/3006/1
f 3895/3842/1 3920/3840/1 3796/3788/1
f 3894/3877/1 3892/3839/1 3920/3840/1
f 3921/3838/1 3812/3837/1 3806/3871/1
f 3888/2030/1 3921/3838/1 3805/3800/1
f 3891/2982/1 3887/3836/1 3921/3838/1
f 3922/3835/1 3813/3834/1 3811/3876/1
f 3883/2024/1 3922/3835/1 3810/3794/1
f 3886/2986/1 3882/3833/1 3922/3835/1
f 3923/1235/1 3878/1234/1 3876/3880/1
f 3846/453/1 3923/1235/1 3875/3830/1
f 3924/3832/1 3877/3831/1 3823/3882/1
f 3814/3826/1 3924/3832/1 3822/3863/1
f 3847/3881/1 3875/3830/1 3924/3832/1
f 3925/3829/1 3795/3539/1 3793/3423/1
f 3877/3831/1 3925/3829/1 3792/3786/1
f 3876/3880/1 3874/3828/1 3925/3829/1
f 3926/3827/1 3814/3826/1 3802/3868/1
f 3870/1228/1 3926/3827/1 3801/3808/1
f 3873/3410/1 3869/3825/1 3926/3827/1
f 3927/3824/1 3868/3823/1 3866/3883/1
f 3850/3806/1 3927/3824/1 3865/3819/1
f 3817/3870/1 3848/3822/1 3927/3824/1
f 3928/3821/1 3867/3820/1 3821/3885/1
f 3818/3815/1 3928/3821/1 3820/3852/1
f 3851/3884/1 3865/3819/1 3928/3821/1
f 3929/3818/1 3794/3437/1 3791/3438/1
f 3867/3820/1 3929/3818/1 3790/3790/1
f 3866/3883/1 3864/3817/1 3929/3818/1
f 3930/3816/1 3818/3815/1 3800/3874/1
f 3860/1216/1 3930/3816/1 3799/3797/1
f 3863/3420/1 3859/3814/1 3930/3816/1
f 3931/3813/1 3819/3812/1 3817/3870/1
f 3855/1210/1 3931/3813/1 3816/3805/1
f 3858/3415/1 3854/3811/1 3931/3813/1
f 3932/3810/1 3852/3809/1 3853/3867/1
f 3857/1213/1 3932/3810/1 3854/3811/1
f 3871/3412/1 3801/3808/1 3932/3810/1
f 3933/3807/1 3850/3806/1 3851/3884/1
f 3862/1219/1 3933/3807/1 3859/3814/1
f 3856/3414/1 3816/3805/1 3933/3807/1
f 3934/3804/1 3824/3433/1 3825/3434/1
f 3868/3823/1 3934/3804/1 3864/3817/1
f 3849/3869/1 3815/3803/1 3934/3804/1
f 3935/454/1 3846/453/1 3847/3881/1
f 3872/1231/1 3935/454/1 3869/3825/1
f 3936/451/1 3826/450/1 3827/3537/1
f 3878/1234/1 3936/451/1 3874/3828/1
f 3937/3802/1 3844/3801/1 3845/2930/1
f 3880/2012/1 3937/3802/1 3879/2005/1
f 3889/2984/1 3805/3800/1 3937/3802/1
f 3938/3799/1 3842/3798/1 3843/3873/1
f 3885/2027/1 3938/3799/1 3882/3833/1
f 3861/3407/1 3799/3797/1 3938/3799/1
f 3939/3796/1 3840/3795/1 3841/3878/1
f 3890/2033/1 3939/3796/1 3887/3836/1
f 3884/2989/1 3810/3794/1 3939/3796/1
f 3940/3793/1 3830/3639/1 3831/3422/1
f 3896/3845/1 3940/3793/1 3892/3839/1
f 3839/3875/1 3809/3792/1 3940/3793/1
f 3941/3791/1 3836/3426/1 3837/3425/1
f 3901/3853/1 3941/3791/1 3897/3847/1
f 3821/3885/1 3790/3790/1 3941/3791/1
f 3942/3789/1 3834/3004/1 3835/3005/1
f 3905/3856/1 3942/3789/1 3902/2098/1
f 3829/3879/1 3796/3788/1 3942/3789/1
f 3943/3787/1 3832/3409/1 3833/3408/1
f 3910/3864/1 3943/3787/1 3906/3858/1
f 3823/3882/1 3792/3786/1 3943/3787/1
f 3944/3886/1 3945/3966/1 3982/3887/1
f 3946/3889/1 3947/3962/1 3984/3890/1
f 3960/3892/1 3959/3958/1 3980/3893/1
f 3961/2954/1 3962/3957/1 3988/3895/1
f 3965/3896/1 3957/3955/1 3978/3897/1
f 3966/2959/1 3967/3954/1 3992/3899/1
f 3954/2948/1 3955/3952/1 3994/3900/1
f 3950/2965/1 3951/3949/1 3998/3901/1
f 4000/2957/1 3999/3948/1 3973/3902/1
f 4001/2947/1 3995/3951/1 3969/3903/1
f 4002/3650/1 3993/3964/1 3968/3904/1
f 4003/3905/1 3979/3967/1 3948/3906/1
f 4004/3908/1 4005/3963/1 4006/3909/1
f 3990/3911/1 3991/3953/1 4007/3912/1
f 4008/3543/1 4009/2940/1 3964/3914/1
f 4010/2980/1 3989/3960/1 3963/3915/1
f 4011/3916/1 3981/3970/1 3949/3917/1
f 4012/3919/1 4013/3959/1 4014/3920/1
f 3986/3922/1 3987/3956/1 4015/3923/1
f 4016/3679/1 4017/2976/1 3958/3925/1
f 4018/2939/1 4019/2938/1 4020/3927/1
f 4021/3929/1 3985/3968/1 3956/3930/1
f 4022/3932/1 4023/3950/1 4024/3933/1
f 3976/3935/1 3977/3961/1 4025/3936/1
f 4026/3938/1 3983/3969/1 3952/3939/1
f 4027/3941/1 4028/3947/1 4029/3942/1
f 3974/3944/1 3975/3965/1 4030/3945/1
f 4041/3946/1 4030/3945/1 4028/3947/1
f 3998/3901/1 4041/3946/1 4027/3941/1
f 3951/3949/1 3974/3944/1 4041/3946/1
f 4042/3943/1 4029/3942/1 3997/2978/1
f 3973/3902/1 4042/3943/1 3996/1233/1
f 3999/3948/1 4027/3941/1 4042/3943/1
f 4043/3940/1 3952/3939/1 3953/2970/1
f 4029/3942/1 4043/3940/1 3970/449/1
f 4028/3947/1 4026/3938/1 4043/3940/1
f 4044/3937/1 4025/3936/1 4023/3950/1
f 3994/3900/1 4044/3937/1 4022/3932/1
f 3955/3952/1 3976/3935/1 4044/3937/1
f 4045/3934/1 4024/3933/1 3991/3953/1
f 3969/3903/1 4045/3934/1 3990/3911/1
f 3995/3951/1 4022/3932/1 4045/3934/1
f 4046/3931/1 3956/3930/1 3957/3955/1
f 4024/3933/1 4046/3931/1 3965/3896/1
f 4023/3950/1 4021/3929/1 4046/3931/1
f 4047/3928/1 4020/3927/1 3987/3956/1
f 3964/3914/1 4047/3928/1 3986/3922/1
f 4009/2940/1 4018/2939/1 4047/3928/1
f 4048/3926/1 3958/3925/1 3959/3958/1
f 4020/3927/1 4048/3926/1 3960/3892/1
f 4019/2938/1 4016/3679/1 4048/3926/1
f 4049/3924/1 4015/3923/1 4013/3959/1
f 3988/3895/1 4049/3924/1 4012/3919/1
f 3962/3957/1 3986/3922/1 4049/3924/1
f 4050/3921/1 4014/3920/1 3977/3961/1
f 3963/3915/1 4050/3921/1 3976/3935/1
f 3989/3960/1 4012/3919/1 4050/3921/1
f 4051/3918/1 3949/3917/1 3947/3962/1
f 4014/3920/1 4051/3918/1 3946/3889/1
f 4013/3959/1 4011/3916/1 4051/3918/1
f 4052/2949/1 3963/3915/1 3955/3952/1
f 4053/2955/1 3964/3914/1 3962/3957/1
f 4054/3913/1 4007/3912/1 4005/3963/1
f 3992/3899/1 4054/3913/1 4004/3908/1
f 3967/3954/1 3990/3911/1 4054/3913/1
f 4055/3910/1 4006/3909/1 3975/3965/1
f 3968/3904/1 4055/3910/1 3974/3944/1
f 3993/3964/1 4004/3908/1 4055/3910/1
f 4056/3907/1 3948/3906/1 3945/3966/1
f 4006/3909/1 4056/3907/1 3944/3886/1
f 4005/3963/1 4003/3905/1 4056/3907/1
f 4057/2966/1 3968/3904/1 3951/3949/1
f 4058/2958/1 3969/3903/1 3967/3954/1
f 3978/3897/1 4059/2052/1 4040/2047/1
f 3957/3955/1 4033/2050/1 4059/2052/1
f 3948/3906/1 4060/2049/1 4031/946/1
f 3979/3967/1 4040/2047/1 4060/2049/1
f 3984/3890/1 4061/2043/1 4039/2038/1
f 3947/3962/1 4032/2041/1 4061/2043/1
f 3956/3930/1 4062/2040/1 4033/2050/1
f 3985/3968/1 4039/2038/1 4062/2040/1
f 4063/3419/1 3973/3902/1 3972/2960/1
f 3982/3887/1 4064/948/1 4038/943/1
f 3945/3966/1 4031/946/1 4064/948/1
f 3952/3939/1 4065/945/1 4034/955/1
f 3983/3969/1 4038/943/1 4065/945/1
f 3980/3893/1 4066/666/1 4037/661/1
f 3959/3958/1 4035/664/1 4066/666/1
f 3949/3917/1 4067/663/1 4032/2041/1
f 3981/3970/1 4037/661/1 4067/663/1
f 3958/3925/1 4068/654/1 4035/664/1
f 4017/2976/1 4036/652/1 4068/654/1
f 4069/2956/1 3998/3901/1 3999/3948/1
f 4070/2946/1 3994/3900/1 3995/3951/1
f 4071/3541/1 3992/3899/1 3993/3964/1
f 4072/3898/1 3978/3897/1 3979/3967/1
f 4007/3912/1 4072/3898/1 4003/3905/1
f 3991/3953/1 3965/3896/1 4072/3898/1
f 4073/3652/1 3988/3895/1 3989/3960/1
f 4074/3894/1 3980/3893/1 3981/3970/1
f 4015/3923/1 4074/3894/1 4011/3916/1
f 3987/3956/1 3960/3892/1 4074/3894/1
f 4075/3891/1 3984/3890/1 3985/3968/1
f 4025/3936/1 4075/3891/1 4021/3929/1
f 3977/3961/1 3946/3889/1 4075/3891/1
f 4076/3888/1 3982/3887/1 3983/3969/1
f 4030/3945/1 4076/3888/1 4026/3938/1
f 3975/3965/1 3944/3886/1 4076/3888/1
f 4079/3971/1 4078/3293/1 4101/3315/1
f 4080/3338/1 4081/4013/1 4105/3973/1
f 4089/2744/1 4088/4012/1 4099/3974/1
f 4090/3975/1 4084/3309/1 4095/3307/1
f 4091/3977/1 4092/4011/1 4111/3978/1
f 4085/3980/1 4086/4009/1 4113/3981/1
f 4117/3983/1 4114/4008/1 4093/3984/1
f 4118/3986/1 4119/4014/1 4120/3987/1
f 4103/3989/1 4104/4018/1 4121/3990/1
f 4109/3992/1 4110/4016/1 4125/3993/1
f 4107/3995/1 4108/4010/1 4129/3996/1
f 4131/3376/1 4106/4015/1 4087/3998/1
f 4132/3999/1 4102/3316/1 4083/3318/1
f 4133/4001/1 4134/4007/1 4135/4002/1
f 4097/4004/1 4098/4017/1 4136/4005/1
f 4137/4006/1 4136/4005/1 4134/4007/1
f 4113/3981/1 4137/4006/1 4133/4001/1
f 4086/4009/1 4097/4004/1 4137/4006/1
f 4138/4003/1 4135/4002/1 4108/4010/1
f 4093/3984/1 4138/4003/1 4107/3995/1
f 4114/4008/1 4133/4001/1 4138/4003/1
f 4139/4000/1 4083/3318/1 4084/3309/1
f 4135/4002/1 4139/4000/1 4090/3975/1
f 4134/4007/1 4132/3999/1 4139/4000/1
f 4140/2745/1 4087/3998/1 4088/4012/1
f 4141/1383/1 4082/1382/1 4081/4013/1
f 4142/3997/1 4129/3996/1 4128/3367/1
f 4111/3978/1 4142/3997/1 4127/1331/1
f 4092/4011/1 4107/3995/1 4142/3997/1
f 4143/3994/1 4125/3993/1 4124/3374/1
f 4099/3974/1 4143/3994/1 4123/1325/1
f 4088/4012/1 4109/3992/1 4143/3994/1
f 4144/3991/1 4121/3990/1 4119/4014/1
f 4105/3973/1 4144/3991/1 4118/3986/1
f 4081/4013/1 4103/3989/1 4144/3991/1
f 4145/3988/1 4120/3987/1 4110/4016/1
f 4087/3998/1 4145/3988/1 4109/3992/1
f 4106/4015/1 4118/3986/1 4145/3988/1
f 4146/3985/1 4093/3984/1 4092/4011/1
f 4120/3987/1 4146/3985/1 4091/3977/1
f 4119/4014/1 4117/3983/1 4146/3985/1
f 4147/909/1 4116/908/1 4098/4017/1
f 4094/896/1 4147/909/1 4097/4004/1
f 4148/906/1 4077/905/1 4078/3293/1
f 4116/908/1 4148/906/1 4079/3971/1
f 4149/900/1 4115/899/1 4104/4018/1
f 4082/1382/1 4149/900/1 4103/3989/1
f 4150/897/1 4094/896/1 4086/4009/1
f 4115/899/1 4150/897/1 4085/3980/1
f 4151/3982/1 4113/3981/1 4114/4008/1
f 4121/3990/1 4151/3982/1 4117/3983/1
f 4104/4018/1 4085/3980/1 4151/3982/1
f 4152/3979/1 4111/3978/1 4112/3365/1
f 4125/3993/1 4152/3979/1 4122/1322/1
f 4110/4016/1 4091/3977/1 4152/3979/1
f 4153/3976/1 4095/3307/1 4096/3308/1
f 4129/3996/1 4153/3976/1 4126/1328/1
f 4108/4010/1 4090/3975/1 4153/3976/1
f 4154/3669/1 4099/3974/1 4100/3372/1
f 4155/3375/1 4105/3973/1 4106/4015/1
f 4156/3972/1 4101/3315/1 4102/3316/1
f 4136/4005/1 4156/3972/1 4132/3999/1
f 4098/4017/1 4079/3971/1 4156/3972/1
f 4163/3171/1 1798/2720/1 4174/98/1
f 4175/2723/1 179/2722/1 1328/4019/1
f 3201/2247/1 4175/2723/1 1517/2718/1
f 1645/97/1 356/96/1 4175/2723/1
f 4176/2725/1 2676/1320/1 2677/414/1
f 179/2722/1 4176/2725/1 2853/3361/1
f 241/99/1 482/2724/1 4176/2725/1
f 3513/1317/1 1175/2726/1 4177/2728/1
f 4178/2731/1 484/2730/1 637/4020/1
f 2204/3368/1 4178/2731/1 639/2732/1
f 3515/2806/1 2202/2729/1 4178/2731/1
f 4179/2734/1 636/2733/1 1173/4022/1
f 3514/2716/1 4179/2734/1 1175/2726/1
f 2203/4021/1 639/2732/1 4179/2734/1
f 4180/2743/1 2213/2740/1 2674/2741/1
f 636/2733/1 4180/2743/1 2675/3359/1
f 637/4020/1 815/2742/1 4180/2743/1
f 4181/3337/1 1048/2736/1 933/2737/1
f 484/2730/1 4181/3337/1 815/2742/1
f 1799/3341/1 3209/3336/1 4181/3337/1
f 1173/4022/1 2675/3359/1 4182/3211/1
f 4183/3360/1 1326/1336/1 1325/1318/1
f 177/2721/1 4183/3360/1 482/2724/1
f 1797/3588/1 3207/3357/1 4183/3360/1
f 1328/4019/1 2853/3361/1 4184/3358/1
f 1519/421/1 2854/420/1 4185/3209/1
f 4186/3369/1 2204/3368/1 2203/4021/1
f 4160/2311/1 4186/3369/1 78/2715/1
f 2205/3585/1 3628/3356/1 4186/3369/1
f 2314/2259/1 4232/115/1 818/117/1
f 97/2819/1 4218/338/1 4232/115/1
f 4220/339/1 4233/2230/1 2646/2791/1
f 4234/342/1 4217/341/1 4215/4024/1
f 4235/345/1 4216/344/1 1093/4025/1
f 2647/1643/1 4235/345/1 1288/1337/1
f 4223/2835/1 4214/343/1 4235/345/1
f 4236/410/1 3122/409/1 2878/4027/1
f 4216/344/1 4236/410/1 2877/2797/1
f 4215/4024/1 4213/408/1 4236/410/1
f 4237/413/1 3198/412/1 3200/4028/1
f 4212/1691/1 4237/413/1 3516/2803/1
f 4238/1339/1 4209/1338/1 4206/4029/1
f 926/2795/1 4238/1339/1 4205/1340/1
f 2648/4026/1 1288/1337/1 4238/1339/1
f 4240/1345/1 3199/1344/1 3540/4030/1
f 4207/1341/1 4240/1345/1 3621/2800/1
f 4206/4029/1 4204/1343/1 4240/1345/1
f 4241/1644/1 2647/1643/1 2648/4026/1
f 4242/1353/1 4202/1352/1 4201/3167/1
f 599/2789/1 4242/1353/1 4200/1549/1
f 2316/4023/1 818/117/1 4242/1353/1
f 2315/1565/1 4243/1551/1 4224/2486/1
f 401/4031/1 4200/1549/1 4243/1551/1
f 4244/1554/1 4199/1553/1 4197/4032/1
f 2215/2798/1 4244/1554/1 4196/1555/1
f 2878/4027/1 602/1552/1 4244/1554/1
f 4245/1557/1 4198/1556/1 1761/4034/1
f 3199/1344/1 4245/1557/1 1793/2261/1
f 2214/4033/1 4196/1555/1 4245/1557/1
f 4246/1566/1 2315/1565/1 3123/2567/1
f 4198/1556/1 4246/1566/1 3124/2786/1
f 4197/4032/1 4195/1564/1 4246/1566/1
f 4247/1575/1 4194/1574/1 4192/4035/1
f 1562/2804/1 4247/1575/1 4191/2255/1
f 3200/4028/1 1759/1573/1 4247/1575/1
f 4248/2257/1 4193/2256/1 600/4037/1
f 3122/409/1 4248/2257/1 602/1552/1
f 1322/4036/1 4191/2255/1 4248/2257/1
f 4249/2260/1 2314/2259/1 2316/4023/1
f 4193/2256/1 4249/2260/1 2317/2788/1
f 4192/4035/1 4190/2258/1 4249/2260/1
f 3198/412/1 4250/822/1 1759/1573/1
f 4251/2263/1 4189/2262/1 4188/4038/1
f 1291/2801/1 4251/2263/1 4187/2783/1
f 3540/4030/1 1793/2261/1 4251/2263/1
f 4188/4038/1 4227/784/1 4253/786/1
f 4189/2262/1 4254/2787/1 4227/784/1
f 1761/4034/1 3124/2786/1 4254/2787/1
f 4255/319/1 232/318/1 97/2819/1
f 4194/1574/1 4255/319/1 4190/2258/1
f 1758/3151/1 4221/317/1 4255/319/1
f 4256/2790/1 599/2789/1 401/4031/1
f 4199/1553/1 4256/2790/1 4195/1564/1
f 600/4037/1 2317/2788/1 4256/2790/1
f 4202/1352/1 4257/2793/1 4229/1635/1
f 633/116/1 2646/2791/1 4257/2793/1
f 4258/2796/1 926/2795/1 842/3153/1
f 4222/3163/1 2876/2794/1 4258/2796/1
f 4259/2799/1 2215/2798/1 2214/4033/1
f 4209/1338/1 4259/2799/1 4204/1343/1
f 1093/4025/1 2877/2797/1 4259/2799/1
f 4261/2805/1 1562/2804/1 1322/4036/1
f 4217/341/1 4261/2805/1 4213/408/1
f 2216/3133/1 3516/2803/1 4261/2805/1
f 4301/1641/1 4278/1640/1 4276/4039/1
f 1576/2850/1 4301/1641/1 4275/1660/1
f 2890/128/1 1746/127/1 4301/1641/1
f 4302/1662/1 4277/1661/1 2356/4041/1
f 2889/2222/1 4302/1662/1 2358/1633/1
f 1533/4040/1 4275/1660/1 4302/1662/1
f 4303/1665/1 3097/1664/1 3388/4042/1
f 4277/1661/1 4303/1665/1 3550/3134/1
f 4276/4039/1 4274/1663/1 4303/1665/1
f 4304/1668/1 4273/1667/1 4271/4043/1
f 2369/614/1 4304/1668/1 4270/1687/1
f 4289/2557/1 1742/1666/1 4304/1668/1
f 4305/1689/1 4272/1688/1 1965/4045/1
f 3617/2841/1 4305/1689/1 2349/2231/1
f 2360/4044/1 4270/1687/1 4305/1689/1
f 4306/2223/1 2889/2222/1 3092/787/1
f 4272/1688/1 4306/2223/1 3093/2845/1
f 4271/4043/1 4269/2221/1 4306/2223/1
f 4307/1080/1 4266/1079/1 1658/4046/1
f 4308/2225/1 2886/126/1 2890/128/1
f 4266/1079/1 4308/2225/1 3080/2849/1
f 4268/3497/1 4264/2224/1 4308/2225/1
f 4310/2233/1 4262/2232/1 62/3515/1
f 3554/3500/1 2349/2231/1 4310/2233/1
f 62/3515/1 193/2821/1 4311/2822/1
f 4312/2825/1 228/2824/1 229/3494/1
f 2355/2847/1 4312/2825/1 372/1033/1
f 3082/313/1 1189/2823/1 4312/2825/1
f 2354/3514/1 372/1033/1 4313/1035/1
f 4314/2828/1 415/2827/1 583/4047/1
f 1748/3135/1 4314/2828/1 587/2830/1
f 3388/4042/1 2351/2826/1 4314/2828/1
f 4315/2832/1 497/2831/1 1108/4049/1
f 3089/1639/1 4315/2832/1 1189/2823/1
f 1747/4048/1 587/2830/1 4315/2832/1
f 497/2831/1 4316/2834/1 4287/512/1
f 583/4047/1 588/2833/1 4316/2834/1
f 2353/492/1 4317/1011/1 851/2837/1
f 4318/2839/1 589/2838/1 2350/4051/1
f 3097/1664/1 4318/2839/1 2351/2826/1
f 2352/4050/1 851/2837/1 4318/2839/1
f 4319/1005/1 2372/1004/1 3094/1628/1
f 589/2838/1 4319/1005/1 3095/2843/1
f 4320/2842/1 3617/2841/1 3554/3500/1
f 856/752/1 4320/2842/1 3096/146/1
f 4292/3495/1 922/2840/1 4320/2842/1
f 4321/615/1 2369/614/1 2360/4044/1
f 4322/2844/1 1064/1630/1 1063/1632/1
f 415/2827/1 4322/2844/1 588/2833/1
f 2350/4051/1 3095/2843/1 4322/2844/1
f 1108/4049/1 4287/512/1 4323/514/1
f 4324/2846/1 1277/789/1 1272/314/1
f 4262/2232/1 4324/2846/1 193/2821/1
f 1965/4045/1 3093/2845/1 4324/2846/1
f 4325/2848/1 2355/2847/1 2354/3514/1
f 1278/309/1 2632/308/1 4325/2848/1
f 4267/1082/1 4326/499/1 4264/2224/1
f 4327/2851/1 1576/2850/1 1533/4040/1
f 4273/1667/1 4327/2851/1 4269/2221/1
f 1658/4046/1 3080/2849/1 4327/2851/1
f 4328/493/1 2353/492/1 2352/4050/1
f 4278/1640/1 4328/493/1 4274/1663/1
f 1744/136/1 4286/491/1 4328/493/1
f 4329/3136/1 1748/3135/1 1747/4048/1
f 4284/1634/1 4329/3136/1 4280/1638/1
f 2356/4041/1 3550/3134/1 4329/3136/1
f 4471/3580/1 4407/4173/1 678/4052/1
f 4474/4053/1 4347/4218/1 3287/4054/1
f 4475/4056/1 4476/4211/1 4477/4057/1
f 4402/4059/1 4403/4175/1 4478/4060/1
f 4479/4062/1 4401/4179/1 1019/4063/1
f 4480/4065/1 4481/4209/1 4482/4066/1
f 4366/4068/1 4367/4197/1 4483/4069/1
f 4484/4071/1 4399/4205/1 1034/4072/1
f 4485/3265/1 4486/4208/1 4487/3582/1
f 4396/3569/1 4397/4210/1 4489/4074/1
f 4490/4075/1 4349/4225/1 3286/4076/1
f 4491/4078/1 4492/4204/1 4493/4079/1
f 4394/4081/1 4395/4181/1 4494/4082/1
f 4495/4084/1 4353/4233/1 3283/4085/1
f 4498/4086/1 4499/3176/1 4566/3175/1
f 4502/4087/1 4503/3581/1 4504/4088/1
f 4390/4090/1 4391/3130/1 4505/3579/1
f 4506/4092/1 4389/4187/1 1360/4093/1
f 4507/3124/1 4508/4198/1 4509/4095/1
f 4511/4097/1 4387/4193/1 1361/4098/1
f 4512/4100/1 4513/4196/1 4514/4101/1
f 4384/4103/1 4385/4199/1 4515/4104/1
f 4516/4106/1 4357/4200/1 2826/4107/1
f 4517/4109/1 4518/4192/1 4519/4110/1
f 4382/4112/1 4383/4188/1 4520/4113/1
f 4521/3576/1 4359/3604/1 2713/3578/1
f 4522/3105/1 4523/3104/1 4524/4116/1
f 4525/4117/1 4381/4202/1 1630/4118/1
f 4526/4120/1 4527/4186/1 4528/4121/1
f 4354/4123/1 4355/4191/1 4529/4124/1
f 4530/4126/1 4379/4235/1 1841/4127/1
f 4531/2779/1 4532/4184/1 4533/4129/1
f 4338/4130/1 4339/4212/1 4534/4131/1
f 4535/4132/1 4375/4228/1 2070/4133/1
f 4536/4135/1 4537/4178/1 4538/4136/1
f 4336/4138/1 4337/4194/1 4539/4139/1
f 4540/4141/1 4373/4221/1 2080/4142/1
f 4541/4144/1 4542/4172/1 4543/4145/1
f 4344/4147/1 4345/4206/1 4544/4148/1
f 4545/4150/1 4546/2765/1 4547/2766/1
f 4342/3568/1 4343/3567/1 4548/3661/1
f 4549/4153/1 4369/3179/1 2100/4154/1
f 4550/4156/1 4551/4162/1 4552/4157/1
f 4332/4159/1 4333/4216/1 4553/4160/1
f 4569/4161/1 4553/4160/1 4551/4162/1
f 4428/2627/1 4569/4161/1 4550/4156/1
f 2711/4164/1 4332/4159/1 4569/4161/1
f 4570/4158/1 4552/4157/1 4423/4165/1
f 74/2390/1 4570/4158/1 4422/1084/1
f 4429/4163/1 4550/4156/1 4570/4158/1
f 4571/4155/1 2100/4154/1 2099/4167/1
f 4552/4157/1 4571/4155/1 328/2636/1
f 4551/4162/1 4549/4153/1 4571/4155/1
f 4572/4152/1 4548/3661/1 4546/2765/1
f 4414/2643/1 4572/4152/1 4545/4150/1
f 2097/4169/1 4342/3568/1 4572/4152/1
f 4573/4151/1 4547/2766/1 4409/4170/1
f 469/1025/1 4573/4151/1 4408/68/1
f 4415/4168/1 4545/4150/1 4573/4151/1
f 4547/2766/1 4574/2284/1 4558/370/1
f 4575/4149/1 4544/4148/1 4542/4172/1
f 4406/2649/1 4575/4149/1 4541/4144/1
f 2083/4174/1 4344/4147/1 4575/4149/1
f 4576/4146/1 4543/4145/1 4403/4175/1
f 678/4052/1 4576/4146/1 4402/4059/1
f 4407/4173/1 4541/4144/1 4576/4146/1
f 4577/4143/1 2080/4142/1 2071/4177/1
f 4543/4145/1 4577/4143/1 942/2654/1
f 4542/4172/1 4540/4141/1 4577/4143/1
f 4578/4140/1 4539/4139/1 4537/4178/1
f 4400/2658/1 4578/4140/1 4536/4135/1
f 2101/4180/1 4336/4138/1 4578/4140/1
f 4579/4137/1 4538/4136/1 4395/4181/1
f 1019/4063/1 4579/4137/1 4394/4081/1
f 4401/4179/1 4536/4135/1 4579/4137/1
f 4580/4134/1 2070/4133/1 2069/4183/1
f 4538/4136/1 4580/4134/1 1160/2666/1
f 4537/4178/1 4535/4132/1 4580/4134/1
f 4581/3675/1 4534/4131/1 4532/4184/1
f 680/3279/1 4338/4130/1 4581/3675/1
f 4582/2782/1 4533/4129/1 4393/3674/1
f 4583/4128/1 1841/4127/1 1839/4185/1
f 4533/4129/1 4583/4128/1 1161/2669/1
f 4532/4184/1 4530/4126/1 4583/4128/1
f 4584/4125/1 4529/4124/1 4527/4186/1
f 4388/3472/1 4584/4125/1 4526/4120/1
f 1832/3115/1 4354/4123/1 4584/4125/1
f 4585/4122/1 4528/4121/1 4383/4188/1
f 1360/4093/1 4585/4122/1 4382/4112/1
f 4389/4187/1 4526/4120/1 4585/4122/1
f 4586/4119/1 1630/4118/1 1629/4190/1
f 4528/4121/1 4586/4119/1 1504/3477/1
f 4527/4186/1 4525/4117/1 4586/4119/1
f 4587/3107/1 4524/4116/1 4355/4191/1
f 1628/1730/1 4587/3107/1 4354/4123/1
f 4588/4115/1 2713/3578/1 2827/3577/1
f 4524/4116/1 4588/4115/1 2828/3480/1
f 4523/3104/1 4521/3576/1 4588/4115/1
f 4589/4114/1 4520/4113/1 4518/4192/1
f 4386/3475/1 4589/4114/1 4517/4109/1
f 1363/4189/1 4382/4112/1 4589/4114/1
f 4590/4111/1 4519/4110/1 4337/4194/1
f 1361/4098/1 4590/4111/1 4336/4138/1
f 4387/4193/1 4517/4109/1 4590/4111/1
f 4591/4108/1 2826/4107/1 3308/4195/1
f 4519/4110/1 4591/4108/1 3314/3486/1
f 4518/4192/1 4516/4106/1 4591/4108/1
f 4592/4105/1 4515/4104/1 4513/4196/1
f 2710/3662/1 4592/4105/1 4512/4100/1
f 2103/3575/1 4384/4103/1 4592/4105/1
f 4593/4102/1 4514/4101/1 4367/4197/1
f 4364/3572/1 4593/4102/1 4366/4068/1
f 4365/3571/1 4512/4100/1 4593/4102/1
f 4594/4099/1 1361/4098/1 2101/4180/1
f 4514/4101/1 4594/4099/1 2102/2657/1
f 4513/4196/1 4511/4097/1 4594/4099/1
f 4595/1719/1 4510/1718/1 4508/4198/1
f 4596/4096/1 4509/4095/1 4385/4199/1
f 4334/3574/1 4596/4096/1 4384/4103/1
f 4335/3125/1 4507/3124/1 4596/4096/1
f 4597/4094/1 1360/4093/1 1363/4189/1
f 4509/4095/1 4597/4094/1 1503/3474/1
f 4508/4198/1 4506/4092/1 4597/4094/1
f 4598/4091/1 4505/3579/1 4503/3581/1
f 4356/3478/1 4598/4091/1 4502/4087/1
f 1629/4190/1 4390/4090/1 4598/4091/1
f 4599/4089/1 4504/4088/1 4361/4201/1
f 2826/4107/1 4599/4089/1 4360/1054/1
f 4357/4200/1 4502/4087/1 4599/4089/1
f 4504/4088/1 4600/1707/1 4556/575/1
f 4503/3581/1 4568/1705/1 4600/1707/1
f 4380/3481/1 4601/1704/1 4567/1699/1
f 2827/3577/1 4560/1702/1 4601/1704/1
f 4602/1701/1 4501/1700/1 4391/3130/1
f 1630/4118/1 4602/1701/1 4390/4090/1
f 4381/4202/1 4567/1699/1 4602/1701/1
f 4603/1617/1 4500/1616/1 4499/3176/1
f 4340/2637/1 4603/1617/1 4498/4086/1
f 2099/4167/1 4561/1615/1 4603/1617/1
f 4341/4203/1 4498/4086/1 4604/3172/1
f 2100/4154/1 4605/1608/1 4561/1615/1
f 4369/3179/1 4565/1606/1 4605/1608/1
f 4606/3671/1 3283/4085/1 3284/3262/1
f 4497/3212/1 4495/4084/1 4606/3671/1
f 4607/4083/1 4494/4082/1 4492/4204/1
f 4398/2661/1 4607/4083/1 4491/4078/1
f 1036/4182/1 4394/4081/1 4607/4083/1
f 4608/4080/1 4493/4079/1 4345/4206/1
f 1034/4072/1 4608/4080/1 4344/4147/1
f 4399/4205/1 4491/4078/1 4608/4080/1
f 4609/4077/1 3286/4076/1 3288/4207/1
f 4493/4079/1 4609/4077/1 3291/3489/1
f 4492/4204/1 4490/4075/1 4609/4077/1
f 4610/3268/1 4489/4074/1 4486/4208/1
f 4612/4073/1 1034/4072/1 2083/4174/1
f 4487/3582/1 4612/4073/1 2096/2648/1
f 4486/4208/1 4484/4071/1 4612/4073/1
f 4613/4070/1 4483/4069/1 4481/4209/1
f 3637/18/1 4613/4070/1 4480/4065/1
f 3487/3663/1 4366/4068/1 4613/4070/1
f 4614/4067/1 4482/4066/1 4397/4210/1
f 4330/3570/1 4614/4067/1 4396/3569/1
f 4331/19/1 4480/4065/1 4614/4067/1
f 4615/4064/1 1019/4063/1 1036/4182/1
f 4482/4066/1 4615/4064/1 1159/2660/1
f 4481/4209/1 4479/4062/1 4615/4064/1
f 4616/4061/1 4478/4060/1 4476/4211/1
f 4404/2652/1 4616/4061/1 4475/4056/1
f 788/4176/1 4402/4059/1 4616/4061/1
f 4617/4058/1 4477/4057/1 4339/4212/1
f 781/1463/1 4617/4058/1 4338/4130/1
f 4405/3664/1 4475/4056/1 4617/4058/1
f 4618/4055/1 3287/4054/1 3304/4213/1
f 4477/4057/1 4618/4055/1 3307/3483/1
f 4476/4211/1 4474/4053/1 4618/4055/1
f 4619/3285/1 678/4052/1 788/4176/1
f 4620/70/1 4470/69/1 4468/4214/1
f 4412/2646/1 4620/70/1 4467/494/1
f 673/4171/1 4408/68/1 4620/70/1
f 4621/496/1 4469/495/1 4333/4216/1
f 672/749/1 4621/496/1 4332/4159/1
f 4413/4215/1 4467/494/1 4621/496/1
f 4622/502/1 3402/501/1 3480/3026/1
f 4469/495/1 4622/502/1 3483/3492/1
f 4468/4214/1 4465/500/1 4622/502/1
f 4623/508/1 4464/507/1 4462/4217/1
f 4346/2655/1 4623/508/1 4461/515/1
f 2071/4177/1 4410/506/1 4623/508/1
f 4624/517/1 4463/516/1 4363/4219/1
f 3287/4054/1 4624/517/1 4362/2383/1
f 4347/4218/1 4461/515/1 4624/517/1
f 4625/750/1 672/749/1 2711/4164/1
f 4463/516/1 4625/750/1 2712/2626/1
f 4462/4217/1 4460/748/1 4625/750/1
f 4626/1008/1 4459/1007/1 4457/4220/1
f 4372/3490/1 4626/1008/1 4456/1021/1
f 3288/4207/1 4370/1006/1 4626/1008/1
f 4627/1023/1 4458/1022/1 4411/4222/1
f 2080/4142/1 4627/1023/1 4410/506/1
f 4373/4221/1 4456/1021/1 4627/1023/1
f 4628/1026/1 469/1025/1 673/4171/1
f 4458/1022/1 4628/1026/1 675/2645/1
f 4457/4220/1 4455/1024/1 4628/1026/1
f 4418/2640/1 4629/870/1 4563/865/1
f 344/1049/1 4630/867/1 4342/3568/1
f 4419/4223/1 4563/865/1 4630/867/1
f 4631/1029/1 4454/1028/1 4452/4224/1
f 4348/2667/1 4631/1029/1 4451/1036/1
f 2069/4183/1 4416/1027/1 4631/1029/1
f 4632/1038/1 4453/1037/1 4371/4226/1
f 3286/4076/1 4632/1038/1 4370/1006/1
f 4349/4225/1 4451/1036/1 4632/1038/1
f 4633/1050/1 344/1049/1 2097/4169/1
f 4453/1037/1 4633/1050/1 2098/2642/1
f 4452/4224/1 4450/1048/1 4633/1050/1
f 4634/1056/1 4449/1055/1 4447/4227/1
f 4374/3487/1 4634/1056/1 4446/1072/1
f 3308/4195/1 4360/1054/1 4634/1056/1
f 4635/1074/1 4448/1073/1 4417/4229/1
f 2070/4133/1 4635/1074/1 4416/1027/1
f 4375/4228/1 4446/1072/1 4635/1074/1
f 4636/1077/1 342/1076/1 467/2587/1
f 4448/1073/1 4636/1077/1 468/2639/1
f 4447/4227/1 4445/1075/1 4636/1077/1
f 4637/1086/1 4444/1085/1 4442/4230/1
f 4426/2630/1 4637/1086/1 4441/1087/1
f 164/4166/1 4422/1084/1 4637/1086/1
f 4638/1089/1 4443/1088/1 4351/3672/1
f 163/1100/1 4638/1089/1 4350/2279/1
f 4427/4231/1 4441/1087/1 4638/1089/1
f 4443/1088/1 4639/1092/1 4555/109/1
f 4442/4230/1 4440/1090/1 4639/1092/1
f 4640/1095/1 4439/1094/1 4437/4232/1
f 4352/2670/1 4640/1095/1 4436/1096/1
f 1839/4185/1 4424/1093/1 4640/1095/1
f 4641/1098/1 4438/1097/1 4377/3573/1
f 3283/4085/1 4641/1098/1 4376/1477/1
f 4353/4233/1 4436/1096/1 4641/1098/1
f 4642/1101/1 163/1100/1 1843/2769/1
f 4438/1097/1 4642/1101/1 2068/367/1
f 4437/4232/1 4435/1099/1 4642/1101/1
f 4643/2385/1 4434/2384/1 4432/4234/1
f 4378/3484/1 4643/2385/1 4431/2386/1
f 3304/4213/1 4362/2383/1 4643/2385/1
f 4644/2388/1 4433/2387/1 4425/4236/1
f 1841/4127/1 4644/2388/1 4424/1093/1
f 4379/4235/1 4431/2386/1 4644/2388/1
f 4645/2391/1 74/2390/1 164/4166/1
f 4433/2387/1 4645/2391/1 250/2629/1
f 4432/4234/1 4430/2389/1 4645/2391/1
f 4646/2628/1 4428/2627/1 4429/4163/1
f 4434/2384/1 4646/2628/1 4430/2389/1
f 4363/4219/1 2712/2626/1 4646/2628/1
f 4647/2631/1 4426/2630/1 4427/4231/1
f 4439/1094/1 4647/2631/1 4435/1099/1
f 4425/4236/1 250/2629/1 4647/2631/1
f 4648/2638/1 4340/2637/1 4341/4203/1
f 4444/1085/1 4648/2638/1 4440/1090/1
f 4423/4165/1 328/2636/1 4648/2638/1
f 4649/577/1 4420/576/1 4421/2584/1
f 4449/1055/1 4649/577/1 4445/1075/1
f 4361/4201/1 4556/575/1 4649/577/1
f 4650/2641/1 4418/2640/1 4419/4223/1
f 4454/1028/1 4650/2641/1 4450/1048/1
f 4417/4229/1 468/2639/1 4650/2641/1
f 4651/2644/1 4414/2643/1 4415/4168/1
f 4459/1007/1 4651/2644/1 4455/1024/1
f 4371/4226/1 2098/2642/1 4651/2644/1
f 4652/2647/1 4412/2646/1 4413/4215/1
f 4464/507/1 4652/2647/1 4460/748/1
f 4411/4222/1 675/2645/1 4652/2647/1
f 4470/69/1 4653/372/1 4465/500/1
f 4409/4170/1 4558/370/1 4653/372/1
f 4654/2650/1 4406/2649/1 4407/4173/1
f 4472/1460/1 4654/2650/1 4471/3580/1
f 4488/3270/1 2096/2648/1 4654/2650/1
f 4656/2656/1 4346/2655/1 4347/4218/1
f 4478/4060/1 4656/2656/1 4474/4053/1
f 4403/4175/1 942/2654/1 4656/2656/1
f 4657/2659/1 4400/2658/1 4401/4179/1
f 4483/4069/1 4657/2659/1 4479/4062/1
f 4367/4197/1 2102/2657/1 4657/2659/1
f 4658/2662/1 4398/2661/1 4399/4205/1
f 4489/4074/1 4658/2662/1 4484/4071/1
f 4397/4210/1 1159/2660/1 4658/2662/1
f 4659/2668/1 4348/2667/1 4349/4225/1
f 4494/4082/1 4659/2668/1 4490/4075/1
f 4395/4181/1 1160/2666/1 4659/2668/1
f 4660/2671/1 4352/2670/1 4353/4233/1
f 4496/1547/1 4660/2671/1 4495/4084/1
f 4393/3674/1 1161/2669/1 4660/2671/1
f 4661/3473/1 4388/3472/1 4389/4187/1
f 4510/1718/1 4661/3473/1 4506/4092/1
f 4557/3112/1 1834/3116/1 4661/3473/1
f 4662/3476/1 4386/3475/1 4387/4193/1
f 4515/4104/1 4662/3476/1 4511/4097/1
f 4385/4199/1 1503/3474/1 4662/3476/1
f 4663/3479/1 4356/3478/1 4357/4200/1
f 4520/4113/1 4663/3479/1 4516/4106/1
f 4383/4188/1 1504/3477/1 4663/3479/1
f 4664/280/1 4358/279/1 4359/3604/1
f 4665/3482/1 4380/3481/1 4381/4202/1
f 4529/4124/1 4665/3482/1 4525/4117/1
f 4355/4191/1 2828/3480/1 4665/3482/1
f 4666/3485/1 4378/3484/1 4379/4235/1
f 4534/4131/1 4666/3485/1 4530/4126/1
f 4339/4212/1 3307/3483/1 4666/3485/1
f 4667/3488/1 4374/3487/1 4375/4228/1
f 4539/4139/1 4667/3488/1 4535/4132/1
f 4337/4194/1 3314/3486/1 4667/3488/1
f 4668/3491/1 4372/3490/1 4373/4221/1
f 4544/4148/1 4668/3491/1 4540/4141/1
f 4345/4206/1 3291/3489/1 4668/3491/1
f 4669/3493/1 4368/3178/1 4369/3179/1
f 4553/4160/1 4669/3493/1 4549/4153/1
f 4333/4216/1 3483/3492/1 4669/3493/1
