# Blender 4.5.3 LTS
# www.blender.org
o Alien
v -0.500000 0.310327 0.035744
v -0.439458 0.304364 0.035744
v -0.381243 0.286705 0.035744
v -0.327592 0.258028 0.035744
v -0.280566 0.219434 0.035744
v -0.241972 0.172408 0.035744
v -0.213295 0.118757 0.035744
v -0.195636 0.060542 0.035744
v -0.189673 0.000000 0.035744
v -0.195636 -0.060542 0.035744
v -0.213295 -0.118757 0.035744
v -0.241972 -0.172408 0.035744
v -0.280566 -0.219434 0.035744
v -0.327592 -0.258028 0.035744
v -0.381243 -0.286705 0.035744
v -0.439458 -0.304364 0.035744
v -0.500000 -0.310327 0.035744
v -0.560542 -0.304364 0.035744
v -0.618757 -0.286705 0.035744
v -0.672408 -0.258028 0.035744
v -0.719434 -0.219434 0.035744
v -0.758028 -0.172408 0.035744
v -0.786705 -0.118757 0.035744
v -0.804364 -0.060542 0.035744
v -0.810327 0.000000 0.035744
v -0.804364 0.060542 0.035744
v -0.786705 0.118757 0.035744
v -0.758028 0.172408 0.035744
v -0.719434 0.219434 0.035744
v -0.672408 0.258028 0.035744
v -0.618757 0.286705 0.035744
v -0.560542 0.304364 0.035744
v -0.500000 0.000000 0.656398
v 0.500000 0.310327 0.035744
v 0.560542 0.304364 0.035744
v 0.618757 0.286705 0.035744
v 0.672408 0.258028 0.035744
v 0.719434 0.219434 0.035744
v 0.758028 0.172408 0.035744
v 0.786705 0.118757 0.035744
v 0.804364 0.060542 0.035744
v 0.810327 0.000000 0.035744
v 0.804364 -0.060542 0.035744
v 0.786705 -0.118757 0.035744
v 0.758028 -0.172408 0.035744
v 0.719434 -0.219434 0.035744
v 0.672408 -0.258028 0.035744
v 0.618757 -0.286705 0.035744
v 0.560542 -0.304364 0.035744
v 0.500000 -0.310327 0.035744
v 0.439458 -0.304364 0.035744
v 0.381243 -0.286705 0.035744
v 0.327592 -0.258028 0.035744
v 0.280566 -0.219434 0.035744
v 0.241972 -0.172408 0.035744
v 0.213295 -0.118757 0.035744
v 0.195636 -0.060542 0.035744
v 0.189673 0.000000 0.035744
v 0.195636 0.060542 0.035744
v 0.213295 0.118757 0.035744
v 0.241972 0.172408 0.035744
v 0.280566 0.219434 0.035744
v 0.327592 0.258028 0.035744
v 0.381243 0.286705 0.035744
v 0.439458 0.304364 0.035744
v 0.500000 0.000000 0.656398
v 0.000000 0.390154 2.938914
v -0.076115 0.382658 2.938914
v -0.149306 0.360456 2.938914
v -0.216758 0.324401 2.938914
v -0.275881 0.275881 2.938914
v -0.324401 0.216758 2.938914
v -0.360456 0.149306 2.938914
v -0.382658 0.076115 2.938914
v -0.390154 0.000000 2.938914
v -0.382658 -0.076115 2.938914
v -0.360456 -0.149306 2.938914
v -0.324401 -0.216758 2.938914
v -0.275881 -0.275881 2.938914
v -0.216758 -0.324401 2.938914
v -0.149306 -0.360456 2.938914
v -0.076115 -0.382658 2.938914
v 0.000000 -0.390154 2.938914
v 0.076115 -0.382658 2.938914
v 0.149306 -0.360456 2.938914
v 0.216758 -0.324401 2.938914
v 0.275881 -0.275881 2.938914
v 0.324401 -0.216758 2.938914
v 0.360456 -0.149306 2.938914
v 0.382658 -0.076115 2.938914
v 0.390154 0.000000 2.938914
v 0.382658 0.076115 2.938914
v 0.360456 0.149306 2.938914
v 0.324401 0.216758 2.938914
v 0.275881 0.275881 2.938914
v 0.216758 0.324401 2.938914
v 0.149306 0.360456 2.938914
v 0.076115 0.382658 2.938914
v 0.000000 0.000000 2.158606
v -0.383909 -0.383909 3.540390
v -0.383909 -0.383909 3.730805
v -0.383909 0.383909 3.540390
v -0.383909 0.383909 3.730805
v 0.383909 -0.383909 3.540390
v 0.383909 -0.383909 3.730805
v 0.383909 0.383909 3.540390
v 0.383909 0.383909 3.730805
v 0.076912 2.160635 6.549518
v -0.289863 1.536888 6.580624
v -0.509934 1.646333 6.380679
v -1.454869 2.124552 6.444708
v -1.810150 1.740650 6.273451
v -2.068119 1.007876 6.834434
v -2.187033 0.874859 6.118262
v -2.120427 0.455027 6.501827
v -2.011377 -0.105227 6.825580
v -2.072895 -0.319139 6.449217
v -1.804784 -1.368157 6.420668
v -1.710956 -1.186954 6.428123
v -1.498773 -1.482273 6.484358
v -1.100951 -1.820480 6.501279
v -0.899822 -1.725900 6.366991
v -0.371389 -2.365743 6.113244
v 0.027286 -2.474929 6.244658
v 0.635947 -2.172764 6.573017
v 0.535414 -1.831881 6.614616
v 0.915245 -2.033519 6.554425
v 1.672578 -1.274382 6.573030
v 1.348995 -1.030429 6.063519
v 1.892147 -0.738626 6.681287
v 2.212798 -0.453434 6.294781
v 2.516916 -0.459173 6.590121
v 2.035233 0.366819 6.573077
v 1.963340 0.802942 6.532280
v 1.397596 1.000500 6.798650
v 1.430596 1.457664 6.660815
v 1.407905 1.628419 6.426733
v 0.803891 1.931895 6.505296
v 0.179462 1.779052 6.440160
v 0.259673 2.202740 6.098635
v -0.039213 2.197850 6.715193
v -0.737985 1.752533 6.286050
v -1.187568 2.067982 6.576524
v -1.553276 1.510003 6.347449
v -2.168820 1.059224 6.473170
v -2.047709 0.605507 6.204987
v -2.077605 0.424825 6.489833
v -1.715829 0.327733 6.909148
v -2.055676 -0.389262 6.472147
v -1.697446 -1.236307 6.021948
v -1.331046 -0.888986 6.543400
v -1.103291 -1.736367 6.742716
v -0.938497 -1.825045 6.738535
v -1.140349 -1.697244 6.426036
v -0.618943 -2.304848 6.672803
v 0.020960 -2.224913 6.544453
v 0.895005 -2.138085 6.690666
v 0.941628 -2.233229 6.654299
v 1.021588 -1.719240 6.912510
v 1.800793 -1.699670 6.168813
v 1.999381 -1.169033 6.282578
v 1.947546 -0.237109 6.509993
v 2.090632 -0.813188 6.787248
v 2.269753 -0.235667 6.515238
v 1.771780 0.502578 6.556732
v 1.941626 0.813561 6.492345
v 1.547100 0.927047 6.285183
v 1.467676 1.163177 6.346370
v 1.628306 1.897007 6.906048
v 1.145336 1.944737 6.410855
v 0.544291 1.996810 6.064692
v 0.965269 -0.619758 5.727969
v 0.863960 -0.500797 5.624795
v 0.731592 -0.436415 5.489992
v 0.659956 -0.428130 5.417037
v 0.588319 -0.436415 5.344082
v 0.455952 -0.500797 5.209279
v 1.027033 -0.776805 5.776996
v 1.012806 -0.697473 5.749168
v 0.985020 -0.624361 5.708575
v 0.944741 -0.560277 5.656780
v 0.893518 -0.507685 5.595771
v 0.833320 -0.468606 5.527893
v 0.766459 -0.444541 5.455755
v 0.695506 -0.436415 5.382130
v 0.623186 -0.444541 5.309845
v 0.552279 -0.468606 5.241681
v 0.485511 -0.507685 5.180255
v 0.425446 -0.560277 5.127928
v 0.374393 -0.624361 5.086712
v 0.334314 -0.697473 5.058190
v 0.306750 -0.776805 5.043458
v 1.033702 -0.781592 5.770448
v 1.025888 -0.706863 5.736322
v 1.004011 -0.637993 5.689927
v 0.968913 -0.577627 5.633045
v 0.921941 -0.528087 5.567861
v 0.864902 -0.491275 5.496882
v 0.799986 -0.468606 5.422834
v 0.729690 -0.460952 5.348564
v 0.656713 -0.468606 5.276924
v 0.583861 -0.491275 5.210670
v 0.513934 -0.528087 5.152345
v 0.449617 -0.577627 5.104193
v 0.393385 -0.637993 5.068063
v 0.347396 -0.706863 5.045345
v 0.313419 -0.781592 5.036910
v 1.039848 -0.789365 5.764413
v 1.037944 -0.722111 5.724484
v 1.021514 -0.660129 5.672741
v 0.991189 -0.605802 5.611171
v 0.948136 -0.561217 5.542140
v 0.894008 -0.528087 5.468302
v 0.830885 -0.507685 5.392494
v 0.761194 -0.500797 5.317629
v 0.687612 -0.507685 5.246584
v 0.612967 -0.528087 5.182090
v 0.540128 -0.561217 5.126624
v 0.471894 -0.605802 5.082319
v 0.410887 -0.660129 5.050877
v 0.359452 -0.722111 5.033506
v 0.319565 -0.789365 5.030875
v 1.045235 -0.799826 5.759123
v 1.048511 -0.742631 5.714108
v 1.036855 -0.689920 5.657677
v 1.010715 -0.643719 5.591998
v 0.971096 -0.605802 5.519595
v 0.919519 -0.577627 5.443251
v 0.857968 -0.560277 5.365900
v 0.788807 -0.554419 5.290514
v 0.714695 -0.560277 5.219990
v 0.638479 -0.577627 5.157039
v 0.563088 -0.605802 5.104079
v 0.491420 -0.643719 5.063146
v 0.426228 -0.689920 5.035813
v 0.370019 -0.742631 5.023130
v 0.324952 -0.799826 5.025585
v 1.049656 -0.812573 5.754782
v 1.057183 -0.767636 5.705592
v 1.049445 -0.726221 5.645314
v 1.026739 -0.689920 5.576263
v 0.989938 -0.660129 5.501093
v 0.940456 -0.637993 5.422693
v 0.880194 -0.624361 5.344076
v 0.811469 -0.619758 5.268262
v 0.736921 -0.624361 5.198166
v 0.659415 -0.637993 5.136481
v 0.581931 -0.660129 5.085577
v 0.507444 -0.689920 5.047411
v 0.438819 -0.726221 5.023450
v 0.378691 -0.767636 5.014614
v 0.329373 -0.812573 5.021243
v 1.027153 -0.859307 5.790992
v 1.052941 -0.827116 5.751556
v 1.063627 -0.796163 5.699265
v 1.058801 -0.767636 5.636128
v 1.038646 -0.742631 5.564571
v 1.003939 -0.722111 5.487345
v 0.956013 -0.706863 5.407417
v 0.896710 -0.697473 5.327858
v 0.828308 -0.694303 5.251727
v 0.753437 -0.697473 5.181948
v 0.674973 -0.706863 5.121204
v 0.595932 -0.722111 5.071829
v 0.519351 -0.742631 5.035719
v 0.448174 -0.767636 5.014264
v 0.385136 -0.796163 5.008287
v 0.332658 -0.827116 5.018018
v 1.054964 -0.842896 5.749569
v 1.067596 -0.827116 5.695368
v 1.064562 -0.812573 5.630471
v 1.045979 -0.799826 5.557371
v 1.012561 -0.789365 5.478879
v 0.965594 -0.781592 5.398010
v 0.906880 -0.776805 5.317872
v 0.838678 -0.775189 5.241545
v 0.763607 -0.776805 5.171962
v 0.684553 -0.781592 5.111797
v 0.604554 -0.789365 5.063363
v 0.526684 -0.799826 5.028520
v 0.453935 -0.812573 5.008607
v 0.389104 -0.827116 5.004390
v 0.334681 -0.842896 5.016031
v 1.055647 -0.859307 5.748899
v 1.068936 -0.859307 5.694052
v 1.066507 -0.859307 5.628561
v 1.048455 -0.859307 5.554940
v 1.015473 -0.859307 5.476020
v 0.968828 -0.859307 5.394833
v 0.910314 -0.859307 5.314500
v 0.842179 -0.859307 5.238107
v 0.767041 -0.859307 5.168590
v 0.687788 -0.859307 5.108621
v 0.607465 -0.859307 5.060504
v 0.529160 -0.859307 5.026088
v 0.455880 -0.859307 5.006697
v 0.390444 -0.859307 5.003075
v 0.335364 -0.859307 5.015361
v 1.054964 -0.875718 5.749569
v 1.067596 -0.891498 5.695368
v 1.064562 -0.906041 5.630471
v 1.045979 -0.918787 5.557371
v 1.012561 -0.929249 5.478879
v 0.965594 -0.937022 5.398010
v 0.906880 -0.941809 5.317872
v 0.838678 -0.943425 5.241545
v 0.763607 -0.941809 5.171962
v 0.684553 -0.937022 5.111797
v 0.604554 -0.929249 5.063363
v 0.526684 -0.918787 5.028520
v 0.453935 -0.906041 5.008607
v 0.389104 -0.891498 5.004390
v 0.334681 -0.875718 5.016031
v 1.052941 -0.891498 5.751556
v 1.063627 -0.922451 5.699265
v 1.058801 -0.950978 5.636128
v 1.038646 -0.975982 5.564571
v 1.003939 -0.996503 5.487345
v 0.956013 -1.011751 5.407417
v 0.896710 -1.021140 5.327858
v 0.828308 -1.024311 5.251727
v 0.753437 -1.021140 5.181948
v 0.674973 -1.011751 5.121204
v 0.595932 -0.996503 5.071829
v 0.519351 -0.975982 5.035719
v 0.448174 -0.950978 5.014264
v 0.385136 -0.922451 5.008287
v 0.332658 -0.891498 5.018018
v 1.049656 -0.906040 5.754782
v 1.057183 -0.950978 5.705592
v 1.049445 -0.992393 5.645314
v 1.026739 -1.028693 5.576263
v 0.989938 -1.058484 5.501093
v 0.940456 -1.080621 5.422693
v 0.880194 -1.094253 5.344076
v 0.811469 -1.098856 5.268262
v 0.736921 -1.094253 5.198166
v 0.659415 -1.080621 5.136481
v 0.581931 -1.058484 5.085577
v 0.507444 -1.028693 5.047411
v 0.438819 -0.992393 5.023450
v 0.378691 -0.950978 5.014614
v 0.329373 -0.906040 5.021244
v 1.045235 -0.918787 5.759123
v 1.048511 -0.975982 5.714108
v 1.036855 -1.028693 5.657677
v 1.010715 -1.074895 5.591998
v 0.971096 -1.112812 5.519595
v 0.919519 -1.140986 5.443251
v 0.857968 -1.158336 5.365900
v 0.788807 -1.164195 5.290514
v 0.714695 -1.158336 5.219990
v 0.638479 -1.140986 5.157039
v 0.563088 -1.112812 5.104079
v 0.491420 -1.074895 5.063146
v 0.426228 -1.028693 5.035813
v 0.370019 -0.975982 5.023130
v 0.324952 -0.918787 5.025585
v 1.039848 -0.929249 5.764413
v 1.037944 -0.996503 5.724484
v 1.021514 -1.058484 5.672741
v 0.991189 -1.112812 5.611171
v 0.948136 -1.157397 5.542140
v 0.894008 -1.190527 5.468302
v 0.830885 -1.210928 5.392494
v 0.761194 -1.217817 5.317629
v 0.687612 -1.210928 5.246584
v 0.612967 -1.190527 5.182090
v 0.540128 -1.157397 5.126624
v 0.471894 -1.112812 5.082319
v 0.410887 -1.058484 5.050877
v 0.359452 -0.996503 5.033506
v 0.319565 -0.929249 5.030875
v 1.033702 -0.937022 5.770448
v 1.025888 -1.011751 5.736322
v 1.004011 -1.080621 5.689927
v 0.968913 -1.140986 5.633045
v 0.921941 -1.190527 5.567862
v 0.864902 -1.227339 5.496882
v 0.799986 -1.250008 5.422834
v 0.729690 -1.257662 5.348564
v 0.656713 -1.250008 5.276924
v 0.583861 -1.227339 5.210670
v 0.513933 -1.190527 5.152345
v 0.449617 -1.140986 5.104193
v 0.393385 -1.080621 5.068063
v 0.347396 -1.011751 5.045345
v 0.313419 -0.937022 5.036910
v 1.027033 -0.941809 5.776996
v 1.012806 -1.021140 5.749168
v 0.985020 -1.094253 5.708575
v 0.944741 -1.158336 5.656780
v 0.893518 -1.210928 5.595771
v 0.833320 -1.250008 5.527893
v 0.766459 -1.274072 5.455755
v 0.695506 -1.282198 5.382130
v 0.623186 -1.274072 5.309846
v 0.552279 -1.250008 5.241681
v 0.485511 -1.210928 5.180255
v 0.425446 -1.158336 5.127928
v 0.374393 -1.094253 5.086712
v 0.334314 -1.021140 5.058190
v 0.306750 -0.941809 5.043458
v 1.020097 -0.943425 5.783806
v 0.999202 -1.024311 5.762526
v 0.965269 -1.098855 5.727969
v 0.919603 -1.164195 5.681463
v 0.863960 -1.217817 5.624795
v 0.800476 -1.257662 5.560143
v 0.731592 -1.282198 5.489992
v 0.659956 -1.290483 5.417037
v 0.588319 -1.282198 5.344082
v 0.519435 -1.257662 5.273931
v 0.455952 -1.217817 5.209279
v 0.400308 -1.164195 5.152611
v 0.354642 -1.098855 5.106105
v 0.320710 -1.024311 5.071548
v 0.299814 -0.943425 5.050268
v 1.013162 -0.941809 5.790617
v 0.985597 -1.021140 5.775885
v 0.945518 -1.094253 5.747363
v 0.894466 -1.158336 5.706146
v 0.834401 -1.210928 5.653820
v 0.767632 -1.250008 5.592394
v 0.696725 -1.274072 5.524229
v 0.624406 -1.282198 5.451945
v 0.553452 -1.274072 5.378319
v 0.486592 -1.250008 5.306181
v 0.426393 -1.210928 5.238304
v 0.375170 -1.158336 5.177295
v 0.334892 -1.094253 5.125499
v 0.307105 -1.021140 5.084907
v 0.292879 -0.941809 5.057078
v 1.006493 -0.937022 5.797165
v 0.972516 -1.011751 5.788730
v 0.926527 -1.080621 5.766011
v 0.870294 -1.140986 5.729881
v 0.805978 -1.190527 5.681729
v 0.736050 -1.227339 5.623405
v 0.663198 -1.250007 5.557150
v 0.590222 -1.257662 5.485511
v 0.519925 -1.250007 5.411240
v 0.455010 -1.227339 5.337193
v 0.397970 -1.190527 5.266213
v 0.350999 -1.140986 5.201030
v 0.315900 -1.080621 5.144147
v 0.294024 -1.011751 5.097752
v 0.286210 -0.937022 5.063627
v 1.000347 -0.929249 5.803200
v 0.960460 -0.996503 5.800568
v 0.909024 -1.058484 5.783197
v 0.848017 -1.112812 5.751755
v 0.779783 -1.157397 5.707450
v 0.706944 -1.190527 5.651985
v 0.632300 -1.210928 5.587491
v 0.558718 -1.217817 5.516446
v 0.489027 -1.210928 5.441581
v 0.425904 -1.190527 5.365772
v 0.371776 -1.157397 5.291934
v 0.328722 -1.112812 5.222904
v 0.298398 -1.058484 5.161334
v 0.281968 -0.996503 5.109590
v 0.280064 -0.929249 5.069662
v 0.994960 -0.918787 5.808490
v 0.949892 -0.975982 5.810945
v 0.893683 -1.028693 5.798261
v 0.828492 -1.074895 5.770928
v 0.756824 -1.112812 5.729995
v 0.681433 -1.140986 5.677035
v 0.605217 -1.158336 5.614084
v 0.531104 -1.164194 5.543560
v 0.461944 -1.158336 5.468174
v 0.400392 -1.140986 5.390823
v 0.348816 -1.112812 5.314479
v 0.309196 -1.074895 5.242077
v 0.283057 -1.028693 5.176398
v 0.271401 -0.975982 5.119967
v 0.274677 -0.918787 5.074952
v 0.292759 -0.859307 5.043083
v 0.990538 -0.906040 5.812831
v 0.941220 -0.950978 5.819460
v 0.881093 -0.992393 5.810624
v 0.812467 -1.028693 5.786663
v 0.737981 -1.058484 5.748497
v 0.660496 -1.080621 5.697594
v 0.582990 -1.094253 5.635909
v 0.508443 -1.098855 5.565812
v 0.439717 -1.094253 5.489999
v 0.379456 -1.080621 5.411381
v 0.329973 -1.058484 5.332981
v 0.293172 -1.028693 5.257811
v 0.270466 -0.992393 5.188761
v 0.262728 -0.950978 5.128482
v 0.270255 -0.906040 5.079293
v 0.987253 -0.891498 5.816057
v 0.934776 -0.922451 5.825788
v 0.871737 -0.950978 5.819811
v 0.800560 -0.975982 5.798355
v 0.723980 -0.996503 5.762246
v 0.644939 -1.011751 5.712870
v 0.566475 -1.021140 5.652126
v 0.491603 -1.024311 5.582347
v 0.423202 -1.021140 5.506216
v 0.363898 -1.011751 5.426658
v 0.315972 -0.996503 5.346730
v 0.281265 -0.975982 5.269503
v 0.261111 -0.950978 5.197947
v 0.256284 -0.922451 5.134810
v 0.266970 -0.891498 5.082519
v 0.985230 -0.875718 5.818043
v 0.930808 -0.891498 5.829684
v 0.865976 -0.906040 5.825467
v 0.793228 -0.918787 5.805555
v 0.715358 -0.929249 5.770712
v 0.635358 -0.937022 5.722277
v 0.556305 -0.941809 5.662113
v 0.481234 -0.943425 5.592530
v 0.413031 -0.941809 5.516203
v 0.354318 -0.937022 5.436065
v 0.307350 -0.929249 5.355196
v 0.273933 -0.918787 5.276703
v 0.255350 -0.906040 5.203604
v 0.252316 -0.891498 5.138706
v 0.264947 -0.875718 5.084505
v 0.984547 -0.859307 5.818714
v 0.929468 -0.859307 5.831000
v 0.864031 -0.859307 5.827378
v 0.790752 -0.859307 5.807986
v 0.712446 -0.859307 5.773570
v 0.632124 -0.859307 5.725454
v 0.552870 -0.859307 5.665485
v 0.477733 -0.859307 5.595968
v 0.409597 -0.859307 5.519575
v 0.351083 -0.859307 5.439241
v 0.304439 -0.859307 5.358054
v 0.271457 -0.859307 5.279134
v 0.253405 -0.859307 5.205514
v 0.250976 -0.859307 5.140022
v 0.264264 -0.859307 5.085176
v 0.985230 -0.842896 5.818043
v 0.930808 -0.827116 5.829684
v 0.865976 -0.812573 5.825467
v 0.793228 -0.799826 5.805555
v 0.715358 -0.789365 5.770712
v 0.635358 -0.781592 5.722277
v 0.556305 -0.776805 5.662112
v 0.481234 -0.775188 5.592529
v 0.413031 -0.776805 5.516203
v 0.354318 -0.781592 5.436065
v 0.307350 -0.789365 5.355196
v 0.273933 -0.799826 5.276703
v 0.255350 -0.812573 5.203604
v 0.252316 -0.827116 5.138706
v 0.264947 -0.842896 5.084505
v 0.987253 -0.827116 5.816057
v 0.934776 -0.796163 5.825788
v 0.871737 -0.767636 5.819810
v 0.800560 -0.742631 5.798355
v 0.723980 -0.722111 5.762246
v 0.644939 -0.706863 5.712870
v 0.566475 -0.697473 5.652126
v 0.491603 -0.694303 5.582347
v 0.423202 -0.697473 5.506216
v 0.363898 -0.706863 5.426658
v 0.315972 -0.722111 5.346730
v 0.281265 -0.742631 5.269503
v 0.261111 -0.767636 5.197947
v 0.256284 -0.796163 5.134810
v 0.266970 -0.827116 5.082519
v 0.990539 -0.812573 5.812831
v 0.941220 -0.767636 5.819460
v 0.881093 -0.726221 5.810624
v 0.812467 -0.689920 5.786663
v 0.737981 -0.660129 5.748497
v 0.660496 -0.637993 5.697594
v 0.582991 -0.624361 5.635909
v 0.508443 -0.619758 5.565812
v 0.439717 -0.624361 5.489999
v 0.379456 -0.637993 5.411381
v 0.329973 -0.660129 5.332981
v 0.293172 -0.689920 5.257811
v 0.270466 -0.726221 5.188760
v 0.262728 -0.767636 5.128482
v 0.270256 -0.812573 5.079293
v 0.994960 -0.799826 5.808490
v 0.949892 -0.742631 5.810944
v 0.893683 -0.689920 5.798261
v 0.828492 -0.643719 5.770928
v 0.756824 -0.605802 5.729995
v 0.681433 -0.577627 5.677035
v 0.605217 -0.560278 5.614084
v 0.531105 -0.554419 5.543560
v 0.461944 -0.560278 5.468174
v 0.400392 -0.577627 5.390823
v 0.348816 -0.605802 5.314479
v 0.309197 -0.643719 5.242077
v 0.283057 -0.689920 5.176398
v 0.271401 -0.742631 5.119967
v 0.274677 -0.799826 5.074952
v 1.000347 -0.789365 5.803200
v 0.960460 -0.722111 5.800568
v 0.909024 -0.660129 5.783197
v 0.848017 -0.605802 5.751755
v 0.779783 -0.561217 5.707450
v 0.706944 -0.528087 5.651985
v 0.632300 -0.507686 5.587490
v 0.558718 -0.500797 5.516446
v 0.489027 -0.507686 5.441581
v 0.425904 -0.528087 5.365772
v 0.371776 -0.561217 5.291934
v 0.328722 -0.605802 5.222904
v 0.298398 -0.660129 5.161334
v 0.281968 -0.722111 5.109590
v 0.280064 -0.789365 5.069662
v 1.006493 -0.781592 5.797165
v 0.972516 -0.706863 5.788730
v 0.926527 -0.637993 5.766011
v 0.870294 -0.577627 5.729881
v 0.805978 -0.528087 5.681729
v 0.736050 -0.491275 5.623405
v 0.663198 -0.468606 5.557150
v 0.590222 -0.460952 5.485511
v 0.519925 -0.468606 5.411240
v 0.455010 -0.491275 5.337192
v 0.397970 -0.528087 5.266213
v 0.350999 -0.577627 5.201030
v 0.315901 -0.637993 5.144147
v 0.294024 -0.706863 5.097752
v 0.286210 -0.781592 5.063627
v 1.013162 -0.776805 5.790617
v 0.985597 -0.697473 5.775885
v 0.945518 -0.624361 5.747363
v 0.894466 -0.560278 5.706146
v 0.834401 -0.507686 5.653820
v 0.767632 -0.468606 5.592394
v 0.696725 -0.444541 5.524229
v 0.624406 -0.436416 5.451945
v 0.553452 -0.444541 5.378319
v 0.486592 -0.468606 5.306181
v 0.426393 -0.507686 5.238304
v 0.375171 -0.560278 5.177295
v 0.334892 -0.624361 5.125499
v 0.307105 -0.697473 5.084907
v 0.292879 -0.776805 5.057078
v 1.020097 -0.775189 5.783806
v 0.999202 -0.694303 5.762526
v 0.919603 -0.554419 5.681463
v 0.800476 -0.460952 5.560143
v 0.519436 -0.460952 5.273931
v 0.400308 -0.554419 5.152611
v 0.354643 -0.619758 5.106105
v 0.320710 -0.694303 5.071548
v 0.299814 -0.775189 5.050268
v 0.957418 0.957418 5.719826
v 0.274641 0.634884 4.385163
v 0.957418 -0.957418 5.719826
v -0.957418 0.957418 5.719826
v -0.274641 0.634884 4.385163
v -0.957418 -0.957418 5.719826
v -0.621135 0.000000 4.565087
v 0.000000 0.709786 4.485033
v 0.769826 0.769826 4.950000
v -0.769826 -0.769826 4.950000
v 0.769826 -0.769826 4.950000
v -0.769826 0.769826 4.950000
v 0.000000 -0.957418 5.719826
v 0.957418 0.000000 5.719826
v 0.000000 -0.769826 4.180174
v -0.957418 0.000000 5.719826
v 0.000000 0.957418 5.719826
v 0.621135 0.000000 4.565087
v 0.000000 0.769826 4.950000
v 0.769826 0.000000 4.950000
v 0.000000 0.000000 4.180174
v -0.769826 0.000000 4.950000
v 0.000000 -0.769826 4.950000
v -0.577370 -0.577370 4.372630
v 0.000000 0.710975 6.161368
v 0.000000 -0.710975 6.161368
v -0.769826 -0.769826 5.334913
v 0.538878 -0.615861 4.334139
v -0.355487 0.710975 6.161368
v -0.478709 -0.957418 5.719826
v 0.957418 -0.478709 5.719826
v -0.957418 0.478709 5.719826
v 0.478709 0.957418 5.719826
v 0.355487 -0.710975 6.161368
v -0.710975 0.000000 6.161368
v 0.710975 0.710975 6.161368
v 0.769826 0.769826 5.334913
v 0.769826 -0.769826 5.334913
v -0.769826 0.769826 5.334913
v 0.478709 -0.957418 5.719826
v 0.957418 0.478709 5.719826
v -0.957418 -0.478709 5.719826
v -0.478709 0.957418 5.719826
v 0.384913 0.769826 4.950000
v -0.384913 0.769826 4.950000
v -0.355487 -0.710975 6.161368
v 0.000000 0.769826 5.334913
v 0.769826 -0.384913 4.950000
v 0.769826 0.384913 4.950000
v -0.710975 -0.710975 6.161368
v 0.769826 0.000000 5.334913
v 0.000000 -0.384913 4.180174
v 0.000000 0.384913 4.180174
v -0.257747 0.000000 4.180174
v 0.257747 0.000000 4.180174
v -0.769826 0.384913 4.950000
v -0.769826 -0.384913 4.950000
v 0.710975 -0.355487 6.161368
v -0.769826 0.000000 5.334913
v -0.384913 -0.769826 4.950000
v 0.384913 -0.769826 4.950000
v 0.000000 -0.769826 4.565087
v 0.000000 -0.769826 5.334913
v 0.384913 -0.769826 5.334913
v -0.769826 -0.384913 5.334913
v -0.710975 -0.355487 6.161368
v 0.355487 0.710975 6.161368
v 0.710975 0.000000 6.161368
v 0.769826 0.384913 5.334913
v -0.710975 0.710975 6.161368
v 0.710975 -0.710975 6.161368
v -0.384913 0.769826 5.334913
v 0.710975 0.355487 6.161368
v -0.710975 0.355487 6.161368
v 0.384913 0.769826 5.334913
v 0.769826 -0.384913 5.334913
v -0.769826 0.384913 5.334913
v -0.384913 -0.769826 5.334913
v 0.249304 0.249304 6.463548
v 0.124652 0.000000 6.463548
v -0.124652 0.000000 6.463548
v 0.124652 0.249304 6.463548
v 0.000000 -0.124652 6.463548
v 0.249304 0.124652 6.463548
v 0.124652 0.124652 6.463548
v -0.124652 -0.124652 6.463548
v -0.249304 -0.124652 6.463548
v -0.487396 -0.243698 6.347001
v 0.487396 0.243698 6.347001
v 0.243698 0.487396 6.347001
v 0.487396 0.487396 6.347001
v -0.487396 0.000000 6.347001
v -0.243698 -0.487396 6.347001
v -0.487396 0.243698 6.347001
v 0.487396 -0.243698 6.347001
v -0.243698 0.487396 6.347001
v -0.487396 0.487396 6.347001
v 0.487396 0.000000 6.347001
v 0.000000 -0.487396 6.347001
v 0.243698 -0.487396 6.347001
v 0.000000 0.487396 6.347001
v 0.487396 -0.487396 6.347001
v -0.487396 -0.487396 6.347001
v -0.249304 0.000000 6.463548
v 0.000000 0.124652 6.463548
v 0.000000 0.000000 6.463548
v -0.124652 -0.249304 6.463548
v -0.249304 0.124652 6.463548
v -0.124652 0.124652 6.463548
v 0.124652 -0.124652 6.463548
v 0.249304 -0.124652 6.463548
v -0.124652 0.249304 6.463548
v -0.249304 0.249304 6.463548
v 0.249304 0.000000 6.463548
v 0.000000 -0.249304 6.463548
v 0.124652 -0.249304 6.463548
v 0.000000 0.249304 6.463548
v 0.249304 -0.249304 6.463548
v -0.249304 -0.249304 6.463548
v -0.940440 -0.619758 5.727969
v -0.839130 -0.500797 5.624795
v -0.706763 -0.436415 5.489992
v -0.635127 -0.428130 5.417037
v -0.563490 -0.436415 5.344082
v -0.431123 -0.500797 5.209279
v -1.002203 -0.776805 5.776996
v -0.987977 -0.697473 5.749168
v -0.960190 -0.624361 5.708575
v -0.919912 -0.560277 5.656780
v -0.868689 -0.507685 5.595771
v -0.808491 -0.468606 5.527893
v -0.741630 -0.444541 5.455755
v -0.670677 -0.436415 5.382130
v -0.598357 -0.444541 5.309845
v -0.527450 -0.468606 5.241681
v -0.460681 -0.507685 5.180255
v -0.400617 -0.560277 5.127928
v -0.349564 -0.624361 5.086712
v -0.309485 -0.697473 5.058190
v -0.281920 -0.776805 5.043458
v -1.008873 -0.781592 5.770448
v -1.001058 -0.706863 5.736322
v -0.979182 -0.637993 5.689927
v -0.944083 -0.577627 5.633045
v -0.897112 -0.528087 5.567861
v -0.840073 -0.491275 5.496882
v -0.775157 -0.468606 5.422834
v -0.704860 -0.460952 5.348564
v -0.631884 -0.468606 5.276924
v -0.559032 -0.491275 5.210670
v -0.489104 -0.528087 5.152345
v -0.424788 -0.577627 5.104193
v -0.368555 -0.637993 5.068063
v -0.322567 -0.706863 5.045345
v -0.288589 -0.781592 5.036910
v -1.015019 -0.789365 5.764413
v -1.013114 -0.722111 5.724484
v -0.996685 -0.660129 5.672741
v -0.966360 -0.605802 5.611171
v -0.923307 -0.561217 5.542140
v -0.869178 -0.528087 5.468302
v -0.806056 -0.507685 5.392494
v -0.736364 -0.500797 5.317629
v -0.662783 -0.507685 5.246584
v -0.588138 -0.528087 5.182090
v -0.515299 -0.561217 5.126624
v -0.447065 -0.605802 5.082319
v -0.386058 -0.660129 5.050877
v -0.334623 -0.722111 5.033506
v -0.294736 -0.789365 5.030875
v -1.020406 -0.799826 5.759123
v -1.023682 -0.742631 5.714108
v -1.012026 -0.689920 5.657677
v -0.985886 -0.643719 5.591998
v -0.946266 -0.605802 5.519595
v -0.894690 -0.577627 5.443251
v -0.833139 -0.560277 5.365900
v -0.763978 -0.554419 5.290514
v -0.689865 -0.560277 5.219990
v -0.613649 -0.577627 5.157039
v -0.538259 -0.605802 5.104079
v -0.466591 -0.643719 5.063146
v -0.401399 -0.689920 5.035813
v -0.345190 -0.742631 5.023130
v -0.300123 -0.799826 5.025585
v -1.024827 -0.812573 5.754782
v -1.032354 -0.767636 5.705592
v -1.024616 -0.726221 5.645314
v -1.001910 -0.689920 5.576263
v -0.965109 -0.660129 5.501093
v -0.915627 -0.637993 5.422693
v -0.855365 -0.624361 5.344076
v -0.786640 -0.619758 5.268262
v -0.712092 -0.624361 5.198166
v -0.634586 -0.637993 5.136481
v -0.557101 -0.660129 5.085577
v -0.482615 -0.689920 5.047411
v -0.413989 -0.726221 5.023450
v -0.353862 -0.767636 5.014614
v -0.304544 -0.812573 5.021243
v -1.002324 -0.859307 5.790992
v -1.028112 -0.827116 5.751556
v -1.038798 -0.796163 5.699265
v -1.033971 -0.767636 5.636128
v -1.013817 -0.742631 5.564571
v -0.979110 -0.722111 5.487345
v -0.931184 -0.706863 5.407417
v -0.871881 -0.697473 5.327858
v -0.803479 -0.694303 5.251727
v -0.728608 -0.697473 5.181948
v -0.650144 -0.706863 5.121204
v -0.571103 -0.722111 5.071829
v -0.494522 -0.742631 5.035719
v -0.423345 -0.767636 5.014264
v -0.360306 -0.796163 5.008287
v -0.307829 -0.827116 5.018018
v -1.030135 -0.842896 5.749569
v -1.042766 -0.827116 5.695368
v -1.039732 -0.812573 5.630471
v -1.021150 -0.799826 5.557371
v -0.987732 -0.789365 5.478879
v -0.940764 -0.781592 5.398010
v -0.882051 -0.776805 5.317872
v -0.813848 -0.775189 5.241545
v -0.738778 -0.776805 5.171962
v -0.659724 -0.781592 5.111797
v -0.579725 -0.789365 5.063363
v -0.501854 -0.799826 5.028520
v -0.429106 -0.812573 5.008607
v -0.364275 -0.827116 5.004390
v -0.309852 -0.842896 5.016031
v -1.030818 -0.859307 5.748899
v -1.044106 -0.859307 5.694052
v -1.041678 -0.859307 5.628561
v -1.023625 -0.859307 5.554940
v -0.990644 -0.859307 5.476020
v -0.943999 -0.859307 5.394833
v -0.885485 -0.859307 5.314500
v -0.817350 -0.859307 5.238107
v -0.742212 -0.859307 5.168590
v -0.662959 -0.859307 5.108621
v -0.582636 -0.859307 5.060504
v -0.504330 -0.859307 5.026088
v -0.431051 -0.859307 5.006697
v -0.365615 -0.859307 5.003075
v -0.310535 -0.859307 5.015361
v -1.030135 -0.875718 5.749569
v -1.042766 -0.891498 5.695368
v -1.039732 -0.906041 5.630471
v -1.021150 -0.918787 5.557371
v -0.987732 -0.929249 5.478879
v -0.940764 -0.937022 5.398010
v -0.882051 -0.941809 5.317872
v -0.813848 -0.943425 5.241545
v -0.738778 -0.941809 5.171962
v -0.659724 -0.937022 5.111797
v -0.579725 -0.929249 5.063363
v -0.501854 -0.918787 5.028520
v -0.429106 -0.906041 5.008607
v -0.364275 -0.891498 5.004390
v -0.309852 -0.875718 5.016031
v -1.028112 -0.891498 5.751556
v -1.038798 -0.922451 5.699265
v -1.033971 -0.950978 5.636128
v -1.013817 -0.975982 5.564571
v -0.979110 -0.996503 5.487345
v -0.931184 -1.011751 5.407417
v -0.871881 -1.021140 5.327858
v -0.803479 -1.024311 5.251727
v -0.728607 -1.021140 5.181948
v -0.650144 -1.011751 5.121204
v -0.571103 -0.996503 5.071829
v -0.494522 -0.975982 5.035719
v -0.423345 -0.950978 5.014264
v -0.360306 -0.922451 5.008287
v -0.307829 -0.891498 5.018018
v -1.024827 -0.906040 5.754782
v -1.032354 -0.950978 5.705592
v -1.024616 -0.992393 5.645314
v -1.001910 -1.028693 5.576263
v -0.965109 -1.058484 5.501093
v -0.915627 -1.080621 5.422693
v -0.855365 -1.094253 5.344076
v -0.786640 -1.098856 5.268262
v -0.712092 -1.094253 5.198166
v -0.634586 -1.080621 5.136481
v -0.557101 -1.058484 5.085577
v -0.482615 -1.028693 5.047411
v -0.413989 -0.992393 5.023450
v -0.353862 -0.950978 5.014614
v -0.304544 -0.906040 5.021244
v -1.020406 -0.918787 5.759123
v -1.023682 -0.975982 5.714108
v -1.012026 -1.028693 5.657677
v -0.985886 -1.074895 5.591998
v -0.946266 -1.112812 5.519595
v -0.894690 -1.140986 5.443251
v -0.833139 -1.158336 5.365900
v -0.763978 -1.164195 5.290514
v -0.689865 -1.158336 5.219990
v -0.613649 -1.140986 5.157039
v -0.538259 -1.112812 5.104079
v -0.466591 -1.074895 5.063146
v -0.401399 -1.028693 5.035813
v -0.345190 -0.975982 5.023130
v -0.300123 -0.918787 5.025585
v -1.015019 -0.929249 5.764413
v -1.013114 -0.996503 5.724484
v -0.996685 -1.058484 5.672741
v -0.966360 -1.112812 5.611171
v -0.923307 -1.157397 5.542140
v -0.869178 -1.190527 5.468302
v -0.806056 -1.210928 5.392494
v -0.736364 -1.217817 5.317629
v -0.662782 -1.210928 5.246584
v -0.588138 -1.190527 5.182090
v -0.515299 -1.157397 5.126624
v -0.447065 -1.112812 5.082319
v -0.386058 -1.058484 5.050877
v -0.334623 -0.996503 5.033506
v -0.294736 -0.929249 5.030875
v -1.008873 -0.937022 5.770448
v -1.001058 -1.011751 5.736322
v -0.979182 -1.080621 5.689927
v -0.944083 -1.140986 5.633045
v -0.897112 -1.190527 5.567862
v -0.840073 -1.227339 5.496882
v -0.775157 -1.250008 5.422834
v -0.704860 -1.257662 5.348564
v -0.631884 -1.250008 5.276924
v -0.559032 -1.227339 5.210670
v -0.489104 -1.190527 5.152345
v -0.424788 -1.140986 5.104193
v -0.368555 -1.080621 5.068063
v -0.322567 -1.011751 5.045345
v -0.288589 -0.937022 5.036910
v -1.002203 -0.941809 5.776996
v -0.987977 -1.021140 5.749168
v -0.960190 -1.094253 5.708575
v -0.919912 -1.158336 5.656780
v -0.868689 -1.210928 5.595771
v -0.808491 -1.250008 5.527893
v -0.741630 -1.274072 5.455755
v -0.670676 -1.282198 5.382130
v -0.598357 -1.274072 5.309846
v -0.527450 -1.250008 5.241681
v -0.460681 -1.210928 5.180255
v -0.400617 -1.158336 5.127928
v -0.349564 -1.094253 5.086712
v -0.309485 -1.021140 5.058190
v -0.281920 -0.941809 5.043458
v -0.995268 -0.943425 5.783806
v -0.974372 -1.024311 5.762526
v -0.940440 -1.098855 5.727969
v -0.894774 -1.164195 5.681463
v -0.839130 -1.217817 5.624795
v -0.775647 -1.257662 5.560143
v -0.706763 -1.282198 5.489992
v -0.635126 -1.290483 5.417037
v -0.563490 -1.282198 5.344082
v -0.494606 -1.257662 5.273931
v -0.431123 -1.217817 5.209279
v -0.375479 -1.164195 5.152611
v -0.329813 -1.098855 5.106105
v -0.295881 -1.024311 5.071548
v -0.274985 -0.943425 5.050268
v -0.988333 -0.941809 5.790617
v -0.960768 -1.021140 5.775885
v -0.920689 -1.094253 5.747363
v -0.869636 -1.158336 5.706146
v -0.809572 -1.210928 5.653820
v -0.742803 -1.250008 5.592394
v -0.671896 -1.274072 5.524229
v -0.599576 -1.282198 5.451945
v -0.528623 -1.274072 5.378319
v -0.461762 -1.250008 5.306181
v -0.401564 -1.210928 5.238304
v -0.350341 -1.158336 5.177295
v -0.310063 -1.094253 5.125499
v -0.282276 -1.021140 5.084907
v -0.268050 -0.941809 5.057078
v -0.981664 -0.937022 5.797165
v -0.947686 -1.011751 5.788730
v -0.901698 -1.080621 5.766011
v -0.845465 -1.140986 5.729881
v -0.781149 -1.190527 5.681729
v -0.711221 -1.227339 5.623405
v -0.638369 -1.250007 5.557150
v -0.565393 -1.257662 5.485511
v -0.495096 -1.250007 5.411240
v -0.430181 -1.227339 5.337193
v -0.373141 -1.190527 5.266213
v -0.326170 -1.140986 5.201030
v -0.291071 -1.080621 5.144147
v -0.269195 -1.011751 5.097752
v -0.261381 -0.937022 5.063627
v -0.975518 -0.929249 5.803200
v -0.935630 -0.996503 5.800568
v -0.884195 -1.058484 5.783197
v -0.823188 -1.112812 5.751755
v -0.754954 -1.157397 5.707450
v -0.682115 -1.190527 5.651985
v -0.607471 -1.210928 5.587491
v -0.533889 -1.217817 5.516446
v -0.464197 -1.210928 5.441581
v -0.401075 -1.190527 5.365772
v -0.346947 -1.157397 5.291934
v -0.303893 -1.112812 5.222904
v -0.273569 -1.058484 5.161334
v -0.257139 -0.996503 5.109590
v -0.255235 -0.929249 5.069662
v -0.970130 -0.918787 5.808490
v -0.925063 -0.975982 5.810945
v -0.868854 -1.028693 5.798261
v -0.803662 -1.074895 5.770928
v -0.731994 -1.112812 5.729995
v -0.656604 -1.140986 5.677035
v -0.580388 -1.158336 5.614084
v -0.506275 -1.164194 5.543560
v -0.437114 -1.158336 5.468174
v -0.375563 -1.140986 5.390823
v -0.323987 -1.112812 5.314479
v -0.284367 -1.074895 5.242077
v -0.258227 -1.028693 5.176398
v -0.246571 -0.975982 5.119967
v -0.249847 -0.918787 5.074952
v -0.267929 -0.859307 5.043083
v -0.965709 -0.906040 5.812831
v -0.916391 -0.950978 5.819460
v -0.856264 -0.992393 5.810624
v -0.787638 -1.028693 5.786663
v -0.713152 -1.058484 5.748497
v -0.635667 -1.080621 5.697594
v -0.558161 -1.094253 5.635909
v -0.483613 -1.098855 5.565812
v -0.414888 -1.094253 5.489999
v -0.354626 -1.080621 5.411381
v -0.305144 -1.058484 5.332981
v -0.268343 -1.028693 5.257811
v -0.245637 -0.992393 5.188761
v -0.237899 -0.950978 5.128482
v -0.245426 -0.906040 5.079293
v -0.962424 -0.891498 5.816057
v -0.909947 -0.922451 5.825788
v -0.846908 -0.950978 5.819811
v -0.775731 -0.975982 5.798355
v -0.699150 -0.996503 5.762246
v -0.620109 -1.011751 5.712870
v -0.541646 -1.021140 5.652126
v -0.466774 -1.024311 5.582347
v -0.398372 -1.021140 5.506216
v -0.339069 -1.011751 5.426658
v -0.291143 -0.996503 5.346730
v -0.256436 -0.975982 5.269503
v -0.236282 -0.950978 5.197947
v -0.231455 -0.922451 5.134810
v -0.242141 -0.891498 5.082519
v -0.960401 -0.875718 5.818043
v -0.905979 -0.891498 5.829684
v -0.841147 -0.906040 5.825467
v -0.768399 -0.918787 5.805555
v -0.690529 -0.929249 5.770712
v -0.610529 -0.937022 5.722277
v -0.531475 -0.941809 5.662113
v -0.456405 -0.943425 5.592530
v -0.388202 -0.941809 5.516203
v -0.329489 -0.937022 5.436065
v -0.282521 -0.929249 5.355196
v -0.249103 -0.918787 5.276703
v -0.230521 -0.906040 5.203604
v -0.227487 -0.891498 5.138706
v -0.240118 -0.875718 5.084505
v -0.959718 -0.859307 5.818714
v -0.904639 -0.859307 5.831000
v -0.839202 -0.859307 5.827378
v -0.765923 -0.859307 5.807986
v -0.687617 -0.859307 5.773570
v -0.607294 -0.859307 5.725454
v -0.528041 -0.859307 5.665485
v -0.452903 -0.859307 5.595968
v -0.384768 -0.859307 5.519575
v -0.326254 -0.859307 5.439241
v -0.279610 -0.859307 5.358054
v -0.246628 -0.859307 5.279134
v -0.228575 -0.859307 5.205514
v -0.226147 -0.859307 5.140022
v -0.239435 -0.859307 5.085176
v -0.960401 -0.842896 5.818043
v -0.905979 -0.827116 5.829684
v -0.841147 -0.812573 5.825467
v -0.768399 -0.799826 5.805555
v -0.690529 -0.789365 5.770712
v -0.610529 -0.781592 5.722277
v -0.531475 -0.776805 5.662112
v -0.456405 -0.775188 5.592529
v -0.388202 -0.776805 5.516203
v -0.329489 -0.781592 5.436065
v -0.282521 -0.789365 5.355196
v -0.249103 -0.799826 5.276703
v -0.230521 -0.812573 5.203604
v -0.227487 -0.827116 5.138706
v -0.240118 -0.842896 5.084505
v -0.962424 -0.827116 5.816057
v -0.909947 -0.796163 5.825788
v -0.846908 -0.767636 5.819810
v -0.775731 -0.742631 5.798355
v -0.699150 -0.722111 5.762246
v -0.620109 -0.706863 5.712870
v -0.541646 -0.697473 5.652126
v -0.466774 -0.694303 5.582347
v -0.398372 -0.697473 5.506216
v -0.339069 -0.706863 5.426658
v -0.291143 -0.722111 5.346730
v -0.256436 -0.742631 5.269503
v -0.236282 -0.767636 5.197947
v -0.231455 -0.796163 5.134810
v -0.242141 -0.827116 5.082519
v -0.965709 -0.812573 5.812831
v -0.916391 -0.767636 5.819460
v -0.856264 -0.726221 5.810624
v -0.787638 -0.689920 5.786663
v -0.713152 -0.660129 5.748497
v -0.635667 -0.637993 5.697594
v -0.558161 -0.624361 5.635909
v -0.483614 -0.619758 5.565812
v -0.414888 -0.624361 5.489999
v -0.354626 -0.637993 5.411381
v -0.305144 -0.660129 5.332981
v -0.268343 -0.689920 5.257811
v -0.245637 -0.726221 5.188760
v -0.237899 -0.767636 5.128482
v -0.245426 -0.812573 5.079293
v -0.970130 -0.799826 5.808490
v -0.925063 -0.742631 5.810944
v -0.868854 -0.689920 5.798261
v -0.803662 -0.643719 5.770928
v -0.731994 -0.605802 5.729995
v -0.656604 -0.577627 5.677035
v -0.580388 -0.560278 5.614084
v -0.506275 -0.554419 5.543560
v -0.437114 -0.560278 5.468174
v -0.375563 -0.577627 5.390823
v -0.323987 -0.605802 5.314479
v -0.284367 -0.643719 5.242077
v -0.258227 -0.689920 5.176398
v -0.246571 -0.742631 5.119967
v -0.249847 -0.799826 5.074952
v -0.975518 -0.789365 5.803200
v -0.935630 -0.722111 5.800568
v -0.884195 -0.660129 5.783197
v -0.823188 -0.605802 5.751755
v -0.754954 -0.561217 5.707450
v -0.682115 -0.528087 5.651985
v -0.607471 -0.507686 5.587490
v -0.533889 -0.500797 5.516446
v -0.464197 -0.507686 5.441581
v -0.401075 -0.528087 5.365772
v -0.346947 -0.561217 5.291934
v -0.303893 -0.605802 5.222904
v -0.273569 -0.660129 5.161334
v -0.257139 -0.722111 5.109590
v -0.255235 -0.789365 5.069662
v -0.981664 -0.781592 5.797165
v -0.947686 -0.706863 5.788730
v -0.901698 -0.637993 5.766011
v -0.845465 -0.577627 5.729881
v -0.781149 -0.528087 5.681729
v -0.711221 -0.491275 5.623405
v -0.638369 -0.468606 5.557150
v -0.565393 -0.460952 5.485511
v -0.495096 -0.468606 5.411240
v -0.430181 -0.491275 5.337192
v -0.373141 -0.528087 5.266213
v -0.326170 -0.577627 5.201030
v -0.291071 -0.637993 5.144147
v -0.269195 -0.706863 5.097752
v -0.261381 -0.781592 5.063627
v -0.988333 -0.776805 5.790617
v -0.960768 -0.697473 5.775885
v -0.920689 -0.624361 5.747363
v -0.869636 -0.560278 5.706146
v -0.809572 -0.507686 5.653820
v -0.742803 -0.468606 5.592394
v -0.671896 -0.444541 5.524229
v -0.599577 -0.436416 5.451945
v -0.528623 -0.444541 5.378319
v -0.461762 -0.468606 5.306181
v -0.401564 -0.507686 5.238304
v -0.350341 -0.560278 5.177295
v -0.310063 -0.624361 5.125499
v -0.282276 -0.697473 5.084907
v -0.268050 -0.776805 5.057078
v -0.995268 -0.775189 5.783806
v -0.974372 -0.694303 5.762526
v -0.894774 -0.554419 5.681463
v -0.775647 -0.460952 5.560143
v -0.494606 -0.460952 5.273931
v -0.375479 -0.554419 5.152611
v -0.329813 -0.619758 5.106105
v -0.295881 -0.694303 5.071548
v -0.274985 -0.775189 5.050268
vn -0.0000 0.8641 -0.5033
vn -0.0000 -0.0000 1.0000
vn 0.1686 0.8475 -0.5033
vn 0.3307 0.7983 -0.5033
vn 0.4801 0.7185 -0.5032
vn 0.6110 0.6110 -0.5033
vn 0.7185 0.4801 -0.5033
vn 0.7983 0.3307 -0.5033
vn 0.8476 0.1686 -0.5032
vn 0.8641 -0.0000 -0.5033
vn 0.8475 -0.1686 -0.5033
vn 0.7983 -0.3307 -0.5033
vn 0.7185 -0.4801 -0.5032
vn 0.6110 -0.6110 -0.5033
vn 0.4801 -0.7185 -0.5033
vn 0.3307 -0.7983 -0.5033
vn 0.1686 -0.8475 -0.5032
vn -0.0000 -0.8641 -0.5033
vn -0.1686 -0.8475 -0.5033
vn -0.3307 -0.7983 -0.5033
vn -0.4801 -0.7185 -0.5032
vn -0.6110 -0.6110 -0.5033
vn -0.7185 -0.4801 -0.5033
vn -0.7983 -0.3307 -0.5033
vn -0.8476 -0.1686 -0.5032
vn -0.8641 -0.0000 -0.5033
vn -0.8475 0.1686 -0.5033
vn -0.7983 0.3307 -0.5033
vn -0.7185 0.4801 -0.5032
vn -0.6110 0.6110 -0.5033
vn -0.4801 0.7185 -0.5033
vn -0.3307 0.7983 -0.5033
vn -0.1686 0.8475 -0.5032
vn -0.0000 0.8641 0.5033
vn -0.0000 -0.0000 -1.0000
vn -0.1686 0.8475 0.5033
vn -0.3307 0.7983 0.5033
vn -0.4801 0.7185 0.5032
vn -0.6110 0.6110 0.5033
vn -0.7185 0.4801 0.5033
vn -0.7983 0.3307 0.5033
vn -0.8476 0.1686 0.5032
vn -0.8641 -0.0000 0.5033
vn -0.8475 -0.1686 0.5033
vn -0.7983 -0.3307 0.5033
vn -0.7185 -0.4801 0.5032
vn -0.6110 -0.6110 0.5033
vn -0.4801 -0.7185 0.5033
vn -0.3307 -0.7983 0.5033
vn -0.1686 -0.8475 0.5032
vn -0.0000 -0.8641 0.5033
vn 0.1686 -0.8475 0.5033
vn 0.3307 -0.7983 0.5033
vn 0.4801 -0.7185 0.5032
vn 0.6110 -0.6110 0.5033
vn 0.7185 -0.4801 0.5033
vn 0.7983 -0.3307 0.5033
vn 0.8476 -0.1686 0.5032
vn 0.8641 -0.0000 0.5033
vn 0.8475 0.1686 0.5033
vn 0.7983 0.3307 0.5033
vn 0.7185 0.4801 0.5032
vn 0.6110 0.6110 0.5033
vn 0.4801 0.7185 0.5033
vn 0.3307 0.7983 0.5033
vn 0.1686 0.8475 0.5032
vn -1.0000 -0.0000 -0.0000
vn -0.0000 1.0000 -0.0000
vn 1.0000 -0.0000 -0.0000
vn -0.0000 -1.0000 -0.0000
vn 0.9543 0.1647 0.2494
vn -0.7751 0.6183 -0.1299
vn 0.6091 -0.0044 0.7931
vn -0.6028 -0.5816 -0.5463
vn -0.5160 -0.5066 -0.6908
vn -0.3626 -0.6050 -0.7089
vn 0.1416 -0.1540 0.9779
vn -0.1825 -0.4182 0.8898
vn -0.6088 0.4956 -0.6195
vn 0.5104 -0.1567 -0.8455
vn 0.7426 -0.5208 0.4211
vn 0.8557 0.4479 -0.2593
vn 0.7442 0.1774 -0.6440
vn 0.9600 0.1804 -0.2142
vn -0.1879 0.9327 0.3080
vn 0.1996 0.9493 0.2430
vn -0.1915 -0.9125 -0.3615
vn -0.3128 -0.9155 -0.2532
vn -0.3908 0.3784 -0.8391
vn 0.3410 0.0839 -0.9363
vn 0.7573 -0.5711 -0.3168
vn 0.5790 -0.3351 -0.7433
vn 0.1255 0.0923 -0.9878
vn 0.0893 -0.0598 -0.9942
vn 0.5047 0.0892 -0.8587
vn 0.5922 0.6739 -0.4417
vn 0.7266 0.2300 -0.6474
vn 0.7105 0.6526 -0.2634
vn 0.2311 0.9708 -0.0648
vn 0.1394 0.9391 -0.3140
vn 0.8708 0.4781 0.1149
vn 0.6675 0.7394 0.0886
vn 0.3179 0.5207 0.7923
vn 0.0241 -0.8573 0.5143
vn 0.8384 0.2888 0.4623
vn 0.4703 -0.2366 0.8502
vn -0.5153 0.0210 0.8568
vn 0.9518 0.1175 0.2834
vn 0.9963 0.0586 0.0626
vn 0.4760 0.8534 0.2123
vn 0.3654 0.9193 -0.1464
vn -0.4801 0.0566 0.8754
vn 0.2991 0.8895 0.3456
vn -0.5274 -0.3100 0.7910
vn -0.7388 -0.3831 0.5544
vn 0.0253 0.8634 -0.5039
vn 0.2366 0.7486 -0.6193
vn 0.3879 -0.1646 -0.9069
vn -0.1531 -0.9820 -0.1109
vn -0.0374 0.2899 0.9563
vn -0.0400 0.9398 0.3393
vn -0.2858 0.9194 0.2701
vn 0.5649 0.7035 -0.4313
vn -0.0270 -0.1464 -0.9889
vn 0.1037 -0.1972 -0.9749
vn 0.0830 0.8634 0.4976
vn 0.5136 0.6440 0.5670
vn -0.0535 0.1026 0.9933
vn -0.3913 0.6925 0.6060
vn -0.8636 0.5019 0.0482
vn -0.9240 0.2570 0.2831
vn 0.6715 0.4003 0.6236
vn -0.5479 0.5426 0.6367
vn 0.7916 0.2588 -0.5535
vn 0.6238 0.4554 0.6352
vn 0.7352 0.2368 0.6352
vn 0.7255 0.4434 0.5263
vn -0.1126 0.9870 -0.1146
vn -0.0020 0.9010 -0.4339
vn -0.2248 0.9471 -0.2289
vn 0.5415 0.6346 0.5514
vn 0.6810 0.6138 0.3994
vn -0.1259 0.8385 -0.5302
vn -0.3357 0.8778 -0.3418
vn 0.4427 0.7751 0.4508
vn 0.6122 0.7444 0.2666
vn -0.2554 0.7444 -0.6169
vn -0.4427 0.7751 -0.4508
vn 0.3357 0.8778 0.3418
vn 0.5278 0.8385 0.1356
vn -0.3869 0.6138 -0.6882
vn -0.5414 0.6348 -0.5513
vn 0.2248 0.9471 0.2289
vn 0.4338 0.9010 0.0099
vn -0.5130 0.4434 -0.7350
vn -0.6238 0.4554 -0.6352
vn 0.1126 0.9870 0.1146
vn 0.3332 0.9365 -0.1095
vn -0.6217 0.2368 -0.7466
vn -0.6798 0.2420 -0.6923
vn 0.2272 0.9480 -0.2231
vn 0.6798 0.2420 0.6923
vn 0.7006 -0.0000 0.7135
vn -0.7006 -0.0000 -0.7135
vn 0.1156 0.9365 -0.3311
vn 0.7852 0.2218 0.5781
vn -0.5638 0.2218 -0.7956
vn 0.3047 0.8111 -0.4993
vn 0.8112 0.4094 0.4175
vn 0.1901 0.7849 -0.5898
vn 0.7919 0.5567 0.2508
vn 0.0628 0.7376 -0.6723
vn 0.7420 0.6639 0.0929
vn -0.0794 0.6639 -0.7436
vn 0.6733 0.7376 -0.0505
vn -0.2364 0.5567 -0.7964
vn 0.5931 0.7849 -0.1794
vn -0.4027 0.4093 -0.8187
vn 0.5048 0.8111 -0.2955
vn 0.4089 0.8195 -0.4015
vn 0.7692 0.6082 -0.1959
vn 0.0654 0.5560 -0.8286
vn -0.1053 0.4758 -0.8732
vn 0.6982 0.6404 -0.3201
vn -0.3016 0.3580 -0.8837
vn 0.6197 0.6578 -0.4281
vn -0.5094 0.1979 -0.8374
vn 0.5339 0.6633 -0.5243
vn 0.8280 0.1979 0.5246
vn 0.4394 0.6578 -0.6117
vn 0.8780 0.3580 0.3177
vn 0.3328 0.6404 -0.6922
vn 0.8712 0.4758 0.1212
vn 0.2099 0.6082 -0.7655
vn 0.8297 0.5560 -0.0503
vn 0.5282 0.5062 -0.6818
vn 0.9267 0.2950 0.2330
vn 0.4303 0.4951 -0.7548
vn 0.9236 0.3830 0.0176
vn 0.3149 0.4743 -0.8221
vn 0.8843 0.4393 -0.1581
vn 0.1742 0.4393 -0.8813
vn 0.8278 0.4743 -0.2998
vn -0.0008 0.3830 -0.9237
vn 0.7625 0.4951 -0.4165
vn -0.2160 0.2950 -0.9308
vn 0.6913 0.5062 -0.5157
vn -0.4614 0.1666 -0.8714
vn 0.6139 0.5096 -0.6028
vn 0.8629 0.1666 0.4772
vn 0.0765 0.2864 -0.9550
vn 0.8007 0.3591 -0.4796
vn -0.1490 0.2249 -0.9629
vn 0.7347 0.3659 -0.5713
vn -0.4219 0.1297 -0.8973
vn 0.6635 0.3680 -0.6515
vn 0.8895 0.1297 0.4382
vn 0.5846 0.3659 -0.7241
vn 0.9600 0.2249 0.1665
vn 0.4941 0.3591 -0.7918
vn 0.9563 0.2864 -0.0591
vn 0.3858 0.3461 -0.8552
vn 0.9167 0.3238 -0.2340
vn 0.2507 0.3238 -0.9123
vn 0.8621 0.3461 -0.3701
vn 0.9813 0.1513 0.1194
vn 0.5336 0.2332 -0.8130
vn 0.9755 0.1899 -0.1111
vn 0.4307 0.2256 -0.8738
vn 0.9351 0.2124 -0.2836
vn 0.3006 0.2124 -0.9298
vn 0.8815 0.2256 -0.4147
vn 0.1288 0.1899 -0.9733
vn 0.8226 0.2332 -0.5187
vn -0.1015 0.1513 -0.9833
vn 0.7600 0.2371 -0.6051
vn -0.3928 0.0886 -0.9154
vn 0.6930 0.2383 -0.6805
vn 0.9080 0.0886 0.4094
vn 0.6189 0.2371 -0.7489
vn 0.8339 0.1147 -0.5399
vn 0.1590 0.0945 -0.9827
vn -0.0732 0.0759 -0.9944
vn 0.7733 0.1165 -0.6233
vn -0.3749 0.0449 -0.9260
vn 0.7086 0.1170 -0.6958
vn 0.9190 0.0449 0.3917
vn 0.6373 0.1165 -0.7618
vn 0.9929 0.0759 0.0914
vn 0.5550 0.1147 -0.8239
vn 0.9855 0.0945 -0.1410
vn 0.4555 0.1112 -0.8833
vn 0.9444 0.1051 -0.3115
vn 0.3287 0.1051 -0.9386
vn 0.8914 0.1112 -0.4394
vn 0.5619 -0.0000 -0.8272
vn 0.9886 -0.0000 -0.1508
vn 0.4635 -0.0000 -0.8861
vn 0.9473 -0.0000 -0.3205
vn 0.3377 -0.0000 -0.9413
vn 0.8944 -0.0000 -0.4472
vn 0.1688 -0.0000 -0.9857
vn 0.8373 -0.0000 -0.5467
vn -0.0639 -0.0000 -0.9980
vn 0.7774 -0.0000 -0.6289
vn -0.3689 -0.0000 -0.9295
vn 0.7135 -0.0000 -0.7006
vn 0.9226 -0.0000 0.3858
vn 0.6431 -0.0000 -0.7658
vn 0.9966 -0.0000 0.0821
vn -0.0732 -0.0759 -0.9944
vn 0.8339 -0.1147 -0.5399
vn 0.7733 -0.1165 -0.6232
vn -0.3749 -0.0449 -0.9260
vn 0.7086 -0.1170 -0.6958
vn 0.9190 -0.0449 0.3917
vn 0.6373 -0.1165 -0.7618
vn 0.9929 -0.0759 0.0914
vn 0.5550 -0.1147 -0.8239
vn 0.9855 -0.0945 -0.1410
vn 0.4555 -0.1112 -0.8833
vn 0.9444 -0.1051 -0.3115
vn 0.3287 -0.1051 -0.9386
vn 0.8914 -0.1112 -0.4394
vn 0.1590 -0.0945 -0.9828
vn 0.5336 -0.2331 -0.8130
vn 0.4307 -0.2256 -0.8738
vn 0.9351 -0.2124 -0.2836
vn 0.3006 -0.2124 -0.9298
vn 0.8815 -0.2256 -0.4147
vn 0.1288 -0.1899 -0.9733
vn 0.8226 -0.2331 -0.5187
vn -0.1015 -0.1513 -0.9833
vn 0.7600 -0.2371 -0.6051
vn -0.3928 -0.0886 -0.9154
vn 0.6930 -0.2383 -0.6804
vn 0.9080 -0.0886 0.4094
vn 0.6189 -0.2371 -0.7489
vn 0.9813 -0.1513 0.1194
vn 0.9755 -0.1899 -0.1111
vn -0.4219 -0.1297 -0.8973
vn 0.7347 -0.3659 -0.5713
vn 0.6635 -0.3680 -0.6515
vn 0.8895 -0.1297 0.4382
vn 0.5846 -0.3659 -0.7241
vn 0.9600 -0.2249 0.1665
vn 0.4941 -0.3591 -0.7918
vn 0.9563 -0.2864 -0.0591
vn 0.3858 -0.3461 -0.8552
vn 0.9167 -0.3238 -0.2340
vn 0.2507 -0.3238 -0.9123
vn 0.8621 -0.3461 -0.3701
vn 0.0765 -0.2864 -0.9550
vn 0.8007 -0.3591 -0.4796
vn -0.1490 -0.2249 -0.9629
vn 0.8843 -0.4393 -0.1581
vn 0.1742 -0.4393 -0.8813
vn 0.8278 -0.4743 -0.2998
vn -0.0008 -0.3830 -0.9237
vn 0.7625 -0.4951 -0.4165
vn -0.2160 -0.2950 -0.9308
vn 0.6913 -0.5061 -0.5157
vn -0.4614 -0.1666 -0.8714
vn 0.6139 -0.5096 -0.6028
vn 0.8629 -0.1666 0.4772
vn 0.5282 -0.5061 -0.6818
vn 0.9267 -0.2950 0.2330
vn 0.4303 -0.4951 -0.7548
vn 0.9236 -0.3830 0.0176
vn 0.3149 -0.4743 -0.8221
vn 0.6197 -0.6578 -0.4281
vn 0.5339 -0.6633 -0.5243
vn 0.8280 -0.1979 0.5246
vn -0.5094 -0.1979 -0.8374
vn 0.4394 -0.6578 -0.6117
vn 0.8780 -0.3580 0.3177
vn 0.3328 -0.6404 -0.6922
vn 0.8712 -0.4758 0.1212
vn 0.2099 -0.6082 -0.7655
vn 0.8297 -0.5560 -0.0503
vn 0.0654 -0.5560 -0.8286
vn 0.7692 -0.6082 -0.1959
vn -0.1053 -0.4758 -0.8732
vn 0.6982 -0.6404 -0.3201
vn -0.3016 -0.3580 -0.8837
vn -0.0794 -0.6639 -0.7436
vn 0.7420 -0.6639 0.0930
vn 0.6733 -0.7376 -0.0505
vn -0.2364 -0.5567 -0.7964
vn 0.5931 -0.7849 -0.1794
vn -0.4027 -0.4093 -0.8187
vn 0.5048 -0.8111 -0.2955
vn -0.5638 -0.2218 -0.7956
vn 0.4089 -0.8195 -0.4015
vn 0.7852 -0.2218 0.5782
vn 0.3047 -0.8111 -0.4993
vn 0.8112 -0.4094 0.4175
vn 0.1901 -0.7849 -0.5898
vn 0.7919 -0.5567 0.2508
vn 0.0628 -0.7376 -0.6723
vn 0.7352 -0.2368 0.6352
vn -0.6217 -0.2368 -0.7466
vn 0.1156 -0.9365 -0.3311
vn 0.7255 -0.4434 0.5264
vn -0.0020 -0.9010 -0.4339
vn 0.6809 -0.6138 0.3995
vn -0.1259 -0.8385 -0.5302
vn 0.6122 -0.7444 0.2666
vn -0.2555 -0.7444 -0.6169
vn 0.5278 -0.8385 0.1356
vn -0.3869 -0.6138 -0.6881
vn 0.4338 -0.9010 0.0099
vn -0.5130 -0.4434 -0.7350
vn 0.3332 -0.9365 -0.1095
vn 0.2271 -0.9480 -0.2230
vn 0.4427 -0.7751 0.4508
vn 0.3357 -0.8778 0.3418
vn -0.4427 -0.7751 -0.4508
vn -0.5415 -0.6346 -0.5514
vn 0.2248 -0.9471 0.2289
vn -0.6238 -0.4554 -0.6352
vn 0.1126 -0.9870 0.1146
vn -0.6798 -0.2420 -0.6923
vn 0.6798 -0.2420 0.6923
vn -0.1125 -0.9870 -0.1146
vn 0.6238 -0.4554 0.6352
vn -0.2248 -0.9471 -0.2289
vn 0.5415 -0.6346 0.5514
vn -0.3357 -0.8778 -0.3418
vn -0.3332 -0.9365 0.1095
vn 0.5130 -0.4434 0.7350
vn -0.4338 -0.9010 -0.0099
vn 0.3869 -0.6138 0.6882
vn -0.5278 -0.8385 -0.1356
vn 0.2554 -0.7444 0.6169
vn -0.6122 -0.7444 -0.2666
vn 0.1259 -0.8385 0.5302
vn -0.6809 -0.6138 -0.3995
vn 0.0020 -0.9010 0.4339
vn -0.7255 -0.4434 -0.5263
vn -0.1156 -0.9365 0.3311
vn -0.7352 -0.2368 -0.6352
vn -0.2272 -0.9479 0.2231
vn 0.6217 -0.2368 0.7466
vn -0.7420 -0.6639 -0.0929
vn -0.7919 -0.5567 -0.2509
vn -0.1901 -0.7849 0.5898
vn -0.8112 -0.4094 -0.4175
vn -0.3047 -0.8111 0.4993
vn -0.7852 -0.2218 -0.5781
vn -0.4089 -0.8195 0.4015
vn 0.5638 -0.2218 0.7956
vn -0.5048 -0.8111 0.2955
vn 0.4027 -0.4093 0.8187
vn -0.5931 -0.7849 0.1794
vn 0.2364 -0.5567 0.7964
vn -0.6733 -0.7376 0.0505
vn 0.0794 -0.6639 0.7436
vn -0.0628 -0.7376 0.6723
vn -0.6982 -0.6404 0.3201
vn 0.1053 -0.4758 0.8732
vn -0.7692 -0.6082 0.1959
vn -0.0654 -0.5560 0.8286
vn -0.8297 -0.5560 0.0503
vn -0.2099 -0.6082 0.7655
vn -0.8712 -0.4758 -0.1212
vn -0.3328 -0.6404 0.6922
vn -0.8780 -0.3580 -0.3177
vn -0.4394 -0.6578 0.6117
vn -0.8280 -0.1979 -0.5246
vn -0.5339 -0.6633 0.5243
vn 0.5094 -0.1979 0.8374
vn -0.6197 -0.6578 0.4281
vn 0.3016 -0.3580 0.8837
vn -0.9267 -0.2950 -0.2330
vn -0.4303 -0.4951 0.7548
vn -0.5282 -0.5062 0.6818
vn -0.8629 -0.1666 -0.4772
vn -0.6139 -0.5096 0.6028
vn 0.4614 -0.1666 0.8714
vn -0.6913 -0.5062 0.5157
vn 0.2160 -0.2950 0.9308
vn -0.7625 -0.4951 0.4165
vn 0.0008 -0.3830 0.9237
vn -0.8278 -0.4743 0.2998
vn -0.1742 -0.4393 0.8813
vn -0.8843 -0.4393 0.1581
vn -0.3149 -0.4743 0.8221
vn -0.9236 -0.3830 -0.0176
vn -0.0765 -0.2864 0.9550
vn -0.8007 -0.3591 0.4796
vn -0.8621 -0.3461 0.3701
vn -0.2507 -0.3238 0.9123
vn -0.9167 -0.3238 0.2340
vn -0.3858 -0.3461 0.8552
vn -0.9563 -0.2864 0.0591
vn -0.4941 -0.3591 0.7918
vn -0.9600 -0.2249 -0.1665
vn -0.5846 -0.3659 0.7241
vn -0.8895 -0.1297 -0.4382
vn -0.6635 -0.3680 0.6515
vn 0.4219 -0.1297 0.8973
vn -0.7347 -0.3659 0.5713
vn 0.1490 -0.2249 0.9629
vn -0.5336 -0.2332 0.8130
vn -0.6189 -0.2371 0.7489
vn -0.9080 -0.0886 -0.4094
vn -0.6930 -0.2383 0.6805
vn 0.3928 -0.0886 0.9154
vn -0.7600 -0.2371 0.6051
vn 0.1015 -0.1513 0.9833
vn -0.8226 -0.2332 0.5187
vn -0.1288 -0.1899 0.9733
vn -0.8815 -0.2256 0.4147
vn -0.3006 -0.2124 0.9298
vn -0.9351 -0.2124 0.2836
vn -0.4307 -0.2256 0.8738
vn -0.9755 -0.1899 0.1111
vn -0.9813 -0.1513 -0.1194
vn -0.8339 -0.1147 0.5399
vn -0.8914 -0.1112 0.4394
vn -0.3287 -0.1051 0.9386
vn -0.9444 -0.1051 0.3115
vn -0.4555 -0.1112 0.8833
vn -0.9855 -0.0945 0.1410
vn -0.5550 -0.1147 0.8239
vn -0.9929 -0.0759 -0.0914
vn -0.6373 -0.1165 0.7618
vn -0.9190 -0.0449 -0.3917
vn -0.7086 -0.1170 0.6958
vn 0.3749 -0.0449 0.9260
vn -0.7733 -0.1165 0.6233
vn 0.0732 -0.0759 0.9944
vn -0.1590 -0.0945 0.9827
vn -0.9226 -0.0000 -0.3858
vn -0.6430 -0.0000 0.7658
vn -0.7135 -0.0000 0.7006
vn 0.3689 -0.0000 0.9295
vn -0.7774 -0.0000 0.6289
vn 0.0639 -0.0000 0.9980
vn -0.8373 -0.0000 0.5467
vn -0.1688 -0.0000 0.9857
vn -0.8944 -0.0000 0.4472
vn -0.3377 -0.0000 0.9413
vn -0.9472 -0.0000 0.3205
vn -0.4635 -0.0000 0.8861
vn -0.9886 -0.0000 0.1508
vn -0.5619 -0.0000 0.8272
vn -0.9966 -0.0000 -0.0821
vn -0.3287 0.1051 0.9386
vn -0.9444 0.1051 0.3115
vn -0.4555 0.1112 0.8833
vn -0.9855 0.0945 0.1410
vn -0.5550 0.1147 0.8239
vn -0.9929 0.0759 -0.0914
vn -0.6373 0.1165 0.7618
vn -0.9190 0.0449 -0.3917
vn -0.7086 0.1170 0.6958
vn 0.3749 0.0449 0.9260
vn -0.7733 0.1165 0.6232
vn 0.0732 0.0759 0.9944
vn -0.8339 0.1147 0.5399
vn -0.1590 0.0945 0.9828
vn -0.8914 0.1112 0.4394
vn -0.6189 0.2371 0.7489
vn -0.6930 0.2383 0.6805
vn 0.3928 0.0886 0.9154
vn -0.9080 0.0886 -0.4094
vn -0.7600 0.2371 0.6051
vn 0.1015 0.1513 0.9833
vn -0.8226 0.2331 0.5187
vn -0.1288 0.1899 0.9733
vn -0.8815 0.2256 0.4147
vn -0.3006 0.2124 0.9298
vn -0.9351 0.2124 0.2836
vn -0.4307 0.2256 0.8738
vn -0.9755 0.1899 0.1111
vn -0.5336 0.2331 0.8130
vn -0.9812 0.1513 -0.1194
vn -0.9167 0.3238 0.2340
vn -0.2507 0.3238 0.9123
vn -0.3858 0.3461 0.8552
vn -0.9563 0.2864 0.0591
vn -0.4941 0.3591 0.7918
vn -0.9600 0.2249 -0.1665
vn -0.5846 0.3659 0.7241
vn -0.8895 0.1297 -0.4382
vn -0.6635 0.3680 0.6515
vn 0.4219 0.1297 0.8973
vn -0.7347 0.3659 0.5713
vn 0.1490 0.2249 0.9629
vn -0.8007 0.3591 0.4796
vn -0.0765 0.2864 0.9550
vn -0.8621 0.3461 0.3701
vn -0.8629 0.1666 -0.4772
vn -0.6913 0.5061 0.5157
vn 0.2160 0.2950 0.9308
vn -0.7625 0.4951 0.4165
vn 0.0008 0.3830 0.9237
vn -0.8278 0.4743 0.2997
vn -0.1742 0.4393 0.8813
vn -0.8843 0.4393 0.1581
vn -0.3149 0.4743 0.8221
vn -0.9236 0.3830 -0.0176
vn -0.4303 0.4951 0.7548
vn -0.9267 0.2950 -0.2330
vn -0.5282 0.5061 0.6818
vn -0.6139 0.5096 0.6028
vn 0.4614 0.1666 0.8714
vn -0.8297 0.5560 0.0503
vn -0.8712 0.4758 -0.1212
vn -0.3328 0.6404 0.6922
vn -0.8780 0.3580 -0.3177
vn -0.4394 0.6578 0.6117
vn -0.8280 0.1979 -0.5246
vn -0.5339 0.6633 0.5243
vn 0.5094 0.1979 0.8375
vn -0.6197 0.6578 0.4281
vn 0.3016 0.3580 0.8837
vn -0.6982 0.6404 0.3201
vn 0.1053 0.4758 0.8732
vn -0.7692 0.6082 0.1959
vn -0.0654 0.5560 0.8286
vn -0.2099 0.6082 0.7655
vn 0.5638 0.2218 0.7956
vn 0.4027 0.4094 0.8187
vn -0.5931 0.7849 0.1794
vn 0.2364 0.5567 0.7964
vn -0.6733 0.7376 0.0505
vn 0.0794 0.6639 0.7436
vn -0.7420 0.6639 -0.0929
vn -0.0628 0.7376 0.6723
vn -0.7919 0.5567 -0.2508
vn -0.1901 0.7849 0.5898
vn -0.8112 0.4094 -0.4175
vn -0.3047 0.8111 0.4993
vn -0.7852 0.2218 -0.5782
vn -0.4089 0.8195 0.4015
vn -0.5048 0.8111 0.2955
vn 0.0020 0.9010 0.4339
vn -0.7255 0.4434 -0.5263
vn -0.1156 0.9365 0.3311
vn -0.7352 0.2368 -0.6352
vn -0.2272 0.9479 0.2231
vn 0.6217 0.2368 0.7466
vn -0.3332 0.9365 0.1095
vn 0.5130 0.4434 0.7350
vn -0.4338 0.9010 -0.0099
vn 0.3869 0.6138 0.6881
vn -0.5278 0.8385 -0.1356
vn 0.2554 0.7444 0.6169
vn -0.6122 0.7444 -0.2666
vn 0.1259 0.8385 0.5302
vn -0.6809 0.6138 -0.3995
vn -0.0000 -0.9996 0.0278
vn 0.4959 -0.4959 0.7129
vn -0.0000 -0.7690 0.6392
vn -0.6639 -0.6639 -0.3441
vn -0.0000 -0.9744 -0.2248
vn -0.9996 -0.0000 0.0278
vn -0.6639 0.6639 -0.3441
vn -0.9744 -0.0000 -0.2248
vn 0.9996 -0.0000 0.0278
vn 0.6639 -0.6639 -0.3441
vn 0.9744 -0.0000 -0.2248
vn -0.0000 0.9996 0.0278
vn 0.6639 0.6639 -0.3441
vn -0.0000 0.9744 -0.2248
vn 0.3843 0.6427 -0.6628
vn 0.0134 0.9944 -0.1047
vn 0.7016 0.6463 -0.2999
vn -0.0134 0.9944 -0.1047
vn -0.0000 0.9053 -0.4247
vn -0.3843 0.6427 -0.6628
vn 0.6103 -0.4779 -0.6317
vn 0.9836 0.0014 -0.1801
vn 0.7028 -0.6853 -0.1908
vn 0.9549 0.0496 -0.2928
vn 0.8409 0.1225 -0.5271
vn -0.6479 -0.4420 -0.6204
vn -0.0192 -0.0699 -0.9974
vn -0.0242 -0.7069 -0.7069
vn -0.0000 0.3424 -0.9396
vn -0.3948 0.0756 -0.9156
vn 0.3947 0.0837 -0.9150
vn -0.9549 0.0496 -0.2928
vn -0.7017 0.6463 -0.2999
vn -0.9857 0.0064 -0.1682
vn -0.8406 0.1322 -0.5252
vn -0.0427 -0.9934 -0.1069
vn -0.6928 -0.6928 -0.2000
vn 0.0322 -0.9960 -0.0839
vn -0.0180 -0.9966 -0.0810
vn -0.4959 0.4959 0.7129
vn -0.7069 0.7069 0.0261
vn -0.7690 -0.0000 0.6392
vn 0.7069 -0.7069 0.0261
vn 0.7690 -0.0000 0.6392
vn -0.4959 -0.4959 0.7129
vn -0.7069 -0.7069 0.0261
vn -0.0000 0.7690 0.6392
vn 0.4959 0.4959 0.7129
vn -0.9831 -0.0000 -0.1833
vn 0.5431 -0.0000 0.8397
vn 0.3230 0.3230 0.8896
vn -0.5431 -0.0000 0.8397
vn -0.3230 -0.3230 0.8896
vn 0.9831 -0.0000 -0.1833
vn -0.0000 -0.5431 0.8397
vn -0.0000 0.5431 0.8397
vn -0.0000 0.9979 -0.0642
vn -0.3230 0.3230 0.8896
vn 0.3230 -0.3230 0.8896
vn 0.7069 0.7069 0.0261
vn -0.0000 0.2256 0.9742
vn -0.0000 -0.2256 0.9742
vn 0.1721 -0.1721 0.9699
vn -0.1721 -0.1721 0.9699
vn 0.2256 -0.0000 0.9742
vn 0.1721 0.1721 0.9699
vn -0.1721 0.1721 0.9699
vn -0.2256 -0.0000 0.9742
vn -0.6238 0.4554 0.6352
vn -0.7255 0.4434 0.5263
vn -0.7352 0.2368 0.6352
vn 0.1126 0.9870 -0.1146
vn 0.2248 0.9471 -0.2289
vn 0.0020 0.9010 -0.4339
vn -0.5415 0.6347 0.5514
vn -0.6810 0.6138 0.3994
vn 0.3357 0.8778 -0.3418
vn 0.1259 0.8385 -0.5302
vn -0.4427 0.7751 0.4508
vn -0.6122 0.7444 0.2667
vn 0.4427 0.7751 -0.4508
vn 0.2554 0.7444 -0.6169
vn -0.3357 0.8778 0.3418
vn -0.5278 0.8385 0.1356
vn 0.5415 0.6347 -0.5514
vn 0.3869 0.6138 -0.6881
vn -0.2248 0.9471 0.2289
vn -0.4338 0.9010 0.0099
vn 0.6238 0.4554 -0.6352
vn 0.5130 0.4434 -0.7350
vn -0.1126 0.9870 0.1146
vn -0.3332 0.9365 -0.1095
vn 0.6798 0.2420 -0.6923
vn 0.6217 0.2368 -0.7466
vn -0.2272 0.9480 -0.2231
vn -0.6798 0.2420 0.6923
vn -0.7006 -0.0000 0.7135
vn 0.7006 -0.0000 -0.7135
vn -0.1156 0.9365 -0.3311
vn -0.7852 0.2218 0.5782
vn 0.5638 0.2218 -0.7956
vn -0.3047 0.8111 -0.4993
vn -0.8112 0.4094 0.4175
vn -0.1901 0.7849 -0.5898
vn -0.7919 0.5567 0.2508
vn -0.0628 0.7376 -0.6723
vn -0.7420 0.6639 0.0929
vn 0.0794 0.6639 -0.7436
vn -0.6733 0.7376 -0.0505
vn 0.2364 0.5567 -0.7964
vn -0.5931 0.7849 -0.1794
vn 0.4027 0.4094 -0.8187
vn -0.5048 0.8111 -0.2955
vn -0.4089 0.8195 -0.4015
vn -0.7692 0.6082 -0.1959
vn 0.1053 0.4758 -0.8732
vn -0.0654 0.5560 -0.8286
vn -0.6982 0.6404 -0.3201
vn 0.3016 0.3580 -0.8837
vn -0.6197 0.6578 -0.4281
vn 0.5094 0.1979 -0.8374
vn -0.5339 0.6633 -0.5243
vn -0.8280 0.1979 0.5246
vn -0.4394 0.6578 -0.6117
vn -0.8780 0.3580 0.3177
vn -0.3328 0.6404 -0.6922
vn -0.8712 0.4758 0.1212
vn -0.2099 0.6082 -0.7655
vn -0.8297 0.5560 -0.0503
vn -0.5282 0.5062 -0.6818
vn -0.9267 0.2950 0.2330
vn -0.4303 0.4951 -0.7548
vn -0.9236 0.3830 0.0176
vn -0.3149 0.4743 -0.8221
vn -0.8843 0.4393 -0.1581
vn -0.1742 0.4393 -0.8813
vn -0.8278 0.4743 -0.2998
vn 0.0008 0.3830 -0.9237
vn -0.7625 0.4951 -0.4165
vn 0.2160 0.2950 -0.9308
vn -0.6913 0.5062 -0.5157
vn 0.4614 0.1666 -0.8714
vn -0.6139 0.5096 -0.6028
vn -0.8629 0.1666 0.4772
vn -0.0765 0.2864 -0.9550
vn -0.8007 0.3591 -0.4796
vn 0.1490 0.2249 -0.9629
vn -0.7347 0.3659 -0.5713
vn 0.4219 0.1297 -0.8973
vn -0.6635 0.3680 -0.6515
vn -0.8895 0.1297 0.4382
vn -0.5846 0.3659 -0.7241
vn -0.9600 0.2249 0.1665
vn -0.4941 0.3591 -0.7918
vn -0.9563 0.2864 -0.0591
vn -0.3858 0.3461 -0.8552
vn -0.9167 0.3238 -0.2340
vn -0.2507 0.3238 -0.9123
vn -0.8621 0.3461 -0.3701
vn -0.9813 0.1513 0.1194
vn -0.5336 0.2332 -0.8130
vn -0.9755 0.1899 -0.1111
vn -0.4307 0.2256 -0.8738
vn -0.9351 0.2124 -0.2836
vn -0.3006 0.2124 -0.9298
vn -0.8815 0.2256 -0.4147
vn -0.1288 0.1899 -0.9733
vn -0.8226 0.2332 -0.5187
vn 0.1015 0.1513 -0.9833
vn -0.7600 0.2371 -0.6051
vn 0.3928 0.0886 -0.9154
vn -0.6930 0.2383 -0.6805
vn -0.9080 0.0886 0.4094
vn -0.6189 0.2371 -0.7489
vn -0.8339 0.1147 -0.5399
vn 0.0732 0.0759 -0.9944
vn -0.1590 0.0945 -0.9827
vn -0.7733 0.1165 -0.6233
vn 0.3749 0.0449 -0.9260
vn -0.7086 0.1170 -0.6958
vn -0.9190 0.0449 0.3917
vn -0.6372 0.1165 -0.7618
vn -0.9929 0.0759 0.0914
vn -0.5550 0.1147 -0.8239
vn -0.9855 0.0945 -0.1410
vn -0.4555 0.1112 -0.8833
vn -0.9444 0.1051 -0.3115
vn -0.3287 0.1051 -0.9386
vn -0.8914 0.1112 -0.4393
vn -0.5619 -0.0000 -0.8272
vn -0.9886 -0.0000 -0.1508
vn -0.4635 -0.0000 -0.8861
vn -0.9473 -0.0000 -0.3204
vn -0.3377 -0.0000 -0.9413
vn -0.8944 -0.0000 -0.4472
vn -0.1688 -0.0000 -0.9857
vn -0.8373 -0.0000 -0.5467
vn 0.0639 -0.0000 -0.9980
vn -0.7774 -0.0000 -0.6289
vn 0.3689 -0.0000 -0.9295
vn -0.7135 -0.0000 -0.7006
vn -0.9226 -0.0000 0.3858
vn -0.6431 -0.0000 -0.7658
vn -0.9966 -0.0000 0.0821
vn 0.0732 -0.0759 -0.9944
vn -0.7733 -0.1165 -0.6232
vn -0.8339 -0.1147 -0.5399
vn 0.3749 -0.0449 -0.9260
vn -0.7086 -0.1170 -0.6958
vn -0.9190 -0.0449 0.3917
vn -0.6373 -0.1165 -0.7618
vn -0.9929 -0.0759 0.0914
vn -0.5550 -0.1147 -0.8239
vn -0.9855 -0.0945 -0.1410
vn -0.4555 -0.1112 -0.8833
vn -0.9444 -0.1051 -0.3115
vn -0.3287 -0.1051 -0.9386
vn -0.8914 -0.1112 -0.4394
vn -0.1590 -0.0945 -0.9828
vn -0.4307 -0.2256 -0.8738
vn -0.5336 -0.2331 -0.8130
vn -0.9351 -0.2124 -0.2836
vn -0.3006 -0.2124 -0.9298
vn -0.8815 -0.2256 -0.4147
vn -0.1288 -0.1899 -0.9733
vn -0.8226 -0.2331 -0.5187
vn 0.1015 -0.1513 -0.9833
vn -0.7600 -0.2371 -0.6051
vn 0.3928 -0.0886 -0.9154
vn -0.6930 -0.2383 -0.6805
vn -0.9080 -0.0886 0.4094
vn -0.6189 -0.2371 -0.7489
vn -0.9813 -0.1513 0.1194
vn -0.9755 -0.1899 -0.1111
vn 0.4219 -0.1297 -0.8973
vn -0.6635 -0.3680 -0.6515
vn -0.7347 -0.3659 -0.5713
vn -0.8895 -0.1297 0.4382
vn -0.5846 -0.3659 -0.7241
vn -0.9600 -0.2249 0.1665
vn -0.4941 -0.3591 -0.7918
vn -0.9563 -0.2864 -0.0591
vn -0.3858 -0.3461 -0.8552
vn -0.9167 -0.3238 -0.2340
vn -0.2507 -0.3238 -0.9123
vn -0.8621 -0.3461 -0.3701
vn -0.0765 -0.2864 -0.9550
vn -0.8007 -0.3591 -0.4796
vn 0.1490 -0.2249 -0.9629
vn -0.8843 -0.4393 -0.1581
vn -0.1742 -0.4393 -0.8813
vn -0.8278 -0.4743 -0.2998
vn 0.0008 -0.3830 -0.9237
vn -0.7625 -0.4951 -0.4165
vn 0.2160 -0.2950 -0.9308
vn -0.6913 -0.5061 -0.5157
vn 0.4614 -0.1666 -0.8714
vn -0.6139 -0.5096 -0.6028
vn -0.8629 -0.1666 0.4772
vn -0.5282 -0.5061 -0.6818
vn -0.9267 -0.2950 0.2330
vn -0.4303 -0.4951 -0.7548
vn -0.9236 -0.3830 0.0176
vn -0.3149 -0.4743 -0.8221
vn -0.5339 -0.6633 -0.5243
vn -0.6197 -0.6578 -0.4281
vn -0.8280 -0.1979 0.5246
vn 0.5094 -0.1979 -0.8375
vn -0.4394 -0.6578 -0.6117
vn -0.8780 -0.3580 0.3177
vn -0.3328 -0.6404 -0.6922
vn -0.8712 -0.4758 0.1212
vn -0.2099 -0.6082 -0.7655
vn -0.8297 -0.5560 -0.0503
vn -0.0654 -0.5560 -0.8286
vn -0.7692 -0.6082 -0.1959
vn 0.1053 -0.4758 -0.8732
vn -0.6982 -0.6404 -0.3201
vn 0.3016 -0.3580 -0.8837
vn 0.0794 -0.6639 -0.7436
vn -0.6733 -0.7376 -0.0505
vn -0.7420 -0.6639 0.0929
vn 0.2364 -0.5567 -0.7964
vn -0.5931 -0.7849 -0.1794
vn 0.4027 -0.4093 -0.8187
vn -0.5048 -0.8111 -0.2955
vn 0.5638 -0.2218 -0.7956
vn -0.4089 -0.8195 -0.4015
vn -0.7852 -0.2218 0.5782
vn -0.3047 -0.8111 -0.4993
vn -0.8112 -0.4094 0.4175
vn -0.1901 -0.7849 -0.5898
vn -0.7919 -0.5567 0.2508
vn -0.0628 -0.7376 -0.6723
vn -0.7352 -0.2368 0.6352
vn 0.6217 -0.2368 -0.7466
vn -0.1156 -0.9365 -0.3311
vn -0.7255 -0.4434 0.5263
vn 0.0020 -0.9010 -0.4339
vn -0.6810 -0.6138 0.3994
vn 0.1259 -0.8385 -0.5302
vn -0.6122 -0.7444 0.2667
vn 0.2554 -0.7444 -0.6169
vn -0.5278 -0.8385 0.1356
vn 0.3870 -0.6138 -0.6881
vn -0.4338 -0.9010 0.0099
vn 0.5130 -0.4434 -0.7350
vn -0.3332 -0.9365 -0.1095
vn -0.2272 -0.9480 -0.2230
vn -0.3357 -0.8778 0.3418
vn -0.4427 -0.7751 0.4508
vn 0.5414 -0.6348 -0.5513
vn 0.4427 -0.7751 -0.4508
vn -0.2248 -0.9471 0.2289
vn 0.6238 -0.4554 -0.6352
vn -0.1126 -0.9870 0.1146
vn 0.6798 -0.2421 -0.6923
vn -0.6798 -0.2420 0.6923
vn 0.1125 -0.9870 -0.1146
vn -0.6238 -0.4554 0.6352
vn 0.2248 -0.9471 -0.2289
vn -0.5415 -0.6346 0.5514
vn 0.3357 -0.8778 -0.3418
vn 0.3332 -0.9365 0.1095
vn -0.5130 -0.4434 0.7350
vn 0.4338 -0.9010 -0.0099
vn -0.3869 -0.6138 0.6882
vn 0.5278 -0.8385 -0.1356
vn -0.2554 -0.7444 0.6169
vn 0.6122 -0.7444 -0.2666
vn -0.1259 -0.8385 0.5302
vn 0.6810 -0.6138 -0.3994
vn -0.0020 -0.9010 0.4339
vn 0.7255 -0.4434 -0.5263
vn 0.1156 -0.9365 0.3311
vn 0.7352 -0.2368 -0.6352
vn 0.2272 -0.9479 0.2231
vn -0.6217 -0.2368 0.7466
vn 0.7919 -0.5567 -0.2508
vn 0.7420 -0.6639 -0.0929
vn 0.1901 -0.7849 0.5898
vn 0.8112 -0.4093 -0.4175
vn 0.3047 -0.8111 0.4993
vn 0.7852 -0.2218 -0.5782
vn 0.4089 -0.8195 0.4015
vn -0.5638 -0.2218 0.7956
vn 0.5048 -0.8111 0.2955
vn -0.4027 -0.4093 0.8187
vn 0.5931 -0.7849 0.1794
vn -0.2364 -0.5567 0.7964
vn 0.6733 -0.7376 0.0505
vn -0.0794 -0.6639 0.7436
vn 0.0628 -0.7376 0.6723
vn 0.6982 -0.6404 0.3201
vn -0.1053 -0.4758 0.8732
vn 0.7692 -0.6082 0.1959
vn 0.0654 -0.5560 0.8286
vn 0.8297 -0.5560 0.0503
vn 0.2099 -0.6082 0.7655
vn 0.8712 -0.4758 -0.1212
vn 0.3328 -0.6404 0.6922
vn 0.8780 -0.3580 -0.3177
vn 0.4394 -0.6578 0.6117
vn 0.8280 -0.1979 -0.5246
vn 0.5339 -0.6633 0.5243
vn -0.5094 -0.1979 0.8374
vn 0.6197 -0.6578 0.4281
vn -0.3016 -0.3580 0.8837
vn 0.9267 -0.2950 -0.2330
vn 0.5282 -0.5062 0.6818
vn 0.4303 -0.4951 0.7548
vn 0.8629 -0.1666 -0.4772
vn 0.6139 -0.5096 0.6028
vn -0.4614 -0.1666 0.8714
vn 0.6913 -0.5062 0.5157
vn -0.2160 -0.2950 0.9308
vn 0.7625 -0.4951 0.4165
vn -0.0008 -0.3830 0.9237
vn 0.8278 -0.4743 0.2997
vn 0.1742 -0.4393 0.8813
vn 0.8843 -0.4393 0.1581
vn 0.3149 -0.4743 0.8221
vn 0.9236 -0.3830 -0.0176
vn 0.0765 -0.2864 0.9550
vn 0.8621 -0.3461 0.3701
vn 0.8007 -0.3591 0.4796
vn 0.2507 -0.3238 0.9123
vn 0.9167 -0.3238 0.2340
vn 0.3858 -0.3461 0.8552
vn 0.9563 -0.2864 0.0591
vn 0.4941 -0.3591 0.7918
vn 0.9600 -0.2249 -0.1665
vn 0.5846 -0.3659 0.7241
vn 0.8895 -0.1297 -0.4382
vn 0.6635 -0.3680 0.6515
vn -0.4219 -0.1297 0.8973
vn 0.7347 -0.3659 0.5713
vn -0.1490 -0.2249 0.9629
vn 0.6189 -0.2371 0.7489
vn 0.5335 -0.2332 0.8130
vn 0.9080 -0.0886 -0.4094
vn 0.6930 -0.2383 0.6805
vn -0.3928 -0.0886 0.9153
vn 0.7600 -0.2371 0.6051
vn -0.1015 -0.1513 0.9833
vn 0.8226 -0.2332 0.5187
vn 0.1288 -0.1899 0.9733
vn 0.8815 -0.2256 0.4147
vn 0.3006 -0.2124 0.9298
vn 0.9351 -0.2124 0.2836
vn 0.4307 -0.2256 0.8738
vn 0.9755 -0.1899 0.1111
vn 0.9813 -0.1513 -0.1194
vn 0.8914 -0.1112 0.4394
vn 0.8339 -0.1147 0.5399
vn 0.3287 -0.1051 0.9386
vn 0.9444 -0.1051 0.3115
vn 0.4555 -0.1112 0.8833
vn 0.9855 -0.0945 0.1410
vn 0.5550 -0.1147 0.8239
vn 0.9929 -0.0759 -0.0914
vn 0.6373 -0.1165 0.7618
vn 0.9190 -0.0449 -0.3917
vn 0.7086 -0.1170 0.6958
vn -0.3749 -0.0449 0.9260
vn 0.7733 -0.1165 0.6233
vn -0.0732 -0.0759 0.9944
vn 0.1590 -0.0945 0.9827
vn 0.9226 -0.0000 -0.3858
vn 0.7135 -0.0000 0.7006
vn 0.6430 -0.0000 0.7659
vn -0.3689 -0.0000 0.9295
vn 0.7774 -0.0000 0.6289
vn -0.0639 -0.0000 0.9980
vn 0.8373 -0.0000 0.5467
vn 0.1688 -0.0000 0.9857
vn 0.8944 -0.0000 0.4472
vn 0.3377 -0.0000 0.9413
vn 0.9472 -0.0000 0.3205
vn 0.4635 -0.0000 0.8861
vn 0.9886 -0.0000 0.1508
vn 0.5619 -0.0000 0.8272
vn 0.9966 -0.0000 -0.0821
vn 0.3287 0.1051 0.9386
vn 0.9444 0.1051 0.3115
vn 0.4555 0.1112 0.8833
vn 0.9855 0.0945 0.1410
vn 0.5550 0.1147 0.8239
vn 0.9929 0.0759 -0.0914
vn 0.6373 0.1165 0.7618
vn 0.9190 0.0449 -0.3917
vn 0.7086 0.1170 0.6958
vn -0.3749 0.0449 0.9260
vn 0.7733 0.1165 0.6232
vn -0.0732 0.0759 0.9944
vn 0.8339 0.1147 0.5399
vn 0.1590 0.0945 0.9828
vn 0.8914 0.1112 0.4394
vn 0.6930 0.2383 0.6805
vn 0.6189 0.2371 0.7489
vn -0.3928 0.0886 0.9154
vn 0.9080 0.0886 -0.4094
vn 0.7600 0.2371 0.6051
vn -0.1015 0.1513 0.9833
vn 0.8226 0.2331 0.5187
vn 0.1288 0.1899 0.9733
vn 0.8815 0.2256 0.4147
vn 0.3006 0.2124 0.9298
vn 0.9351 0.2124 0.2836
vn 0.4307 0.2256 0.8738
vn 0.9755 0.1899 0.1111
vn 0.5336 0.2331 0.8130
vn 0.9813 0.1513 -0.1194
vn 0.9167 0.3238 0.2340
vn 0.3858 0.3461 0.8552
vn 0.2507 0.3238 0.9123
vn 0.9563 0.2864 0.0591
vn 0.4940 0.3591 0.7918
vn 0.9600 0.2249 -0.1665
vn 0.5846 0.3659 0.7241
vn 0.8895 0.1297 -0.4382
vn 0.6635 0.3680 0.6515
vn -0.4219 0.1297 0.8973
vn 0.7347 0.3659 0.5713
vn -0.1490 0.2249 0.9629
vn 0.8007 0.3591 0.4796
vn 0.0765 0.2864 0.9551
vn 0.8621 0.3461 0.3701
vn 0.8629 0.1666 -0.4772
vn 0.6913 0.5061 0.5157
vn -0.2160 0.2950 0.9308
vn 0.7625 0.4951 0.4165
vn -0.0008 0.3830 0.9237
vn 0.8278 0.4743 0.2997
vn 0.1742 0.4393 0.8813
vn 0.8843 0.4393 0.1581
vn 0.3149 0.4743 0.8221
vn 0.9236 0.3830 -0.0176
vn 0.4303 0.4951 0.7548
vn 0.9267 0.2950 -0.2330
vn 0.5282 0.5061 0.6818
vn 0.6139 0.5096 0.6028
vn -0.4614 0.1666 0.8714
vn 0.8712 0.4758 -0.1212
vn 0.8297 0.5560 0.0503
vn 0.3328 0.6404 0.6922
vn 0.8780 0.3580 -0.3177
vn 0.4394 0.6578 0.6117
vn 0.8280 0.1979 -0.5246
vn 0.5339 0.6633 0.5243
vn -0.5094 0.1979 0.8374
vn 0.6197 0.6578 0.4281
vn -0.3016 0.3580 0.8837
vn 0.6982 0.6404 0.3201
vn -0.1053 0.4758 0.8732
vn 0.7692 0.6082 0.1959
vn 0.0654 0.5560 0.8286
vn 0.2099 0.6082 0.7655
vn -0.4027 0.4094 0.8187
vn -0.5638 0.2218 0.7956
vn 0.5931 0.7849 0.1794
vn -0.2364 0.5567 0.7964
vn 0.6733 0.7376 0.0505
vn -0.0794 0.6639 0.7436
vn 0.7420 0.6639 -0.0929
vn 0.0628 0.7376 0.6723
vn 0.7919 0.5567 -0.2508
vn 0.1901 0.7849 0.5898
vn 0.8113 0.4093 -0.4175
vn 0.3047 0.8111 0.4993
vn 0.7852 0.2218 -0.5781
vn 0.4089 0.8195 0.4015
vn 0.5048 0.8111 0.2955
vn -0.0020 0.9010 0.4339
vn 0.7255 0.4434 -0.5263
vn 0.1156 0.9365 0.3311
vn 0.7352 0.2368 -0.6352
vn 0.2272 0.9479 0.2231
vn -0.6217 0.2368 0.7466
vn 0.3332 0.9365 0.1095
vn -0.5130 0.4434 0.7350
vn 0.4338 0.9010 -0.0099
vn -0.3869 0.6138 0.6882
vn 0.5278 0.8385 -0.1356
vn -0.2554 0.7444 0.6169
vn 0.6122 0.7444 -0.2666
vn -0.1259 0.8385 0.5302
vn 0.6810 0.6138 -0.3994
vt 0.291654 0.184641
vt 0.291654 0.112196
vt 0.305788 0.183249
vt 0.319378 0.179126
vt 0.331903 0.172432
vt 0.342881 0.163422
vt 0.351890 0.152444
vt 0.358585 0.139920
vt 0.362707 0.126329
vt 0.364099 0.112196
vt 0.362707 0.098063
vt 0.358585 0.084473
vt 0.351890 0.071948
vt 0.342881 0.060970
vt 0.331903 0.051960
vt 0.319378 0.045266
vt 0.305788 0.041143
vt 0.291654 0.039751
vt 0.277521 0.041143
vt 0.263931 0.045266
vt 0.251406 0.051960
vt 0.240428 0.060970
vt 0.231419 0.071948
vt 0.224724 0.084473
vt 0.220602 0.098063
vt 0.219210 0.112196
vt 0.220602 0.126329
vt 0.224724 0.139920
vt 0.231419 0.152444
vt 0.240428 0.163422
vt 0.251406 0.172432
vt 0.263931 0.179126
vt 0.456714 0.041143
vt 0.371528 0.098063
vt 0.428448 0.183249
vt 0.277521 0.183249
vt 0.442581 0.184641
vt 0.456714 0.183249
vt 0.470304 0.179126
vt 0.482829 0.172432
vt 0.493807 0.163422
vt 0.502817 0.152444
vt 0.509511 0.139920
vt 0.513634 0.126329
vt 0.515026 0.112196
vt 0.513634 0.098063
vt 0.509511 0.084473
vt 0.502817 0.071948
vt 0.493807 0.060970
vt 0.482829 0.051960
vt 0.470304 0.045266
vt 0.442581 0.039751
vt 0.428448 0.041143
vt 0.414858 0.045266
vt 0.402333 0.051960
vt 0.391355 0.060970
vt 0.382345 0.071948
vt 0.375651 0.084473
vt 0.370136 0.112196
vt 0.371528 0.126329
vt 0.375651 0.139920
vt 0.382345 0.152444
vt 0.391355 0.163422
vt 0.402333 0.172432
vt 0.414858 0.179126
vt 0.340897 0.241902
vt 0.340897 0.186020
vt 0.351799 0.240828
vt 0.362282 0.237648
vt 0.371944 0.232484
vt 0.380412 0.225535
vt 0.387362 0.217066
vt 0.392526 0.207405
vt 0.395706 0.196922
vt 0.396779 0.186020
vt 0.395706 0.175117
vt 0.392526 0.164634
vt 0.387362 0.154973
vt 0.380412 0.146505
vt 0.371944 0.139555
vt 0.362282 0.134391
vt 0.351799 0.131211
vt 0.340897 0.130137
vt 0.329995 0.131211
vt 0.319512 0.134391
vt 0.309850 0.139555
vt 0.301382 0.146505
vt 0.294432 0.154973
vt 0.289268 0.164634
vt 0.286088 0.175117
vt 0.285014 0.186020
vt 0.286088 0.196922
vt 0.289268 0.207405
vt 0.294432 0.217066
vt 0.301382 0.225535
vt 0.309850 0.232484
vt 0.319512 0.237648
vt 0.468221 0.131211
vt 0.402510 0.175117
vt 0.446417 0.240828
vt 0.329995 0.240828
vt 0.457319 0.241902
vt 0.468221 0.240828
vt 0.478704 0.237648
vt 0.488366 0.232484
vt 0.496834 0.225535
vt 0.503783 0.217066
vt 0.508947 0.207405
vt 0.512128 0.196922
vt 0.513201 0.186020
vt 0.512128 0.175117
vt 0.508947 0.164634
vt 0.503783 0.154973
vt 0.496834 0.146505
vt 0.488366 0.139555
vt 0.478704 0.134391
vt 0.457319 0.130137
vt 0.446417 0.131211
vt 0.435934 0.134391
vt 0.426272 0.139555
vt 0.417804 0.146505
vt 0.410854 0.154973
vt 0.405690 0.164634
vt 0.401436 0.186020
vt 0.402510 0.196922
vt 0.405690 0.207405
vt 0.410854 0.217066
vt 0.417804 0.225535
vt 0.426272 0.232484
vt 0.435934 0.237648
vt 0.652760 0.250899
vt 0.652760 0.158951
vt 0.670698 0.249132
vt 0.687947 0.243900
vt 0.703843 0.235403
vt 0.717777 0.223968
vt 0.729212 0.210035
vt 0.737709 0.194138
vt 0.742941 0.176889
vt 0.744708 0.158951
vt 0.742941 0.141013
vt 0.737709 0.123764
vt 0.729212 0.107867
vt 0.717777 0.093934
vt 0.703843 0.082499
vt 0.687947 0.074002
vt 0.670698 0.068770
vt 0.652760 0.067003
vt 0.634822 0.068770
vt 0.617573 0.074002
vt 0.601676 0.082499
vt 0.587743 0.093934
vt 0.576308 0.107867
vt 0.567811 0.123764
vt 0.562579 0.141013
vt 0.560812 0.158951
vt 0.562579 0.176889
vt 0.567811 0.194138
vt 0.576308 0.210035
vt 0.587743 0.223968
vt 0.601676 0.235403
vt 0.617573 0.243900
vt 0.862256 0.068770
vt 0.754137 0.141013
vt 0.826380 0.249132
vt 0.634822 0.249132
vt 0.844318 0.250899
vt 0.862256 0.249132
vt 0.879505 0.243900
vt 0.895402 0.235403
vt 0.909335 0.223968
vt 0.920770 0.210035
vt 0.929267 0.194138
vt 0.934500 0.176889
vt 0.936266 0.158951
vt 0.934500 0.141013
vt 0.929267 0.123764
vt 0.920770 0.107867
vt 0.909335 0.093934
vt 0.895402 0.082499
vt 0.879505 0.074002
vt 0.844318 0.067003
vt 0.826380 0.068770
vt 0.809131 0.074002
vt 0.793235 0.082499
vt 0.779301 0.093934
vt 0.767866 0.107867
vt 0.759369 0.123764
vt 0.752370 0.158951
vt 0.754137 0.176889
vt 0.759369 0.194138
vt 0.767866 0.210035
vt 0.779301 0.223968
vt 0.793235 0.235403
vt 0.809131 0.243900
vt 0.136004 0.024271
vt 0.086389 0.073885
vt 0.086389 0.024271
vt 0.136004 0.073885
vt 0.086389 0.123500
vt 0.136004 0.123500
vt 0.086389 0.173115
vt 0.136004 0.173115
vt 0.086389 0.222730
vt 0.036774 0.173115
vt 0.036774 0.123500
vt 0.185618 0.123500
vt 0.136004 0.222730
vt 0.185618 0.173115
vt 0.309901 0.808996
vt 0.370883 0.816546
vt 0.319571 0.828149
vt 0.259587 0.636834
vt 0.244563 0.638163
vt 0.259650 0.634748
vt 0.291810 0.791629
vt 0.297797 0.819491
vt 0.284349 0.628895
vt 0.268136 0.615059
vt 0.268063 0.830049
vt 0.270979 0.857411
vt 0.301411 0.624459
vt 0.303259 0.622408
vt 0.254351 0.809866
vt 0.256696 0.830588
vt 0.340809 0.636720
vt 0.338247 0.620469
vt 0.247800 0.805530
vt 0.245973 0.810225
vt 0.347142 0.631607
vt 0.361743 0.623671
vt 0.232787 0.816142
vt 0.230142 0.823361
vt 0.352738 0.647233
vt 0.373603 0.652394
vt 0.223820 0.821722
vt 0.223482 0.822522
vt 0.372620 0.662579
vt 0.378516 0.653012
vt 0.214374 0.817429
vt 0.215582 0.825687
vt 0.369246 0.673678
vt 0.375765 0.667190
vt 0.150688 0.758780
vt 0.146447 0.751783
vt 0.174407 0.728086
vt 0.211217 0.824054
vt 0.197604 0.813667
vt 0.388119 0.696740
vt 0.371232 0.706032
vt 0.160318 0.718366
vt 0.151221 0.712217
vt 0.190871 0.802489
vt 0.175871 0.813947
vt 0.386259 0.722718
vt 0.372429 0.721025
vt 0.151771 0.685475
vt 0.146961 0.691700
vt 0.179311 0.795389
vt 0.178209 0.785587
vt 0.377896 0.764834
vt 0.382138 0.783308
vt 0.146447 0.646737
vt 0.167468 0.664941
vt 0.163532 0.783324
vt 0.170377 0.759604
vt 0.353092 0.761275
vt 0.377560 0.785502
vt 0.213228 0.658798
vt 0.208979 0.639515
vt 0.154107 0.777198
vt 0.364258 0.787214
vt 0.243562 0.651560
vt 0.361661 0.512732
vt 0.356499 0.523057
vt 0.356499 0.512732
vt 0.361661 0.440460
vt 0.356499 0.430135
vt 0.361661 0.430135
vt 0.361661 0.502407
vt 0.356499 0.502407
vt 0.356499 0.419810
vt 0.361661 0.419810
vt 0.361661 0.492083
vt 0.356499 0.492083
vt 0.356499 0.409486
vt 0.361661 0.409486
vt 0.361661 0.481758
vt 0.356499 0.481758
vt 0.356499 0.399161
vt 0.361661 0.399161
vt 0.361661 0.471434
vt 0.356499 0.471434
vt 0.356499 0.388837
vt 0.361661 0.388837
vt 0.361661 0.461109
vt 0.356499 0.461109
vt 0.356499 0.378512
vt 0.361661 0.378512
vt 0.356499 0.450784
vt 0.361661 0.450784
vt 0.361661 0.523057
vt 0.359080 0.533381
vt 0.359080 0.368187
vt 0.356499 0.440460
vt 0.353918 0.533381
vt 0.351337 0.523057
vt 0.353918 0.368187
vt 0.351337 0.378512
vt 0.351337 0.440460
vt 0.351337 0.512732
vt 0.351337 0.430135
vt 0.351337 0.502407
vt 0.351337 0.419810
vt 0.351337 0.492083
vt 0.351337 0.409486
vt 0.351337 0.481758
vt 0.351337 0.399161
vt 0.351337 0.471434
vt 0.351337 0.388837
vt 0.351337 0.461109
vt 0.351337 0.450784
vt 0.346174 0.481758
vt 0.346174 0.409486
vt 0.346174 0.399161
vt 0.346174 0.471434
vt 0.346174 0.388837
vt 0.346174 0.461109
vt 0.346174 0.378512
vt 0.346174 0.450784
vt 0.348756 0.533381
vt 0.346174 0.523057
vt 0.348756 0.368187
vt 0.346174 0.440460
vt 0.346174 0.512732
vt 0.346174 0.430135
vt 0.346174 0.502407
vt 0.346174 0.419810
vt 0.346174 0.492083
vt 0.341012 0.440460
vt 0.341012 0.512732
vt 0.341012 0.430135
vt 0.341012 0.502407
vt 0.341012 0.419810
vt 0.341012 0.492083
vt 0.341012 0.409486
vt 0.341012 0.481758
vt 0.341012 0.399161
vt 0.341012 0.471434
vt 0.341012 0.388837
vt 0.341012 0.461109
vt 0.341012 0.378512
vt 0.341012 0.450784
vt 0.343593 0.533381
vt 0.341012 0.523057
vt 0.343593 0.368187
vt 0.335850 0.399161
vt 0.335850 0.471434
vt 0.335850 0.388837
vt 0.335850 0.461109
vt 0.335850 0.378512
vt 0.335850 0.450784
vt 0.338431 0.533381
vt 0.335850 0.523057
vt 0.338431 0.368187
vt 0.335850 0.440460
vt 0.335850 0.512732
vt 0.335850 0.430135
vt 0.335850 0.502407
vt 0.335850 0.419810
vt 0.335850 0.492083
vt 0.335850 0.409486
vt 0.335850 0.481758
vt 0.330687 0.512732
vt 0.330687 0.430135
vt 0.330687 0.502407
vt 0.330687 0.419810
vt 0.330687 0.492083
vt 0.330687 0.409486
vt 0.330687 0.481758
vt 0.330687 0.399161
vt 0.330687 0.471434
vt 0.330687 0.388837
vt 0.330687 0.461109
vt 0.330687 0.378512
vt 0.330687 0.450784
vt 0.333269 0.533381
vt 0.330687 0.523057
vt 0.333269 0.368187
vt 0.330687 0.440460
vt 0.325525 0.471434
vt 0.325525 0.399161
vt 0.325525 0.388837
vt 0.325525 0.461109
vt 0.325525 0.378512
vt 0.325525 0.450784
vt 0.328106 0.533381
vt 0.325525 0.523057
vt 0.328106 0.368187
vt 0.325525 0.440460
vt 0.325525 0.512732
vt 0.325525 0.430135
vt 0.325525 0.502407
vt 0.325525 0.419810
vt 0.325525 0.492083
vt 0.325525 0.409486
vt 0.325525 0.481758
vt 0.320363 0.430135
vt 0.320363 0.502407
vt 0.320363 0.419810
vt 0.320363 0.492083
vt 0.320363 0.409486
vt 0.320363 0.481758
vt 0.320363 0.399161
vt 0.320363 0.471434
vt 0.320363 0.388837
vt 0.320363 0.461109
vt 0.320363 0.378512
vt 0.320363 0.450784
vt 0.322944 0.533381
vt 0.320363 0.523057
vt 0.322944 0.368187
vt 0.320363 0.440460
vt 0.320363 0.512732
vt 0.315201 0.388837
vt 0.315201 0.471434
vt 0.315201 0.461109
vt 0.315201 0.378512
vt 0.315201 0.450784
vt 0.317782 0.533381
vt 0.315201 0.523057
vt 0.317782 0.368187
vt 0.315201 0.440460
vt 0.315201 0.512732
vt 0.315201 0.430135
vt 0.315201 0.502407
vt 0.315201 0.419810
vt 0.315201 0.492083
vt 0.315201 0.409486
vt 0.315201 0.481758
vt 0.315201 0.399161
vt 0.310038 0.430135
vt 0.310038 0.419810
vt 0.310038 0.492083
vt 0.310038 0.409486
vt 0.310038 0.481758
vt 0.310038 0.399161
vt 0.310038 0.471434
vt 0.310038 0.388837
vt 0.310038 0.461109
vt 0.310038 0.378512
vt 0.310038 0.450784
vt 0.312619 0.533381
vt 0.310038 0.523057
vt 0.312619 0.368187
vt 0.310038 0.440460
vt 0.310038 0.512732
vt 0.310038 0.502408
vt 0.304876 0.378512
vt 0.304876 0.461109
vt 0.304876 0.450784
vt 0.307457 0.533381
vt 0.304876 0.523057
vt 0.307457 0.368187
vt 0.304876 0.440460
vt 0.304876 0.512732
vt 0.304876 0.430135
vt 0.304876 0.502408
vt 0.304876 0.419810
vt 0.304876 0.492083
vt 0.304876 0.409486
vt 0.304876 0.481758
vt 0.304876 0.399161
vt 0.304876 0.471434
vt 0.304876 0.388837
vt 0.299714 0.492083
vt 0.299714 0.409486
vt 0.299714 0.481758
vt 0.299714 0.399161
vt 0.299714 0.471434
vt 0.299714 0.388837
vt 0.299714 0.461109
vt 0.299714 0.378512
vt 0.299714 0.450784
vt 0.302295 0.533381
vt 0.299714 0.523057
vt 0.302295 0.368187
vt 0.299714 0.440460
vt 0.299714 0.512732
vt 0.299714 0.430135
vt 0.299714 0.502408
vt 0.299714 0.419810
vt 0.294551 0.461109
vt 0.294551 0.450784
vt 0.297132 0.533381
vt 0.294551 0.523057
vt 0.297132 0.368187
vt 0.294551 0.378512
vt 0.294551 0.440460
vt 0.294551 0.512732
vt 0.294551 0.430135
vt 0.294551 0.502408
vt 0.294551 0.419810
vt 0.294551 0.492083
vt 0.294551 0.409486
vt 0.294551 0.481758
vt 0.294551 0.399161
vt 0.294551 0.471434
vt 0.294551 0.388837
vt 0.289389 0.409486
vt 0.289389 0.492083
vt 0.289389 0.481758
vt 0.289389 0.399161
vt 0.289389 0.471434
vt 0.289389 0.388837
vt 0.289389 0.461109
vt 0.289389 0.378512
vt 0.289389 0.450784
vt 0.291970 0.533381
vt 0.289389 0.523057
vt 0.291970 0.368187
vt 0.289389 0.440460
vt 0.289389 0.512732
vt 0.289389 0.430135
vt 0.289389 0.502408
vt 0.289389 0.419810
vt 0.286808 0.533381
vt 0.284227 0.523057
vt 0.286808 0.368187
vt 0.284227 0.378512
vt 0.284227 0.440460
vt 0.284227 0.512732
vt 0.284227 0.430135
vt 0.284227 0.502408
vt 0.284227 0.419810
vt 0.284227 0.492083
vt 0.284227 0.409486
vt 0.284227 0.481758
vt 0.284227 0.399161
vt 0.284227 0.471434
vt 0.284227 0.388837
vt 0.284227 0.461109
vt 0.284227 0.450784
vt 0.279064 0.492083
vt 0.279064 0.481758
vt 0.279064 0.409486
vt 0.279064 0.399161
vt 0.279064 0.471434
vt 0.279064 0.388837
vt 0.279064 0.461109
vt 0.279064 0.378512
vt 0.279064 0.450784
vt 0.281646 0.533381
vt 0.279064 0.523057
vt 0.281646 0.368187
vt 0.279064 0.440460
vt 0.279064 0.512732
vt 0.279064 0.430135
vt 0.279064 0.502408
vt 0.279064 0.419810
vt 0.273902 0.440460
vt 0.273902 0.512732
vt 0.273902 0.430135
vt 0.273902 0.502408
vt 0.273902 0.419810
vt 0.273902 0.492083
vt 0.273902 0.409486
vt 0.273902 0.481758
vt 0.273902 0.399161
vt 0.273902 0.471434
vt 0.273902 0.388837
vt 0.273902 0.461109
vt 0.273902 0.378512
vt 0.273902 0.450784
vt 0.276483 0.533381
vt 0.273902 0.523057
vt 0.276483 0.368187
vt 0.268740 0.409486
vt 0.268740 0.399161
vt 0.268740 0.471434
vt 0.268740 0.388837
vt 0.268740 0.461109
vt 0.268740 0.378512
vt 0.268740 0.450784
vt 0.271321 0.533381
vt 0.268740 0.523057
vt 0.271321 0.368187
vt 0.268740 0.440460
vt 0.268740 0.512732
vt 0.268740 0.430135
vt 0.268740 0.502408
vt 0.268740 0.419810
vt 0.268740 0.492083
vt 0.268740 0.481758
vt 0.263577 0.430135
vt 0.263577 0.502408
vt 0.263577 0.419810
vt 0.263577 0.492083
vt 0.263577 0.409486
vt 0.263577 0.481758
vt 0.263577 0.399161
vt 0.263577 0.471434
vt 0.263577 0.388837
vt 0.263577 0.461109
vt 0.263577 0.378512
vt 0.263577 0.450784
vt 0.266159 0.533381
vt 0.263577 0.523057
vt 0.266159 0.368187
vt 0.263577 0.440460
vt 0.263577 0.512732
vt 0.258415 0.388837
vt 0.258415 0.471434
vt 0.258415 0.461109
vt 0.258415 0.378512
vt 0.258415 0.450784
vt 0.260996 0.533381
vt 0.258415 0.523057
vt 0.260996 0.368187
vt 0.258415 0.440460
vt 0.258415 0.512732
vt 0.258415 0.430135
vt 0.258415 0.502408
vt 0.258415 0.419810
vt 0.258415 0.492083
vt 0.258415 0.409486
vt 0.258415 0.481758
vt 0.258415 0.399161
vt 0.253253 0.502408
vt 0.253253 0.430135
vt 0.253253 0.419810
vt 0.253253 0.492083
vt 0.253253 0.409486
vt 0.253253 0.481758
vt 0.253253 0.399161
vt 0.253253 0.471434
vt 0.253253 0.388837
vt 0.253253 0.461109
vt 0.253253 0.378512
vt 0.253253 0.450784
vt 0.255834 0.533381
vt 0.253253 0.523057
vt 0.255834 0.368187
vt 0.253253 0.440460
vt 0.253253 0.512732
vt 0.248090 0.471434
vt 0.248090 0.461109
vt 0.248090 0.378512
vt 0.248090 0.450784
vt 0.250672 0.533381
vt 0.248090 0.523057
vt 0.250672 0.368187
vt 0.248090 0.440460
vt 0.248090 0.512732
vt 0.248090 0.430135
vt 0.248090 0.502408
vt 0.248090 0.419810
vt 0.248090 0.492083
vt 0.248090 0.409486
vt 0.248090 0.481758
vt 0.248090 0.399161
vt 0.248090 0.388837
vt 0.242928 0.430135
vt 0.242928 0.419810
vt 0.242928 0.492083
vt 0.242928 0.409486
vt 0.242928 0.481758
vt 0.242928 0.399161
vt 0.242928 0.471434
vt 0.242928 0.388837
vt 0.242928 0.461109
vt 0.242928 0.378512
vt 0.242928 0.450784
vt 0.245509 0.533381
vt 0.242928 0.523057
vt 0.245509 0.368187
vt 0.242928 0.440460
vt 0.242928 0.512732
vt 0.242928 0.502408
vt 0.237766 0.378512
vt 0.237766 0.461109
vt 0.237766 0.450784
vt 0.240347 0.533381
vt 0.237766 0.523057
vt 0.240347 0.368187
vt 0.237766 0.440460
vt 0.237766 0.512732
vt 0.237766 0.430135
vt 0.237766 0.502408
vt 0.237766 0.419810
vt 0.237766 0.492083
vt 0.237766 0.409486
vt 0.237766 0.481758
vt 0.237766 0.399161
vt 0.237766 0.471434
vt 0.237766 0.388837
vt 0.402960 0.502408
vt 0.397798 0.492083
vt 0.402960 0.492083
vt 0.402960 0.419810
vt 0.397798 0.409486
vt 0.402960 0.409486
vt 0.402960 0.481758
vt 0.397797 0.481758
vt 0.402960 0.399161
vt 0.397797 0.399161
vt 0.397798 0.471434
vt 0.402960 0.471434
vt 0.397797 0.388837
vt 0.402960 0.388837
vt 0.402960 0.461109
vt 0.397797 0.461109
vt 0.397798 0.378512
vt 0.402960 0.378512
vt 0.402960 0.450784
vt 0.397797 0.450784
vt 0.402960 0.523057
vt 0.400379 0.533381
vt 0.397798 0.523057
vt 0.400379 0.368187
vt 0.397797 0.440460
vt 0.402960 0.440460
vt 0.397797 0.512732
vt 0.402960 0.512732
vt 0.397798 0.430135
vt 0.402960 0.430135
vt 0.397797 0.502408
vt 0.397797 0.419810
vt 0.392635 0.461109
vt 0.392635 0.450784
vt 0.395216 0.533381
vt 0.392635 0.523057
vt 0.395216 0.368187
vt 0.392635 0.378512
vt 0.392635 0.440460
vt 0.392635 0.512732
vt 0.392635 0.430135
vt 0.392635 0.502408
vt 0.392635 0.419810
vt 0.392635 0.492083
vt 0.392635 0.409486
vt 0.392635 0.481758
vt 0.392635 0.399161
vt 0.392635 0.471434
vt 0.392635 0.388837
vt 0.387473 0.409486
vt 0.387473 0.492083
vt 0.387473 0.481758
vt 0.387473 0.399161
vt 0.387473 0.471434
vt 0.387473 0.388837
vt 0.387473 0.461109
vt 0.387473 0.378512
vt 0.387473 0.450784
vt 0.390054 0.533381
vt 0.387473 0.523057
vt 0.390054 0.368187
vt 0.387473 0.440460
vt 0.387473 0.512732
vt 0.387473 0.430135
vt 0.387473 0.502408
vt 0.387473 0.419810
vt 0.384892 0.368187
vt 0.382311 0.378512
vt 0.382311 0.440460
vt 0.382311 0.512732
vt 0.382311 0.430135
vt 0.382311 0.502408
vt 0.382311 0.419810
vt 0.382311 0.492083
vt 0.382311 0.409486
vt 0.382311 0.481758
vt 0.382311 0.399161
vt 0.382311 0.471434
vt 0.382311 0.388837
vt 0.382311 0.461109
vt 0.382311 0.450784
vt 0.384892 0.533381
vt 0.382311 0.523057
vt 0.377148 0.409486
vt 0.377148 0.399161
vt 0.377148 0.471434
vt 0.377148 0.388837
vt 0.377148 0.461109
vt 0.377148 0.378512
vt 0.377148 0.450784
vt 0.379729 0.533381
vt 0.377148 0.523057
vt 0.379729 0.368187
vt 0.377148 0.440460
vt 0.377148 0.512732
vt 0.377148 0.430135
vt 0.377148 0.502408
vt 0.377148 0.419810
vt 0.377148 0.492083
vt 0.377148 0.481758
vt 0.371986 0.523057
vt 0.371986 0.512732
vt 0.371986 0.430135
vt 0.371986 0.502408
vt 0.371986 0.419810
vt 0.371986 0.492083
vt 0.371986 0.409486
vt 0.371986 0.481758
vt 0.371986 0.399161
vt 0.371986 0.471434
vt 0.371986 0.388837
vt 0.371986 0.461109
vt 0.371986 0.378512
vt 0.371986 0.450784
vt 0.374567 0.533381
vt 0.374567 0.368187
vt 0.371986 0.440460
vt 0.366824 0.471434
vt 0.366824 0.388837
vt 0.366824 0.461109
vt 0.366824 0.378512
vt 0.366824 0.450784
vt 0.369405 0.533381
vt 0.366824 0.523057
vt 0.369405 0.368187
vt 0.366824 0.440460
vt 0.366824 0.512732
vt 0.366824 0.430135
vt 0.366824 0.502408
vt 0.366824 0.419810
vt 0.366824 0.492083
vt 0.366824 0.409486
vt 0.366824 0.481758
vt 0.366824 0.399161
vt 0.364243 0.533381
vt 0.364243 0.368187
vt 0.785542 0.560516
vt 0.785542 0.539554
vt 0.785542 0.602440
vt 0.764580 0.623402
vt 0.764580 0.602440
vt 0.785542 0.350896
vt 0.764580 0.371858
vt 0.764580 0.350896
vt 0.785542 0.518592
vt 0.764580 0.539554
vt 0.764580 0.518592
vt 0.785542 0.434744
vt 0.764580 0.455706
vt 0.764580 0.434744
vt 0.722656 0.434744
vt 0.743618 0.434744
vt 0.743618 0.455706
vt 0.743618 0.392820
vt 0.722656 0.413782
vt 0.722656 0.392820
vt 0.764580 0.392820
vt 0.785542 0.413782
vt 0.764580 0.413782
vt 0.722656 0.518592
vt 0.743618 0.518592
vt 0.743618 0.539554
vt 0.743618 0.476668
vt 0.722656 0.497630
vt 0.722656 0.476668
vt 0.764580 0.476668
vt 0.785542 0.497630
vt 0.764580 0.497630
vt 0.638808 0.518592
vt 0.659770 0.518592
vt 0.659770 0.539554
vt 0.659770 0.476668
vt 0.638808 0.497630
vt 0.638808 0.476668
vt 0.701694 0.476668
vt 0.701694 0.497630
vt 0.680732 0.497630
vt 0.722656 0.350896
vt 0.743618 0.350896
vt 0.743618 0.371858
vt 0.743618 0.308972
vt 0.722656 0.329934
vt 0.722656 0.308972
vt 0.764580 0.308972
vt 0.785542 0.329934
vt 0.764580 0.329934
vt 0.722656 0.602440
vt 0.743618 0.602440
vt 0.743618 0.623402
vt 0.743618 0.560516
vt 0.722656 0.581478
vt 0.722656 0.560516
vt 0.764580 0.560516
vt 0.785542 0.581478
vt 0.764580 0.581478
vt 0.785542 0.371858
vt 0.785542 0.623402
vt 0.785542 0.392820
vt 0.785542 0.308972
vt 0.785542 0.288010
vt 0.785542 0.476668
vt 0.785542 0.455706
vt 0.743618 0.581478
vt 0.701694 0.581478
vt 0.722656 0.539554
vt 0.701694 0.602440
vt 0.743618 0.329934
vt 0.764580 0.288010
vt 0.743618 0.288010
vt 0.722656 0.288010
vt 0.659770 0.497630
vt 0.659770 0.455706
vt 0.680732 0.476668
vt 0.617846 0.497630
vt 0.638808 0.455706
vt 0.617846 0.518592
vt 0.743618 0.497630
vt 0.722656 0.455706
vt 0.743618 0.413782
vt 0.722656 0.371858
vt 0.680732 0.539554
vt 0.680732 0.518592
vt 0.848427 0.455706
vt 0.827466 0.476668
vt 0.827466 0.455706
vt 0.848427 0.497630
vt 0.827466 0.518592
vt 0.827466 0.497630
vt 0.848427 0.476668
vt 0.806504 0.497630
vt 0.848427 0.518592
vt 0.827466 0.539554
vt 0.869389 0.476668
vt 0.806504 0.518592
vt 0.806504 0.476668
vt 0.806504 0.539554
vt 0.806504 0.455706
vt 0.869389 0.518592
vt 0.848427 0.539554
vt 0.869389 0.455706
vt 0.869389 0.497630
vt 0.869389 0.539554
vt 0.172683 0.498720
vt 0.168073 0.498720
vt 0.168073 0.507939
vt 0.172683 0.434182
vt 0.172683 0.424963
vt 0.168073 0.424963
vt 0.172683 0.489500
vt 0.168073 0.489500
vt 0.172683 0.415743
vt 0.168073 0.415743
vt 0.172683 0.480281
vt 0.168073 0.480281
vt 0.172683 0.406523
vt 0.168073 0.406523
vt 0.172683 0.471061
vt 0.168073 0.471061
vt 0.172683 0.397304
vt 0.168073 0.397304
vt 0.172683 0.461841
vt 0.168073 0.461841
vt 0.172683 0.388084
vt 0.168073 0.388084
vt 0.172683 0.452622
vt 0.168073 0.452622
vt 0.172683 0.378865
vt 0.168073 0.378865
vt 0.172683 0.443402
vt 0.168073 0.443402
vt 0.172683 0.507939
vt 0.170378 0.517159
vt 0.170378 0.369645
vt 0.168073 0.434182
vt 0.163463 0.507939
vt 0.165768 0.517159
vt 0.165768 0.369645
vt 0.163463 0.378865
vt 0.163463 0.434182
vt 0.163463 0.498720
vt 0.163463 0.424963
vt 0.163463 0.489500
vt 0.163463 0.415743
vt 0.163463 0.480281
vt 0.163463 0.406523
vt 0.163463 0.471061
vt 0.163463 0.397304
vt 0.163463 0.461841
vt 0.163463 0.388084
vt 0.163463 0.452622
vt 0.163463 0.443402
vt 0.158853 0.471061
vt 0.158853 0.397304
vt 0.158853 0.406523
vt 0.158853 0.461841
vt 0.158853 0.388084
vt 0.158853 0.452622
vt 0.158853 0.378865
vt 0.158853 0.443402
vt 0.158853 0.507939
vt 0.161158 0.517159
vt 0.161158 0.369645
vt 0.158853 0.434182
vt 0.158853 0.498720
vt 0.158853 0.424963
vt 0.158853 0.489500
vt 0.158853 0.415743
vt 0.158853 0.480281
vt 0.154243 0.434182
vt 0.154243 0.498720
vt 0.154243 0.424963
vt 0.154243 0.489500
vt 0.154243 0.415743
vt 0.154243 0.480281
vt 0.154243 0.406523
vt 0.154243 0.471061
vt 0.154243 0.397304
vt 0.154243 0.461841
vt 0.154243 0.388084
vt 0.154243 0.452622
vt 0.154243 0.378865
vt 0.154243 0.443402
vt 0.154243 0.507939
vt 0.156548 0.517159
vt 0.156548 0.369645
vt 0.149634 0.397304
vt 0.149634 0.461841
vt 0.149634 0.388084
vt 0.149634 0.452622
vt 0.149634 0.378865
vt 0.149634 0.443402
vt 0.149634 0.507939
vt 0.151939 0.517159
vt 0.151939 0.369645
vt 0.149634 0.434182
vt 0.149634 0.498720
vt 0.149634 0.424963
vt 0.149634 0.489500
vt 0.149634 0.415743
vt 0.149634 0.480281
vt 0.149634 0.406523
vt 0.149634 0.471061
vt 0.145024 0.498720
vt 0.145024 0.424963
vt 0.145024 0.489500
vt 0.145024 0.415743
vt 0.145024 0.480281
vt 0.145024 0.406523
vt 0.145024 0.471061
vt 0.145024 0.397304
vt 0.145024 0.461841
vt 0.145024 0.388084
vt 0.145024 0.452622
vt 0.145024 0.378865
vt 0.145024 0.443402
vt 0.145024 0.507939
vt 0.147329 0.517159
vt 0.147329 0.369645
vt 0.145024 0.434182
vt 0.140414 0.461841
vt 0.140414 0.388084
vt 0.140414 0.397304
vt 0.140414 0.452622
vt 0.140414 0.378865
vt 0.140414 0.443402
vt 0.140414 0.507939
vt 0.142719 0.517159
vt 0.142719 0.369645
vt 0.140414 0.434182
vt 0.140414 0.498720
vt 0.140414 0.424963
vt 0.140414 0.489500
vt 0.140414 0.415743
vt 0.140414 0.480281
vt 0.140414 0.406523
vt 0.140414 0.471061
vt 0.135804 0.424963
vt 0.135804 0.489500
vt 0.135804 0.415743
vt 0.135804 0.480281
vt 0.135804 0.406523
vt 0.135804 0.471061
vt 0.135804 0.397304
vt 0.135804 0.461841
vt 0.135804 0.388084
vt 0.135804 0.452622
vt 0.135804 0.378865
vt 0.135804 0.443402
vt 0.135804 0.507939
vt 0.138109 0.517159
vt 0.138109 0.369645
vt 0.135804 0.434182
vt 0.135804 0.498720
vt 0.131194 0.388084
vt 0.131194 0.452622
vt 0.131194 0.461841
vt 0.131194 0.378865
vt 0.131194 0.443402
vt 0.131194 0.507939
vt 0.133499 0.517159
vt 0.133499 0.369645
vt 0.131194 0.434182
vt 0.131194 0.498720
vt 0.131194 0.424963
vt 0.131194 0.489500
vt 0.131194 0.415743
vt 0.131194 0.480281
vt 0.131194 0.406523
vt 0.131194 0.471061
vt 0.131194 0.397304
vt 0.126585 0.415743
vt 0.126585 0.424963
vt 0.126585 0.480281
vt 0.126585 0.406523
vt 0.126585 0.471061
vt 0.126585 0.397304
vt 0.126585 0.461841
vt 0.126585 0.388084
vt 0.126585 0.452622
vt 0.126585 0.378865
vt 0.126585 0.443402
vt 0.126585 0.507939
vt 0.128889 0.517159
vt 0.128889 0.369645
vt 0.126585 0.434182
vt 0.126585 0.498720
vt 0.126585 0.489500
vt 0.121975 0.378865
vt 0.121975 0.443402
vt 0.121975 0.452622
vt 0.121975 0.507939
vt 0.124280 0.517159
vt 0.124280 0.369645
vt 0.121975 0.434182
vt 0.121975 0.498720
vt 0.121975 0.424963
vt 0.121975 0.489500
vt 0.121975 0.415743
vt 0.121975 0.480281
vt 0.121975 0.406523
vt 0.121975 0.471061
vt 0.121975 0.397304
vt 0.121975 0.461841
vt 0.121975 0.388084
vt 0.117365 0.480281
vt 0.117365 0.406523
vt 0.117365 0.471061
vt 0.117365 0.397304
vt 0.117365 0.461841
vt 0.117365 0.388084
vt 0.117365 0.452622
vt 0.117365 0.378865
vt 0.117365 0.443402
vt 0.117365 0.507939
vt 0.119670 0.517159
vt 0.119670 0.369645
vt 0.117365 0.434182
vt 0.117365 0.498720
vt 0.117365 0.424963
vt 0.117365 0.489500
vt 0.117365 0.415743
vt 0.112755 0.443402
vt 0.112755 0.452622
vt 0.112755 0.507939
vt 0.115060 0.517159
vt 0.115060 0.369645
vt 0.112755 0.378865
vt 0.112755 0.434182
vt 0.112755 0.498720
vt 0.112755 0.424963
vt 0.112755 0.489500
vt 0.112755 0.415743
vt 0.112755 0.480281
vt 0.112755 0.406523
vt 0.112755 0.471061
vt 0.112755 0.397304
vt 0.112755 0.461841
vt 0.112755 0.388084
vt 0.108145 0.406523
vt 0.108145 0.471061
vt 0.108145 0.480281
vt 0.108145 0.397304
vt 0.108145 0.461841
vt 0.108145 0.388084
vt 0.108145 0.452622
vt 0.108145 0.378865
vt 0.108145 0.443402
vt 0.108145 0.507939
vt 0.110450 0.517159
vt 0.110450 0.369645
vt 0.108145 0.434182
vt 0.108145 0.498720
vt 0.108145 0.424963
vt 0.108145 0.489500
vt 0.108145 0.415743
vt 0.103535 0.507939
vt 0.105840 0.517159
vt 0.105840 0.369645
vt 0.103535 0.378865
vt 0.103535 0.434182
vt 0.103535 0.498720
vt 0.103535 0.424963
vt 0.103535 0.489500
vt 0.103535 0.415743
vt 0.103535 0.480281
vt 0.103535 0.406523
vt 0.103535 0.471061
vt 0.103535 0.397304
vt 0.103535 0.461841
vt 0.103535 0.388084
vt 0.103535 0.452622
vt 0.103535 0.443402
vt 0.098926 0.471061
vt 0.098926 0.480281
vt 0.098926 0.397304
vt 0.098926 0.406523
vt 0.098926 0.461841
vt 0.098926 0.388084
vt 0.098926 0.452622
vt 0.098926 0.378865
vt 0.098926 0.443402
vt 0.098926 0.507939
vt 0.101231 0.517159
vt 0.101231 0.369645
vt 0.098926 0.434182
vt 0.098926 0.498720
vt 0.098926 0.424963
vt 0.098926 0.489500
vt 0.098926 0.415743
vt 0.094316 0.434182
vt 0.094316 0.498720
vt 0.094316 0.424963
vt 0.094316 0.489500
vt 0.094316 0.415743
vt 0.094316 0.480281
vt 0.094316 0.406523
vt 0.094316 0.471061
vt 0.094316 0.397304
vt 0.094316 0.461841
vt 0.094316 0.388084
vt 0.094316 0.452622
vt 0.094316 0.378865
vt 0.094316 0.443402
vt 0.094316 0.507939
vt 0.096621 0.517159
vt 0.096621 0.369645
vt 0.089706 0.397304
vt 0.089706 0.406523
vt 0.089706 0.461841
vt 0.089706 0.388084
vt 0.089706 0.452622
vt 0.089706 0.378865
vt 0.089706 0.443402
vt 0.089706 0.507939
vt 0.092011 0.517159
vt 0.092011 0.369645
vt 0.089706 0.434182
vt 0.089706 0.498720
vt 0.089706 0.424963
vt 0.089706 0.489500
vt 0.089706 0.415743
vt 0.089706 0.480281
vt 0.089706 0.471061
vt 0.085096 0.424963
vt 0.085096 0.489500
vt 0.085096 0.415743
vt 0.085096 0.480281
vt 0.085096 0.406523
vt 0.085096 0.471061
vt 0.085096 0.397304
vt 0.085096 0.461841
vt 0.085096 0.388084
vt 0.085096 0.452622
vt 0.085096 0.378865
vt 0.085096 0.443402
vt 0.085096 0.507939
vt 0.087401 0.517159
vt 0.087401 0.369645
vt 0.085096 0.434182
vt 0.085096 0.498720
vt 0.080486 0.388084
vt 0.080486 0.452622
vt 0.080486 0.461841
vt 0.080486 0.378865
vt 0.080486 0.443402
vt 0.080486 0.507939
vt 0.082791 0.517159
vt 0.082791 0.369645
vt 0.080486 0.434182
vt 0.080486 0.498720
vt 0.080486 0.424963
vt 0.080486 0.489500
vt 0.080486 0.415743
vt 0.080486 0.480281
vt 0.080486 0.406523
vt 0.080486 0.471061
vt 0.080486 0.397304
vt 0.075877 0.489500
vt 0.075877 0.415743
vt 0.075877 0.424963
vt 0.075877 0.480281
vt 0.075877 0.406523
vt 0.075877 0.471061
vt 0.075877 0.397304
vt 0.075877 0.461841
vt 0.075877 0.388084
vt 0.075877 0.452622
vt 0.075877 0.378865
vt 0.075877 0.443402
vt 0.075877 0.507939
vt 0.078181 0.517159
vt 0.078181 0.369645
vt 0.075877 0.434182
vt 0.075877 0.498720
vt 0.071267 0.452622
vt 0.071267 0.461841
vt 0.071267 0.378865
vt 0.071267 0.443402
vt 0.071267 0.507939
vt 0.073572 0.517159
vt 0.073572 0.369645
vt 0.071267 0.434182
vt 0.071267 0.498720
vt 0.071267 0.424963
vt 0.071267 0.489500
vt 0.071267 0.415743
vt 0.071267 0.480281
vt 0.071267 0.406523
vt 0.071267 0.471061
vt 0.071267 0.397304
vt 0.071267 0.388084
vt 0.066657 0.415743
vt 0.066657 0.424963
vt 0.066657 0.480281
vt 0.066657 0.406523
vt 0.066657 0.471061
vt 0.066657 0.397304
vt 0.066657 0.461841
vt 0.066657 0.388084
vt 0.066657 0.452622
vt 0.066657 0.378865
vt 0.066657 0.443402
vt 0.066657 0.507939
vt 0.068962 0.517159
vt 0.068962 0.369645
vt 0.066657 0.434182
vt 0.066657 0.498720
vt 0.066657 0.489500
vt 0.062047 0.378865
vt 0.062047 0.443402
vt 0.062047 0.452622
vt 0.062047 0.507939
vt 0.064352 0.517159
vt 0.064352 0.369645
vt 0.062047 0.434182
vt 0.062047 0.498720
vt 0.062047 0.424963
vt 0.062047 0.489500
vt 0.062047 0.415743
vt 0.062047 0.480281
vt 0.062047 0.406523
vt 0.062047 0.471061
vt 0.062047 0.397304
vt 0.062047 0.461841
vt 0.062047 0.388084
vt 0.209561 0.489500
vt 0.209561 0.480281
vt 0.204951 0.480281
vt 0.209561 0.415743
vt 0.209561 0.406523
vt 0.204951 0.406523
vt 0.209561 0.471061
vt 0.204951 0.471061
vt 0.209561 0.397304
vt 0.204951 0.397304
vt 0.209561 0.461841
vt 0.204951 0.461841
vt 0.209561 0.388084
vt 0.204951 0.388084
vt 0.209561 0.452622
vt 0.204951 0.452622
vt 0.209561 0.378865
vt 0.204951 0.378865
vt 0.209561 0.443402
vt 0.204951 0.443402
vt 0.209561 0.507939
vt 0.204951 0.507939
vt 0.207256 0.517159
vt 0.207256 0.369645
vt 0.209561 0.434182
vt 0.204951 0.434182
vt 0.209561 0.498720
vt 0.204951 0.498720
vt 0.209561 0.424963
vt 0.204951 0.424963
vt 0.204951 0.489500
vt 0.204951 0.415743
vt 0.200342 0.443402
vt 0.200342 0.452622
vt 0.200342 0.507939
vt 0.202646 0.517159
vt 0.202646 0.369645
vt 0.200342 0.378865
vt 0.200342 0.434182
vt 0.200342 0.498720
vt 0.200342 0.424963
vt 0.200342 0.489500
vt 0.200342 0.415743
vt 0.200342 0.480281
vt 0.200342 0.406523
vt 0.200342 0.471061
vt 0.200342 0.397304
vt 0.200342 0.461841
vt 0.200342 0.388084
vt 0.195732 0.406523
vt 0.195732 0.471061
vt 0.195732 0.480281
vt 0.195732 0.397304
vt 0.195732 0.461841
vt 0.195732 0.388084
vt 0.195732 0.452622
vt 0.195732 0.378865
vt 0.195732 0.443402
vt 0.195732 0.507939
vt 0.198037 0.517159
vt 0.198037 0.369645
vt 0.195732 0.434182
vt 0.195732 0.498720
vt 0.195732 0.424963
vt 0.195732 0.489500
vt 0.195732 0.415743
vt 0.193427 0.369645
vt 0.191122 0.378865
vt 0.191122 0.434182
vt 0.191122 0.498720
vt 0.191122 0.424963
vt 0.191122 0.489500
vt 0.191122 0.415743
vt 0.191122 0.480281
vt 0.191122 0.406523
vt 0.191122 0.471061
vt 0.191122 0.397304
vt 0.191122 0.461841
vt 0.191122 0.388084
vt 0.191122 0.452622
vt 0.191122 0.443402
vt 0.191122 0.507939
vt 0.193427 0.517159
vt 0.186512 0.397304
vt 0.186512 0.406523
vt 0.186512 0.461841
vt 0.186512 0.388084
vt 0.186512 0.452622
vt 0.186512 0.378865
vt 0.186512 0.443402
vt 0.186512 0.507939
vt 0.188817 0.517159
vt 0.188817 0.369645
vt 0.186512 0.434182
vt 0.186512 0.498720
vt 0.186512 0.424963
vt 0.186512 0.489500
vt 0.186512 0.415743
vt 0.186512 0.480281
vt 0.186512 0.471061
vt 0.181902 0.498720
vt 0.181902 0.507939
vt 0.181902 0.424963
vt 0.181902 0.489500
vt 0.181902 0.415743
vt 0.181902 0.480281
vt 0.181902 0.406523
vt 0.181902 0.471061
vt 0.181902 0.397304
vt 0.181902 0.461841
vt 0.181902 0.388084
vt 0.181902 0.452622
vt 0.181902 0.378865
vt 0.181902 0.443402
vt 0.184207 0.517159
vt 0.184207 0.369645
vt 0.181902 0.434182
vt 0.177292 0.461841
vt 0.177292 0.388084
vt 0.177292 0.452622
vt 0.177292 0.378865
vt 0.177292 0.443402
vt 0.177292 0.507939
vt 0.179597 0.517159
vt 0.179597 0.369645
vt 0.177292 0.434182
vt 0.177292 0.498720
vt 0.177292 0.424963
vt 0.177292 0.489500
vt 0.177292 0.415743
vt 0.177292 0.480281
vt 0.177292 0.406523
vt 0.177292 0.471061
vt 0.177292 0.397304
vt 0.174988 0.517159
vt 0.174988 0.369645
s 1
f 1/1/1 33/2/2 2/3/3
f 2/3/3 33/2/2 3/4/4
f 3/4/4 33/2/2 4/5/5
f 4/5/5 33/2/2 5/6/6
f 5/6/6 33/2/2 6/7/7
f 6/7/7 33/2/2 7/8/8
f 7/8/8 33/2/2 8/9/9
f 8/9/9 33/2/2 9/10/10
f 9/10/10 33/2/2 10/11/11
f 10/11/11 33/2/2 11/12/12
f 11/12/12 33/2/2 12/13/13
f 12/13/13 33/2/2 13/14/14
f 13/14/14 33/2/2 14/15/15
f 14/15/15 33/2/2 15/16/16
f 15/16/16 33/2/2 16/17/17
f 16/17/17 33/2/2 17/18/18
f 17/18/18 33/2/2 18/19/19
f 18/19/19 33/2/2 19/20/20
f 19/20/20 33/2/2 20/21/21
f 20/21/21 33/2/2 21/22/22
f 21/22/22 33/2/2 22/23/23
f 22/23/23 33/2/2 23/24/24
f 23/24/24 33/2/2 24/25/25
f 24/25/25 33/2/2 25/26/26
f 25/26/26 33/2/2 26/27/27
f 26/27/27 33/2/2 27/28/28
f 27/28/28 33/2/2 28/29/29
f 28/29/29 33/2/2 29/30/30
f 29/30/30 33/2/2 30/31/31
f 30/31/31 33/2/2 31/32/32
f 16/33/17 24/34/25 32/35/33
f 31/32/32 33/2/2 32/36/33
f 32/36/33 33/2/2 1/1/1
f 32/35/33 1/37/1 2/38/3
f 2/38/3 3/39/4 4/40/5
f 4/40/5 5/41/6 6/42/7
f 6/42/7 7/43/8 8/44/9
f 8/44/9 9/45/10 10/46/11
f 10/46/11 11/47/12 12/48/13
f 12/48/13 13/49/14 14/50/15
f 14/50/15 15/51/16 16/33/17
f 16/33/17 17/52/18 18/53/19
f 18/53/19 19/54/20 20/55/21
f 20/55/21 21/56/22 22/57/23
f 22/57/23 23/58/24 24/34/25
f 24/34/25 25/59/26 26/60/27
f 26/60/27 27/61/28 28/62/29
f 28/62/29 29/63/30 30/64/31
f 30/64/31 31/65/32 32/35/33
f 32/35/33 2/38/3 4/40/5
f 4/40/5 6/42/7 8/44/9
f 8/44/9 10/46/11 12/48/13
f 12/48/13 14/50/15 16/33/17
f 16/33/17 18/53/19 20/55/21
f 20/55/21 22/57/23 24/34/25
f 24/34/25 26/60/27 28/62/29
f 28/62/29 30/64/31 32/35/33
f 32/35/33 4/40/5 8/44/9
f 8/44/9 12/48/13 16/33/17
f 16/33/17 20/55/21 24/34/25
f 24/34/25 28/62/29 32/35/33
f 32/35/33 8/44/9 16/33/17
f 34/66/1 66/67/2 35/68/3
f 35/68/3 66/67/2 36/69/4
f 36/69/4 66/67/2 37/70/5
f 37/70/5 66/67/2 38/71/6
f 38/71/6 66/67/2 39/72/7
f 39/72/7 66/67/2 40/73/8
f 40/73/8 66/67/2 41/74/9
f 41/74/9 66/67/2 42/75/10
f 42/75/10 66/67/2 43/76/11
f 43/76/11 66/67/2 44/77/12
f 44/77/12 66/67/2 45/78/13
f 45/78/13 66/67/2 46/79/14
f 46/79/14 66/67/2 47/80/15
f 47/80/15 66/67/2 48/81/16
f 48/81/16 66/67/2 49/82/17
f 49/82/17 66/67/2 50/83/18
f 50/83/18 66/67/2 51/84/19
f 51/84/19 66/67/2 52/85/20
f 52/85/20 66/67/2 53/86/21
f 53/86/21 66/67/2 54/87/22
f 54/87/22 66/67/2 55/88/23
f 55/88/23 66/67/2 56/89/24
f 56/89/24 66/67/2 57/90/25
f 57/90/25 66/67/2 58/91/26
f 58/91/26 66/67/2 59/92/27
f 59/92/27 66/67/2 60/93/28
f 60/93/28 66/67/2 61/94/29
f 61/94/29 66/67/2 62/95/30
f 62/95/30 66/67/2 63/96/31
f 63/96/31 66/67/2 64/97/32
f 49/98/17 57/99/25 65/100/33
f 64/97/32 66/67/2 65/101/33
f 65/101/33 66/67/2 34/66/1
f 65/100/33 34/102/1 35/103/3
f 35/103/3 36/104/4 37/105/5
f 37/105/5 38/106/6 39/107/7
f 39/107/7 40/108/8 41/109/9
f 41/109/9 42/110/10 43/111/11
f 43/111/11 44/112/12 45/113/13
f 45/113/13 46/114/14 47/115/15
f 47/115/15 48/116/16 49/98/17
f 49/98/17 50/117/18 51/118/19
f 51/118/19 52/119/20 53/120/21
f 53/120/21 54/121/22 55/122/23
f 55/122/23 56/123/24 57/99/25
f 57/99/25 58/124/26 59/125/27
f 59/125/27 60/126/28 61/127/29
f 61/127/29 62/128/30 63/129/31
f 63/129/31 64/130/32 65/100/33
f 65/100/33 35/103/3 37/105/5
f 37/105/5 39/107/7 41/109/9
f 41/109/9 43/111/11 45/113/13
f 45/113/13 47/115/15 49/98/17
f 49/98/17 51/118/19 53/120/21
f 53/120/21 55/122/23 57/99/25
f 57/99/25 59/125/27 61/127/29
f 61/127/29 63/129/31 65/100/33
f 65/100/33 37/105/5 41/109/9
f 41/109/9 45/113/13 49/98/17
f 49/98/17 53/120/21 57/99/25
f 57/99/25 61/127/29 65/100/33
f 65/100/33 41/109/9 49/98/17
f 67/131/34 99/132/35 68/133/36
f 68/133/36 99/132/35 69/134/37
f 69/134/37 99/132/35 70/135/38
f 70/135/38 99/132/35 71/136/39
f 71/136/39 99/132/35 72/137/40
f 72/137/40 99/132/35 73/138/41
f 73/138/41 99/132/35 74/139/42
f 74/139/42 99/132/35 75/140/43
f 75/140/43 99/132/35 76/141/44
f 76/141/44 99/132/35 77/142/45
f 77/142/45 99/132/35 78/143/46
f 78/143/46 99/132/35 79/144/47
f 79/144/47 99/132/35 80/145/48
f 80/145/48 99/132/35 81/146/49
f 81/146/49 99/132/35 82/147/50
f 82/147/50 99/132/35 83/148/51
f 83/148/51 99/132/35 84/149/52
f 84/149/52 99/132/35 85/150/53
f 85/150/53 99/132/35 86/151/54
f 86/151/54 99/132/35 87/152/55
f 87/152/55 99/132/35 88/153/56
f 88/153/56 99/132/35 89/154/57
f 89/154/57 99/132/35 90/155/58
f 90/155/58 99/132/35 91/156/59
f 91/156/59 99/132/35 92/157/60
f 92/157/60 99/132/35 93/158/61
f 93/158/61 99/132/35 94/159/62
f 94/159/62 99/132/35 95/160/63
f 95/160/63 99/132/35 96/161/64
f 96/161/64 99/132/35 97/162/65
f 82/163/50 90/164/58 98/165/66
f 97/162/65 99/132/35 98/166/66
f 98/166/66 99/132/35 67/131/34
f 98/165/66 67/167/34 68/168/36
f 68/168/36 69/169/37 70/170/38
f 70/170/38 71/171/39 72/172/40
f 72/172/40 73/173/41 74/174/42
f 74/174/42 75/175/43 76/176/44
f 76/176/44 77/177/45 78/178/46
f 78/178/46 79/179/47 80/180/48
f 80/180/48 81/181/49 82/163/50
f 82/163/50 83/182/51 84/183/52
f 84/183/52 85/184/53 86/185/54
f 86/185/54 87/186/55 88/187/56
f 88/187/56 89/188/57 90/164/58
f 90/164/58 91/189/59 92/190/60
f 92/190/60 93/191/61 94/192/62
f 94/192/62 95/193/63 96/194/64
f 96/194/64 97/195/65 98/165/66
f 98/165/66 68/168/36 70/170/38
f 70/170/38 72/172/40 74/174/42
f 74/174/42 76/176/44 78/178/46
f 78/178/46 80/180/48 82/163/50
f 82/163/50 84/183/52 86/185/54
f 86/185/54 88/187/56 90/164/58
f 90/164/58 92/190/60 94/192/62
f 94/192/62 96/194/64 98/165/66
f 98/165/66 70/170/38 74/174/42
f 74/174/42 78/178/46 82/163/50
f 82/163/50 86/185/54 90/164/58
f 90/164/58 94/192/62 98/165/66
f 98/165/66 74/174/42 82/163/50
f 101/196/67 102/197/67 100/198/67
f 103/199/68 106/200/68 102/197/68
f 107/201/69 104/202/69 106/200/69
f 105/203/70 100/204/70 104/202/70
f 106/200/35 100/205/35 102/206/35
f 103/207/2 105/203/2 107/201/2
f 101/196/67 103/199/67 102/197/67
f 103/199/68 107/201/68 106/200/68
f 107/201/69 105/203/69 104/202/69
f 105/203/70 101/208/70 100/204/70
f 106/200/35 104/202/35 100/205/35
f 103/207/2 101/209/2 105/203/2
f 128/210/71 159/211/72 160/212/73
f 115/213/74 146/214/75 147/215/76
f 129/216/77 160/212/73 161/217/78
f 116/218/79 147/215/76 148/219/80
f 130/220/81 161/217/78 162/221/82
f 117/222/83 148/219/80 149/223/84
f 131/224/85 162/221/82 163/225/86
f 118/226/87 149/223/84 150/227/88
f 132/228/89 163/225/86 164/229/90
f 119/230/91 150/227/88 151/231/92
f 133/232/93 164/229/90 165/233/94
f 120/234/95 151/231/92 152/235/96
f 134/236/97 165/233/94 166/237/98
f 121/238/99 152/235/96 153/239/100
f 135/240/101 166/237/98 167/241/102
f 122/242/103 153/239/100 154/243/104
f 108/244/105 141/245/106 109/246/107
f 135/240/101 168/247/108 136/248/109
f 122/242/103 155/249/110 123/250/111
f 110/251/112 141/245/106 142/252/113
f 137/253/114 168/247/108 169/254/115
f 123/250/111 156/255/116 124/256/117
f 111/257/118 142/252/113 143/258/119
f 137/253/114 170/259/120 138/260/121
f 125/261/122 156/255/116 157/262/123
f 111/257/118 144/263/124 112/264/125
f 138/260/121 171/265/126 139/266/127
f 126/267/128 157/262/123 158/268/129
f 113/269/130 144/263/124 145/270/131
f 139/266/127 140/271/132 108/244/105
f 127/272/133 158/268/129 159/211/72
f 114/273/134 145/270/131 146/214/75
f 128/210/71 127/272/133 159/211/72
f 115/213/74 114/273/134 146/214/75
f 129/216/77 128/210/71 160/212/73
f 116/218/79 115/213/74 147/215/76
f 130/220/81 129/216/77 161/217/78
f 117/222/83 116/218/79 148/219/80
f 131/224/85 130/220/81 162/221/82
f 118/226/87 117/222/83 149/223/84
f 132/228/89 131/224/85 163/225/86
f 119/230/91 118/226/87 150/227/88
f 133/232/93 132/228/89 164/229/90
f 120/234/95 119/230/91 151/231/92
f 134/236/97 133/232/93 165/233/94
f 121/238/99 120/234/95 152/235/96
f 135/240/101 134/236/97 166/237/98
f 122/242/103 121/238/99 153/239/100
f 108/244/105 140/271/132 141/245/106
f 135/240/101 167/241/102 168/247/108
f 122/242/103 154/243/104 155/249/110
f 110/251/112 109/246/107 141/245/106
f 137/253/114 136/248/109 168/247/108
f 123/250/111 155/249/110 156/255/116
f 111/257/118 110/251/112 142/252/113
f 137/253/114 169/254/115 170/259/120
f 125/261/122 124/256/117 156/255/116
f 111/257/118 143/258/119 144/263/124
f 138/260/121 170/259/120 171/265/126
f 126/267/128 125/261/122 157/262/123
f 113/269/130 112/264/125 144/263/124
f 139/266/127 171/265/126 140/271/132
f 127/272/133 126/267/128 158/268/129
f 114/273/134 113/269/130 145/270/131
f 646/274/135 178/275/136 179/276/137
f 176/277/138 187/278/139 649/279/140
f 172/280/141 179/276/137 180/281/142
f 649/279/140 188/282/143 177/283/144
f 647/284/145 180/281/142 181/285/146
f 177/283/144 189/286/147 650/287/148
f 173/288/149 181/285/146 182/289/150
f 650/287/148 190/290/151 651/291/152
f 648/292/153 182/289/150 183/293/154
f 651/291/152 191/294/155 652/295/156
f 174/296/157 183/293/154 184/297/158
f 652/295/156 192/298/159 653/299/160
f 174/296/157 185/300/161 175/301/68
f 645/302/162 253/303/163 178/275/136
f 479/304/164 653/299/160 192/298/159
f 175/301/68 186/305/165 176/277/138
f 178/275/136 253/306/163 193/307/166
f 479/308/164 192/298/159 207/309/167
f 185/300/161 201/310/168 186/305/165
f 178/275/136 194/311/169 179/276/137
f 186/305/165 202/312/170 187/278/139
f 179/276/137 195/313/171 180/281/142
f 187/278/139 203/314/172 188/282/143
f 180/281/142 196/315/173 181/285/146
f 188/282/143 204/316/174 189/286/147
f 181/285/146 197/317/175 182/289/150
f 190/290/151 204/316/174 205/318/176
f 182/289/150 198/319/177 183/293/154
f 191/294/155 205/318/176 206/320/178
f 184/297/158 198/319/177 199/321/179
f 191/294/155 207/309/167 192/298/159
f 184/297/158 200/322/180 185/300/161
f 196/315/173 212/323/181 197/317/175
f 205/318/176 219/324/182 220/325/183
f 197/317/175 213/326/184 198/319/177
f 205/318/176 221/327/185 206/320/178
f 198/319/177 214/328/186 199/321/179
f 206/320/178 222/329/187 207/309/167
f 199/321/179 215/330/188 200/322/180
f 193/307/166 253/331/163 208/332/189
f 479/333/164 207/309/167 222/329/187
f 201/310/168 215/330/188 216/334/190
f 193/307/166 209/335/191 194/311/169
f 201/310/168 217/336/192 202/312/170
f 194/311/169 210/337/193 195/313/171
f 203/314/172 217/336/192 218/338/194
f 195/313/171 211/339/195 196/315/173
f 204/316/174 218/338/194 219/324/182
f 215/330/188 231/340/196 216/334/190
f 208/332/189 224/341/197 209/335/191
f 216/334/190 232/342/198 217/336/192
f 209/335/191 225/343/199 210/337/193
f 218/338/194 232/342/198 233/344/200
f 210/337/193 226/345/201 211/339/195
f 218/338/194 234/346/202 219/324/182
f 211/339/195 227/347/203 212/323/181
f 219/324/182 235/348/204 220/325/183
f 212/323/181 228/349/205 213/326/184
f 220/325/183 236/350/206 221/327/185
f 214/328/186 228/349/205 229/351/207
f 221/327/185 237/352/208 222/329/187
f 215/330/188 229/351/207 230/353/209
f 208/332/189 253/354/163 223/355/210
f 479/356/164 222/329/187 237/352/208
f 234/346/202 250/357/211 235/348/204
f 227/347/203 243/358/212 228/349/205
f 236/350/206 250/357/211 251/359/213
f 229/351/207 243/358/212 244/360/214
f 236/350/206 252/361/215 237/352/208
f 230/353/209 244/360/214 245/362/216
f 223/355/210 253/363/163 238/364/217
f 479/365/164 237/352/208 252/361/215
f 230/353/209 246/366/218 231/340/196
f 223/355/210 239/367/219 224/341/197
f 231/340/196 247/368/220 232/342/198
f 224/341/197 240/369/221 225/343/199
f 233/344/200 247/368/220 248/370/222
f 225/343/199 241/371/223 226/345/201
f 233/344/200 249/372/224 234/346/202
f 227/347/203 241/371/223 242/373/225
f 238/364/217 255/374/226 239/367/219
f 246/366/218 263/375/227 247/368/220
f 239/367/219 256/376/228 240/369/221
f 248/370/222 263/375/227 264/377/229
f 240/369/221 257/378/230 241/371/223
f 248/370/222 265/379/231 249/372/224
f 242/373/225 257/378/230 258/380/232
f 249/372/224 266/381/233 250/357/211
f 242/373/225 259/382/234 243/358/212
f 250/357/211 267/383/235 251/359/213
f 244/360/214 259/382/234 260/384/236
f 252/361/215 267/383/235 268/385/237
f 245/362/216 260/384/236 261/386/238
f 238/364/217 253/387/163 254/388/239
f 479/389/164 252/361/215 268/385/237
f 245/362/216 262/390/240 246/366/218
f 258/380/232 274/391/241 259/382/234
f 267/383/235 281/392/242 282/393/243
f 260/384/236 274/391/241 275/394/244
f 267/383/235 283/395/245 268/385/237
f 261/386/238 275/394/244 276/396/246
f 254/388/239 253/397/163 269/398/247
f 479/399/164 268/385/237 283/395/245
f 261/386/238 277/400/248 262/390/240
f 255/374/226 269/398/247 270/401/249
f 262/390/240 278/402/250 263/375/227
f 255/374/226 271/403/251 256/376/228
f 264/377/229 278/402/250 279/404/252
f 256/376/228 272/405/253 257/378/230
f 264/377/229 280/406/254 265/379/231
f 258/380/232 272/405/253 273/407/255
f 266/381/233 280/406/254 281/392/242
f 277/400/248 293/408/256 278/402/250
f 270/401/249 286/409/257 271/403/251
f 279/404/252 293/408/256 294/410/258
f 271/403/251 287/411/259 272/405/253
f 279/404/252 295/412/260 280/406/254
f 273/407/255 287/411/259 288/413/261
f 281/392/242 295/412/260 296/414/262
f 273/407/255 289/415/263 274/391/241
f 281/392/242 297/416/264 282/393/243
f 275/394/244 289/415/263 290/417/265
f 282/393/243 298/418/266 283/395/245
f 276/396/246 290/417/265 291/419/267
f 269/398/247 253/420/163 284/421/268
f 479/422/164 283/395/245 298/418/266
f 276/396/246 292/423/269 277/400/248
f 270/401/249 284/421/268 285/424/270
f 296/414/262 312/425/271 297/416/264
f 290/417/265 304/426/272 305/427/273
f 297/416/264 313/428/274 298/418/266
f 291/419/267 305/427/273 306/429/275
f 284/421/268 253/430/163 299/431/276
f 479/432/164 298/418/266 313/428/274
f 291/419/267 307/433/277 292/423/269
f 284/421/268 300/434/278 285/424/270
f 292/423/269 308/435/279 293/408/256
f 285/424/270 301/436/280 286/409/257
f 294/410/258 308/435/279 309/437/281
f 286/409/257 302/438/282 287/411/259
f 294/410/258 310/439/283 295/412/260
f 288/413/261 302/438/282 303/440/284
f 296/414/262 310/439/283 311/441/285
f 288/413/261 304/426/272 289/415/263
f 309/437/281 323/442/286 324/443/287
f 301/436/280 317/444/288 302/438/282
f 309/437/281 325/445/289 310/439/283
f 303/440/284 317/444/288 318/446/290
f 311/441/285 325/445/289 326/447/291
f 303/440/284 319/448/292 304/426/272
f 311/441/285 327/449/293 312/425/271
f 305/427/273 319/448/292 320/450/294
f 313/428/274 327/449/293 328/451/295
f 306/429/275 320/450/294 321/452/296
f 299/431/276 253/453/163 314/454/297
f 479/455/164 313/428/274 328/451/295
f 306/429/275 322/456/298 307/433/277
f 299/431/276 315/457/299 300/434/278
f 307/433/277 323/442/286 308/435/279
f 301/436/280 315/457/299 316/458/300
f 327/449/293 343/459/301 328/451/295
f 321/452/296 335/460/302 336/461/303
f 314/454/297 253/462/163 329/463/304
f 479/464/164 328/451/295 343/459/301
f 321/452/296 337/465/305 322/456/298
f 314/454/297 330/466/306 315/457/299
f 322/456/298 338/467/307 323/442/286
f 316/458/300 330/466/306 331/468/308
f 324/443/287 338/467/307 339/469/309
f 316/458/300 332/470/310 317/444/288
f 324/443/287 340/471/311 325/445/289
f 318/446/290 332/470/310 333/472/312
f 326/447/291 340/471/311 341/473/313
f 318/446/290 334/474/314 319/448/292
f 326/447/291 342/475/315 327/449/293
f 320/450/294 334/474/314 335/460/302
f 331/468/308 347/476/316 332/470/310
f 339/469/309 355/477/317 340/471/311
f 333/472/312 347/476/316 348/478/318
f 340/471/311 356/479/319 341/473/313
f 333/472/312 349/480/320 334/474/314
f 342/475/315 356/479/319 357/481/321
f 335/460/302 349/480/320 350/482/322
f 343/459/301 357/481/321 358/483/323
f 336/461/303 350/482/322 351/484/324
f 329/463/304 253/485/163 344/486/325
f 479/487/164 343/459/301 358/483/323
f 336/461/303 352/488/326 337/465/305
f 329/463/304 345/489/327 330/466/306
f 337/465/305 353/490/328 338/467/307
f 330/466/306 346/491/329 331/468/308
f 339/469/309 353/490/328 354/492/330
f 351/484/324 365/493/331 366/494/332
f 344/486/325 253/495/163 359/496/333
f 479/497/164 358/483/323 373/498/334
f 351/484/324 367/499/335 352/488/326
f 345/489/327 359/496/333 360/500/336
f 352/488/326 368/501/337 353/490/328
f 346/491/329 360/500/336 361/502/338
f 354/492/330 368/501/337 369/503/339
f 346/491/329 362/504/340 347/476/316
f 354/492/330 370/505/341 355/477/317
f 348/478/318 362/504/340 363/506/342
f 356/479/319 370/505/341 371/507/343
f 348/478/318 364/508/344 349/480/320
f 356/479/319 372/509/345 357/481/321
f 350/482/322 364/508/344 365/493/331
f 357/481/321 373/498/334 358/483/323
f 369/503/339 385/510/346 370/505/341
f 363/506/342 377/511/347 378/512/348
f 371/507/343 385/510/346 386/513/349
f 363/506/342 379/514/350 364/508/344
f 371/507/343 387/515/351 372/509/345
f 365/493/331 379/514/350 380/516/352
f 372/509/345 388/517/353 373/498/334
f 366/494/332 380/516/352 381/518/354
f 359/496/333 253/519/163 374/520/355
f 479/521/164 373/498/334 388/517/353
f 366/494/332 382/522/356 367/499/335
f 359/496/333 375/523/357 360/500/336
f 367/499/335 383/524/358 368/501/337
f 360/500/336 376/525/359 361/502/338
f 369/503/339 383/524/358 384/526/360
f 361/502/338 377/511/347 362/504/340
f 374/520/355 253/527/163 389/528/361
f 479/529/164 388/517/353 403/530/362
f 381/518/354 397/531/363 382/522/356
f 374/520/355 390/532/364 375/523/357
f 382/522/356 398/533/365 383/524/358
f 375/523/357 391/534/366 376/525/359
f 384/526/360 398/533/365 399/535/367
f 376/525/359 392/536/368 377/511/347
f 384/526/360 400/537/369 385/510/346
f 378/512/348 392/536/368 393/538/370
f 386/513/349 400/537/369 401/539/371
f 378/512/348 394/540/372 379/514/350
f 386/513/349 402/541/373 387/515/351
f 380/516/352 394/540/372 395/542/374
f 387/515/351 403/530/362 388/517/353
f 381/518/354 395/542/374 396/543/375
f 393/538/370 407/544/376 408/545/377
f 401/539/371 415/546/378 416/547/379
f 393/538/370 409/548/380 394/540/372
f 401/539/371 417/549/381 402/541/373
f 395/542/374 409/548/380 410/550/382
f 403/530/362 417/549/381 418/551/383
f 396/543/375 410/550/382 411/552/70
f 389/528/361 253/553/163 404/554/384
f 479/555/164 403/530/362 418/551/383
f 396/543/375 412/556/385 397/531/363
f 389/528/361 405/557/386 390/532/364
f 397/531/363 413/558/387 398/533/365
f 391/534/366 405/557/386 406/559/388
f 399/535/367 413/558/387 414/560/389
f 391/534/366 407/544/376 392/536/368
f 399/535/367 415/546/378 400/537/369
f 411/552/70 427/561/390 412/556/385
f 404/554/384 420/562/391 405/557/386
f 412/556/385 428/563/392 413/558/387
f 405/557/386 421/564/393 406/559/388
f 414/560/389 428/563/392 429/565/394
f 406/559/388 422/566/395 407/544/376
f 414/560/389 430/567/396 415/546/378
f 408/545/377 422/566/395 423/568/397
f 416/547/379 430/567/396 431/569/398
f 408/545/377 424/570/399 409/548/380
f 416/547/379 432/571/400 417/549/381
f 410/550/382 424/570/399 425/572/401
f 417/549/381 433/573/402 418/551/383
f 411/552/70 425/572/401 426/574/403
f 404/554/384 253/575/163 419/576/404
f 479/577/164 418/551/383 433/573/402
f 431/569/398 445/578/405 446/579/406
f 423/568/397 439/580/407 424/570/399
f 431/569/398 447/581/408 432/571/400
f 425/572/401 439/580/407 440/582/409
f 432/571/400 448/583/410 433/573/402
f 426/574/403 440/582/409 441/584/411
f 419/576/404 253/585/163 434/586/412
f 479/587/164 433/573/402 448/583/410
f 426/574/403 442/588/413 427/561/390
f 420/562/391 434/586/412 435/589/414
f 427/561/390 443/590/415 428/563/392
f 420/562/391 436/591/416 421/564/393
f 429/565/394 443/590/415 444/592/417
f 421/564/393 437/593/418 422/566/395
f 429/565/394 445/578/405 430/567/396
f 423/568/397 437/593/418 438/594/419
f 442/588/413 458/595/420 443/590/415
f 435/589/414 451/596/421 436/591/416
f 444/592/417 458/595/420 459/597/422
f 436/591/416 452/598/423 437/593/418
f 444/592/417 460/599/424 445/578/405
f 438/594/419 452/598/423 453/600/425
f 446/579/406 460/599/424 461/601/426
f 438/594/419 454/602/427 439/580/407
f 446/579/406 462/603/428 447/581/408
f 440/582/409 454/602/427 455/604/429
f 448/583/410 462/603/428 463/605/430
f 441/584/411 455/604/429 456/606/431
f 434/586/412 253/607/163 449/608/432
f 479/609/164 448/583/410 463/605/430
f 441/584/411 457/610/433 442/588/413
f 435/589/414 449/608/432 450/611/434
f 461/601/426 477/612/435 462/603/428
f 455/604/429 469/613/436 470/614/437
f 463/605/430 477/612/435 478/615/438
f 456/606/431 470/614/437 471/616/439
f 449/608/432 253/617/163 464/618/440
f 479/619/164 463/605/430 478/615/438
f 456/606/431 472/620/441 457/610/433
f 449/608/432 465/621/442 450/611/434
f 457/610/433 473/622/443 458/595/420
f 450/611/434 466/623/444 451/596/421
f 459/597/422 473/622/443 474/624/445
f 451/596/421 467/625/446 452/598/423
f 459/597/422 475/626/447 460/599/424
f 453/600/425 467/625/446 468/627/448
f 461/601/426 475/626/447 476/628/449
f 453/600/425 469/613/436 454/602/427
f 465/621/442 482/629/450 466/623/444
f 474/624/445 489/630/451 490/631/452
f 466/623/444 483/632/453 467/625/446
f 474/624/445 491/633/454 475/626/447
f 468/627/448 483/632/453 484/634/455
f 476/628/449 491/633/454 492/635/456
f 468/627/448 485/636/457 469/613/436
f 476/628/449 493/637/458 477/612/435
f 470/614/437 485/636/457 486/638/459
f 477/612/435 494/639/460 478/615/438
f 471/616/439 486/638/459 487/640/461
f 464/618/440 253/641/163 480/642/462
f 479/643/164 478/615/438 494/639/460
f 471/616/439 488/644/463 472/620/441
f 464/618/440 481/645/464 465/621/442
f 472/620/441 489/630/451 473/622/443
f 486/638/459 500/646/465 501/647/466
f 493/637/458 509/648/467 494/639/460
f 487/640/461 501/647/466 502/649/468
f 480/642/462 253/650/163 495/651/469
f 479/652/164 494/639/460 509/648/467
f 487/640/461 503/653/470 488/644/463
f 480/642/462 496/654/471 481/645/464
f 488/644/463 504/655/472 489/630/451
f 481/645/464 497/656/473 482/629/450
f 490/631/452 504/655/472 505/657/474
f 482/629/450 498/658/475 483/632/453
f 490/631/452 506/659/476 491/633/454
f 483/632/453 499/660/477 484/634/455
f 492/635/456 506/659/476 507/661/478
f 484/634/455 500/646/465 485/636/457
f 492/635/456 508/662/479 493/637/458
f 505/657/474 519/663/480 520/664/481
f 497/656/473 513/665/482 498/658/475
f 505/657/474 521/666/483 506/659/476
f 499/660/477 513/665/482 514/667/484
f 507/661/478 521/666/483 522/668/485
f 499/660/477 515/669/486 500/646/465
f 507/661/478 523/670/487 508/662/479
f 501/647/466 515/669/486 516/671/488
f 508/662/479 524/672/489 509/648/467
f 502/649/468 516/671/488 517/673/490
f 495/651/469 253/674/163 510/675/491
f 479/676/164 509/648/467 524/672/489
f 502/649/468 518/677/492 503/653/470
f 495/651/469 511/678/493 496/654/471
f 503/653/470 519/663/480 504/655/472
f 496/654/471 512/679/494 497/656/473
f 523/670/487 539/680/495 524/672/489
f 517/673/490 531/681/496 532/682/497
f 510/675/491 253/683/163 525/684/498
f 479/685/164 524/672/489 539/680/495
f 517/673/490 533/686/499 518/677/492
f 510/675/491 526/687/500 511/678/493
f 518/677/492 534/688/501 519/663/480
f 512/679/494 526/687/500 527/689/502
f 520/664/481 534/688/501 535/690/503
f 512/679/494 528/691/504 513/665/482
f 520/664/481 536/692/505 521/666/483
f 514/667/484 528/691/504 529/693/506
f 522/668/485 536/692/505 537/694/507
f 514/667/484 530/695/508 515/669/486
f 522/668/485 538/696/509 523/670/487
f 516/671/488 530/695/508 531/681/496
f 527/697/502 543/698/510 528/699/504
f 535/700/503 551/701/511 536/702/505
f 529/703/506 543/698/510 544/704/512
f 537/705/507 551/701/511 552/706/513
f 529/703/506 545/707/514 530/708/508
f 537/705/507 553/709/515 538/710/509
f 531/711/496 545/707/514 546/712/516
f 538/710/509 554/713/517 539/714/495
f 532/715/497 546/712/516 547/716/518
f 525/717/498 253/718/163 540/719/519
f 479/720/164 539/714/495 554/713/517
f 532/715/497 548/721/520 533/722/499
f 525/717/498 541/723/521 526/724/500
f 533/722/499 549/725/522 534/726/501
f 527/697/502 541/723/521 542/727/523
f 535/700/503 549/725/522 550/728/524
f 547/716/518 561/729/525 562/730/526
f 540/719/519 253/731/163 555/732/527
f 479/733/164 554/713/517 569/734/528
f 547/716/518 563/735/529 548/721/520
f 540/719/519 556/736/530 541/723/521
f 548/721/520 564/737/531 549/725/522
f 542/727/523 556/736/530 557/738/532
f 550/728/524 564/737/531 565/739/533
f 542/727/523 558/740/534 543/698/510
f 550/728/524 566/741/535 551/701/511
f 544/704/512 558/740/534 559/742/536
f 552/706/513 566/741/535 567/743/537
f 544/704/512 560/744/538 545/707/514
f 552/706/513 568/745/539 553/709/515
f 546/712/516 560/744/538 561/729/525
f 553/709/515 569/734/528 554/713/517
f 565/739/533 581/746/540 566/741/535
f 559/742/536 573/747/541 574/748/542
f 567/743/537 581/746/540 582/749/543
f 559/742/536 575/750/544 560/744/538
f 568/745/539 582/749/543 583/751/545
f 561/729/525 575/750/544 576/752/546
f 568/745/539 584/753/547 569/734/528
f 562/730/526 576/752/546 577/754/548
f 555/732/527 253/755/163 570/756/549
f 479/757/164 569/734/528 584/753/547
f 562/730/526 578/758/550 563/735/529
f 556/736/530 570/756/549 571/759/551
f 563/735/529 579/760/552 564/737/531
f 556/736/530 572/761/553 557/738/532
f 565/739/533 579/760/552 580/762/554
f 557/738/532 573/747/541 558/740/534
f 479/763/164 584/753/547 599/764/555
f 577/754/548 593/765/556 578/758/550
f 570/756/549 586/766/557 571/759/551
f 578/758/550 594/767/558 579/760/552
f 572/761/553 586/766/557 587/768/559
f 580/762/554 594/767/558 595/769/560
f 572/761/553 588/770/561 573/747/541
f 580/762/554 596/771/562 581/746/540
f 574/748/542 588/770/561 589/772/563
f 582/749/543 596/771/562 597/773/564
f 574/748/542 590/774/565 575/750/544
f 582/749/543 598/775/566 583/751/545
f 576/752/546 590/774/565 591/776/567
f 583/751/545 599/764/555 584/753/547
f 577/754/548 591/776/567 592/777/568
f 570/756/549 253/778/163 585/779/569
f 597/773/564 611/780/570 612/781/571
f 589/772/563 605/782/572 590/774/565
f 597/773/564 613/783/573 598/775/566
f 591/776/567 605/782/572 606/784/574
f 598/775/566 614/785/575 599/764/555
f 592/777/568 606/784/574 607/786/576
f 585/779/569 253/787/163 600/788/577
f 479/789/164 599/764/555 614/785/575
f 592/777/568 608/790/578 593/765/556
f 585/779/569 601/791/579 586/766/557
f 593/765/556 609/792/580 594/767/558
f 587/768/559 601/791/579 602/793/581
f 595/769/560 609/792/580 610/794/582
f 587/768/559 603/795/583 588/770/561
f 595/769/560 611/780/570 596/771/562
f 589/772/563 603/795/583 604/796/584
f 601/791/579 615/797/585 616/798/586
f 608/790/578 624/799/587 609/792/580
f 601/791/579 617/800/588 602/793/581
f 610/794/582 624/799/587 625/801/589
f 602/793/581 618/802/590 603/795/583
f 610/794/582 626/803/591 611/780/570
f 604/796/584 618/802/590 619/804/592
f 612/781/571 626/803/591 627/805/593
f 604/796/584 620/806/594 605/782/572
f 612/781/571 628/807/595 613/783/573
f 606/784/574 620/806/594 621/808/596
f 613/783/573 629/809/597 614/785/575
f 607/786/576 621/808/596 622/810/598
f 600/788/577 253/811/163 615/797/585
f 479/812/164 614/785/575 629/809/597
f 607/786/576 623/813/599 608/790/578
f 619/804/592 635/814/600 620/806/594
f 627/805/593 643/815/601 628/807/595
f 621/808/596 635/814/600 636/816/602
f 629/809/597 643/815/601 644/817/603
f 622/810/598 636/816/602 637/818/604
f 615/797/585 253/819/163 630/820/605
f 479/821/164 629/809/597 644/817/603
f 622/810/598 638/822/606 623/813/599
f 615/797/585 631/823/607 616/798/586
f 623/813/599 639/824/608 624/799/587
f 617/800/588 631/823/607 632/825/609
f 625/801/589 639/824/608 640/826/610
f 617/800/588 633/827/611 618/802/590
f 625/801/589 641/828/612 626/803/591
f 619/804/592 633/827/611 634/829/613
f 627/805/593 641/828/612 642/830/614
f 638/822/606 649/279/140 639/824/608
f 632/825/609 646/274/135 172/280/141
f 639/824/608 177/283/144 640/826/610
f 633/827/611 172/280/141 647/284/145
f 640/826/610 650/287/148 641/828/612
f 634/829/613 647/284/145 173/288/149
f 642/830/614 650/287/148 651/291/152
f 635/814/600 173/288/149 648/292/153
f 642/830/614 652/295/156 643/815/601
f 636/816/602 648/292/153 174/296/157
f 643/815/601 653/299/160 644/817/603
f 637/818/604 174/296/157 175/301/68
f 630/820/605 253/831/163 645/302/162
f 479/832/164 644/817/603 653/299/160
f 637/818/604 176/277/138 638/822/606
f 631/823/607 645/302/162 646/274/135
f 646/274/135 645/302/162 178/275/136
f 176/277/138 186/305/165 187/278/139
f 172/280/141 646/274/135 179/276/137
f 649/279/140 187/278/139 188/282/143
f 647/284/145 172/280/141 180/281/142
f 177/283/144 188/282/143 189/286/147
f 173/288/149 647/284/145 181/285/146
f 650/287/148 189/286/147 190/290/151
f 648/292/153 173/288/149 182/289/150
f 651/291/152 190/290/151 191/294/155
f 174/296/157 648/292/153 183/293/154
f 652/295/156 191/294/155 192/298/159
f 174/296/157 184/297/158 185/300/161
f 175/301/68 185/300/161 186/305/165
f 185/300/161 200/322/180 201/310/168
f 178/275/136 193/307/166 194/311/169
f 186/305/165 201/310/168 202/312/170
f 179/276/137 194/311/169 195/313/171
f 187/278/139 202/312/170 203/314/172
f 180/281/142 195/313/171 196/315/173
f 188/282/143 203/314/172 204/316/174
f 181/285/146 196/315/173 197/317/175
f 190/290/151 189/286/147 204/316/174
f 182/289/150 197/317/175 198/319/177
f 191/294/155 190/290/151 205/318/176
f 184/297/158 183/293/154 198/319/177
f 191/294/155 206/320/178 207/309/167
f 184/297/158 199/321/179 200/322/180
f 196/315/173 211/339/195 212/323/181
f 205/318/176 204/316/174 219/324/182
f 197/317/175 212/323/181 213/326/184
f 205/318/176 220/325/183 221/327/185
f 198/319/177 213/326/184 214/328/186
f 206/320/178 221/327/185 222/329/187
f 199/321/179 214/328/186 215/330/188
f 201/310/168 200/322/180 215/330/188
f 193/307/166 208/332/189 209/335/191
f 201/310/168 216/334/190 217/336/192
f 194/311/169 209/335/191 210/337/193
f 203/314/172 202/312/170 217/336/192
f 195/313/171 210/337/193 211/339/195
f 204/316/174 203/314/172 218/338/194
f 215/330/188 230/353/209 231/340/196
f 208/332/189 223/355/210 224/341/197
f 216/334/190 231/340/196 232/342/198
f 209/335/191 224/341/197 225/343/199
f 218/338/194 217/336/192 232/342/198
f 210/337/193 225/343/199 226/345/201
f 218/338/194 233/344/200 234/346/202
f 211/339/195 226/345/201 227/347/203
f 219/324/182 234/346/202 235/348/204
f 212/323/181 227/347/203 228/349/205
f 220/325/183 235/348/204 236/350/206
f 214/328/186 213/326/184 228/349/205
f 221/327/185 236/350/206 237/352/208
f 215/330/188 214/328/186 229/351/207
f 234/346/202 249/372/224 250/357/211
f 227/347/203 242/373/225 243/358/212
f 236/350/206 235/348/204 250/357/211
f 229/351/207 228/349/205 243/358/212
f 236/350/206 251/359/213 252/361/215
f 230/353/209 229/351/207 244/360/214
f 230/353/209 245/362/216 246/366/218
f 223/355/210 238/364/217 239/367/219
f 231/340/196 246/366/218 247/368/220
f 224/341/197 239/367/219 240/369/221
f 233/344/200 232/342/198 247/368/220
f 225/343/199 240/369/221 241/371/223
f 233/344/200 248/370/222 249/372/224
f 227/347/203 226/345/201 241/371/223
f 238/364/217 254/388/239 255/374/226
f 246/366/218 262/390/240 263/375/227
f 239/367/219 255/374/226 256/376/228
f 248/370/222 247/368/220 263/375/227
f 240/369/221 256/376/228 257/378/230
f 248/370/222 264/377/229 265/379/231
f 242/373/225 241/371/223 257/378/230
f 249/372/224 265/379/231 266/381/233
f 242/373/225 258/380/232 259/382/234
f 250/357/211 266/381/233 267/383/235
f 244/360/214 243/358/212 259/382/234
f 252/361/215 251/359/213 267/383/235
f 245/362/216 244/360/214 260/384/236
f 245/362/216 261/386/238 262/390/240
f 258/380/232 273/407/255 274/391/241
f 267/383/235 266/381/233 281/392/242
f 260/384/236 259/382/234 274/391/241
f 267/383/235 282/393/243 283/395/245
f 261/386/238 260/384/236 275/394/244
f 261/386/238 276/396/246 277/400/248
f 255/374/226 254/388/239 269/398/247
f 262/390/240 277/400/248 278/402/250
f 255/374/226 270/401/249 271/403/251
f 264/377/229 263/375/227 278/402/250
f 256/376/228 271/403/251 272/405/253
f 264/377/229 279/404/252 280/406/254
f 258/380/232 257/378/230 272/405/253
f 266/381/233 265/379/231 280/406/254
f 277/400/248 292/423/269 293/408/256
f 270/401/249 285/424/270 286/409/257
f 279/404/252 278/402/250 293/408/256
f 271/403/251 286/409/257 287/411/259
f 279/404/252 294/410/258 295/412/260
f 273/407/255 272/405/253 287/411/259
f 281/392/242 280/406/254 295/412/260
f 273/407/255 288/413/261 289/415/263
f 281/392/242 296/414/262 297/416/264
f 275/394/244 274/391/241 289/415/263
f 282/393/243 297/416/264 298/418/266
f 276/396/246 275/394/244 290/417/265
f 276/396/246 291/419/267 292/423/269
f 270/401/249 269/398/247 284/421/268
f 296/414/262 311/441/285 312/425/271
f 290/417/265 289/415/263 304/426/272
f 297/416/264 312/425/271 313/428/274
f 291/419/267 290/417/265 305/427/273
f 291/419/267 306/429/275 307/433/277
f 284/421/268 299/431/276 300/434/278
f 292/423/269 307/433/277 308/435/279
f 285/424/270 300/434/278 301/436/280
f 294/410/258 293/408/256 308/435/279
f 286/409/257 301/436/280 302/438/282
f 294/410/258 309/437/281 310/439/283
f 288/413/261 287/411/259 302/438/282
f 296/414/262 295/412/260 310/439/283
f 288/413/261 303/440/284 304/426/272
f 309/437/281 308/435/279 323/442/286
f 301/436/280 316/458/300 317/444/288
f 309/437/281 324/443/287 325/445/289
f 303/440/284 302/438/282 317/444/288
f 311/441/285 310/439/283 325/445/289
f 303/440/284 318/446/290 319/448/292
f 311/441/285 326/447/291 327/449/293
f 305/427/273 304/426/272 319/448/292
f 313/428/274 312/425/271 327/449/293
f 306/429/275 305/427/273 320/450/294
f 306/429/275 321/452/296 322/456/298
f 299/431/276 314/454/297 315/457/299
f 307/433/277 322/456/298 323/442/286
f 301/436/280 300/434/278 315/457/299
f 327/449/293 342/475/315 343/459/301
f 321/452/296 320/450/294 335/460/302
f 321/452/296 336/461/303 337/465/305
f 314/454/297 329/463/304 330/466/306
f 322/456/298 337/465/305 338/467/307
f 316/458/300 315/457/299 330/466/306
f 324/443/287 323/442/286 338/467/307
f 316/458/300 331/468/308 332/470/310
f 324/443/287 339/469/309 340/471/311
f 318/446/290 317/444/288 332/470/310
f 326/447/291 325/445/289 340/471/311
f 318/446/290 333/472/312 334/474/314
f 326/447/291 341/473/313 342/475/315
f 320/450/294 319/448/292 334/474/314
f 331/468/308 346/491/329 347/476/316
f 339/469/309 354/492/330 355/477/317
f 333/472/312 332/470/310 347/476/316
f 340/471/311 355/477/317 356/479/319
f 333/472/312 348/478/318 349/480/320
f 342/475/315 341/473/313 356/479/319
f 335/460/302 334/474/314 349/480/320
f 343/459/301 342/475/315 357/481/321
f 336/461/303 335/460/302 350/482/322
f 336/461/303 351/484/324 352/488/326
f 329/463/304 344/486/325 345/489/327
f 337/465/305 352/488/326 353/490/328
f 330/466/306 345/489/327 346/491/329
f 339/469/309 338/467/307 353/490/328
f 351/484/324 350/482/322 365/493/331
f 351/484/324 366/494/332 367/499/335
f 345/489/327 344/486/325 359/496/333
f 352/488/326 367/499/335 368/501/337
f 346/491/329 345/489/327 360/500/336
f 354/492/330 353/490/328 368/501/337
f 346/491/329 361/502/338 362/504/340
f 354/492/330 369/503/339 370/505/341
f 348/478/318 347/476/316 362/504/340
f 356/479/319 355/477/317 370/505/341
f 348/478/318 363/506/342 364/508/344
f 356/479/319 371/507/343 372/509/345
f 350/482/322 349/480/320 364/508/344
f 357/481/321 372/509/345 373/498/334
f 369/503/339 384/526/360 385/510/346
f 363/506/342 362/504/340 377/511/347
f 371/507/343 370/505/341 385/510/346
f 363/506/342 378/512/348 379/514/350
f 371/507/343 386/513/349 387/515/351
f 365/493/331 364/508/344 379/514/350
f 372/509/345 387/515/351 388/517/353
f 366/494/332 365/493/331 380/516/352
f 366/494/332 381/518/354 382/522/356
f 359/496/333 374/520/355 375/523/357
f 367/499/335 382/522/356 383/524/358
f 360/500/336 375/523/357 376/525/359
f 369/503/339 368/501/337 383/524/358
f 361/502/338 376/525/359 377/511/347
f 381/518/354 396/543/375 397/531/363
f 374/520/355 389/528/361 390/532/364
f 382/522/356 397/531/363 398/533/365
f 375/523/357 390/532/364 391/534/366
f 384/526/360 383/524/358 398/533/365
f 376/525/359 391/534/366 392/536/368
f 384/526/360 399/535/367 400/537/369
f 378/512/348 377/511/347 392/536/368
f 386/513/349 385/510/346 400/537/369
f 378/512/348 393/538/370 394/540/372
f 386/513/349 401/539/371 402/541/373
f 380/516/352 379/514/350 394/540/372
f 387/515/351 402/541/373 403/530/362
f 381/518/354 380/516/352 395/542/374
f 393/538/370 392/536/368 407/544/376
f 401/539/371 400/537/369 415/546/378
f 393/538/370 408/545/377 409/548/380
f 401/539/371 416/547/379 417/549/381
f 395/542/374 394/540/372 409/548/380
f 403/530/362 402/541/373 417/549/381
f 396/543/375 395/542/374 410/550/382
f 396/543/375 411/552/70 412/556/385
f 389/528/361 404/554/384 405/557/386
f 397/531/363 412/556/385 413/558/387
f 391/534/366 390/532/364 405/557/386
f 399/535/367 398/533/365 413/558/387
f 391/534/366 406/559/388 407/544/376
f 399/535/367 414/560/389 415/546/378
f 411/552/70 426/574/403 427/561/390
f 404/554/384 419/576/404 420/562/391
f 412/556/385 427/561/390 428/563/392
f 405/557/386 420/562/391 421/564/393
f 414/560/389 413/558/387 428/563/392
f 406/559/388 421/564/393 422/566/395
f 414/560/389 429/565/394 430/567/396
f 408/545/377 407/544/376 422/566/395
f 416/547/379 415/546/378 430/567/396
f 408/545/377 423/568/397 424/570/399
f 416/547/379 431/569/398 432/571/400
f 410/550/382 409/548/380 424/570/399
f 417/549/381 432/571/400 433/573/402
f 411/552/70 410/550/382 425/572/401
f 431/569/398 430/567/396 445/578/405
f 423/568/397 438/594/419 439/580/407
f 431/569/398 446/579/406 447/581/408
f 425/572/401 424/570/399 439/580/407
f 432/571/400 447/581/408 448/583/410
f 426/574/403 425/572/401 440/582/409
f 426/574/403 441/584/411 442/588/413
f 420/562/391 419/576/404 434/586/412
f 427/561/390 442/588/413 443/590/415
f 420/562/391 435/589/414 436/591/416
f 429/565/394 428/563/392 443/590/415
f 421/564/393 436/591/416 437/593/418
f 429/565/394 444/592/417 445/578/405
f 423/568/397 422/566/395 437/593/418
f 442/588/413 457/610/433 458/595/420
f 435/589/414 450/611/434 451/596/421
f 444/592/417 443/590/415 458/595/420
f 436/591/416 451/596/421 452/598/423
f 444/592/417 459/597/422 460/599/424
f 438/594/419 437/593/418 452/598/423
f 446/579/406 445/578/405 460/599/424
f 438/594/419 453/600/425 454/602/427
f 446/579/406 461/601/426 462/603/428
f 440/582/409 439/580/407 454/602/427
f 448/583/410 447/581/408 462/603/428
f 441/584/411 440/582/409 455/604/429
f 441/584/411 456/606/431 457/610/433
f 435/589/414 434/586/412 449/608/432
f 461/601/426 476/628/449 477/612/435
f 455/604/429 454/602/427 469/613/436
f 463/605/430 462/603/428 477/612/435
f 456/606/431 455/604/429 470/614/437
f 456/606/431 471/616/439 472/620/441
f 449/608/432 464/618/440 465/621/442
f 457/610/433 472/620/441 473/622/443
f 450/611/434 465/621/442 466/623/444
f 459/597/422 458/595/420 473/622/443
f 451/596/421 466/623/444 467/625/446
f 459/597/422 474/624/445 475/626/447
f 453/600/425 452/598/423 467/625/446
f 461/601/426 460/599/424 475/626/447
f 453/600/425 468/627/448 469/613/436
f 465/621/442 481/645/464 482/629/450
f 474/624/445 473/622/443 489/630/451
f 466/623/444 482/629/450 483/632/453
f 474/624/445 490/631/452 491/633/454
f 468/627/448 467/625/446 483/632/453
f 476/628/449 475/626/447 491/633/454
f 468/627/448 484/634/455 485/636/457
f 476/628/449 492/635/456 493/637/458
f 470/614/437 469/613/436 485/636/457
f 477/612/435 493/637/458 494/639/460
f 471/616/439 470/614/437 486/638/459
f 471/616/439 487/640/461 488/644/463
f 464/618/440 480/642/462 481/645/464
f 472/620/441 488/644/463 489/630/451
f 486/638/459 485/636/457 500/646/465
f 493/637/458 508/662/479 509/648/467
f 487/640/461 486/638/459 501/647/466
f 487/640/461 502/649/468 503/653/470
f 480/642/462 495/651/469 496/654/471
f 488/644/463 503/653/470 504/655/472
f 481/645/464 496/654/471 497/656/473
f 490/631/452 489/630/451 504/655/472
f 482/629/450 497/656/473 498/658/475
f 490/631/452 505/657/474 506/659/476
f 483/632/453 498/658/475 499/660/477
f 492/635/456 491/633/454 506/659/476
f 484/634/455 499/660/477 500/646/465
f 492/635/456 507/661/478 508/662/479
f 505/657/474 504/655/472 519/663/480
f 497/656/473 512/679/494 513/665/482
f 505/657/474 520/664/481 521/666/483
f 499/660/477 498/658/475 513/665/482
f 507/661/478 506/659/476 521/666/483
f 499/660/477 514/667/484 515/669/486
f 507/661/478 522/668/485 523/670/487
f 501/647/466 500/646/465 515/669/486
f 508/662/479 523/670/487 524/672/489
f 502/649/468 501/647/466 516/671/488
f 502/649/468 517/673/490 518/677/492
f 495/651/469 510/675/491 511/678/493
f 503/653/470 518/677/492 519/663/480
f 496/654/471 511/678/493 512/679/494
f 523/670/487 538/696/509 539/680/495
f 517/673/490 516/671/488 531/681/496
f 517/673/490 532/682/497 533/686/499
f 510/675/491 525/684/498 526/687/500
f 518/677/492 533/686/499 534/688/501
f 512/679/494 511/678/493 526/687/500
f 520/664/481 519/663/480 534/688/501
f 512/679/494 527/689/502 528/691/504
f 520/664/481 535/690/503 536/692/505
f 514/667/484 513/665/482 528/691/504
f 522/668/485 521/666/483 536/692/505
f 514/667/484 529/693/506 530/695/508
f 522/668/485 537/694/507 538/696/509
f 516/671/488 515/669/486 530/695/508
f 527/697/502 542/727/523 543/698/510
f 535/700/503 550/728/524 551/701/511
f 529/703/506 528/699/504 543/698/510
f 537/705/507 536/702/505 551/701/511
f 529/703/506 544/704/512 545/707/514
f 537/705/507 552/706/513 553/709/515
f 531/711/496 530/708/508 545/707/514
f 538/710/509 553/709/515 554/713/517
f 532/715/497 531/711/496 546/712/516
f 532/715/497 547/716/518 548/721/520
f 525/717/498 540/719/519 541/723/521
f 533/722/499 548/721/520 549/725/522
f 527/697/502 526/724/500 541/723/521
f 535/700/503 534/726/501 549/725/522
f 547/716/518 546/712/516 561/729/525
f 547/716/518 562/730/526 563/735/529
f 540/719/519 555/732/527 556/736/530
f 548/721/520 563/735/529 564/737/531
f 542/727/523 541/723/521 556/736/530
f 550/728/524 549/725/522 564/737/531
f 542/727/523 557/738/532 558/740/534
f 550/728/524 565/739/533 566/741/535
f 544/704/512 543/698/510 558/740/534
f 552/706/513 551/701/511 566/741/535
f 544/704/512 559/742/536 560/744/538
f 552/706/513 567/743/537 568/745/539
f 546/712/516 545/707/514 560/744/538
f 553/709/515 568/745/539 569/734/528
f 565/739/533 580/762/554 581/746/540
f 559/742/536 558/740/534 573/747/541
f 567/743/537 566/741/535 581/746/540
f 559/742/536 574/748/542 575/750/544
f 568/745/539 567/743/537 582/749/543
f 561/729/525 560/744/538 575/750/544
f 568/745/539 583/751/545 584/753/547
f 562/730/526 561/729/525 576/752/546
f 562/730/526 577/754/548 578/758/550
f 556/736/530 555/732/527 570/756/549
f 563/735/529 578/758/550 579/760/552
f 556/736/530 571/759/551 572/761/553
f 565/739/533 564/737/531 579/760/552
f 557/738/532 572/761/553 573/747/541
f 577/754/548 592/777/568 593/765/556
f 570/756/549 585/779/569 586/766/557
f 578/758/550 593/765/556 594/767/558
f 572/761/553 571/759/551 586/766/557
f 580/762/554 579/760/552 594/767/558
f 572/761/553 587/768/559 588/770/561
f 580/762/554 595/769/560 596/771/562
f 574/748/542 573/747/541 588/770/561
f 582/749/543 581/746/540 596/771/562
f 574/748/542 589/772/563 590/774/565
f 582/749/543 597/773/564 598/775/566
f 576/752/546 575/750/544 590/774/565
f 583/751/545 598/775/566 599/764/555
f 577/754/548 576/752/546 591/776/567
f 597/773/564 596/771/562 611/780/570
f 589/772/563 604/796/584 605/782/572
f 597/773/564 612/781/571 613/783/573
f 591/776/567 590/774/565 605/782/572
f 598/775/566 613/783/573 614/785/575
f 592/777/568 591/776/567 606/784/574
f 592/777/568 607/786/576 608/790/578
f 585/779/569 600/788/577 601/791/579
f 593/765/556 608/790/578 609/792/580
f 587/768/559 586/766/557 601/791/579
f 595/769/560 594/767/558 609/792/580
f 587/768/559 602/793/581 603/795/583
f 595/769/560 610/794/582 611/780/570
f 589/772/563 588/770/561 603/795/583
f 601/791/579 600/788/577 615/797/585
f 608/790/578 623/813/599 624/799/587
f 601/791/579 616/798/586 617/800/588
f 610/794/582 609/792/580 624/799/587
f 602/793/581 617/800/588 618/802/590
f 610/794/582 625/801/589 626/803/591
f 604/796/584 603/795/583 618/802/590
f 612/781/571 611/780/570 626/803/591
f 604/796/584 619/804/592 620/806/594
f 612/781/571 627/805/593 628/807/595
f 606/784/574 605/782/572 620/806/594
f 613/783/573 628/807/595 629/809/597
f 607/786/576 606/784/574 621/808/596
f 607/786/576 622/810/598 623/813/599
f 619/804/592 634/829/613 635/814/600
f 627/805/593 642/830/614 643/815/601
f 621/808/596 620/806/594 635/814/600
f 629/809/597 628/807/595 643/815/601
f 622/810/598 621/808/596 636/816/602
f 622/810/598 637/818/604 638/822/606
f 615/797/585 630/820/605 631/823/607
f 623/813/599 638/822/606 639/824/608
f 617/800/588 616/798/586 631/823/607
f 625/801/589 624/799/587 639/824/608
f 617/800/588 632/825/609 633/827/611
f 625/801/589 640/826/610 641/828/612
f 619/804/592 618/802/590 633/827/611
f 627/805/593 626/803/591 641/828/612
f 638/822/606 176/277/138 649/279/140
f 632/825/609 631/823/607 646/274/135
f 639/824/608 649/279/140 177/283/144
f 633/827/611 632/825/609 172/280/141
f 640/826/610 177/283/144 650/287/148
f 634/829/613 633/827/611 647/284/145
f 642/830/614 641/828/612 650/287/148
f 635/814/600 634/829/613 173/288/149
f 642/830/614 651/291/152 652/295/156
f 636/816/602 635/814/600 648/292/153
f 643/815/601 652/295/156 653/299/160
f 637/818/604 636/816/602 174/296/157
f 637/818/604 175/301/68 176/277/138
f 631/823/607 630/820/605 645/302/162
f 693/833/615 724/834/616 687/833/617
f 683/835/615 680/836/618 731/837/619
f 685/838/620 692/839/621 730/840/622
f 684/841/623 691/842/624 729/843/625
f 686/844/626 690/845/627 728/846/628
f 655/847/629 697/848/630 662/849/631
f 698/850/632 661/851/633 658/852/634
f 725/853/628 670/854/626 700/855/628
f 681/856/635 701/857/636 664/858/637
f 702/859/638 671/860/639 655/861/629
f 722/862/625 667/863/623 704/864/625
f 677/865/640 705/866/641 668/867/642
f 706/868/643 707/869/644 658/870/634
f 655/871/629 671/872/639 708/873/645
f 658/874/634 709/875/646 665/876/647
f 710/877/648 660/878/649 677/879/640
f 718/880/622 669/881/620 712/882/622
f 677/883/640 713/884/650 663/885/651
f 714/886/652 715/887/653 681/888/635
f 717/889/619 666/890/615 716/891/619
f 685/838/620 723/892/654 657/892/655
f 669/881/620 727/838/656 685/838/620
f 684/841/623 724/834/616 656/834/657
f 667/863/623 711/841/658 684/841/623
f 683/835/615 703/893/659 659/893/660
f 666/890/615 699/835/617 683/835/615
f 670/854/626 682/894/661 678/854/661
f 696/894/626 723/892/654 682/894/661
f 669/881/620 719/895/656 688/881/656
f 695/895/620 703/896/659 719/895/656
f 667/863/623 726/897/658 721/863/658
f 694/897/623 689/898/662 726/897/658
f 717/889/619 676/899/70 714/886/652
f 691/842/624 714/886/652 664/858/637
f 691/842/624 693/833/615 717/889/619
f 681/888/635 715/887/653 668/900/642
f 681/901/635 664/858/637 714/886/652
f 668/900/642 715/887/653 677/902/640
f 715/887/653 713/884/650 677/883/640
f 718/880/622 675/903/663 710/877/648
f 680/904/618 710/877/648 663/905/651
f 680/904/618 695/895/620 718/880/622
f 721/863/658 748/841/664 711/841/658
f 677/906/640 663/905/651 710/877/648
f 726/897/658 744/898/665 742/897/664
f 688/881/656 747/838/666 727/838/656
f 660/878/649 709/875/646 658/874/634
f 706/868/643 708/873/645 674/907/35
f 661/908/633 655/909/629 706/868/643
f 720/844/661 744/898/665 689/898/662
f 658/870/634 707/869/644 660/910/649
f 719/895/656 756/896/667 741/895/666
f 658/911/634 661/908/633 706/868/643
f 660/910/649 707/869/644 677/912/640
f 707/869/644 705/866/641 677/865/640
f 722/862/625 673/913/668 702/859/638
f 690/845/627 702/859/638 662/849/631
f 690/845/627 694/897/623 722/862/625
f 721/863/658 742/897/664 751/863/664
f 679/890/617 753/833/669 752/890/669
f 655/914/629 662/849/631 702/859/638
f 678/854/661 743/844/670 720/844/661
f 671/860/639 701/857/636 681/856/635
f 725/853/628 672/915/671 698/850/632
f 692/839/621 698/850/632 665/876/647
f 692/839/621 696/894/626 725/853/628
f 679/890/617 746/835/669 699/835/617
f 682/894/661 750/892/672 749/894/670
f 658/916/634 665/876/647 698/850/632
f 687/833/617 755/834/673 753/833/669
f 711/841/658 755/834/673 724/834/616
f 661/851/633 697/848/630 655/847/629
f 728/846/628 662/849/631 697/848/630
f 700/855/628 697/848/630 672/915/671
f 670/854/626 728/846/628 700/855/628
f 729/843/625 664/858/637 701/857/636
f 704/864/625 701/857/636 673/913/668
f 667/863/623 729/843/625 704/864/625
f 705/866/641 681/917/635 668/867/642
f 708/873/645 705/866/641 674/907/35
f 708/873/645 671/872/639 681/918/635
f 730/840/622 665/876/647 709/875/646
f 712/882/622 709/875/646 675/903/663
f 669/881/620 730/840/622 712/882/622
f 731/837/619 663/885/651 713/884/650
f 716/891/619 713/884/650 676/899/70
f 666/890/615 731/837/619 716/891/619
f 686/844/626 689/898/662 654/898/674
f 670/854/626 720/844/661 686/844/626
f 666/890/615 687/833/617 679/890/617
f 688/881/656 741/895/666 745/881/666
f 727/838/656 750/892/672 723/892/654
f 678/854/661 749/894/670 754/854/670
f 699/835/617 756/893/667 703/893/659
f 754/854/670 735/844/675 743/844/670
f 752/890/669 769/833/676 768/890/676
f 753/833/669 771/834/677 769/833/676
f 748/841/664 771/834/677 755/834/673
f 746/835/669 772/893/678 756/893/667
f 751/863/664 737/897/679 767/863/679
f 752/890/669 760/835/676 746/835/669
f 742/897/664 732/898/680 737/897/679
f 747/838/666 766/892/681 750/892/672
f 754/854/670 765/894/675 770/854/675
f 745/881/666 740/895/682 757/881/682
f 741/895/666 772/896/678 740/895/682
f 751/863/664 764/841/679 748/841/664
f 743/844/670 732/898/680 744/898/665
f 749/894/670 766/892/681 765/894/675
f 745/881/666 761/838/682 747/838/666
f 765/919/675 758/920/2 770/921/675
f 734/922/2 736/923/2 759/924/2
f 762/925/2 759/924/2 758/920/2
f 733/926/2 764/841/679 767/863/679
f 739/927/2 768/928/676 736/923/2
f 761/929/682 734/922/2 762/925/2
f 763/930/2 771/834/677 764/841/679
f 758/920/2 733/926/2 738/931/2
f 736/923/2 769/932/676 763/930/2
f 759/924/2 763/930/2 733/926/2
f 770/921/675 738/931/2 735/933/675
f 740/934/682 760/935/676 739/927/2
f 735/933/675 737/897/679 732/898/680
f 738/931/2 767/863/679 737/897/679
f 766/936/681 762/925/2 765/919/675
f 757/937/682 739/927/2 734/922/2
f 693/833/615 656/834/657 724/834/616
f 683/835/615 659/893/660 680/836/618
f 685/838/620 657/892/655 692/839/621
f 684/841/623 656/834/657 691/842/624
f 686/844/626 654/898/674 690/845/627
f 698/850/632 672/915/671 661/851/633
f 725/853/628 696/894/626 670/854/626
f 702/859/638 673/913/668 671/860/639
f 722/862/625 694/897/623 667/863/623
f 706/868/643 674/907/35 707/869/644
f 710/877/648 675/903/663 660/878/649
f 718/880/622 695/895/620 669/881/620
f 714/886/652 676/899/70 715/887/653
f 717/889/619 693/833/615 666/890/615
f 685/838/620 727/838/656 723/892/654
f 669/881/620 688/881/656 727/838/656
f 684/841/623 711/841/658 724/834/616
f 667/863/623 721/863/658 711/841/658
f 683/835/615 699/835/617 703/893/659
f 666/890/615 679/890/617 699/835/617
f 670/854/626 696/894/626 682/894/661
f 696/894/626 657/892/655 723/892/654
f 669/881/620 695/895/620 719/895/656
f 695/895/620 659/896/660 703/896/659
f 667/863/623 694/897/623 726/897/658
f 694/897/623 654/898/674 689/898/662
f 717/889/619 716/891/619 676/899/70
f 691/842/624 717/889/619 714/886/652
f 691/842/624 656/834/657 693/833/615
f 715/887/653 676/899/70 713/884/650
f 718/880/622 712/882/622 675/903/663
f 680/904/618 718/880/622 710/877/648
f 680/904/618 659/896/660 695/895/620
f 721/863/658 751/863/664 748/841/664
f 726/897/658 689/898/662 744/898/665
f 688/881/656 745/881/666 747/838/666
f 660/878/649 675/903/663 709/875/646
f 706/868/643 655/909/629 708/873/645
f 720/844/661 743/844/670 744/898/665
f 719/895/656 703/896/659 756/896/667
f 707/869/644 674/907/35 705/866/641
f 722/862/625 704/864/625 673/913/668
f 690/845/627 722/862/625 702/859/638
f 690/845/627 654/898/674 694/897/623
f 721/863/658 726/897/658 742/897/664
f 679/890/617 687/833/617 753/833/669
f 678/854/661 754/854/670 743/844/670
f 671/860/639 673/913/668 701/857/636
f 725/853/628 700/855/628 672/915/671
f 692/839/621 725/853/628 698/850/632
f 692/839/621 657/892/655 696/894/626
f 679/890/617 752/890/669 746/835/669
f 682/894/661 723/892/654 750/892/672
f 687/833/617 724/834/616 755/834/673
f 711/841/658 748/841/664 755/834/673
f 661/851/633 672/915/671 697/848/630
f 728/846/628 690/845/627 662/849/631
f 700/855/628 728/846/628 697/848/630
f 670/854/626 686/844/626 728/846/628
f 729/843/625 691/842/624 664/858/637
f 704/864/625 729/843/625 701/857/636
f 667/863/623 684/841/623 729/843/625
f 708/873/645 681/918/635 705/866/641
f 730/840/622 692/839/621 665/876/647
f 712/882/622 730/840/622 709/875/646
f 669/881/620 685/838/620 730/840/622
f 731/837/619 680/836/618 663/885/651
f 716/891/619 731/837/619 713/884/650
f 666/890/615 683/835/615 731/837/619
f 686/844/626 720/844/661 689/898/662
f 670/854/626 678/854/661 720/844/661
f 666/890/615 693/833/615 687/833/617
f 688/881/656 719/895/656 741/895/666
f 727/838/656 747/838/666 750/892/672
f 678/854/661 682/894/661 749/894/670
f 699/835/617 746/835/669 756/893/667
f 754/854/670 770/854/675 735/844/675
f 752/890/669 753/833/669 769/833/676
f 753/833/669 755/834/673 771/834/677
f 748/841/664 764/841/679 771/834/677
f 746/835/669 760/835/676 772/893/678
f 751/863/664 742/897/664 737/897/679
f 752/890/669 768/890/676 760/835/676
f 742/897/664 744/898/665 732/898/680
f 747/838/666 761/838/682 766/892/681
f 754/854/670 749/894/670 765/894/675
f 745/881/666 741/895/666 740/895/682
f 741/895/666 756/896/667 772/896/678
f 751/863/664 767/863/679 764/841/679
f 743/844/670 735/844/675 732/898/680
f 749/894/670 750/892/672 766/892/681
f 745/881/666 757/881/682 761/838/682
f 765/919/675 762/925/2 758/920/2
f 734/922/2 739/927/2 736/923/2
f 762/925/2 734/922/2 759/924/2
f 733/926/2 763/930/2 764/841/679
f 739/927/2 760/935/676 768/928/676
f 761/929/682 757/937/682 734/922/2
f 763/930/2 769/932/676 771/834/677
f 758/920/2 759/924/2 733/926/2
f 736/923/2 768/928/676 769/932/676
f 759/924/2 736/923/2 763/930/2
f 770/921/675 758/920/2 738/931/2
f 740/934/682 772/938/678 760/935/676
f 735/933/675 738/931/2 737/897/679
f 738/931/2 733/926/2 767/863/679
f 766/936/681 761/929/682 762/925/2
f 757/937/682 740/934/682 739/927/2
f 1247/939/683 780/940/684 779/941/685
f 777/942/686 1250/943/687 788/944/688
f 773/945/689 781/946/690 780/940/684
f 1250/943/687 778/947/691 789/948/692
f 1248/949/693 782/950/694 781/946/690
f 778/947/691 1251/951/695 790/952/696
f 774/953/697 783/954/698 782/950/694
f 1251/951/695 1252/955/699 791/956/700
f 1249/957/701 784/958/702 783/954/698
f 1252/955/699 1253/959/703 792/960/704
f 775/961/705 785/962/706 784/958/702
f 1253/959/703 1254/963/707 793/964/708
f 775/961/705 776/965/68 786/966/709
f 1246/967/710 779/941/685 854/968/711
f 1080/969/712 793/964/708 1254/963/707
f 776/965/68 777/942/686 787/970/713
f 779/941/685 794/971/714 854/972/711
f 1080/973/712 808/974/715 793/964/708
f 786/966/709 787/970/713 802/975/716
f 779/941/685 780/940/684 795/976/717
f 787/970/713 788/944/688 803/977/718
f 780/940/684 781/946/690 796/978/719
f 788/944/688 789/948/692 804/979/720
f 781/946/690 782/950/694 797/980/721
f 789/948/692 790/952/696 805/981/722
f 782/950/694 783/954/698 798/982/723
f 791/956/700 806/983/724 805/981/722
f 783/954/698 784/958/702 799/984/725
f 792/960/704 807/985/726 806/983/724
f 785/962/706 800/986/727 799/984/725
f 792/960/704 793/964/708 808/974/715
f 785/962/706 786/966/709 801/987/728
f 797/980/721 798/982/723 813/988/729
f 806/983/724 821/989/730 820/990/731
f 798/982/723 799/984/725 814/991/732
f 806/983/724 807/985/726 822/992/733
f 799/984/725 800/986/727 815/993/734
f 807/985/726 808/974/715 823/994/735
f 800/986/727 801/987/728 816/995/736
f 794/971/714 809/996/737 854/997/711
f 1080/998/712 823/994/735 808/974/715
f 802/975/716 817/999/738 816/995/736
f 794/971/714 795/976/717 810/1000/739
f 802/975/716 803/977/718 818/1001/740
f 795/976/717 796/978/719 811/1002/741
f 804/979/720 819/1003/742 818/1001/740
f 796/978/719 797/980/721 812/1004/743
f 805/981/722 820/990/731 819/1003/742
f 816/995/736 817/999/738 832/1005/744
f 809/996/737 810/1000/739 825/1006/745
f 817/999/738 818/1001/740 833/1007/746
f 810/1000/739 811/1002/741 826/1008/747
f 819/1003/742 834/1009/748 833/1007/746
f 811/1002/741 812/1004/743 827/1010/749
f 819/1003/742 820/990/731 835/1011/750
f 812/1004/743 813/988/729 828/1012/751
f 820/990/731 821/989/730 836/1013/752
f 813/988/729 814/991/732 829/1014/753
f 821/989/730 822/992/733 837/1015/754
f 815/993/734 830/1016/755 829/1014/753
f 822/992/733 823/994/735 838/1017/756
f 816/995/736 831/1018/757 830/1016/755
f 809/996/737 824/1019/758 854/1020/711
f 1080/1021/712 838/1017/756 823/994/735
f 835/1011/750 836/1013/752 851/1022/759
f 828/1012/751 829/1014/753 844/1023/760
f 837/1015/754 852/1024/761 851/1022/759
f 830/1016/755 845/1025/762 844/1023/760
f 837/1015/754 838/1017/756 853/1026/763
f 831/1018/757 846/1027/764 845/1025/762
f 824/1019/758 839/1028/765 854/1029/711
f 1080/1030/712 853/1026/763 838/1017/756
f 831/1018/757 832/1005/744 847/1031/766
f 824/1019/758 825/1006/745 840/1032/767
f 832/1005/744 833/1007/746 848/1033/768
f 825/1006/745 826/1008/747 841/1034/769
f 834/1009/748 849/1035/770 848/1033/768
f 826/1008/747 827/1010/749 842/1036/771
f 834/1009/748 835/1011/750 850/1037/772
f 828/1012/751 843/1038/773 842/1036/771
f 839/1028/765 840/1032/767 856/1039/774
f 847/1031/766 848/1033/768 864/1040/775
f 840/1032/767 841/1034/769 857/1041/776
f 849/1035/770 865/1042/777 864/1040/775
f 841/1034/769 842/1036/771 858/1043/778
f 849/1035/770 850/1037/772 866/1044/779
f 843/1038/773 859/1045/780 858/1043/778
f 850/1037/772 851/1022/759 867/1046/781
f 843/1038/773 844/1023/760 860/1047/782
f 851/1022/759 852/1024/761 868/1048/783
f 845/1025/762 861/1049/784 860/1047/782
f 853/1026/763 869/1050/785 868/1048/783
f 846/1027/764 862/1051/786 861/1049/784
f 839/1028/765 855/1052/787 854/1053/711
f 1080/1054/712 869/1050/785 853/1026/763
f 846/1027/764 847/1031/766 863/1055/788
f 859/1045/780 860/1047/782 875/1056/789
f 868/1048/783 883/1057/790 882/1058/791
f 861/1049/784 876/1059/792 875/1056/789
f 868/1048/783 869/1050/785 884/1060/793
f 862/1051/786 877/1061/794 876/1059/792
f 855/1052/787 870/1062/795 854/1063/711
f 1080/1064/712 884/1060/793 869/1050/785
f 862/1051/786 863/1055/788 878/1065/796
f 856/1039/774 871/1066/797 870/1062/795
f 863/1055/788 864/1040/775 879/1067/798
f 856/1039/774 857/1041/776 872/1068/799
f 865/1042/777 880/1069/800 879/1067/798
f 857/1041/776 858/1043/778 873/1070/801
f 865/1042/777 866/1044/779 881/1071/802
f 859/1045/780 874/1072/803 873/1070/801
f 867/1046/781 882/1058/791 881/1071/802
f 878/1065/796 879/1067/798 894/1073/804
f 871/1066/797 872/1068/799 887/1074/805
f 880/1069/800 895/1075/806 894/1073/804
f 872/1068/799 873/1070/801 888/1076/807
f 880/1069/800 881/1071/802 896/1077/808
f 874/1072/803 889/1078/809 888/1076/807
f 882/1058/791 897/1079/810 896/1077/808
f 874/1072/803 875/1056/789 890/1080/811
f 882/1058/791 883/1057/790 898/1081/812
f 876/1059/792 891/1082/813 890/1080/811
f 883/1057/790 884/1060/793 899/1083/814
f 877/1061/794 892/1084/815 891/1082/813
f 870/1062/795 885/1085/816 854/1086/711
f 1080/1087/712 899/1083/814 884/1060/793
f 877/1061/794 878/1065/796 893/1088/817
f 871/1066/797 886/1089/818 885/1085/816
f 897/1079/810 898/1081/812 913/1090/819
f 891/1082/813 906/1091/820 905/1092/821
f 898/1081/812 899/1083/814 914/1093/822
f 892/1084/815 907/1094/823 906/1091/820
f 885/1085/816 900/1095/824 854/1096/711
f 1080/1097/712 914/1093/822 899/1083/814
f 892/1084/815 893/1088/817 908/1098/825
f 885/1085/816 886/1089/818 901/1099/826
f 893/1088/817 894/1073/804 909/1100/827
f 886/1089/818 887/1074/805 902/1101/828
f 895/1075/806 910/1102/829 909/1100/827
f 887/1074/805 888/1076/807 903/1103/830
f 895/1075/806 896/1077/808 911/1104/831
f 889/1078/809 904/1105/832 903/1103/830
f 897/1079/810 912/1106/833 911/1104/831
f 889/1078/809 890/1080/811 905/1092/821
f 910/1102/829 925/1107/834 924/1108/835
f 902/1101/828 903/1103/830 918/1109/836
f 910/1102/829 911/1104/831 926/1110/837
f 904/1105/832 919/1111/838 918/1109/836
f 912/1106/833 927/1112/839 926/1110/837
f 904/1105/832 905/1092/821 920/1113/840
f 912/1106/833 913/1090/819 928/1114/841
f 906/1091/820 921/1115/842 920/1113/840
f 914/1093/822 929/1116/843 928/1114/841
f 907/1094/823 922/1117/844 921/1115/842
f 900/1095/824 915/1118/845 854/1119/711
f 1080/1120/712 929/1116/843 914/1093/822
f 907/1094/823 908/1098/825 923/1121/846
f 900/1095/824 901/1099/826 916/1122/847
f 908/1098/825 909/1100/827 924/1108/835
f 902/1101/828 917/1123/848 916/1122/847
f 928/1114/841 929/1116/843 944/1124/849
f 922/1117/844 937/1125/850 936/1126/851
f 915/1118/845 930/1127/852 854/1128/711
f 1080/1129/712 944/1124/849 929/1116/843
f 922/1117/844 923/1121/846 938/1130/853
f 915/1118/845 916/1122/847 931/1131/854
f 923/1121/846 924/1108/835 939/1132/855
f 917/1123/848 932/1133/856 931/1131/854
f 925/1107/834 940/1134/857 939/1132/855
f 917/1123/848 918/1109/836 933/1135/858
f 925/1107/834 926/1110/837 941/1136/859
f 919/1111/838 934/1137/860 933/1135/858
f 927/1112/839 942/1138/861 941/1136/859
f 919/1111/838 920/1113/840 935/1139/862
f 927/1112/839 928/1114/841 943/1140/863
f 921/1115/842 936/1126/851 935/1139/862
f 932/1133/856 933/1135/858 948/1141/864
f 940/1134/857 941/1136/859 956/1142/865
f 934/1137/860 949/1143/866 948/1141/864
f 941/1136/859 942/1138/861 957/1144/867
f 934/1137/860 935/1139/862 950/1145/868
f 943/1140/863 958/1146/869 957/1144/867
f 936/1126/851 951/1147/870 950/1145/868
f 944/1124/849 959/1148/871 958/1146/869
f 937/1125/850 952/1149/872 951/1147/870
f 930/1127/852 945/1150/873 854/1151/711
f 1080/1152/712 959/1148/871 944/1124/849
f 937/1125/850 938/1130/853 953/1153/874
f 930/1127/852 931/1131/854 946/1154/875
f 938/1130/853 939/1132/855 954/1155/876
f 931/1131/854 932/1133/856 947/1156/877
f 940/1134/857 955/1157/878 954/1155/876
f 952/1149/872 967/1158/879 966/1159/880
f 945/1150/873 960/1160/881 854/1161/711
f 1080/1162/712 974/1163/882 959/1148/871
f 952/1149/872 953/1153/874 968/1164/883
f 946/1154/875 961/1165/884 960/1160/881
f 953/1153/874 954/1155/876 969/1166/885
f 947/1156/877 962/1167/886 961/1165/884
f 955/1157/878 970/1168/887 969/1166/885
f 947/1156/877 948/1141/864 963/1169/888
f 955/1157/878 956/1142/865 971/1170/889
f 949/1143/866 964/1171/890 963/1169/888
f 957/1144/867 972/1172/891 971/1170/889
f 949/1143/866 950/1145/868 965/1173/892
f 957/1144/867 958/1146/869 973/1174/893
f 951/1147/870 966/1159/880 965/1173/892
f 958/1146/869 959/1148/871 974/1163/882
f 970/1168/887 971/1170/889 986/1175/894
f 964/1171/890 979/1176/895 978/1177/896
f 972/1172/891 987/1178/897 986/1175/894
f 964/1171/890 965/1173/892 980/1179/898
f 972/1172/891 973/1174/893 988/1180/899
f 966/1159/880 981/1181/900 980/1179/898
f 973/1174/893 974/1163/882 989/1182/901
f 967/1158/879 982/1183/902 981/1181/900
f 960/1160/881 975/1184/903 854/1185/711
f 1080/1186/712 989/1182/901 974/1163/882
f 967/1158/879 968/1164/883 983/1187/904
f 960/1160/881 961/1165/884 976/1188/905
f 968/1164/883 969/1166/885 984/1189/906
f 961/1165/884 962/1167/886 977/1190/907
f 970/1168/887 985/1191/908 984/1189/906
f 962/1167/886 963/1169/888 978/1177/896
f 975/1184/903 990/1192/909 854/1193/711
f 1080/1194/712 1004/1195/910 989/1182/901
f 982/1183/902 983/1187/904 998/1196/911
f 975/1184/903 976/1188/905 991/1197/912
f 983/1187/904 984/1189/906 999/1198/913
f 976/1188/905 977/1190/907 992/1199/914
f 985/1191/908 1000/1200/915 999/1198/913
f 977/1190/907 978/1177/896 993/1201/916
f 985/1191/908 986/1175/894 1001/1202/917
f 979/1176/895 994/1203/918 993/1201/916
f 987/1178/897 1002/1204/919 1001/1202/917
f 979/1176/895 980/1179/898 995/1205/920
f 987/1178/897 988/1180/899 1003/1206/921
f 981/1181/900 996/1207/922 995/1205/920
f 988/1180/899 989/1182/901 1004/1195/910
f 982/1183/902 997/1208/923 996/1207/922
f 994/1203/918 1009/1209/924 1008/1210/925
f 1002/1204/919 1017/1211/926 1016/1212/927
f 994/1203/918 995/1205/920 1010/1213/928
f 1002/1204/919 1003/1206/921 1018/1214/929
f 996/1207/922 1011/1215/930 1010/1213/928
f 1004/1195/910 1019/1216/931 1018/1214/929
f 997/1208/923 1012/1217/70 1011/1215/930
f 990/1192/909 1005/1218/932 854/1219/711
f 1080/1220/712 1019/1216/931 1004/1195/910
f 997/1208/923 998/1196/911 1013/1221/933
f 990/1192/909 991/1197/912 1006/1222/934
f 998/1196/911 999/1198/913 1014/1223/935
f 992/1199/914 1007/1224/936 1006/1222/934
f 1000/1200/915 1015/1225/937 1014/1223/935
f 992/1199/914 993/1201/916 1008/1210/925
f 1000/1200/915 1001/1202/917 1016/1212/927
f 1012/1217/70 1013/1221/933 1028/1226/938
f 1005/1218/932 1006/1222/934 1021/1227/939
f 1013/1221/933 1014/1223/935 1029/1228/940
f 1006/1222/934 1007/1224/936 1022/1229/941
f 1015/1225/937 1030/1230/942 1029/1228/940
f 1007/1224/936 1008/1210/925 1023/1231/943
f 1015/1225/937 1016/1212/927 1031/1232/944
f 1009/1209/924 1024/1233/945 1023/1231/943
f 1017/1211/926 1032/1234/946 1031/1232/944
f 1009/1209/924 1010/1213/928 1025/1235/947
f 1017/1211/926 1018/1214/929 1033/1236/948
f 1011/1215/930 1026/1237/949 1025/1235/947
f 1018/1214/929 1019/1216/931 1034/1238/950
f 1012/1217/70 1027/1239/951 1026/1237/949
f 1005/1218/932 1020/1240/952 854/1241/711
f 1080/1242/712 1034/1238/950 1019/1216/931
f 1032/1234/946 1047/1243/953 1046/1244/954
f 1024/1233/945 1025/1235/947 1040/1245/955
f 1032/1234/946 1033/1236/948 1048/1246/956
f 1026/1237/949 1041/1247/957 1040/1245/955
f 1033/1236/948 1034/1238/950 1049/1248/958
f 1027/1239/951 1042/1249/959 1041/1247/957
f 1020/1240/952 1035/1250/960 854/1251/711
f 1080/1252/712 1049/1248/958 1034/1238/950
f 1027/1239/951 1028/1226/938 1043/1253/961
f 1021/1227/939 1036/1254/962 1035/1250/960
f 1028/1226/938 1029/1228/940 1044/1255/963
f 1021/1227/939 1022/1229/941 1037/1256/964
f 1030/1230/942 1045/1257/965 1044/1255/963
f 1022/1229/941 1023/1231/943 1038/1258/966
f 1030/1230/942 1031/1232/944 1046/1244/954
f 1024/1233/945 1039/1259/967 1038/1258/966
f 1043/1253/961 1044/1255/963 1059/1260/968
f 1036/1254/962 1037/1256/964 1052/1261/969
f 1045/1257/965 1060/1262/970 1059/1260/968
f 1037/1256/964 1038/1258/966 1053/1263/971
f 1045/1257/965 1046/1244/954 1061/1264/972
f 1039/1259/967 1054/1265/973 1053/1263/971
f 1047/1243/953 1062/1266/974 1061/1264/972
f 1039/1259/967 1040/1245/955 1055/1267/975
f 1047/1243/953 1048/1246/956 1063/1268/976
f 1041/1247/957 1056/1269/977 1055/1267/975
f 1049/1248/958 1064/1270/978 1063/1268/976
f 1042/1249/959 1057/1271/979 1056/1269/977
f 1035/1250/960 1050/1272/980 854/1273/711
f 1080/1274/712 1064/1270/978 1049/1248/958
f 1042/1249/959 1043/1253/961 1058/1275/981
f 1036/1254/962 1051/1276/982 1050/1272/980
f 1062/1266/974 1063/1268/976 1078/1277/983
f 1056/1269/977 1071/1278/984 1070/1279/985
f 1064/1270/978 1079/1280/986 1078/1277/983
f 1057/1271/979 1072/1281/987 1071/1278/984
f 1050/1272/980 1065/1282/988 854/1283/711
f 1080/1284/712 1079/1280/986 1064/1270/978
f 1057/1271/979 1058/1275/981 1073/1285/989
f 1050/1272/980 1051/1276/982 1066/1286/990
f 1058/1275/981 1059/1260/968 1074/1287/991
f 1051/1276/982 1052/1261/969 1067/1288/992
f 1060/1262/970 1075/1289/993 1074/1287/991
f 1052/1261/969 1053/1263/971 1068/1290/994
f 1060/1262/970 1061/1264/972 1076/1291/995
f 1054/1265/973 1069/1292/996 1068/1290/994
f 1062/1266/974 1077/1293/997 1076/1291/995
f 1054/1265/973 1055/1267/975 1070/1279/985
f 1066/1286/990 1067/1288/992 1083/1294/998
f 1075/1289/993 1091/1295/999 1090/1296/1000
f 1067/1288/992 1068/1290/994 1084/1297/1001
f 1075/1289/993 1076/1291/995 1092/1298/1002
f 1069/1292/996 1085/1299/1003 1084/1297/1001
f 1077/1293/997 1093/1300/1004 1092/1298/1002
f 1069/1292/996 1070/1279/985 1086/1301/1005
f 1077/1293/997 1078/1277/983 1094/1302/1006
f 1071/1278/984 1087/1303/1007 1086/1301/1005
f 1078/1277/983 1079/1280/986 1095/1304/1008
f 1072/1281/987 1088/1305/1009 1087/1303/1007
f 1065/1282/988 1081/1306/1010 854/1307/711
f 1080/1308/712 1095/1304/1008 1079/1280/986
f 1072/1281/987 1073/1285/989 1089/1309/1011
f 1065/1282/988 1066/1286/990 1082/1310/1012
f 1073/1285/989 1074/1287/991 1090/1296/1000
f 1087/1303/1007 1102/1311/1013 1101/1312/1014
f 1094/1302/1006 1095/1304/1008 1110/1313/1015
f 1088/1305/1009 1103/1314/1016 1102/1311/1013
f 1081/1306/1010 1096/1315/1017 854/1316/711
f 1080/1317/712 1110/1313/1015 1095/1304/1008
f 1088/1305/1009 1089/1309/1011 1104/1318/1018
f 1081/1306/1010 1082/1310/1012 1097/1319/1019
f 1089/1309/1011 1090/1296/1000 1105/1320/1020
f 1082/1310/1012 1083/1294/998 1098/1321/1021
f 1091/1295/999 1106/1322/1022 1105/1320/1020
f 1083/1294/998 1084/1297/1001 1099/1323/1023
f 1091/1295/999 1092/1298/1002 1107/1324/1024
f 1084/1297/1001 1085/1299/1003 1100/1325/1025
f 1093/1300/1004 1108/1326/1026 1107/1324/1024
f 1085/1299/1003 1086/1301/1005 1101/1312/1014
f 1093/1300/1004 1094/1302/1006 1109/1327/1027
f 1106/1322/1022 1121/1328/1028 1120/1329/1029
f 1098/1321/1021 1099/1323/1023 1114/1330/1030
f 1106/1322/1022 1107/1324/1024 1122/1331/1031
f 1100/1325/1025 1115/1332/1032 1114/1330/1030
f 1108/1326/1026 1123/1333/1033 1122/1331/1031
f 1100/1325/1025 1101/1312/1014 1116/1334/1034
f 1108/1326/1026 1109/1327/1027 1124/1335/1035
f 1102/1311/1013 1117/1336/1036 1116/1334/1034
f 1109/1327/1027 1110/1313/1015 1125/1337/1037
f 1103/1314/1016 1118/1338/1038 1117/1336/1036
f 1096/1315/1017 1111/1339/1039 854/1340/711
f 1080/1341/712 1125/1337/1037 1110/1313/1015
f 1103/1314/1016 1104/1318/1018 1119/1342/1040
f 1096/1315/1017 1097/1319/1019 1112/1343/1041
f 1104/1318/1018 1105/1320/1020 1120/1329/1029
f 1097/1319/1019 1098/1321/1021 1113/1344/1042
f 1124/1335/1035 1125/1337/1037 1140/1345/1043
f 1118/1338/1038 1133/1346/1044 1132/1347/1045
f 1111/1339/1039 1126/1348/1046 854/1349/711
f 1080/1350/712 1140/1345/1043 1125/1337/1037
f 1118/1338/1038 1119/1342/1040 1134/1351/1047
f 1111/1339/1039 1112/1343/1041 1127/1352/1048
f 1119/1342/1040 1120/1329/1029 1135/1353/1049
f 1113/1344/1042 1128/1354/1050 1127/1352/1048
f 1121/1328/1028 1136/1355/1051 1135/1353/1049
f 1113/1344/1042 1114/1330/1030 1129/1356/1052
f 1121/1328/1028 1122/1331/1031 1137/1357/1053
f 1115/1332/1032 1130/1358/1054 1129/1356/1052
f 1123/1333/1033 1138/1359/1055 1137/1357/1053
f 1115/1332/1032 1116/1334/1034 1131/1360/1056
f 1123/1333/1033 1124/1335/1035 1139/1361/1057
f 1117/1336/1036 1132/1347/1045 1131/1360/1056
f 1128/1362/1050 1129/1363/1052 1144/1364/1058
f 1136/1365/1051 1137/1366/1053 1152/1367/1059
f 1130/1368/1054 1145/1369/1060 1144/1364/1058
f 1138/1370/1055 1153/1371/1061 1152/1367/1059
f 1130/1368/1054 1131/1372/1056 1146/1373/1062
f 1138/1370/1055 1139/1374/1057 1154/1375/1063
f 1132/1376/1045 1147/1377/1064 1146/1373/1062
f 1139/1374/1057 1140/1378/1043 1155/1379/1065
f 1133/1380/1044 1148/1381/1066 1147/1377/1064
f 1126/1382/1046 1141/1383/1067 854/1384/711
f 1080/1385/712 1155/1379/1065 1140/1378/1043
f 1133/1380/1044 1134/1386/1047 1149/1387/1068
f 1126/1382/1046 1127/1388/1048 1142/1389/1069
f 1134/1386/1047 1135/1390/1049 1150/1391/1070
f 1128/1362/1050 1143/1392/1071 1142/1389/1069
f 1136/1365/1051 1151/1393/1072 1150/1391/1070
f 1148/1381/1066 1163/1394/1073 1162/1395/1074
f 1141/1383/1067 1156/1396/1075 854/1397/711
f 1080/1398/712 1170/1399/1076 1155/1379/1065
f 1148/1381/1066 1149/1387/1068 1164/1400/1077
f 1141/1383/1067 1142/1389/1069 1157/1401/1078
f 1149/1387/1068 1150/1391/1070 1165/1402/1079
f 1143/1392/1071 1158/1403/1080 1157/1401/1078
f 1151/1393/1072 1166/1404/1081 1165/1402/1079
f 1143/1392/1071 1144/1364/1058 1159/1405/1082
f 1151/1393/1072 1152/1367/1059 1167/1406/1083
f 1145/1369/1060 1160/1407/1084 1159/1405/1082
f 1153/1371/1061 1168/1408/1085 1167/1406/1083
f 1145/1369/1060 1146/1373/1062 1161/1409/1086
f 1153/1371/1061 1154/1375/1063 1169/1410/1087
f 1147/1377/1064 1162/1395/1074 1161/1409/1086
f 1154/1375/1063 1155/1379/1065 1170/1399/1076
f 1166/1404/1081 1167/1406/1083 1182/1411/1088
f 1160/1407/1084 1175/1412/1089 1174/1413/1090
f 1168/1408/1085 1183/1414/1091 1182/1411/1088
f 1160/1407/1084 1161/1409/1086 1176/1415/1092
f 1169/1410/1087 1184/1416/1093 1183/1414/1091
f 1162/1395/1074 1177/1417/1094 1176/1415/1092
f 1169/1410/1087 1170/1399/1076 1185/1418/1095
f 1163/1394/1073 1178/1419/1096 1177/1417/1094
f 1156/1396/1075 1171/1420/1097 854/1421/711
f 1080/1422/712 1185/1418/1095 1170/1399/1076
f 1163/1394/1073 1164/1400/1077 1179/1423/1098
f 1157/1401/1078 1172/1424/1099 1171/1420/1097
f 1164/1400/1077 1165/1402/1079 1180/1425/1100
f 1157/1401/1078 1158/1403/1080 1173/1426/1101
f 1166/1404/1081 1181/1427/1102 1180/1425/1100
f 1158/1403/1080 1159/1405/1082 1174/1413/1090
f 1080/1428/712 1200/1429/1103 1185/1418/1095
f 1178/1419/1096 1179/1423/1098 1194/1430/1104
f 1171/1420/1097 1172/1424/1099 1187/1431/1105
f 1179/1423/1098 1180/1425/1100 1195/1432/1106
f 1173/1426/1101 1188/1433/1107 1187/1431/1105
f 1181/1427/1102 1196/1434/1108 1195/1432/1106
f 1173/1426/1101 1174/1413/1090 1189/1435/1109
f 1181/1427/1102 1182/1411/1088 1197/1436/1110
f 1175/1412/1089 1190/1437/1111 1189/1435/1109
f 1183/1414/1091 1198/1438/1112 1197/1436/1110
f 1175/1412/1089 1176/1415/1092 1191/1439/1113
f 1183/1414/1091 1184/1416/1093 1199/1440/1114
f 1177/1417/1094 1192/1441/1115 1191/1439/1113
f 1184/1416/1093 1185/1418/1095 1200/1429/1103
f 1178/1419/1096 1193/1442/1116 1192/1441/1115
f 1171/1420/1097 1186/1443/1117 854/1444/711
f 1198/1438/1112 1213/1445/1118 1212/1446/1119
f 1190/1437/1111 1191/1439/1113 1206/1447/1120
f 1198/1438/1112 1199/1440/1114 1214/1448/1121
f 1192/1441/1115 1207/1449/1122 1206/1447/1120
f 1199/1440/1114 1200/1429/1103 1215/1450/1123
f 1193/1442/1116 1208/1451/1124 1207/1449/1122
f 1186/1443/1117 1201/1452/1125 854/1453/711
f 1080/1454/712 1215/1450/1123 1200/1429/1103
f 1193/1442/1116 1194/1430/1104 1209/1455/1126
f 1186/1443/1117 1187/1431/1105 1202/1456/1127
f 1194/1430/1104 1195/1432/1106 1210/1457/1128
f 1188/1433/1107 1203/1458/1129 1202/1456/1127
f 1196/1434/1108 1211/1459/1130 1210/1457/1128
f 1188/1433/1107 1189/1435/1109 1204/1460/1131
f 1196/1434/1108 1197/1436/1110 1212/1446/1119
f 1190/1437/1111 1205/1461/1132 1204/1460/1131
f 1202/1456/1127 1217/1462/1133 1216/1463/1134
f 1209/1455/1126 1210/1457/1128 1225/1464/1135
f 1202/1456/1127 1203/1458/1129 1218/1465/1136
f 1211/1459/1130 1226/1466/1137 1225/1464/1135
f 1203/1458/1129 1204/1460/1131 1219/1467/1138
f 1211/1459/1130 1212/1446/1119 1227/1468/1139
f 1205/1461/1132 1220/1469/1140 1219/1467/1138
f 1213/1445/1118 1228/1470/1141 1227/1468/1139
f 1205/1461/1132 1206/1447/1120 1221/1471/1142
f 1213/1445/1118 1214/1448/1121 1229/1472/1143
f 1207/1449/1122 1222/1473/1144 1221/1471/1142
f 1214/1448/1121 1215/1450/1123 1230/1474/1145
f 1208/1451/1124 1223/1475/1146 1222/1473/1144
f 1201/1452/1125 1216/1463/1134 854/1476/711
f 1080/1477/712 1230/1474/1145 1215/1450/1123
f 1208/1451/1124 1209/1455/1126 1224/1478/1147
f 1220/1469/1140 1221/1471/1142 1236/1479/1148
f 1228/1470/1141 1229/1472/1143 1244/1480/1149
f 1222/1473/1144 1237/1481/1150 1236/1479/1148
f 1230/1474/1145 1245/1482/1151 1244/1480/1149
f 1223/1475/1146 1238/1483/1152 1237/1481/1150
f 1216/1463/1134 1231/1484/1153 854/1485/711
f 1080/1486/712 1245/1482/1151 1230/1474/1145
f 1223/1475/1146 1224/1478/1147 1239/1487/1154
f 1216/1463/1134 1217/1462/1133 1232/1488/1155
f 1224/1478/1147 1225/1464/1135 1240/1489/1156
f 1218/1465/1136 1233/1490/1157 1232/1488/1155
f 1226/1466/1137 1241/1491/1158 1240/1489/1156
f 1218/1465/1136 1219/1467/1138 1234/1492/1159
f 1226/1466/1137 1227/1468/1139 1242/1493/1160
f 1220/1469/1140 1235/1494/1161 1234/1492/1159
f 1228/1470/1141 1243/1495/1162 1242/1493/1160
f 1239/1487/1154 1240/1489/1156 1250/943/687
f 1233/1490/1157 773/945/689 1247/939/683
f 1240/1489/1156 1241/1491/1158 778/947/691
f 1234/1492/1159 1248/949/693 773/945/689
f 1241/1491/1158 1242/1493/1160 1251/951/695
f 1235/1494/1161 774/953/697 1248/949/693
f 1243/1495/1162 1252/955/699 1251/951/695
f 1236/1479/1148 1249/957/701 774/953/697
f 1243/1495/1162 1244/1480/1149 1253/959/703
f 1237/1481/1150 775/961/705 1249/957/701
f 1244/1480/1149 1245/1482/1151 1254/963/707
f 1238/1483/1152 776/965/68 775/961/705
f 1231/1484/1153 1246/967/710 854/1496/711
f 1080/1497/712 1254/963/707 1245/1482/1151
f 1238/1483/1152 1239/1487/1154 777/942/686
f 1232/1488/1155 1247/939/683 1246/967/710
f 1247/939/683 779/941/685 1246/967/710
f 777/942/686 788/944/688 787/970/713
f 773/945/689 780/940/684 1247/939/683
f 1250/943/687 789/948/692 788/944/688
f 1248/949/693 781/946/690 773/945/689
f 778/947/691 790/952/696 789/948/692
f 774/953/697 782/950/694 1248/949/693
f 1251/951/695 791/956/700 790/952/696
f 1249/957/701 783/954/698 774/953/697
f 1252/955/699 792/960/704 791/956/700
f 775/961/705 784/958/702 1249/957/701
f 1253/959/703 793/964/708 792/960/704
f 775/961/705 786/966/709 785/962/706
f 776/965/68 787/970/713 786/966/709
f 786/966/709 802/975/716 801/987/728
f 779/941/685 795/976/717 794/971/714
f 787/970/713 803/977/718 802/975/716
f 780/940/684 796/978/719 795/976/717
f 788/944/688 804/979/720 803/977/718
f 781/946/690 797/980/721 796/978/719
f 789/948/692 805/981/722 804/979/720
f 782/950/694 798/982/723 797/980/721
f 791/956/700 805/981/722 790/952/696
f 783/954/698 799/984/725 798/982/723
f 792/960/704 806/983/724 791/956/700
f 785/962/706 799/984/725 784/958/702
f 792/960/704 808/974/715 807/985/726
f 785/962/706 801/987/728 800/986/727
f 797/980/721 813/988/729 812/1004/743
f 806/983/724 820/990/731 805/981/722
f 798/982/723 814/991/732 813/988/729
f 806/983/724 822/992/733 821/989/730
f 799/984/725 815/993/734 814/991/732
f 807/985/726 823/994/735 822/992/733
f 800/986/727 816/995/736 815/993/734
f 802/975/716 816/995/736 801/987/728
f 794/971/714 810/1000/739 809/996/737
f 802/975/716 818/1001/740 817/999/738
f 795/976/717 811/1002/741 810/1000/739
f 804/979/720 818/1001/740 803/977/718
f 796/978/719 812/1004/743 811/1002/741
f 805/981/722 819/1003/742 804/979/720
f 816/995/736 832/1005/744 831/1018/757
f 809/996/737 825/1006/745 824/1019/758
f 817/999/738 833/1007/746 832/1005/744
f 810/1000/739 826/1008/747 825/1006/745
f 819/1003/742 833/1007/746 818/1001/740
f 811/1002/741 827/1010/749 826/1008/747
f 819/1003/742 835/1011/750 834/1009/748
f 812/1004/743 828/1012/751 827/1010/749
f 820/990/731 836/1013/752 835/1011/750
f 813/988/729 829/1014/753 828/1012/751
f 821/989/730 837/1015/754 836/1013/752
f 815/993/734 829/1014/753 814/991/732
f 822/992/733 838/1017/756 837/1015/754
f 816/995/736 830/1016/755 815/993/734
f 835/1011/750 851/1022/759 850/1037/772
f 828/1012/751 844/1023/760 843/1038/773
f 837/1015/754 851/1022/759 836/1013/752
f 830/1016/755 844/1023/760 829/1014/753
f 837/1015/754 853/1026/763 852/1024/761
f 831/1018/757 845/1025/762 830/1016/755
f 831/1018/757 847/1031/766 846/1027/764
f 824/1019/758 840/1032/767 839/1028/765
f 832/1005/744 848/1033/768 847/1031/766
f 825/1006/745 841/1034/769 840/1032/767
f 834/1009/748 848/1033/768 833/1007/746
f 826/1008/747 842/1036/771 841/1034/769
f 834/1009/748 850/1037/772 849/1035/770
f 828/1012/751 842/1036/771 827/1010/749
f 839/1028/765 856/1039/774 855/1052/787
f 847/1031/766 864/1040/775 863/1055/788
f 840/1032/767 857/1041/776 856/1039/774
f 849/1035/770 864/1040/775 848/1033/768
f 841/1034/769 858/1043/778 857/1041/776
f 849/1035/770 866/1044/779 865/1042/777
f 843/1038/773 858/1043/778 842/1036/771
f 850/1037/772 867/1046/781 866/1044/779
f 843/1038/773 860/1047/782 859/1045/780
f 851/1022/759 868/1048/783 867/1046/781
f 845/1025/762 860/1047/782 844/1023/760
f 853/1026/763 868/1048/783 852/1024/761
f 846/1027/764 861/1049/784 845/1025/762
f 846/1027/764 863/1055/788 862/1051/786
f 859/1045/780 875/1056/789 874/1072/803
f 868/1048/783 882/1058/791 867/1046/781
f 861/1049/784 875/1056/789 860/1047/782
f 868/1048/783 884/1060/793 883/1057/790
f 862/1051/786 876/1059/792 861/1049/784
f 862/1051/786 878/1065/796 877/1061/794
f 856/1039/774 870/1062/795 855/1052/787
f 863/1055/788 879/1067/798 878/1065/796
f 856/1039/774 872/1068/799 871/1066/797
f 865/1042/777 879/1067/798 864/1040/775
f 857/1041/776 873/1070/801 872/1068/799
f 865/1042/777 881/1071/802 880/1069/800
f 859/1045/780 873/1070/801 858/1043/778
f 867/1046/781 881/1071/802 866/1044/779
f 878/1065/796 894/1073/804 893/1088/817
f 871/1066/797 887/1074/805 886/1089/818
f 880/1069/800 894/1073/804 879/1067/798
f 872/1068/799 888/1076/807 887/1074/805
f 880/1069/800 896/1077/808 895/1075/806
f 874/1072/803 888/1076/807 873/1070/801
f 882/1058/791 896/1077/808 881/1071/802
f 874/1072/803 890/1080/811 889/1078/809
f 882/1058/791 898/1081/812 897/1079/810
f 876/1059/792 890/1080/811 875/1056/789
f 883/1057/790 899/1083/814 898/1081/812
f 877/1061/794 891/1082/813 876/1059/792
f 877/1061/794 893/1088/817 892/1084/815
f 871/1066/797 885/1085/816 870/1062/795
f 897/1079/810 913/1090/819 912/1106/833
f 891/1082/813 905/1092/821 890/1080/811
f 898/1081/812 914/1093/822 913/1090/819
f 892/1084/815 906/1091/820 891/1082/813
f 892/1084/815 908/1098/825 907/1094/823
f 885/1085/816 901/1099/826 900/1095/824
f 893/1088/817 909/1100/827 908/1098/825
f 886/1089/818 902/1101/828 901/1099/826
f 895/1075/806 909/1100/827 894/1073/804
f 887/1074/805 903/1103/830 902/1101/828
f 895/1075/806 911/1104/831 910/1102/829
f 889/1078/809 903/1103/830 888/1076/807
f 897/1079/810 911/1104/831 896/1077/808
f 889/1078/809 905/1092/821 904/1105/832
f 910/1102/829 924/1108/835 909/1100/827
f 902/1101/828 918/1109/836 917/1123/848
f 910/1102/829 926/1110/837 925/1107/834
f 904/1105/832 918/1109/836 903/1103/830
f 912/1106/833 926/1110/837 911/1104/831
f 904/1105/832 920/1113/840 919/1111/838
f 912/1106/833 928/1114/841 927/1112/839
f 906/1091/820 920/1113/840 905/1092/821
f 914/1093/822 928/1114/841 913/1090/819
f 907/1094/823 921/1115/842 906/1091/820
f 907/1094/823 923/1121/846 922/1117/844
f 900/1095/824 916/1122/847 915/1118/845
f 908/1098/825 924/1108/835 923/1121/846
f 902/1101/828 916/1122/847 901/1099/826
f 928/1114/841 944/1124/849 943/1140/863
f 922/1117/844 936/1126/851 921/1115/842
f 922/1117/844 938/1130/853 937/1125/850
f 915/1118/845 931/1131/854 930/1127/852
f 923/1121/846 939/1132/855 938/1130/853
f 917/1123/848 931/1131/854 916/1122/847
f 925/1107/834 939/1132/855 924/1108/835
f 917/1123/848 933/1135/858 932/1133/856
f 925/1107/834 941/1136/859 940/1134/857
f 919/1111/838 933/1135/858 918/1109/836
f 927/1112/839 941/1136/859 926/1110/837
f 919/1111/838 935/1139/862 934/1137/860
f 927/1112/839 943/1140/863 942/1138/861
f 921/1115/842 935/1139/862 920/1113/840
f 932/1133/856 948/1141/864 947/1156/877
f 940/1134/857 956/1142/865 955/1157/878
f 934/1137/860 948/1141/864 933/1135/858
f 941/1136/859 957/1144/867 956/1142/865
f 934/1137/860 950/1145/868 949/1143/866
f 943/1140/863 957/1144/867 942/1138/861
f 936/1126/851 950/1145/868 935/1139/862
f 944/1124/849 958/1146/869 943/1140/863
f 937/1125/850 951/1147/870 936/1126/851
f 937/1125/850 953/1153/874 952/1149/872
f 930/1127/852 946/1154/875 945/1150/873
f 938/1130/853 954/1155/876 953/1153/874
f 931/1131/854 947/1156/877 946/1154/875
f 940/1134/857 954/1155/876 939/1132/855
f 952/1149/872 966/1159/880 951/1147/870
f 952/1149/872 968/1164/883 967/1158/879
f 946/1154/875 960/1160/881 945/1150/873
f 953/1153/874 969/1166/885 968/1164/883
f 947/1156/877 961/1165/884 946/1154/875
f 955/1157/878 969/1166/885 954/1155/876
f 947/1156/877 963/1169/888 962/1167/886
f 955/1157/878 971/1170/889 970/1168/887
f 949/1143/866 963/1169/888 948/1141/864
f 957/1144/867 971/1170/889 956/1142/865
f 949/1143/866 965/1173/892 964/1171/890
f 957/1144/867 973/1174/893 972/1172/891
f 951/1147/870 965/1173/892 950/1145/868
f 958/1146/869 974/1163/882 973/1174/893
f 970/1168/887 986/1175/894 985/1191/908
f 964/1171/890 978/1177/896 963/1169/888
f 972/1172/891 986/1175/894 971/1170/889
f 964/1171/890 980/1179/898 979/1176/895
f 972/1172/891 988/1180/899 987/1178/897
f 966/1159/880 980/1179/898 965/1173/892
f 973/1174/893 989/1182/901 988/1180/899
f 967/1158/879 981/1181/900 966/1159/880
f 967/1158/879 983/1187/904 982/1183/902
f 960/1160/881 976/1188/905 975/1184/903
f 968/1164/883 984/1189/906 983/1187/904
f 961/1165/884 977/1190/907 976/1188/905
f 970/1168/887 984/1189/906 969/1166/885
f 962/1167/886 978/1177/896 977/1190/907
f 982/1183/902 998/1196/911 997/1208/923
f 975/1184/903 991/1197/912 990/1192/909
f 983/1187/904 999/1198/913 998/1196/911
f 976/1188/905 992/1199/914 991/1197/912
f 985/1191/908 999/1198/913 984/1189/906
f 977/1190/907 993/1201/916 992/1199/914
f 985/1191/908 1001/1202/917 1000/1200/915
f 979/1176/895 993/1201/916 978/1177/896
f 987/1178/897 1001/1202/917 986/1175/894
f 979/1176/895 995/1205/920 994/1203/918
f 987/1178/897 1003/1206/921 1002/1204/919
f 981/1181/900 995/1205/920 980/1179/898
f 988/1180/899 1004/1195/910 1003/1206/921
f 982/1183/902 996/1207/922 981/1181/900
f 994/1203/918 1008/1210/925 993/1201/916
f 1002/1204/919 1016/1212/927 1001/1202/917
f 994/1203/918 1010/1213/928 1009/1209/924
f 1002/1204/919 1018/1214/929 1017/1211/926
f 996/1207/922 1010/1213/928 995/1205/920
f 1004/1195/910 1018/1214/929 1003/1206/921
f 997/1208/923 1011/1215/930 996/1207/922
f 997/1208/923 1013/1221/933 1012/1217/70
f 990/1192/909 1006/1222/934 1005/1218/932
f 998/1196/911 1014/1223/935 1013/1221/933
f 992/1199/914 1006/1222/934 991/1197/912
f 1000/1200/915 1014/1223/935 999/1198/913
f 992/1199/914 1008/1210/925 1007/1224/936
f 1000/1200/915 1016/1212/927 1015/1225/937
f 1012/1217/70 1028/1226/938 1027/1239/951
f 1005/1218/932 1021/1227/939 1020/1240/952
f 1013/1221/933 1029/1228/940 1028/1226/938
f 1006/1222/934 1022/1229/941 1021/1227/939
f 1015/1225/937 1029/1228/940 1014/1223/935
f 1007/1224/936 1023/1231/943 1022/1229/941
f 1015/1225/937 1031/1232/944 1030/1230/942
f 1009/1209/924 1023/1231/943 1008/1210/925
f 1017/1211/926 1031/1232/944 1016/1212/927
f 1009/1209/924 1025/1235/947 1024/1233/945
f 1017/1211/926 1033/1236/948 1032/1234/946
f 1011/1215/930 1025/1235/947 1010/1213/928
f 1018/1214/929 1034/1238/950 1033/1236/948
f 1012/1217/70 1026/1237/949 1011/1215/930
f 1032/1234/946 1046/1244/954 1031/1232/944
f 1024/1233/945 1040/1245/955 1039/1259/967
f 1032/1234/946 1048/1246/956 1047/1243/953
f 1026/1237/949 1040/1245/955 1025/1235/947
f 1033/1236/948 1049/1248/958 1048/1246/956
f 1027/1239/951 1041/1247/957 1026/1237/949
f 1027/1239/951 1043/1253/961 1042/1249/959
f 1021/1227/939 1035/1250/960 1020/1240/952
f 1028/1226/938 1044/1255/963 1043/1253/961
f 1021/1227/939 1037/1256/964 1036/1254/962
f 1030/1230/942 1044/1255/963 1029/1228/940
f 1022/1229/941 1038/1258/966 1037/1256/964
f 1030/1230/942 1046/1244/954 1045/1257/965
f 1024/1233/945 1038/1258/966 1023/1231/943
f 1043/1253/961 1059/1260/968 1058/1275/981
f 1036/1254/962 1052/1261/969 1051/1276/982
f 1045/1257/965 1059/1260/968 1044/1255/963
f 1037/1256/964 1053/1263/971 1052/1261/969
f 1045/1257/965 1061/1264/972 1060/1262/970
f 1039/1259/967 1053/1263/971 1038/1258/966
f 1047/1243/953 1061/1264/972 1046/1244/954
f 1039/1259/967 1055/1267/975 1054/1265/973
f 1047/1243/953 1063/1268/976 1062/1266/974
f 1041/1247/957 1055/1267/975 1040/1245/955
f 1049/1248/958 1063/1268/976 1048/1246/956
f 1042/1249/959 1056/1269/977 1041/1247/957
f 1042/1249/959 1058/1275/981 1057/1271/979
f 1036/1254/962 1050/1272/980 1035/1250/960
f 1062/1266/974 1078/1277/983 1077/1293/997
f 1056/1269/977 1070/1279/985 1055/1267/975
f 1064/1270/978 1078/1277/983 1063/1268/976
f 1057/1271/979 1071/1278/984 1056/1269/977
f 1057/1271/979 1073/1285/989 1072/1281/987
f 1050/1272/980 1066/1286/990 1065/1282/988
f 1058/1275/981 1074/1287/991 1073/1285/989
f 1051/1276/982 1067/1288/992 1066/1286/990
f 1060/1262/970 1074/1287/991 1059/1260/968
f 1052/1261/969 1068/1290/994 1067/1288/992
f 1060/1262/970 1076/1291/995 1075/1289/993
f 1054/1265/973 1068/1290/994 1053/1263/971
f 1062/1266/974 1076/1291/995 1061/1264/972
f 1054/1265/973 1070/1279/985 1069/1292/996
f 1066/1286/990 1083/1294/998 1082/1310/1012
f 1075/1289/993 1090/1296/1000 1074/1287/991
f 1067/1288/992 1084/1297/1001 1083/1294/998
f 1075/1289/993 1092/1298/1002 1091/1295/999
f 1069/1292/996 1084/1297/1001 1068/1290/994
f 1077/1293/997 1092/1298/1002 1076/1291/995
f 1069/1292/996 1086/1301/1005 1085/1299/1003
f 1077/1293/997 1094/1302/1006 1093/1300/1004
f 1071/1278/984 1086/1301/1005 1070/1279/985
f 1078/1277/983 1095/1304/1008 1094/1302/1006
f 1072/1281/987 1087/1303/1007 1071/1278/984
f 1072/1281/987 1089/1309/1011 1088/1305/1009
f 1065/1282/988 1082/1310/1012 1081/1306/1010
f 1073/1285/989 1090/1296/1000 1089/1309/1011
f 1087/1303/1007 1101/1312/1014 1086/1301/1005
f 1094/1302/1006 1110/1313/1015 1109/1327/1027
f 1088/1305/1009 1102/1311/1013 1087/1303/1007
f 1088/1305/1009 1104/1318/1018 1103/1314/1016
f 1081/1306/1010 1097/1319/1019 1096/1315/1017
f 1089/1309/1011 1105/1320/1020 1104/1318/1018
f 1082/1310/1012 1098/1321/1021 1097/1319/1019
f 1091/1295/999 1105/1320/1020 1090/1296/1000
f 1083/1294/998 1099/1323/1023 1098/1321/1021
f 1091/1295/999 1107/1324/1024 1106/1322/1022
f 1084/1297/1001 1100/1325/1025 1099/1323/1023
f 1093/1300/1004 1107/1324/1024 1092/1298/1002
f 1085/1299/1003 1101/1312/1014 1100/1325/1025
f 1093/1300/1004 1109/1327/1027 1108/1326/1026
f 1106/1322/1022 1120/1329/1029 1105/1320/1020
f 1098/1321/1021 1114/1330/1030 1113/1344/1042
f 1106/1322/1022 1122/1331/1031 1121/1328/1028
f 1100/1325/1025 1114/1330/1030 1099/1323/1023
f 1108/1326/1026 1122/1331/1031 1107/1324/1024
f 1100/1325/1025 1116/1334/1034 1115/1332/1032
f 1108/1326/1026 1124/1335/1035 1123/1333/1033
f 1102/1311/1013 1116/1334/1034 1101/1312/1014
f 1109/1327/1027 1125/1337/1037 1124/1335/1035
f 1103/1314/1016 1117/1336/1036 1102/1311/1013
f 1103/1314/1016 1119/1342/1040 1118/1338/1038
f 1096/1315/1017 1112/1343/1041 1111/1339/1039
f 1104/1318/1018 1120/1329/1029 1119/1342/1040
f 1097/1319/1019 1113/1344/1042 1112/1343/1041
f 1124/1335/1035 1140/1345/1043 1139/1361/1057
f 1118/1338/1038 1132/1347/1045 1117/1336/1036
f 1118/1338/1038 1134/1351/1047 1133/1346/1044
f 1111/1339/1039 1127/1352/1048 1126/1348/1046
f 1119/1342/1040 1135/1353/1049 1134/1351/1047
f 1113/1344/1042 1127/1352/1048 1112/1343/1041
f 1121/1328/1028 1135/1353/1049 1120/1329/1029
f 1113/1344/1042 1129/1356/1052 1128/1354/1050
f 1121/1328/1028 1137/1357/1053 1136/1355/1051
f 1115/1332/1032 1129/1356/1052 1114/1330/1030
f 1123/1333/1033 1137/1357/1053 1122/1331/1031
f 1115/1332/1032 1131/1360/1056 1130/1358/1054
f 1123/1333/1033 1139/1361/1057 1138/1359/1055
f 1117/1336/1036 1131/1360/1056 1116/1334/1034
f 1128/1362/1050 1144/1364/1058 1143/1392/1071
f 1136/1365/1051 1152/1367/1059 1151/1393/1072
f 1130/1368/1054 1144/1364/1058 1129/1363/1052
f 1138/1370/1055 1152/1367/1059 1137/1366/1053
f 1130/1368/1054 1146/1373/1062 1145/1369/1060
f 1138/1370/1055 1154/1375/1063 1153/1371/1061
f 1132/1376/1045 1146/1373/1062 1131/1372/1056
f 1139/1374/1057 1155/1379/1065 1154/1375/1063
f 1133/1380/1044 1147/1377/1064 1132/1376/1045
f 1133/1380/1044 1149/1387/1068 1148/1381/1066
f 1126/1382/1046 1142/1389/1069 1141/1383/1067
f 1134/1386/1047 1150/1391/1070 1149/1387/1068
f 1128/1362/1050 1142/1389/1069 1127/1388/1048
f 1136/1365/1051 1150/1391/1070 1135/1390/1049
f 1148/1381/1066 1162/1395/1074 1147/1377/1064
f 1148/1381/1066 1164/1400/1077 1163/1394/1073
f 1141/1383/1067 1157/1401/1078 1156/1396/1075
f 1149/1387/1068 1165/1402/1079 1164/1400/1077
f 1143/1392/1071 1157/1401/1078 1142/1389/1069
f 1151/1393/1072 1165/1402/1079 1150/1391/1070
f 1143/1392/1071 1159/1405/1082 1158/1403/1080
f 1151/1393/1072 1167/1406/1083 1166/1404/1081
f 1145/1369/1060 1159/1405/1082 1144/1364/1058
f 1153/1371/1061 1167/1406/1083 1152/1367/1059
f 1145/1369/1060 1161/1409/1086 1160/1407/1084
f 1153/1371/1061 1169/1410/1087 1168/1408/1085
f 1147/1377/1064 1161/1409/1086 1146/1373/1062
f 1154/1375/1063 1170/1399/1076 1169/1410/1087
f 1166/1404/1081 1182/1411/1088 1181/1427/1102
f 1160/1407/1084 1174/1413/1090 1159/1405/1082
f 1168/1408/1085 1182/1411/1088 1167/1406/1083
f 1160/1407/1084 1176/1415/1092 1175/1412/1089
f 1169/1410/1087 1183/1414/1091 1168/1408/1085
f 1162/1395/1074 1176/1415/1092 1161/1409/1086
f 1169/1410/1087 1185/1418/1095 1184/1416/1093
f 1163/1394/1073 1177/1417/1094 1162/1395/1074
f 1163/1394/1073 1179/1423/1098 1178/1419/1096
f 1157/1401/1078 1171/1420/1097 1156/1396/1075
f 1164/1400/1077 1180/1425/1100 1179/1423/1098
f 1157/1401/1078 1173/1426/1101 1172/1424/1099
f 1166/1404/1081 1180/1425/1100 1165/1402/1079
f 1158/1403/1080 1174/1413/1090 1173/1426/1101
f 1178/1419/1096 1194/1430/1104 1193/1442/1116
f 1171/1420/1097 1187/1431/1105 1186/1443/1117
f 1179/1423/1098 1195/1432/1106 1194/1430/1104
f 1173/1426/1101 1187/1431/1105 1172/1424/1099
f 1181/1427/1102 1195/1432/1106 1180/1425/1100
f 1173/1426/1101 1189/1435/1109 1188/1433/1107
f 1181/1427/1102 1197/1436/1110 1196/1434/1108
f 1175/1412/1089 1189/1435/1109 1174/1413/1090
f 1183/1414/1091 1197/1436/1110 1182/1411/1088
f 1175/1412/1089 1191/1439/1113 1190/1437/1111
f 1183/1414/1091 1199/1440/1114 1198/1438/1112
f 1177/1417/1094 1191/1439/1113 1176/1415/1092
f 1184/1416/1093 1200/1429/1103 1199/1440/1114
f 1178/1419/1096 1192/1441/1115 1177/1417/1094
f 1198/1438/1112 1212/1446/1119 1197/1436/1110
f 1190/1437/1111 1206/1447/1120 1205/1461/1132
f 1198/1438/1112 1214/1448/1121 1213/1445/1118
f 1192/1441/1115 1206/1447/1120 1191/1439/1113
f 1199/1440/1114 1215/1450/1123 1214/1448/1121
f 1193/1442/1116 1207/1449/1122 1192/1441/1115
f 1193/1442/1116 1209/1455/1126 1208/1451/1124
f 1186/1443/1117 1202/1456/1127 1201/1452/1125
f 1194/1430/1104 1210/1457/1128 1209/1455/1126
f 1188/1433/1107 1202/1456/1127 1187/1431/1105
f 1196/1434/1108 1210/1457/1128 1195/1432/1106
f 1188/1433/1107 1204/1460/1131 1203/1458/1129
f 1196/1434/1108 1212/1446/1119 1211/1459/1130
f 1190/1437/1111 1204/1460/1131 1189/1435/1109
f 1202/1456/1127 1216/1463/1134 1201/1452/1125
f 1209/1455/1126 1225/1464/1135 1224/1478/1147
f 1202/1456/1127 1218/1465/1136 1217/1462/1133
f 1211/1459/1130 1225/1464/1135 1210/1457/1128
f 1203/1458/1129 1219/1467/1138 1218/1465/1136
f 1211/1459/1130 1227/1468/1139 1226/1466/1137
f 1205/1461/1132 1219/1467/1138 1204/1460/1131
f 1213/1445/1118 1227/1468/1139 1212/1446/1119
f 1205/1461/1132 1221/1471/1142 1220/1469/1140
f 1213/1445/1118 1229/1472/1143 1228/1470/1141
f 1207/1449/1122 1221/1471/1142 1206/1447/1120
f 1214/1448/1121 1230/1474/1145 1229/1472/1143
f 1208/1451/1124 1222/1473/1144 1207/1449/1122
f 1208/1451/1124 1224/1478/1147 1223/1475/1146
f 1220/1469/1140 1236/1479/1148 1235/1494/1161
f 1228/1470/1141 1244/1480/1149 1243/1495/1162
f 1222/1473/1144 1236/1479/1148 1221/1471/1142
f 1230/1474/1145 1244/1480/1149 1229/1472/1143
f 1223/1475/1146 1237/1481/1150 1222/1473/1144
f 1223/1475/1146 1239/1487/1154 1238/1483/1152
f 1216/1463/1134 1232/1488/1155 1231/1484/1153
f 1224/1478/1147 1240/1489/1156 1239/1487/1154
f 1218/1465/1136 1232/1488/1155 1217/1462/1133
f 1226/1466/1137 1240/1489/1156 1225/1464/1135
f 1218/1465/1136 1234/1492/1159 1233/1490/1157
f 1226/1466/1137 1242/1493/1160 1241/1491/1158
f 1220/1469/1140 1234/1492/1159 1219/1467/1138
f 1228/1470/1141 1242/1493/1160 1227/1468/1139
f 1239/1487/1154 1250/943/687 777/942/686
f 1233/1490/1157 1247/939/683 1232/1488/1155
f 1240/1489/1156 778/947/691 1250/943/687
f 1234/1492/1159 773/945/689 1233/1490/1157
f 1241/1491/1158 1251/951/695 778/947/691
f 1235/1494/1161 1248/949/693 1234/1492/1159
f 1243/1495/1162 1251/951/695 1242/1493/1160
f 1236/1479/1148 774/953/697 1235/1494/1161
f 1243/1495/1162 1253/959/703 1252/955/699
f 1237/1481/1150 1249/957/701 1236/1479/1148
f 1244/1480/1149 1254/963/707 1253/959/703
f 1238/1483/1152 775/961/705 1237/1481/1150
f 1238/1483/1152 777/942/686 776/965/68
f 1232/1488/1155 1246/967/710 1231/1484/1153
o Cylinder
v 0.000000 3.325533 0.027402
v 0.000000 3.325533 0.468045
v 0.648779 3.261634 0.027402
v 0.648779 3.261634 0.468045
v 1.272626 3.072392 0.027402
v 1.272626 3.072392 0.468045
v 1.847567 2.765079 0.027402
v 1.847567 2.765079 0.468045
v 2.351507 2.351507 0.027402
v 2.351507 2.351507 0.468045
v 2.765079 1.847567 0.027402
v 2.765079 1.847567 0.468045
v 3.072392 1.272626 0.027402
v 3.072392 1.272626 0.468045
v 3.261634 0.648779 0.027402
v 3.261634 0.648779 0.468045
v 3.325533 0.000000 0.027402
v 3.325533 0.000000 0.468045
v 3.261634 -0.648779 0.027402
v 3.261634 -0.648779 0.468045
v 3.072392 -1.272626 0.027402
v 3.072392 -1.272626 0.468045
v 2.765079 -1.847567 0.027402
v 2.765079 -1.847567 0.468045
v 2.351507 -2.351507 0.027402
v 2.351507 -2.351507 0.468045
v 1.847567 -2.765079 0.027402
v 1.847567 -2.765079 0.468045
v 1.272626 -3.072392 0.027402
v 1.272626 -3.072392 0.468045
v 0.648779 -3.261634 0.027402
v 0.648779 -3.261634 0.468045
v 0.000000 -3.325533 0.027402
v 0.000000 -3.325533 0.468045
v -0.648779 -3.261634 0.027402
v -0.648779 -3.261634 0.468045
v -1.272626 -3.072392 0.027402
v -1.272626 -3.072392 0.468045
v -1.847567 -2.765079 0.027402
v -1.847567 -2.765079 0.468045
v -2.351507 -2.351507 0.027402
v -2.351507 -2.351507 0.468045
v -2.765079 -1.847567 0.027402
v -2.765079 -1.847567 0.468045
v -3.072392 -1.272626 0.027402
v -3.072392 -1.272626 0.468045
v -3.261634 -0.648779 0.027402
v -3.261634 -0.648779 0.468045
v -3.325533 0.000000 0.027402
v -3.325533 0.000000 0.468045
v -3.261634 0.648779 0.027402
v -3.261634 0.648779 0.468045
v -3.072392 1.272626 0.027402
v -3.072392 1.272626 0.468045
v -2.765079 1.847567 0.027402
v -2.765079 1.847567 0.468045
v -2.351507 2.351507 0.027402
v -2.351507 2.351507 0.468045
v -1.847567 2.765079 0.027402
v -1.847567 2.765079 0.468045
v -1.272626 3.072392 0.027402
v -1.272626 3.072392 0.468045
v -0.648779 3.261634 0.027402
v -0.648779 3.261634 0.468045
v 0.648780 3.261634 18.332111
v 0.000000 3.325533 18.332111
v 1.272627 3.072392 18.332111
v 1.847568 2.765079 18.332111
v 2.351507 2.351507 18.332111
v 2.765080 1.847567 18.332111
v 3.072392 1.272626 18.332111
v 3.261634 0.648779 18.332111
v 3.325533 0.000000 18.332111
v 3.261634 -0.648779 18.332111
v 3.072392 -1.272626 18.332111
v 2.765080 -1.847567 18.332111
v 2.351507 -2.351507 18.332111
v 1.847568 -2.765079 18.332111
v 1.272627 -3.072392 18.332111
v 0.648780 -3.261634 18.332111
v 0.000000 -3.325533 18.332111
v -0.648779 -3.261634 18.332111
v -1.272626 -3.072392 18.332111
v -1.847567 -2.765079 18.332111
v -2.351506 -2.351507 18.332111
v -2.765079 -1.847567 18.332111
v -3.072391 -1.272626 18.332111
v -3.261633 -0.648779 18.332111
v -3.325532 0.000000 18.332111
v -3.261633 0.648779 18.332111
v -3.072391 1.272626 18.332111
v -2.765079 1.847567 18.332111
v -2.351506 2.351507 18.332111
v -1.847567 2.765079 18.332111
v -1.272626 3.072392 18.332111
v -0.648779 3.261634 18.332111
v 2.157238 10.845167 0.468045
v 0.000000 11.057636 0.468045
v 4.231575 10.215926 0.468045
v 6.143294 9.194090 0.468045
v 7.818931 7.818931 0.468045
v 9.194090 6.143294 0.468045
v 10.215924 4.231575 0.468045
v 10.845167 2.157238 0.468045
v 11.057636 0.000000 0.468045
v 10.845167 -2.157238 0.468045
v 10.215924 -4.231575 0.468045
v 9.194090 -6.143294 0.468045
v 7.818931 -7.818931 0.468045
v 6.143294 -9.194090 0.468045
v 4.231575 -10.215926 0.468045
v 2.157238 -10.845167 0.468045
v 0.000000 -11.057636 0.468045
v -2.157238 -10.845167 0.468045
v -4.231575 -10.215924 0.468045
v -6.143294 -9.194090 0.468045
v -7.818931 -7.818931 0.468045
v -9.194090 -6.143294 0.468045
v -10.215924 -4.231575 0.468045
v -10.845167 -2.157238 0.468045
v -11.057636 0.000000 0.468045
v -10.845167 2.157238 0.468045
v -10.215924 4.231575 0.468045
v -9.194090 6.143294 0.468045
v -7.818931 7.818931 0.468045
v -6.143294 9.194090 0.468045
v -4.231575 10.215924 0.468045
v -2.157238 10.845167 0.468045
v 2.157239 10.845167 18.332111
v 0.000000 11.057636 18.332111
v 4.231575 10.215926 18.332111
v 6.143295 9.194090 18.332111
v 7.818931 7.818931 18.332111
v 9.194090 6.143294 18.332111
v 10.215925 4.231575 18.332111
v 10.845168 2.157238 18.332111
v 11.057637 0.000000 18.332111
v 10.845168 -2.157238 18.332111
v 10.215925 -4.231575 18.332111
v 9.194090 -6.143294 18.332111
v 7.818931 -7.818931 18.332111
v 6.143295 -9.194090 18.332111
v 4.231575 -10.215926 18.332111
v 2.157239 -10.845167 18.332111
v 0.000000 -11.057636 18.332111
v -2.157238 -10.845167 18.332111
v -4.231575 -10.215924 18.332111
v -6.143294 -9.194090 18.332111
v -7.818930 -7.818931 18.332111
v -9.194089 -6.143294 18.332111
v -10.215924 -4.231575 18.332111
v -10.845167 -2.157238 18.332111
v -11.057635 0.000000 18.332111
v -10.845167 2.157238 18.332111
v -10.215924 4.231575 18.332111
v -9.194089 6.143294 18.332111
v -7.818930 7.818931 18.332111
v -6.143294 9.194090 18.332111
v -4.231575 10.215924 18.332111
v -2.157238 10.845167 18.332111
v 5.754141 28.928080 6.439938
v -0.000001 29.494812 6.439938
v 11.287173 27.249655 6.439938
v 16.386444 24.524036 6.439938
v 20.855982 20.855982 6.439938
v 24.524040 16.386440 6.439938
v 27.249653 11.287176 6.439938
v 28.928076 5.754150 6.439938
v 29.494812 -0.000000 6.439938
v 28.928076 -5.754150 6.439938
v 27.249653 -11.287176 6.439938
v 24.524040 -16.386440 6.439938
v 20.855982 -20.855982 6.439938
v 16.386444 -24.524036 6.439938
v 11.287173 -27.249655 6.439938
v 5.754141 -28.928080 6.439938
v -0.000001 -29.494812 6.439938
v -5.754151 -28.928080 6.439938
v -11.287175 -27.249655 6.439938
v -16.386438 -24.524040 6.439938
v -20.855980 -20.855982 6.439939
v -24.524038 -16.386438 6.439939
v -27.249653 -11.287176 6.439938
v -28.928080 -5.754149 6.439938
v -29.494812 -0.000000 6.439939
v -28.928080 5.754149 6.439938
v -27.249653 11.287176 6.439938
v -24.524038 16.386438 6.439939
v -20.855980 20.855982 6.439939
v -16.386438 24.524040 6.439938
v -11.287175 27.249655 6.439938
v -5.754151 28.928080 6.439938
v 5.754142 28.928080 12.360215
v -0.000000 29.494812 12.360215
v 11.287173 27.249655 12.360215
v 16.386446 24.524036 12.360215
v 20.855986 20.855982 12.360215
v 24.524040 16.386440 12.360215
v 27.249653 11.287176 12.360215
v 28.928076 5.754150 12.360215
v 29.494812 -0.000000 12.360215
v 28.928076 -5.754150 12.360215
v 27.249653 -11.287176 12.360215
v 24.524040 -16.386440 12.360215
v 20.855986 -20.855982 12.360215
v 16.386446 -24.524036 12.360215
v 11.287173 -27.249655 12.360215
v 5.754142 -28.928080 12.360215
v -0.000000 -29.494812 12.360215
v -5.754151 -28.928080 12.360215
v -11.287175 -27.249655 12.360215
v -16.386438 -24.524040 12.360215
v -20.855984 -20.855982 12.360215
v -24.524038 -16.386438 12.360215
v -27.249653 -11.287176 12.360215
v -28.928080 -5.754149 12.360215
v -29.494812 -0.000000 12.360215
v -28.928080 5.754149 12.360215
v -27.249653 11.287176 12.360215
v -24.524038 16.386438 12.360215
v -20.855984 20.855982 12.360215
v -16.386438 24.524040 12.360215
v -11.287175 27.249655 12.360215
v -5.754151 28.928080 12.360215
v 0.648780 3.261634 18.830879
v 0.000000 3.325533 18.830879
v 1.272627 3.072392 18.830879
v 1.847568 2.765079 18.830879
v 2.351507 2.351507 18.830879
v 2.765080 1.847567 18.830879
v 3.072392 1.272626 18.830879
v 3.261634 0.648779 18.830879
v 3.325533 0.000000 18.830879
v 3.261634 -0.648779 18.830879
v 3.072392 -1.272626 18.830879
v 2.765080 -1.847567 18.830879
v 2.351507 -2.351507 18.830879
v 1.847568 -2.765079 18.830879
v 1.272627 -3.072392 18.830879
v 0.648780 -3.261634 18.830879
v 0.000000 -3.325533 18.830879
v -0.648779 -3.261634 18.830879
v -1.272626 -3.072392 18.830879
v -1.847567 -2.765079 18.830879
v -2.351506 -2.351507 18.830879
v -2.765079 -1.847567 18.830879
v -3.072391 -1.272626 18.830879
v -3.261633 -0.648779 18.830879
v -3.325532 0.000000 18.830879
v -3.261633 0.648779 18.830879
v -3.072391 1.272626 18.830879
v -2.765079 1.847567 18.830879
v -2.351506 2.351507 18.830879
v -1.847567 2.765079 18.830879
v -1.272626 3.072392 18.830879
v -0.648779 3.261634 18.830879
vn 0.0980 0.9952 -0.0000
vn 0.2903 0.9569 -0.0000
vn 0.4714 0.8819 -0.0000
vn 0.6344 0.7730 -0.0000
vn 0.7730 0.6344 -0.0000
vn 0.8819 0.4714 -0.0000
vn 0.9569 0.2903 -0.0000
vn 0.9952 0.0980 -0.0000
vn 0.9952 -0.0980 -0.0000
vn 0.9569 -0.2903 -0.0000
vn 0.8819 -0.4714 -0.0000
vn 0.7730 -0.6344 -0.0000
vn 0.6344 -0.7730 -0.0000
vn 0.4714 -0.8819 -0.0000
vn 0.2903 -0.9569 -0.0000
vn 0.0980 -0.9952 -0.0000
vn -0.0980 -0.9952 -0.0000
vn -0.2903 -0.9569 -0.0000
vn -0.4714 -0.8819 -0.0000
vn -0.6344 -0.7730 -0.0000
vn -0.7730 -0.6344 -0.0000
vn -0.8819 -0.4714 -0.0000
vn -0.9569 -0.2903 -0.0000
vn -0.9952 -0.0980 -0.0000
vn -0.9952 0.0980 -0.0000
vn -0.9569 0.2903 -0.0000
vn -0.8819 0.4714 -0.0000
vn -0.7730 0.6344 -0.0000
vn -0.6344 0.7730 -0.0000
vn -0.4714 0.8819 -0.0000
vn -0.0000 -0.0000 -1.0000
vn -0.2903 0.9569 -0.0000
vn -0.0980 0.9952 -0.0000
vn -0.0000 -0.0000 1.0000
vn -0.1963 0.2392 0.9509
vn 0.3080 0.0303 -0.9509
vn 0.0898 0.2962 0.9509
vn -0.2392 0.1963 0.9509
vn 0.2962 0.0898 -0.9509
vn 0.0303 0.3080 0.9509
vn -0.2729 0.1459 0.9509
vn 0.2729 0.1459 -0.9509
vn -0.0303 0.3080 -0.9509
vn -0.2962 0.0898 0.9509
vn 0.2392 0.1963 -0.9509
vn -0.0898 0.2962 -0.9509
vn -0.3080 0.0303 0.9509
vn 0.1963 0.2392 -0.9509
vn -0.1459 0.2729 -0.9509
vn -0.3080 -0.0303 0.9509
vn 0.1459 0.2729 -0.9509
vn -0.1963 0.2392 -0.9509
vn -0.2962 -0.0898 0.9509
vn 0.0898 0.2962 -0.9509
vn -0.2392 0.1963 -0.9509
vn -0.2729 -0.1459 0.9509
vn 0.0303 0.3080 -0.9509
vn -0.2729 0.1459 -0.9509
vn -0.2392 -0.1963 0.9509
vn -0.2962 0.0898 -0.9509
vn -0.1963 -0.2392 0.9509
vn -0.3080 0.0303 -0.9509
vn -0.1459 -0.2729 0.9509
vn -0.3080 -0.0303 -0.9509
vn -0.0898 -0.2962 0.9509
vn -0.2962 -0.0898 -0.9509
vn 0.1459 0.2729 0.9509
vn 0.3080 -0.0303 -0.9509
vn -0.1459 0.2729 0.9509
vn 0.1963 0.2392 0.9509
vn 0.2962 -0.0898 -0.9509
vn -0.0898 0.2962 0.9509
vn 0.2392 0.1963 0.9509
vn 0.2729 -0.1459 -0.9509
vn -0.0303 0.3080 0.9509
vn 0.2729 0.1459 0.9509
vn 0.2392 -0.1963 -0.9509
vn 0.2962 0.0898 0.9509
vn 0.1963 -0.2392 -0.9509
vn 0.3080 0.0303 0.9509
vn 0.1459 -0.2729 -0.9509
vn 0.3080 -0.0303 0.9509
vn 0.0898 -0.2962 -0.9509
vn 0.2962 -0.0898 0.9509
vn 0.0303 -0.3080 -0.9509
vn 0.2729 -0.1459 0.9509
vn -0.0303 -0.3080 -0.9509
vn 0.2392 -0.1963 0.9509
vn -0.0898 -0.2962 -0.9509
vn 0.1963 -0.2392 0.9509
vn -0.1459 -0.2729 -0.9509
vn 0.1459 -0.2729 0.9509
vn -0.1963 -0.2392 -0.9509
vn 0.0898 -0.2962 0.9509
vn -0.2392 -0.1963 -0.9509
vn 0.0303 -0.3080 0.9509
vn -0.2729 -0.1459 -0.9509
vn -0.0303 -0.3080 0.9509
vt 0.304655 0.214673
vt 0.305054 0.221045
vt 0.304655 0.221045
vt 0.305054 0.214673
vt 0.305452 0.221045
vt 0.305452 0.214673
vt 0.305850 0.221045
vt 0.305850 0.214673
vt 0.306248 0.221045
vt 0.306248 0.214673
vt 0.306647 0.221045
vt 0.306647 0.214673
vt 0.307045 0.221045
vt 0.307045 0.214673
vt 0.307443 0.221045
vt 0.307443 0.214673
vt 0.307841 0.221045
vt 0.307841 0.214673
vt 0.308240 0.221045
vt 0.308240 0.214673
vt 0.308638 0.221045
vt 0.308638 0.214673
vt 0.309036 0.221045
vt 0.309036 0.214673
vt 0.309434 0.221045
vt 0.309434 0.214673
vt 0.309833 0.221045
vt 0.309833 0.214673
vt 0.310231 0.221045
vt 0.310231 0.214673
vt 0.310629 0.221045
vt 0.310629 0.214673
vt 0.311027 0.221045
vt 0.311027 0.214673
vt 0.311426 0.221045
vt 0.311426 0.214673
vt 0.311824 0.221045
vt 0.311824 0.214673
vt 0.312222 0.221045
vt 0.312222 0.214673
vt 0.312620 0.221045
vt 0.312620 0.214673
vt 0.313019 0.221045
vt 0.313019 0.214673
vt 0.313417 0.221045
vt 0.313417 0.214673
vt 0.313815 0.221045
vt 0.313815 0.214673
vt 0.314213 0.221045
vt 0.314213 0.214673
vt 0.314612 0.221045
vt 0.314612 0.214673
vt 0.315010 0.221045
vt 0.315010 0.214673
vt 0.315408 0.221045
vt 0.315408 0.214673
vt 0.315806 0.221045
vt 0.315806 0.214673
vt 0.316205 0.221045
vt 0.316205 0.214673
vt 0.316603 0.221045
vt 0.316603 0.214673
vt 0.317001 0.221045
vt 0.317001 0.214673
vt 0.317399 0.221045
vt 0.307245 0.227230
vt 0.310841 0.224827
vt 0.308438 0.221231
vt 0.311214 0.224827
vt 0.311388 0.225401
vt 0.314213 0.227289
vt 0.313617 0.227230
vt 0.313043 0.227056
vt 0.312514 0.226774
vt 0.312051 0.226393
vt 0.311670 0.225930
vt 0.311155 0.224231
vt 0.311214 0.223634
vt 0.311388 0.223060
vt 0.311670 0.222531
vt 0.314213 0.221172
vt 0.314810 0.221231
vt 0.312051 0.222068
vt 0.315384 0.221405
vt 0.312514 0.221688
vt 0.315913 0.221688
vt 0.316376 0.222068
vt 0.313617 0.221231
vt 0.313043 0.221405
vt 0.316756 0.222531
vt 0.317039 0.223060
vt 0.317399 0.214673
vt 0.317213 0.223634
vt 0.317272 0.224231
vt 0.317213 0.224827
vt 0.317039 0.225401
vt 0.316756 0.225930
vt 0.316376 0.226393
vt 0.315913 0.226774
vt 0.315384 0.227056
vt 0.314810 0.227230
vt 0.307841 0.221172
vt 0.307245 0.221231
vt 0.306671 0.221405
vt 0.306142 0.221688
vt 0.305679 0.222068
vt 0.305298 0.222531
vt 0.305016 0.223060
vt 0.304842 0.223634
vt 0.304783 0.224231
vt 0.304842 0.224827
vt 0.305016 0.225401
vt 0.305298 0.225930
vt 0.305679 0.226393
vt 0.306142 0.226774
vt 0.306671 0.227056
vt 0.307841 0.227289
vt 0.308438 0.227230
vt 0.309012 0.227056
vt 0.309541 0.226774
vt 0.310004 0.226393
vt 0.310385 0.225930
vt 0.310667 0.225401
vt 0.310900 0.224231
vt 0.310841 0.223634
vt 0.310667 0.223060
vt 0.310385 0.222531
vt 0.310004 0.222068
vt 0.309541 0.221688
vt 0.309012 0.221405
s 0
f 1256/1498/1163 1257/1499/1163 1255/1500/1163
f 1258/1501/1164 1259/1502/1164 1257/1499/1164
f 1260/1503/1165 1261/1504/1165 1259/1502/1165
f 1262/1505/1166 1263/1506/1166 1261/1504/1166
f 1264/1507/1167 1265/1508/1167 1263/1506/1167
f 1266/1509/1168 1267/1510/1168 1265/1508/1168
f 1268/1511/1169 1269/1512/1169 1267/1510/1169
f 1270/1513/1170 1271/1514/1170 1269/1512/1170
f 1272/1515/1171 1273/1516/1171 1271/1514/1171
f 1274/1517/1172 1275/1518/1172 1273/1516/1172
f 1276/1519/1173 1277/1520/1173 1275/1518/1173
f 1278/1521/1174 1279/1522/1174 1277/1520/1174
f 1280/1523/1175 1281/1524/1175 1279/1522/1175
f 1282/1525/1176 1283/1526/1176 1281/1524/1176
f 1284/1527/1177 1285/1528/1177 1283/1526/1177
f 1286/1529/1178 1287/1530/1178 1285/1528/1178
f 1288/1531/1179 1289/1532/1179 1287/1530/1179
f 1290/1533/1180 1291/1534/1180 1289/1532/1180
f 1292/1535/1181 1293/1536/1181 1291/1534/1181
f 1294/1537/1182 1295/1538/1182 1293/1536/1182
f 1296/1539/1183 1297/1540/1183 1295/1538/1183
f 1298/1541/1184 1299/1542/1184 1297/1540/1184
f 1300/1543/1185 1301/1544/1185 1299/1542/1185
f 1302/1545/1186 1303/1546/1186 1301/1544/1186
f 1304/1547/1187 1305/1548/1187 1303/1546/1187
f 1306/1549/1188 1307/1550/1188 1305/1548/1188
f 1308/1551/1189 1309/1552/1189 1307/1550/1189
f 1310/1553/1190 1311/1554/1190 1309/1552/1190
f 1312/1555/1191 1313/1556/1191 1311/1554/1191
f 1314/1557/1192 1315/1558/1192 1313/1556/1192
f 1296/1539/1193 1370/1537/1193 1371/1539/1193
f 1316/1559/1194 1317/1560/1194 1315/1558/1194
f 1318/1561/1195 1255/1562/1195 1317/1560/1195
f 1285/1563/1193 1301/1564/1193 1317/1565/1193
f 1328/1566/1172 1489/1567/1172 1329/1567/1172
f 1335/1568/1196 1398/1569/1196 1334/1569/1196
f 1276/1519/1193 1362/1521/1193 1278/1521/1193
f 1333/1570/1196 1398/1569/1196 1397/1570/1196
f 1258/1501/1193 1353/1503/1193 1260/1503/1193
f 1312/1555/1193 1378/1553/1193 1379/1555/1193
f 1333/1570/1196 1396/1571/1196 1332/1571/1196
f 1292/1535/1193 1370/1537/1193 1294/1537/1193
f 1331/1572/1196 1396/1571/1196 1395/1572/1196
f 1274/1517/1193 1361/1519/1193 1276/1519/1193
f 1331/1572/1196 1394/1573/1196 1330/1573/1196
f 1308/1551/1193 1378/1553/1193 1310/1553/1193
f 1330/1573/1196 1393/1567/1196 1329/1567/1196
f 1256/1498/1193 1351/1501/1193 1258/1501/1193
f 1290/1533/1193 1369/1535/1193 1292/1535/1193
f 1328/1566/1196 1393/1567/1196 1392/1566/1196
f 1272/1515/1193 1360/1517/1193 1274/1517/1193
f 1328/1566/1196 1391/1574/1196 1327/1574/1196
f 1306/1549/1193 1377/1551/1193 1308/1551/1193
f 1327/1574/1196 1390/1575/1196 1326/1575/1196
f 1288/1531/1193 1368/1533/1193 1290/1533/1193
f 1326/1575/1196 1389/1576/1196 1325/1576/1196
f 1272/1515/1193 1358/1513/1193 1359/1515/1193
f 1324/1577/1196 1389/1576/1196 1388/1577/1196
f 1320/1578/1196 1414/1579/1196 1350/1579/1196
f 1304/1547/1193 1376/1549/1193 1306/1549/1193
f 1324/1577/1196 1387/1580/1196 1323/1580/1196
f 1350/1579/1196 1413/1581/1196 1349/1581/1196
f 1288/1531/1193 1366/1529/1193 1367/1531/1193
f 1323/1580/1196 1386/1582/1196 1322/1582/1196
f 1349/1581/1196 1412/1583/1196 1348/1583/1196
f 1270/1513/1193 1357/1511/1193 1358/1513/1193
f 1412/1583/1197 1475/1584/1197 1411/1584/1197
f 1358/1513/1198 1423/1515/1198 1359/1515/1198
f 1383/1585/1199 1449/1586/1199 1447/1585/1199
f 1411/1584/1200 1474/1587/1200 1410/1587/1200
f 1357/1511/1201 1422/1513/1201 1358/1513/1201
f 1383/1585/1202 1448/1578/1202 1384/1578/1202
f 1409/1588/1203 1474/1587/1203 1473/1588/1203
f 1356/1509/1204 1421/1511/1204 1357/1511/1204
f 1382/1561/1205 1416/1589/1205 1352/1589/1205
f 1409/1588/1206 1472/1590/1206 1408/1590/1206
f 1355/1507/1207 1420/1509/1207 1356/1509/1207
f 1381/1559/1208 1446/1561/1208 1382/1561/1208
f 1408/1590/1209 1471/1591/1209 1407/1591/1209
f 1354/1505/1210 1419/1507/1210 1355/1507/1210
f 1380/1557/1211 1445/1559/1211 1381/1559/1211
f 1407/1591/1212 1470/1592/1212 1406/1592/1212
f 1353/1503/1213 1418/1505/1213 1354/1505/1213
f 1379/1555/1214 1444/1557/1214 1380/1557/1214
f 1406/1592/1215 1469/1593/1215 1405/1593/1215
f 1351/1501/1216 1417/1503/1216 1353/1503/1216
f 1378/1553/1217 1443/1555/1217 1379/1555/1217
f 1405/1593/1218 1468/1594/1218 1404/1594/1218
f 1352/1498/1219 1415/1501/1219 1351/1501/1219
f 1377/1551/1220 1442/1553/1220 1378/1553/1220
f 1404/1594/1221 1467/1595/1221 1403/1595/1221
f 1376/1549/1222 1441/1551/1222 1377/1551/1222
f 1402/1596/1223 1467/1595/1223 1466/1596/1223
f 1375/1547/1224 1440/1549/1224 1376/1549/1224
f 1401/1597/1225 1466/1596/1225 1465/1597/1225
f 1374/1545/1226 1439/1547/1226 1375/1547/1226
f 1401/1597/1227 1464/1598/1227 1400/1598/1227
f 1374/1545/1228 1437/1543/1228 1438/1545/1228
f 1335/1568/1196 1400/1598/1196 1399/1568/1196
f 1312/1555/1193 1380/1557/1193 1314/1557/1193
f 1260/1503/1193 1354/1505/1193 1262/1505/1193
f 1337/1597/1196 1400/1598/1196 1336/1598/1196
f 1280/1523/1193 1362/1521/1193 1363/1523/1193
f 1338/1596/1196 1401/1597/1196 1337/1597/1196
f 1296/1539/1193 1372/1541/1193 1298/1541/1193
f 1339/1595/1196 1402/1596/1196 1338/1596/1196
f 1314/1557/1193 1381/1559/1193 1316/1559/1193
f 1264/1507/1193 1354/1505/1193 1355/1507/1193
f 1340/1594/1196 1403/1595/1196 1339/1595/1196
f 1280/1523/1193 1364/1525/1193 1282/1525/1193
f 1340/1594/1196 1405/1593/1196 1404/1594/1196
f 1298/1541/1193 1373/1543/1193 1300/1543/1193
f 1342/1592/1196 1405/1593/1196 1341/1593/1196
f 1318/1561/1193 1381/1559/1193 1382/1561/1193
f 1264/1507/1193 1356/1509/1193 1266/1509/1193
f 1342/1592/1196 1407/1591/1196 1406/1592/1196
f 1282/1525/1193 1365/1527/1193 1284/1527/1193
f 1344/1590/1196 1407/1591/1196 1343/1591/1196
f 1302/1545/1193 1373/1543/1193 1374/1545/1193
f 1344/1590/1196 1409/1588/1196 1408/1590/1196
f 1256/1589/1193 1382/1561/1193 1352/1589/1193
f 1266/1509/1193 1357/1511/1193 1268/1511/1193
f 1346/1587/1196 1409/1588/1196 1345/1588/1196
f 1320/1578/1196 1383/1585/1196 1384/1578/1196
f 1284/1527/1193 1366/1529/1193 1286/1529/1193
f 1347/1584/1196 1410/1587/1196 1346/1587/1196
f 1321/1586/1196 1383/1585/1196 1319/1585/1196
f 1304/1547/1193 1374/1545/1193 1375/1547/1193
f 1347/1584/1196 1412/1583/1196 1411/1584/1196
f 1322/1582/1196 1385/1586/1196 1321/1586/1196
f 1437/1543/1185 1470/1545/1185 1438/1545/1185
f 1416/1498/1163 1447/1501/1163 1415/1501/1163
f 1446/1561/1195 1448/1589/1195 1416/1589/1195
f 1424/1517/1172 1457/1519/1172 1425/1519/1172
f 1433/1535/1181 1466/1537/1181 1434/1537/1181
f 1442/1553/1190 1475/1555/1190 1443/1555/1190
f 1420/1509/1168 1453/1511/1168 1421/1511/1168
f 1429/1527/1177 1462/1529/1177 1430/1529/1177
f 1438/1545/1186 1471/1547/1186 1439/1547/1186
f 1415/1501/1164 1449/1503/1164 1417/1503/1164
f 1425/1519/1173 1458/1521/1173 1426/1521/1173
f 1435/1539/1182 1466/1537/1182 1467/1539/1182
f 1443/1555/1191 1476/1557/1191 1444/1557/1191
f 1421/1511/1169 1454/1513/1169 1422/1513/1169
f 1430/1529/1178 1463/1531/1178 1431/1531/1178
f 1439/1547/1187 1472/1549/1187 1440/1549/1187
f 1418/1505/1165 1449/1503/1165 1450/1505/1165
f 1426/1521/1174 1459/1523/1174 1427/1523/1174
f 1435/1539/1183 1468/1541/1183 1436/1541/1183
f 1444/1557/1192 1477/1559/1192 1445/1559/1192
f 1422/1513/1170 1455/1515/1170 1423/1515/1170
f 1431/1531/1179 1464/1533/1179 1432/1533/1179
f 1440/1549/1188 1473/1551/1188 1441/1551/1188
f 1419/1507/1166 1450/1505/1166 1451/1507/1166
f 1427/1523/1175 1460/1525/1175 1428/1525/1175
f 1436/1541/1184 1469/1543/1184 1437/1543/1184
f 1445/1559/1194 1478/1561/1194 1446/1561/1194
f 1423/1515/1171 1456/1517/1171 1424/1517/1171
f 1432/1533/1180 1465/1535/1180 1433/1535/1180
f 1441/1551/1189 1474/1553/1189 1442/1553/1189
f 1420/1509/1167 1451/1507/1167 1452/1509/1167
f 1428/1525/1176 1461/1527/1176 1429/1527/1176
f 1385/1586/1229 1450/1582/1229 1449/1586/1229
f 1359/1515/1230 1424/1517/1230 1360/1517/1230
f 1413/1581/1231 1476/1583/1231 1412/1583/1231
f 1387/1580/1232 1450/1582/1232 1386/1582/1232
f 1360/1517/1233 1425/1519/1233 1361/1519/1233
f 1414/1579/1234 1477/1581/1234 1413/1581/1234
f 1387/1580/1235 1452/1577/1235 1451/1580/1235
f 1361/1519/1236 1426/1521/1236 1362/1521/1236
f 1384/1578/1237 1478/1579/1237 1414/1579/1237
f 1389/1576/1238 1452/1577/1238 1388/1577/1238
f 1362/1521/1239 1427/1523/1239 1363/1523/1239
f 1390/1575/1240 1453/1576/1240 1389/1576/1240
f 1363/1523/1241 1428/1525/1241 1364/1525/1241
f 1391/1574/1242 1454/1575/1242 1390/1575/1242
f 1365/1527/1243 1428/1525/1243 1429/1527/1243
f 1392/1566/1244 1455/1574/1244 1391/1574/1244
f 1365/1527/1245 1430/1529/1245 1366/1529/1245
f 1393/1567/1246 1456/1566/1246 1392/1566/1246
f 1367/1531/1247 1430/1529/1247 1431/1531/1247
f 1393/1567/1248 1458/1573/1248 1457/1567/1248
f 1367/1531/1249 1432/1533/1249 1368/1533/1249
f 1395/1572/1250 1458/1573/1250 1394/1573/1250
f 1368/1533/1251 1433/1535/1251 1369/1535/1251
f 1395/1572/1252 1460/1571/1252 1459/1572/1252
f 1369/1535/1253 1434/1537/1253 1370/1537/1253
f 1397/1570/1254 1460/1571/1254 1396/1571/1254
f 1370/1537/1255 1435/1539/1255 1371/1539/1255
f 1398/1569/1256 1461/1570/1256 1397/1570/1256
f 1371/1539/1257 1436/1541/1257 1372/1541/1257
f 1399/1568/1258 1462/1569/1258 1398/1569/1258
f 1373/1543/1259 1436/1541/1259 1437/1543/1259
f 1400/1598/1260 1463/1568/1260 1399/1568/1260
f 1497/1597/1196 1489/1567/1196 1481/1586/1196
f 1342/1592/1186 1503/1591/1186 1343/1591/1186
f 1329/1567/1173 1490/1573/1173 1330/1573/1173
f 1343/1591/1187 1504/1590/1187 1344/1590/1187
f 1330/1573/1174 1491/1572/1174 1331/1572/1174
f 1344/1590/1188 1505/1588/1188 1345/1588/1188
f 1331/1572/1175 1492/1571/1175 1332/1571/1175
f 1345/1588/1189 1506/1587/1189 1346/1587/1189
f 1333/1570/1176 1492/1571/1176 1493/1570/1176
f 1320/1578/1163 1479/1585/1163 1319/1585/1163
f 1346/1587/1190 1507/1584/1190 1347/1584/1190
f 1334/1569/1177 1493/1570/1177 1494/1569/1177
f 1319/1585/1164 1481/1586/1164 1321/1586/1164
f 1347/1584/1191 1508/1583/1191 1348/1583/1191
f 1334/1569/1178 1495/1568/1178 1335/1568/1178
f 1321/1586/1165 1482/1582/1165 1322/1582/1165
f 1348/1583/1192 1509/1581/1192 1349/1581/1192
f 1335/1568/1179 1496/1598/1179 1336/1598/1179
f 1322/1582/1166 1483/1580/1166 1323/1580/1166
f 1349/1581/1194 1510/1579/1194 1350/1579/1194
f 1337/1597/1180 1496/1598/1180 1497/1597/1180
f 1323/1580/1167 1484/1577/1167 1324/1577/1167
f 1350/1579/1195 1480/1578/1195 1320/1578/1195
f 1337/1597/1181 1498/1596/1181 1338/1596/1181
f 1324/1577/1168 1485/1576/1168 1325/1576/1168
f 1338/1596/1182 1499/1595/1182 1339/1595/1182
f 1325/1576/1169 1486/1575/1169 1326/1575/1169
f 1339/1595/1183 1500/1594/1183 1340/1594/1183
f 1326/1575/1170 1487/1574/1170 1327/1574/1170
f 1340/1594/1184 1501/1593/1184 1341/1593/1184
f 1327/1574/1171 1488/1566/1171 1328/1566/1171
f 1341/1593/1185 1502/1592/1185 1342/1592/1185
f 1256/1498/1163 1258/1501/1163 1257/1499/1163
f 1258/1501/1164 1260/1503/1164 1259/1502/1164
f 1260/1503/1165 1262/1505/1165 1261/1504/1165
f 1262/1505/1166 1264/1507/1166 1263/1506/1166
f 1264/1507/1167 1266/1509/1167 1265/1508/1167
f 1266/1509/1168 1268/1511/1168 1267/1510/1168
f 1268/1511/1169 1270/1513/1169 1269/1512/1169
f 1270/1513/1170 1272/1515/1170 1271/1514/1170
f 1272/1515/1171 1274/1517/1171 1273/1516/1171
f 1274/1517/1172 1276/1519/1172 1275/1518/1172
f 1276/1519/1173 1278/1521/1173 1277/1520/1173
f 1278/1521/1174 1280/1523/1174 1279/1522/1174
f 1280/1523/1175 1282/1525/1175 1281/1524/1175
f 1282/1525/1176 1284/1527/1176 1283/1526/1176
f 1284/1527/1177 1286/1529/1177 1285/1528/1177
f 1286/1529/1178 1288/1531/1178 1287/1530/1178
f 1288/1531/1179 1290/1533/1179 1289/1532/1179
f 1290/1533/1180 1292/1535/1180 1291/1534/1180
f 1292/1535/1181 1294/1537/1181 1293/1536/1181
f 1294/1537/1182 1296/1539/1182 1295/1538/1182
f 1296/1539/1183 1298/1541/1183 1297/1540/1183
f 1298/1541/1184 1300/1543/1184 1299/1542/1184
f 1300/1543/1185 1302/1545/1185 1301/1544/1185
f 1302/1545/1186 1304/1547/1186 1303/1546/1186
f 1304/1547/1187 1306/1549/1187 1305/1548/1187
f 1306/1549/1188 1308/1551/1188 1307/1550/1188
f 1308/1551/1189 1310/1553/1189 1309/1552/1189
f 1310/1553/1190 1312/1555/1190 1311/1554/1190
f 1312/1555/1191 1314/1557/1191 1313/1556/1191
f 1314/1557/1192 1316/1559/1192 1315/1558/1192
f 1296/1539/1193 1294/1537/1193 1370/1537/1193
f 1316/1559/1194 1318/1561/1194 1317/1560/1194
f 1318/1561/1195 1256/1589/1195 1255/1562/1195
f 1317/1565/1193 1255/1599/1193 1257/1600/1193
f 1257/1600/1193 1259/1601/1193 1261/1602/1193
f 1261/1602/1193 1263/1603/1193 1265/1604/1193
f 1265/1604/1193 1267/1605/1193 1269/1606/1193
f 1269/1606/1193 1271/1607/1193 1273/1608/1193
f 1273/1608/1193 1275/1609/1193 1277/1610/1193
f 1277/1610/1193 1279/1611/1193 1281/1612/1193
f 1281/1612/1193 1283/1613/1193 1285/1563/1193
f 1285/1563/1193 1287/1614/1193 1289/1615/1193
f 1289/1615/1193 1291/1616/1193 1293/1617/1193
f 1293/1617/1193 1295/1618/1193 1297/1619/1193
f 1297/1619/1193 1299/1620/1193 1301/1564/1193
f 1301/1564/1193 1303/1621/1193 1305/1622/1193
f 1305/1622/1193 1307/1623/1193 1309/1624/1193
f 1309/1624/1193 1311/1625/1193 1313/1626/1193
f 1313/1626/1193 1315/1627/1193 1317/1565/1193
f 1317/1565/1193 1257/1600/1193 1261/1602/1193
f 1261/1602/1193 1265/1604/1193 1269/1606/1193
f 1269/1606/1193 1273/1608/1193 1277/1610/1193
f 1277/1610/1193 1281/1612/1193 1285/1563/1193
f 1285/1563/1193 1289/1615/1193 1293/1617/1193
f 1293/1617/1193 1297/1619/1193 1301/1564/1193
f 1301/1564/1193 1305/1622/1193 1309/1624/1193
f 1309/1624/1193 1313/1626/1193 1317/1565/1193
f 1317/1565/1193 1261/1602/1193 1269/1606/1193
f 1269/1606/1193 1277/1610/1193 1285/1563/1193
f 1285/1563/1193 1293/1617/1193 1301/1564/1193
f 1301/1564/1193 1309/1624/1193 1317/1565/1193
f 1317/1565/1193 1269/1606/1193 1285/1563/1193
f 1328/1566/1172 1488/1566/1172 1489/1567/1172
f 1335/1568/1196 1399/1568/1196 1398/1569/1196
f 1276/1519/1193 1361/1519/1193 1362/1521/1193
f 1333/1570/1196 1334/1569/1196 1398/1569/1196
f 1258/1501/1193 1351/1501/1193 1353/1503/1193
f 1312/1555/1193 1310/1553/1193 1378/1553/1193
f 1333/1570/1196 1397/1570/1196 1396/1571/1196
f 1292/1535/1193 1369/1535/1193 1370/1537/1193
f 1331/1572/1196 1332/1571/1196 1396/1571/1196
f 1274/1517/1193 1360/1517/1193 1361/1519/1193
f 1331/1572/1196 1395/1572/1196 1394/1573/1196
f 1308/1551/1193 1377/1551/1193 1378/1553/1193
f 1330/1573/1196 1394/1573/1196 1393/1567/1196
f 1256/1498/1193 1352/1498/1193 1351/1501/1193
f 1290/1533/1193 1368/1533/1193 1369/1535/1193
f 1328/1566/1196 1329/1567/1196 1393/1567/1196
f 1272/1515/1193 1359/1515/1193 1360/1517/1193
f 1328/1566/1196 1392/1566/1196 1391/1574/1196
f 1306/1549/1193 1376/1549/1193 1377/1551/1193
f 1327/1574/1196 1391/1574/1196 1390/1575/1196
f 1288/1531/1193 1367/1531/1193 1368/1533/1193
f 1326/1575/1196 1390/1575/1196 1389/1576/1196
f 1272/1515/1193 1270/1513/1193 1358/1513/1193
f 1324/1577/1196 1325/1576/1196 1389/1576/1196
f 1320/1578/1196 1384/1578/1196 1414/1579/1196
f 1304/1547/1193 1375/1547/1193 1376/1549/1193
f 1324/1577/1196 1388/1577/1196 1387/1580/1196
f 1350/1579/1196 1414/1579/1196 1413/1581/1196
f 1288/1531/1193 1286/1529/1193 1366/1529/1193
f 1323/1580/1196 1387/1580/1196 1386/1582/1196
f 1349/1581/1196 1413/1581/1196 1412/1583/1196
f 1270/1513/1193 1268/1511/1193 1357/1511/1193
f 1412/1583/1197 1476/1583/1197 1475/1584/1197
f 1358/1513/1198 1422/1513/1198 1423/1515/1198
f 1383/1585/1199 1385/1586/1199 1449/1586/1199
f 1411/1584/1200 1475/1584/1200 1474/1587/1200
f 1357/1511/1201 1421/1511/1201 1422/1513/1201
f 1383/1585/1202 1447/1585/1202 1448/1578/1202
f 1409/1588/1203 1410/1587/1203 1474/1587/1203
f 1356/1509/1204 1420/1509/1204 1421/1511/1204
f 1382/1561/1205 1446/1561/1205 1416/1589/1205
f 1409/1588/1206 1473/1588/1206 1472/1590/1206
f 1355/1507/1207 1419/1507/1207 1420/1509/1207
f 1381/1559/1208 1445/1559/1208 1446/1561/1208
f 1408/1590/1209 1472/1590/1209 1471/1591/1209
f 1354/1505/1210 1418/1505/1210 1419/1507/1210
f 1380/1557/1211 1444/1557/1211 1445/1559/1211
f 1407/1591/1212 1471/1591/1212 1470/1592/1212
f 1353/1503/1213 1417/1503/1213 1418/1505/1213
f 1379/1555/1214 1443/1555/1214 1444/1557/1214
f 1406/1592/1215 1470/1592/1215 1469/1593/1215
f 1351/1501/1216 1415/1501/1216 1417/1503/1216
f 1378/1553/1217 1442/1553/1217 1443/1555/1217
f 1405/1593/1218 1469/1593/1218 1468/1594/1218
f 1352/1498/1219 1416/1498/1219 1415/1501/1219
f 1377/1551/1220 1441/1551/1220 1442/1553/1220
f 1404/1594/1221 1468/1594/1221 1467/1595/1221
f 1376/1549/1222 1440/1549/1222 1441/1551/1222
f 1402/1596/1223 1403/1595/1223 1467/1595/1223
f 1375/1547/1224 1439/1547/1224 1440/1549/1224
f 1401/1597/1225 1402/1596/1225 1466/1596/1225
f 1374/1545/1226 1438/1545/1226 1439/1547/1226
f 1401/1597/1227 1465/1597/1227 1464/1598/1227
f 1374/1545/1228 1373/1543/1228 1437/1543/1228
f 1335/1568/1196 1336/1598/1196 1400/1598/1196
f 1312/1555/1193 1379/1555/1193 1380/1557/1193
f 1260/1503/1193 1353/1503/1193 1354/1505/1193
f 1337/1597/1196 1401/1597/1196 1400/1598/1196
f 1280/1523/1193 1278/1521/1193 1362/1521/1193
f 1338/1596/1196 1402/1596/1196 1401/1597/1196
f 1296/1539/1193 1371/1539/1193 1372/1541/1193
f 1339/1595/1196 1403/1595/1196 1402/1596/1196
f 1314/1557/1193 1380/1557/1193 1381/1559/1193
f 1264/1507/1193 1262/1505/1193 1354/1505/1193
f 1340/1594/1196 1404/1594/1196 1403/1595/1196
f 1280/1523/1193 1363/1523/1193 1364/1525/1193
f 1340/1594/1196 1341/1593/1196 1405/1593/1196
f 1298/1541/1193 1372/1541/1193 1373/1543/1193
f 1342/1592/1196 1406/1592/1196 1405/1593/1196
f 1318/1561/1193 1316/1559/1193 1381/1559/1193
f 1264/1507/1193 1355/1507/1193 1356/1509/1193
f 1342/1592/1196 1343/1591/1196 1407/1591/1196
f 1282/1525/1193 1364/1525/1193 1365/1527/1193
f 1344/1590/1196 1408/1590/1196 1407/1591/1196
f 1302/1545/1193 1300/1543/1193 1373/1543/1193
f 1344/1590/1196 1345/1588/1196 1409/1588/1196
f 1256/1589/1193 1318/1561/1193 1382/1561/1193
f 1266/1509/1193 1356/1509/1193 1357/1511/1193
f 1346/1587/1196 1410/1587/1196 1409/1588/1196
f 1320/1578/1196 1319/1585/1196 1383/1585/1196
f 1284/1527/1193 1365/1527/1193 1366/1529/1193
f 1347/1584/1196 1411/1584/1196 1410/1587/1196
f 1321/1586/1196 1385/1586/1196 1383/1585/1196
f 1304/1547/1193 1302/1545/1193 1374/1545/1193
f 1347/1584/1196 1348/1583/1196 1412/1583/1196
f 1322/1582/1196 1386/1582/1196 1385/1586/1196
f 1437/1543/1185 1469/1543/1185 1470/1545/1185
f 1416/1498/1163 1448/1498/1163 1447/1501/1163
f 1446/1561/1195 1478/1561/1195 1448/1589/1195
f 1424/1517/1172 1456/1517/1172 1457/1519/1172
f 1433/1535/1181 1465/1535/1181 1466/1537/1181
f 1442/1553/1190 1474/1553/1190 1475/1555/1190
f 1420/1509/1168 1452/1509/1168 1453/1511/1168
f 1429/1527/1177 1461/1527/1177 1462/1529/1177
f 1438/1545/1186 1470/1545/1186 1471/1547/1186
f 1415/1501/1164 1447/1501/1164 1449/1503/1164
f 1425/1519/1173 1457/1519/1173 1458/1521/1173
f 1435/1539/1182 1434/1537/1182 1466/1537/1182
f 1443/1555/1191 1475/1555/1191 1476/1557/1191
f 1421/1511/1169 1453/1511/1169 1454/1513/1169
f 1430/1529/1178 1462/1529/1178 1463/1531/1178
f 1439/1547/1187 1471/1547/1187 1472/1549/1187
f 1418/1505/1165 1417/1503/1165 1449/1503/1165
f 1426/1521/1174 1458/1521/1174 1459/1523/1174
f 1435/1539/1183 1467/1539/1183 1468/1541/1183
f 1444/1557/1192 1476/1557/1192 1477/1559/1192
f 1422/1513/1170 1454/1513/1170 1455/1515/1170
f 1431/1531/1179 1463/1531/1179 1464/1533/1179
f 1440/1549/1188 1472/1549/1188 1473/1551/1188
f 1419/1507/1166 1418/1505/1166 1450/1505/1166
f 1427/1523/1175 1459/1523/1175 1460/1525/1175
f 1436/1541/1184 1468/1541/1184 1469/1543/1184
f 1445/1559/1194 1477/1559/1194 1478/1561/1194
f 1423/1515/1171 1455/1515/1171 1456/1517/1171
f 1432/1533/1180 1464/1533/1180 1465/1535/1180
f 1441/1551/1189 1473/1551/1189 1474/1553/1189
f 1420/1509/1167 1419/1507/1167 1451/1507/1167
f 1428/1525/1176 1460/1525/1176 1461/1527/1176
f 1385/1586/1229 1386/1582/1229 1450/1582/1229
f 1359/1515/1230 1423/1515/1230 1424/1517/1230
f 1413/1581/1231 1477/1581/1231 1476/1583/1231
f 1387/1580/1232 1451/1580/1232 1450/1582/1232
f 1360/1517/1233 1424/1517/1233 1425/1519/1233
f 1414/1579/1234 1478/1579/1234 1477/1581/1234
f 1387/1580/1235 1388/1577/1235 1452/1577/1235
f 1361/1519/1236 1425/1519/1236 1426/1521/1236
f 1384/1578/1237 1448/1578/1237 1478/1579/1237
f 1389/1576/1238 1453/1576/1238 1452/1577/1238
f 1362/1521/1239 1426/1521/1239 1427/1523/1239
f 1390/1575/1240 1454/1575/1240 1453/1576/1240
f 1363/1523/1241 1427/1523/1241 1428/1525/1241
f 1391/1574/1242 1455/1574/1242 1454/1575/1242
f 1365/1527/1243 1364/1525/1243 1428/1525/1243
f 1392/1566/1244 1456/1566/1244 1455/1574/1244
f 1365/1527/1245 1429/1527/1245 1430/1529/1245
f 1393/1567/1246 1457/1567/1246 1456/1566/1246
f 1367/1531/1247 1366/1529/1247 1430/1529/1247
f 1393/1567/1248 1394/1573/1248 1458/1573/1248
f 1367/1531/1249 1431/1531/1249 1432/1533/1249
f 1395/1572/1250 1459/1572/1250 1458/1573/1250
f 1368/1533/1251 1432/1533/1251 1433/1535/1251
f 1395/1572/1252 1396/1571/1252 1460/1571/1252
f 1369/1535/1253 1433/1535/1253 1434/1537/1253
f 1397/1570/1254 1461/1570/1254 1460/1571/1254
f 1370/1537/1255 1434/1537/1255 1435/1539/1255
f 1398/1569/1256 1462/1569/1256 1461/1570/1256
f 1371/1539/1257 1435/1539/1257 1436/1541/1257
f 1399/1568/1258 1463/1568/1258 1462/1569/1258
f 1373/1543/1259 1372/1541/1259 1436/1541/1259
f 1400/1598/1260 1464/1598/1260 1463/1568/1260
f 1481/1586/1196 1479/1585/1196 1480/1578/1196
f 1480/1578/1196 1510/1579/1196 1509/1581/1196
f 1509/1581/1196 1508/1583/1196 1507/1584/1196
f 1507/1584/1196 1506/1587/1196 1505/1588/1196
f 1505/1588/1196 1504/1590/1196 1503/1591/1196
f 1503/1591/1196 1502/1592/1196 1501/1593/1196
f 1501/1593/1196 1500/1594/1196 1499/1595/1196
f 1499/1595/1196 1498/1596/1196 1497/1597/1196
f 1497/1597/1196 1496/1598/1196 1495/1568/1196
f 1495/1568/1196 1494/1569/1196 1493/1570/1196
f 1493/1570/1196 1492/1571/1196 1491/1572/1196
f 1491/1572/1196 1490/1573/1196 1489/1567/1196
f 1489/1567/1196 1488/1566/1196 1487/1574/1196
f 1487/1574/1196 1486/1575/1196 1485/1576/1196
f 1485/1576/1196 1484/1577/1196 1483/1580/1196
f 1483/1580/1196 1482/1582/1196 1481/1586/1196
f 1481/1586/1196 1480/1578/1196 1509/1581/1196
f 1509/1581/1196 1507/1584/1196 1505/1588/1196
f 1505/1588/1196 1503/1591/1196 1501/1593/1196
f 1501/1593/1196 1499/1595/1196 1497/1597/1196
f 1497/1597/1196 1495/1568/1196 1493/1570/1196
f 1493/1570/1196 1491/1572/1196 1489/1567/1196
f 1489/1567/1196 1487/1574/1196 1485/1576/1196
f 1485/1576/1196 1483/1580/1196 1481/1586/1196
f 1481/1586/1196 1509/1581/1196 1505/1588/1196
f 1505/1588/1196 1501/1593/1196 1497/1597/1196
f 1497/1597/1196 1493/1570/1196 1489/1567/1196
f 1489/1567/1196 1485/1576/1196 1481/1586/1196
f 1481/1586/1196 1505/1588/1196 1497/1597/1196
f 1342/1592/1186 1502/1592/1186 1503/1591/1186
f 1329/1567/1173 1489/1567/1173 1490/1573/1173
f 1343/1591/1187 1503/1591/1187 1504/1590/1187
f 1330/1573/1174 1490/1573/1174 1491/1572/1174
f 1344/1590/1188 1504/1590/1188 1505/1588/1188
f 1331/1572/1175 1491/1572/1175 1492/1571/1175
f 1345/1588/1189 1505/1588/1189 1506/1587/1189
f 1333/1570/1176 1332/1571/1176 1492/1571/1176
f 1320/1578/1163 1480/1578/1163 1479/1585/1163
f 1346/1587/1190 1506/1587/1190 1507/1584/1190
f 1334/1569/1177 1333/1570/1177 1493/1570/1177
f 1319/1585/1164 1479/1585/1164 1481/1586/1164
f 1347/1584/1191 1507/1584/1191 1508/1583/1191
f 1334/1569/1178 1494/1569/1178 1495/1568/1178
f 1321/1586/1165 1481/1586/1165 1482/1582/1165
f 1348/1583/1192 1508/1583/1192 1509/1581/1192
f 1335/1568/1179 1495/1568/1179 1496/1598/1179
f 1322/1582/1166 1482/1582/1166 1483/1580/1166
f 1349/1581/1194 1509/1581/1194 1510/1579/1194
f 1337/1597/1180 1336/1598/1180 1496/1598/1180
f 1323/1580/1167 1483/1580/1167 1484/1577/1167
f 1350/1579/1195 1510/1579/1195 1480/1578/1195
f 1337/1597/1181 1497/1597/1181 1498/1596/1181
f 1324/1577/1168 1484/1577/1168 1485/1576/1168
f 1338/1596/1182 1498/1596/1182 1499/1595/1182
f 1325/1576/1169 1485/1576/1169 1486/1575/1169
f 1339/1595/1183 1499/1595/1183 1500/1594/1183
f 1326/1575/1170 1486/1575/1170 1487/1574/1170
f 1340/1594/1184 1500/1594/1184 1501/1593/1184
f 1327/1574/1171 1487/1574/1171 1488/1566/1171
f 1341/1593/1185 1501/1593/1185 1502/1592/1185
o Cube
v -7.963258 -11.376082 0.110425
v -7.963258 -7.963258 0.522936
v -11.376082 7.963258 0.110425
v -7.963258 7.963258 0.522936
v 7.963258 -11.376082 0.110425
v 7.963258 -7.963258 0.522936
v 7.963258 11.376082 0.110425
v 7.963258 7.963258 0.522936
v 7.963258 -11.376082 0.555409
v 7.963258 11.376082 0.555409
v -7.963258 -11.376082 0.555409
v -11.376082 7.963258 0.555409
v -11.376082 -7.963258 0.555409
v 11.376082 -7.963258 0.555409
v -11.376082 -7.963258 0.110425
v 11.376082 -7.963258 0.110425
v -7.963258 -7.963258 0.015072
v -11.908018 -11.908018 0.665625
v -7.963258 11.376082 0.110425
v -7.963258 11.376082 0.555409
v 11.376082 7.963258 0.555409
v 11.376082 7.963258 0.110425
v -7.963258 7.963258 0.015072
v -11.908018 11.908018 0.665625
v 11.908018 -11.908018 0.665625
v 11.908018 11.908018 0.665625
v 7.963258 7.963258 0.015072
v 7.963258 -7.963258 0.015072
v -11.908018 11.908018 0.000209
v 11.908018 11.908018 0.000209
v -11.908018 -11.908018 0.000209
v 11.908018 -11.908018 0.000209
vn -0.0000 -0.0000 -1.0000
vn -0.0000 1.0000 -0.0000
vn 1.0000 -0.0000 -0.0000
vn -0.0000 -0.0000 1.0000
vn -1.0000 -0.0000 -0.0000
vn -0.0000 -1.0000 -0.0000
vn -0.0361 -0.0000 0.9993
vn -0.0000 0.0361 0.9993
vn -0.0000 -0.0361 0.9993
vn 0.0361 -0.0000 0.9993
vn -0.0000 -0.2029 -0.9792
vn 0.1336 -0.9910 -0.0000
vn -0.1336 -0.9910 -0.0000
vn -0.0000 -0.2029 0.9792
vn -0.9910 0.1336 -0.0000
vn -0.9910 -0.1336 -0.0000
vn -0.2029 -0.0000 0.9792
vn -0.2029 -0.0000 -0.9792
vn -0.1336 0.9910 -0.0000
vn 0.1336 0.9910 -0.0000
vn -0.0000 0.2029 0.9792
vn -0.0000 0.2029 -0.9792
vn 0.2029 -0.0000 -0.9792
vn 0.9910 -0.1336 -0.0000
vn 0.9910 0.1336 -0.0000
vn 0.2029 -0.0000 0.9792
vn -0.0000 -0.0038 -1.0000
vn 0.0038 -0.0000 -1.0000
vn -0.0038 -0.0000 -1.0000
vn -0.0000 0.0038 -1.0000
vt 0.688530 0.773668
vt 0.859794 0.771636
vt 0.857761 0.600371
vt 0.867992 0.539470
vt 0.877942 0.499826
vt 0.662839 0.499090
vt 0.625597 0.592173
vt 0.585952 0.582222
vt 0.585216 0.797326
vt 0.445419 0.868378
vt 0.446097 0.540434
vt 0.118130 0.540112
vt 0.920694 0.781866
vt 0.960339 0.791817
vt 0.961075 0.576713
vt 0.678299 0.834569
vt 0.668349 0.874213
vt 0.883452 0.874949
vt 0.530147 0.455651
vt 0.530146 0.952412
vt 0.117451 0.868056
vt 0.033402 0.456078
vt 0.033402 0.952839
vt 0.569364 0.890801
vt 0.875453 0.830874
vt 0.976927 0.890800
vt 0.640393 0.821715
vt 0.907841 0.819772
vt 0.916999 0.584711
vt 0.976927 0.483238
vt 0.905897 0.552324
vt 0.670838 0.543165
vt 0.569364 0.483239
vt 0.638450 0.554267
vt 0.629292 0.789327
vt 0.686497 0.602403
s 1
f 1538/1628/1261 1527/1629/1261 1533/1630/1261
f 1529/1631/1262 1530/1632/1262 1520/1633/1262
f 1532/1634/1263 1531/1635/1263 1524/1636/1263
f 1512/1637/1264 1516/1638/1264 1518/1639/1264
f 1525/1640/1265 1523/1641/1265 1522/1642/1265
f 1515/1643/1266 1519/1644/1266 1521/1645/1266
f 1518/1639/1267 1516/1638/1267 1535/1646/1267
f 1516/1638/1268 1512/1637/1268 1528/1647/1268
f 1514/1648/1269 1518/1639/1269 1536/1649/1269
f 1512/1637/1270 1514/1648/1270 1534/1650/1270
f 1521/1645/1271 1519/1644/1271 1535/1651/1271
f 1511/1652/1272 1521/1645/1272 1528/1653/1272
f 1519/1644/1273 1515/1643/1273 1542/1654/1273
f 1515/1643/1274 1511/1652/1274 1541/1655/1274
f 1523/1641/1275 1525/1640/1275 1541/1655/1275
f 1513/1656/1276 1522/1642/1276 1534/1657/1276
f 1525/1640/1277 1513/1656/1277 1539/1658/1277
f 1522/1642/1278 1523/1641/1278 1528/1653/1278
f 1517/1659/1279 1520/1633/1279 1536/1660/1279
f 1530/1632/1280 1529/1631/1280 1539/1658/1280
f 1529/1631/1281 1517/1659/1281 1540/1661/1281
f 1520/1633/1282 1530/1632/1282 1534/1657/1282
f 1524/1636/1283 1531/1635/1283 1536/1660/1283
f 1531/1635/1284 1532/1634/1284 1540/1661/1284
f 1526/1662/1285 1524/1636/1285 1535/1651/1285
f 1532/1634/1286 1526/1662/1286 1542/1654/1286
f 1537/1663/1287 1533/1630/1287 1539/1658/1287
f 1533/1630/1288 1527/1629/1288 1541/1655/1288
f 1538/1628/1289 1537/1663/1289 1540/1661/1289
f 1527/1629/1290 1538/1628/1290 1542/1654/1290
f 1538/1628/1261 1533/1630/1261 1537/1663/1261
f 1529/1631/1262 1520/1633/1262 1517/1659/1262
f 1532/1634/1263 1524/1636/1263 1526/1662/1263
f 1512/1637/1264 1518/1639/1264 1514/1648/1264
f 1525/1640/1265 1522/1642/1265 1513/1656/1265
f 1515/1643/1266 1521/1645/1266 1511/1652/1266
f 1518/1639/1267 1535/1646/1267 1536/1649/1267
f 1516/1638/1268 1528/1647/1268 1535/1646/1268
f 1514/1648/1269 1536/1649/1269 1534/1650/1269
f 1512/1637/1270 1534/1650/1270 1528/1647/1270
f 1521/1645/1271 1535/1651/1271 1528/1653/1271
f 1511/1652/1272 1528/1653/1272 1541/1655/1272
f 1519/1644/1273 1542/1654/1273 1535/1651/1273
f 1515/1643/1274 1541/1655/1274 1542/1654/1274
f 1523/1641/1275 1541/1655/1275 1528/1653/1275
f 1513/1656/1276 1534/1657/1276 1539/1658/1276
f 1525/1640/1277 1539/1658/1277 1541/1655/1277
f 1522/1642/1278 1528/1653/1278 1534/1657/1278
f 1517/1659/1279 1536/1660/1279 1540/1661/1279
f 1530/1632/1280 1539/1658/1280 1534/1657/1280
f 1529/1631/1281 1540/1661/1281 1539/1658/1281
f 1520/1633/1282 1534/1657/1282 1536/1660/1282
f 1524/1636/1283 1536/1660/1283 1535/1651/1283
f 1531/1635/1284 1540/1661/1284 1536/1660/1284
f 1526/1662/1285 1535/1651/1285 1542/1654/1285
f 1532/1634/1286 1542/1654/1286 1540/1661/1286
f 1537/1663/1287 1539/1658/1287 1540/1661/1287
f 1533/1630/1288 1541/1655/1288 1539/1658/1288
f 1538/1628/1289 1540/1661/1289 1542/1654/1289
f 1527/1629/1290 1542/1654/1290 1541/1655/1290
o Plane.002
v -144.177628 137.083206 -5.402262
v -144.177628 124.114594 -1.026903
v -144.177628 113.807533 7.978275
v -144.177628 110.165405 13.811064
v -144.177628 107.731178 20.242319
v -142.842560 150.856842 -4.423315
v -141.558777 144.187561 -5.499960
v -140.375641 137.418747 -5.236013
v -139.338623 130.810501 -3.641645
v -138.487564 124.616760 -0.778097
v -137.855148 119.075577 3.244560
v -137.465714 114.399887 8.271759
v -137.334229 110.769356 14.110296
v -137.465714 108.323532 20.535803
v -141.558777 151.205795 -4.250425
v -139.040573 144.872040 -5.160826
v -136.719757 138.412476 -4.743666
v -134.685562 132.075256 -3.015005
v -133.016129 126.103973 -0.041246
v -131.775650 120.728065 4.063305
v -131.011749 116.154160 9.140934
v -130.753815 112.558006 14.996500
v -131.011749 110.077805 21.404978
v -140.375641 151.772446 -3.969667
v -136.719757 145.983597 -4.610098
v -133.350479 140.026169 -3.944139
v -130.397278 134.129120 -1.997400
v -127.973656 128.519058 1.155333
v -126.172737 123.411575 5.392876
v -125.063736 119.002953 10.552399
v -124.689270 115.462608 16.435614
v -125.063736 112.926598 22.816442
v -139.338623 152.535049 -3.591833
v -134.685562 147.479477 -3.868944
v -130.397278 142.197861 -2.868151
v -126.638565 136.893158 -0.627928
v -123.553886 131.769226 2.765661
v -121.261742 127.022957 7.182175
v -119.850250 122.836777 12.451908
v -119.373650 119.371544 18.372339
v -119.850250 116.760422 24.715952
v -138.487564 153.464279 -3.131437
v -133.016129 149.302231 -2.965845
v -127.973656 144.844070 -1.557058
v -123.553886 140.261139 1.040777
v -119.926666 135.729553 4.727850
v -117.231400 131.423447 9.362442
v -115.571655 127.508308 14.766468
v -115.011246 124.134590 20.732241
v -115.571655 121.431953 27.030512
v -144.177628 157.170273 -2.047472
v -137.855148 154.524414 -2.606176
v -131.775650 151.381775 -1.935511
v -126.172737 147.863113 -0.061243
v -121.261742 144.103653 2.944586
v -117.231400 140.247864 6.966497
v -114.236580 136.443909 11.849884
v -112.392380 132.838013 17.407129
v -111.769676 129.568726 23.424639
v -112.392380 126.761665 29.671175
v -137.465714 155.674744 -2.036230
v -131.011749 153.638214 -0.817533
v -125.063736 151.138962 1.561808
v -119.850250 148.273010 5.010340
v -115.571655 145.150513 9.395567
v -112.392380 141.891449 14.548927
v -110.434593 138.621094 20.272417
v -109.773521 135.465103 26.346060
v -110.434593 132.544754 32.536461
v -137.334244 156.871033 -1.443518
v -130.753815 155.984833 0.345125
v -124.689270 154.545715 3.249727
v -119.373650 152.608994 7.158655
v -115.011246 150.249084 11.921713
v -111.769669 147.556702 17.355837
v -109.773514 144.635269 23.252207
v -109.099510 141.597107 29.384230
v -109.773514 138.558929 35.516251
v -137.465714 158.067337 -0.850798
v -131.011749 158.331451 1.507784
v -125.063736 157.952484 4.937647
v -119.850258 156.944992 9.306971
v -115.571663 155.347687 14.447866
v -112.392380 153.221954 20.162745
v -110.434593 150.649475 26.232004
v -109.773529 147.729141 32.422409
v -110.434593 144.573135 38.496048
v -137.855148 159.217651 -0.280859
v -131.775650 160.587906 2.625765
v -126.172737 161.228348 6.560701
v -121.261742 161.114349 11.372721
v -117.231400 160.250336 16.876936
v -114.236580 158.669479 22.861780
v -112.392387 156.432541 29.097284
v -111.769684 153.625504 35.343826
v -112.392387 150.356201 41.361328
v -138.487564 160.277802 0.244402
v -133.016129 162.667465 3.656099
v -127.973656 164.247375 8.056513
v -123.553886 164.956863 13.276537
v -119.926666 164.768646 19.115583
v -117.231400 163.689972 25.349230
v -115.571663 161.762253 31.737947
v -115.011253 159.059631 38.036217
v -115.571663 155.685913 44.001991
v -139.338623 161.207031 0.704798
v -134.685577 164.490204 4.559198
v -130.397293 166.893585 9.367609
v -126.638565 168.324844 14.945238
v -123.553886 168.728973 21.077765
v -121.261742 168.090454 27.529497
v -119.850258 166.433777 34.052505
v -119.373672 163.822662 40.396118
v -119.850258 160.357437 46.316551
v -140.375641 161.969635 1.082636
v -136.719757 165.986084 5.300348
v -133.350479 169.065277 10.443598
v -130.397278 171.088882 16.314707
v -127.973656 171.979126 22.688086
v -126.172737 171.701843 29.318804
v -125.063736 170.267609 35.952019
v -124.689285 167.731613 42.332848
v -125.063736 164.191269 48.216064
v -141.558777 162.536270 1.363382
v -139.040573 167.097610 5.851068
v -136.719757 170.678986 11.243120
v -134.685577 173.142746 17.332315
v -133.016144 174.394211 23.884672
v -131.775650 174.385330 30.648363
v -131.011749 173.116394 37.363480
v -130.753830 170.636200 43.771957
v -131.011749 167.040054 49.627525
v -142.842560 162.885239 1.536280
v -141.558777 167.782104 6.190203
v -140.375641 171.672699 11.735468
v -139.338623 174.407501 17.958956
v -138.487564 175.881424 24.621527
v -137.855148 176.037827 31.467112
v -137.465729 174.870682 38.232658
v -137.334259 172.424850 44.658157
v -137.465729 168.794342 50.496704
v -144.177628 163.003052 1.594652
v -144.177628 168.013229 6.304720
v -144.177628 172.008224 11.901705
v -144.177628 174.834549 18.170542
v -144.177628 176.383591 24.870329
v -144.177628 176.595810 31.743563
v -144.177628 175.463013 38.526131
v -144.177643 173.028778 44.957382
v -144.177628 169.386673 50.790176
v -145.512711 162.885239 1.536280
v -146.796494 167.782104 6.190203
v -147.979630 171.672699 11.735468
v -149.016647 174.407501 17.958956
v -149.867722 175.881424 24.621527
v -150.500122 176.037827 31.467112
v -150.889542 174.870667 38.232651
v -151.021042 172.424850 44.658157
v -150.889542 168.794327 50.496696
v -146.796494 162.536270 1.363382
v -149.314713 167.097610 5.851068
v -151.635498 170.678986 11.243120
v -153.669708 173.142746 17.332315
v -155.339127 174.394196 23.884665
v -156.579620 174.385330 30.648363
v -157.343521 173.116379 37.363472
v -157.601456 170.636200 43.771957
v -157.343521 167.040039 49.627518
v -147.979630 161.969635 1.082636
v -151.635498 165.986084 5.300348
v -155.004791 169.065262 10.443590
v -157.958008 171.088882 16.314707
v -160.381622 171.979126 22.688086
v -162.182526 171.701828 29.318796
v -163.291550 170.267593 35.952011
v -163.666000 167.731583 42.332832
v -163.291550 164.191254 48.216057
v -149.016647 161.207031 0.704798
v -153.669708 164.490189 4.559191
v -157.957993 166.893585 9.367609
v -161.716690 168.324844 14.945238
v -164.801376 168.728973 21.077765
v -167.093521 168.090454 27.529497
v -168.505020 166.433777 34.052498
v -168.981613 163.822662 40.396111
v -168.505020 160.357437 46.316544
v -149.867722 160.277802 0.244402
v -155.339127 162.667450 3.656092
v -160.381622 164.247375 8.056513
v -164.801376 164.956863 13.276537
v -168.428589 164.768631 19.115576
v -171.123871 163.689972 25.349230
v -172.783585 161.762253 31.737947
v -173.344009 159.059601 38.036209
v -172.783585 155.685913 44.001991
v -150.500122 159.217651 -0.280859
v -156.579620 160.587906 2.625765
v -162.182526 161.228317 6.560694
v -167.093521 161.114349 11.372721
v -171.123871 160.250320 16.876928
v -174.118683 158.669479 22.861780
v -175.962875 156.432541 29.097284
v -176.585587 153.625488 35.343811
v -175.962875 150.356201 41.361328
v -150.889526 158.067337 -0.850798
v -157.343506 158.331451 1.507784
v -163.291519 157.952484 4.937647
v -168.505020 156.944992 9.306971
v -172.783585 155.347672 14.447859
v -175.962875 153.221939 20.162737
v -177.920670 150.649460 26.231997
v -178.581726 147.729111 32.422394
v -177.920670 144.573120 38.496040
v -151.021027 156.871033 -1.443518
v -157.601440 155.984833 0.345125
v -163.665985 154.545715 3.249727
v -168.981613 152.608994 7.158655
v -173.344009 150.249084 11.921713
v -176.585602 147.556702 17.355837
v -178.581741 144.635269 23.252199
v -179.255737 141.597107 29.384222
v -178.581741 138.558929 35.516243
v -150.889526 155.674744 -2.036230
v -157.343506 153.638214 -0.817533
v -163.291519 151.138962 1.561808
v -168.505020 148.273010 5.010340
v -172.783585 145.150497 9.395563
v -175.962875 141.891449 14.548927
v -177.920670 138.621078 20.272409
v -178.581711 135.465088 26.346052
v -177.920670 132.544739 32.536453
v -150.500122 154.524414 -2.606176
v -156.579620 151.381775 -1.935511
v -162.182526 147.863113 -0.061243
v -167.093521 144.103653 2.944586
v -171.123856 140.247864 6.966497
v -174.118683 136.443924 11.849892
v -175.962860 132.837997 17.407122
v -176.585571 129.568710 23.424631
v -175.962860 126.761650 29.671167
v -149.867722 153.464279 -3.131437
v -155.339127 149.302231 -2.965845
v -160.381592 144.844070 -1.557058
v -164.801376 140.261139 1.040777
v -168.428589 135.729553 4.727850
v -171.123871 131.423447 9.362442
v -172.783585 127.508308 14.766468
v -173.343994 124.134590 20.732241
v -172.783585 121.431953 27.030512
v -149.016647 152.535049 -3.591833
v -153.669708 147.479477 -3.868944
v -157.957977 142.197861 -2.868151
v -161.716690 136.893158 -0.627928
v -164.801376 131.769226 2.765661
v -167.093521 127.022957 7.182175
v -168.505005 122.836777 12.451908
v -168.981583 119.371552 18.372343
v -168.505005 116.760422 24.715952
v -147.979630 151.772461 -3.969664
v -151.635498 145.983612 -4.610090
v -155.004776 140.026184 -3.944136
v -157.957993 134.129135 -1.997396
v -160.381592 128.519058 1.155336
v -162.182526 123.411583 5.392879
v -163.291519 119.002953 10.552399
v -163.665970 115.462624 16.435625
v -163.291519 112.926598 22.816442
v -146.796478 151.205795 -4.250425
v -149.314697 144.872055 -5.160818
v -151.635483 138.412476 -4.743658
v -153.669708 132.075256 -3.015005
v -155.339127 126.103973 -0.041243
v -156.579620 120.728081 4.063313
v -157.343491 116.154175 9.140942
v -157.601410 112.558029 14.996511
v -157.343491 110.077820 21.404985
v -145.512711 150.856857 -4.423311
v -146.796478 144.187576 -5.499952
v -147.979630 137.418762 -5.236010
v -149.016647 130.810501 -3.641645
v -149.867706 124.616776 -0.778093
v -150.500122 119.075592 3.244568
v -150.889526 114.399895 8.271767
v -151.021011 110.769394 14.110315
v -150.889526 108.323540 20.535810
v -144.177628 150.739029 -4.481688
v -144.177628 143.956451 -5.614466
v -144.177628 130.383438 -3.853235
v -144.177628 118.517616 2.968113
v -246.884506 -246.884491 0.000002
v 246.884506 -246.884491 0.000002
v -246.884506 246.884491 -0.000013
v 246.884506 246.884491 -0.000013
v -246.884506 0.000000 0.000000
v 0.000000 -246.884491 0.000002
v 246.884506 0.000000 0.000000
v 0.000000 246.884491 -0.000013
v 0.000000 0.000000 0.000000
v 123.442253 -246.884491 0.000002
v 246.884506 -123.442245 0.000002
v 0.000000 -123.442245 0.000002
v 123.442253 0.000000 0.000000
v 123.442253 -123.442245 0.000002
v 185.163391 -246.884491 0.000002
v 246.884506 -61.721123 0.000004
v 0.000000 -61.721123 0.000004
v 61.721127 0.000000 0.000000
v 61.721127 -246.884491 0.000002
v 246.884506 -185.163376 0.000002
v 0.000000 -185.163376 0.000002
v 185.163391 0.000000 0.000000
v 123.442253 -61.721123 0.000004
v 123.442253 -185.163376 0.000002
v 61.721127 -123.442245 0.000002
v 185.163391 -123.442245 0.000002
v 185.163391 -185.163376 0.000002
v 61.721127 -185.163376 0.000002
v 61.721127 -61.721123 0.000004
v 185.163391 -61.721123 0.000004
v 216.023941 -246.884491 0.000002
v 246.884506 -30.860561 0.000002
v 0.000000 -30.860561 0.000002
v 30.860563 0.000000 0.000000
v 92.581696 -246.884491 0.000002
v 246.884506 -154.302811 -0.000006
v 0.000000 -154.302811 -0.000006
v 154.302811 0.000000 0.000000
v 123.442253 -30.860561 0.000002
v 123.442253 -154.302811 -0.000006
v 30.860563 -123.442245 0.000002
v 154.302811 -123.442245 0.000002
v 154.302811 -246.884491 0.000002
v 246.884506 -92.581680 0.000002
v 0.000000 -92.581680 0.000002
v 92.581696 0.000000 0.000000
v 30.860563 -246.884491 0.000002
v 246.884506 -216.023926 0.000002
v 0.000000 -216.023926 0.000002
v 216.023941 0.000000 0.000000
v 123.442253 -92.581680 0.000002
v 123.442253 -216.023926 0.000002
v 92.581696 -123.442245 0.000002
v 216.023941 -123.442245 0.000002
v 185.163391 -154.302811 -0.000006
v 185.163391 -216.023926 0.000002
v 154.302811 -185.163376 0.000002
v 216.023941 -185.163376 0.000002
v 61.721127 -154.302811 -0.000006
v 61.721127 -216.023926 0.000002
v 30.860563 -185.163376 0.000002
v 92.581696 -185.163376 0.000002
v 61.721127 -30.860561 0.000002
v 61.721127 -92.581680 0.000002
v 30.860563 -61.721123 0.000004
v 92.581696 -61.721123 0.000004
v 185.163391 -30.860561 0.000002
v 185.163391 -92.581680 0.000002
v 154.302811 -61.721123 0.000004
v 216.023941 -61.721123 0.000004
v 216.023941 -92.581680 0.000002
v 154.302811 -92.581680 0.000002
v 154.302811 -30.860561 0.000002
v 92.581696 -92.581680 0.000002
v 30.860563 -92.581680 0.000002
v 30.860563 -30.860561 0.000002
v 92.581696 -216.023926 0.000002
v 30.860563 -216.023926 0.000002
v 30.860563 -154.302811 -0.000006
v 216.023941 -216.023926 0.000002
v 154.302811 -216.023926 0.000002
v 154.302811 -154.302811 -0.000006
v 216.023941 -154.302811 -0.000006
v 92.581696 -154.302811 -0.000006
v 92.581696 -30.860561 0.000002
v 216.023941 -30.860561 0.000002
v 231.454224 -246.884491 0.000002
v 246.884506 -15.430281 0.000000
v 0.000000 -15.430281 0.000000
v 15.430282 0.000000 0.000000
v 108.011971 -246.884491 0.000002
v 246.884506 -138.872528 0.000006
v 0.000000 -138.872528 0.000006
v 138.872528 0.000000 0.000000
v 123.442253 -15.430281 0.000000
v 123.442253 -138.872528 0.000006
v 15.430282 -123.442245 0.000002
v 138.872528 -123.442245 0.000002
v 169.733093 -246.884491 0.000002
v 246.884506 -77.151405 0.000002
v 0.000000 -77.151405 0.000002
v 77.151405 0.000000 0.000000
v 46.290848 -246.884491 0.000002
v 246.884506 -200.593658 0.000002
v 0.000000 -200.593658 0.000002
v 200.593658 0.000000 0.000000
v 123.442253 -77.151405 0.000002
v 123.442253 -200.593658 0.000002
v 77.151405 -123.442245 0.000002
v 200.593658 -123.442245 0.000002
v 185.163391 -138.872528 0.000006
v 185.163391 -200.593658 0.000002
v 138.872528 -185.163376 0.000002
v 200.593658 -185.163376 0.000002
v 61.721127 -138.872528 0.000006
v 61.721127 -200.593658 0.000002
v 15.430282 -185.163376 0.000002
v 77.151405 -185.163376 0.000002
v 61.721127 -15.430281 0.000000
v 61.721127 -77.151405 0.000002
v 15.430282 -61.721123 0.000004
v 77.151405 -61.721123 0.000004
v 185.163391 -15.430281 0.000000
v 185.163391 -77.151405 0.000002
v 138.872528 -61.721123 0.000004
v 200.593658 -61.721123 0.000004
v 200.593658 -246.884491 0.000002
v 246.884506 -46.290840 0.000002
v 0.000000 -46.290840 0.000002
v 46.290848 0.000000 0.000000
v 77.151405 -246.884491 0.000002
v 246.884506 -169.733078 0.000002
v 0.000000 -169.733078 0.000002
v 169.733093 0.000000 0.000000
v 123.442253 -46.290840 0.000002
v 123.442253 -169.733078 0.000002
v 46.290848 -123.442245 0.000002
v 169.733093 -123.442245 0.000002
v 138.872528 -246.884491 0.000002
v 246.884506 -108.011963 0.000006
v 0.000000 -108.011963 0.000006
v 108.011971 0.000000 0.000000
v 15.430282 -246.884491 0.000002
v 246.884506 -231.454208 0.000002
v 0.000000 -231.454208 0.000002
v 231.454224 0.000000 0.000000
v 123.442253 -108.011963 0.000006
v 123.442253 -231.454208 0.000002
v 108.011971 -123.442245 0.000002
v 231.454224 -123.442245 0.000002
v 185.163391 -169.733078 0.000002
v 185.163391 -231.454208 0.000002
v 169.733093 -185.163376 0.000002
v 231.454224 -185.163376 0.000002
v 61.721127 -169.733078 0.000002
v 61.721127 -231.454208 0.000002
v 46.290848 -185.163376 0.000002
v 108.011971 -185.163376 0.000002
v 61.721127 -46.290840 0.000002
v 61.721127 -108.011963 0.000006
v 46.290848 -61.721123 0.000004
v 108.011971 -61.721123 0.000004
v 185.163391 -46.290840 0.000002
v 185.163391 -108.011963 0.000006
v 169.733093 -61.721123 0.000004
v 231.454224 -61.721123 0.000004
v 216.023941 -77.151405 0.000002
v 216.023941 -108.011963 0.000006
v 200.593658 -92.581680 0.000002
v 231.454224 -92.581680 0.000002
v 154.302811 -77.151405 0.000002
v 154.302811 -108.011963 0.000006
v 138.872528 -92.581680 0.000002
v 169.733093 -92.581680 0.000002
v 154.302811 -15.430281 0.000000
v 154.302811 -46.290840 0.000002
v 138.872528 -30.860561 0.000002
v 169.733093 -30.860561 0.000002
v 92.581696 -77.151405 0.000002
v 92.581696 -108.011963 0.000006
v 77.151405 -92.581680 0.000002
v 108.011971 -92.581680 0.000002
v 30.860563 -77.151405 0.000002
v 30.860563 -108.011963 0.000006
v 15.430282 -92.581680 0.000002
v 46.290848 -92.581680 0.000002
v 30.860563 -15.430281 0.000000
v 30.860563 -46.290840 0.000002
v 15.430282 -30.860561 0.000002
v 46.290848 -30.860561 0.000002
v 92.581696 -200.593658 0.000002
v 92.581696 -231.454208 0.000002
v 77.151405 -216.023926 0.000002
v 108.011971 -216.023926 0.000002
v 30.860563 -200.593658 0.000002
v 30.860563 -231.454208 0.000002
v 15.430282 -216.023926 0.000002
v 46.290848 -216.023926 0.000002
v 30.860563 -138.872528 0.000006
v 30.860563 -169.733078 0.000002
v 15.430282 -154.302811 -0.000006
v 46.290848 -154.302811 -0.000006
v 216.023941 -200.593658 0.000002
v 216.023941 -231.454208 0.000002
v 200.593658 -216.023926 0.000002
v 231.454224 -216.023926 0.000002
v 154.302811 -200.593658 0.000002
v 154.302811 -231.454208 0.000002
v 138.872528 -216.023926 0.000002
v 169.733093 -216.023926 0.000002
v 154.302811 -138.872528 0.000006
v 154.302811 -169.733078 0.000002
v 138.872528 -154.302811 -0.000006
v 169.733093 -154.302811 -0.000006
v 216.023941 -138.872528 0.000006
v 216.023941 -169.733078 0.000002
v 200.593658 -154.302811 -0.000006
v 231.454224 -154.302811 -0.000006
v 92.581696 -138.872528 0.000006
v 92.581696 -169.733078 0.000002
v 77.151405 -154.302811 -0.000006
v 108.011971 -154.302811 -0.000006
v 92.581696 -15.430281 0.000000
v 92.581696 -46.290840 0.000002
v 77.151405 -30.860561 0.000002
v 108.011971 -30.860561 0.000002
v 216.023941 -15.430281 0.000000
v 216.023941 -46.290840 0.000002
v 200.593658 -30.860561 0.000002
v 231.454224 -30.860561 0.000002
v 231.454224 -46.290840 0.000002
v 200.593658 -46.290840 0.000002
v 200.593658 -15.430281 0.000000
v 108.011971 -46.290840 0.000002
v 77.151405 -46.290840 0.000002
v 77.151405 -15.430281 0.000000
v 108.011971 -169.733078 0.000002
v 77.151405 -169.733078 0.000002
v 77.151405 -138.872528 0.000006
v 231.454224 -169.733078 0.000002
v 200.593658 -169.733078 0.000002
v 200.593658 -138.872528 0.000006
v 169.733093 -169.733078 0.000002
v 138.872528 -169.733078 0.000002
v 138.872528 -138.872528 0.000006
v 169.733093 -231.454208 0.000002
v 138.872528 -231.454208 0.000002
v 138.872528 -200.593658 0.000002
v 231.454224 -231.454208 0.000002
v 200.593658 -231.454208 0.000002
v 200.593658 -200.593658 0.000002
v 46.290848 -169.733078 0.000002
v 15.430282 -169.733078 0.000002
v 15.430282 -138.872528 0.000006
v 46.290848 -231.454208 0.000002
v 15.430282 -231.454208 0.000002
v 15.430282 -200.593658 0.000002
v 108.011971 -231.454208 0.000002
v 77.151405 -231.454208 0.000002
v 77.151405 -200.593658 0.000002
v 46.290848 -46.290840 0.000002
v 15.430282 -46.290840 0.000002
v 15.430282 -15.430281 0.000000
v 46.290848 -108.011963 0.000006
v 15.430282 -108.011963 0.000006
v 15.430282 -77.151405 0.000002
v 108.011971 -108.011963 0.000006
v 77.151405 -108.011963 0.000006
v 77.151405 -77.151405 0.000002
v 169.733093 -46.290840 0.000002
v 138.872528 -46.290840 0.000002
v 138.872528 -15.430281 0.000000
v 169.733093 -108.011963 0.000006
v 138.872528 -108.011963 0.000006
v 138.872528 -77.151405 0.000002
v 231.454224 -108.011963 0.000006
v 200.593658 -108.011963 0.000006
v 200.593658 -77.151405 0.000002
v 231.454224 -77.151405 0.000002
v 169.733093 -77.151405 0.000002
v 169.733093 -15.430281 0.000000
v 108.011971 -77.151405 0.000002
v 46.290848 -77.151405 0.000002
v 46.290848 -15.430281 0.000000
v 108.011971 -200.593658 0.000002
v 46.290848 -200.593658 0.000002
v 46.290848 -138.872528 0.000006
v 231.454224 -200.593658 0.000002
v 169.733093 -200.593658 0.000002
v 169.733093 -138.872528 0.000006
v 231.454224 -138.872528 0.000006
v 108.011971 -138.872528 0.000006
v 108.011971 -15.430281 0.000000
v 231.454224 -15.430281 0.000000
v 231.454224 -246.884491 40.000000
v 246.884506 -246.884491 40.000000
v 108.011971 -246.884491 40.000000
v 123.442253 -246.884491 40.000000
v 169.733093 -246.884491 40.000000
v 185.163391 -246.884491 40.000000
v 46.290848 -246.884491 40.000000
v 61.721127 -246.884491 40.000000
v 200.593658 -246.884491 40.000000
v 216.023941 -246.884491 40.000000
v 77.151405 -246.884491 40.000000
v 92.581696 -246.884491 40.000000
v 138.872528 -246.884491 40.000000
v 154.302811 -246.884491 40.000000
v 15.430282 -246.884491 40.000000
v 30.860563 -246.884491 40.000000
v 0.000000 -246.884491 40.000000
v 246.884506 -231.454208 40.000008
v 0.000000 -231.454208 40.000008
v 123.442253 -231.454208 40.000008
v 185.163391 -231.454208 40.000008
v 61.721127 -231.454208 40.000008
v 92.581696 -231.454208 40.000008
v 30.860563 -231.454208 40.000008
v 216.023941 -231.454208 40.000008
v 154.302811 -231.454208 40.000008
v 169.733093 -231.454208 40.000008
v 138.872528 -231.454208 40.000008
v 231.454224 -231.454208 40.000008
v 200.593658 -231.454208 40.000008
v 46.290848 -231.454208 40.000008
v 15.430282 -231.454208 40.000008
v 108.011971 -231.454208 40.000008
v 77.151405 -231.454208 40.000008
v 246.884506 -169.733078 40.000000
v 246.884506 -154.302811 40.000008
v 0.000000 -169.733078 40.000000
v 0.000000 -154.302811 40.000008
v 123.442253 -169.733078 0.000002
v 123.442253 -154.302811 -0.000006
v 185.163391 -169.733078 40.000000
v 185.163391 -154.302811 40.000008
v 61.721127 -169.733078 40.000000
v 61.721127 -154.302811 40.000008
v 30.860563 -169.733078 40.000000
v 30.860563 -154.302811 40.000008
v 15.430282 -154.302811 40.000008
v 46.290848 -154.302811 40.000008
v 154.302811 -169.733078 40.000000
v 154.302811 -154.302811 40.000008
v 138.872528 -154.302811 -0.000006
v 169.733093 -154.302811 40.000008
v 216.023941 -169.733078 40.000000
v 216.023941 -154.302811 40.000008
v 200.593658 -154.302811 40.000008
v 231.454224 -154.302811 40.000008
v 92.581696 -169.733078 40.000000
v 92.581696 -154.302811 40.000008
v 77.151405 -154.302811 40.000008
v 108.011971 -154.302811 -0.000006
v 108.011971 -169.733078 0.000002
v 77.151405 -169.733078 40.000000
v 231.454224 -169.733078 40.000000
v 200.593658 -169.733078 40.000000
v 169.733093 -169.733078 40.000000
v 138.872528 -169.733078 0.000002
v 46.290848 -169.733078 40.000000
v 15.430282 -169.733078 40.000000
v 246.884506 -200.593658 40.000008
v 246.884506 -185.163361 40.000000
v 246.884506 -231.454208 40.000008
v 246.884506 -216.023926 40.000015
v 246.884506 -169.733078 40.000000
v 231.454224 -185.163361 40.000000
v 231.454224 -216.023926 40.000015
v 231.454224 -169.733078 40.000000
v 231.454224 -231.454208 40.000008
v 231.454224 -200.593658 40.000008
v 0.000000 -200.593658 40.000008
v 0.000000 -185.163361 40.000000
v 15.430282 -185.163361 40.000000
v 0.000000 -231.454208 40.000008
v 0.000000 -216.023926 40.000015
v 15.430282 -216.023926 40.000015
v 0.000000 -169.733078 40.000000
v 15.430282 -169.733078 40.000000
v 15.430282 -231.454208 40.000008
v 15.430282 -200.593658 40.000008
v -123.442253 246.884491 -0.000013
v -246.884506 123.442245 -0.000002
v 0.000000 123.442245 -0.000002
v -123.442253 0.000000 0.000000
v -123.442253 123.442245 -0.000002
v -185.163391 246.884491 -0.000013
v -246.884506 61.721123 -0.000002
v 0.000000 185.163361 -0.000006
v -185.163391 0.000000 0.000000
v -61.721127 246.884491 -0.000013
v -246.884506 185.163361 -0.000006
v 0.000000 61.721123 -0.000002
v -61.721127 0.000000 0.000000
v -123.442253 185.163361 -0.000006
v -123.442253 61.721123 -0.000002
v -185.163391 123.442245 -0.000002
v -61.721127 123.442245 -0.000002
v -216.023941 69.436256 165.030136
v -208.308807 216.023911 74.711327
v -185.163391 185.163361 -0.000006
v -61.721127 185.163361 -0.000006
v -216.023941 246.884491 -0.000013
v -246.884506 30.860563 0.000000
v 0.000000 216.023926 -0.000013
v -216.023941 0.000000 0.000000
v -92.581696 246.884491 -0.000013
v -246.884506 154.302811 -0.000002
v 0.000000 92.581680 0.000000
v -92.581696 0.000000 0.000000
v -123.442253 216.023926 -0.000013
v -123.442253 92.581680 0.000000
v -92.581696 123.442245 -0.000002
v -154.302811 246.884491 -0.000013
v -246.884506 92.581680 0.000000
v 0.000000 154.302811 -0.000002
v -154.302811 0.000000 0.000000
v -30.860563 246.884491 -0.000013
v -246.884506 216.023926 -0.000013
v 0.000000 30.860563 0.000000
v -30.860563 0.000000 0.000000
v -123.442253 154.302811 -0.000002
v -123.442253 30.860563 0.000000
v -154.302811 123.442245 -0.000002
v -30.860563 123.442245 -0.000002
v -223.739090 30.860558 165.030151
v -61.721127 30.860563 0.000000
v -185.163391 69.436256 165.030136
v -192.878525 46.290836 165.030151
v -185.163391 92.581680 0.000000
v -216.023941 216.023911 74.711327
v -216.023941 61.721123 -0.000002
v -154.302811 61.721123 -0.000002
v -185.163391 216.023926 -0.000013
v -185.163391 154.302811 -0.000002
v -216.023941 185.163361 -0.000006
v -154.302811 185.163361 -0.000006
v -61.721127 216.023926 -0.000013
v -61.721127 154.302811 -0.000002
v -92.581696 185.163361 -0.000006
v -30.860563 185.163361 -0.000006
v -30.860563 154.302811 -0.000002
v -92.581696 154.302811 -0.000002
v -92.581696 216.023926 -0.000013
v -154.302811 154.302811 -0.000002
v -216.023941 154.302811 -0.000002
v -216.023941 216.023926 -0.000013
v -154.302811 30.860563 0.000000
v -216.023941 30.860563 0.000000
v -216.023941 92.581680 0.000000
v -30.860563 30.860563 0.000000
v -92.581696 30.860563 0.000000
v -208.308807 46.290836 165.030151
v -200.593658 46.290836 165.030151
v -154.302811 92.581680 0.000000
v -154.302811 216.023926 -0.000013
v -30.860563 216.023926 -0.000013
v -231.454224 246.884491 -0.000013
v -246.884506 15.430280 0.000000
v 0.000000 231.454193 -0.000021
v -231.454224 0.000000 0.000000
v -108.011971 246.884491 -0.000013
v -246.884506 138.872528 -0.000006
v 0.000000 108.011963 -0.000004
v -108.011971 0.000000 0.000000
v -123.442253 231.454193 -0.000021
v -123.442253 108.011963 -0.000004
v -231.454224 123.442245 -0.000002
v -108.011971 123.442245 -0.000002
v -169.733093 246.884491 -0.000013
v -246.884506 77.151405 0.000002
v 0.000000 169.733063 -0.000006
v -169.733093 0.000000 0.000000
v -46.290848 246.884491 -0.000013
v -246.884506 200.593643 -0.000013
v 0.000000 46.290844 0.000000
v -46.290848 0.000000 0.000000
v -123.442253 169.733063 -0.000006
v -123.442253 46.290844 0.000000
v -169.733093 123.442245 -0.000002
v -46.290848 123.442245 -0.000002
v -200.593658 38.575714 165.030136
v -200.593658 54.005981 165.030151
v -108.011971 61.721123 -0.000002
v -177.448227 46.290836 165.030151
v -185.163391 108.011963 -0.000004
v -216.023941 208.308777 74.711334
v -231.454224 61.721123 -0.000002
v -216.023941 185.163361 74.711342
v -185.163391 231.454193 -0.000021
v -185.163391 169.733063 -0.000006
v -231.454224 185.163361 -0.000006
v -169.733093 185.163361 -0.000006
v -61.721127 231.454193 -0.000021
v -61.721127 169.733063 -0.000006
v -108.011971 185.163361 -0.000006
v -216.023941 61.721119 165.030136
v -200.593658 246.884491 -0.000013
v -246.884506 46.290844 0.000000
v 0.000000 200.593643 -0.000013
v -200.593658 0.000000 0.000000
v -77.151405 246.884491 -0.000013
v -246.884506 169.733063 -0.000006
v 0.000000 77.151405 0.000002
v -77.151405 0.000000 0.000000
v -123.442253 200.593643 -0.000013
v -123.442253 77.151405 0.000002
v -77.151405 123.442245 -0.000002
v -138.872528 246.884491 -0.000013
v -246.884506 108.011963 -0.000004
v 0.000000 138.872528 -0.000006
v -138.872528 0.000000 0.000000
v -15.430282 246.884491 -0.000013
v -246.884506 231.454193 -0.000021
v 0.000000 15.430280 0.000000
v -15.430282 0.000000 0.000000
v -123.442253 138.872528 -0.000006
v -123.442253 15.430280 0.000000
v -138.872528 123.442245 -0.000002
v -15.430282 123.442245 -0.000002
v -169.733093 46.290836 165.030151
v -61.721127 15.430280 0.000000
v -169.733093 38.575714 165.030136
v -15.430282 61.721123 -0.000002
v -185.163391 77.151405 0.000002
v -185.163391 15.430280 0.000000
v -177.448227 7.715139 46.100670
v -138.872528 61.721123 -0.000002
v -185.163391 200.593643 -0.000013
v -185.163391 138.872528 -0.000006
v -200.593658 185.163361 -0.000006
v -138.872528 185.163361 -0.000006
v -61.721127 200.593643 -0.000013
v -61.721127 138.872528 -0.000006
v -77.151405 185.163361 -0.000006
v -15.430282 185.163361 -0.000006
v -30.860563 169.733063 -0.000006
v -30.860563 138.872528 -0.000006
v -46.290848 154.302811 -0.000002
v -15.430282 154.302811 -0.000002
v -92.581696 169.733063 -0.000006
v -92.581696 138.872528 -0.000006
v -108.011971 154.302811 -0.000002
v -77.151405 154.302811 -0.000002
v -92.581696 231.454193 -0.000021
v -92.581696 200.593643 -0.000013
v -108.011971 216.023926 -0.000013
v -77.151405 216.023926 -0.000013
v -154.302811 169.733063 -0.000006
v -154.302811 138.872528 -0.000006
v -169.733093 154.302811 -0.000002
v -138.872528 154.302811 -0.000002
v -216.023941 169.733063 -0.000006
v -216.023941 138.872528 -0.000006
v -231.454224 154.302811 -0.000002
v -200.593658 154.302811 -0.000002
v -216.023941 231.454193 -0.000021
v -123.442253 200.593643 28.052252
v -231.454224 216.023926 -0.000013
v -200.593658 216.023926 -0.000013
v -154.302811 46.290844 0.000000
v -154.302811 15.430280 0.000000
v -169.733093 30.860563 0.000000
v -138.872528 30.860563 0.000000
v -169.733093 0.000000 46.100670
v -216.023941 15.430280 0.000000
v -231.454224 30.860563 0.000000
v -177.448227 15.430283 46.100670
v -216.023941 77.151405 0.000002
v -231.454224 92.581680 0.000000
v -200.593658 92.581680 0.000000
v -169.733093 54.005981 165.030151
v -30.860563 15.430280 0.000000
v -46.290848 30.860563 0.000000
v -15.430282 30.860563 0.000000
v -169.733093 30.860558 165.030151
v -92.581696 15.430280 0.000000
v -108.011971 30.860563 0.000000
v -77.151405 30.860563 0.000000
v -169.733093 23.145424 165.030151
v -200.593658 23.145424 165.030151
v -108.011971 92.581680 0.000000
v -200.593658 30.860558 165.030151
v -192.878525 30.860558 165.030151
v -216.023941 46.290836 165.030151
v -216.023941 38.575714 165.030136
v -15.430282 92.581680 0.000000
v -154.302811 108.011963 -0.000004
v -154.302811 77.151405 0.000002
v -169.733093 92.581680 0.000000
v -138.872528 92.581680 0.000000
v -154.302811 231.454193 -0.000021
v -154.302811 200.593643 -0.000013
v -169.733093 216.023926 -0.000013
v -138.872528 216.023926 -0.000013
v -30.860563 231.454193 -0.000021
v -30.860563 200.593643 -0.000013
v -46.290848 216.023926 -0.000013
v -15.430282 216.023926 -0.000013
v -15.430282 200.593643 -0.000013
v -46.290848 200.593643 -0.000013
v -46.290848 231.454193 -0.000021
v -138.872528 200.593643 -0.000013
v -216.023941 123.442230 77.462570
v -169.733093 231.454193 -0.000021
v -138.872528 77.151405 0.000002
v -169.733093 77.151405 0.000002
v -169.733093 108.011963 -0.000004
v -15.430282 77.151405 0.000002
v -200.593658 61.721119 165.030136
v -192.878525 61.721119 165.030136
v -169.733093 61.721119 165.030136
v -108.011971 77.151405 0.000002
v -108.011971 108.011963 -0.000004
v -77.151405 15.430280 0.000000
v -108.011971 15.430280 0.000000
v -108.011971 46.290844 0.000000
v -15.430282 15.430280 0.000000
v -46.290848 15.430280 0.000000
v -162.017944 61.721119 165.030136
v -200.593658 77.151405 0.000002
v -231.454224 77.151405 0.000002
v -231.454224 108.011963 -0.000004
v -200.593658 15.430280 0.000000
v -231.454224 15.430280 0.000000
v -231.454224 46.290844 0.000000
v -138.872528 15.430280 0.000000
v -169.733093 15.430280 0.000000
v -169.733093 46.290844 0.000000
v -200.593658 200.593643 -0.000013
v -231.454224 200.593643 -0.000013
v -231.454224 231.454193 -0.000021
v -200.593658 138.872528 -0.000006
v -231.454224 138.872528 -0.000006
v -231.454224 169.733063 -0.000006
v -138.872528 138.872528 -0.000006
v -169.733093 138.872528 -0.000006
v -169.733093 169.733063 -0.000006
v -77.151405 200.593643 -0.000013
v -108.011971 200.593643 -0.000013
v -108.011971 231.454193 -0.000021
v -77.151405 138.872528 -0.000006
v -108.011971 138.872528 -0.000006
v -108.011971 169.733063 -0.000006
v -15.430282 138.872528 -0.000006
v -46.290848 138.872528 -0.000006
v -46.290848 169.733063 -0.000006
v -15.430282 169.733063 -0.000006
v -77.151405 169.733063 -0.000006
v -77.151405 231.454193 -0.000021
v -138.872528 169.733063 -0.000006
v -200.593658 169.733063 -0.000006
v -200.593658 231.454193 -0.000021
v -138.872528 46.290844 0.000000
v -169.733093 15.430283 46.100670
v -15.430282 46.290844 0.000000
v -185.163391 46.290836 165.030151
v -185.163391 38.575714 165.030136
v -15.430282 108.011963 -0.000004
v -138.872528 108.011963 -0.000004
v -138.872528 231.454193 -0.000021
v -15.430282 231.454193 -0.000021
v -239.169373 246.884491 -0.000013
v -246.884506 7.715140 0.000000
v 0.000000 239.169342 -0.000013
v -239.169373 0.000000 0.000000
v -115.727112 246.884491 -0.000013
v -246.884506 131.157379 0.000002
v 0.000000 115.727097 -0.000002
v -115.727112 0.000000 0.000000
v -123.442253 239.169342 -0.000013
v -123.442253 115.727097 -0.000002
v -239.169373 123.442245 -0.000002
v -115.727112 123.442245 -0.000002
v -177.448227 246.884491 -0.000013
v -246.884506 69.436264 -0.000002
v 0.000000 177.448227 -0.000002
v -177.448227 0.000000 0.000000
v -54.005985 246.884491 -0.000013
v -246.884506 192.878510 -0.000013
v 0.000000 54.005981 -0.000002
v -54.005985 0.000000 0.000000
v -123.442253 177.448227 -0.000002
v -123.442253 54.005981 -0.000002
v -177.448227 123.442245 -0.000002
v -54.005985 123.442245 -0.000002
v -216.023941 30.860558 165.030151
v -208.308807 30.860558 165.030151
v -115.727112 61.721123 -0.000002
v -216.023941 54.005981 165.030151
v -185.163391 115.727097 -0.000002
v -169.733093 7.715139 46.100670
v -239.169373 61.721123 -0.000002
v -185.163391 15.430283 46.100670
v -185.163391 239.169342 -0.000013
v -185.163391 177.448227 -0.000002
v -239.169373 185.163361 -0.000006
v -177.448227 185.163361 -0.000006
v -61.721127 239.169342 -0.000013
v -208.308807 61.721119 165.030136
v -115.727112 185.163361 -0.000006
v -185.163391 30.860558 165.030151
v -208.308807 246.884491 -0.000013
v -246.884506 38.575706 0.000000
v 0.000000 208.308777 -0.000013
v -208.308807 0.000000 0.000000
v -84.866547 246.884491 -0.000013
v -246.884506 162.017944 -0.000002
v 0.000000 84.866539 0.000000
v -84.866547 0.000000 0.000000
v -123.442253 208.308777 -0.000013
v -123.442253 84.866539 0.000000
v -84.866547 123.442245 -0.000002
v -146.587677 246.884491 -0.000013
v -246.884506 100.296822 -0.000002
v 0.000000 146.587662 -0.000010
v -146.587677 0.000000 0.000000
v -23.145424 246.884491 -0.000013
v -246.884506 223.739075 -0.000006
v 0.000000 23.145420 0.000000
v -23.145424 0.000000 0.000000
v -123.442253 146.587662 -0.000010
v -123.442253 23.145420 0.000000
v -146.587677 123.442245 -0.000002
v -23.145424 123.442245 -0.000002
v -177.448227 30.860558 165.030151
v -61.721127 23.145420 0.000000
v -69.436264 177.448242 204.262009
v -23.145424 61.721123 -0.000002
v -185.163391 84.866539 0.000000
v -185.163391 23.145420 0.000000
v -185.163391 7.715139 46.100670
v -146.587677 61.721123 -0.000002
v -185.163391 208.308777 -0.000013
v -185.163391 146.587662 -0.000010
v -208.308807 185.163361 -0.000006
v -146.587677 185.163361 -0.000006
v -61.721127 208.308777 -0.000013
v -61.721127 146.587662 -0.000010
v -84.866547 185.163361 -0.000006
v -23.145424 185.163361 -0.000006
v -30.860563 177.448227 -0.000002
v -30.860563 146.587662 -0.000010
v -54.005985 154.302811 -0.000002
v -23.145424 154.302811 -0.000002
v -92.581696 177.448227 -0.000002
v -92.581696 146.587662 -0.000010
v -115.727112 154.302811 -0.000002
v -84.866547 154.302811 -0.000002
v -92.581696 239.169342 -0.000013
v -92.581696 208.308777 -0.000013
v -115.727112 216.023926 -0.000013
v -84.866547 216.023926 -0.000013
v -154.302811 177.448227 -0.000002
v -154.302811 146.587662 -0.000010
v -177.448227 154.302811 -0.000002
v -146.587677 154.302811 -0.000002
v -216.023941 177.448227 -0.000002
v -216.023941 146.587662 -0.000010
v -239.169373 154.302811 -0.000002
v -208.308807 154.302811 -0.000002
v -216.023941 239.169342 -0.000013
v -123.442253 192.878494 28.052248
v -239.169373 216.023926 -0.000013
v -208.308807 216.023926 -0.000013
v -154.302811 54.005981 -0.000002
v -154.302811 23.145420 0.000000
v -185.163391 0.000000 46.100670
v -146.587677 30.860563 0.000000
v -216.023941 54.005981 -0.000002
v -216.023941 23.145420 0.000000
v -239.169373 30.860563 0.000000
v -208.308807 30.860563 0.000000
v -216.023941 84.866539 0.000000
v -239.169373 92.581680 0.000000
v -208.308807 92.581680 0.000000
v -38.575703 177.448242 204.262009
v -30.860563 23.145420 0.000000
v -54.005985 30.860563 0.000000
v -23.145424 30.860563 0.000000
v -54.005985 192.878510 204.261993
v -92.581696 23.145420 0.000000
v -115.727112 30.860563 0.000000
v -84.866547 30.860563 0.000000
v -54.005985 177.448242 204.262009
v -54.005985 162.017929 204.261993
v -115.727112 92.581680 0.000000
v -69.436264 169.733093 204.261993
v -38.575703 192.878510 204.261993
v -46.290848 192.878510 204.261993
v -38.575703 185.163361 204.261993
v -23.145424 92.581680 0.000000
v -154.302811 115.727097 -0.000002
v -154.302811 84.866539 0.000000
v -177.448227 92.581680 0.000000
v -146.587677 92.581680 0.000000
v -154.302811 239.169342 -0.000013
v -154.302811 208.308777 -0.000013
v -177.448227 216.023926 -0.000013
v -146.587677 216.023926 -0.000013
v -30.860563 239.169342 -0.000013
v -30.860563 208.308777 -0.000013
v -54.005985 216.023926 -0.000013
v -23.145424 216.023926 -0.000013
v -223.739090 246.884491 -0.000013
v -246.884506 23.145420 0.000000
v 0.000000 223.739075 -0.000006
v -223.739090 0.000000 0.000000
v -100.296829 246.884491 -0.000013
v -246.884506 146.587662 -0.000010
v 0.000000 100.296822 -0.000002
v -100.296829 0.000000 0.000000
v -123.442253 223.739075 -0.000006
v -123.442253 100.296822 -0.000002
v -100.296829 123.442245 -0.000002
v -162.017944 246.884491 -0.000013
v -246.884506 84.866539 0.000000
v 0.000000 162.017944 -0.000002
v -162.017944 0.000000 0.000000
v -38.575703 246.884491 -0.000013
v -246.884506 208.308777 -0.000013
v 0.000000 38.575706 0.000000
v -38.575703 0.000000 0.000000
v -123.442253 162.017944 -0.000002
v -123.442253 38.575706 0.000000
v -162.017944 123.442245 -0.000002
v -38.575703 123.442245 -0.000002
v -46.290848 185.163361 204.261993
v -54.005985 200.593658 204.261993
v -61.721127 192.878510 204.261993
v -77.151405 177.448242 204.262009
v -185.163391 100.296822 -0.000002
v -177.448227 0.000000 46.100670
v -223.739090 61.721123 -0.000002
v -162.017944 61.721123 -0.000002
v -185.163391 223.739075 -0.000006
v -185.163391 162.017944 -0.000002
v -223.739090 185.163361 -0.000006
v -162.017944 185.163361 -0.000006
v -61.721127 223.739075 -0.000006
v -61.721127 162.017944 -0.000002
v -100.296829 185.163361 -0.000006
v -38.575703 185.163361 -0.000006
v -192.878525 246.884491 -0.000013
v -246.884506 54.005981 -0.000002
v 0.000000 192.878510 -0.000013
v -192.878525 0.000000 0.000000
v -69.436264 246.884491 -0.000013
v -246.884506 177.448227 -0.000002
v 0.000000 69.436264 -0.000002
v -69.436264 0.000000 0.000000
v -123.442253 192.878510 -0.000013
v -123.442253 69.436264 -0.000002
v -69.436264 123.442245 -0.000002
v -131.157394 246.884491 -0.000013
v -246.884506 115.727097 -0.000002
v 0.000000 131.157379 0.000002
v -131.157394 0.000000 0.000000
v -7.715141 246.884491 -0.000013
v -246.884506 239.169342 -0.000013
v 0.000000 7.715140 0.000000
v -7.715141 0.000000 0.000000
v -123.442253 131.157379 0.000002
v -123.442253 7.715140 0.000000
v -131.157394 123.442245 -0.000002
v -7.715141 123.442245 -0.000002
v -38.575703 169.733093 204.261993
v -61.721127 7.715140 0.000000
v -54.005985 169.733093 204.261993
v -7.715141 61.721123 -0.000002
v -185.163391 69.436264 -0.000002
v -185.163391 7.715140 0.000000
v -131.157394 23.145422 57.589394
v -131.157394 61.721123 -0.000002
v -185.163391 192.878510 -0.000013
v -185.163391 131.157379 0.000002
v -192.878525 185.163361 -0.000006
v -131.157394 185.163361 -0.000006
v -61.721127 192.878510 -0.000013
v -61.721127 131.157379 0.000002
v -69.436264 185.163361 -0.000006
v -7.715141 185.163361 -0.000006
v -30.860563 162.017944 -0.000002
v -30.860563 131.157379 0.000002
v -38.575703 154.302811 -0.000002
v -7.715141 154.302811 -0.000002
v -92.581696 162.017944 -0.000002
v -92.581696 131.157379 0.000002
v -100.296829 154.302811 -0.000002
v -69.436264 154.302811 -0.000002
v -92.581696 223.739075 -0.000006
v -92.581696 192.878510 -0.000013
v -100.296829 216.023926 -0.000013
v -69.436264 216.023926 -0.000013
v -154.302811 162.017944 -0.000002
v -154.302811 131.157379 0.000002
v -162.017944 154.302811 -0.000002
v -131.157394 154.302811 -0.000002
v -216.023941 162.017944 -0.000002
v -216.023941 131.157379 0.000002
v -223.739090 154.302811 -0.000002
v -216.023941 223.739075 -0.000006
v -115.727112 185.163361 28.052256
v -223.739090 216.023926 -0.000013
v -192.878525 216.023926 -0.000013
v -154.302811 38.575706 0.000000
v -154.302811 7.715140 0.000000
v -162.017944 30.860563 0.000000
v -131.157394 30.860563 0.000000
v -138.872528 15.430285 57.589386
v -216.023941 7.715140 0.000000
v -223.739090 30.860563 0.000000
v -131.157394 15.430285 57.589386
v -192.878525 146.587662 26.876791
v -216.023941 69.436264 -0.000002
v -223.739090 92.581680 0.000000
v -192.878525 92.581680 0.000000
v -46.290848 169.733093 204.261993
v -30.860563 7.715140 0.000000
v -38.575703 30.860563 0.000000
v -7.715141 30.860563 0.000000
v -46.290848 162.017929 204.261993
v -92.581696 7.715140 0.000000
v -100.296829 30.860563 0.000000
v -69.436264 30.860563 0.000000
v -46.290848 177.448242 204.262009
v -46.290848 200.593658 204.261993
v -46.290848 192.878510 204.261993
v -77.151405 185.163361 204.261993
v -69.436264 185.163361 204.261993
v -46.290848 185.163361 204.261993
v -38.575703 185.163361 204.261993
v -7.715141 92.581680 0.000000
v -154.302811 100.296822 -0.000002
v -154.302811 69.436264 -0.000002
v -162.017944 92.581680 0.000000
v -131.157394 92.581680 0.000000
v -154.302811 223.739075 -0.000006
v -154.302811 192.878510 -0.000013
v -162.017944 216.023926 -0.000013
v -131.157394 216.023926 -0.000013
v -30.860563 223.739075 -0.000006
v -30.860563 192.878510 -0.000013
v -38.575703 216.023926 -0.000013
v -7.715141 216.023926 -0.000013
v -15.430282 208.308777 -0.000013
v -15.430282 192.878510 -0.000013
v -23.145424 200.593643 -0.000013
v -7.715141 200.593643 -0.000013
v -46.290848 208.308777 -0.000013
v -46.290848 192.878510 -0.000013
v -54.005985 200.593643 -0.000013
v -38.575703 200.593643 -0.000013
v -46.290848 239.169342 -0.000013
v -46.290848 223.739075 -0.000006
v -54.005985 231.454193 -0.000021
v -38.575703 231.454193 -0.000021
v -138.872528 208.308777 -0.000013
v -138.872528 192.878510 -0.000013
v -146.587677 200.593643 -0.000013
v -131.157394 200.593643 -0.000013
v -169.733093 208.308777 -0.000013
v -208.308807 123.442230 77.462570
v -177.448227 200.593643 -0.000013
v -162.017944 200.593643 -0.000013
v -169.733093 239.169342 -0.000013
v -169.733093 223.739075 -0.000006
v -177.448227 231.454193 -0.000021
v -162.017944 231.454193 -0.000021
v -138.872528 84.866539 0.000000
v -138.872528 69.436264 -0.000002
v -146.587677 77.151405 0.000002
v -131.157394 77.151405 0.000002
v -169.733093 84.866539 0.000000
v -169.733093 69.436264 -0.000002
v -177.448227 77.151405 0.000002
v -162.017944 77.151405 0.000002
v -169.733093 115.727097 -0.000002
v -169.733093 100.296822 -0.000002
v -177.448227 108.011963 -0.000004
v -162.017944 108.011963 -0.000004
v -15.430282 84.866539 0.000000
v -15.430282 69.436264 -0.000002
v -23.145424 77.151405 0.000002
v -7.715141 77.151405 0.000002
v -61.721127 169.733093 204.261993
v -61.721127 162.017929 204.261993
v -30.860563 185.163361 204.261993
v -30.860563 177.448242 204.262009
v -54.005985 185.163361 204.261993
v -61.721127 185.163361 204.261993
v -61.721127 177.448242 204.262009
v -38.575703 192.878510 -0.000013
v -46.290848 192.878510 -0.000013
v -185.163391 23.145424 165.030151
v -38.575703 185.163361 -0.000006
v -65.084152 77.061508 131.607925
v -108.011971 84.866539 0.000000
v -108.011971 69.436264 -0.000002
v -115.727112 77.151405 0.000002
v -65.084152 76.971596 131.607925
v -108.011971 115.727097 -0.000002
v -108.011971 100.296822 -0.000002
v -115.727112 108.011963 -0.000004
v -65.623627 76.611938 131.607925
v -77.151405 23.145420 0.000000
v -77.151405 7.715140 0.000000
v -84.866547 15.430280 0.000000
v -69.436264 15.430280 0.000000
v -108.011971 23.145420 0.000000
v -108.011971 7.715140 0.000000
v -115.727112 15.430280 0.000000
v -100.296829 15.430280 0.000000
v -108.011971 54.005981 -0.000002
v -108.011971 38.575706 0.000000
v -115.727112 46.290844 0.000000
v -65.713539 76.611938 131.607925
v -15.430282 23.145420 0.000000
v -15.430282 7.715140 0.000000
v -23.145424 15.430280 0.000000
v -7.715141 15.430280 0.000000
v -46.290848 23.145420 0.000000
v -46.290848 7.715140 0.000000
v -54.005985 15.430280 0.000000
v -38.575703 15.430280 0.000000
v -65.084152 76.701859 131.607925
v -65.084152 76.611938 131.607925
v -66.073189 77.151413 131.607925
v -66.073189 77.241333 131.607925
v -200.593658 84.866539 0.000000
v -200.593658 69.436264 -0.000002
v -208.308807 77.151405 0.000002
v -192.878525 77.151405 0.000002
v -231.454224 84.866539 0.000000
v -231.454224 69.436264 -0.000002
v -239.169373 77.151405 0.000002
v -223.739090 77.151405 0.000002
v -231.454224 115.727097 -0.000002
v -231.454224 100.296822 -0.000002
v -239.169373 108.011963 -0.000004
v -177.448227 146.587662 26.876791
v -200.593658 23.145420 0.000000
v -200.593658 7.715140 0.000000
v -208.308807 15.430280 0.000000
v -192.878525 15.430280 0.000000
v -231.454224 23.145420 0.000000
v -231.454224 7.715140 0.000000
v -239.169373 15.430280 0.000000
v -223.739090 15.430280 0.000000
v -231.454224 54.005981 -0.000002
v -231.454224 38.575706 0.000000
v -239.169373 46.290844 0.000000
v -223.739090 46.290844 0.000000
v -138.872528 23.145420 0.000000
v -138.872528 7.715140 0.000000
v -146.587677 15.430280 0.000000
v -131.157394 15.430280 0.000000
v -169.733093 23.145420 0.000000
v -169.733093 7.715140 0.000000
v -177.448227 15.430280 0.000000
v -162.017944 15.430280 0.000000
v -169.733093 54.005981 -0.000002
v -169.733093 38.575706 0.000000
v -138.872528 23.145422 57.589394
v -162.017944 46.290844 0.000000
v -200.593658 208.308777 -0.000013
v -200.593658 192.878510 -0.000013
v -208.308807 200.593643 -0.000013
v -192.878525 200.593643 -0.000013
v -231.454224 208.308777 -0.000013
v -231.454224 192.878510 -0.000013
v -239.169373 200.593643 -0.000013
v -123.442253 185.163361 28.052256
v -231.454224 239.169342 -0.000013
v -231.454224 223.739075 -0.000006
v -239.169373 231.454193 -0.000021
v -223.739090 231.454193 -0.000021
v -200.593658 146.587662 -0.000010
v -200.593658 131.157379 0.000002
v -208.308807 138.872528 -0.000006
v -192.878525 138.872528 -0.000006
v -231.454224 146.587662 -0.000010
v -231.454224 131.157379 0.000002
v -239.169373 138.872528 -0.000006
v -223.739090 138.872528 -0.000006
v -231.454224 177.448227 -0.000002
v -231.454224 162.017944 -0.000002
v -239.169373 169.733063 -0.000006
v -223.739090 169.733063 -0.000006
v -138.872528 146.587662 -0.000010
v -138.872528 131.157379 0.000002
v -146.587677 138.872528 -0.000006
v -131.157394 138.872528 -0.000006
v -169.733093 146.587662 -0.000010
v -169.733093 131.157379 0.000002
v -177.448227 138.872528 -0.000006
v -162.017944 138.872528 -0.000006
v -169.733093 177.448227 -0.000002
v -169.733093 162.017944 -0.000002
v -177.448227 169.733063 -0.000006
v -162.017944 169.733063 -0.000006
v -77.151405 208.308777 -0.000013
v -77.151405 192.878510 -0.000013
v -84.866547 200.593643 -0.000013
v -69.436264 200.593643 -0.000013
v -108.011971 208.308777 -0.000013
v -108.011971 192.878510 -0.000013
v -115.727112 200.593643 -0.000013
v -100.296829 200.593643 -0.000013
v -108.011971 239.169342 -0.000013
v -108.011971 223.739075 -0.000006
v -115.727112 231.454193 -0.000021
v -100.296829 231.454193 -0.000021
v -77.151405 146.587662 -0.000010
v -77.151405 131.157379 0.000002
v -84.866547 138.872528 -0.000006
v -69.436264 138.872528 -0.000006
v -108.011971 146.587662 -0.000010
v -108.011971 131.157379 0.000002
v -115.727112 138.872528 -0.000006
v -100.296829 138.872528 -0.000006
v -108.011971 177.448227 -0.000002
v -108.011971 162.017944 -0.000002
v -115.727112 169.733063 -0.000006
v -100.296829 169.733063 -0.000006
v -15.430282 146.587662 -0.000010
v -15.430282 131.157379 0.000002
v -23.145424 138.872528 -0.000006
v -7.715141 138.872528 -0.000006
v -46.290848 146.587662 -0.000010
v -46.290848 131.157379 0.000002
v -54.005985 138.872528 -0.000006
v -38.575703 138.872528 -0.000006
v -177.448227 61.721119 165.030136
v -46.290848 162.017944 -0.000002
v -185.163391 61.721119 165.030136
v -38.575703 169.733063 -0.000006
v -15.430282 177.448227 -0.000002
v -15.430282 162.017944 -0.000002
v -23.145424 169.733063 -0.000006
v -7.715141 169.733063 -0.000006
v -77.151405 177.448227 -0.000002
v -77.151405 162.017944 -0.000002
v -84.866547 169.733063 -0.000006
v -69.436264 169.733063 -0.000006
v -77.151405 239.169342 -0.000013
v -77.151405 223.739075 -0.000006
v -84.866547 231.454193 -0.000021
v -69.436264 231.454193 -0.000021
v -138.872528 177.448227 -0.000002
v -138.872528 162.017944 -0.000002
v -146.587677 169.733063 -0.000006
v -131.157394 169.733063 -0.000006
v -200.593658 177.448227 -0.000002
v -200.593658 162.017944 -0.000002
v -208.308807 169.733063 -0.000006
v -192.878525 169.733063 -0.000006
v -200.593658 239.169342 -0.000013
v -200.593658 223.739075 -0.000006
v -208.308807 231.454193 -0.000021
v -192.878525 231.454193 -0.000021
v -138.872528 54.005981 -0.000002
v -138.872528 38.575706 0.000000
v -146.587677 46.290844 0.000000
v -131.157394 46.290844 0.000000
v -138.872528 30.860561 57.589386
v -131.157394 30.860561 57.589386
v -162.017944 84.866539 42.241821
v -146.587677 84.866539 42.241821
v -192.878525 162.017944 26.876795
v -200.593658 162.017944 26.876795
v -185.163391 162.017944 26.876795
v -200.593658 146.587662 26.876791
v -15.430282 54.005981 -0.000002
v -15.430282 38.575706 0.000000
v -23.145424 46.290844 0.000000
v -7.715141 46.290844 0.000000
v -66.073189 76.971596 131.607925
v -66.073189 77.061508 131.607925
v -65.263977 77.690887 131.607925
v -65.174072 77.690887 131.607925
v -65.084152 77.331230 131.607925
v -65.084152 77.241333 131.607925
v -65.174072 76.611938 131.607925
v -65.263977 76.611938 131.607925
v -15.430282 115.727097 -0.000002
v -15.430282 100.296822 -0.000002
v -23.145424 108.011963 -0.000004
v -7.715141 108.011963 -0.000004
v -138.872528 115.727097 -0.000002
v -138.872528 100.296822 -0.000002
v -146.587677 108.011963 -0.000004
v -131.157394 108.011963 -0.000004
v -138.872528 239.169342 -0.000013
v -138.872528 223.739075 -0.000006
v -146.587677 231.454193 -0.000021
v -131.157394 231.454193 -0.000021
v -15.430282 239.169342 -0.000013
v -15.430282 223.739075 -0.000006
v -23.145424 231.454193 -0.000021
v -7.715141 231.454193 -0.000021
v -7.715141 223.739075 -0.000006
v -23.145424 223.739075 -0.000006
v -23.145424 239.169342 -0.000013
v -131.157394 223.739075 -0.000006
v -146.587677 223.739075 -0.000006
v -146.587677 239.169342 -0.000013
v -131.157394 100.296822 -0.000002
v -146.587677 100.296822 -0.000002
v -146.587677 115.727097 -0.000002
v -7.715141 100.296822 -0.000002
v -23.145424 100.296822 -0.000002
v -23.145424 115.727097 -0.000002
v -65.623627 77.690887 131.607925
v -65.533722 77.690887 131.607925
v -65.084152 76.881676 131.607925
v -66.073189 76.791763 131.607925
v -66.073189 76.881676 131.607925
v -65.983276 77.690887 131.607925
v -7.715141 38.575706 0.000000
v -23.145424 38.575706 0.000000
v -23.145424 54.005981 -0.000002
v -200.593658 154.302811 26.876795
v -192.878525 154.302811 26.876795
v -177.448227 154.302811 26.876795
v -162.017944 77.151413 42.241821
v -162.017944 92.581688 42.241821
v -154.302811 77.151413 42.241821
v -131.157394 38.575706 0.000000
v -146.587677 38.575706 0.000000
v -146.587677 54.005981 -0.000002
v -192.878525 223.739075 -0.000006
v -208.308807 223.739075 -0.000006
v -208.308807 239.169342 -0.000013
v -192.878525 162.017944 -0.000002
v -208.308807 162.017944 -0.000002
v -208.308807 177.448227 -0.000002
v -131.157394 162.017944 -0.000002
v -146.587677 162.017944 -0.000002
v -146.587677 177.448227 -0.000002
v -69.436264 223.739075 -0.000006
v -84.866547 223.739075 -0.000006
v -84.866547 239.169342 -0.000013
v -69.436264 162.017944 -0.000002
v -84.866547 162.017944 -0.000002
v -84.866547 177.448227 -0.000002
v -7.715141 162.017944 -0.000002
v -23.145424 162.017944 -0.000002
v -23.145424 177.448227 -0.000002
v -38.575703 162.017944 -0.000002
v -54.005985 162.017944 -0.000002
v -185.163391 54.005981 165.030151
v -38.575703 131.157379 0.000002
v -54.005985 131.157379 0.000002
v -54.005985 146.587662 -0.000010
v -7.715141 131.157379 0.000002
v -23.145424 131.157379 0.000002
v -23.145424 146.587662 -0.000010
v -100.296829 162.017944 -0.000002
v -115.727112 162.017944 -0.000002
v -115.727112 177.448227 -0.000002
v -100.296829 131.157379 0.000002
v -115.727112 131.157379 0.000002
v -115.727112 146.587662 -0.000010
v -69.436264 131.157379 0.000002
v -84.866547 131.157379 0.000002
v -84.866547 146.587662 -0.000010
v -100.296829 223.739075 -0.000006
v -115.727112 223.739075 -0.000006
v -115.727112 239.169342 -0.000013
v -100.296829 192.878510 -0.000013
v -115.727112 192.878510 -0.000013
v -115.727112 208.308777 -0.000013
v -69.436264 192.878510 -0.000013
v -84.866547 192.878510 -0.000013
v -84.866547 208.308777 -0.000013
v -162.017944 162.017944 -0.000002
v -177.448227 162.017944 -0.000002
v -177.448227 177.448227 -0.000002
v -162.017944 131.157379 0.000002
v -177.448227 131.157379 0.000002
v -177.448227 146.587662 -0.000010
v -131.157394 131.157379 0.000002
v -146.587677 131.157379 0.000002
v -146.587677 146.587662 -0.000010
v -223.739090 162.017944 -0.000002
v -239.169373 162.017944 -0.000002
v -239.169373 177.448227 -0.000002
v -223.739090 131.157379 0.000002
v -239.169373 131.157379 0.000002
v -239.169373 146.587662 -0.000010
v -192.878525 131.157379 0.000002
v -208.308807 131.157379 0.000002
v -208.308807 146.587662 -0.000010
v -223.739090 223.739075 -0.000006
v -239.169373 223.739075 -0.000006
v -239.169373 239.169342 -0.000013
v -223.739090 192.878510 -0.000013
v -239.169373 192.878510 -0.000013
v -239.169373 208.308777 -0.000013
v -192.878525 192.878510 -0.000013
v -208.308807 192.878510 -0.000013
v -208.308807 208.308777 -0.000013
v -162.017944 38.575706 0.000000
v -146.587677 77.151413 42.241821
v -154.302811 92.581688 42.241821
v -162.017944 7.715140 0.000000
v -208.308807 185.163361 74.711342
v -177.448227 23.145420 0.000000
v -131.157394 7.715140 0.000000
v -146.587677 7.715140 0.000000
v -146.587677 23.145420 0.000000
v -223.739090 38.575706 0.000000
v -239.169373 38.575706 0.000000
v -239.169373 54.005981 -0.000002
v -223.739090 7.715140 0.000000
v -239.169373 7.715140 0.000000
v -239.169373 23.145420 0.000000
v -192.878525 7.715140 0.000000
v -208.308807 7.715140 0.000000
v -208.308807 23.145420 0.000000
v -223.739090 100.296822 -0.000002
v -239.169373 100.296822 -0.000002
v -239.169373 115.727097 -0.000002
v -223.739090 69.436264 -0.000002
v -239.169373 69.436264 -0.000002
v -239.169373 84.866539 0.000000
v -192.878525 69.436264 -0.000002
v -208.308807 69.436264 -0.000002
v -208.308807 84.866539 0.000000
v -65.893364 77.690887 131.607925
v -65.084152 77.511063 131.607925
v -65.084152 77.421150 131.607925
v -38.575703 7.715140 0.000000
v -54.005985 7.715140 0.000000
v -54.005985 23.145420 0.000000
v -7.715141 7.715140 0.000000
v -23.145424 7.715140 0.000000
v -23.145424 23.145420 0.000000
v -65.803452 76.611938 131.607925
v -115.727112 38.575706 0.000000
v -115.727112 54.005981 -0.000002
v -100.296829 7.715140 0.000000
v -115.727112 7.715140 0.000000
v -115.727112 23.145420 0.000000
v -69.436264 7.715140 0.000000
v -84.866547 7.715140 0.000000
v -84.866547 23.145420 0.000000
v -65.893364 76.611938 131.607925
v -115.727112 100.296822 -0.000002
v -115.727112 115.727097 -0.000002
v -65.084152 77.151413 131.607925
v -115.727112 69.436264 -0.000002
v -115.727112 84.866539 0.000000
v -65.084152 76.791763 131.607925
v -66.073189 76.611938 131.607925
v -66.073189 76.701859 131.607925
v -66.073189 77.511063 131.607925
v -66.073189 77.600983 131.607925
v -65.443810 77.690887 131.607925
v -65.353897 77.690887 131.607925
v -66.073189 77.331230 131.607925
v -66.073189 77.421150 131.607925
v -7.715141 69.436264 -0.000002
v -23.145424 69.436264 -0.000002
v -23.145424 84.866539 0.000000
v -162.017944 100.296822 -0.000002
v -177.448227 100.296822 -0.000002
v -177.448227 115.727097 -0.000002
v -162.017944 69.436264 -0.000002
v -177.448227 69.436264 -0.000002
v -177.448227 84.866539 0.000000
v -131.157394 69.436264 -0.000002
v -146.587677 69.436264 -0.000002
v -146.587677 84.866539 0.000000
v -162.017944 223.739075 -0.000006
v -177.448227 223.739075 -0.000006
v -177.448227 239.169342 -0.000013
v -185.163391 123.442230 77.462570
v -177.448227 192.878510 -0.000013
v -185.163391 115.727104 77.462570
v -185.163391 208.308762 63.582275
v -146.587677 192.878510 -0.000013
v -146.587677 208.308777 -0.000013
v -38.575703 223.739075 -0.000006
v -54.005985 223.739075 -0.000006
v -54.005985 239.169342 -0.000013
v -38.575703 192.878510 -0.000013
v -54.005985 192.878510 -0.000013
v -54.005985 208.308777 -0.000013
v -7.715141 192.878510 -0.000013
v -23.145424 192.878510 -0.000013
v -23.145424 208.308777 -0.000013
v -7.715141 208.308777 -0.000013
v -38.575703 208.308777 -0.000013
v -38.575703 239.169342 -0.000013
v -131.157394 208.308777 -0.000013
v -162.017944 208.308777 -0.000013
v -162.017944 239.169342 -0.000013
v -131.157394 84.866539 0.000000
v -162.017944 84.866539 0.000000
v -162.017944 115.727097 -0.000002
v -7.715141 84.866539 0.000000
v -65.353897 76.611938 131.607925
v -65.443810 76.611938 131.607925
v -65.803452 77.690887 131.607925
v -65.713539 77.690887 131.607925
v -65.983276 76.611938 131.607925
v -69.436264 23.145420 0.000000
v -100.296829 23.145420 0.000000
v -65.084152 77.690887 131.607925
v -7.715141 23.145420 0.000000
v -38.575703 23.145420 0.000000
v -65.084152 77.600983 131.607925
v -192.878525 84.866539 0.000000
v -223.739090 84.866539 0.000000
v -185.163391 154.302811 26.876795
v -192.878525 23.145420 0.000000
v -223.739090 23.145420 0.000000
v -223.739090 54.005981 -0.000002
v -131.157394 23.145420 0.000000
v -162.017944 23.145420 0.000000
v -162.017944 54.005981 -0.000002
v -192.878525 208.308777 -0.000013
v -123.442253 177.448227 28.052259
v -223.739090 239.169342 -0.000013
v -192.878525 146.587662 -0.000010
v -223.739090 146.587662 -0.000010
v -223.739090 177.448227 -0.000002
v -131.157394 146.587662 -0.000010
v -162.017944 146.587662 -0.000010
v -162.017944 177.448227 -0.000002
v -69.436264 208.308777 -0.000013
v -100.296829 208.308777 -0.000013
v -100.296829 239.169342 -0.000013
v -69.436264 146.587662 -0.000010
v -100.296829 146.587662 -0.000010
v -100.296829 177.448227 -0.000002
v -7.715141 146.587662 -0.000010
v -38.575703 146.587662 -0.000010
v -38.575703 177.448227 -0.000002
v -7.715141 177.448227 -0.000002
v -69.436264 177.448227 -0.000002
v -69.436264 239.169342 -0.000013
v -131.157394 177.448227 -0.000002
v -192.878525 177.448227 -0.000002
v -192.878525 239.169342 -0.000013
v -131.157394 54.005981 -0.000002
v -154.302811 84.866539 42.241821
v -185.163391 146.587662 26.876791
v -7.715141 54.005981 -0.000002
v -65.533722 76.611938 131.607925
v -66.073189 77.690887 131.607925
v -7.715141 115.727097 -0.000002
v -131.157394 115.727097 -0.000002
v -131.157394 239.169342 -0.000013
v -7.715141 239.169342 -0.000013
v -55.361301 118.020943 210.712738
v -62.172897 118.020943 210.712738
v -62.172897 111.209358 210.712738
v -62.172897 56.716606 210.712738
v -62.172897 63.528214 210.712753
v -55.361301 63.528214 210.712753
v -82.607674 118.020943 210.712738
v -89.419266 118.020943 210.712738
v -28.114931 118.020943 210.712738
v -34.926517 118.020943 210.712738
v -62.172897 83.962975 210.712738
v -62.172897 90.774574 210.712753
v -82.607674 63.528214 210.712753
v -89.419266 63.528214 210.712753
v -28.114931 63.528214 210.712753
v -34.926517 63.528214 210.712753
v -34.926517 56.716606 210.712738
v -55.361301 36.281830 210.712738
v -62.172897 36.281830 210.712738
v -28.114931 36.281830 210.712738
v -34.926517 36.281830 210.712738
v -89.419266 56.716606 210.712738
v -82.607674 36.281830 210.712738
v -89.419266 36.281830 210.712738
v -89.419266 111.209358 210.712738
v -89.419266 83.962975 210.712738
v -89.419266 90.774574 210.712753
v -82.607674 90.774574 210.712753
v -34.926517 111.209358 210.712738
v -34.926517 83.962975 210.712738
v -34.926517 90.774574 210.712753
v -55.361301 90.774574 210.712753
v -28.114931 90.774574 210.712753
v -96.230873 118.020943 210.712738
v -103.042458 118.020943 210.712738
v -41.738113 118.020943 210.712738
v -48.549709 118.020943 210.712738
v -62.172897 97.586166 210.712753
v -62.172897 104.397774 210.712738
v -62.172897 43.093422 210.712753
v -62.172897 49.905022 210.712738
v -96.230873 63.528214 210.712753
v -103.042458 63.528214 210.712753
v -41.738113 63.528214 210.712753
v -48.549709 63.528214 210.712753
v -68.984489 118.020943 210.712738
v -75.796082 118.020943 210.712738
v -62.172897 70.339783 210.712738
v -62.172897 77.151390 210.712738
v -68.984489 63.528214 210.712753
v -75.796082 63.528214 210.712753
v -34.926517 43.093422 210.712753
v -34.926517 49.905022 210.712738
v -41.738113 36.281830 210.712738
v -48.549709 36.281830 210.712738
v -89.419266 43.093422 210.712753
v -89.419266 49.905022 210.712738
v -96.230873 36.281830 210.712738
v -103.042458 36.281830 210.712738
v -68.984489 36.281830 210.712738
v -75.796082 36.281830 210.712738
v -89.419266 97.586166 210.712753
v -89.419266 104.397774 210.712738
v -89.419266 70.339783 210.712738
v -89.419266 77.151390 210.712738
v -96.230873 90.774574 210.712753
v -103.042458 90.774574 210.712753
v -68.984489 90.774574 210.712753
v -75.796082 90.774574 210.712753
v -34.926517 97.586166 210.712753
v -34.926517 104.397774 210.712738
v -34.926517 70.339783 210.712738
v -34.926517 77.151390 210.712738
v -41.738113 90.774574 210.712753
v -48.549709 90.774574 210.712753
v -28.114931 77.151390 210.712738
v -48.549709 83.962975 210.712738
v -48.549709 70.339783 210.712738
v -48.549709 77.151390 210.712738
v -55.361301 77.151390 210.712738
v -41.738113 77.151390 210.712738
v -48.549709 111.209358 210.712738
v -48.549709 97.586166 210.712753
v -48.549709 104.397774 210.712738
v -55.361301 104.397774 210.712738
v -41.738113 104.397774 210.712738
v -75.796082 83.962975 210.712738
v -75.796082 70.339783 210.712738
v -75.796082 77.151390 210.712738
v -82.607674 77.151390 210.712738
v -68.984489 77.151390 210.712738
v -103.042458 83.962975 210.712738
v -103.042458 70.339783 210.712738
v -103.042458 77.151390 210.712738
v -96.230873 77.151390 210.712738
v -103.042458 111.209358 210.712738
v -103.042458 97.586166 210.712753
v -103.042458 104.397774 210.712738
v -96.230873 104.397774 210.712738
v -103.042458 56.716606 210.712738
v -103.042458 43.093422 210.712753
v -103.042458 49.905022 210.712738
v -96.230873 49.905022 210.712738
v -48.549709 56.716606 210.712738
v -48.549709 43.093422 210.712753
v -48.549709 49.905022 210.712738
v -55.361301 49.905022 210.712738
v -41.738113 49.905022 210.712738
v -28.114931 49.905022 210.712738
v -75.796082 56.716606 210.712738
v -75.796082 43.093422 210.712753
v -75.796082 49.905022 210.712738
v -82.607674 49.905022 210.712738
v -68.984489 49.905022 210.712738
v -75.796082 111.209358 210.712738
v -75.796082 97.586166 210.712753
v -75.796082 104.397774 210.712738
v -82.607674 104.397774 210.712738
v -68.984489 104.397774 210.712738
v -28.114931 104.397774 210.712738
v -28.114931 97.586166 210.712753
v -28.114931 111.209358 210.712738
v -68.984489 97.586166 210.712753
v -82.607674 97.586166 210.712753
v -82.607674 111.209358 210.712738
v -68.984489 43.093422 210.712753
v -82.607674 43.093422 210.712753
v -82.607674 56.716606 210.712738
v -28.114931 43.093422 210.712753
v -28.114931 56.716606 210.712738
v -41.738113 43.093422 210.712753
v -55.361301 43.093422 210.712753
v -55.361301 56.716606 210.712738
v -96.230873 43.093422 210.712753
v -96.230873 97.586166 210.712753
v -96.230873 70.339783 210.712738
v -68.984489 70.339783 210.712738
v -82.607674 70.339783 210.712738
v -82.607674 83.962975 210.712738
v -41.738113 97.586166 210.712753
v -55.361301 97.586166 210.712753
v -55.361301 111.209358 210.712738
v -41.738113 70.339783 210.712738
v -55.361301 70.339783 210.712738
v -55.361301 83.962975 210.712738
v -28.114931 70.339783 210.712738
v -28.114931 83.962975 210.712738
v -41.738113 83.962975 210.712738
v -41.738113 111.209358 210.712738
v -68.984489 83.962975 210.712738
v -96.230873 83.962975 210.712738
v -96.230873 111.209358 210.712738
v -96.230873 56.716606 210.712738
v -41.738113 56.716606 210.712738
v -68.984489 56.716606 210.712738
v -68.984489 111.209358 210.712738
v -169.733093 69.436256 165.030136
v -200.593658 69.436256 165.030136
v -223.739090 46.290836 165.030151
v -192.878525 38.575714 165.030136
v -208.308807 38.575714 165.030136
v -208.308807 54.005981 165.030151
v -177.448227 38.575714 165.030136
v -177.448227 54.005981 165.030151
v -177.448227 23.145424 165.030151
v -223.739090 38.575714 165.030136
v -208.308807 23.145424 165.030151
v -192.878525 69.436256 165.030136
v -208.308807 69.436256 165.030136
v -162.017944 69.436256 165.030136
v -177.448227 69.436256 165.030136
v -192.878525 23.145424 165.030151
v -223.739090 54.005981 165.030151
v -162.017944 54.005981 165.030151
v -192.878525 54.005981 165.030151
v -216.023941 192.878494 74.711327
v -216.023941 200.593628 74.711334
v -223.739090 216.023911 74.711327
v -231.454224 216.023911 74.711327
v -208.308807 200.593628 74.711334
v -231.454224 208.308777 74.711334
v -231.454224 192.878494 74.711327
v -231.454224 200.593628 74.711334
v -223.739090 200.593628 74.711334
v -223.739090 185.163361 74.711342
v -200.593658 200.593628 74.711334
v -200.593658 208.308777 74.711334
v -239.169373 200.593628 74.711334
v -223.739090 192.878494 74.711327
v -239.169373 208.308777 74.711334
v -208.308807 192.878494 74.711327
v -208.308807 208.308777 74.711334
v -223.739090 208.308777 74.711334
v -131.157394 185.163361 28.052256
v -138.872528 185.163361 28.052256
v -138.872528 192.878494 28.052248
v -138.872528 200.593643 28.052252
v -131.157394 200.593643 28.052252
v -115.727112 192.878494 28.052248
v -131.157394 192.878494 28.052248
v -131.157394 177.448227 28.052259
v -185.163391 216.023911 63.582268
v -177.448227 216.023911 63.582268
v -162.017944 185.163345 63.582283
v -169.733093 185.163345 63.582283
v -154.302811 192.878494 63.582268
v -154.302811 200.593643 63.582275
v -169.733093 208.308762 63.582275
v -169.733093 216.023911 63.582268
v -169.733093 192.878494 63.582268
v -169.733093 200.593643 63.582275
v -177.448227 200.593643 63.582275
v -185.163391 200.593643 63.582275
v -162.017944 200.593643 63.582275
v -169.733093 177.448212 63.582283
v -177.448227 185.163345 63.582283
v -154.302811 185.163345 63.582283
v -192.878525 216.023911 63.582268
v -169.733093 223.739059 63.582275
v -177.448227 223.739059 63.582275
v -162.017944 192.878494 63.582268
v -177.448227 192.878494 63.582268
v -177.448227 208.308762 63.582275
v -162.017944 208.308762 63.582275
v -192.878525 208.308762 63.582275
v -162.017944 177.448212 63.582283
v -216.023941 115.727104 77.462570
v -208.308807 92.581680 77.462578
v -216.023941 92.581680 77.462578
v -223.739090 123.442230 77.462570
v -231.454224 123.442230 77.462570
v -185.163391 100.296814 77.462570
v -185.163391 108.011948 77.462570
v -192.878525 123.442230 77.462570
v -200.593658 123.442230 77.462570
v -216.023941 100.296814 77.462570
v -216.023941 108.011948 77.462570
v -192.878525 92.581680 77.462578
v -200.593658 92.581680 77.462578
v -231.454224 115.727104 77.462570
v -231.454224 100.296814 77.462570
v -231.454224 108.011948 77.462570
v -223.739090 108.011948 77.462570
v -200.593658 115.727104 77.462570
v -200.593658 100.296814 77.462570
v -200.593658 108.011948 77.462570
v -208.308807 108.011948 77.462570
v -192.878525 108.011948 77.462570
v -185.163391 92.581680 77.462578
v -185.163391 131.157379 77.462578
v -216.023941 131.157379 77.462578
v -223.739090 92.581680 77.462578
v -200.593658 131.157379 77.462578
v -231.454224 131.157379 77.462578
v -192.878525 100.296814 77.462570
v -208.308807 100.296814 77.462570
v -208.308807 115.727104 77.462570
v -223.739090 131.157379 77.462578
v -192.878525 131.157379 77.462578
v -208.308807 131.157379 77.462578
v -223.739090 100.296814 77.462570
v -223.739090 115.727104 77.462570
v -192.878525 115.727104 77.462570
v 246.884506 123.442245 -0.000002
v 123.442253 246.884491 -0.000013
v 123.442253 0.000000 0.000000
v 0.000000 123.442245 -0.000002
v 124.246277 124.357971 1.128180
v 246.884506 185.163361 -0.000006
v 61.721127 246.884491 -0.000013
v 185.163391 0.000000 0.000000
v 0.000000 185.163361 -0.000006
v 246.884506 61.721123 -0.000002
v 185.163391 246.884491 -0.000013
v 61.721127 0.000000 0.000000
v 0.000000 61.721123 -0.000002
v 123.442253 185.163361 -0.000006
v 124.303993 62.558533 2.210211
v 185.163391 123.442245 -0.001200
v 55.106251 147.902863 54.563522
v 64.384827 79.012894 41.217590
v 185.163391 61.721123 -0.000002
v 185.163391 185.163361 -0.049990
v 61.721127 185.163361 -0.000006
v 246.884506 216.023926 -0.000013
v 30.860563 246.884491 -0.000013
v 216.023941 0.000000 0.000000
v 0.000000 216.023926 -0.000013
v 246.884506 92.581680 0.000000
v 154.302811 246.884491 -0.000013
v 92.581696 0.000000 0.000000
v 0.000000 92.581680 0.000000
v 123.442253 216.023926 -0.000013
v 135.653107 96.919464 14.457186
v 216.023941 123.442245 -0.000002
v 151.249878 274.834473 164.248428
v 246.884506 154.302811 -0.000002
v 92.581696 246.884491 -0.000013
v 154.302811 0.000000 0.000000
v 0.000000 154.302811 -0.000002
v 246.884506 30.860563 0.000000
v 216.023941 246.884491 -0.000013
v 30.860563 0.000000 0.000000
v 0.000000 30.860563 0.000000
v 218.802673 262.910980 133.805756
v 123.442253 30.860563 0.000000
v 159.387192 135.511612 9.462008
v 30.860563 123.442245 -0.000002
v 61.721127 92.581680 0.000000
v 61.721127 30.860563 0.000000
v 107.469666 90.993073 73.469719
v 30.804712 63.664509 4.504320
v 185.163391 92.581680 0.000000
v 185.163391 30.860563 0.000000
v 216.023941 61.721123 -0.000002
v 155.168533 62.562420 2.270662
v 185.163391 216.023926 -0.000013
v 185.163391 154.302811 -0.050001
v 216.023941 185.163361 -0.000006
v 154.302811 185.163361 -0.000006
v 62.129848 215.595886 -0.003195
v 79.103752 225.345886 74.032867
v 92.581696 185.163361 -0.000006
v 30.860563 185.163361 -0.000006
v 30.860563 154.302811 -0.000002
v 103.282501 198.037201 45.574913
v 92.581696 216.023926 -0.000013
v 152.821793 155.941071 1.266413
v 216.023941 154.302811 -0.000002
v 216.023941 216.023926 -0.000013
v 154.302811 30.860563 0.000000
v 216.023941 30.860563 0.000000
v 216.023941 92.581680 0.000000
v 30.860563 30.860563 0.000000
v 92.581696 30.860561 -0.050000
v 92.581696 92.581680 0.000000
v 30.853756 92.818542 0.548977
v 154.387466 92.826599 0.191210
v 154.302811 216.023926 -0.000013
v 30.860563 216.023926 -0.000013
v 246.884506 231.454193 -0.000021
v 15.430282 246.884491 -0.000013
v 231.454224 0.000000 0.000000
v 0.000000 231.454193 -0.000021
v 246.884506 108.011963 -0.000004
v 138.872528 246.884491 -0.000013
v 108.011971 0.000000 0.000000
v 0.000000 108.011963 -0.000004
v 123.442253 231.454193 -0.000021
v 256.360962 155.229935 157.814362
v 231.454224 123.442245 -0.000002
v 135.107269 193.361176 75.856438
v 246.884506 169.733063 -0.000006
v 77.151405 246.884491 -0.000013
v 169.733093 0.000000 0.000000
v 0.000000 169.733063 -0.000006
v 246.884506 46.290844 0.000000
v 200.593658 246.884491 -0.000013
v 46.290848 0.000000 0.000000
v 0.000000 46.290844 0.000000
v 129.577362 176.720490 8.608515
v 123.442253 46.290840 -0.024981
v 172.848038 130.836533 5.801916
v 32.595150 174.086456 112.970406
v 52.939091 140.486374 72.439590
v 61.721127 46.290844 0.000000
v 121.335388 87.916924 65.741692
v 46.275562 62.252857 1.232450
v 185.163391 108.011963 -0.000599
v 185.163391 46.290844 0.000000
v 231.454224 61.721123 -0.000002
v 169.733093 61.721123 -0.000002
v 185.163391 231.454193 -0.000021
v 185.163391 169.733078 -0.049997
v 231.454224 185.163361 -0.000006
v 169.733093 185.163361 -0.025000
v 61.721127 231.454193 -0.000021
v 70.876053 207.149399 38.990967
v 96.369270 191.143326 12.421946
v 46.290848 185.163361 -0.000006
v 246.884506 200.593643 -0.000013
v 46.290848 246.884491 -0.000013
v 200.593658 0.000000 0.000000
v 0.000000 200.593643 -0.000013
v 246.884506 77.151405 0.000002
v 169.733093 246.884491 -0.000013
v 77.151405 0.000000 0.000000
v 0.000000 77.151405 0.000002
v 123.442253 200.593643 -0.000013
v 123.442253 77.151405 -0.046349
v 200.593658 123.442245 -0.000601
v 85.467232 144.901062 23.281103
v 246.884506 138.872528 -0.000006
v 108.011971 246.884491 -0.000013
v 138.872528 0.000000 0.000000
v 0.000000 138.872528 -0.000006
v 246.884506 15.430280 0.000000
v 231.454224 246.884491 -0.000013
v 15.430282 0.000000 0.000000
v 0.000000 15.430280 0.000000
v 205.681320 232.536484 115.394386
v 123.442253 15.430280 0.000000
v 157.404114 130.025391 21.980516
v 15.430282 123.442245 -0.000002
v 69.724083 129.103775 123.836433
v 61.721127 15.430280 0.000000
v 78.415367 69.926308 19.535803
v 15.430282 61.721123 -0.000002
v 185.163391 77.151405 0.000002
v 185.163391 15.430280 0.000000
v 200.593658 61.721123 -0.000002
v 151.933319 74.413315 34.231339
v 185.163391 200.593643 -0.025000
v 185.163391 138.872528 -0.025602
v 200.593658 185.163361 -0.025000
v 138.872528 185.163361 -0.000006
v 64.492271 200.945435 -0.045210
v 62.097645 140.411362 1.603601
v 76.896751 187.138580 -0.015661
v 15.430282 185.163361 -0.000006
v 30.860563 169.733063 -0.000006
v 30.860563 138.872528 -0.000006
v 46.290848 154.302811 -0.000002
v 15.430282 154.302811 -0.000002
v 97.306160 189.042038 20.121557
v 95.648270 146.785782 8.585245
v 138.515076 189.043503 42.800690
v 118.410431 322.929108 175.722809
v 92.581696 231.454193 -0.000021
v 90.908875 200.741638 -0.011976
v 108.011971 216.023926 -0.000013
v 76.704025 213.289398 -0.038359
v 142.894363 182.352951 9.980295
v 157.204330 145.760193 5.387640
v 169.733093 154.302811 -0.040613
v 168.322525 187.844070 41.307388
v 216.023941 169.733063 -0.000006
v 216.023941 138.872528 -0.000006
v 231.454224 154.302811 -0.000002
v 200.593658 154.302811 -0.025000
v 216.023941 231.454193 -0.000021
v 216.023941 200.593643 -0.000013
v 231.454224 216.023926 -0.000013
v 200.593658 216.023926 -0.000013
v 154.302811 46.290844 0.000000
v 154.302811 15.430280 0.000000
v 169.733093 30.860563 0.000000
v 138.872528 30.860563 0.000000
v 216.023941 46.290844 0.000000
v 216.023941 15.430280 0.000000
v 231.454224 30.860563 0.000000
v 200.593658 30.860563 0.000000
v 216.023941 108.011963 -0.000004
v 216.023941 77.151405 0.000002
v 231.454224 92.581680 0.000000
v 200.593658 92.581680 0.000000
v 30.860563 46.290844 0.000000
v 30.860563 15.430280 0.000000
v 46.290848 30.860563 0.000000
v 15.430282 30.860563 0.000000
v 92.581696 46.290844 -0.047518
v 92.581696 15.430281 -0.025000
v 108.011971 30.860563 -0.025000
v 77.151405 30.860563 -0.025000
v 134.945053 217.329880 118.601173
v 104.327477 100.245346 57.976562
v 108.011971 92.581688 -0.021366
v 77.151405 92.581680 0.000000
v 30.753170 108.409088 0.885845
v 30.576990 87.018456 22.869604
v 46.290848 92.581680 0.000000
v 15.430282 92.581680 0.000000
v 154.302811 108.011963 -0.049805
v 156.677139 84.020050 6.728800
v 170.588623 95.056618 2.408682
v 141.179596 93.401245 2.693373
v 154.302811 231.454193 -0.000021
v 154.302811 200.593643 -0.000013
v 169.733093 216.023926 -0.000013
v 138.872528 216.023926 -0.000013
v 30.860563 231.454193 -0.000021
v 30.860563 200.593643 -0.000013
v 46.290848 216.023926 -0.000013
v 15.430282 216.023926 -0.000013
v 15.430282 200.593643 -0.000013
v 46.290848 200.593643 -0.000013
v 46.290848 231.454193 -0.000021
v 138.872528 200.593643 -0.000013
v 169.733093 200.593643 -0.012510
v 169.733093 231.454193 -0.000021
v 141.066116 79.283089 5.717871
v 172.598053 85.439430 8.136808
v 169.733093 108.011955 -0.025206
v 15.430282 77.151405 0.000002
v 46.132801 82.650475 12.745611
v 29.184059 171.269791 141.107178
v 82.864037 114.235786 88.385078
v 120.007942 100.737244 59.200020
v 125.035492 151.940872 47.648659
v 77.151405 15.430280 -0.012501
v 108.011971 15.430280 -0.012501
v 108.011971 46.290840 -0.036251
v 15.430282 15.430280 0.000000
v 46.290848 15.430280 0.000000
v 46.290848 46.290844 0.000000
v 200.593658 77.151405 0.000002
v 231.454224 77.151405 0.000002
v 231.454224 108.011963 -0.000004
v 200.593658 15.430280 0.000000
v 231.454224 15.430280 0.000000
v 231.454224 46.290844 0.000000
v 138.872528 15.430280 0.000000
v 169.733093 15.430280 0.000000
v 169.733093 46.290844 0.000000
v 200.593658 200.593643 -0.012510
v 231.454224 200.593643 -0.000013
v 231.454224 231.454193 -0.000021
v 200.593658 138.872528 -0.012804
v 231.454224 138.872528 -0.000006
v 231.454224 169.733063 -0.000006
v 160.902771 163.963272 30.891596
v 171.298676 142.588913 2.895819
v 169.733093 169.733078 -0.032816
v 76.949623 200.804901 -0.142790
v 98.452751 205.503479 10.199015
v 108.011971 231.454193 -0.000021
v 83.134056 163.323730 25.480219
v 132.497528 166.759689 34.357101
v 108.011971 169.733063 -0.000006
v 15.430282 138.872528 -0.000006
v 46.290848 138.872528 -0.000006
v 46.290848 169.733063 -0.000006
v 15.430282 169.733063 -0.000006
v 102.929298 275.087738 109.788406
v 77.151405 231.454193 -0.000021
v 135.175003 173.823242 3.231909
v 200.593658 169.733078 -0.025007
v 200.593658 231.454193 -0.000021
v 139.675888 47.071529 2.094582
v 200.593658 46.290844 0.000000
v 200.593658 108.011963 -0.000303
v 15.430282 46.290844 0.000000
v 77.151405 46.290840 -0.023758
v 81.005028 117.956154 10.788656
v 15.430282 108.011963 -0.000004
v 221.353470 137.312439 97.907249
v 138.872528 231.454193 -0.000021
v 15.430282 231.454193 -0.000021
v 246.884506 239.169342 -0.000013
v 7.715141 246.884491 -0.000013
v 239.169373 0.000000 0.000000
v 0.000000 239.169342 -0.000013
v 246.884506 115.727097 -0.000002
v 131.157394 246.884491 -0.000013
v 115.727112 0.000000 0.000000
v 0.000000 115.727097 -0.000002
v 123.442253 239.169342 -0.000013
v 225.084564 151.834457 120.685539
v 239.169373 123.442245 -0.000002
v 118.581688 130.807983 7.991274
v 246.884506 177.448227 -0.000002
v 69.436264 246.884491 -0.000013
v 177.448227 0.000000 0.000000
v 0.000000 177.448227 -0.000002
v 246.884506 54.005981 -0.000002
v 192.878525 246.884491 -0.000013
v 54.005985 0.000000 0.000000
v 0.000000 54.005981 -0.000002
v 123.442253 177.448227 -0.000002
v 123.720024 54.275913 0.691080
v 177.448227 123.442245 -0.013403
v 39.674004 176.439362 118.218910
v 50.107182 158.673401 95.798904
v 61.721127 54.005981 -0.000002
v 116.840469 63.910141 5.448866
v 54.148392 62.645557 2.203531
v 185.163391 115.727112 -0.000906
v 185.163391 54.005981 -0.000002
v 239.169373 61.721123 -0.000002
v 177.448227 61.721123 -0.000002
v 185.163391 239.169342 -0.000013
v 185.163391 177.448227 -0.049990
v 239.169373 185.163361 -0.000006
v 177.448227 185.163361 -0.037500
v 61.721127 239.169342 -0.000013
v 62.343979 179.993820 2.652723
v 110.194801 188.004898 5.902586
v 54.005985 185.163361 -0.000006
v 246.884506 208.308777 -0.000013
v 38.575703 246.884491 -0.000013
v 208.308807 0.000000 0.000000
v 0.000000 208.308777 -0.000013
v 246.884506 84.866539 0.000000
v 162.017944 246.884491 -0.000013
v 84.866547 0.000000 0.000000
v 0.000000 84.866539 0.000000
v 123.442253 208.308777 -0.000013
v 123.442253 84.866547 -0.044546
v 208.308807 123.442245 -0.000303
v 121.091148 216.919174 101.414986
v 246.884506 146.587662 -0.000010
v 100.296829 246.884491 -0.000013
v 146.587677 0.000000 0.000000
v 0.000000 146.587662 -0.000010
v 246.884506 23.145420 0.000000
v 223.739090 246.884491 -0.000013
v 23.145424 0.000000 0.000000
v 0.000000 23.145420 0.000000
v 236.678421 275.554962 158.888260
v 123.442253 23.145420 0.000000
v 146.935852 124.268768 0.613890
v 23.145424 123.442245 -0.000002
v 64.945839 105.800224 49.898651
v 61.721127 23.145420 0.000000
v 86.922943 65.764313 10.120434
v 23.143789 61.777878 0.131544
v 185.163391 84.866539 0.000000
v 185.163391 23.145420 0.000000
v 208.308807 61.721123 -0.000002
v 154.657318 69.563042 21.152887
v 185.163391 208.308777 -0.012510
v 185.163391 146.587662 -0.037802
v 208.308807 185.163361 -0.012506
v 146.587677 185.163361 -0.000006
v 64.151604 207.186386 -0.032736
v 70.195625 181.223083 36.093025
v 84.580750 185.654343 -0.002966
v 23.145424 185.163361 -0.000006
v 30.860563 177.448227 -0.000002
v 30.860563 146.587662 -0.000010
v 56.068794 162.733536 8.785524
v 23.145424 154.302811 -0.000002
v 92.581696 177.448227 -0.000002
v 96.837379 163.980728 18.125036
v 189.598709 238.436874 103.653526
v 114.260628 274.436859 125.189796
v 92.581696 239.169342 -0.000013
v 91.580627 207.957550 -0.006399
v 115.727112 216.023926 -0.000013
v 83.765266 214.482559 -0.014791
v 151.734177 180.289627 2.242788
v 154.302811 146.587662 -0.035933
v 177.448227 154.302811 -0.045309
v 147.073212 154.855804 0.657869
v 216.023941 177.448227 -0.000002
v 216.023941 146.587662 -0.000010
v 239.169373 154.302811 -0.000002
v 208.308807 154.302811 -0.012503
v 216.023941 239.169342 -0.000013
v 216.023941 208.308777 -0.000013
v 239.169373 216.023926 -0.000013
v 208.308807 216.023926 -0.000013
v 154.393616 54.094223 0.238163
v 154.302811 23.145420 0.000000
v 177.448227 30.860563 0.000000
v 146.587677 30.860563 0.000000
v 216.023941 54.005981 -0.000002
v 216.023941 23.145420 0.000000
v 239.169373 30.860563 0.000000
v 208.308807 30.860563 0.000000
v 216.023941 115.727097 -0.000002
v 216.023941 84.866539 0.000000
v 239.169373 92.581680 0.000000
v 208.308807 92.581680 0.000000
v 30.860563 54.005981 -0.000002
v 30.860563 23.145420 0.000000
v 54.005985 30.860563 0.000000
v 23.145424 30.860563 0.000000
v 94.631042 58.035297 10.073118
v 92.581696 23.145420 -0.037500
v 115.727112 30.860561 -0.012501
v 84.866547 30.860561 -0.037500
v 158.350769 285.443054 184.128189
v 92.799034 85.293877 1.061949
v 116.123314 92.722435 0.438416
v 84.866547 92.581680 0.000000
v 30.358669 117.583031 4.139935
v 30.712418 90.021385 11.947783
v 54.005985 92.581680 0.000000
v 23.145424 92.581680 0.000000
v 154.656631 116.567001 0.612024
v 157.075256 92.886955 7.848869
v 177.448227 92.581680 -0.012398
v 146.587677 92.581680 -0.047884
v 154.302811 239.169342 -0.000013
v 154.302811 208.308777 -0.000013
v 177.448227 216.023926 -0.000013
v 146.587677 216.023926 -0.000013
v 30.860563 239.169342 -0.000013
v 30.860563 208.308777 -0.000013
v 54.005985 216.023926 -0.000013
v 23.145424 216.023926 -0.000013
v 246.884506 223.739075 -0.000006
v 23.145424 246.884491 -0.000013
v 223.739090 0.000000 0.000000
v 0.000000 223.739075 -0.000006
v 246.884506 100.296822 -0.000002
v 146.587677 246.884491 -0.000013
v 100.296829 0.000000 0.000000
v 0.000000 100.296822 -0.000002
v 123.442253 223.739075 -0.000006
v 205.106522 129.307190 96.941017
v 223.739090 123.442245 -0.000002
v 154.288101 262.765778 151.154846
v 246.884506 162.017944 -0.000002
v 84.866547 246.884491 -0.000013
v 162.017944 0.000000 0.000000
v 0.000000 162.017944 -0.000002
v 246.884506 38.575706 0.000000
v 208.308807 246.884491 -0.000013
v 38.575703 0.000000 0.000000
v 0.000000 38.575706 0.000000
v 170.607376 215.735397 66.180138
v 123.442253 38.575706 -0.012489
v 170.131531 142.702362 15.141331
v 33.087204 143.737717 45.272461
v 59.910984 106.990410 14.931162
v 61.721127 38.575706 0.000000
v 122.343452 105.068008 108.816887
v 38.504883 64.185379 5.711596
v 185.163391 100.296829 -0.000301
v 185.163391 38.575706 0.000000
v 223.739090 61.721123 -0.000002
v 162.017944 61.721123 -0.000002
v 185.163391 223.739075 -0.000006
v 185.163391 162.017944 -0.050005
v 223.739090 185.163361 -0.000006
v 162.017944 185.163361 -0.012506
v 61.721127 223.739075 -0.000006
v 79.444557 234.453903 75.484367
v 95.651581 187.549271 4.956144
v 38.575703 185.163361 -0.000006
v 246.884506 192.878510 -0.000013
v 54.005985 246.884491 -0.000013
v 192.878525 0.000000 0.000000
v 0.000000 192.878510 -0.000013
v 246.884506 69.436264 -0.000002
v 177.448227 246.884491 -0.000013
v 69.436264 0.000000 0.000000
v 0.000000 69.436264 -0.000002
v 123.395699 192.902405 0.049654
v 123.805191 69.788963 0.903776
v 192.878525 123.442245 -0.000902
v 69.329613 123.836609 0.879698
v 246.884506 131.157379 0.000002
v 115.727112 246.884491 -0.000013
v 131.157394 0.000000 0.000000
v 0.000000 131.157379 0.000002
v 246.884506 7.715140 0.000000
v 239.169373 246.884491 -0.000013
v 7.715141 0.000000 0.000000
v 0.000000 7.715140 0.000000
v 155.694122 167.889786 45.254486
v 123.442253 7.715140 0.000000
v 173.660858 138.541153 50.458687
v 7.715141 123.442245 -0.000002
v 69.371826 119.101898 118.385658
v 61.721127 7.715140 0.000000
v 73.231178 86.356346 58.710564
v 7.715141 61.721123 -0.000002
v 185.163391 69.436264 -0.000002
v 185.163391 7.715140 0.000000
v 192.878525 61.721123 -0.000002
v 139.219666 69.555885 21.108587
v 185.163391 192.878494 -0.037500
v 185.163391 131.157379 -0.013407
v 192.878525 185.163361 -0.037500
v 131.157394 185.163361 -0.000006
v 63.610458 194.207382 -0.021170
v 61.314373 132.661484 3.355154
v 69.915367 186.633148 -0.010637
v 7.715141 185.163361 -0.000006
v 30.860563 162.017944 -0.000002
v 30.860563 131.157379 0.000002
v 38.575703 154.302811 -0.000002
v 7.715141 154.302811 -0.000002
v 103.537697 206.795303 46.661781
v 121.452171 205.657135 80.826271
v 100.353134 154.532898 0.239771
v 104.722939 298.519928 150.286469
v 92.581696 223.739075 -0.000006
v 92.194130 193.082169 -0.002199
v 100.296829 216.023926 -0.000013
v 70.398903 213.599060 -0.029829
v 143.917572 173.505981 9.075972
v 161.661163 148.624725 13.720903
v 162.017944 154.302795 -0.035933
v 205.254486 238.693680 103.962112
v 216.023941 162.017944 -0.000002
v 216.023941 131.157379 0.000002
v 223.739090 154.302811 -0.000002
v 192.878525 154.302795 -0.037500
v 216.023941 223.739075 -0.000006
v 216.023941 192.878510 -0.000013
v 223.739090 216.023926 -0.000013
v 192.878525 216.023926 -0.000013
v 154.302811 38.575706 0.000000
v 154.302811 7.715140 0.000000
v 162.017944 30.860563 0.000000
v 131.157394 30.860563 0.000000
v 216.023941 38.575706 0.000000
v 216.023941 7.715140 0.000000
v 223.739090 30.860563 0.000000
v 192.878525 30.860563 0.000000
v 216.023941 100.296822 -0.000002
v 216.023941 69.436264 -0.000002
v 223.739090 92.581680 0.000000
v 192.878525 92.581680 0.000000
v 30.860563 38.575706 0.000000
v 30.860563 7.715140 0.000000
v 38.575703 30.860563 0.000000
v 7.715141 30.860563 0.000000
v 92.581696 38.575703 -0.048758
v 92.581696 7.715139 -0.012499
v 100.296829 30.860561 -0.037500
v 69.436264 30.860561 -0.012501
v 104.150711 130.150467 32.388809
v 114.655525 112.836662 108.963753
v 100.296829 92.581680 -0.010685
v 69.484138 92.892441 0.740730
v 30.860563 100.296822 -0.000002
v 30.635281 77.275093 18.168642
v 38.563515 93.005730 0.982851
v 7.715141 92.581680 0.000000
v 154.302811 100.296829 -0.049704
v 154.955139 70.070168 1.698523
v 163.833725 97.834488 5.127615
v 146.465866 98.019867 18.133768
v 154.302811 223.739075 -0.000006
v 154.302811 192.878510 -0.000013
v 162.017944 216.023926 -0.000013
v 131.157394 216.023926 -0.000013
v 30.860563 223.739075 -0.000006
v 30.860563 192.878510 -0.000013
v 38.575703 216.023926 -0.000013
v 7.715141 216.023926 -0.000013
v 15.430282 208.308777 -0.000013
v 15.430282 192.878510 -0.000013
v 23.145424 200.593643 -0.000013
v 7.715141 200.593643 -0.000013
v 46.290848 208.308777 -0.000013
v 46.290848 192.878510 -0.000013
v 54.008095 200.593796 -0.000013
v 38.575703 200.593643 -0.000013
v 46.290848 239.169342 -0.000013
v 46.290848 223.739075 -0.000006
v 54.005985 231.454193 -0.000021
v 38.575703 231.454193 -0.000021
v 138.872528 208.308777 -0.000013
v 138.872528 192.878510 -0.000013
v 146.587677 200.593643 -0.000013
v 131.157394 200.593643 -0.000013
v 169.733093 208.308777 -0.006269
v 169.733093 192.878494 -0.018770
v 177.448227 200.593643 -0.018766
v 162.017944 200.593643 -0.006262
v 169.733093 239.169342 -0.000013
v 169.733093 223.739075 -0.000006
v 177.448227 231.454193 -0.000021
v 162.017944 231.454193 -0.000021
v 138.872528 84.866539 -0.040874
v 148.429901 78.723907 25.037142
v 147.613068 78.147858 2.659248
v 131.938065 77.910042 2.006603
v 173.822571 96.696953 11.613655
v 169.738052 69.450592 0.007891
v 177.448227 77.151413 -0.006199
v 167.665253 93.488380 16.044733
v 169.759201 115.789085 0.023443
v 169.733093 100.296822 -0.025005
v 177.448227 108.011963 -0.012901
v 162.017944 108.011955 -0.037502
v 15.430282 84.866539 0.000000
v 15.430282 69.436264 -0.000002
v 23.053581 80.347069 7.406837
v 7.715141 77.151405 0.000002
v 46.221291 87.286652 5.609276
v 46.171017 73.605598 9.663584
v 56.058788 90.477486 31.764753
v 38.249245 88.510689 26.328260
v 24.669975 195.677246 178.342102
v 40.621826 121.259842 46.761513
v 36.148129 174.047119 147.302460
v 31.133690 135.531204 61.386261
v 79.173943 97.996132 31.290747
v 82.347382 103.166687 80.384789
v 85.611778 78.616646 3.662981
v 79.873337 144.905212 161.495972
v 108.654533 86.129898 3.144943
v 128.458694 109.637512 100.922104
v 116.566360 78.801476 4.103680
v 119.608109 115.120209 95.327950
v 138.876678 195.372940 86.404022
v 109.378441 103.822975 3.809572
v 116.116745 109.017403 1.074799
v 138.833221 207.454437 107.881790
v 77.151405 23.145420 -0.018749
v 77.151405 7.715140 -0.006250
v 84.866547 15.430281 -0.018751
v 69.436264 15.430281 -0.006250
v 108.011971 23.145420 -0.018749
v 108.011971 7.715140 -0.006250
v 115.727112 15.430281 -0.006250
v 100.296829 15.430281 -0.018751
v 109.771645 57.465763 8.647163
v 108.011971 38.575703 -0.030624
v 115.727112 46.290840 -0.030617
v 100.296829 46.290840 -0.041882
v 15.430282 23.145420 0.000000
v 15.430282 7.715140 0.000000
v 23.145424 15.430280 0.000000
v 7.715141 15.430280 0.000000
v 46.290848 23.145420 0.000000
v 46.290848 7.715140 0.000000
v 54.005985 15.430280 0.000000
v 38.575703 15.430280 0.000000
v 46.290848 54.005981 -0.000002
v 46.290848 38.575706 0.000000
v 54.005985 46.290844 0.000000
v 38.575703 46.290844 0.000000
v 200.593658 84.866539 0.000000
v 200.593658 69.436264 -0.000002
v 208.308807 77.151405 0.000002
v 192.878525 77.151405 0.000002
v 231.454224 84.866539 0.000000
v 231.454224 69.436264 -0.000002
v 239.169373 77.151405 0.000002
v 223.739090 77.151405 0.000002
v 231.454224 115.727097 -0.000002
v 231.454224 100.296822 -0.000002
v 239.169373 108.011963 -0.000004
v 223.739090 108.011963 -0.000004
v 200.593658 23.145420 0.000000
v 200.593658 7.715140 0.000000
v 208.308807 15.430280 0.000000
v 192.878525 15.430280 0.000000
v 231.454224 23.145420 0.000000
v 231.454224 7.715140 0.000000
v 239.169373 15.430280 0.000000
v 223.739090 15.430280 0.000000
v 231.454224 54.005981 -0.000002
v 231.454224 38.575706 0.000000
v 239.169373 46.290844 0.000000
v 223.739090 46.290844 0.000000
v 138.872528 23.145420 0.000000
v 138.872528 7.715140 0.000000
v 146.587677 15.430280 0.000000
v 131.157394 15.430280 0.000000
v 169.733093 23.145420 0.000000
v 169.733093 7.715140 0.000000
v 177.448227 15.430280 0.000000
v 162.017944 15.430280 0.000000
v 169.733093 54.005981 -0.000002
v 169.733093 38.575706 0.000000
v 177.448227 46.290844 0.000000
v 162.017944 46.290844 0.000000
v 200.593658 208.308777 -0.006269
v 200.593658 192.878494 -0.018770
v 208.308807 200.593643 -0.006262
v 192.878525 200.593643 -0.018766
v 231.454224 208.308777 -0.000013
v 231.454224 192.878510 -0.000013
v 239.169373 200.593643 -0.000013
v 223.739090 200.593643 -0.000013
v 231.454224 239.169342 -0.000013
v 231.454224 223.739075 -0.000006
v 239.169373 231.454193 -0.000021
v 223.739090 231.454193 -0.000021
v 200.593658 146.587662 -0.018911
v 200.593658 131.157379 -0.006697
v 208.308807 138.872528 -0.006403
v 192.878525 138.872528 -0.019205
v 231.454224 146.587662 -0.000010
v 231.454224 131.157379 0.000002
v 239.169373 138.872528 -0.000006
v 223.739090 138.872528 -0.000006
v 231.454224 177.448227 -0.000002
v 231.454224 162.017944 -0.000002
v 239.169373 169.733063 -0.000006
v 223.739090 169.733063 -0.000006
v 175.120621 187.871445 50.843834
v 141.544983 134.201096 3.727209
v 146.587677 138.872513 -0.030466
v 193.824753 210.245834 87.922066
v 169.733093 146.587646 -0.036867
v 174.551163 142.594604 8.984461
v 177.448227 138.872513 -0.029360
v 166.695312 149.975708 8.713678
v 169.733093 177.448227 -0.028906
v 169.733093 162.017944 -0.036707
v 177.448227 169.733078 -0.041407
v 160.258987 171.678818 1.516966
v 76.762680 207.635208 -0.113974
v 76.653755 194.781830 -0.087477
v 82.769325 200.984863 -0.082106
v 69.906837 200.894440 -0.120901
v 108.011971 208.308777 -0.000013
v 87.060745 203.639511 22.353487
v 111.489769 202.770035 4.520937
v 96.816879 202.381012 3.712862
v 108.011971 239.169342 -0.000013
v 108.011971 223.739075 -0.000006
v 115.727112 231.454193 -0.000021
v 100.296829 231.454193 -0.000021
v 101.635605 246.654938 104.278542
v 78.158607 133.756439 2.819780
v 87.643707 150.222839 11.827978
v 73.764862 156.563538 18.435541
v 146.411270 190.321518 53.880287
v 111.856613 135.536118 5.394632
v 178.899475 210.820984 88.640823
v 100.516899 139.123154 0.308775
v 107.919884 177.495514 0.098246
v 117.208221 172.491760 12.903799
v 118.193031 172.541565 3.460070
v 100.296829 169.733063 -0.000006
v 15.430282 146.587662 -0.000010
v 15.430282 131.157379 0.000002
v 23.145424 138.872528 -0.000006
v 7.715141 138.872528 -0.000006
v 46.290848 146.587662 -0.000010
v 43.617119 141.044342 22.054510
v 54.005985 138.872528 -0.000006
v 38.575703 138.872528 -0.000006
v 46.290848 177.448227 -0.000002
v 46.290848 162.017944 -0.000002
v 54.173531 170.417831 0.713560
v 38.575703 169.733063 -0.000006
v 15.430282 177.448227 -0.000002
v 15.430282 162.017944 -0.000002
v 23.145424 169.733063 -0.000006
v 7.715141 169.733063 -0.000006
v 84.086639 205.792633 29.537271
v 119.078232 333.373566 178.567017
v 102.426598 241.501251 74.788475
v 91.133629 258.410553 92.409386
v 77.151405 239.169342 -0.000013
v 77.151405 223.739075 -0.000006
v 84.866547 231.454193 -0.000021
v 69.436264 231.454193 -0.000021
v 138.767792 177.564087 0.087858
v 148.108459 172.536957 12.947748
v 133.592987 184.107651 11.374033
v 133.782867 172.723282 3.680052
v 200.593658 177.448212 -0.025003
v 200.593658 162.017944 -0.025003
v 208.308807 169.733078 -0.012506
v 192.878525 169.733078 -0.037504
v 200.593658 239.169342 -0.000013
v 200.593658 223.739075 -0.000006
v 208.308807 231.454193 -0.000021
v 192.878525 231.454193 -0.000021
v 146.421005 61.341423 19.779669
v 138.872528 38.575703 -0.006247
v 146.680328 46.380886 0.236782
v 131.361969 46.489647 0.517830
v 200.593658 54.005981 -0.000002
v 200.593658 38.575706 0.000000
v 208.308807 46.290844 0.000000
v 192.878525 46.290844 0.000000
v 200.593658 115.727104 -0.000456
v 200.593658 100.296822 -0.000151
v 208.308807 108.011963 -0.000151
v 192.878525 108.011955 -0.000454
v 15.430282 54.005981 -0.000002
v 15.430282 38.575706 0.000000
v 23.145424 46.290844 0.000000
v 7.715141 46.290844 0.000000
v 77.151405 54.005981 -0.023138
v 77.151405 38.575706 -0.024378
v 84.866547 46.290840 -0.035637
v 69.436264 46.290844 -0.011879
v 87.510826 142.459396 29.002398
v 77.151405 100.296822 -0.000002
v 109.693680 172.077927 69.506424
v 68.983688 109.685501 3.733097
v 15.430282 115.727097 -0.000002
v 15.430282 100.296822 -0.000002
v 23.145424 108.011963 -0.000004
v 7.715141 108.011963 -0.000004
v 206.414841 139.720795 80.173515
v 183.361862 116.101181 52.788445
v 157.206284 111.784119 12.566494
v 280.419281 161.035675 177.214111
v 138.872528 239.169342 -0.000013
v 138.872528 223.739075 -0.000006
v 146.587677 231.454193 -0.000021
v 131.157394 231.454193 -0.000021
v 15.430282 239.169342 -0.000013
v 15.430282 223.739075 -0.000006
v 23.145424 231.454193 -0.000021
v 7.715141 231.454193 -0.000021
v 7.715141 223.739075 -0.000006
v 23.145424 223.739075 -0.000006
v 23.145424 239.169342 -0.000013
v 131.157394 223.739075 -0.000006
v 146.587677 223.739075 -0.000006
v 146.587677 239.169342 -0.000013
v 221.159470 132.269104 106.837425
v 148.052155 100.817070 1.693731
v 152.877975 117.961662 7.429380
v 7.715141 100.296822 -0.000002
v 23.145424 100.296822 -0.000002
v 23.145424 115.727097 -0.000002
v 69.436264 100.296822 -0.000002
v 89.072418 111.150009 11.774834
v 125.866158 221.525864 114.783165
v 69.436264 38.575706 -0.012190
v 84.866547 38.575703 -0.036570
v 84.866547 54.005981 -0.034708
v 7.715141 38.575706 0.000000
v 23.145424 38.575706 0.000000
v 23.145424 54.005981 -0.000002
v 192.878525 100.296822 -0.000229
v 208.308807 100.296822 -0.000078
v 208.308807 115.727097 -0.000227
v 192.878525 38.575706 0.000000
v 208.308807 38.575706 0.000000
v 208.308807 54.005981 -0.000002
v 131.157394 38.575703 -0.009367
v 146.587677 38.575703 -0.003122
v 150.799667 58.099110 11.038013
v 192.878525 223.739075 -0.000006
v 208.308807 223.739075 -0.000006
v 208.308807 239.169342 -0.000013
v 192.878525 162.017944 -0.037504
v 208.308807 162.017944 -0.012503
v 208.308807 177.448227 -0.012503
v 165.807236 201.481461 48.613350
v 134.230118 175.687729 10.809946
v 143.437149 180.933289 2.754583
v 69.436264 223.739075 -0.000006
v 84.866547 223.739075 -0.000006
v 84.866547 239.169342 -0.000013
v 105.287788 308.543671 152.692154
v 114.746750 284.138824 127.260201
v 88.283257 191.412369 14.551825
v 7.715141 162.017944 -0.000002
v 23.145424 162.017944 -0.000002
v 23.145424 177.448227 -0.000002
v 38.575703 162.017944 -0.000002
v 56.173504 170.876617 9.231478
v 54.005985 177.448227 -0.000002
v 38.390408 131.842575 1.528444
v 51.088402 141.946091 24.066004
v 54.099056 146.968018 0.396368
v 7.715141 131.157379 0.000002
v 23.145424 131.157379 0.000002
v 23.145424 146.587662 -0.000010
v 100.370773 162.320145 0.314901
v 149.937103 200.980499 48.002029
v 115.727112 177.448227 -0.000002
v 126.378815 198.461487 73.019554
v 137.799515 156.296158 30.971071
v 203.537140 246.596527 123.211357
v 69.436264 131.157379 0.000002
v 100.275284 170.919312 43.138527
v 101.422348 214.251434 70.511345
v 100.296829 223.739075 -0.000006
v 115.727112 223.739075 -0.000006
v 115.727112 239.169342 -0.000013
v 90.410522 197.956329 10.547983
v 104.449448 198.670975 12.032476
v 115.727112 208.308777 -0.000013
v 70.585304 194.945221 -0.072973
v 82.746017 194.869934 -0.046103
v 82.633011 206.988571 -0.063696
v 160.730911 163.441681 1.097624
v 177.448227 162.017944 -0.043360
v 177.448227 177.448227 -0.039450
v 172.876602 156.933807 20.277369
v 177.448227 131.157379 -0.021376
v 177.448227 146.587662 -0.037336
v 152.743484 155.742279 30.277372
v 147.414932 133.121124 1.513662
v 147.884537 148.064667 1.792742
v 223.739090 162.017944 -0.000002
v 239.169373 162.017944 -0.000002
v 239.169373 177.448227 -0.000002
v 223.739090 131.157379 0.000002
v 239.169373 131.157379 0.000002
v 239.169373 146.587662 -0.000010
v 192.878525 131.157379 -0.010050
v 208.308807 131.157394 -0.003347
v 208.308807 146.587662 -0.009459
v 223.739090 223.739075 -0.000006
v 239.169373 223.739075 -0.000006
v 239.169373 239.169342 -0.000013
v 223.739090 192.878510 -0.000013
v 239.169373 192.878510 -0.000013
v 239.169373 208.308777 -0.000013
v 192.878525 192.878510 -0.028128
v 208.308807 192.878494 -0.009390
v 208.308807 208.308777 -0.003134
v 162.017944 38.575706 0.000000
v 177.448227 38.575706 0.000000
v 177.448227 54.005981 -0.000002
v 162.017944 7.715140 0.000000
v 177.448227 7.715140 0.000000
v 177.448227 23.145420 0.000000
v 131.157394 7.715140 0.000000
v 146.587677 7.715140 0.000000
v 146.587677 23.145420 0.000000
v 223.739090 38.575706 0.000000
v 239.169373 38.575706 0.000000
v 239.169373 54.005981 -0.000002
v 223.739090 7.715140 0.000000
v 239.169373 7.715140 0.000000
v 239.169373 23.145420 0.000000
v 192.878525 7.715140 0.000000
v 208.308807 7.715140 0.000000
v 208.308807 23.145420 0.000000
v 223.739090 100.296822 -0.000002
v 239.169373 100.296822 -0.000002
v 239.169373 115.727097 -0.000002
v 223.739090 69.436264 -0.000002
v 239.169373 69.436264 -0.000002
v 239.169373 84.866539 0.000000
v 192.878525 69.436264 -0.000002
v 208.308807 69.436264 -0.000002
v 208.308807 84.866539 0.000000
v 38.575703 38.575706 0.000000
v 54.005985 38.575706 0.000000
v 54.005985 54.005981 -0.000002
v 38.575703 7.715140 0.000000
v 54.005985 7.715140 0.000000
v 54.005985 23.145420 0.000000
v 7.715141 7.715140 0.000000
v 23.145424 7.715140 0.000000
v 23.145424 23.145420 0.000000
v 100.296829 38.575706 -0.039694
v 115.727112 38.575703 -0.021559
v 115.727112 54.005978 -0.039675
v 100.296829 7.715140 -0.009375
v 115.727112 7.715140 -0.003126
v 115.727112 23.145420 -0.009375
v 69.436264 7.715140 -0.003126
v 84.866547 7.715140 -0.009375
v 84.866547 23.145420 -0.028126
v 109.995560 125.324219 27.144705
v 145.609787 110.912323 35.460457
v 119.623817 125.782471 10.901258
v 132.613403 132.975388 159.537415
v 118.944244 75.761620 15.841188
v 115.727112 84.866531 -0.036224
v 79.396439 134.094208 154.113678
v 88.889610 77.346207 19.840014
v 84.866547 84.866539 -0.008442
v 37.295723 105.029968 10.558069
v 47.968285 122.623169 49.802643
v 31.446283 199.148849 186.086151
v 38.315510 78.489868 20.984247
v 55.909554 81.793541 29.455458
v 54.282524 86.661720 4.279070
v 7.715141 69.436264 -0.000002
v 23.080687 71.688721 5.220705
v 23.114563 85.940262 2.488647
v 162.017944 100.296822 -0.037354
v 177.448227 100.296829 -0.012651
v 177.448227 115.727097 -0.013155
v 162.417770 70.592880 1.127943
v 177.448227 69.436264 -0.003099
v 177.452255 84.878159 0.002119
v 136.807159 74.926582 14.779211
v 152.816040 75.488853 16.314638
v 146.587677 84.866547 -0.039040
v 162.017944 223.739075 -0.000006
v 177.448227 223.739075 -0.000006
v 177.448227 239.169342 -0.000013
v 162.017944 192.878494 -0.009390
v 177.448227 192.878510 -0.028128
v 177.448227 208.308777 -0.009382
v 131.157394 192.878510 -0.000013
v 146.587677 192.878510 -0.000013
v 146.587677 208.308777 -0.000013
v 38.575703 223.739075 -0.000006
v 54.005985 223.739075 -0.000006
v 54.005985 239.169342 -0.000013
v 38.575703 192.878510 -0.000013
v 54.005985 192.878510 -0.000013
v 54.005985 208.308777 -0.000013
v 7.715141 192.878510 -0.000013
v 23.145424 192.878510 -0.000013
v 23.145424 208.308777 -0.000013
v 7.715141 208.308777 -0.000013
v 38.575703 208.308777 -0.000013
v 38.575703 239.169342 -0.000013
v 131.157394 208.308777 -0.000013
v 162.017944 208.308777 -0.003134
v 162.017944 239.169342 -0.000013
v 131.157394 84.866539 -0.042711
v 169.219193 105.698959 20.455576
v 163.208923 118.554245 2.190454
v 7.715141 84.866539 0.000000
v 38.401398 90.931572 14.057371
v 28.564661 152.746140 82.577194
v 73.967674 114.282837 70.115440
v 102.463829 89.127182 10.680750
v 160.758652 271.747772 169.267242
v 69.436264 23.145420 -0.009375
v 100.296829 23.145420 -0.028126
v 105.095947 63.441750 23.653303
v 7.715141 23.145420 0.000000
v 38.575703 23.145420 0.000000
v 38.575703 54.005981 -0.000002
v 192.878525 84.866539 0.000000
v 223.739090 84.866539 0.000000
v 223.739090 115.727097 -0.000002
v 192.878525 23.145420 0.000000
v 223.739090 23.145420 0.000000
v 223.739090 54.005981 -0.000002
v 131.157394 23.145420 0.000000
v 162.017944 23.145420 0.000000
v 162.017944 54.005981 -0.000002
v 192.878525 208.308777 -0.009382
v 223.739090 208.308777 -0.000013
v 223.739090 239.169342 -0.000013
v 192.878525 146.587662 -0.028360
v 223.739090 146.587662 -0.000010
v 223.739090 177.448227 -0.000002
v 218.801636 246.407715 122.969749
v 162.017944 146.587662 -0.036402
v 162.017944 177.448212 -0.018366
v 70.343910 207.302139 -0.096281
v 100.296829 208.308777 -0.000013
v 100.296829 239.169342 -0.000013
v 89.982994 230.562485 87.508827
v 102.814056 149.454575 3.532053
v 100.296829 177.448227 -0.000002
v 7.715141 146.587662 -0.000010
v 38.575703 146.587662 -0.000010
v 38.575703 177.448227 -0.000002
v 7.715141 177.448227 -0.000002
v 74.568016 198.421768 21.856199
v 69.436264 239.169342 -0.000013
v 131.157394 177.448227 -0.001959
v 192.878525 177.448227 -0.037497
v 192.878525 239.169342 -0.000013
v 135.912521 58.626907 12.443825
v 192.878525 54.005981 -0.000002
v 192.878525 115.727104 -0.000681
v 7.715141 54.005981 -0.000002
v 69.436264 54.005981 -0.011572
v 68.314102 119.876663 9.256277
v 7.715141 115.727097 -0.000002
v 252.761856 158.925812 144.380005
v 131.157394 239.169342 -0.000013
v 7.715141 239.169342 -0.000013
vn 0.0975 -0.8442 -0.5271
vn 0.0097 0.3540 -0.9352
vn 0.0976 -0.9308 -0.3523
vn 0.0286 0.1647 -0.9859
vn 0.0464 -0.0308 -0.9984
vn 0.0624 -0.2248 -0.9724
vn 0.0759 -0.4098 -0.9090
vn 0.0865 -0.5788 -0.8109
vn 0.0938 -0.7254 -0.6819
vn 0.2779 -0.6926 -0.6657
vn 0.2889 -0.8101 -0.5102
vn 0.0286 0.3574 -0.9335
vn 0.2889 -0.8967 -0.3354
vn 0.0846 0.1747 -0.9810
vn 0.1374 -0.0146 -0.9904
vn 0.1847 -0.2030 -0.9616
vn 0.2248 -0.3833 -0.8958
vn 0.2563 -0.5485 -0.7959
vn 0.2230 0.0172 -0.9747
vn 0.2999 -0.1603 -0.9404
vn 0.3651 -0.3312 -0.8701
vn 0.4162 -0.4892 -0.7665
vn 0.4513 -0.6282 -0.6338
vn 0.4691 -0.7432 -0.4771
vn 0.0464 0.3640 -0.9303
vn 0.4691 -0.8298 -0.3023
vn 0.1374 0.1943 -0.9713
vn 0.6073 -0.5348 -0.5875
vn 0.6314 -0.6460 -0.4290
vn 0.0625 0.3736 -0.9255
vn 0.6314 -0.7327 -0.2541
vn 0.1850 0.2227 -0.9572
vn 0.3002 0.0634 -0.9518
vn 0.4036 -0.0982 -0.9096
vn 0.4913 -0.2556 -0.8326
vn 0.5601 -0.4030 -0.7238
vn 0.4918 -0.0191 -0.8705
vn 0.5987 -0.1594 -0.7849
vn 0.6825 -0.2934 -0.6695
vn 0.7400 -0.4159 -0.5286
vn 0.7693 -0.5224 -0.3677
vn 0.0761 0.3858 -0.9194
vn 0.7693 -0.6090 -0.1929
vn 0.2254 0.2589 -0.9392
vn 0.3658 0.1221 -0.9227
vn 0.8777 -0.3771 -0.2957
vn 0.0869 0.4002 -0.9123
vn 0.8777 -0.4637 -0.1209
vn 0.2571 0.3015 -0.9181
vn 0.4173 0.1912 -0.8884
vn 0.5611 0.0738 -0.8245
vn 0.6831 -0.0463 -0.7289
vn 0.7786 -0.1644 -0.6056
vn 0.8443 -0.2761 -0.4593
vn 0.7412 0.0794 -0.6666
vn 0.8448 -0.0211 -0.5346
vn 0.9161 -0.1207 -0.3823
vn 0.9524 -0.2156 -0.2157
vn 0.0942 0.4162 -0.9044
vn 0.9524 -0.3022 -0.0409
vn 0.2790 0.3488 -0.8947
vn 0.4528 0.2680 -0.8504
vn 0.6088 0.1770 -0.7733
vn 0.0980 0.4331 -0.8960
vn 0.9904 -0.1307 0.0441
vn 0.2902 0.3991 -0.8698
vn 0.4709 0.3496 -0.8100
vn 0.6332 0.2866 -0.7190
vn 0.7708 0.2128 -0.6005
vn 0.8786 0.1310 -0.4592
vn 0.9527 0.0442 -0.3006
vn 0.9904 -0.0441 -0.1307
vn 0.7708 0.3489 -0.5331
vn 0.8786 0.2860 -0.3824
vn 0.9527 0.2124 -0.2173
vn 0.9904 0.1307 -0.0441
vn 0.0980 0.4504 -0.8874
vn 0.9904 0.0441 0.1307
vn 0.2902 0.4503 -0.8444
vn 0.4709 0.4327 -0.7688
vn 0.6332 0.3984 -0.6636
vn 0.9524 0.2156 0.2157
vn 0.2790 0.5005 -0.8195
vn 0.4528 0.5142 -0.7284
vn 0.6088 0.5080 -0.6093
vn 0.7412 0.4823 -0.4670
vn 0.8448 0.4381 -0.3070
vn 0.9161 0.3773 -0.1356
vn 0.9524 0.3022 0.0409
vn 0.0942 0.4674 -0.8790
vn 0.7786 0.5814 -0.2360
vn 0.8443 0.5327 -0.0586
vn 0.8777 0.4637 0.1209
vn 0.0869 0.4834 -0.8711
vn 0.8777 0.3771 0.2957
vn 0.2571 0.5478 -0.7961
vn 0.4173 0.5910 -0.6904
vn 0.5611 0.6113 -0.5582
vn 0.6831 0.6080 -0.4047
vn 0.2254 0.5904 -0.7750
vn 0.3658 0.6601 -0.6561
vn 0.4918 0.7042 -0.5121
vn 0.5987 0.7211 -0.3487
vn 0.6825 0.7104 -0.1722
vn 0.7400 0.6725 0.0107
vn 0.7693 0.6090 0.1929
vn 0.0761 0.4978 -0.8640
vn 0.7693 0.5224 0.3677
vn 0.5601 0.8200 -0.1178
vn 0.6073 0.7914 0.0696
vn 0.6314 0.7327 0.2541
vn 0.0625 0.5100 -0.8579
vn 0.6314 0.6460 0.4290
vn 0.1850 0.6266 -0.7571
vn 0.3002 0.7189 -0.6270
vn 0.4036 0.7832 -0.4730
vn 0.4913 0.8173 -0.3010
vn 0.2230 0.7650 -0.6041
vn 0.2999 0.8453 -0.4422
vn 0.3651 0.8929 -0.2636
vn 0.4162 0.9062 -0.0751
vn 0.4513 0.8848 0.1159
vn 0.4691 0.8298 0.3023
vn 0.0464 0.5196 -0.8531
vn 0.4691 0.7432 0.4771
vn 0.1374 0.6551 -0.7430
vn 0.2779 0.9492 0.1478
vn 0.2889 0.8967 0.3354
vn 0.0286 0.5262 -0.8499
vn 0.2889 0.8101 0.5102
vn 0.0846 0.6747 -0.7332
vn 0.1374 0.7968 -0.5884
vn 0.1847 0.8881 -0.4210
vn 0.2248 0.9449 -0.2378
vn 0.2563 0.9655 -0.0457
vn 0.0624 0.9099 -0.4102
vn 0.0759 0.9715 -0.2246
vn 0.0865 0.9958 -0.0307
vn 0.0938 0.9820 0.1640
vn 0.0975 0.9308 0.3523
vn 0.0097 0.5296 -0.8482
vn 0.0975 0.8442 0.5271
vn 0.0286 0.6847 -0.7283
vn 0.0464 0.8131 -0.5803
vn -0.0975 0.9308 0.3523
vn -0.0097 0.5296 -0.8482
vn -0.0975 0.8442 0.5271
vn -0.0286 0.6847 -0.7283
vn -0.0464 0.8131 -0.5803
vn -0.0624 0.9099 -0.4102
vn -0.0759 0.9715 -0.2246
vn -0.0865 0.9958 -0.0307
vn -0.0938 0.9820 0.1640
vn -0.1847 0.8881 -0.4210
vn -0.2248 0.9449 -0.2378
vn -0.2563 0.9655 -0.0457
vn -0.2779 0.9492 0.1478
vn -0.2889 0.8967 0.3354
vn -0.0286 0.5262 -0.8499
vn -0.2889 0.8101 0.5102
vn -0.0846 0.6747 -0.7332
vn -0.1374 0.7968 -0.5884
vn -0.4692 0.8298 0.3023
vn -0.0464 0.5196 -0.8531
vn -0.4691 0.7432 0.4771
vn -0.1374 0.6551 -0.7430
vn -0.2231 0.7650 -0.6041
vn -0.2999 0.8453 -0.4422
vn -0.3651 0.8929 -0.2636
vn -0.4162 0.9062 -0.0751
vn -0.4513 0.8848 0.1159
vn -0.4913 0.8173 -0.3010
vn -0.5601 0.8200 -0.1178
vn -0.6073 0.7914 0.0696
vn -0.6314 0.7327 0.2541
vn -0.0625 0.5100 -0.8579
vn -0.6314 0.6460 0.4290
vn -0.1850 0.6266 -0.7571
vn -0.3002 0.7189 -0.6270
vn -0.4036 0.7832 -0.4730
vn -0.0761 0.4978 -0.8640
vn -0.7693 0.5224 0.3677
vn -0.2254 0.5904 -0.7750
vn -0.3658 0.6601 -0.6561
vn -0.4918 0.7042 -0.5121
vn -0.5987 0.7211 -0.3487
vn -0.6825 0.7104 -0.1722
vn -0.7400 0.6725 0.0107
vn -0.7693 0.6090 0.1929
vn -0.6831 0.6080 -0.4047
vn -0.7786 0.5814 -0.2360
vn -0.8443 0.5327 -0.0586
vn -0.8777 0.4637 0.1209
vn -0.0869 0.4834 -0.8711
vn -0.8777 0.3771 0.2957
vn -0.2571 0.5478 -0.7961
vn -0.4173 0.5910 -0.6904
vn -0.5611 0.6113 -0.5582
vn -0.9524 0.2156 0.2157
vn -0.2790 0.5005 -0.8195
vn -0.4528 0.5142 -0.7284
vn -0.6088 0.5080 -0.6093
vn -0.7412 0.4823 -0.4670
vn -0.8448 0.4381 -0.3070
vn -0.9161 0.3773 -0.1356
vn -0.9524 0.3022 0.0409
vn -0.0942 0.4674 -0.8790
vn -0.8786 0.2860 -0.3824
vn -0.9527 0.2124 -0.2173
vn -0.9904 0.1307 -0.0441
vn -0.0980 0.4504 -0.8874
vn -0.9904 0.0441 0.1307
vn -0.2902 0.4503 -0.8444
vn -0.4709 0.4327 -0.7688
vn -0.6332 0.3984 -0.6636
vn -0.7708 0.3489 -0.5331
vn -0.4709 0.3496 -0.8100
vn -0.6332 0.2866 -0.7190
vn -0.7708 0.2128 -0.6005
vn -0.8786 0.1310 -0.4592
vn -0.9527 0.0442 -0.3006
vn -0.9904 -0.0441 -0.1307
vn -0.0980 0.4331 -0.8960
vn -0.9904 -0.1307 0.0441
vn -0.2902 0.3991 -0.8698
vn -0.9161 -0.1207 -0.3823
vn -0.9524 -0.2156 -0.2157
vn -0.0942 0.4162 -0.9044
vn -0.9524 -0.3022 -0.0409
vn -0.2790 0.3488 -0.8947
vn -0.4528 0.2680 -0.8504
vn -0.6088 0.1770 -0.7733
vn -0.7412 0.0794 -0.6666
vn -0.8448 -0.0211 -0.5346
vn -0.4173 0.1913 -0.8884
vn -0.5611 0.0738 -0.8245
vn -0.6831 -0.0463 -0.7289
vn -0.7786 -0.1644 -0.6056
vn -0.8443 -0.2761 -0.4593
vn -0.8777 -0.3771 -0.2957
vn -0.0869 0.4002 -0.9123
vn -0.8777 -0.4637 -0.1209
vn -0.2571 0.3015 -0.9181
vn -0.7400 -0.4159 -0.5286
vn -0.7693 -0.5224 -0.3677
vn -0.0761 0.3858 -0.9194
vn -0.7693 -0.6090 -0.1929
vn -0.2254 0.2589 -0.9392
vn -0.3658 0.1221 -0.9227
vn -0.4918 -0.0191 -0.8705
vn -0.5987 -0.1594 -0.7849
vn -0.6825 -0.2934 -0.6695
vn -0.5601 -0.4030 -0.7238
vn -0.6073 -0.5348 -0.5875
vn -0.6314 -0.6460 -0.4290
vn -0.6314 -0.7327 -0.2541
vn -0.0625 0.3736 -0.9255
vn -0.4036 -0.0982 -0.9096
vn -0.1850 0.2227 -0.9572
vn -0.4913 -0.2556 -0.8326
vn -0.3002 0.0634 -0.9518
vn -0.2230 0.0172 -0.9747
vn -0.2999 -0.1602 -0.9404
vn -0.3651 -0.3312 -0.8701
vn -0.4162 -0.4892 -0.7665
vn -0.4513 -0.6282 -0.6338
vn -0.4691 -0.7432 -0.4771
vn -0.0464 0.3640 -0.9303
vn -0.4691 -0.8298 -0.3023
vn -0.1374 0.1943 -0.9713
vn -0.2779 -0.6926 -0.6657
vn -0.2889 -0.8101 -0.5102
vn -0.0286 0.3573 -0.9335
vn -0.2889 -0.8967 -0.3354
vn -0.0846 0.1747 -0.9810
vn -0.1374 -0.0146 -0.9904
vn -0.1847 -0.2030 -0.9616
vn -0.2248 -0.3833 -0.8958
vn -0.2563 -0.5485 -0.7959
vn -0.0464 -0.0308 -0.9984
vn -0.0624 -0.2248 -0.9724
vn -0.0759 -0.4098 -0.9090
vn -0.0865 -0.5788 -0.8109
vn -0.0938 -0.7254 -0.6819
vn -0.0976 -0.8442 -0.5271
vn -0.0097 0.3540 -0.9352
vn -0.0976 -0.9308 -0.3523
vn -0.0286 0.1647 -0.9859
vn -0.0000 -0.0000 1.0000
vn -0.0000 1.0000 -0.0000
vn -0.0000 -1.0000 -0.0000
vn -1.0000 -0.0000 -0.0000
vn -0.0000 0.4440 -0.8960
vn 1.0000 -0.0000 -0.0000
vn -0.9330 -0.0000 0.3599
vn 0.9330 -0.0000 0.3599
vn -0.0000 -0.9446 0.3284
vn 0.9528 -0.0000 0.3036
vn -0.0000 0.9446 0.3284
vn -0.9528 -0.0000 0.3036
vn 0.9528 -0.0000 0.3035
vn 0.9528 -0.0001 0.3037
vn 0.9528 -0.0001 0.3036
vn 0.9528 0.0001 0.3036
vn 0.9528 -0.0000 0.3037
vn -0.0000 -0.8909 -0.4542
vn 0.9059 -0.0000 -0.4234
vn -0.0000 -0.8909 -0.4541
vn -0.0000 0.8909 -0.4542
vn -0.9059 -0.0000 -0.4235
vn -0.9059 0.0001 -0.4234
vn -0.9060 -0.0001 -0.4233
vn -0.9060 -0.0000 -0.4234
vn -0.9059 -0.0000 -0.4234
vn -0.9060 0.0001 -0.4233
vn -0.0000 -0.8909 -0.4543
vn -0.0000 -0.0000 -1.0000
vn 0.2447 -0.9696 0.0044
vn -0.9702 -0.1514 -0.1892
vn 0.2500 0.8411 -0.4795
vn 0.6855 0.3135 -0.6571
vn 0.0016 -0.0000 -1.0000
vn -0.0000 0.0003 -1.0000
vn 0.6860 -0.6914 0.2268
vn -0.0000 0.4405 -0.8978
vn -0.9092 -0.4145 0.0402
vn 0.5827 0.4797 -0.6561
vn -0.0105 0.0106 -0.9999
vn -0.0016 0.0008 -1.0000
vn -0.1402 0.0001 -0.9901
vn -0.6522 -0.4160 0.6337
vn 0.0012 -0.0012 -1.0000
vn 0.0004 0.0012 -1.0000
vn -0.3147 -0.0000 -0.9492
vn 0.1030 0.4873 -0.8672
vn 0.3388 0.8164 -0.4677
vn -0.0016 -0.0004 -1.0000
vn -0.4998 -0.6916 0.5215
vn 0.6261 -0.6959 -0.3518
vn 0.2696 -0.9250 0.2678
vn 0.8832 -0.4201 0.2085
vn 0.1574 -0.9756 -0.1528
vn 0.1862 0.4224 -0.8871
vn 0.6258 -0.7611 0.1706
vn 0.1491 0.7372 -0.6590
vn -0.0000 0.0004 -1.0000
vn -0.0000 0.0012 -1.0000
vn -0.0008 0.0012 -1.0000
vn -0.0008 0.0004 -1.0000
vn -0.4522 -0.0010 -0.8919
vn -0.2177 -0.9702 -0.1060
vn 0.6738 -0.6202 -0.4017
vn -0.3335 -0.0020 -0.9428
vn -0.8592 -0.0002 -0.5116
vn 0.2962 0.4728 -0.8299
vn -0.7843 -0.0000 -0.6204
vn 0.3323 -0.3323 -0.8827
vn 0.5074 0.2125 -0.8351
vn -0.0000 -0.5858 -0.8104
vn 0.8726 0.1114 -0.4755
vn 0.2922 0.4515 -0.8430
vn 0.1071 -0.9389 0.3272
vn 0.0563 0.8859 -0.4604
vn 0.7347 0.6173 -0.2813
vn -0.0000 0.0011 -1.0000
vn -0.8947 -0.4215 0.1482
vn 0.9276 0.1819 -0.3263
vn 0.0555 0.0574 -0.9968
vn -0.9680 -0.2064 0.1426
vn 0.6160 -0.7822 0.0927
vn -0.9613 -0.0416 0.2724
vn -0.6453 -0.4962 0.5808
vn -0.0467 0.7086 -0.7041
vn -0.0016 -0.0012 -1.0000
vn -0.0008 -0.0012 -1.0000
vn -0.0008 -0.0004 -1.0000
vn 0.0012 -0.0004 -1.0000
vn 0.0004 -0.0004 -1.0000
vn 0.0004 -0.0012 -1.0000
vn -0.6626 0.4186 -0.6210
vn 0.0012 -0.0003 -1.0000
vn -0.0000 0.2471 -0.9690
vn 0.0004 0.0004 -1.0000
vn 0.0012 0.0004 -1.0000
vn 0.0012 0.0012 -1.0000
vn -0.8775 -0.0248 0.4789
vn -0.9028 -0.0145 0.4297
vn -0.2033 0.7797 -0.5923
vn -0.0006 -0.0010 -1.0000
vn -0.4300 -0.0009 -0.9028
vn 0.4767 -0.8422 0.2520
vn -0.0016 0.0003 -1.0000
vn -0.0011 0.0003 -1.0000
vn -0.4273 0.0215 -0.9039
vn 0.0023 0.0062 -1.0000
vn 0.0106 -0.0059 -0.9999
vn -0.0141 -0.0097 -0.9999
vn -0.4263 -0.5639 -0.7073
vn 0.7628 -0.5282 0.3730
vn -0.4077 0.6601 -0.6309
vn -0.2995 -0.7359 0.6073
vn 0.4368 0.4784 -0.7618
vn 0.8352 -0.2356 -0.4969
vn 0.4438 0.4715 -0.7621
vn -0.0879 -0.7562 0.6484
vn -0.0081 0.4848 -0.8746
vn 0.6178 -0.7840 0.0603
vn -0.9911 -0.0155 -0.1324
vn 0.0221 0.4675 -0.8837
vn 0.0825 -0.9873 0.1361
vn 0.2129 -0.2129 -0.9536
vn 0.7282 -0.6719 -0.1348
vn -0.1744 -0.8996 0.4003
vn -0.4320 -0.6476 0.6277
vn 0.7492 -0.5850 0.3106
vn 0.6642 -0.6869 -0.2951
vn 0.9919 0.0679 0.1070
vn -0.0884 -0.8092 0.5809
vn -0.5587 0.6465 -0.5196
vn -0.2532 0.0327 -0.9669
vn 0.0004 0.0665 -0.9978
vn -0.0000 0.0169 -0.9999
vn -0.0011 0.6537 -0.7567
vn -0.0015 0.0001 -1.0000
vn -0.0015 -0.0000 -1.0000
vn 0.9464 -0.1475 -0.2872
vn 0.5056 0.4971 -0.7052
vn -0.7845 0.1961 -0.5884
vn -0.8351 -0.2669 0.4810
vn -0.8336 0.1773 0.5231
vn 0.2256 0.8204 -0.5253
vn -0.7257 0.6057 0.3263
vn -0.2896 0.9397 -0.1819
vn 0.0998 0.8971 -0.4304
vn -0.9745 -0.0000 0.2243
vn -0.2711 -0.0341 -0.9619
vn -0.4055 0.2576 -0.8770
vn 0.3297 0.3307 -0.8842
vn -0.9628 0.0602 -0.2635
vn -0.7960 -0.0565 0.6027
vn -0.0000 0.1086 -0.9941
vn 0.0731 -0.0731 -0.9946
vn 0.5217 -0.5217 -0.6751
vn 0.0916 0.3364 -0.9373
vn 0.1680 0.4870 -0.8571
vn -0.8531 -0.0574 -0.5185
vn 0.3403 0.5977 -0.7259
vn 0.3488 0.5480 -0.7603
vn 0.4174 0.4174 -0.8072
vn 0.9433 -0.2704 -0.1926
vn 0.5208 0.4921 -0.6976
vn 0.6820 0.3599 -0.6367
vn -0.0016 0.0001 -1.0000
vn -0.0016 -0.0000 -1.0000
vn -0.0015 0.0002 -1.0000
vn -0.0016 0.0002 -1.0000
vn 0.6291 0.6302 -0.4550
vn 0.5084 0.5095 -0.6942
vn -0.0000 0.4227 -0.9063
vn 0.0004 0.2400 -0.9708
vn -0.0000 -0.0008 -1.0000
vn -0.0000 -0.0012 -1.0000
vn -0.0310 -0.0000 -0.9995
vn -0.0000 -0.0004 -1.0000
vn -0.9139 0.1719 -0.3679
vn -0.9463 0.0209 -0.3226
vn -0.1194 0.6953 -0.7088
vn 0.3737 -0.7141 -0.5920
vn -0.5832 -0.4646 0.6664
vn -0.2292 -0.7243 0.6503
vn -0.1318 0.0857 -0.9876
vn 0.0182 0.4139 -0.9101
vn -0.2469 -0.5433 0.8024
vn -0.0000 -0.4180 -0.9084
vn -0.0645 -0.9801 0.1877
vn 0.4730 -0.5010 0.7247
vn -0.0012 0.0037 -1.0000
vn -0.0026 0.0027 -1.0000
vn -0.0000 0.0016 -1.0000
vn 0.2870 -0.7630 0.5792
vn 0.8365 0.0935 -0.5399
vn 0.9386 0.0296 -0.3438
vn -0.8035 -0.3901 0.4496
vn -0.9921 0.0134 0.1251
vn -0.9981 0.0403 0.0456
vn 0.0004 -0.0000 -1.0000
vn -0.5015 -0.6935 0.5173
vn -0.1827 -0.7344 0.6536
vn 0.8655 -0.4768 0.1535
vn 0.9363 0.0208 -0.3505
vn 0.6520 0.0331 -0.7575
vn 0.3844 -0.3844 -0.8393
vn 0.6857 -0.6510 0.3255
vn 0.0982 -0.0982 -0.9903
vn 0.6733 -0.7234 0.1529
vn 0.5612 -0.7537 0.3420
vn 0.6932 -0.6698 0.2662
vn 0.2320 -0.2367 -0.9435
vn -0.3654 -0.9034 0.2246
vn 0.0522 -0.9356 0.3491
vn 0.6791 0.3949 -0.6187
vn 0.5108 0.4935 -0.7039
vn -0.0000 0.0489 -0.9988
vn 0.6532 -0.6869 -0.3187
vn 0.7877 -0.5633 -0.2495
vn -0.9978 0.0016 0.0666
vn 0.2764 -0.8755 0.3963
vn 0.3847 -0.8629 0.3278
vn 0.7361 -0.6731 -0.0715
vn 0.4701 -0.7860 -0.4015
vn 0.3910 -0.3910 -0.8332
vn 0.4778 0.4065 -0.7787
vn -0.5331 -0.5592 0.6349
vn -0.0756 -0.7565 0.6496
vn 0.2379 0.6238 -0.7445
vn 0.2013 0.6218 -0.7569
vn 0.5264 0.3151 -0.7897
vn 0.7850 -0.5519 -0.2813
vn 0.4027 0.4909 -0.7726
vn 0.6021 0.3002 -0.7398
vn 0.1800 0.5791 -0.7951
vn 0.7326 -0.6725 0.1046
vn -0.3961 -0.1039 -0.9123
vn 0.4040 -0.7745 0.4868
vn 0.5492 -0.7291 0.4084
vn 0.7881 -0.5878 0.1825
vn -0.8313 0.4356 -0.3452
vn -0.1397 0.4878 -0.8617
vn -0.1595 0.6854 -0.7104
vn 0.6123 -0.6304 0.4772
vn 0.7620 0.6410 -0.0924
vn 0.5253 0.5926 -0.6106
vn -0.3544 -0.0039 -0.9351
vn -0.5340 0.0022 -0.8455
vn -0.3429 0.3224 -0.8823
vn -0.0000 -0.6323 -0.7747
vn -0.0026 -0.0091 -1.0000
vn -0.0026 -0.0095 -1.0000
vn -0.0067 -0.0070 -1.0000
vn 0.0046 -0.0005 -1.0000
vn 0.0004 -0.0003 -1.0000
vn 0.0008 -0.0045 -1.0000
vn 0.0016 0.0006 -1.0000
vn 0.0064 0.0002 -1.0000
vn 0.0103 0.0033 -0.9999
vn -0.1613 0.0005 -0.9869
vn -0.1249 0.0005 -0.9922
vn -0.3999 0.0572 -0.9148
vn -0.0011 -0.0000 -1.0000
vn -0.0009 -0.0000 -1.0000
vn -0.0009 0.0003 -1.0000
vn -0.0014 -0.0000 -1.0000
vn -0.0014 0.0003 -1.0000
vn -0.6485 -0.6775 0.3471
vn -0.8653 0.2439 -0.4380
vn 0.3013 0.2717 -0.9140
vn 0.0010 -0.0016 -1.0000
vn 0.0016 -0.0016 -1.0000
vn -0.9521 -0.0003 -0.3059
vn -0.0006 -0.0016 -1.0000
vn 0.0005 -0.0016 -1.0000
vn -0.0001 -0.0010 -1.0000
vn -0.6722 0.6877 -0.2744
vn -0.7499 -0.3223 0.5778
vn -0.7851 -0.3962 0.4760
vn 0.8017 -0.5472 -0.2407
vn 0.4337 0.2094 -0.8764
vn -0.3323 0.1132 -0.9364
vn 0.0762 0.1493 -0.9858
vn -0.2309 -0.9727 -0.0249
vn -0.9222 0.0541 0.3830
vn 0.0004 -0.0008 -1.0000
vn 0.0012 -0.0000 -1.0000
vn 0.0008 -0.0000 -1.0000
vn 0.0008 -0.0004 -1.0000
vn 0.0012 0.0008 -1.0000
vn 0.0016 0.0008 -1.0000
vn 0.0016 0.0012 -1.0000
vn 0.0016 0.0004 -1.0000
vn 0.0008 0.0004 -1.0000
vn 0.6185 0.6534 -0.4364
vn 0.0012 -0.0007 -1.0000
vn 0.0016 -0.0007 -1.0000
vn 0.0016 -0.0003 -1.0000
vn 0.0012 -0.0016 -1.0000
vn 0.0016 -0.0012 -1.0000
vn -0.3610 0.1928 -0.9124
vn 0.0007 0.0893 -0.9960
vn -0.8249 -0.0007 -0.5653
vn -0.0008 -0.0008 -1.0000
vn -0.0004 -0.0008 -1.0000
vn -0.0004 -0.0004 -1.0000
vn -0.0008 -0.0016 -1.0000
vn -0.0004 -0.0016 -1.0000
vn -0.0004 -0.0012 -1.0000
vn -0.0016 -0.0016 -1.0000
vn -0.0012 -0.0016 -1.0000
vn -0.0012 -0.0012 -1.0000
vn -0.3670 0.6889 -0.6251
vn -0.9794 0.1607 -0.1222
vn -0.0011 0.6386 -0.7696
vn 0.6758 0.2722 -0.6850
vn 0.4619 0.6213 -0.6329
vn 0.5038 0.5164 -0.6924
vn 0.0628 -0.9829 0.1730
vn 0.7588 -0.1954 -0.6213
vn -0.9785 0.2063 -0.0028
vn -0.6277 -0.7256 0.2819
vn -0.7541 0.6160 -0.2276
vn 0.6229 0.6253 -0.4702
vn -0.5355 -0.1340 -0.8339
vn -0.9572 -0.1141 -0.2659
vn -0.9855 0.1698 0.0059
vn 0.4483 0.4646 -0.7636
vn -0.0011 0.0002 -1.0000
vn -0.4223 -0.5502 -0.7204
vn -0.9906 0.1075 -0.0847
vn -0.4985 0.7739 -0.3906
vn 0.3144 0.8407 -0.4410
vn 0.8668 -0.4959 -0.0531
vn 0.8575 0.3421 -0.3842
vn -0.4227 0.6236 -0.6576
vn 0.1398 -0.1387 -0.9804
vn 0.6895 -0.7226 0.0502
vn -0.9787 -0.1775 -0.1035
vn 0.6135 0.7261 -0.3105
vn 0.5663 0.7314 -0.3799
vn 0.5885 0.5407 -0.6011
vn -0.4522 0.7458 -0.4892
vn -0.0000 0.7196 -0.6944
vn 0.0524 0.8579 -0.5111
vn -0.8386 -0.5432 0.0402
vn -0.9017 0.2813 -0.3284
vn 0.1671 0.8368 -0.5214
vn -0.8134 0.1846 -0.5517
vn -0.3011 0.5668 -0.7669
vn 0.1335 0.7242 -0.6766
vn 0.9829 0.0602 -0.1741
vn 0.7038 0.6107 -0.3628
vn 0.4763 0.7047 -0.5259
vn 0.6671 -0.7297 0.1502
vn 0.7714 -0.6195 0.1454
vn 0.5103 -0.8557 0.0858
vn 0.7716 0.2801 -0.5711
vn 0.5596 0.5906 -0.5814
vn 0.0118 0.4568 -0.8895
vn 0.6284 -0.7572 -0.1780
vn 0.8079 -0.5707 -0.1469
vn 0.7084 -0.4704 -0.5262
vn 0.0015 -0.4210 -0.9070
vn 0.5954 -0.6236 -0.5066
vn -0.0634 0.4613 -0.8850
vn -0.1511 0.0011 -0.9885
vn -0.0846 0.1294 -0.9880
vn -0.0014 -0.0004 -1.0000
vn -0.0003 -0.0000 -1.0000
vn -0.9542 0.0008 -0.2991
vn 0.4594 -0.8654 -0.2001
vn 0.7081 -0.4961 -0.5024
vn 0.8020 -0.2685 -0.5336
vn 0.2169 0.3073 -0.9266
vn -0.9907 -0.0381 -0.1308
vn -0.8467 -0.4687 -0.2519
vn 0.6970 -0.6760 -0.2393
vn 0.3519 0.1017 -0.9305
vn 0.0002 -0.3726 -0.9280
vn -0.0008 0.0008 -1.0000
vn -0.0012 0.0008 -1.0000
vn -0.0012 0.0004 -1.0000
vn -0.0008 0.0016 -1.0000
vn -0.0012 0.0016 -1.0000
vn -0.0012 0.0012 -1.0000
vn -0.0004 0.0016 -1.0000
vn -0.0004 0.0012 -1.0000
vn -0.0064 -0.0000 -1.0000
vn -0.0004 0.0004 -1.0000
vn -0.0042 -0.0030 -1.0000
vn -0.0019 -0.0019 -1.0000
vn -0.0029 0.0028 -1.0000
vn -0.0044 0.0018 -1.0000
vn -0.0000 0.0008 -1.0000
vn -0.0004 0.0008 -1.0000
vn -0.9469 0.1682 0.2739
vn 0.3790 -0.5881 -0.7145
vn 0.2484 -0.2480 -0.9364
vn -0.2752 -0.9251 0.2615
vn -0.7066 0.2778 -0.6508
vn 0.5015 0.2368 -0.8321
vn -0.6270 0.3881 -0.6755
vn -0.3114 0.0070 -0.9502
vn 0.0016 0.2066 -0.9784
vn -0.1263 -0.7206 -0.6818
vn -0.7021 -0.5931 -0.3940
vn 0.2667 -0.9462 -0.1834
vn 0.7940 -0.5420 0.2753
vn 0.9249 0.3596 -0.1236
vn 0.9611 0.2596 -0.0944
vn -0.0233 -0.9848 0.1719
vn -0.5424 -0.7982 0.2621
vn 0.3666 -0.8890 0.2742
vn -0.0012 -0.4407 -0.8977
vn -0.1277 -0.9532 0.2742
vn 0.3960 -0.8972 0.1953
vn -0.9256 -0.1300 0.3556
vn -0.8041 0.5174 -0.2927
vn -0.1238 0.7070 -0.6963
vn -0.0016 -0.0008 -1.0000
vn -0.0012 -0.0008 -1.0000
vn -0.0012 -0.0004 -1.0000
vn 0.0012 -0.0008 -1.0000
vn 0.0008 -0.0008 -1.0000
vn 0.0008 -0.0012 -1.0000
vn -0.2305 0.8772 -0.4212
vn 0.0006 0.6135 -0.7897
vn 0.4020 0.7011 -0.5889
vn -0.4708 0.1295 -0.8727
vn -0.0312 -0.0000 -0.9995
vn 0.0004 0.0008 -1.0000
vn 0.0008 0.0008 -1.0000
vn 0.0008 0.0012 -1.0000
vn -0.8079 -0.1233 0.5763
vn -0.9097 0.3183 0.2668
vn -0.5783 0.7375 -0.3488
vn -0.0006 -0.0005 -1.0000
vn -0.0000 -0.5914 -0.8064
vn 0.3497 -0.9213 0.1698
vn -0.0016 0.0005 -1.0000
vn -0.0014 0.0005 -1.0000
vn -0.2572 -0.1745 -0.9505
vn -0.0007 0.0134 -0.9999
vn -0.0030 0.0041 -1.0000
vn -0.0103 0.0045 -0.9999
vn 0.5180 -0.8145 0.2614
vn 0.5257 -0.6513 -0.5472
vn 0.2274 0.6386 -0.7352
vn 0.1412 0.6635 -0.7348
vn 0.4223 0.5673 -0.7070
vn 0.8109 -0.1784 -0.5573
vn 0.6269 0.2431 -0.7402
vn -0.6908 0.3508 -0.6322
vn 0.4705 0.7766 -0.4191
vn -0.0000 0.0127 -0.9999
vn 0.2775 -0.8415 0.4636
vn 0.1657 -0.7653 0.6219
vn 0.5320 -0.7026 0.4725
vn 0.0120 -0.0117 -0.9999
vn 0.0189 -0.6539 -0.7564
vn -0.0002 -0.6147 -0.7887
vn 0.4938 0.5428 -0.6793
vn 0.2865 0.6893 -0.6654
vn 0.4987 0.5051 -0.7044
vn -0.0009 0.7756 -0.6312
vn 0.8368 -0.3277 -0.4387
vn 0.1820 0.5550 -0.8117
vn -0.9626 0.0774 -0.2595
vn -0.3892 -0.7976 0.4607
vn -0.7615 -0.2111 0.6128
vn 0.4766 -0.8067 -0.3496
vn 0.0976 -0.8442 -0.5271
vn 0.0975 -0.9308 -0.3523
vn 0.2231 0.0172 -0.9747
vn 0.4173 0.1913 -0.8884
vn 0.9524 -0.3022 -0.0408
vn 0.9524 0.3022 0.0408
vn 0.2779 0.9492 0.1477
vn -0.2779 0.9492 0.1477
vn -0.4691 0.8298 0.3023
vn -0.4692 0.7432 0.4771
vn -0.2230 0.7650 -0.6041
vn -0.5611 0.6112 -0.5582
vn -0.9524 -0.3022 -0.0408
vn -0.4173 0.1912 -0.8884
vn -0.2231 0.0172 -0.9747
vn -0.2999 -0.1603 -0.9404
vn -0.0000 -0.9445 0.3284
vn -0.0000 -0.9446 0.3283
vn -0.9528 0.0001 0.3037
vn -0.0000 0.9446 0.3283
vn -0.9528 0.0001 0.3036
vn -0.0000 0.9445 0.3284
vn -0.9528 -0.0001 0.3037
vn -0.9528 -0.0001 0.3036
vn 0.9060 -0.0000 -0.4234
vn 0.9059 -0.0000 -0.4235
vn 0.9060 -0.0000 -0.4233
vn 0.9059 0.0001 -0.4234
vn 0.9060 -0.0001 -0.4233
vn 0.3416 -0.9370 -0.0727
vn -0.9028 -0.4301 0.0029
vn -0.0008 0.8550 -0.5187
vn 0.6752 0.0868 -0.7325
vn 0.0791 -0.4476 -0.8908
vn 0.8501 -0.0000 -0.5266
vn -0.7825 0.4738 -0.4041
vn 0.6042 0.4459 -0.6604
vn 0.0007 0.0007 -1.0000
vn -0.0025 0.0029 -1.0000
vn -0.2786 -0.2764 -0.9198
vn -0.0001 0.1379 -0.9904
vn -0.6174 -0.4318 0.6576
vn -0.0276 0.2357 -0.9714
vn 0.1836 0.8565 -0.4824
vn -0.0012 -0.0000 -1.0000
vn -0.5038 -0.6744 0.5398
vn -0.0014 -0.1442 -0.9895
vn 0.0144 -0.9668 0.2552
vn 0.9958 -0.0911 -0.0082
vn 0.0369 -0.9706 -0.2377
vn 0.0735 0.4070 -0.9105
vn 0.5327 -0.8269 -0.1804
vn 0.0002 0.7690 -0.6393
vn -0.0004 -0.0000 -1.0000
vn -0.0064 -0.0064 -1.0000
vn 0.0002 0.3050 -0.9523
vn -0.4086 -0.9035 0.1296
vn 0.2429 -0.1124 -0.9635
vn -0.7318 -0.5786 0.3602
vn -0.0004 0.4533 -0.8914
vn -0.0957 0.3481 -0.9326
vn -0.0016 0.3588 -0.9334
vn 0.6969 -0.0000 -0.7172
vn -0.1674 -0.7159 -0.6779
vn 0.8404 0.1780 -0.5119
vn 0.2526 0.4217 -0.8709
vn 0.0758 -0.9440 0.3210
vn 0.0285 0.8846 -0.4655
vn 0.8375 0.0703 -0.5419
vn -0.6972 -0.6974 0.1657
vn -0.9682 0.1746 -0.1791
vn 0.9357 0.1428 -0.3225
vn -0.4330 -0.4315 -0.7914
vn -0.8654 -0.4247 0.2659
vn 0.5891 -0.8042 0.0793
vn -0.9256 -0.1296 0.3555
vn 0.5251 0.4734 -0.7072
vn -0.0895 0.7161 -0.6922
vn 0.0016 -0.0008 -1.0000
vn 0.0008 -0.0016 -1.0000
vn -0.7093 0.6715 -0.2145
vn 0.0007 -0.0007 -1.0000
vn 0.0007 0.0002 -1.0000
vn 0.1139 0.1470 -0.9826
vn 0.0008 0.0016 -1.0000
vn -0.8040 -0.1567 0.5736
vn -0.1288 0.7129 -0.6893
vn -0.3135 0.7991 -0.5130
vn -0.0001 -0.0005 -1.0000
vn -0.7579 -0.5112 0.4053
vn 0.3674 -0.9222 0.1205
vn -0.0009 0.0005 -1.0000
vn -0.4054 0.0464 -0.9129
vn 0.0100 0.0135 -0.9999
vn 0.0069 -0.0095 -0.9999
vn -0.0071 -0.0026 -1.0000
vn -0.5244 -0.6176 -0.5862
vn 0.5144 0.0852 -0.8533
vn -0.4651 0.6575 -0.5928
vn 0.5320 0.4569 -0.7129
vn -0.4023 -0.1629 -0.9009
vn 0.8134 -0.1481 -0.5626
vn 0.4075 0.4615 -0.7880
vn -0.0819 -0.7581 0.6470
vn -0.2696 0.5096 -0.8171
vn 0.2589 -0.9656 0.0219
vn -0.7648 -0.4380 0.4725
vn 0.6683 -0.0000 -0.7438
vn -0.0000 -0.9952 0.0980
vn 0.0902 -0.0000 -0.9959
vn -0.4428 -0.7057 0.5531
vn -0.4624 -0.6199 0.6339
vn 0.8050 -0.5500 0.2225
vn -0.0000 -0.0116 -0.9999
vn 0.2464 0.9478 -0.2025
vn -0.2212 -0.7268 0.6502
vn -0.6198 0.6849 -0.3831
vn 0.0684 -0.0016 -0.9977
vn 0.0171 -0.0000 -0.9999
vn -0.2887 0.7516 -0.5931
vn 0.9300 -0.0681 -0.3612
vn 0.4349 0.3985 -0.8075
vn -0.6949 0.5816 -0.4230
vn -0.6208 -0.4977 0.6057
vn -0.7829 0.4138 0.4647
vn 0.1400 0.8630 -0.4854
vn -0.7041 0.6247 0.3375
vn -0.5173 0.8490 0.1078
vn 0.0408 0.9179 -0.3948
vn -0.1200 0.7477 -0.6532
vn 0.0236 0.2028 -0.9789
vn -0.6869 0.6734 0.2733
vn -0.7057 -0.7074 -0.0394
vn -0.8803 -0.3591 0.3100
vn -0.7656 -0.1597 0.6232
vn 0.1157 -0.0000 -0.9933
vn 0.4978 -0.0000 -0.8673
vn -0.0000 0.3695 -0.9292
vn -0.0997 -0.0997 -0.9900
vn 0.0371 0.7213 -0.6916
vn 0.2246 0.6291 -0.7442
vn -0.0000 0.5355 -0.8445
vn 0.9425 -0.2005 -0.2675
vn 0.5190 0.4787 -0.7082
vn 0.7679 0.2382 -0.5947
vn 0.5077 0.5106 -0.6940
vn 0.4929 0.0148 -0.8700
vn 0.1819 0.0607 -0.9814
vn 0.0004 -0.0016 -1.0000
vn 0.0004 0.0307 -0.9995
vn -0.8646 0.4631 -0.1951
vn -0.0147 0.6805 -0.7326
vn -0.3874 0.7841 -0.4849
vn -0.4516 -0.5699 0.6866
vn -0.5350 -0.4735 0.6997
vn -0.2957 -0.6717 0.6793
vn -0.1642 0.0536 -0.9850
vn -0.0735 0.3999 -0.9136
vn -0.6111 -0.4273 0.6663
vn -0.0917 -0.4945 -0.8643
vn -0.1564 -0.9713 0.1791
vn 0.6377 -0.7522 -0.1662
vn -0.0000 0.0029 -1.0000
vn 0.0014 0.0014 -1.0000
vn 0.0027 0.0036 -1.0000
vn 0.2233 -0.7746 0.5917
vn 0.8464 0.0787 -0.5266
vn 0.9429 0.0177 -0.3326
vn -0.7058 -0.4595 0.5391
vn -0.9934 0.0258 0.1122
vn -0.9980 0.0562 0.0281
vn -0.6510 -0.6345 0.4166
vn -0.5316 -0.5857 0.6119
vn -0.2993 -0.6863 0.6629
vn 0.9538 -0.2123 -0.2125
vn 0.9416 0.0063 -0.3368
vn 0.6826 -0.0000 -0.7308
vn 0.3262 -0.0878 -0.9412
vn -0.0000 -0.2125 -0.9772
vn 0.4071 -0.8677 0.2853
vn 0.1989 -0.0000 -0.9800
vn -0.6522 -0.7578 0.0177
vn -0.5452 -0.8064 0.2293
vn 0.0208 -0.9388 0.3437
vn 0.8130 0.1911 -0.5500
vn 0.1858 0.0459 -0.9815
vn 0.0507 -0.0000 -0.9987
vn -0.0000 -0.0424 -0.9991
vn 0.5963 0.0064 -0.8027
vn -0.9988 0.0239 0.0416
vn 0.1005 -0.8695 0.4835
vn 0.2864 -0.8769 0.3861
vn 0.7488 -0.6378 -0.1805
vn -0.3257 0.3256 -0.8876
vn -0.0000 -0.5763 -0.8172
vn -0.0125 0.0125 -0.9998
vn -0.4784 -0.5893 0.6511
vn -0.5312 -0.5512 0.6434
vn -0.1167 -0.7436 0.6583
vn 0.1626 0.6565 -0.7366
vn -0.0710 0.6969 -0.7136
vn -0.5979 -0.5115 0.6171
vn 0.7866 -0.5102 -0.3477
vn 0.3815 0.4929 -0.7820
vn 0.6396 0.2300 -0.7335
vn 0.0917 0.5745 -0.8133
vn 0.3369 -0.1172 -0.9342
vn -0.7186 -0.6855 0.1169
vn -0.1122 -0.8075 0.5790
vn 0.4917 -0.7603 0.4245
vn 0.8894 -0.4514 -0.0718
vn -0.7574 0.5202 -0.3947
vn -0.5564 0.6233 -0.5494
vn -0.2958 0.6902 -0.6604
vn 0.6780 -0.7145 0.1729
vn 0.7517 0.5630 -0.3433
vn 0.9883 0.0484 0.1447
vn -0.5745 -0.3601 -0.7350
vn -0.3226 0.3350 -0.8853
vn -0.3910 0.3763 -0.8399
vn -0.3870 -0.3870 -0.8369
vn -0.3992 -0.7170 -0.5714
vn -0.0032 -0.0084 -1.0000
vn -0.0002 -0.0075 -1.0000
vn -0.0009 -0.0022 -1.0000
vn 0.0084 -0.0059 -0.9999
vn 0.0039 -0.0039 -1.0000
vn 0.0069 -0.0092 -0.9999
vn 0.0058 0.0056 -1.0000
vn 0.0087 0.0033 -1.0000
vn 0.0091 0.0045 -0.9999
vn -0.1181 0.0437 -0.9920
vn -0.0006 0.1230 -0.9924
vn -0.0634 0.3785 -0.9234
vn -0.0006 0.0003 -1.0000
vn -0.0006 0.0005 -1.0000
vn -0.0011 0.0005 -1.0000
vn -0.5450 -0.5571 0.6266
vn -0.6619 0.3641 -0.6552
vn 0.3571 0.2319 -0.9048
vn 0.0005 -0.0010 -1.0000
vn 0.0010 -0.0010 -1.0000
vn -0.5337 0.2921 -0.7936
vn -0.6095 -0.6100 -0.5064
vn -0.6933 0.7007 -0.1684
vn -0.7804 -0.3156 0.5398
vn 0.6419 0.2654 -0.7193
vn 0.5247 -0.1495 -0.8381
vn 0.6207 0.0460 -0.7827
vn -0.6965 -0.5297 0.4840
vn -0.3096 -0.1926 -0.9312
vn 0.3842 0.1272 -0.9145
vn -0.9068 0.3689 0.2041
vn 0.0016 -0.0004 -1.0000
vn 0.0012 0.0016 -1.0000
vn 0.0007 -0.0003 -1.0000
vn 0.0012 0.0002 -1.0000
vn 0.0007 -0.0012 -1.0000
vn 0.0639 0.4782 -0.8759
vn 0.0911 -0.0012 -0.9958
vn -0.5125 0.6867 -0.5155
vn -0.1088 0.6681 -0.7361
vn 0.7261 -0.3273 -0.6047
vn 0.2902 0.7272 -0.6221
vn 0.0482 0.3169 -0.9472
vn -0.8563 -0.3800 -0.3496
vn 0.6610 0.2717 -0.6995
vn -0.8733 0.4483 -0.1905
vn -0.6376 -0.6991 0.3236
vn -0.7405 0.6408 -0.2027
vn 0.6103 0.6135 -0.5011
vn -0.7803 -0.6254 -0.0039
vn -0.1921 0.6661 -0.7207
vn -0.9230 0.3816 -0.0487
vn -0.0011 0.0604 -0.9982
vn -0.5282 -0.5273 -0.6655
vn -0.6658 -0.6780 0.3115
vn -0.9915 0.1001 -0.0826
vn -0.5762 0.7452 -0.3357
vn 0.1955 0.8650 -0.4620
vn 0.9367 -0.2789 -0.2117
vn 0.9236 0.1420 -0.3561
vn -0.5271 0.7597 -0.3809
vn 0.1425 -0.4887 -0.8608
vn -0.7953 -0.5676 0.2129
vn 0.5352 0.7514 -0.3860
vn -0.0658 0.6173 -0.7839
vn 0.0578 -0.0731 -0.9956
vn -0.5464 0.7116 -0.4416
vn -0.4997 0.7136 -0.4910
vn -0.0000 0.8525 -0.5228
vn -0.7951 -0.5976 0.1036
vn -0.8626 0.3705 -0.3444
vn 0.1391 0.8359 -0.5310
vn -0.7021 0.3314 -0.6302
vn -0.4741 0.6397 -0.6050
vn 0.0625 0.7075 -0.7039
vn 0.9873 0.0248 -0.1569
vn 0.7461 0.5212 -0.4144
vn 0.0691 0.5952 -0.8006
vn 0.8564 -0.5160 0.0163
vn -0.1532 -0.8278 -0.5397
vn 0.8705 0.1231 -0.4766
vn 0.3667 0.4268 -0.8266
vn 0.5637 -0.0000 -0.8260
vn 0.0772 -0.3502 -0.9335
vn 0.7892 -0.4103 -0.4569
vn 0.3081 -0.0000 -0.9514
vn -0.4524 -0.8563 -0.2492
vn 0.0016 -0.0322 -0.9995
vn -0.4354 -0.4367 -0.7872
vn -0.0047 0.0063 -1.0000
vn -0.3011 0.5680 -0.7660
vn -0.0000 0.1261 -0.9920
vn -0.3226 -0.0810 -0.9431
vn -0.0000 0.0010 -1.0000
vn 0.0016 -0.0019 -1.0000
vn -0.0003 0.0011 -1.0000
vn -0.6676 0.2850 -0.6878
vn 0.2648 -0.9118 -0.3139
vn 0.6743 -0.4160 -0.6101
vn 0.7407 -0.0696 -0.6683
vn -0.7237 -0.6749 0.1443
vn -0.9668 -0.2470 0.0654
vn -0.8178 -0.5739 0.0425
vn 0.0307 -0.0011 -0.9995
vn 0.6765 -0.1832 -0.7132
vn -0.3887 -0.7311 -0.5607
vn -0.0016 0.0004 -1.0000
vn -0.0016 0.0012 -1.0000
vn -0.0000 0.0064 -1.0000
vn -0.0022 -0.0000 -1.0000
vn -0.0032 -0.0000 -1.0000
vn -0.0008 -0.0000 -1.0000
vn 0.0001 0.8101 -0.5863
vn 0.0002 -0.2826 -0.9592
vn 0.0002 0.0002 -1.0000
vn -0.4259 -0.7354 0.5270
vn -0.6052 0.3375 -0.7210
vn 0.6874 0.0606 -0.7237
vn -0.0809 0.4890 -0.8685
vn 0.1655 0.0693 -0.9838
vn -0.5375 -0.8318 -0.1386
vn -0.7347 -0.6638 -0.1401
vn 0.1832 -0.9485 -0.2585
vn 0.8549 -0.4711 0.2174
vn 0.9624 0.2558 -0.0911
vn 0.9981 0.0537 -0.0303
vn -0.4675 -0.8358 0.2879
vn -0.5978 -0.7477 0.2892
vn 0.2536 -0.9271 0.2758
vn -0.5694 -0.8090 -0.1460
vn -0.3687 -0.8650 0.3403
vn 0.1629 -0.9619 0.2197
vn -0.8892 -0.1946 0.4141
vn -0.7616 0.5642 -0.3189
vn -0.1618 0.7125 -0.6828
vn -0.4268 0.8436 -0.3259
vn -0.4779 0.7547 -0.4495
vn 0.0006 0.6527 -0.7576
vn -0.0000 0.4893 -0.8721
vn -0.0000 0.0305 -0.9995
vn 0.0004 0.0016 -1.0000
vn -0.7577 -0.2000 0.6212
vn -0.8836 0.4295 0.1866
vn -0.6086 0.7367 -0.2949
vn -0.0001 0.0001 -1.0000
vn -0.4712 -0.7080 0.5260
vn -0.0000 -0.9886 -0.1508
vn -0.0014 0.0008 -1.0000
vn -0.1973 -0.1955 -0.9607
vn -0.6151 -0.5623 -0.5527
vn -0.0033 0.0106 -0.9999
vn -0.0031 0.0041 -1.0000
vn -0.0140 0.0012 -0.9999
vn -0.0000 -0.5308 -0.8475
vn 0.1730 0.6478 -0.7419
vn 0.0686 0.6727 -0.7368
vn 0.2855 0.5849 -0.7592
vn 0.7628 -0.0483 -0.6448
vn 0.6999 0.0663 -0.7112
vn -0.5376 0.4372 -0.7210
vn 0.0088 0.4437 -0.8961
vn 0.0129 -0.0000 -0.9999
vn -0.6134 -0.6134 0.4975
vn 0.0643 -0.8841 0.4629
vn 0.0837 -0.7688 0.6340
vn 0.4092 -0.7744 0.4826
vn 0.1675 -0.5464 -0.8206
vn -0.4780 -0.8358 0.2700
vn 0.4123 0.4861 -0.7705
vn 0.0903 0.6806 -0.7271
vn 0.0660 0.0868 -0.9940
vn -0.5115 0.7662 -0.3890
vn 0.8511 -0.5069 -0.1365
vn 0.1762 0.4779 -0.8605
vn -0.9195 0.2482 -0.3047
vn -0.4715 -0.6915 0.5472
vn -0.7202 -0.2992 0.6259
vn 0.5035 -0.7891 -0.3520
vt 0.750000 0.562500
vt 0.718750 0.500000
vt 0.750000 0.500000
vt 0.750000 0.937500
vt 0.734375 1.000000
vt 0.718750 0.937500
vt 0.718750 0.437500
vt 0.750000 0.437500
vt 0.718750 0.875000
vt 0.750000 0.875000
vt 0.750000 0.812500
vt 0.718750 0.812500
vt 0.718750 0.750000
vt 0.750000 0.750000
vt 0.718750 0.687500
vt 0.750000 0.687500
vt 0.718750 0.625000
vt 0.750000 0.625000
vt 0.718750 0.562500
vt 0.687500 0.562500
vt 0.687500 0.500000
vt 0.703125 1.000000
vt 0.687500 0.937500
vt 0.687500 0.437500
vt 0.687500 0.875000
vt 0.687500 0.812500
vt 0.687500 0.750000
vt 0.687500 0.687500
vt 0.687500 0.625000
vt 0.656250 0.812500
vt 0.656250 0.750000
vt 0.656250 0.687500
vt 0.656250 0.625000
vt 0.656250 0.562500
vt 0.656250 0.500000
vt 0.671875 1.000000
vt 0.656250 0.937500
vt 0.656250 0.437500
vt 0.656250 0.875000
vt 0.625000 0.562500
vt 0.625000 0.500000
vt 0.640625 1.000000
vt 0.625000 0.937500
vt 0.625000 0.437500
vt 0.625000 0.875000
vt 0.625000 0.812500
vt 0.625000 0.750000
vt 0.625000 0.687500
vt 0.625000 0.625000
vt 0.593750 0.750000
vt 0.593750 0.687500
vt 0.593750 0.625000
vt 0.593750 0.562500
vt 0.593750 0.500000
vt 0.609375 1.000000
vt 0.593750 0.937500
vt 0.593750 0.437500
vt 0.593750 0.875000
vt 0.593750 0.812500
vt 0.562500 0.500000
vt 0.578125 1.000000
vt 0.562500 0.937500
vt 0.562500 0.437500
vt 0.562500 0.875000
vt 0.562500 0.812500
vt 0.562500 0.750000
vt 0.562500 0.687500
vt 0.562500 0.625000
vt 0.562500 0.562500
vt 0.531250 0.687500
vt 0.531250 0.625000
vt 0.531250 0.562500
vt 0.531250 0.500000
vt 0.546875 1.000000
vt 0.531250 0.937500
vt 0.531250 0.437500
vt 0.531250 0.875000
vt 0.531250 0.812500
vt 0.531250 0.750000
vt 0.515625 1.000000
vt 0.500000 0.937500
vt 0.500000 0.437500
vt 0.500000 0.875000
vt 0.500000 0.812500
vt 0.500000 0.750000
vt 0.500000 0.687500
vt 0.500000 0.625000
vt 0.500000 0.562500
vt 0.500000 0.500000
vt 0.468750 0.687500
vt 0.468750 0.625000
vt 0.468750 0.562500
vt 0.468750 0.500000
vt 0.484375 1.000000
vt 0.468750 0.937500
vt 0.468750 0.437500
vt 0.468750 0.875000
vt 0.468750 0.812500
vt 0.468750 0.750000
vt 0.437500 0.437500
vt 0.437500 0.875000
vt 0.437500 0.812500
vt 0.437500 0.750000
vt 0.437500 0.687500
vt 0.437500 0.625000
vt 0.437500 0.562500
vt 0.437500 0.500000
vt 0.453125 1.000000
vt 0.437500 0.937500
vt 0.406250 0.625000
vt 0.406250 0.562500
vt 0.406250 0.500000
vt 0.421875 1.000000
vt 0.406250 0.937500
vt 0.406250 0.437500
vt 0.406250 0.875000
vt 0.406250 0.812500
vt 0.406250 0.750000
vt 0.406250 0.687500
vt 0.375000 0.875000
vt 0.375000 0.812500
vt 0.375000 0.750000
vt 0.375000 0.687500
vt 0.375000 0.625000
vt 0.375000 0.562500
vt 0.375000 0.500000
vt 0.390625 1.000000
vt 0.375000 0.937500
vt 0.375000 0.437500
vt 0.343750 0.625000
vt 0.343750 0.562500
vt 0.343750 0.500000
vt 0.359375 1.000000
vt 0.343750 0.937500
vt 0.343750 0.437500
vt 0.343750 0.875000
vt 0.343750 0.812500
vt 0.343750 0.750000
vt 0.343750 0.687500
vt 0.312500 0.812500
vt 0.312500 0.750000
vt 0.312500 0.687500
vt 0.312500 0.625000
vt 0.312500 0.562500
vt 0.312500 0.500000
vt 0.328125 1.000000
vt 0.312500 0.937500
vt 0.312500 0.437500
vt 0.312500 0.875000
vt 0.281250 0.625000
vt 0.281250 0.562500
vt 0.281250 0.500000
vt 0.296875 1.000000
vt 0.281250 0.937500
vt 0.281250 0.437500
vt 0.281250 0.875000
vt 0.281250 0.812500
vt 0.281250 0.750000
vt 0.281250 0.687500
vt 0.250000 0.812500
vt 0.250000 0.750000
vt 0.250000 0.687500
vt 0.250000 0.625000
vt 0.250000 0.562500
vt 0.250000 0.500000
vt 0.265625 1.000000
vt 0.250000 0.937500
vt 0.250000 0.437500
vt 0.250000 0.875000
vt 0.218750 0.500000
vt 0.234375 1.000000
vt 0.218750 0.937500
vt 0.218750 0.437500
vt 0.218750 0.875000
vt 0.218750 0.812500
vt 0.218750 0.750000
vt 0.218750 0.687500
vt 0.218750 0.625000
vt 0.218750 0.562500
vt 0.187500 0.750000
vt 0.187500 0.687500
vt 0.187500 0.625000
vt 0.187500 0.562500
vt 0.187500 0.500000
vt 0.203125 1.000000
vt 0.187500 0.937500
vt 0.187500 0.437500
vt 0.187500 0.875000
vt 0.187500 0.812500
vt 0.156250 0.500000
vt 0.171875 1.000000
vt 0.156250 0.937500
vt 0.156250 0.437500
vt 0.156250 0.875000
vt 0.156250 0.812500
vt 0.156250 0.750000
vt 0.156250 0.687500
vt 0.156250 0.625000
vt 0.156250 0.562500
vt 0.125000 0.687500
vt 0.125000 0.625000
vt 0.125000 0.562500
vt 0.125000 0.500000
vt 0.140625 1.000000
vt 0.125000 0.937500
vt 0.125000 0.437500
vt 0.125000 0.875000
vt 0.125000 0.812500
vt 0.125000 0.750000
vt 0.109375 1.000000
vt 0.093750 0.937500
vt 0.093750 0.437500
vt 0.093750 0.875000
vt 0.093750 0.812500
vt 0.093750 0.750000
vt 0.093750 0.687500
vt 0.093750 0.625000
vt 0.093750 0.562500
vt 0.093750 0.500000
vt 0.062500 0.687500
vt 0.062500 0.625000
vt 0.062500 0.562500
vt 0.062500 0.500000
vt 0.078125 1.000000
vt 0.062500 0.937500
vt 0.062500 0.437500
vt 0.062500 0.875000
vt 0.062500 0.812500
vt 0.062500 0.750000
vt 0.031250 0.437500
vt 0.031250 0.875000
vt 0.031250 0.812500
vt 0.031250 0.750000
vt 0.031250 0.687500
vt 0.031250 0.625000
vt 0.031250 0.562500
vt 0.031250 0.500000
vt 0.046875 1.000000
vt 0.031250 0.937500
vt 0.000000 0.625000
vt 0.000000 0.562500
vt 0.000000 0.500000
vt 0.015625 1.000000
vt 0.000000 0.937500
vt 0.000000 0.437500
vt 0.000000 0.875000
vt 0.000000 0.812500
vt 0.000000 0.750000
vt 0.000000 0.687500
vt 1.000000 0.812500
vt 0.968750 0.875000
vt 0.968750 0.812500
vt 1.000000 0.750000
vt 0.968750 0.750000
vt 0.968750 0.687500
vt 1.000000 0.687500
vt 0.968750 0.625000
vt 1.000000 0.625000
vt 0.968750 0.562500
vt 1.000000 0.562500
vt 0.968750 0.500000
vt 1.000000 0.500000
vt 1.000000 0.937500
vt 0.984375 1.000000
vt 0.968750 0.937500
vt 0.968750 0.437500
vt 1.000000 0.437500
vt 1.000000 0.875000
vt 0.937500 0.562500
vt 0.937500 0.500000
vt 0.953125 1.000000
vt 0.937500 0.937500
vt 0.937500 0.437500
vt 0.937500 0.875000
vt 0.937500 0.812500
vt 0.937500 0.750000
vt 0.937500 0.687500
vt 0.937500 0.625000
vt 0.906250 0.812500
vt 0.906250 0.750000
vt 0.906250 0.687500
vt 0.906250 0.625000
vt 0.906250 0.562500
vt 0.906250 0.500000
vt 0.921875 1.000000
vt 0.906250 0.937500
vt 0.906250 0.437500
vt 0.906250 0.875000
vt 0.875000 0.562500
vt 0.875000 0.500000
vt 0.890625 1.000000
vt 0.875000 0.937500
vt 0.875000 0.437500
vt 0.875000 0.875000
vt 0.875000 0.812500
vt 0.875000 0.750000
vt 0.875000 0.687500
vt 0.875000 0.625000
vt 0.843750 0.625000
vt 0.843750 0.562500
vt 0.843750 0.500000
vt 0.843750 0.437500
vt 0.859375 1.000000
vt 0.843750 0.937500
vt 0.843750 0.750000
vt 0.843750 0.875000
vt 0.843750 0.687500
vt 0.843750 0.812500
vt 0.812500 0.812500
vt 0.812500 0.750000
vt 0.812500 0.687500
vt 0.812500 0.625000
vt 0.812500 0.562500
vt 0.812500 0.500000
vt 0.828125 1.000000
vt 0.812500 0.937500
vt 0.812500 0.437500
vt 0.812500 0.875000
vt 0.781250 0.562500
vt 0.781250 0.500000
vt 0.796875 1.000000
vt 0.781250 0.937500
vt 0.781250 0.437500
vt 0.781250 0.875000
vt 0.781250 0.812500
vt 0.781250 0.750000
vt 0.781250 0.687500
vt 0.781250 0.625000
vt 0.765625 1.000000
vt 0.500000 0.984375
vt 0.484375 0.984375
vt 0.500000 0.062500
vt 0.218750 0.500000
vt 0.203125 0.500000
vt 1.000000 0.468750
vt 0.968750 0.500000
vt 0.968750 0.468750
vt 0.750000 0.468750
vt 0.718750 0.468750
vt 0.750000 0.218750
vt 0.718750 0.250000
vt 0.718750 0.218750
vt 1.000000 0.218750
vt 0.968750 0.250000
vt 0.968750 0.218750
vt 0.875000 0.218750
vt 0.843750 0.250000
vt 0.843750 0.218750
vt 0.875000 0.093750
vt 0.843750 0.125000
vt 0.843750 0.093750
vt 0.968750 0.156250
vt 1.000000 0.156250
vt 0.625000 0.218750
vt 0.593750 0.250000
vt 0.593750 0.218750
vt 0.625000 0.093750
vt 0.593750 0.125000
vt 0.593750 0.093750
vt 0.750000 0.093750
vt 0.718750 0.125000
vt 0.718750 0.093750
vt 0.625000 0.468750
vt 0.593750 0.468750
vt 0.625000 0.343750
vt 0.593750 0.375000
vt 0.593750 0.343750
vt 0.750000 0.343750
vt 0.718750 0.375000
vt 0.718750 0.343750
vt 0.875000 0.468750
vt 0.843750 0.500000
vt 0.843750 0.468750
vt 0.875000 0.343750
vt 0.843750 0.375000
vt 0.843750 0.343750
vt 1.000000 0.343750
vt 0.968750 0.375000
vt 0.968750 0.343750
vt 0.937500 0.343750
vt 0.906250 0.375000
vt 0.906250 0.343750
vt 0.937500 0.281250
vt 0.906250 0.312500
vt 0.906250 0.281250
vt 1.000000 0.281250
vt 0.968750 0.312500
vt 0.968750 0.281250
vt 0.812500 0.343750
vt 0.781250 0.375000
vt 0.781250 0.343750
vt 0.812500 0.281250
vt 0.781250 0.312500
vt 0.781250 0.281250
vt 0.875000 0.281250
vt 0.843750 0.312500
vt 0.843750 0.281250
vt 0.812500 0.468750
vt 0.781250 0.500000
vt 0.781250 0.468750
vt 0.812500 0.406250
vt 0.781250 0.437500
vt 0.781250 0.406250
vt 0.875000 0.406250
vt 0.843750 0.437500
vt 0.843750 0.406250
vt 0.687500 0.343750
vt 0.656250 0.375000
vt 0.656250 0.343750
vt 0.687500 0.281250
vt 0.656250 0.312500
vt 0.656250 0.281250
vt 0.750000 0.281250
vt 0.718750 0.312500
vt 0.718750 0.281250
vt 0.562500 0.343750
vt 0.531250 0.375000
vt 0.531250 0.343750
vt 0.562500 0.281250
vt 0.531250 0.312500
vt 0.531250 0.281250
vt 0.625000 0.281250
vt 0.593750 0.312500
vt 0.593750 0.281250
vt 0.562500 0.468750
vt 0.531250 0.468750
vt 0.562500 0.406250
vt 0.531250 0.406250
vt 0.625000 0.406250
vt 0.593750 0.406250
vt 0.687500 0.093750
vt 0.656250 0.125000
vt 0.656250 0.093750
vt 0.687500 0.031250
vt 0.656250 0.062500
vt 0.656250 0.031250
vt 0.750000 0.031250
vt 0.718750 0.062500
vt 0.718750 0.031250
vt 0.562500 0.093750
vt 0.531250 0.125000
vt 0.531250 0.093750
vt 0.562500 0.031250
vt 0.531250 0.062500
vt 0.531250 0.031250
vt 0.625000 0.031250
vt 0.593750 0.062500
vt 0.593750 0.031250
vt 0.562500 0.218750
vt 0.531250 0.250000
vt 0.531250 0.218750
vt 0.906250 0.187500
vt 0.937500 0.187500
vt 0.687500 0.156250
vt 0.718750 0.156250
vt 0.937500 0.093750
vt 0.906250 0.125000
vt 0.906250 0.093750
vt 0.937500 0.031250
vt 0.906250 0.062500
vt 0.906250 0.031250
vt 0.968750 0.062500
vt 0.968750 0.093750
vt 0.812500 0.093750
vt 0.781250 0.125000
vt 0.781250 0.093750
vt 0.812500 0.031250
vt 0.781250 0.062500
vt 0.781250 0.031250
vt 0.875000 0.031250
vt 0.843750 0.062500
vt 0.843750 0.031250
vt 0.812500 0.218750
vt 0.781250 0.250000
vt 0.781250 0.218750
vt 0.500000 0.156250
vt 0.500000 0.187500
vt 0.781250 0.187500
vt 0.750000 0.187500
vt 0.937500 0.218750
vt 0.906250 0.250000
vt 0.906250 0.218750
vt 0.000000 0.000000
vt 0.687500 0.218750
vt 0.656250 0.250000
vt 0.656250 0.218750
vt 0.593750 0.187500
vt 0.625000 0.187500
vt 0.937500 0.156250
vt 0.687500 0.468750
vt 0.656250 0.468750
vt 0.687500 0.406250
vt 0.656250 0.406250
vt 0.750000 0.406250
vt 0.718750 0.406250
vt 0.937500 0.468750
vt 0.906250 0.500000
vt 0.906250 0.468750
vt 0.937500 0.406250
vt 0.906250 0.406250
vt 1.000000 0.406250
vt 0.968750 0.437500
vt 0.968750 0.406250
vt 0.937500 0.437500
vt 0.937500 0.375000
vt 1.000000 0.375000
vt 0.875000 0.437500
vt 0.875000 0.375000
vt 0.875000 0.500000
vt 0.687500 0.375000
vt 0.750000 0.375000
vt 0.625000 0.375000
vt 0.875000 0.156250
vt 0.843750 0.156250
vt 0.687500 0.125000
vt 0.750000 0.125000
vt 0.562500 0.156250
vt 0.531250 0.156250
vt 0.625000 0.156250
vt 0.625000 0.125000
vt 0.656250 0.156250
vt 0.625000 0.250000
vt 0.656250 0.187500
vt 0.687500 0.187500
vt 0.531250 0.187500
vt 0.562500 0.187500
vt 0.968750 0.125000
vt 0.937500 0.125000
vt 0.843750 0.187500
vt 0.875000 0.187500
vt 0.875000 0.125000
vt 0.906250 0.156250
vt 0.875000 0.250000
vt 0.812500 0.156250
vt 0.812500 0.125000
vt 0.750000 0.156250
vt 0.781250 0.156250
vt 0.750000 0.250000
vt 0.812500 0.187500
vt 0.812500 0.062500
vt 0.750000 0.062500
vt 0.968750 0.031250
vt 0.937500 0.062500
vt 0.875000 0.062500
vt 0.562500 0.125000
vt 0.593750 0.156250
vt 0.718750 0.187500
vt 0.500000 0.125000
vt 0.500000 0.250000
vt 0.500000 0.218750
vt 0.562500 0.062500
vt 0.500000 0.031250
vt 0.500000 0.093750
vt 0.687500 0.062500
vt 0.625000 0.062500
vt 0.562500 0.375000
vt 0.500000 0.406250
vt 0.500000 0.375000
vt 0.500000 0.500000
vt 0.500000 0.468750
vt 0.562500 0.312500
vt 0.562500 0.250000
vt 0.500000 0.312500
vt 0.500000 0.281250
vt 0.500000 0.343750
vt 0.687500 0.312500
vt 0.687500 0.250000
vt 0.625000 0.312500
vt 0.812500 0.437500
vt 0.812500 0.375000
vt 0.812500 0.312500
vt 0.812500 0.250000
vt 0.750000 0.312500
vt 0.937500 0.312500
vt 0.937500 0.250000
vt 1.000000 0.250000
vt 0.875000 0.312500
vt 1.000000 0.312500
vt 0.812500 0.500000
vt 0.968750 0.187500
vt 1.000000 0.187500
vt 0.937500 0.500000
vt 0.843750 0.000000
vt 0.812500 0.000000
vt 0.875000 0.000000
vt 0.781250 0.000000
vt 0.750000 0.000000
vt 0.968750 0.000000
vt 0.937500 0.000000
vt 1.000000 0.000000
vt 0.906250 0.000000
vt 0.593750 0.000000
vt 0.562500 0.000000
vt 0.625000 0.000000
vt 0.531250 0.000000
vt 0.500000 0.000000
vt 0.718750 0.000000
vt 0.687500 0.000000
vt 0.656250 0.000000
vt 1.000000 0.031250
vt 1.000000 0.093750
vt 1.000000 0.125000
vt 1.000000 0.062500
vt 0.250000 0.984375
vt 0.234375 0.984375
vt 0.250000 0.734375
vt 0.234375 0.750000
vt 0.234375 0.734375
vt 0.500000 0.734375
vt 0.484375 0.750000
vt 0.484375 0.734375
vt 0.109375 0.562500
vt 0.093750 0.578125
vt 0.093750 0.562500
vt 0.109375 0.578125
vt 0.093750 0.593750
vt 0.500000 0.609375
vt 0.484375 0.625000
vt 0.484375 0.609375
vt 0.125000 0.812500
vt 0.140625 0.812500
vt 0.234375 0.531250
vt 0.234375 0.546875
vt 0.250000 0.609375
vt 0.234375 0.625000
vt 0.234375 0.609375
vt 0.125000 0.984375
vt 0.109375 0.984375
vt 0.125000 0.859375
vt 0.109375 0.875000
vt 0.109375 0.859375
vt 0.265625 0.875000
vt 0.265625 0.890625
vt 0.375000 0.984375
vt 0.359375 0.984375
vt 0.390625 0.828125
vt 0.375000 0.828125
vt 0.500000 0.859375
vt 0.484375 0.875000
vt 0.484375 0.859375
vt 0.406250 0.890625
vt 0.421875 0.890625
vt 0.437500 0.796875
vt 0.421875 0.812500
vt 0.421875 0.796875
vt 0.500000 0.796875
vt 0.484375 0.812500
vt 0.484375 0.796875
vt 0.312500 0.859375
vt 0.296875 0.875000
vt 0.296875 0.859375
vt 0.312500 0.796875
vt 0.296875 0.812500
vt 0.296875 0.796875
vt 0.375000 0.796875
vt 0.359375 0.812500
vt 0.359375 0.796875
vt 0.312500 0.984375
vt 0.296875 0.984375
vt 0.312500 0.921875
vt 0.296875 0.937500
vt 0.296875 0.921875
vt 0.375000 0.921875
vt 0.359375 0.937500
vt 0.359375 0.921875
vt 0.187500 0.859375
vt 0.171875 0.875000
vt 0.171875 0.859375
vt 0.187500 0.796875
vt 0.171875 0.812500
vt 0.171875 0.796875
vt 0.250000 0.796875
vt 0.234375 0.812500
vt 0.234375 0.796875
vt 0.062500 0.859375
vt 0.046875 0.875000
vt 0.046875 0.859375
vt 0.062500 0.796875
vt 0.046875 0.812500
vt 0.046875 0.796875
vt 0.109375 0.828125
vt 0.125000 0.828125
vt 0.062500 0.984375
vt 0.046875 1.000000
vt 0.046875 0.984375
vt 0.078125 0.921875
vt 0.078125 0.937500
vt 0.125000 0.906250
vt 0.125000 0.921875
vt 0.187500 0.609375
vt 0.171875 0.625000
vt 0.171875 0.609375
vt 0.187500 0.546875
vt 0.171875 0.562500
vt 0.171875 0.546875
vt 0.250000 0.546875
vt 0.234375 0.562500
vt 0.062500 0.609375
vt 0.046875 0.625000
vt 0.046875 0.609375
vt 0.062500 0.546875
vt 0.046875 0.562500
vt 0.046875 0.546875
vt 0.140625 0.796875
vt 0.125000 0.796875
vt 0.062500 0.671875
vt 0.046875 0.687500
vt 0.046875 0.671875
vt 0.125000 0.671875
vt 0.109375 0.687500
vt 0.109375 0.671875
vt 0.125000 0.578125
vt 0.109375 0.593750
vt 0.437500 0.546875
vt 0.421875 0.562500
vt 0.421875 0.546875
vt 0.500000 0.546875
vt 0.484375 0.562500
vt 0.484375 0.546875
vt 0.078125 0.593750
vt 0.078125 0.578125
vt 0.312500 0.546875
vt 0.296875 0.562500
vt 0.296875 0.546875
vt 0.375000 0.546875
vt 0.359375 0.562500
vt 0.359375 0.546875
vt 0.093750 0.609375
vt 0.078125 0.625000
vt 0.078125 0.609375
vt 0.156250 0.578125
vt 0.140625 0.593750
vt 0.140625 0.578125
vt 0.156250 0.609375
vt 0.140625 0.625000
vt 0.140625 0.609375
vt 0.156250 0.546875
vt 0.140625 0.562500
vt 0.140625 0.546875
vt 0.062500 0.578125
vt 0.046875 0.593750
vt 0.046875 0.578125
vt 0.500000 0.671875
vt 0.484375 0.687500
vt 0.484375 0.671875
vt 0.187500 0.734375
vt 0.171875 0.750000
vt 0.171875 0.734375
vt 0.171875 0.656250
vt 0.171875 0.671875
vt 0.250000 0.671875
vt 0.234375 0.687500
vt 0.234375 0.671875
vt 0.187500 0.984375
vt 0.171875 0.984375
vt 0.187500 0.921875
vt 0.171875 0.937500
vt 0.171875 0.921875
vt 0.250000 0.921875
vt 0.234375 0.937500
vt 0.234375 0.921875
vt 0.437500 0.984375
vt 0.421875 0.984375
vt 0.437500 0.921875
vt 0.421875 0.937500
vt 0.421875 0.921875
vt 0.500000 0.921875
vt 0.484375 0.937500
vt 0.484375 0.921875
vt 0.468750 0.921875
vt 0.453125 0.937500
vt 0.453125 0.921875
vt 0.468750 0.890625
vt 0.453125 0.906250
vt 0.453125 0.890625
vt 0.500000 0.890625
vt 0.484375 0.906250
vt 0.484375 0.890625
vt 0.406250 0.921875
vt 0.390625 0.937500
vt 0.390625 0.921875
vt 0.390625 0.906250
vt 0.406250 0.906250
vt 0.437500 0.890625
vt 0.421875 0.906250
vt 0.406250 0.984375
vt 0.390625 0.984375
vt 0.406250 0.953125
vt 0.390625 0.968750
vt 0.390625 0.953125
vt 0.437500 0.953125
vt 0.421875 0.968750
vt 0.421875 0.953125
vt 0.218750 0.921875
vt 0.203125 0.937500
vt 0.203125 0.921875
vt 0.218750 0.890625
vt 0.203125 0.906250
vt 0.203125 0.890625
vt 0.250000 0.890625
vt 0.250000 0.906250
vt 0.156250 0.875000
vt 0.140625 0.875000
vt 0.156250 0.859375
vt 0.156250 0.921875
vt 0.156250 0.937500
vt 0.156250 0.984375
vt 0.140625 1.000000
vt 0.140625 0.984375
vt 0.156250 0.953125
vt 0.140625 0.968750
vt 0.140625 0.953125
vt 0.187500 0.953125
vt 0.171875 0.968750
vt 0.171875 0.953125
vt 0.218750 0.671875
vt 0.203125 0.687500
vt 0.203125 0.671875
vt 0.218750 0.640625
vt 0.203125 0.656250
vt 0.203125 0.640625
vt 0.250000 0.640625
vt 0.234375 0.656250
vt 0.234375 0.640625
vt 0.156250 0.671875
vt 0.140625 0.687500
vt 0.140625 0.671875
vt 0.156250 0.640625
vt 0.140625 0.656250
vt 0.140625 0.640625
vt 0.187500 0.640625
vt 0.171875 0.640625
vt 0.156250 0.734375
vt 0.140625 0.750000
vt 0.140625 0.734375
vt 0.156250 0.703125
vt 0.140625 0.718750
vt 0.140625 0.703125
vt 0.187500 0.703125
vt 0.171875 0.718750
vt 0.171875 0.703125
vt 0.468750 0.671875
vt 0.453125 0.687500
vt 0.453125 0.671875
vt 0.468750 0.640625
vt 0.453125 0.656250
vt 0.453125 0.640625
vt 0.500000 0.640625
vt 0.484375 0.656250
vt 0.484375 0.640625
vt 0.093750 0.546875
vt 0.078125 0.562500
vt 0.078125 0.546875
vt 0.125000 0.546875
vt 0.109375 0.546875
vt 0.125000 0.609375
vt 0.109375 0.625000
vt 0.109375 0.609375
vt 0.406250 0.828125
vt 0.359375 0.875000
vt 0.375000 0.843750
vt 0.406250 0.843750
vt 0.343750 0.859375
vt 0.281250 0.671875
vt 0.265625 0.687500
vt 0.265625 0.671875
vt 0.281250 0.640625
vt 0.265625 0.656250
vt 0.265625 0.640625
vt 0.359375 0.859375
vt 0.359375 0.843750
vt 0.281250 0.734375
vt 0.265625 0.750000
vt 0.265625 0.734375
vt 0.281250 0.703125
vt 0.265625 0.718750
vt 0.265625 0.703125
vt 0.343750 0.546875
vt 0.328125 0.562500
vt 0.328125 0.546875
vt 0.343750 0.515625
vt 0.328125 0.531250
vt 0.328125 0.515625
vt 0.375000 0.515625
vt 0.359375 0.531250
vt 0.359375 0.515625
vt 0.281250 0.546875
vt 0.265625 0.562500
vt 0.265625 0.546875
vt 0.281250 0.515625
vt 0.265625 0.531250
vt 0.265625 0.515625
vt 0.312500 0.515625
vt 0.296875 0.531250
vt 0.296875 0.515625
vt 0.281250 0.609375
vt 0.265625 0.625000
vt 0.265625 0.609375
vt 0.281250 0.578125
vt 0.265625 0.593750
vt 0.265625 0.578125
vt 0.421875 0.843750
vt 0.406250 0.859375
vt 0.468750 0.546875
vt 0.453125 0.562500
vt 0.453125 0.546875
vt 0.468750 0.515625
vt 0.453125 0.531250
vt 0.453125 0.515625
vt 0.500000 0.515625
vt 0.484375 0.531250
vt 0.484375 0.515625
vt 0.406250 0.546875
vt 0.390625 0.562500
vt 0.390625 0.546875
vt 0.406250 0.515625
vt 0.390625 0.531250
vt 0.390625 0.515625
vt 0.437500 0.515625
vt 0.421875 0.531250
vt 0.421875 0.515625
vt 0.421875 0.859375
vt 0.390625 0.890625
vt 0.390625 0.875000
vt 0.375000 0.890625
vt 0.093750 0.671875
vt 0.078125 0.687500
vt 0.078125 0.671875
vt 0.093750 0.640625
vt 0.078125 0.656250
vt 0.078125 0.640625
vt 0.125000 0.640625
vt 0.109375 0.656250
vt 0.109375 0.640625
vt 0.031250 0.671875
vt 0.015625 0.687500
vt 0.015625 0.671875
vt 0.031250 0.640625
vt 0.015625 0.656250
vt 0.015625 0.640625
vt 0.062500 0.640625
vt 0.046875 0.656250
vt 0.046875 0.640625
vt 0.031250 0.734375
vt 0.015625 0.750000
vt 0.015625 0.734375
vt 0.031250 0.703125
vt 0.015625 0.718750
vt 0.015625 0.703125
vt 0.109375 0.796875
vt 0.093750 0.812500
vt 0.093750 0.796875
vt 0.218750 0.546875
vt 0.218750 0.531250
vt 0.093750 0.515625
vt 0.078125 0.531250
vt 0.078125 0.515625
vt 0.125000 0.515625
vt 0.109375 0.531250
vt 0.109375 0.515625
vt 0.031250 0.546875
vt 0.015625 0.562500
vt 0.015625 0.546875
vt 0.031250 0.515625
vt 0.015625 0.531250
vt 0.015625 0.515625
vt 0.062500 0.515625
vt 0.046875 0.531250
vt 0.046875 0.515625
vt 0.031250 0.609375
vt 0.015625 0.625000
vt 0.015625 0.609375
vt 0.031250 0.578125
vt 0.015625 0.593750
vt 0.015625 0.578125
vt 0.203125 0.562500
vt 0.203125 0.546875
vt 0.218750 0.515625
vt 0.203125 0.531250
vt 0.203125 0.515625
vt 0.250000 0.515625
vt 0.234375 0.515625
vt 0.171875 0.687500
vt 0.187500 0.687500
vt 0.125000 0.531250
vt 0.187500 0.515625
vt 0.171875 0.531250
vt 0.171875 0.515625
vt 0.187500 0.671875
vt 0.187500 0.578125
vt 0.171875 0.593750
vt 0.171875 0.578125
vt 0.093750 0.921875
vt 0.093750 0.890625
vt 0.078125 0.906250
vt 0.078125 0.890625
vt 0.125000 0.890625
vt 0.109375 0.906250
vt 0.109375 0.890625
vt 0.031250 0.921875
vt 0.015625 0.937500
vt 0.015625 0.921875
vt 0.031250 0.890625
vt 0.015625 0.906250
vt 0.015625 0.890625
vt 0.031250 0.906250
vt 0.031250 0.984375
vt 0.015625 0.984375
vt 0.031250 0.953125
vt 0.015625 0.968750
vt 0.015625 0.953125
vt 0.062500 0.953125
vt 0.046875 0.968750
vt 0.046875 0.953125
vt 0.078125 0.812500
vt 0.078125 0.796875
vt 0.093750 0.765625
vt 0.078125 0.781250
vt 0.078125 0.765625
vt 0.125000 0.765625
vt 0.109375 0.781250
vt 0.109375 0.765625
vt 0.031250 0.796875
vt 0.015625 0.812500
vt 0.015625 0.796875
vt 0.031250 0.765625
vt 0.015625 0.781250
vt 0.015625 0.765625
vt 0.062500 0.765625
vt 0.046875 0.781250
vt 0.046875 0.765625
vt 0.031250 0.859375
vt 0.015625 0.875000
vt 0.015625 0.859375
vt 0.031250 0.828125
vt 0.015625 0.843750
vt 0.015625 0.828125
vt 0.062500 0.828125
vt 0.046875 0.843750
vt 0.046875 0.828125
vt 0.218750 0.796875
vt 0.203125 0.812500
vt 0.203125 0.796875
vt 0.218750 0.765625
vt 0.203125 0.781250
vt 0.203125 0.765625
vt 0.250000 0.765625
vt 0.234375 0.781250
vt 0.234375 0.765625
vt 0.156250 0.796875
vt 0.156250 0.765625
vt 0.140625 0.781250
vt 0.140625 0.765625
vt 0.187500 0.765625
vt 0.171875 0.781250
vt 0.171875 0.765625
vt 0.140625 0.859375
vt 0.156250 0.828125
vt 0.140625 0.843750
vt 0.140625 0.828125
vt 0.187500 0.828125
vt 0.171875 0.843750
vt 0.171875 0.828125
vt 0.343750 0.921875
vt 0.328125 0.937500
vt 0.328125 0.921875
vt 0.343750 0.890625
vt 0.328125 0.906250
vt 0.328125 0.890625
vt 0.359375 0.906250
vt 0.359375 0.890625
vt 0.281250 0.921875
vt 0.265625 0.937500
vt 0.265625 0.921875
vt 0.281250 0.890625
vt 0.265625 0.906250
vt 0.312500 0.890625
vt 0.296875 0.906250
vt 0.296875 0.890625
vt 0.281250 0.984375
vt 0.265625 0.984375
vt 0.281250 0.953125
vt 0.265625 0.968750
vt 0.265625 0.953125
vt 0.312500 0.953125
vt 0.296875 0.968750
vt 0.296875 0.953125
vt 0.343750 0.796875
vt 0.328125 0.812500
vt 0.328125 0.796875
vt 0.343750 0.765625
vt 0.328125 0.781250
vt 0.328125 0.765625
vt 0.375000 0.765625
vt 0.359375 0.781250
vt 0.359375 0.765625
vt 0.281250 0.796875
vt 0.265625 0.812500
vt 0.265625 0.796875
vt 0.281250 0.765625
vt 0.265625 0.781250
vt 0.265625 0.765625
vt 0.312500 0.765625
vt 0.296875 0.781250
vt 0.296875 0.765625
vt 0.281250 0.859375
vt 0.265625 0.859375
vt 0.281250 0.828125
vt 0.265625 0.843750
vt 0.265625 0.828125
vt 0.312500 0.828125
vt 0.296875 0.843750
vt 0.296875 0.828125
vt 0.468750 0.796875
vt 0.453125 0.812500
vt 0.453125 0.796875
vt 0.468750 0.765625
vt 0.453125 0.781250
vt 0.453125 0.765625
vt 0.500000 0.765625
vt 0.484375 0.781250
vt 0.484375 0.765625
vt 0.406250 0.796875
vt 0.390625 0.812500
vt 0.390625 0.796875
vt 0.406250 0.765625
vt 0.390625 0.781250
vt 0.390625 0.765625
vt 0.437500 0.765625
vt 0.421875 0.781250
vt 0.421875 0.765625
vt 0.421875 0.875000
vt 0.437500 0.828125
vt 0.421875 0.828125
vt 0.468750 0.859375
vt 0.453125 0.875000
vt 0.453125 0.859375
vt 0.468750 0.828125
vt 0.453125 0.843750
vt 0.453125 0.828125
vt 0.500000 0.828125
vt 0.484375 0.843750
vt 0.484375 0.828125
vt 0.328125 0.875000
vt 0.328125 0.859375
vt 0.343750 0.828125
vt 0.328125 0.843750
vt 0.328125 0.828125
vt 0.359375 0.828125
vt 0.343750 0.984375
vt 0.328125 0.984375
vt 0.343750 0.953125
vt 0.328125 0.968750
vt 0.328125 0.953125
vt 0.375000 0.953125
vt 0.359375 0.968750
vt 0.359375 0.953125
vt 0.218750 0.859375
vt 0.203125 0.875000
vt 0.203125 0.859375
vt 0.218750 0.828125
vt 0.203125 0.843750
vt 0.203125 0.828125
vt 0.250000 0.828125
vt 0.234375 0.843750
vt 0.234375 0.828125
vt 0.093750 0.859375
vt 0.078125 0.875000
vt 0.078125 0.859375
vt 0.093750 0.828125
vt 0.078125 0.843750
vt 0.078125 0.828125
vt 0.109375 0.843750
vt 0.093750 0.984375
vt 0.078125 0.984375
vt 0.093750 0.953125
vt 0.078125 0.968750
vt 0.078125 0.953125
vt 0.125000 0.953125
vt 0.109375 0.968750
vt 0.109375 0.953125
vt 0.218750 0.609375
vt 0.203125 0.625000
vt 0.203125 0.609375
vt 0.218750 0.578125
vt 0.203125 0.593750
vt 0.203125 0.578125
vt 0.250000 0.578125
vt 0.234375 0.593750
vt 0.234375 0.578125
vt 0.187500 0.656250
vt 0.109375 0.812500
vt 0.468750 0.609375
vt 0.453125 0.625000
vt 0.453125 0.609375
vt 0.468750 0.578125
vt 0.453125 0.593750
vt 0.453125 0.578125
vt 0.500000 0.578125
vt 0.484375 0.593750
vt 0.484375 0.578125
vt 0.390625 0.859375
vt 0.390625 0.843750
vt 0.375000 0.859375
vt 0.468750 0.734375
vt 0.453125 0.750000
vt 0.453125 0.734375
vt 0.468750 0.703125
vt 0.453125 0.718750
vt 0.453125 0.703125
vt 0.500000 0.703125
vt 0.484375 0.718750
vt 0.484375 0.703125
vt 0.218750 0.734375
vt 0.203125 0.750000
vt 0.203125 0.734375
vt 0.218750 0.703125
vt 0.203125 0.718750
vt 0.203125 0.703125
vt 0.250000 0.703125
vt 0.234375 0.718750
vt 0.234375 0.703125
vt 0.218750 0.984375
vt 0.203125 0.984375
vt 0.218750 0.953125
vt 0.203125 0.968750
vt 0.203125 0.953125
vt 0.250000 0.953125
vt 0.234375 0.968750
vt 0.234375 0.953125
vt 0.468750 0.984375
vt 0.453125 0.984375
vt 0.468750 0.953125
vt 0.453125 0.968750
vt 0.453125 0.953125
vt 0.500000 0.953125
vt 0.484375 0.968750
vt 0.484375 0.953125
vt 0.468750 0.968750
vt 0.468750 0.937500
vt 0.500000 0.937500
vt 0.437500 0.968750
vt 0.437500 0.937500
vt 0.437500 1.000000
vt 0.218750 0.968750
vt 0.218750 0.937500
vt 0.250000 0.937500
vt 0.187500 0.968750
vt 0.187500 0.937500
vt 0.187500 1.000000
vt 0.218750 0.718750
vt 0.218750 0.687500
vt 0.250000 0.687500
vt 0.187500 0.718750
vt 0.468750 0.718750
vt 0.468750 0.687500
vt 0.500000 0.687500
vt 0.437500 0.859375
vt 0.328125 0.750000
vt 0.328125 0.750000
vt 0.281250 0.718750
vt 0.390625 0.750000
vt 0.281250 0.593750
vt 0.468750 0.593750
vt 0.296875 0.750000
vt 0.281250 0.625000
vt 0.359375 0.750000
vt 0.406250 0.562500
vt 0.046875 0.703125
vt 0.062500 0.687500
vt 0.125000 0.687500
vt 0.031250 0.718750
vt 0.156250 0.562500
vt 0.062500 0.625000
vt 0.156250 0.593750
vt 0.218750 0.593750
vt 0.250000 0.562500
vt 0.187500 0.593750
vt 0.187500 0.625000
vt 0.093750 0.968750
vt 0.109375 0.937500
vt 0.093750 0.937500
vt 0.125000 0.937500
vt 0.062500 0.968750
vt 0.062500 0.937500
vt 0.062500 1.000000
vt 0.093750 0.843750
vt 0.062500 0.843750
vt 0.062500 0.812500
vt 0.218750 0.843750
vt 0.218750 0.812500
vt 0.250000 0.812500
vt 0.187500 0.843750
vt 0.187500 0.812500
vt 0.343750 0.968750
vt 0.343750 0.937500
vt 0.375000 0.937500
vt 0.312500 0.968750
vt 0.312500 0.937500
vt 0.312500 1.000000
vt 0.343750 0.843750
vt 0.343750 0.812500
vt 0.375000 0.812500
vt 0.312500 0.843750
vt 0.312500 0.812500
vt 0.468750 0.843750
vt 0.500000 0.812500
vt 0.437500 0.843750
vt 0.437500 0.812500
vt 0.406250 0.812500
vt 0.406250 0.781250
vt 0.421875 0.750000
vt 0.375000 0.781250
vt 0.468750 0.781250
vt 0.437500 0.781250
vt 0.281250 0.843750
vt 0.281250 0.812500
vt 0.250000 0.843750
vt 0.250000 0.875000
vt 0.250000 0.859375
vt 0.281250 0.781250
vt 0.250000 0.781250
vt 0.343750 0.781250
vt 0.312500 0.781250
vt 0.281250 0.968750
vt 0.281250 0.937500
vt 0.250000 0.968750
vt 0.250000 1.000000
vt 0.281250 0.906250
vt 0.234375 0.875000
vt 0.343750 0.906250
vt 0.312500 0.906250
vt 0.156250 0.843750
vt 0.156250 0.812500
vt 0.125000 0.843750
vt 0.156250 0.781250
vt 0.156250 0.750000
vt 0.125000 0.781250
vt 0.218750 0.781250
vt 0.187500 0.781250
vt 0.031250 0.843750
vt 0.031250 0.812500
vt 0.000000 0.843750
vt 0.000000 0.828125
vt 0.000000 0.812500
vt 0.000000 0.875000
vt 0.000000 0.859375
vt 0.031250 0.781250
vt 0.125000 0.718750
vt 0.125000 0.734375
vt 0.000000 0.781250
vt 0.000000 0.765625
vt 0.000000 0.750000
vt 0.000000 0.796875
vt 0.093750 0.781250
vt 0.125000 0.703125
vt 0.062500 0.781250
vt 0.031250 0.968750
vt 0.046875 0.937500
vt 0.031250 0.937500
vt 0.000000 0.968750
vt 0.000000 0.953125
vt 0.000000 0.937500
vt 0.000000 1.000000
vt 0.000000 0.984375
vt 0.031250 0.875000
vt 0.000000 0.906250
vt 0.000000 0.890625
vt 0.000000 0.921875
vt 0.093750 0.906250
vt 0.046875 0.890625
vt 0.156250 0.531250
vt 0.156250 0.515625
vt 0.171875 0.500000
vt 0.156250 0.500000
vt 0.187500 0.500000
vt 0.140625 0.500000
vt 0.125000 0.500000
vt 0.140625 0.531250
vt 0.234375 0.500000
vt 0.250000 0.500000
vt 0.187500 0.531250
vt 0.031250 0.593750
vt 0.031250 0.562500
vt 0.000000 0.593750
vt 0.000000 0.578125
vt 0.000000 0.625000
vt 0.000000 0.609375
vt 0.031250 0.531250
vt 0.046875 0.500000
vt 0.031250 0.500000
vt 0.062500 0.500000
vt 0.000000 0.531250
vt 0.000000 0.515625
vt 0.015625 0.500000
vt 0.000000 0.546875
vt 0.093750 0.531250
vt 0.109375 0.500000
vt 0.093750 0.500000
vt 0.062500 0.531250
vt 0.078125 0.500000
vt 0.093750 0.687500
vt 0.031250 0.687500
vt 0.000000 0.718750
vt 0.000000 0.703125
vt 0.000000 0.687500
vt 0.000000 0.734375
vt 0.031250 0.656250
vt 0.031250 0.625000
vt 0.000000 0.656250
vt 0.000000 0.640625
vt 0.000000 0.671875
vt 0.093750 0.656250
vt 0.062500 0.656250
vt 0.281250 0.656250
vt 0.281250 0.687500
vt 0.406250 0.531250
vt 0.421875 0.500000
vt 0.406250 0.500000
vt 0.437500 0.500000
vt 0.375000 0.531250
vt 0.390625 0.500000
vt 0.375000 0.500000
vt 0.468750 0.531250
vt 0.484375 0.500000
vt 0.468750 0.500000
vt 0.437500 0.531250
vt 0.453125 0.500000
vt 0.250000 0.593750
vt 0.250000 0.625000
vt 0.281250 0.531250
vt 0.296875 0.500000
vt 0.281250 0.500000
vt 0.312500 0.500000
vt 0.250000 0.531250
vt 0.265625 0.500000
vt 0.343750 0.531250
vt 0.359375 0.500000
vt 0.343750 0.500000
vt 0.312500 0.531250
vt 0.328125 0.500000
vt 0.453125 0.687500
vt 0.250000 0.718750
vt 0.250000 0.656250
vt 0.468750 0.656250
vt 0.468750 0.625000
vt 0.156250 0.718750
vt 0.156250 0.687500
vt 0.156250 0.656250
vt 0.125000 0.656250
vt 0.218750 0.656250
vt 0.218750 0.625000
vt 0.156250 0.968750
vt 0.125000 0.968750
vt 0.140625 0.937500
vt 0.109375 0.921875
vt 0.125000 1.000000
vt 0.171875 0.906250
vt 0.187500 0.906250
vt 0.140625 0.890625
vt 0.187500 0.890625
vt 0.140625 0.906250
vt 0.218750 0.906250
vt 0.234375 0.906250
vt 0.406250 0.968750
vt 0.406250 0.937500
vt 0.375000 0.968750
vt 0.375000 1.000000
vt 0.375000 0.906250
vt 0.468750 0.906250
vt 0.437500 0.906250
vt 0.500000 0.906250
vt 0.406250 1.000000
vt 0.156250 1.000000
vt 0.500000 0.656250
vt 0.500000 0.531250
vt 0.031250 1.000000
vt 0.281250 1.000000
vt 0.500000 0.781250
vt 0.500000 0.843750
vt 0.343750 1.000000
vt 0.234375 0.859375
vt 0.093750 1.000000
vt 0.500000 0.593750
vt 0.500000 0.718750
vt 0.218750 1.000000
vt 0.468750 1.000000
vt 0.500000 0.968750
vt 0.375000 0.734375
vt 0.359375 0.734375
vt 0.375000 0.609375
vt 0.359375 0.625000
vt 0.359375 0.609375
vt 0.437500 0.609375
vt 0.421875 0.625000
vt 0.421875 0.609375
vt 0.312500 0.609375
vt 0.296875 0.625000
vt 0.296875 0.609375
vt 0.312500 0.734375
vt 0.296875 0.734375
vt 0.312500 0.671875
vt 0.296875 0.687500
vt 0.296875 0.671875
vt 0.375000 0.671875
vt 0.359375 0.687500
vt 0.359375 0.671875
vt 0.437500 0.734375
vt 0.421875 0.734375
vt 0.437500 0.671875
vt 0.421875 0.687500
vt 0.421875 0.671875
vt 0.406250 0.671875
vt 0.390625 0.687500
vt 0.390625 0.671875
vt 0.406250 0.640625
vt 0.390625 0.656250
vt 0.390625 0.640625
vt 0.437500 0.640625
vt 0.421875 0.656250
vt 0.421875 0.640625
vt 0.406250 0.734375
vt 0.390625 0.734375
vt 0.406250 0.703125
vt 0.390625 0.718750
vt 0.390625 0.703125
vt 0.437500 0.703125
vt 0.421875 0.718750
vt 0.421875 0.703125
vt 0.343750 0.671875
vt 0.328125 0.687500
vt 0.328125 0.671875
vt 0.343750 0.640625
vt 0.328125 0.656250
vt 0.328125 0.640625
vt 0.375000 0.640625
vt 0.359375 0.656250
vt 0.359375 0.640625
vt 0.312500 0.640625
vt 0.296875 0.656250
vt 0.296875 0.640625
vt 0.312500 0.703125
vt 0.296875 0.718750
vt 0.296875 0.703125
vt 0.312500 0.578125
vt 0.296875 0.593750
vt 0.296875 0.578125
vt 0.406250 0.609375
vt 0.390625 0.625000
vt 0.390625 0.609375
vt 0.406250 0.578125
vt 0.390625 0.593750
vt 0.390625 0.578125
vt 0.437500 0.578125
vt 0.421875 0.593750
vt 0.421875 0.578125
vt 0.343750 0.609375
vt 0.328125 0.625000
vt 0.328125 0.609375
vt 0.343750 0.578125
vt 0.328125 0.593750
vt 0.328125 0.578125
vt 0.375000 0.578125
vt 0.359375 0.593750
vt 0.359375 0.578125
vt 0.343750 0.734375
vt 0.328125 0.734375
vt 0.343750 0.703125
vt 0.328125 0.718750
vt 0.328125 0.703125
vt 0.375000 0.703125
vt 0.359375 0.718750
vt 0.359375 0.703125
vt 0.437500 0.718750
vt 0.437500 0.687500
vt 0.343750 0.718750
vt 0.343750 0.687500
vt 0.375000 0.687500
vt 0.312500 0.718750
vt 0.312500 0.687500
vt 0.343750 0.593750
vt 0.312500 0.593750
vt 0.312500 0.625000
vt 0.437500 0.593750
vt 0.437500 0.625000
vt 0.406250 0.593750
vt 0.375000 0.593750
vt 0.375000 0.625000
vt 0.343750 0.656250
vt 0.343750 0.625000
vt 0.312500 0.656250
vt 0.406250 0.718750
vt 0.406250 0.687500
vt 0.375000 0.718750
vt 0.406250 0.656250
vt 0.406250 0.625000
vt 0.375000 0.656250
vt 0.437500 0.656250
vt 0.125000 0.562500
vt 0.062500 0.593750
vt 0.125000 0.593750
vt 0.125000 0.625000
vt 0.093750 0.625000
vt 0.156250 0.625000
vt 0.140625 0.515625
vt 0.062500 0.921875
vt 0.046875 0.921875
vt 0.062500 0.890625
vt 0.046875 0.906250
vt 0.062500 0.906250
vt 0.234375 0.890625
vt 0.140625 0.921875
vt 0.156250 0.890625
vt 0.171875 0.890625
vt 0.156250 0.906250
vt 0.109375 0.750000
vt 0.109375 0.734375
vt 0.062500 0.734375
vt 0.046875 0.750000
vt 0.046875 0.734375
vt 0.062500 0.703125
vt 0.046875 0.718750
vt 0.093750 0.734375
vt 0.078125 0.750000
vt 0.078125 0.734375
vt 0.093750 0.703125
vt 0.078125 0.718750
vt 0.078125 0.703125
vt 0.109375 0.718750
vt 0.109375 0.703125
vt 0.093750 0.718750
vt 0.062500 0.718750
vt 0.062500 0.750000
vt 0.093750 0.750000
vt 0.500000 1.000000
s 0
f 1545/1664/1291 1555/1665/1291 1546/1666/1291
f 1828/1667/1292 1593/1668/1292 1548/1669/1292
f 1546/1666/1293 1556/1670/1293 1547/1671/1293
f 1828/1667/1294 1549/1672/1294 1829/1673/1294
f 1543/1674/1295 1549/1672/1295 1550/1675/1295
f 1543/1674/1296 1551/1676/1296 1830/1677/1296
f 1830/1677/1297 1552/1678/1297 1544/1679/1297
f 1544/1679/1298 1553/1680/1298 1831/1681/1298
f 1831/1681/1299 1554/1682/1299 1545/1664/1299
f 1553/1680/1300 1563/1683/1300 1554/1682/1300
f 1554/1682/1301 1564/1684/1301 1555/1665/1301
f 1548/1669/1302 1593/1685/1302 1557/1686/1302
f 1555/1665/1303 1565/1687/1303 1556/1670/1303
f 1548/1669/1304 1558/1688/1304 1549/1672/1304
f 1550/1675/1305 1558/1688/1305 1559/1689/1305
f 1550/1675/1306 1560/1690/1306 1551/1676/1306
f 1551/1676/1307 1561/1691/1307 1552/1678/1307
f 1552/1678/1308 1562/1692/1308 1553/1680/1308
f 1558/1688/1309 1568/1693/1309 1559/1689/1309
f 1559/1689/1310 1569/1694/1310 1560/1690/1310
f 1560/1690/1311 1570/1695/1311 1561/1691/1311
f 1561/1691/1312 1571/1696/1312 1562/1692/1312
f 1562/1692/1313 1572/1697/1313 1563/1683/1313
f 1563/1683/1314 1573/1698/1314 1564/1684/1314
f 1557/1686/1315 1593/1699/1315 1566/1700/1315
f 1564/1684/1316 1574/1701/1316 1565/1687/1316
f 1557/1686/1317 1567/1702/1317 1558/1688/1317
f 1571/1696/1318 1581/1703/1318 1572/1697/1318
f 1572/1697/1319 1582/1704/1319 1573/1698/1319
f 1566/1700/1320 1593/1705/1320 1575/1706/1320
f 1573/1698/1321 1583/1707/1321 1574/1701/1321
f 1566/1700/1322 1576/1708/1322 1567/1702/1322
f 1567/1702/1323 1577/1709/1323 1568/1693/1323
f 1568/1693/1324 1578/1710/1324 1569/1694/1324
f 1569/1694/1325 1579/1711/1325 1570/1695/1325
f 1570/1695/1326 1580/1712/1326 1571/1696/1326
f 1577/1709/1327 1587/1713/1327 1578/1710/1327
f 1578/1710/1328 1588/1714/1328 1579/1711/1328
f 1579/1711/1329 1589/1715/1329 1580/1712/1329
f 1581/1703/1330 1589/1715/1330 1590/1716/1330
f 1581/1703/1331 1591/1717/1331 1582/1704/1331
f 1575/1706/1332 1593/1718/1332 1584/1719/1332
f 1582/1704/1333 1592/1720/1333 1583/1707/1333
f 1575/1706/1334 1585/1721/1334 1576/1708/1334
f 1576/1708/1335 1586/1722/1335 1577/1709/1335
f 1590/1716/1336 1601/1723/1336 1591/1717/1336
f 1584/1719/1337 1593/1724/1337 1594/1725/1337
f 1591/1717/1338 1602/1726/1338 1592/1720/1338
f 1584/1719/1339 1595/1727/1339 1585/1721/1339
f 1586/1722/1340 1595/1727/1340 1596/1728/1340
f 1586/1722/1341 1597/1729/1341 1587/1713/1341
f 1587/1713/1342 1598/1730/1342 1588/1714/1342
f 1588/1714/1343 1599/1731/1343 1589/1715/1343
f 1590/1716/1344 1599/1731/1344 1600/1732/1344
f 1597/1729/1345 1607/1733/1345 1598/1730/1345
f 1598/1730/1346 1608/1734/1346 1599/1731/1346
f 1599/1731/1347 1609/1735/1347 1600/1732/1347
f 1600/1732/1348 1610/1736/1348 1601/1723/1348
f 1594/1725/1349 1593/1737/1349 1603/1738/1349
f 1601/1723/1350 1611/1739/1350 1602/1726/1350
f 1594/1725/1351 1604/1740/1351 1595/1727/1351
f 1595/1727/1352 1605/1741/1352 1596/1728/1352
f 1596/1728/1353 1606/1742/1353 1597/1729/1353
f 1603/1738/1354 1593/1743/1354 1612/1744/1354
f 1610/1736/1355 1620/1745/1355 1611/1739/1355
f 1603/1738/1356 1613/1746/1356 1604/1740/1356
f 1604/1740/1357 1614/1747/1357 1605/1741/1357
f 1605/1741/1358 1615/1748/1358 1606/1742/1358
f 1606/1742/1359 1616/1749/1359 1607/1733/1359
f 1607/1733/1360 1617/1750/1360 1608/1734/1360
f 1608/1734/1361 1618/1751/1361 1609/1735/1361
f 1609/1735/1362 1619/1752/1362 1610/1736/1362
f 1615/1748/1363 1625/1753/1363 1616/1749/1363
f 1616/1749/1364 1626/1754/1364 1617/1750/1364
f 1617/1750/1365 1627/1755/1365 1618/1751/1365
f 1618/1751/1366 1628/1756/1366 1619/1752/1366
f 1612/1744/1367 1593/1757/1367 1621/1758/1367
f 1619/1752/1368 1629/1759/1368 1620/1745/1368
f 1612/1744/1369 1622/1760/1369 1613/1746/1369
f 1614/1747/1370 1622/1760/1370 1623/1761/1370
f 1615/1748/1371 1623/1761/1371 1624/1762/1371
f 1628/1756/1372 1638/1763/1372 1629/1759/1372
f 1621/1758/1373 1631/1764/1373 1622/1760/1373
f 1622/1760/1374 1632/1765/1374 1623/1761/1374
f 1624/1762/1375 1632/1765/1375 1633/1766/1375
f 1624/1762/1376 1634/1767/1376 1625/1753/1376
f 1625/1753/1377 1635/1768/1377 1626/1754/1377
f 1626/1754/1378 1636/1769/1378 1627/1755/1378
f 1627/1755/1379 1637/1770/1379 1628/1756/1379
f 1621/1758/1380 1593/1771/1380 1630/1772/1380
f 1634/1767/1381 1644/1773/1381 1635/1768/1381
f 1636/1769/1382 1644/1773/1382 1645/1774/1382
f 1636/1769/1383 1646/1775/1383 1637/1770/1383
f 1630/1772/1384 1593/1776/1384 1639/1777/1384
f 1637/1770/1385 1647/1778/1385 1638/1763/1385
f 1630/1772/1386 1640/1779/1386 1631/1764/1386
f 1631/1764/1387 1641/1780/1387 1632/1765/1387
f 1632/1765/1388 1642/1781/1388 1633/1766/1388
f 1633/1766/1389 1643/1782/1389 1634/1767/1389
f 1639/1777/1390 1649/1783/1390 1640/1779/1390
f 1640/1779/1391 1650/1784/1391 1641/1780/1391
f 1642/1781/1392 1650/1784/1392 1651/1785/1392
f 1642/1781/1393 1652/1786/1393 1643/1782/1393
f 1644/1773/1394 1652/1786/1394 1653/1787/1394
f 1644/1773/1395 1654/1788/1395 1645/1774/1395
f 1645/1774/1396 1655/1789/1396 1646/1775/1396
f 1639/1777/1397 1593/1790/1397 1648/1791/1397
f 1647/1778/1398 1655/1789/1398 1656/1792/1398
f 1652/1786/1399 1662/1793/1399 1653/1787/1399
f 1653/1787/1400 1663/1794/1400 1654/1788/1400
f 1654/1788/1401 1664/1795/1401 1655/1789/1401
f 1648/1791/1402 1593/1796/1402 1657/1797/1402
f 1655/1789/1403 1665/1798/1403 1656/1792/1403
f 1648/1791/1404 1658/1799/1404 1649/1783/1404
f 1650/1784/1405 1658/1799/1405 1659/1800/1405
f 1651/1785/1406 1659/1800/1406 1660/1801/1406
f 1651/1785/1407 1661/1802/1407 1652/1786/1407
f 1658/1799/1408 1668/1803/1408 1659/1800/1408
f 1660/1801/1409 1668/1803/1409 1669/1804/1409
f 1660/1801/1410 1670/1805/1410 1661/1802/1410
f 1661/1802/1411 1671/1806/1411 1662/1793/1411
f 1662/1793/1412 1672/1807/1412 1663/1794/1412
f 1663/1794/1413 1673/1808/1413 1664/1795/1413
f 1657/1797/1414 1593/1809/1414 1666/1810/1414
f 1664/1795/1415 1674/1811/1415 1665/1798/1415
f 1657/1797/1416 1667/1812/1416 1658/1799/1416
f 1672/1807/1417 1680/1813/1417 1681/1814/1417
f 1672/1807/1418 1682/1815/1418 1673/1808/1418
f 1666/1810/1419 1593/1816/1419 1675/1817/1419
f 1673/1808/1420 1683/1818/1420 1674/1811/1420
f 1666/1810/1421 1676/1819/1421 1667/1812/1421
f 1667/1812/1422 1677/1820/1422 1668/1803/1422
f 1669/1804/1423 1677/1820/1423 1678/1821/1423
f 1669/1804/1424 1679/1822/1424 1670/1805/1424
f 1670/1805/1425 1680/1813/1425 1671/1806/1425
f 1678/1821/1426 1686/1823/1426 1687/1824/1426
f 1678/1821/1427 1688/1825/1427 1679/1822/1427
f 1679/1822/1428 1689/1826/1428 1680/1813/1428
f 1681/1814/1429 1689/1826/1429 1690/1827/1429
f 1681/1814/1430 1691/1828/1430 1682/1815/1430
f 1675/1817/1431 1593/1829/1431 1684/1830/1431
f 1682/1815/1432 1692/1831/1432 1683/1818/1432
f 1675/1817/1433 1685/1832/1433 1676/1819/1433
f 1676/1819/1434 1686/1823/1434 1677/1820/1434
f 1690/1827/1435 1700/1833/1435 1691/1828/1435
f 1684/1830/1436 1593/1834/1436 1693/1835/1436
f 1691/1828/1437 1701/1836/1437 1692/1831/1437
f 1684/1830/1438 1694/1837/1438 1685/1832/1438
f 1685/1832/1439 1695/1838/1439 1686/1823/1439
f 1687/1824/1440 1695/1838/1440 1696/1839/1440
f 1687/1824/1441 1697/1840/1441 1688/1825/1441
f 1688/1825/1442 1698/1841/1442 1689/1826/1442
f 1690/1827/1443 1698/1841/1443 1699/1842/1443
f 1695/1838/1444 1705/1843/1444 1696/1839/1444
f 1696/1839/1445 1706/1844/1445 1697/1840/1445
f 1697/1840/1446 1707/1845/1446 1698/1841/1446
f 1698/1841/1447 1708/1846/1447 1699/1842/1447
f 1699/1842/1448 1709/1847/1448 1700/1833/1448
f 1693/1835/1449 1593/1848/1449 1702/1849/1449
f 1700/1833/1450 1710/1850/1450 1701/1836/1450
f 1693/1835/1451 1703/1851/1451 1694/1837/1451
f 1694/1837/1452 1704/1852/1452 1695/1838/1452
f 1708/1846/1453 1718/1853/1453 1709/1847/1453
f 1702/1849/1454 1593/1854/1454 1711/1855/1454
f 1709/1847/1455 1719/1856/1455 1710/1850/1455
f 1702/1849/1456 1712/1857/1456 1703/1851/1456
f 1703/1851/1457 1713/1858/1457 1704/1852/1457
f 1704/1852/1458 1714/1859/1458 1705/1843/1458
f 1705/1843/1459 1715/1860/1459 1706/1844/1459
f 1706/1844/1460 1716/1861/1460 1707/1845/1460
f 1707/1845/1461 1717/1862/1461 1708/1846/1461
f 1714/1859/1462 1724/1863/1462 1715/1860/1462
f 1715/1860/1463 1725/1864/1463 1716/1861/1463
f 1716/1861/1464 1726/1865/1464 1717/1862/1464
f 1717/1862/1465 1727/1866/1465 1718/1853/1465
f 1711/1855/1466 1593/1867/1466 1720/1868/1466
f 1718/1853/1467 1728/1869/1467 1719/1856/1467
f 1711/1855/1468 1721/1870/1468 1712/1857/1468
f 1712/1857/1469 1722/1871/1469 1713/1858/1469
f 1713/1858/1470 1723/1872/1470 1714/1859/1470
f 1720/1868/1471 1593/1873/1471 1729/1874/1471
f 1727/1866/1472 1737/1875/1472 1728/1869/1472
f 1720/1868/1473 1730/1876/1473 1721/1870/1473
f 1721/1870/1474 1731/1877/1474 1722/1871/1474
f 1722/1871/1475 1732/1878/1475 1723/1872/1475
f 1723/1872/1476 1733/1879/1476 1724/1863/1476
f 1724/1863/1477 1734/1880/1477 1725/1864/1477
f 1725/1864/1478 1735/1881/1478 1726/1865/1478
f 1726/1865/1479 1736/1882/1479 1727/1866/1479
f 1732/1878/1480 1742/1883/1480 1733/1879/1480
f 1733/1879/1481 1743/1884/1481 1734/1880/1481
f 1734/1880/1482 1744/1885/1482 1735/1881/1482
f 1735/1881/1483 1745/1886/1483 1736/1882/1483
f 1729/1874/1484 1593/1887/1484 1738/1888/1484
f 1736/1882/1485 1746/1889/1485 1737/1875/1485
f 1729/1874/1486 1739/1890/1486 1730/1876/1486
f 1730/1876/1487 1740/1891/1487 1731/1877/1487
f 1731/1877/1488 1741/1892/1488 1732/1878/1488
f 1745/1886/1489 1755/1893/1489 1746/1889/1489
f 1738/1888/1490 1748/1894/1490 1739/1890/1490
f 1739/1890/1491 1749/1895/1491 1740/1891/1491
f 1740/1891/1492 1750/1896/1492 1741/1892/1492
f 1741/1892/1493 1751/1897/1493 1742/1883/1493
f 1742/1883/1494 1752/1898/1494 1743/1884/1494
f 1743/1884/1495 1753/1899/1495 1744/1885/1495
f 1744/1885/1496 1754/1900/1496 1745/1886/1496
f 1738/1888/1497 1593/1901/1497 1747/1902/1497
f 1751/1897/1498 1761/1903/1498 1752/1898/1498
f 1752/1898/1499 1762/1904/1499 1753/1899/1499
f 1753/1899/1500 1763/1905/1500 1754/1900/1500
f 1747/1902/1501 1593/1906/1501 1756/1907/1501
f 1754/1900/1502 1764/1908/1502 1755/1893/1502
f 1747/1902/1503 1757/1909/1503 1748/1894/1503
f 1749/1895/1504 1757/1909/1504 1758/1910/1504
f 1750/1896/1505 1758/1910/1505 1759/1911/1505
f 1750/1896/1506 1760/1912/1506 1751/1897/1506
f 1758/1913/1507 1766/1914/1507 1767/1915/1507
f 1759/1916/1508 1767/1915/1508 1768/1917/1508
f 1759/1916/1509 1769/1918/1509 1760/1919/1509
f 1760/1919/1510 1770/1920/1510 1761/1921/1510
f 1761/1921/1511 1771/1922/1511 1762/1923/1511
f 1762/1923/1512 1772/1924/1512 1763/1925/1512
f 1756/1926/1513 1593/1927/1513 1765/1928/1513
f 1763/1925/1514 1773/1929/1514 1764/1930/1514
f 1756/1926/1515 1766/1914/1515 1757/1931/1515
f 1770/1920/1516 1780/1932/1516 1771/1922/1516
f 1771/1922/1517 1781/1933/1517 1772/1924/1517
f 1765/1928/1518 1593/1934/1518 1774/1935/1518
f 1772/1924/1519 1782/1936/1519 1773/1929/1519
f 1765/1928/1520 1775/1937/1520 1766/1914/1520
f 1766/1914/1521 1776/1938/1521 1767/1915/1521
f 1767/1915/1522 1777/1939/1522 1768/1917/1522
f 1768/1917/1523 1778/1940/1523 1769/1918/1523
f 1769/1918/1524 1779/1941/1524 1770/1920/1524
f 1775/1937/1525 1785/1942/1525 1776/1938/1525
f 1777/1939/1526 1785/1942/1526 1786/1943/1526
f 1777/1939/1527 1787/1944/1527 1778/1940/1527
f 1778/1940/1528 1788/1945/1528 1779/1941/1528
f 1779/1941/1529 1789/1946/1529 1780/1932/1529
f 1780/1932/1530 1790/1947/1530 1781/1933/1530
f 1774/1935/1531 1593/1948/1531 1783/1949/1531
f 1781/1933/1532 1791/1950/1532 1782/1936/1532
f 1774/1935/1533 1784/1951/1533 1775/1937/1533
f 1788/1945/1534 1798/1952/1534 1789/1946/1534
f 1789/1946/1535 1799/1953/1535 1790/1947/1535
f 1783/1949/1536 1593/1954/1536 1792/1955/1536
f 1790/1947/1537 1800/1956/1537 1791/1950/1537
f 1783/1949/1538 1793/1957/1538 1784/1951/1538
f 1784/1951/1539 1794/1958/1539 1785/1942/1539
f 1785/1942/1540 1795/1959/1540 1786/1943/1540
f 1786/1943/1541 1796/1960/1541 1787/1944/1541
f 1787/1944/1542 1797/1961/1542 1788/1945/1542
f 1796/1960/1543 1806/1962/1543 1797/1961/1543
f 1797/1961/1544 1807/1963/1544 1798/1952/1544
f 1798/1952/1545 1808/1964/1545 1799/1953/1545
f 1799/1953/1546 1809/1965/1546 1800/1956/1546
f 1792/1955/1547 1593/1966/1547 1801/1967/1547
f 1794/1958/1548 1804/1968/1548 1795/1959/1548
f 1792/1955/1549 1802/1969/1549 1793/1957/1549
f 1795/1959/1550 1805/1970/1550 1796/1960/1550
f 1793/1957/1551 1803/1971/1551 1794/1958/1551
f 1802/1969/1552 1812/1972/1552 1803/1971/1552
f 1804/1968/1553 1812/1972/1553 1813/1973/1553
f 1804/1968/1554 1814/1974/1554 1805/1970/1554
f 1805/1970/1555 1815/1975/1555 1806/1962/1555
f 1806/1962/1556 1816/1976/1556 1807/1963/1556
f 1807/1963/1557 1817/1977/1557 1808/1964/1557
f 1801/1967/1558 1593/1978/1558 1810/1979/1558
f 1808/1964/1559 1818/1980/1559 1809/1965/1559
f 1801/1967/1560 1811/1981/1560 1802/1969/1560
f 1815/1975/1561 1825/1982/1561 1816/1976/1561
f 1816/1976/1562 1826/1983/1562 1817/1977/1562
f 1810/1979/1563 1593/1984/1563 1819/1985/1563
f 1817/1977/1564 1827/1986/1564 1818/1980/1564
f 1810/1979/1565 1820/1987/1565 1811/1981/1565
f 1811/1981/1566 1821/1988/1566 1812/1972/1566
f 1812/1972/1567 1822/1989/1567 1813/1973/1567
f 1813/1973/1568 1823/1990/1568 1814/1974/1568
f 1814/1974/1569 1824/1991/1569 1815/1975/1569
f 1821/1988/1570 1829/1673/1570 1543/1674/1570
f 1822/1989/1571 1543/1674/1571 1830/1677/1571
f 1822/1989/1572 1544/1679/1572 1823/1990/1572
f 1823/1990/1573 1831/1681/1573 1824/1991/1573
f 1824/1991/1574 1545/1664/1574 1825/1982/1574
f 1825/1982/1575 1546/1666/1575 1826/1983/1575
f 1819/1985/1576 1593/1992/1576 1828/1667/1576
f 1826/1983/1577 1547/1671/1577 1827/1986/1577
f 1819/1985/1578 1829/1673/1578 1820/1987/1578
f 2497/1993/1579 2691/1757/1579 3289/1994/1579
f 1880/1995/1579 2344/1996/1579 2549/1997/1579
f 1919/1998/1579 1977/1999/1579 2125/2000/1579
f 1926/2001/1579 1973/1665/1579 2124/2002/1579
f 1927/2003/1579 1980/2004/1579 2123/2005/1579
f 1923/2006/1579 1981/2007/1579 2122/2008/1579
f 1942/2009/1579 1969/2010/1579 2121/2011/1579
f 1943/2012/1579 1984/2013/1579 2120/2014/1579
f 2071/2015/1580 2198/2016/1580 1963/2016/1580
f 1946/2017/1579 1968/2018/1579 2118/2019/1579
f 1947/2020/1579 1988/2021/1579 2117/2022/1579
f 1939/2023/1579 1989/2024/1579 2116/2025/1579
f 1950/2026/1579 1961/1717/1579 2115/2027/1579
f 1951/2028/1579 1992/2029/1579 2114/2030/1579
f 1938/2031/1579 1993/2032/1579 2113/2033/1579
f 1954/2034/1579 1965/2035/1579 2112/2036/1579
f 1955/2037/1579 1996/2038/1579 2111/2039/1579
f 1931/2040/1579 1997/2041/1579 2110/2042/1579
f 1998/2043/1579 1957/2044/1579 2109/2045/1579
f 1999/2046/1579 2000/2047/1579 2108/2048/1579
f 1971/2049/1579 2001/2050/1579 2107/2051/1579
f 2002/2052/1579 1956/2053/1579 2106/2054/1579
f 2003/2055/1579 2004/2056/1579 2105/2057/1579
f 1995/2058/1579 2005/2059/1579 2104/2060/1579
f 2006/2061/1579 1925/2062/1579 2103/2063/1579
f 2007/2064/1579 2008/2065/1579 2102/2066/1579
f 1994/2067/1579 2009/2068/1579 2101/2069/1579
f 2010/2070/1579 1953/2071/1579 2100/2072/1579
f 2011/2073/1579 2012/2074/1579 2099/2075/1579
f 1978/2076/1579 2013/2077/1579 2098/2078/1579
f 2014/2079/1579 1952/2080/1579 2097/2081/1579
f 2015/2082/1579 2016/2083/1579 2096/2084/1579
f 1991/2085/1579 2017/2086/1579 2095/2087/1579
f 2018/2088/1579 1921/1736/1579 2094/2089/1579
f 2019/2090/1579 2020/1739/1579 2093/2091/1579
f 1990/2092/1579 2021/1720/1579 2092/2093/1579
f 2022/2094/1579 1949/2095/1579 2091/2096/1579
f 2023/2097/1579 2024/2098/1579 2090/2099/1579
f 1979/2100/1579 2025/2101/1579 2089/2102/1579
f 2026/2103/1579 1948/2104/1579 2088/2105/1579
f 2027/2106/1579 2028/2107/1579 2087/2108/1579
f 1987/2109/1579 2029/2110/1579 2086/2111/1579
f 2030/2112/1579 1928/2113/1579 2085/2114/1579
f 2048/2115/1580 2179/2116/1580 1914/2116/1580
f 2051/2117/1581 2186/2118/1581 2182/2117/1581
f 2034/2119/1579 1945/2120/1579 2082/2121/1579
f 2035/2122/1579 2036/2123/1579 2081/2124/1579
f 2037/2125/1582 2203/2126/1582 2119/2126/1582
f 2038/2127/1579 1944/2128/1579 2079/2129/1579
f 2039/2130/1579 2040/2131/1579 2078/2132/1579
f 1983/2133/1579 2041/2134/1579 2077/2135/1579
f 2042/2136/1579 1929/2137/1579 2076/2138/1579
f 1964/2139/1582 2163/2140/1582 1868/2140/1582
f 2044/2141/1583 2165/2142/1583 2176/2141/1583
f 2046/2143/1579 1941/2144/1579 2073/2145/1579
f 1963/2016/1581 2188/2015/1581 2071/2015/1581
f 1963/2146/1584 2161/2146/1584 2160/2146/1584
f 2050/2147/1579 1940/2148/1579 2070/2149/1579
f 2033/2150/1580 2169/2151/1580 1890/2151/1580
f 2071/2015/1581 2178/2152/1581 2047/2152/1581
f 2054/2153/1579 1933/1698/1579 2067/2154/1579
f 2055/2155/1579 2056/1701/1579 2066/2156/1579
f 1966/2157/1579 2057/1670/1579 2065/2158/1579
f 2058/2159/1579 1937/2160/1579 2064/2161/1579
f 2059/2162/1579 2060/1950/1579 2063/2163/1579
f 1959/2164/1579 2061/2165/1579 2062/2166/1579
f 2062/2166/1579 1917/2167/1579 2059/2162/1579
f 1997/2041/1579 2059/2162/1579 1901/2168/1579
f 1847/2169/1579 2062/2166/1579 1997/2041/1579
f 2063/2163/1579 1898/2170/1579 1994/2067/1579
f 1957/2044/1579 1994/2067/1579 1861/2171/1579
f 1901/2168/1579 2063/2163/1579 1957/2044/1579
f 2064/2161/1579 1853/2172/1579 1954/2034/1579
f 2060/1950/1579 1954/2034/1579 1898/2170/1579
f 1917/2167/1579 2064/2161/1579 2060/1950/1579
f 2065/2158/1579 1916/1687/1579 2055/2155/1579
f 1993/2032/1579 2055/2155/1579 1897/2173/1579
f 1854/2174/1579 2065/2158/1579 1993/2032/1579
f 2066/2156/1579 1894/1707/1579 1990/2092/1579
f 1953/2071/1579 1990/2092/1579 1860/2175/1579
f 1897/2173/1579 2066/2156/1579 1953/2071/1579
f 2067/2154/1579 1849/1704/1579 1950/2026/1579
f 2056/1701/1579 1950/2026/1579 1894/1707/1579
f 1916/1687/1579 2067/2154/1579 2056/1701/1579
f 1982/2176/1581 2190/2177/1581 2074/2177/1581
f 1989/2024/1579 2051/2117/1579 1893/2178/1579
f 1855/2179/1579 2068/2118/1579 1989/2024/1579
f 2031/2180/1581 2193/2181/1581 2084/2181/1581
f 1949/2095/1579 1986/2182/1579 1859/2183/1579
f 1893/2178/1579 2069/2184/1579 1949/2095/1579
f 2070/2149/1579 1856/2185/1579 1946/2017/1579
f 2052/2186/1579 1946/2017/1579 1890/2151/1579
f 1915/2187/1579 2070/2149/1579 2052/2186/1579
f 2032/2188/1580 2171/2189/1580 1910/2189/1580
f 1985/2190/1579 2047/2152/1579 1889/2191/1579
f 1935/2146/1584 2195/2146/1584 2194/2146/1584
f 2045/2192/1580 2167/2193/1580 1886/2193/1580
f 1945/2120/1579 1982/2176/1579 1858/2194/1579
f 1889/2191/1579 2072/2195/1579 1945/2120/1579
f 2073/2145/1579 1857/2196/1579 1942/2009/1579
f 2048/2115/1579 1942/2009/1579 1886/2193/1579
f 1914/2116/1579 2073/2145/1579 2048/2115/1579
f 2074/2177/1581 2174/2197/1581 2043/2197/1581
f 1984/2013/1579 2043/2197/1579 1888/2198/1579
f 1858/2194/1579 2074/2177/1579 1984/2013/1579
f 2084/2181/1581 2162/2139/1581 1964/2139/1581
f 1944/2128/1579 1967/2199/1579 1855/2179/1579
f 1888/2198/1579 2075/2200/1579 1944/2128/1579
f 2076/2138/1579 1845/2201/1579 1927/2003/1579
f 2044/2141/1579 1927/2003/1579 1871/2142/1579
f 1913/2202/1579 2076/2138/1579 2044/2141/1579
f 2077/2135/1579 1912/2203/1579 2039/2130/1579
f 1874/2146/1581 2138/2146/1581 1970/2146/1581
f 2086/2111/1580 2147/2109/1580 1987/2109/1580
f 2078/2132/1579 1883/2204/1579 1979/2100/1579
f 2027/2106/1580 2156/2111/1580 2086/2111/1580
f 2089/2102/1580 2145/2100/1580 1979/2100/1580
f 2079/2129/1579 1855/2179/1579 1939/2023/1579
f 2040/2131/1579 1939/2023/1579 1883/2204/1579
f 1912/2203/1579 2079/2129/1579 2040/2131/1579
f 2080/2205/1579 1911/2206/1579 2035/2122/1579
f 1918/2146/1581 2135/2146/1581 1862/2146/1581
f 1958/2146/1581 2131/2146/1581 1846/2146/1581
f 2081/2124/1579 1887/2207/1579 1983/2133/1579
f 2023/2097/1580 2158/2102/1580 2089/2102/1580
f 1930/2146/1581 2139/2146/1581 1874/2146/1581
f 2082/2121/1579 1858/2194/1579 1943/2012/1579
f 2036/2123/1579 1943/2012/1579 1887/2207/1579
f 1911/2206/1579 2082/2121/1579 2036/2123/1579
f 1913/2202/1580 2176/2141/1580 2175/2202/1580
f 1988/2021/1579 2031/2180/1579 1892/2208/1579
f 1859/2183/1579 2083/2209/1579 1988/2021/1579
f 2053/2210/1583 2183/2187/1583 2185/2210/1583
f 1852/2211/1582 2210/2139/1582 1964/2139/1582
f 1892/2208/1579 2084/2181/1579 1948/2104/1579
f 2085/2114/1579 1843/2212/1579 1924/2213/1579
f 2032/2188/1579 1924/2213/1579 1868/2140/1579
f 1910/2189/1579 2085/2114/1579 2032/2188/1579
f 2086/2111/1579 1909/2214/1579 2027/2106/1579
f 1970/2146/1581 2129/2146/1581 1841/2146/1581
f 2078/2132/1580 2151/2130/1580 2039/2130/1580
f 2087/2108/1581 2207/2215/1581 1976/2215/1581
f 1833/2146/1581 2126/2146/1581 1918/2146/1581
f 1979/2100/1580 2153/2132/1580 2078/2132/1580
f 1880/1995/1582 2204/2216/1582 1936/2216/1582
f 2028/2107/1584 2213/2105/1584 2209/2107/1584
f 1909/2214/1579 2088/2105/1579 2028/2107/1579
f 2089/2102/1579 1908/2217/1579 2023/2097/1579
f 2081/2124/1580 2150/2122/1580 2035/2122/1580
f 1983/2133/1580 2155/2124/1580 2081/2124/1580
f 2090/2099/1579 1891/2218/1579 1987/2109/1579
f 1841/2146/1581 2128/2146/1581 1922/2146/1581
f 1866/2146/1581 2136/2146/1581 1962/2146/1581
f 2091/2096/1579 1859/2183/1579 1947/2020/1579
f 2024/2098/1579 1947/2020/1579 1891/2218/1579
f 1908/2217/1579 2091/2096/1579 2024/2098/1579
f 2092/2093/1579 1907/1726/1579 2019/2090/1579
f 1992/2029/1579 2019/2090/1579 1896/2219/1579
f 1860/2175/1579 2092/2093/1579 1992/2029/1579
f 2093/2091/1579 1864/1745/1579 1960/2220/1579
f 1952/2080/1579 1960/2220/1579 1848/2221/1579
f 1896/2219/1579 2093/2091/1579 1952/2080/1579
f 2094/2089/1579 1840/2222/1579 1920/2223/1579
f 2020/1739/1579 1920/2223/1579 1864/1745/1579
f 1907/1726/1579 2094/2089/1579 2020/1739/1579
f 2095/2087/1579 1906/2224/1579 2015/2082/1579
f 1968/2018/1579 2015/2082/1579 1872/2225/1579
f 1856/2185/1579 2095/2087/1579 1968/2018/1579
f 2096/2084/1579 1876/2226/1579 1972/2227/1579
f 1928/2113/1579 1972/2227/1579 1843/2212/1579
f 1872/2225/1579 2096/2084/1579 1928/2113/1579
f 2097/2081/1579 1848/2221/1579 1932/2228/1579
f 2016/2083/1579 1932/2228/1579 1876/2226/1579
f 1906/2224/1579 2097/2081/1579 2016/2083/1579
f 2098/2078/1579 1905/2229/1579 2011/2073/1579
f 1980/2004/1579 2011/2073/1579 1884/2230/1579
f 1845/2201/1579 2098/2078/1579 1980/2004/1579
f 2099/2075/1579 1895/2231/1579 1991/2085/1579
f 1940/2148/1579 1991/2085/1579 1856/2185/1579
f 1884/2230/1579 2099/2075/1579 1940/2148/1579
f 2100/2072/1579 1860/2175/1579 1951/2028/1579
f 2012/2074/1579 1951/2028/1579 1895/2231/1579
f 1905/2229/1579 2100/2072/1579 2012/2074/1579
f 2101/2069/1579 1904/2232/1579 2007/2064/1579
f 1996/2038/1579 2007/2064/1579 1900/2233/1579
f 1861/2171/1579 2101/2069/1579 1996/2038/1579
f 2102/2066/1579 1870/1671/1579 1966/2157/1579
f 1956/2053/1579 1966/2157/1579 1854/2174/1579
f 1900/2233/1579 2102/2066/1579 1956/2053/1579
f 2103/2063/1579 1844/1666/1579 1926/2001/1579
f 2008/2065/1579 1926/2001/1579 1870/1671/1579
f 1904/2232/1579 2103/2063/1579 2008/2065/1579
f 2104/2060/1579 1903/2234/1579 2003/2055/1579
f 1969/2010/1579 2003/2055/1579 1873/2235/1579
f 1857/2196/1579 2104/2060/1579 1969/2010/1579
f 2105/2057/1579 1882/2236/1579 1978/2076/1579
f 1929/2137/1579 1978/2076/1579 1845/2201/1579
f 1873/2235/1579 2105/2057/1579 1929/2137/1579
f 2106/2054/1579 1854/2174/1579 1938/2031/1579
f 2004/2056/1579 1938/2031/1579 1882/2236/1579
f 1903/2234/1579 2106/2054/1579 2004/2056/1579
f 2107/2051/1579 1902/2237/1579 1999/2046/1579
f 1981/2007/1579 1999/2046/1579 1885/2238/1579
f 1842/2239/1579 2107/2051/1579 1981/2007/1579
f 2108/2048/1579 1899/2240/1579 1995/2058/1579
f 1941/2144/1579 1995/2058/1579 1857/2196/1579
f 1885/2238/1579 2108/2048/1579 1941/2144/1579
f 2109/2045/1579 1861/2171/1579 1955/2037/1579
f 2000/2047/1579 1955/2037/1579 1899/2240/1579
f 1902/2237/1579 2109/2045/1579 2000/2047/1579
f 2110/2042/1579 1901/2168/1579 1998/2043/1579
f 2001/2050/1579 1998/2043/1579 1902/2237/1579
f 1875/2241/1579 2110/2042/1579 2001/2050/1579
f 2111/2039/1579 1900/2233/1579 2002/2052/1579
f 2005/2059/1579 2002/2052/1579 1903/2234/1579
f 1899/2240/1579 2111/2039/1579 2005/2059/1579
f 2112/2036/1579 1869/2242/1579 2006/2061/1579
f 2009/2068/1579 2006/2061/1579 1904/2232/1579
f 1898/2170/1579 2112/2036/1579 2009/2068/1579
f 2113/2033/1579 1897/2173/1579 2010/2070/1579
f 2013/2077/1579 2010/2070/1579 1905/2229/1579
f 1882/2236/1579 2113/2033/1579 2013/2077/1579
f 2114/2030/1579 1896/2219/1579 2014/2079/1579
f 2017/2086/1579 2014/2079/1579 1906/2224/1579
f 1895/2231/1579 2114/2030/1579 2017/2086/1579
f 2115/2027/1579 1865/1723/1579 2018/2088/1579
f 2021/1720/1579 2018/2088/1579 1907/1726/1579
f 1894/1707/1579 2115/2027/1579 2021/1720/1579
f 2116/2025/1579 1893/2178/1579 2022/2094/1579
f 2025/2101/1579 2022/2094/1579 1908/2217/1579
f 1883/2204/1579 2116/2025/1579 2025/2101/1579
f 2117/2022/1579 1892/2208/1579 2026/2103/1579
f 2029/2110/1579 2026/2103/1579 1909/2214/1579
f 1891/2218/1579 2117/2022/1579 2029/2110/1579
f 2118/2019/1579 1872/2225/1579 2030/2112/1579
f 2033/2150/1579 2030/2112/1579 1910/2189/1579
f 1890/2151/1579 2118/2019/1579 2033/2150/1579
f 2119/2126/1579 1889/2191/1579 2034/2119/1579
f 2037/2125/1579 2034/2119/1579 1911/2206/1579
f 2080/2205/1582 2200/2125/1582 2037/2125/1582
f 2120/2014/1579 1888/2198/1579 2038/2127/1579
f 2041/2134/1579 2038/2127/1579 1912/2203/1579
f 1887/2207/1579 2120/2014/1579 2041/2134/1579
f 2121/2011/1579 1873/2235/1579 2042/2136/1579
f 2045/2192/1579 2042/2136/1579 1913/2202/1579
f 1886/2193/1579 2121/2011/1579 2045/2192/1579
f 2122/2008/1579 1885/2238/1579 2046/2143/1579
f 2049/2243/1579 2046/2143/1579 1914/2116/1579
f 1867/2244/1579 2122/2008/1579 2049/2243/1579
f 2123/2005/1579 1884/2230/1579 2050/2147/1579
f 2053/2210/1579 2050/2147/1579 1915/2187/1579
f 1871/2142/1579 2123/2005/1579 2053/2210/1579
f 2124/2002/1579 1877/1684/1579 2054/2153/1579
f 2057/1670/1579 2054/2153/1579 1916/1687/1579
f 1870/1671/1579 2124/2002/1579 2057/1670/1579
f 2125/2000/1579 1881/2245/1579 2058/2159/1579
f 2061/2165/1579 2058/2159/1579 1917/2167/1579
f 1863/1930/1579 2125/2000/1579 2061/2165/1579
f 2130/2246/1579 2151/2130/1579 2139/2247/1579
f 2131/2248/1579 2152/2135/1579 2130/2246/1579
f 2138/2249/1579 2145/2100/1579 2129/2250/1579
f 2139/2247/1579 2153/2132/1579 2138/2249/1579
f 2126/2251/1579 2150/2122/1579 2135/2252/1579
f 2127/2253/1579 2154/2205/1579 2126/2251/1579
f 2134/2254/1579 2146/2133/1579 2131/2248/1579
f 2135/2252/1579 2155/2124/1579 2134/2254/1579
f 2132/2255/1579 2149/2106/1579 2141/2256/1579
f 2133/2257/1579 2156/2111/1579 2132/2255/1579
f 2140/2258/1579 2144/2215/1579 2142/2259/1579
f 2141/2256/1579 2157/2108/1579 2140/2258/1579
f 2128/2260/1579 2148/2097/1579 2137/2261/1579
f 2129/2250/1579 2158/2102/1579 2128/2260/1579
f 2136/2262/1579 2147/2109/1579 2133/2257/1579
f 2137/2261/1579 2159/2099/1579 2136/2262/1579
f 1846/2146/1581 2130/2146/1581 1930/2146/1581
f 1974/2146/1581 2142/2146/1581 1837/2146/1581
f 1934/2146/1581 2141/2146/1581 1878/2146/1581
f 1862/2146/1581 2134/2146/1581 1958/2146/1581
f 1987/2109/1580 2159/2099/1580 2090/2099/1580
f 1833/2146/1584 2143/2146/1584 2127/2146/1584
f 2035/2122/1580 2154/2205/1580 2080/2205/1580
f 1962/2146/1581 2133/2146/1581 1850/2146/1581
f 1922/2146/1581 2137/2146/1581 1866/2146/1581
f 2090/2099/1580 2148/2097/1580 2023/2097/1580
f 1837/2259/1582 2144/2215/1582 1976/2215/1582
f 2080/2205/1580 2143/2263/1580 1975/2263/1580
f 1976/2215/1580 2157/2108/1580 2087/2108/1580
f 2039/2130/1580 2152/2135/1580 2077/2135/1580
f 2087/2108/1580 2149/2106/1580 2027/2106/1580
f 1878/2146/1581 2140/2146/1581 1974/2146/1581
f 2077/2135/1580 2146/2133/1580 1983/2133/1580
f 1850/2146/1581 2132/2146/1581 1934/2146/1581
f 2170/2180/1579 2172/2188/1579 2193/2181/1579
f 2168/2182/1579 2173/2150/1579 2192/2209/1579
f 2191/2200/1585 2175/2202/1585 2176/2141/1585
f 2166/2176/1579 2177/2192/1579 2190/2177/1579
f 2178/2152/1579 2180/2115/1579 2189/2195/1579
f 2160/2016/1579 2181/2243/1579 2188/2015/1579
f 2182/2117/1579 2184/2186/1579 2187/2184/1579
f 2164/2199/1579 2185/2210/1579 2186/2118/1579
f 2186/2118/1586 2183/2187/1586 2182/2117/1586
f 2187/2184/1579 2169/2151/1579 2168/2182/1579
f 2188/2015/1579 2179/2116/1579 2178/2152/1579
f 2189/2195/1579 2167/2193/1579 2166/2176/1579
f 2190/2177/1579 2175/2202/1579 2174/2197/1579
f 2191/2200/1579 2165/2142/1579 2164/2199/1579
f 2192/2209/1579 2171/2189/1579 2170/2180/1579
f 2193/2181/1579 2163/2140/1579 2162/2139/1579
f 1913/2202/1580 2177/2192/1580 2045/2192/1580
f 2068/2118/1583 2164/2199/1583 2186/2118/1583
f 1868/2140/1580 2172/2188/1580 2032/2188/1580
f 1967/2199/1583 2191/2200/1583 2164/2199/1583
f 2049/2243/1580 2161/2244/1580 1867/2244/1580
f 1910/2189/1580 2173/2150/1580 2033/2150/1580
f 2075/2200/1583 2174/2197/1583 2191/2200/1583
f 2072/2195/1581 2166/2176/1581 1982/2176/1581
f 2047/2152/1581 2189/2195/1581 2072/2195/1581
f 1886/2193/1580 2180/2115/1580 2048/2115/1580
f 2069/2184/1581 2168/2182/1581 1986/2182/1581
f 2052/2186/1580 2183/2187/1580 1915/2187/1580
f 1914/2116/1580 2181/2243/1580 2049/2243/1580
f 2051/2117/1581 2187/2184/1581 2069/2184/1581
f 1871/2142/1583 2185/2210/1583 2165/2142/1583
f 2083/2209/1581 2170/2180/1581 2031/2180/1581
f 1986/2182/1581 2192/2209/1581 2083/2209/1581
f 1890/2151/1580 2184/2186/1580 2052/2186/1580
f 2194/2264/1579 2199/2190/1579 2203/2126/1579
f 2196/2263/1579 2200/2125/1579 2202/2205/1579
f 2195/2265/1579 2201/2015/1579 2199/2190/1579
f 2197/2266/1579 2203/2126/1579 2200/2125/1579
f 1879/2146/1584 2194/2146/1584 2197/2146/1584
f 1985/2190/1582 2201/2015/1582 2071/2015/1582
f 1851/2146/1584 2198/2146/1584 2195/2146/1584
f 2119/2126/1582 2199/2190/1582 1985/2190/1582
f 1975/2263/1581 2202/2205/1581 2080/2205/1581
f 1975/2146/1584 2197/2146/1584 2196/2146/1584
f 2206/2104/1579 2210/2139/1579 2205/2211/1579
f 2212/2108/1579 2208/1995/1579 2207/2215/1579
f 2213/2105/1579 2205/2211/1579 2204/2216/1579
f 2209/2107/1579 2204/2216/1579 2208/1995/1579
f 1948/2104/1584 2211/2181/1584 2206/2104/1584
f 1976/2215/1582 2208/1995/1582 1880/1995/1582
f 2087/2108/1584 2209/2107/1584 2212/2108/1584
f 1964/2139/1580 2211/2181/1580 2084/2181/1580
f 1936/2216/1582 2205/2211/1582 1852/2211/1582
f 2088/2105/1584 2206/2104/1584 2213/2105/1584
f 2503/2267/1579 2687/1834/1579 3288/2268/1579
f 2504/2269/1579 2697/2270/1579 3287/2271/1579
f 2501/2272/1579 2698/2273/1579 3286/2274/1579
f 2416/2275/1579 2314/2276/1579 2415/2277/1579
f 3449/2278/1579 2286/2279/1579 2314/2276/1579
f 2513/2280/1579 2702/2281/1579 3283/2282/1579
f 2267/2283/1580 3057/2284/1580 2588/2284/1580
f 2889/2285/1584 2705/2286/1584 2745/2285/1584
f 2516/2287/1579 2706/2288/1579 3280/2289/1579
f 2527/2290/1579 2676/1873/1579 3279/2291/1579
f 2528/2292/1579 2709/2293/1579 3278/2294/1579
f 2533/2295/1584 3488/2296/1584 2735/2295/1584
f 2531/2297/1579 2680/1796/1579 3276/2298/1579
f 3083/2299/1581 2819/2300/1581 2673/2300/1581
f 2509/2301/1579 2714/2302/1579 3274/2303/1579
f 2826/2304/1580 2621/2305/1580 2825/2305/1580
f 2575/2306/1579 2717/2307/1579 3272/2308/1579
f 2548/2309/1579 2718/2310/1579 3271/2311/1579
f 2578/2312/1579 2674/2313/1579 3270/2314/1579
f 2579/2315/1579 2721/2316/1579 3269/2317/1579
f 2571/2318/1579 2722/2319/1579 3268/2320/1579
f 2582/2321/1579 2641/1816/1579 3267/2322/1579
f 2583/2323/1579 2725/2324/1579 3266/2325/1579
f 2570/2326/1579 2726/2327/1579 3265/2328/1579
f 2586/2329/1579 2671/2330/1579 3264/2331/1579
f 2587/2332/1579 2729/2333/1579 3263/2334/1579
f 2554/2335/1579 2730/2336/1579 3262/2337/1579
f 2590/2338/1579 2670/2339/1579 3261/2340/1579
f 2591/2341/1579 2733/2342/1579 3260/2343/1579
f 3067/2344/1580 3004/2345/1580 2669/2345/1580
f 2594/2346/1579 2637/2347/1579 3258/2348/1579
f 3135/2349/1584 2232/2350/1584 3481/2349/1584
f 2361/2351/1582 3214/2352/1582 2566/2352/1582
f 2598/2353/1579 2667/2354/1579 3255/2355/1579
f 2599/2356/1579 2740/2357/1579 3254/2358/1579
f 2555/2359/1579 2741/2360/1579 3253/2286/1579
f 2602/2361/1579 2666/2362/1579 3252/2363/1579
f 2603/2364/1579 2744/2365/1579 3251/2366/1579
f 2396/1842/1580 2999/2360/1580 2741/2360/1580
f 3114/2367/1581 3282/2368/1581 2567/2368/1581
f 2606/2369/1579 2748/2370/1579 3248/2371/1579
f 2562/2372/1579 2749/2373/1579 3247/2374/1579
f 2490/2375/1579 2261/2376/1579 3449/2278/1579
f 2610/2377/1579 2752/2378/1579 3245/2379/1579
f 2552/2380/1579 2753/2381/1579 3244/2382/1579
f 2314/2276/1579 2285/2383/1579 3450/2384/1579
f 2614/2385/1579 2756/2386/1579 3242/2387/1579
f 2559/2388/1579 2757/2389/1579 3241/2390/1579
f 2315/2391/1579 2532/2392/1579 3451/2393/1579
f 2355/2394/1579 2317/2395/1579 3452/2396/1579
f 2404/2397/1579 2966/2398/1579 3453/2399/1579
f 2412/2400/1579 2558/2401/1579 3454/2402/1579
f 2418/2403/1579 3448/2404/1579 3455/2405/1579
f 2541/2406/1579 2765/2407/1579 3235/2408/1579
f 2625/2409/1579 2658/2410/1579 3234/2411/1579
f 2809/2412/1582 3000/2413/1582 3233/2413/1582
f 2544/2414/1579 2769/2415/1579 3232/2416/1579
f 2629/2417/1579 2648/1854/1579 3231/2418/1579
f 2630/2419/1579 2772/2420/1579 3230/2421/1579
f 2543/2422/1579 2773/2423/1579 3229/2424/1579
f 2633/2425/1579 2652/1776/1579 3228/2426/1579
f 2634/2427/1579 2776/2428/1579 3227/2429/1579
f 2537/2430/1579 2777/2431/1579 3226/2432/1579
f 2778/2433/1579 2636/2434/1579 3225/2435/1579
f 2779/2436/1579 2780/2437/1579 3224/2438/1579
f 2678/2439/1579 2781/2440/1579 3223/2441/1579
f 2782/2442/1579 2635/2443/1579 3222/2444/1579
f 2784/2445/1580 2759/2446/1580 2433/2446/1580
f 2775/2447/1579 2785/2448/1579 3220/2305/1579
f 2786/2449/1579 2511/1790/1579 3219/2450/1579
f 2787/2451/1579 2788/2452/1579 3218/2453/1579
f 2774/2454/1579 2789/2455/1579 3217/2456/1579
f 2790/2457/1579 2632/2458/1579 3216/2459/1579
f 2791/2460/1579 2792/2461/1579 3215/2462/1579
f 2684/2463/1584 2390/2464/1584 2595/2463/1584
f 2325/2465/1581 3505/2466/1581 2530/2466/1581
f 3264/2331/1581 3504/2467/1581 2930/2467/1581
f 2794/2468/1584 3498/2469/1584 3497/2468/1584
f 2798/2470/1579 2507/2471/1579 3210/2472/1579
f 2799/2473/1579 2800/2474/1579 3209/2475/1579
f 2770/2476/1579 2801/2477/1579 3208/2478/1579
f 2802/2479/1579 2628/2480/1579 3207/2481/1579
f 2803/2482/1579 2804/2483/1579 3206/2484/1579
f 2685/2485/1579 2805/2486/1579 3205/2487/1579
f 2806/2488/1579 2627/2489/1579 3204/2490/1579
f 2807/2491/1579 2808/2492/1579 3203/2493/1579
f 2767/2494/1579 2809/2412/1579 3202/2495/1579
f 2810/2496/1579 2517/2497/1579 3201/2498/1579
f 2811/2499/1579 2812/2500/1579 3200/2501/1579
f 2766/2502/1579 2813/2503/1579 3199/2504/1579
f 2814/2505/1579 2624/2506/1579 3198/2507/1579
f 2815/2508/1579 2816/2509/1579 3197/2510/1579
f 2682/2511/1579 2817/2512/1579 3196/2513/1579
f 2413/2514/1579 2520/2515/1579 3456/2516/1579
f 2827/2517/1579 2416/2275/1579 3461/2518/1579
f 3084/2519/1579 2443/2520/1579 3464/2521/1579
f 2783/2304/1584 2759/2446/1584 2760/2304/1584
f 2967/2522/1581 2618/2299/1581 3083/2299/1581
f 2713/2523/1580 2823/1783/1580 2234/1783/1580
f 2673/2300/1582 2818/2524/1582 2327/2524/1582
f 2967/2522/1584 2750/2525/1584 2754/2522/1584
f 2974/2526/1582 2761/1799/1582 2367/1799/1582
f 2830/2527/1579 2619/2528/1579 3186/2529/1579
f 2831/2530/1579 2832/2531/1579 3185/2532/1579
f 2818/2524/1579 2560/2533/1579 2620/2534/1579
f 2834/2535/1579 2506/2536/1579 3183/2537/1579
f 2835/2538/1579 2836/2539/1579 3182/2540/1579
f 2560/2533/1579 2761/1799/1579 2663/2526/1579
f 2838/2541/1579 2616/2542/1579 3180/2543/1579
f 2839/2544/1579 2840/2545/1579 3179/2546/1579
f 2700/2547/1579 2841/2548/1579 3178/2549/1579
f 2842/2550/1579 2615/2551/1579 3177/2552/1579
f 2843/2553/1579 2844/2554/1579 3176/2555/1579
f 2755/2556/1579 2845/2557/1579 3175/2558/1579
f 2846/2559/1579 2521/2560/1579 3174/2561/1579
f 2847/2562/1579 2848/2563/1579 3173/2564/1579
f 2699/2565/1579 2758/2566/1579 2750/2525/1579
f 2850/2567/1579 2612/2568/1579 3171/2569/1579
f 2851/2570/1579 2852/2571/1579 3170/2572/1579
f 2693/2573/1579 2853/2574/1579 3169/2575/1579
f 2854/2576/1579 2611/2577/1579 3168/2578/1579
f 2855/2579/1579 2856/2580/1579 3167/2581/1579
f 2751/2582/1579 2857/2583/1579 3166/2584/1579
f 2609/2585/1579 2763/1779/1579 2758/2566/1579
f 2763/1779/1579 2613/2586/1579 2822/2587/1579
f 2822/2587/1579 2662/2588/1579 2823/1783/1579
f 2862/2589/1579 2608/2590/1579 3162/2591/1579
f 2863/2592/1579 2864/2593/1579 3161/2594/1579
f 2703/2595/1579 2865/2596/1579 3160/2597/1579
f 2866/2598/1579 2607/2599/1579 3159/2600/1579
f 2867/2601/1579 2868/2602/1579 3158/2603/1579
f 2747/2604/1579 2869/2605/1579 3157/2606/1579
f 2870/2607/1579 2505/2608/1579 3156/2609/1579
f 2871/2610/1579 2872/2611/1579 3155/2612/1579
f 2746/2613/1579 3055/2614/1579 3005/2615/1579
f 2745/2285/1579 2896/2616/1579 2742/2617/1579
f 2875/2618/1579 2876/2619/1579 3152/2620/1579
f 2704/2621/1579 2877/2622/1579 3151/2623/1579
f 2878/2624/1579 2604/2625/1579 3150/2626/1579
f 2879/2627/1579 2880/2628/1579 3149/2629/1579
f 2743/2630/1579 2881/2631/1579 3148/2632/1579
f 2882/2633/1579 2525/2634/1579 3147/2635/1579
f 2883/2636/1579 2884/2637/1579 3146/2638/1579
f 2705/2286/1579 2998/1842/1579 2896/2616/1579
f 2886/2616/1579 2601/2639/1579 3144/2640/1579
f 2887/2641/1579 2888/2642/1579 3143/2643/1579
f 2696/2644/1579 2889/2285/1579 3142/2645/1579
f 2768/2646/1580 3138/2647/1580 2287/2647/1580
f 2704/2621/1582 2526/2648/1582 2358/2648/1582
f 2739/2649/1579 2893/2650/1579 3139/2651/1579
f 3233/2413/1582 3059/2646/1582 2768/2646/1582
f 2626/2652/1584 3138/2647/1584 3281/2652/1584
f 2738/2653/1579 2897/2654/1579 3136/2655/1579
f 2898/2656/1579 2597/2350/1579 3135/2349/1579
f 2899/2657/1579 2900/2658/1579 3134/2659/1579
f 2707/2660/1579 2901/2661/1579 3133/2662/1579
f 2902/2663/1579 2596/2664/1579 3132/2665/1579
f 2903/2666/1579 2904/2667/1579 3131/2668/1579
f 2463/2669/1581 3477/2667/1581 2904/2667/1581
f 2906/2670/1579 2495/1906/1579 3129/2671/1579
f 2907/2672/1579 2908/2673/1579 3128/2674/1579
f 2734/2675/1579 2909/2676/1579 3127/2677/1579
f 2910/2615/1579 2593/2678/1579 3126/2679/1579
f 2911/2680/1579 2912/2681/1579 3125/2682/1579
f 2708/2683/1579 2913/2684/1579 3124/2685/1579
f 2914/2686/1579 2592/2687/1579 3123/2688/1579
f 2915/2689/1579 2916/2690/1579 3122/2691/1579
f 2732/2692/1579 2917/2693/1579 3121/2694/1579
f 2918/2695/1579 2529/2696/1579 3120/2697/1579
f 2919/2698/1579 2920/2699/1579 3119/2700/1579
f 2731/2701/1579 2921/2702/1579 3118/2703/1579
f 2922/2704/1579 2589/2705/1579 3117/2706/1579
f 2923/2707/1579 2924/2708/1579 3116/2709/1579
f 2695/2710/1579 2925/2711/1579 3115/2712/1579
f 2926/2713/1579 2588/2284/1579 3114/2367/1579
f 2927/2714/1579 2928/2715/1579 3113/2716/1579
f 2728/2717/1579 2929/2718/1579 3112/2719/1579
f 2930/2467/1579 2530/2466/1579 3111/2720/1579
f 2931/2721/1579 2932/2722/1579 3110/2723/1579
f 2727/2724/1579 2933/2725/1579 3109/2726/1579
f 2934/2727/1579 2585/2728/1579 3108/2729/1579
f 2935/2730/1579 2936/2731/1579 3107/2732/1579
f 2711/2588/1579 2937/2733/1579 3106/2734/1579
f 2938/2735/1579 2584/2736/1579 3105/2737/1579
f 2939/2738/1579 2940/2739/1579 3104/2296/1579
f 2724/2740/1579 2941/2741/1579 3103/2742/1579
f 2942/2743/1579 2499/1829/1579 3102/2744/1579
f 2943/2745/1579 2944/2746/1579 3101/2747/1579
f 2723/2748/1579 2945/2749/1579 3100/2750/1579
f 2946/2751/1579 2581/2752/1579 3099/2753/1579
f 2947/2754/1579 2948/2755/1579 3098/2756/1579
f 2712/2757/1579 2949/2758/1579 3097/2759/1579
f 2950/2760/1579 2580/2761/1579 3096/2762/1579
f 2951/2763/1579 2952/2764/1579 3095/2765/1579
f 2720/2766/1579 2953/2767/1579 3094/2768/1579
f 2954/2769/1579 2533/2295/1579 3093/2770/1579
f 2955/2771/1579 2956/2772/1579 3092/2773/1579
f 2719/2774/1579 2957/2775/1579 3091/2776/1579
f 2958/2777/1579 2577/2778/1579 3090/2779/1579
f 2959/2780/1579 2960/2781/1579 3089/2782/1579
f 2689/2783/1579 2961/2784/1579 3088/2785/1579
f 2962/2786/1579 2576/2787/1579 3087/2788/1579
f 2963/2789/1579 2964/2790/1579 3086/2791/1579
f 2716/2792/1579 2965/2793/1579 3085/2794/1579
f 2234/1783/1582 2662/2588/1582 2711/2588/1582
f 2675/2795/1580 2820/1764/1580 2273/1764/1580
f 2715/2796/1579 2969/2565/1579 3082/2797/1579
f 2970/2798/1579 2573/2799/1579 3081/2800/1579
f 2971/2801/1579 2972/2802/1579 3080/2803/1579
f 2650/2804/1579 2973/2805/1579 3079/2806/1579
f 2974/2526/1579 2572/2807/1579 3078/2808/1579
f 2975/2809/1579 2976/2810/1579 3077/2811/1579
f 2673/2300/1579 2977/2534/1579 3076/2812/1579
f 2978/2813/1579 2539/1809/1579 3075/2814/1579
f 2979/2815/1579 2980/2816/1579 3074/2817/1579
f 2672/2818/1579 2981/2819/1579 3073/2820/1579
f 2982/2821/1579 2569/2822/1579 3072/2823/1579
f 2983/2824/1579 2984/2825/1579 3071/2826/1579
f 2656/2827/1579 2985/2828/1579 3070/2829/1579
f 2986/2830/1579 2568/2831/1579 3069/2832/1579
f 2987/2833/1579 2988/2834/1579 3068/2835/1579
f 2669/2345/1579 2989/2836/1579 3067/2344/1579
f 2990/2837/1579 2535/1887/1579 3066/2838/1579
f 2991/2839/1579 2992/2840/1579 3065/2841/1579
f 2668/2842/1579 2993/2843/1579 3064/2844/1579
f 2994/2845/1579 2565/2846/1579 3063/2847/1579
f 2995/2848/1579 2996/2849/1579 3062/2850/1579
f 2657/2851/1579 2997/2852/1579 3061/2853/1579
f 2421/2854/1581 3058/2412/1581 2809/2412/1581
f 2626/2652/1580 3001/2481/1580 3207/2481/1580
f 3060/2854/1579 3000/2413/1579 3058/2412/1579
f 2873/2367/1579 3249/2283/1579 3282/2368/1579
f 3249/2283/1579 3002/2344/1579 3056/2855/1579
f 3056/2855/1579 3003/2833/1579 3055/2614/1579
f 3006/2856/1579 2561/2857/1579 3054/2858/1579
f 3007/2859/1579 3008/2860/1579 3053/2861/1579
f 2654/2862/1579 3009/2863/1579 3052/2864/1579
f 2750/2525/1579 2617/2865/1579 2701/2866/1579
f 2701/2866/1579 2824/2867/1579 2818/2524/1579
f 2617/2865/1579 2823/1783/1579 2824/2867/1579
f 2618/2299/1579 2818/2524/1579 2819/2300/1579
f 2623/2795/1579 2622/2304/1579 2660/1779/1579
f 2763/1779/1583 2623/2795/1583 2660/1779/1583
f 3018/2868/1579 2557/2869/1579 3045/2870/1579
f 3019/2871/1579 3020/2872/1579 3044/2873/1579
f 2643/2874/1579 3021/2875/1579 3043/2876/1579
f 3022/2877/1579 2556/2878/1579 3042/2879/1579
f 3023/2880/1579 3024/2881/1579 3041/2882/1579
f 2646/2883/1579 3025/2884/1579 3040/2885/1579
f 3026/2886/1579 2546/1848/1579 3039/2887/1579
f 3027/2888/1579 3028/2889/1579 3038/2890/1579
f 2645/2891/1579 3029/2892/1579 3037/2893/1579
f 3030/2894/1579 2550/1771/1579 3036/2895/1579
f 3031/2896/1579 3032/2897/1579 3035/2898/1579
f 2639/2899/1579 3033/2900/1579 3034/2901/1579
f 3034/2901/1579 2494/2902/1579 3031/2896/1579
f 2777/2431/1579 3031/2896/1579 2431/2903/1579
f 2237/2904/1579 3034/2901/1579 2777/2431/1579
f 3035/2898/1579 2428/2905/1579 2774/2454/1579
f 2636/2434/1579 2774/2454/1579 2289/2906/1579
f 2431/2903/1579 3035/2898/1579 2636/2434/1579
f 3036/2895/1579 2250/2907/1579 2633/2425/1579
f 3032/2897/1579 2633/2425/1579 2428/2905/1579
f 2494/2902/1579 3036/2895/1579 3032/2897/1579
f 3037/2893/1579 2493/2908/1579 3027/2888/1579
f 2773/2423/1579 3027/2888/1579 2427/2909/1579
f 2243/2910/1579 3037/2893/1579 2773/2423/1579
f 3038/2890/1579 2424/2911/1579 2770/2476/1579
f 2632/2458/1579 2770/2476/1579 2288/2912/1579
f 2427/2909/1579 3038/2890/1579 2632/2458/1579
f 3039/2887/1579 2246/2913/1579 2629/2417/1579
f 3028/2889/1579 2629/2417/1579 2424/2911/1579
f 2493/2908/1579 3039/2887/1579 3028/2889/1579
f 3040/2885/1579 2492/2914/1579 3023/2880/1579
f 2769/2415/1579 3023/2880/1579 2423/2915/1579
f 2244/2916/1579 3040/2885/1579 2769/2415/1579
f 3041/2882/1579 2420/2917/1579 2766/2502/1579
f 2628/2480/1579 2766/2502/1579 2287/2647/1579
f 2423/2915/1579 3041/2882/1579 2628/2480/1579
f 3042/2879/1579 2256/1843/1579 2625/2409/1579
f 3024/2881/1579 2625/2409/1579 2420/2917/1579
f 2492/2914/1579 3042/2879/1579 3024/2881/1579
f 3043/2876/1579 2491/2918/1579 3019/2871/1579
f 2765/2407/1579 3019/2871/1579 2419/2919/1579
f 2241/2920/1579 3043/2876/1579 2765/2407/1579
f 2760/2304/1583 2660/1779/1583 2622/2304/1583
f 2754/2522/1579 2701/2866/1579 2618/2299/1579
f 2419/2919/1579 3044/2873/1579 2624/2506/1579
f 2758/2566/1579 2822/2587/1579 2617/2865/1579
f 2760/2304/1579 2661/2445/1579 2613/2586/1579
f 2491/2918/1579 3045/2870/1579 3020/2872/1579
f 2821/2921/1579 2764/2795/1579 2609/2585/1579
f 2824/2867/1579 2762/2523/1579 2560/2533/1579
f 2574/2921/1581 2609/2585/1581 3273/2585/1581
f 2675/2795/1583 2825/2305/1583 2828/2795/1583
f 2826/2304/1583 2760/2304/1583 2622/2304/1583
f 3275/2533/1581 2663/2526/1581 2974/2526/1581
f 2612/2568/1587 3016/1769/1587 2283/1769/1587
f 3053/2861/1588 3187/2860/1588 2858/2861/1588
f 2756/2386/1587 3188/1814/1587 2410/1814/1587
f 3197/2510/1588 3184/2509/1588 2829/2510/1588
f 2545/2922/1589 3163/1804/1589 3238/2923/1589
f 2611/2577/1587 3284/1788/1587 2259/1788/1587
f 2411/1794/1587 3172/2542/1587 2616/2542/1587
f 2835/2538/1590 3190/2924/1590 2446/2924/1590
f 2230/1785/1589 3192/2925/1589 2518/2925/1589
f 2257/1766/1589 3243/2869/1589 2557/2869/1589
f 2834/2535/1590 3285/1821/1590 2301/1821/1590
f 2847/2562/1590 3049/2926/1590 2449/2926/1590
f 3052/2864/1579 2488/2927/1579 3007/2859/1579
f 2753/2381/1579 3007/2859/1579 2407/1755/1579
f 2252/1751/1579 3052/2864/1579 2753/2381/1579
f 2647/2928/1589 3285/1821/1589 3051/2928/1589
f 2846/2559/1590 3010/2929/1590 2316/2929/1590
f 2407/1755/1579 3053/2861/1579 2612/2568/1579
f 2340/1801/1589 3046/2930/1589 2686/2930/1589
f 2752/2378/1587 3236/2931/1587 2406/1774/1587
f 2488/2927/1579 3054/2858/1579 3008/2860/1579
f 3282/2368/1579 3056/2855/1579 2746/2613/1579
f 2748/2370/1582 3550/2932/1582 3154/2932/1582
f 2300/1896/1582 3543/2689/1582 2915/2689/1582
f 2911/2680/1580 3548/2685/1580 3124/2685/1580
f 2608/2590/1581 3518/2933/1581 2282/2933/1581
f 2262/2934/1581 3527/2373/1581 2749/2373/1581
f 2455/2935/1582 3529/2607/1582 2870/2607/1582
f 2871/2610/1582 3531/2935/1582 2455/2935/1582
f 2282/2933/1581 3541/2370/1581 2748/2370/1581
f 3137/2483/1579 3281/2652/1579 3060/2854/1579
f 3281/2652/1579 3059/2646/1579 3000/2413/1579
f 3203/2493/1580 3446/2491/1580 2807/2491/1580
f 2890/2400/1584 2408/2936/1584 2412/2400/1584
f 3250/2518/1581 2413/2514/1581 2874/2514/1581
f 2395/2936/1584 2355/2394/1584 2408/2936/1584
f 2703/2595/1580 3460/2493/1580 3203/2493/1580
f 2264/2937/1582 2231/2604/1582 2747/2604/1582
f 2461/2938/1584 2404/2397/1584 2353/2938/1584
f 3061/2853/1579 2486/2939/1579 2995/2848/1579
f 2741/2360/1579 2995/2848/1579 2396/1842/1579
f 2255/2940/1579 3061/2853/1579 2741/2360/1579
f 3062/2850/1579 2393/2941/1579 2738/2653/1579
f 2601/2639/1579 2738/2653/1579 2280/1846/1579
f 2396/1842/1579 3062/2850/1579 2601/2639/1579
f 3063/2847/1579 2265/2942/1579 2598/2353/1579
f 2996/2849/1579 2598/2353/1579 2393/2941/1579
f 2486/2939/1579 3063/2847/1579 2996/2849/1579
f 3064/2844/1579 2485/2943/1579 2991/2839/1579
f 2737/2944/1579 2991/2839/1579 2392/2945/1579
f 2266/2946/1579 3064/2844/1579 2737/2944/1579
f 3065/2841/1579 2389/2947/1579 2734/2675/1579
f 2597/2350/1579 2734/2675/1579 2279/2948/1579
f 2392/2945/1579 3065/2841/1579 2597/2350/1579
f 3066/2838/1579 2235/2949/1579 2594/2346/1579
f 2992/2840/1579 2594/2346/1579 2389/2947/1579
f 2485/2943/1579 3066/2838/1579 2992/2840/1579
f 3067/2344/1579 2484/2950/1579 2987/2833/1579
f 2910/2615/1582 3055/2614/1582 2388/2614/1582
f 2567/2368/1581 2746/2613/1581 3259/2613/1581
f 3068/2835/1579 2385/2951/1579 2731/2701/1579
f 2593/2678/1579 2731/2701/1579 2278/2952/1579
f 2388/2614/1579 3068/2835/1579 2593/2678/1579
f 3069/2832/1579 2268/1890/1579 2590/2338/1579
f 2988/2834/1579 2590/2338/1579 2385/2951/1579
f 2484/2950/1579 3069/2832/1579 2988/2834/1579
f 3070/2829/1579 2483/2953/1579 2983/2824/1579
f 2730/2336/1579 2983/2824/1579 2384/2954/1579
f 2254/2955/1579 3070/2829/1579 2730/2336/1579
f 3071/2826/1579 2381/2956/1579 2727/2724/1579
f 2589/2705/1579 2727/2724/1579 2277/2957/1579
f 2384/2954/1579 3071/2826/1579 2589/2705/1579
f 3072/2823/1579 2269/1851/1579 2586/2329/1579
f 2984/2825/1579 2586/2329/1579 2381/2956/1579
f 2483/2953/1579 3072/2823/1579 2984/2825/1579
f 3073/2820/1579 2482/2958/1579 2979/2815/1579
f 2726/2327/1579 2979/2815/1579 2380/2959/1579
f 2270/2960/1579 3073/2820/1579 2726/2327/1579
f 3074/2817/1579 2377/2961/1579 2723/2748/1579
f 2585/2728/1579 2723/2748/1579 2276/2962/1579
f 2380/2959/1579 3074/2817/1579 2585/2728/1579
f 3075/2814/1579 2239/2963/1579 2582/2321/1579
f 2980/2816/1579 2582/2321/1579 2377/2961/1579
f 2482/2958/1579 3075/2814/1579 2980/2816/1579
f 3076/2812/1579 2481/2964/1579 2975/2809/1579
f 2722/2319/1579 2975/2809/1579 2376/2965/1579
f 2271/2966/1579 3076/2812/1579 2722/2319/1579
f 3077/2811/1579 2373/2967/1579 2719/2774/1579
f 2581/2752/1579 2719/2774/1579 2275/2968/1579
f 2376/2965/1579 3077/2811/1579 2581/2752/1579
f 3078/2808/1579 2272/1812/1579 2578/2312/1579
f 2976/2810/1579 2578/2312/1579 2373/2967/1579
f 2481/2964/1579 3078/2808/1579 2976/2810/1579
f 3079/2806/1579 2480/2969/1579 2971/2801/1579
f 2718/2310/1579 2971/2801/1579 2372/1761/1579
f 2248/2970/1579 3079/2806/1579 2718/2310/1579
f 3080/2803/1579 2369/2971/1579 2715/2796/1579
f 2577/2778/1579 2715/2796/1579 2274/2972/1579
f 2372/1761/1579 3080/2803/1579 2577/2778/1579
f 3081/2800/1579 2273/1764/1579 2574/2921/1579
f 2972/2802/1579 2574/2921/1579 2369/2971/1579
f 2480/2969/1579 3081/2800/1579 2972/2802/1579
f 3082/2797/1579 2479/2525/1579 2967/2522/1579
f 2717/2307/1579 2967/2522/1579 2371/2973/1579
f 2274/2972/1579 3082/2797/1579 2717/2307/1579
f 2977/2534/1582 2560/2533/1582 3275/2533/1582
f 2576/2787/1579 2673/2300/1579 2271/2966/1579
f 2371/2973/1579 3083/2299/1579 2576/2787/1579
f 2367/1799/1580 2762/2523/1580 2713/2523/1580
f 2711/2588/1580 2613/2586/1580 3221/2586/1580
f 2969/2565/1584 2609/2585/1584 2699/2565/1584
f 3085/2794/1579 2478/2974/1579 2963/2789/1579
f 2659/2975/1579 2963/2789/1579 2313/1781/1579
f 2257/1766/1579 3085/2794/1579 2659/2975/1579
f 3086/2791/1579 2366/2976/1579 2712/2757/1579
f 2518/2925/1579 2712/2757/1579 2230/1785/1579
f 2313/1781/1579 3086/2791/1579 2518/2925/1579
f 3087/2788/1579 2271/2966/1579 2571/2318/1579
f 2964/2790/1579 2571/2318/1579 2366/2976/1579
f 2478/2974/1579 3087/2788/1579 2964/2790/1579
f 3088/2785/1579 2477/2977/1579 2959/2780/1579
f 2698/2273/1579 2959/2780/1579 2352/1762/1579
f 2216/1748/1579 3088/2785/1579 2698/2273/1579
f 3089/2782/1579 2370/2978/1579 2716/2792/1579
f 2557/2869/1579 2716/2792/1579 2257/1766/1579
f 2352/1762/1579 3089/2782/1579 2557/2869/1579
f 3090/2779/1579 2274/2972/1579 2575/2306/1579
f 2960/2781/1579 2575/2306/1579 2370/2978/1579
f 2477/2977/1579 3090/2779/1579 2960/2781/1579
f 3091/2776/1579 2476/2979/1579 2955/2771/1579
f 2721/2316/1579 2955/2771/1579 2375/2980/1579
f 2275/2968/1579 3091/2776/1579 2721/2316/1579
f 3092/2773/1579 2310/2981/1579 2656/2827/1579
f 2580/2761/1579 2656/2827/1579 2254/2955/1579
f 2375/2980/1579 3092/2773/1579 2580/2761/1579
f 3093/2770/1579 2227/2982/1579 2515/2983/1579
f 2956/2772/1579 2515/2983/1579 2310/2981/1579
f 2476/2979/1579 3093/2770/1579 2956/2772/1579
f 3094/2768/1579 2475/2984/1579 2951/2763/1579
f 2647/2928/1579 2951/2763/1579 2301/1821/1579
f 2245/1804/1579 3094/2768/1579 2647/2928/1579
f 3095/2765/1579 2349/2985/1579 2695/2710/1579
f 2506/2536/1579 2695/2710/1579 2218/1824/1579
f 2301/1821/1579 3095/2765/1579 2506/2536/1579
f 3096/2762/1579 2254/2955/1579 2554/2335/1579
f 2952/2764/1579 2554/2335/1579 2349/2985/1579
f 2475/2984/1579 3096/2762/1579 2952/2764/1579
f 3097/2759/1579 2474/2986/1579 2947/2754/1579
f 2686/2930/1579 2947/2754/1579 2340/1801/1579
f 2230/1785/1579 3097/2759/1579 2686/2930/1579
f 3098/2756/1579 2374/2987/1579 2720/2766/1579
f 2545/2922/1579 2720/2766/1579 2245/1804/1579
f 2340/1801/1579 3098/2756/1579 2545/2922/1579
f 3099/2753/1579 2275/2968/1579 2579/2315/1579
f 2948/2755/1579 2579/2315/1579 2374/2987/1579
f 2474/2986/1579 3099/2753/1579 2948/2755/1579
f 3100/2750/1579 2473/2988/1579 2943/2745/1579
f 2725/2324/1579 2943/2745/1579 2379/2989/1579
f 2276/2962/1579 3100/2750/1579 2725/2324/1579
f 3101/2747/1579 2298/2990/1579 2645/2891/1579
f 2584/2736/1579 2645/2891/1579 2243/2910/1579
f 2379/2989/1579 3101/2747/1579 2584/2736/1579
f 3102/2744/1579 2214/2991/1579 2503/2267/1579
f 2944/2746/1579 2503/2267/1579 2298/2990/1579
f 2473/2988/1579 3102/2744/1579 2944/2746/1579
f 3103/2742/1579 2472/2992/1579 2939/2738/1579
f 2674/2313/1579 2939/2738/1579 2328/1819/1579
f 2272/1812/1579 3103/2742/1579 2674/2313/1579
f 3104/2296/1579 2338/2464/1579 2684/2463/1579
f 2710/2993/1581 3484/1837/1581 2364/1837/1581
f 2328/1819/1579 3104/2296/1579 2533/2295/1579
f 3105/2737/1579 2243/2910/1579 2543/2422/1579
f 2940/2739/1579 2543/2422/1579 2338/2464/1579
f 2472/2992/1579 3105/2737/1579 2940/2739/1579
f 3106/2734/1579 2471/2994/1579 2935/2730/1579
f 2713/2523/1579 2935/2730/1579 2367/1799/1579
f 2234/1783/1579 3106/2734/1579 2713/2523/1579
f 3107/2732/1579 2378/2995/1579 2724/2740/1579
f 2572/2807/1579 2724/2740/1579 2272/1812/1579
f 2367/1799/1579 3107/2732/1579 2572/2807/1579
f 3108/2729/1579 2276/2962/1579 2583/2323/1579
f 2936/2731/1579 2583/2323/1579 2378/2995/1579
f 2471/2994/1579 3108/2729/1579 2936/2731/1579
f 3109/2726/1579 2470/2996/1579 2931/2721/1579
f 2729/2333/1579 2931/2721/1579 2383/2997/1579
f 2277/2957/1579 3109/2726/1579 2729/2333/1579
f 3110/2723/1579 2323/2998/1579 2669/2345/1579
f 2588/2284/1579 2669/2345/1579 2267/2283/1579
f 2383/2997/1579 3110/2723/1579 2588/2284/1579
f 3111/2720/1579 2233/1870/1579 2528/2292/1579
f 2932/2722/1579 2528/2292/1579 2323/2998/1579
f 2470/2996/1579 3111/2720/1579 2932/2722/1579
f 3112/2719/1579 2469/2999/1579 2927/2714/1579
f 2658/2410/1579 2927/2714/1579 2312/3000/1579
f 2256/1843/1579 3112/2719/1579 2658/2410/1579
f 3113/2716/1579 2362/3001/1579 2708/2683/1579
f 2517/2497/1579 2708/2683/1579 2229/1872/1579
f 2312/3000/1579 3113/2716/1579 2517/2497/1579
f 2987/2833/1580 3002/2344/1580 3067/2344/1580
f 2928/2715/1579 2567/2368/1579 2362/3001/1579
f 2469/2999/1579 3114/2367/1579 2928/2715/1579
f 3115/2712/1579 2468/3002/1579 2923/2707/1579
f 2697/2270/1579 2923/2707/1579 2351/1839/1579
f 2218/1824/1579 3115/2712/1579 2697/2270/1579
f 3116/2709/1579 2382/3003/1579 2728/2717/1579
f 2556/2878/1579 2728/2717/1579 2256/1843/1579
f 2351/1839/1579 3116/2709/1579 2556/2878/1579
f 3117/2706/1579 2277/2957/1579 2587/2332/1579
f 2924/2708/1579 2587/2332/1579 2382/3003/1579
f 2468/3002/1579 3117/2706/1579 2924/2708/1579
f 3118/2703/1579 2467/3004/1579 2919/2698/1579
f 2733/2342/1579 2919/2698/1579 2387/3005/1579
f 2278/2952/1579 3118/2703/1579 2733/2342/1579
f 3119/2700/1579 2335/3006/1579 2540/3007/1579
f 2592/2687/1579 2540/3007/1579 2240/3008/1579
f 2387/3005/1579 3119/2700/1579 2592/2687/1579
f 3120/2697/1579 2224/3009/1579 2681/3010/1579
f 2920/2699/1579 2681/3010/1579 2335/3006/1579
f 2467/3004/1579 3120/2697/1579 2920/2699/1579
f 3121/2694/1579 2466/3011/1579 2915/2689/1579
f 2870/2607/1582 3520/1896/1582 2300/1896/1582
f 2318/3012/1584 3213/3013/1584 3522/3012/1584
f 3122/2691/1579 2295/3014/1579 2500/3015/1579
f 2505/2608/1579 2500/3015/1579 2215/3016/1579
f 2300/1896/1579 3122/2691/1579 2505/2608/1579
f 3123/2688/1579 2240/3008/1579 2642/3017/1579
f 2916/2690/1579 2642/3017/1579 2295/3014/1579
f 2466/3011/1579 3123/2688/1579 2916/2690/1579
f 3124/2685/1579 2465/3018/1579 2911/2680/1579
f 2664/3019/1584 3522/3012/1584 3521/3019/1584
f 3125/2682/1580 3542/2680/1580 2911/2680/1580
f 3125/2682/1579 2386/3020/1579 2732/2692/1579
f 2732/2692/1580 3549/2682/1580 3125/2682/1580
f 3121/2694/1580 3540/2692/1580 2732/2692/1580
f 3126/2679/1579 2278/2952/1579 2591/2341/1579
f 2912/2681/1579 2591/2341/1579 2386/3020/1579
f 2465/3018/1579 3126/2679/1579 2912/2681/1579
f 3127/2677/1579 2464/3021/1579 2907/2672/1579
f 2736/3022/1579 2907/2672/1579 2391/3023/1579
f 2279/2948/1579 3127/2677/1579 2736/3022/1579
f 3128/2674/1579 2346/3024/1579 2551/3025/1579
f 2596/2664/1579 2551/3025/1579 2251/3026/1579
f 2391/3023/1579 3128/2674/1579 2596/2664/1579
f 3129/2671/1579 1834/3027/1579 2692/3028/1579
f 2908/2673/1579 2692/3028/1579 2346/3024/1579
f 2464/3021/1579 3129/2671/1579 2908/2673/1579
f 3132/2665/1580 3470/2663/1580 2902/2663/1580
f 2670/2339/1579 2903/2666/1579 2324/3029/1579
f 2568/2831/1581 2321/1890/1581 2268/1890/1581
f 3131/2668/1579 2307/3030/1579 2512/3031/1579
f 2529/2696/1579 2512/3031/1579 2224/3009/1579
f 2324/3029/1579 3131/2668/1579 2529/2696/1579
f 3132/2665/1579 2251/3026/1579 2653/3032/1579
f 2904/2667/1579 2653/3032/1579 2307/3030/1579
f 2279/2948/1580 2232/2350/1580 2597/2350/1580
f 3133/2662/1579 2462/3033/1579 2899/2657/1579
f 2709/2293/1579 2899/2657/1579 2363/1876/1579
f 2233/1870/1579 3133/2662/1579 2709/2293/1579
f 2568/2831/1584 3480/2659/1584 3140/2831/1584
f 3130/3034/1581 3471/2666/1581 2903/2666/1581
f 2363/1876/1579 3134/2659/1579 2568/2831/1579
f 2903/2666/1582 3472/2669/1582 2463/2669/1582
f 2736/3022/1580 2263/2948/1580 2279/2948/1580
f 2904/2667/1582 3479/2665/1582 3132/2665/1582
f 3136/2655/1579 2461/2938/1579 2895/2394/1579
f 2740/2357/1579 2895/2394/1579 2395/2936/1579
f 2280/1846/1579 3136/2655/1579 2740/2357/1579
f 3153/2516/1582 2520/2515/1582 2605/2515/1582
f 2281/1885/1581 2258/2365/1581 2744/2365/1581
f 2807/2491/1580 3459/2495/1580 3202/2495/1580
f 3252/2363/1580 2522/2361/1580 2602/2361/1580
f 2667/2354/1584 3459/2495/1584 2452/2354/1584
f 2744/2365/1582 3455/2405/1582 3145/2405/1582
f 3139/2651/1579 2460/3035/1579 2891/3036/1579
f 2651/3037/1579 2891/3036/1579 2305/3038/1579
f 2249/3039/1579 3139/2651/1579 2651/3037/1579
f 2510/3040/1581 2600/3041/1581 2222/3041/1581
f 2358/2648/1580 2400/3042/1580 2892/3042/1580
f 2305/3038/1584 2524/3036/1584 2397/3038/1584
f 2890/2400/1581 3454/2402/1581 3141/2402/1581
f 2892/3042/1579 2563/2517/1579 2358/2648/1579
f 2460/3035/1579 3141/2402/1579 2892/3042/1579
f 3142/2645/1579 2459/2617/1579 2887/2641/1579
f 2690/3043/1579 2887/2641/1579 2344/1996/1579
f 2217/3044/1579 3142/2645/1579 2690/3043/1579
f 3143/2643/1579 2394/3045/1579 2739/2649/1579
f 2549/1997/1579 2739/2649/1579 2249/3039/1579
f 2344/1996/1579 3143/2643/1579 2549/1997/1579
f 3144/2640/1579 2280/1846/1579 2599/2356/1579
f 2888/2642/1579 2599/2356/1579 2394/3045/1579
f 2459/2617/1579 3144/2640/1579 2888/2642/1579
f 3145/2405/1579 2458/3046/1579 2883/2636/1579
f 2744/2365/1579 2883/2636/1579 2399/3047/1579
f 2885/2404/1582 3462/2363/1582 3252/2363/1582
f 3146/2638/1579 2331/3048/1579 2536/3049/1579
f 2604/2625/1579 2536/3049/1579 2236/1904/1579
f 2399/3047/1579 3146/2638/1579 2604/2625/1579
f 3147/2635/1579 2220/3050/1579 2677/3051/1579
f 2884/2637/1579 2677/3051/1579 2331/3048/1579
f 2458/3046/1579 3147/2635/1579 2884/2637/1579
f 3148/2632/1579 2457/3052/1579 2879/2627/1579
f 2640/3053/1579 2879/2627/1579 2293/3054/1579
f 2238/3055/1579 3148/2632/1579 2640/3053/1579
f 3149/2629/1579 2291/3056/1579 2496/3057/1579
f 2498/3058/1579 2496/3057/1579 1836/1905/1579
f 2293/3054/1579 3149/2629/1579 2498/3058/1579
f 3150/2626/1579 2236/1904/1579 2638/3059/1579
f 2880/2628/1579 2638/3059/1579 2291/3056/1579
f 2457/3052/1579 3150/2626/1579 2880/2628/1579
f 3151/2623/1579 2456/3060/1579 2875/2618/1579
f 2679/3061/1579 2875/2618/1579 2333/3062/1579
f 2222/3041/1579 3151/2623/1579 2679/3061/1579
f 3152/2620/1579 2398/3063/1579 2743/2630/1579
f 2538/3064/1579 2743/2630/1579 2238/3055/1579
f 2333/3062/1579 3152/2620/1579 2538/3064/1579
f 3153/2516/1579 2281/1885/1579 2603/2364/1579
f 2876/2619/1579 2603/2364/1579 2398/3063/1579
f 2456/3060/1579 3153/2516/1579 2876/2619/1579
f 2403/3065/1581 3517/2590/1581 2608/2590/1581
f 2748/2370/1579 2871/2610/1579 2402/3066/1579
f 2749/2373/1581 3528/3065/1581 2403/3065/1581
f 3155/2612/1579 2342/3067/1579 2547/3068/1579
f 2607/2599/1579 2547/3068/1579 2247/3069/1579
f 2402/3066/1579 3155/2612/1579 2607/2599/1579
f 3156/2609/1579 2215/3016/1579 2688/3070/1579
f 2872/2611/1579 2688/3070/1579 2342/3067/1579
f 2455/2935/1579 3156/2609/1579 2872/2611/1579
f 3157/2606/1579 2454/3071/1579 2867/2601/1579
f 2666/2362/1579 2867/2601/1579 2320/3072/1579
f 2264/2937/1579 3157/2606/1579 2666/2362/1579
f 3158/2603/1579 2303/3073/1579 2508/3074/1579
f 2525/2634/1579 2508/3074/1579 2220/3050/1579
f 2320/3072/1579 3158/2603/1579 2525/2634/1579
f 3159/2600/1579 2247/3069/1579 2649/3075/1579
f 2868/2602/1579 2649/3075/1579 2303/3073/1579
f 2454/3071/1579 3159/2600/1579 2868/2602/1579
f 3160/2597/1579 2453/3076/1579 2863/2592/1579
f 3161/2594/1580 3447/2592/1580 2863/2592/1580
f 3145/2405/1582 3448/2404/1582 2885/2404/1582
f 3161/2594/1579 2401/3077/1579 2747/2604/1579
f 3255/2355/1581 2404/2397/1581 2894/2397/1581
f 3141/2402/1581 2827/2517/1581 2563/2517/1581
f 3162/2591/1579 2282/2933/1579 2606/2369/1579
f 2864/2593/1579 2606/2369/1579 2401/3077/1579
f 2453/3076/1579 3162/2591/1579 2864/2593/1579
f 3020/2872/1591 3246/2870/1591 3164/2872/1591
f 2259/1788/1587 2837/2389/1587 2757/2389/1587
f 3045/2870/1592 3243/2869/1592 3246/2870/1592
f 2313/1781/1589 3012/2975/1589 2659/2975/1589
f 2831/2530/1590 2860/3078/1590 2445/3078/1590
f 2284/1807/1587 3240/2386/1587 2756/2386/1587
f 2545/2922/1589 3239/1801/1589 2340/1801/1589
f 2406/1774/1587 3237/2577/1587 2611/2577/1587
f 2830/2527/1590 3194/3079/1590 2414/3079/1590
f 3166/2584/1579 2451/3080/1579 2855/2579/1579
f 2655/3081/1579 2855/2579/1579 2309/3082/1579
f 2253/3083/1579 3166/2584/1579 2655/3081/1579
f 3167/2581/1579 2354/3084/1579 2700/2547/1579
f 2514/3085/1579 2700/2547/1579 2226/3086/1579
f 2309/3082/1579 3167/2581/1579 2514/3085/1579
f 3168/2578/1579 2259/1788/1579 2559/2388/1579
f 2856/2580/1579 2559/2388/1579 2354/3084/1579
f 2451/3080/1579 3168/2578/1579 2856/2580/1579
f 3169/2575/1579 2450/3087/1579 2851/2570/1579
f 2694/3088/1579 2851/2570/1579 2348/3089/1579
f 1840/2222/1579 3169/2575/1579 2694/3088/1579
f 3170/2572/1579 2405/3090/1579 2751/2582/1579
f 2553/3091/1579 2751/2582/1579 2253/3083/1579
f 2348/3089/1579 3170/2572/1579 2553/3091/1579
f 3171/2569/1579 2283/1769/1579 2610/2377/1579
f 2852/2571/1579 2610/2377/1579 2405/3090/1579
f 2450/3087/1579 3171/2569/1579 2852/2571/1579
f 2414/3079/1590 3195/2538/1590 2835/2538/1590
f 2518/2925/1589 3193/1781/1589 2313/1781/1589
f 2446/2924/1590 3191/2535/1590 2834/2535/1590
f 3173/2564/1579 2311/3092/1579 2657/2851/1579
f 2615/2551/1579 2657/2851/1579 2255/2940/1579
f 2410/1814/1579 3173/2564/1579 2615/2551/1579
f 3174/2561/1579 2228/3093/1579 2516/2287/1579
f 2848/2563/1579 2516/2287/1579 2311/3092/1579
f 2449/2926/1579 3174/2561/1579 2848/2563/1579
f 3175/2558/1579 2448/3094/1579 2843/2553/1579
f 2644/3095/1579 2843/2553/1579 2297/3096/1579
f 2242/3097/1579 3175/2558/1579 2644/3095/1579
f 3176/2555/1579 2350/3098/1579 2696/2644/1579
f 2502/3099/1579 2696/2644/1579 2217/3044/1579
f 2297/3096/1579 3176/2555/1579 2502/3099/1579
f 3177/2552/1579 2255/2940/1579 2555/2359/1579
f 2844/2554/1579 2555/2359/1579 2350/3098/1579
f 2448/3094/1579 3177/2552/1579 2844/2554/1579
f 3178/2549/1579 2447/3100/1579 2839/2544/1579
f 2683/3101/1579 2839/2544/1579 2337/3102/1579
f 2226/3086/1579 3178/2549/1579 2683/3101/1579
f 3179/2546/1579 2409/3103/1579 2755/2556/1579
f 2542/3104/1579 2755/2556/1579 2242/3097/1579
f 2337/3102/1579 3179/2546/1579 2542/3104/1579
f 3180/2543/1579 2284/1807/1579 2614/2385/1579
f 2840/2545/1579 2614/2385/1579 2409/3103/1579
f 2447/3100/1579 3180/2543/1579 2840/2545/1579
f 2624/2506/1588 3165/2873/1588 3014/3105/1588
f 2410/1814/1590 3189/2562/1590 2847/2562/1590
f 3008/2860/1588 3048/2858/1588 3187/2860/1588
f 3182/2540/1579 2299/3106/1579 2646/2883/1579
f 2619/2528/1579 2646/2883/1579 2244/2916/1579
f 2414/3079/1579 3182/2540/1579 2619/2528/1579
f 3183/2537/1579 2218/1824/1579 2504/2269/1579
f 2836/2539/1579 2504/2269/1579 2299/3106/1579
f 2446/2924/1579 3183/2537/1579 2836/2539/1579
f 2816/2509/1593 3015/2507/1593 3184/2509/1593
f 2616/2542/1587 3181/1807/1587 2284/1807/1587
f 3044/2873/1588 3164/2872/1588 3165/2873/1588
f 3185/2532/1579 2339/3107/1579 2685/2485/1579
f 2521/2560/1579 2685/2485/1579 2228/3093/1579
f 2316/2929/1579 3185/2532/1579 2521/2560/1579
f 3186/2529/1579 2244/2916/1579 2544/2414/1579
f 2832/2531/1579 2544/2414/1579 2339/3107/1579
f 2445/3078/1579 3186/2529/1579 2832/2531/1579
f 2647/2928/1589 3163/1804/1589 2245/1804/1589
f 2449/2926/1590 3050/2559/1590 2846/2559/1590
f 3054/2858/1588 2833/2857/1588 3048/2858/1588
f 2686/2930/1589 3047/1785/1589 2230/1785/1589
f 2283/1769/1587 3017/2378/1587 2752/2378/1587
f 3198/2507/1594 3014/3105/1594 3015/2507/1594
f 2659/2975/1589 3013/1766/1589 2257/1766/1589
f 2316/2929/1590 3011/2530/1590 2831/2530/1590
f 2445/3078/1590 2861/2527/1590 2830/2527/1590
f 2612/2568/1588 2858/2861/1588 2859/2568/1588
f 2757/2389/1587 2849/1794/1587 2411/1794/1587
f 2561/2857/1595 2829/2510/1595 2833/2857/1595
f 2859/2568/1596 3310/1769/1596 3016/1769/1596
f 2858/2861/1597 3398/2860/1597 3418/2861/1597
f 3240/2386/1598 3348/1814/1598 3188/1814/1598
f 2829/2510/1597 3365/2509/1597 3435/2510/1597
f 3238/2923/1599 3297/1804/1599 3296/2922/1599
f 3237/2577/1596 3308/1788/1596 3284/1788/1596
f 3172/2542/1596 3350/1794/1596 3312/2542/1596
f 3195/2538/1600 3387/2924/1600 3190/2924/1600
f 3192/2925/1599 3291/1785/1599 3290/2925/1599
f 3243/2869/1599 3299/1766/1599 3298/2869/1599
f 3191/2535/1601 3324/1821/1601 3285/1821/1601
f 3189/2562/1602 3391/2926/1602 3049/2926/1602
f 3285/1821/1599 3323/2928/1599 3051/2928/1599
f 3050/2559/1603 3332/2929/1603 3010/2929/1603
f 3239/1801/1599 3335/2930/1599 3046/2930/1599
f 3196/2513/1579 2441/3108/1579 2815/2508/1579
f 2702/2281/1579 2815/2508/1579 2356/3109/1579
f 2225/1750/1579 3196/2513/1579 2702/2281/1579
f 3017/2378/1596 3344/1774/1596 3236/2931/1596
f 3164/2872/1597 3411/2870/1597 3409/2872/1597
f 2356/3109/1579 3197/2510/1579 2561/2857/1579
f 3284/1788/1596 3349/2389/1596 2837/2389/1596
f 3246/2870/1597 3298/2869/1597 3411/2870/1597
f 2441/3108/1579 3198/2507/1579 2816/2509/1579
f 3199/2504/1579 2440/3110/1579 2811/2499/1579
f 2768/2646/1579 2811/2499/1579 2422/3111/1579
f 2287/2647/1579 3199/2504/1579 2768/2646/1579
f 3200/2501/1579 2318/3012/1579 2664/3019/1579
f 2627/2489/1579 2664/3019/1579 2262/2934/1579
f 2422/3111/1579 3200/2501/1579 2627/2489/1579
f 3201/2498/1579 2229/1872/1579 2523/3013/1579
f 2812/2500/1579 2523/3013/1579 2318/3012/1579
f 2440/3110/1579 3201/2498/1579 2812/2500/1579
f 3202/2495/1579 2439/3112/1579 2807/2491/1579
f 2605/2515/1581 2519/1885/1581 2281/1885/1581
f 2265/2942/1579 3202/2495/1579 2667/2354/1579
f 3203/2493/1579 2357/3113/1579 2703/2595/1579
f 2747/2604/1580 3458/2594/1580 3161/2594/1580
f 2895/2394/1584 2353/2938/1584 2355/2394/1584
f 3204/2490/1579 2262/2934/1579 2562/2372/1579
f 2808/2492/1579 2562/2372/1579 2357/3113/1579
f 2439/3112/1579 3204/2490/1579 2808/2492/1579
f 3205/2487/1579 2438/3114/1579 2803/2482/1579
f 2706/2288/1579 2803/2482/1579 2360/3115/1579
f 2228/3093/1579 3205/2487/1579 2706/2288/1579
f 3206/2484/1579 2421/2854/1579 2767/2494/1579
f 2565/2846/1579 2767/2494/1579 2265/2942/1579
f 2360/3115/1579 3206/2484/1579 2565/2846/1579
f 3207/2481/1579 2287/2647/1579 2626/2652/1579
f 2804/2483/1581 3060/2854/1581 2421/2854/1581
f 2438/3114/1579 3207/2481/1579 2804/2483/1579
f 3208/2478/1579 2437/3116/1579 2799/2473/1579
f 2772/2420/1579 2799/2473/1579 2426/2469/1579
f 2288/2912/1579 3208/2478/1579 2772/2420/1579
f 3209/2475/1579 2322/3117/1579 2668/2842/1579
f 2631/3118/1579 2668/2842/1579 2266/2946/1579
f 2566/2352/1581 3514/3119/1581 3256/3119/1581
f 3210/2472/1579 2219/3120/1579 2527/2290/1579
f 2800/2474/1579 2527/2290/1579 2322/3117/1579
f 2437/3116/1579 3210/2472/1579 2800/2474/1579
f 2797/3121/1580 3496/3122/1580 2425/3122/1580
f 2530/2466/1582 3511/3123/1582 3212/3123/1582
f 2771/3124/1584 3496/3122/1584 3495/3124/1584
f 3212/3123/1579 2361/2351/1579 2707/2660/1579
f 2530/2466/1579 2707/2660/1579 2233/1870/1579
f 3264/2331/1584 3493/2330/1584 3515/2331/1584
f 2737/2944/1580 3491/2946/1580 2266/2946/1580
f 3212/3123/1582 3501/3125/1582 2796/3125/1582
f 2794/2468/1580 3513/2421/1580 3230/2421/1580
f 2533/2295/1581 2905/2982/1581 2227/2982/1581
f 2435/3126/1580 3487/3127/1580 2793/3127/1580
f 2793/3127/1580 2390/2464/1580 2338/2464/1580
f 3215/2462/1579 2425/3122/1579 2771/3124/1579
f 2569/2822/1579 2771/3124/1579 2269/1851/1579
f 2364/1837/1579 3215/2462/1579 2569/2822/1579
f 3216/2459/1579 2288/2912/1579 2630/2419/1579
f 2792/2461/1579 2630/2419/1579 2425/3122/1579
f 2435/3126/1579 3216/2459/1579 2792/2461/1579
f 3217/2456/1579 2434/3128/1579 2787/2451/1579
f 2776/2428/1579 2787/2451/1579 2430/3129/1579
f 2289/2906/1579 3217/2456/1579 2776/2428/1579
f 3218/2453/1579 2326/3130/1579 2672/2818/1579
f 2635/2443/1579 2672/2818/1579 2270/2960/1579
f 2430/3129/1579 3218/2453/1579 2635/2443/1579
f 3219/2450/1579 2223/3131/1579 2531/2297/1579
f 2788/2452/1579 2531/2297/1579 2326/3130/1579
f 2434/3128/1579 3219/2450/1579 2788/2452/1579
f 3220/2305/1579 2433/2446/1579 2783/2304/1579
f 3220/2305/1583 2826/2304/1583 2825/2305/1583
f 2273/1764/1579 3220/2305/1579 2675/2795/1579
f 3221/2586/1579 2365/3132/1579 2711/2588/1579
f 2327/2524/1581 2620/2534/1581 2977/2534/1581
f 2675/2795/1583 2623/2795/1583 2764/2795/1583
f 3222/2444/1579 2270/2960/1579 2570/2326/1579
f 2784/2445/1579 2570/2326/1579 2365/3132/1579
f 2433/2446/1579 3222/2444/1579 2784/2445/1579
f 3223/2441/1579 2432/3133/1579 2779/2436/1579
f 2714/2302/1579 2779/2436/1579 2368/1760/1579
f 2221/1746/1579 3223/2441/1579 2714/2302/1579
f 3224/2438/1579 2429/3134/1579 2775/2447/1579
f 2573/2799/1579 2775/2447/1579 2273/1764/1579
f 2368/1760/1579 3224/2438/1579 2573/2799/1579
f 3225/2435/1579 2289/2906/1579 2634/2427/1579
f 2780/2437/1579 2634/2427/1579 2429/3134/1579
f 2432/3133/1579 3225/2435/1579 2780/2437/1579
f 3226/2432/1579 2431/2903/1579 2778/2433/1579
f 2781/2440/1579 2778/2433/1579 2432/3133/1579
f 2332/3135/1579 3226/2432/1579 2781/2440/1579
f 3227/2429/1579 2430/3129/1579 2782/2442/1579
f 2785/2448/1579 2782/2442/1579 2433/2446/1579
f 2429/3134/1579 3227/2429/1579 2785/2448/1579
f 3228/2426/1579 2306/3136/1579 2786/2449/1579
f 2789/2455/1579 2786/2449/1579 2434/3128/1579
f 2428/2905/1579 3228/2426/1579 2789/2455/1579
f 3229/2424/1579 2427/2909/1579 2790/2457/1579
f 2793/3127/1579 2790/2457/1579 2435/3126/1579
f 2338/2464/1579 3229/2424/1579 2793/3127/1579
f 3230/2421/1579 2426/2469/1579 2794/2468/1579
f 2797/3121/1584 3513/2421/1584 3503/3121/1584
f 2425/3122/1579 3230/2421/1579 2797/3121/1579
f 3231/2418/1579 2302/3137/1579 2798/2470/1579
f 2801/2477/1579 2798/2470/1579 2437/3116/1579
f 2424/2911/1579 3231/2418/1579 2801/2477/1579
f 3232/2416/1579 2423/2915/1579 2802/2479/1579
f 2805/2486/1579 2802/2479/1579 2438/3114/1579
f 2339/3107/1579 3232/2416/1579 2805/2486/1579
f 3233/2413/1579 2422/3111/1579 2806/2488/1579
f 2809/2412/1579 2806/2488/1579 2439/3112/1579
f 2804/2483/1584 3001/2481/1584 3137/2483/1584
f 3234/2411/1579 2312/3000/1579 2810/2496/1579
f 2813/2503/1579 2810/2496/1579 2440/3110/1579
f 2420/2917/1579 3234/2411/1579 2813/2503/1579
f 3235/2408/1579 2419/2919/1579 2814/2505/1579
f 2817/2512/1579 2814/2505/1579 2441/3108/1579
f 2336/3138/1579 3235/2408/1579 2817/2512/1579
f 3193/1781/1599 3325/2975/1599 3012/2975/1599
f 3011/2530/1602 3383/3078/1602 2860/3078/1602
f 3240/2386/1596 3313/1807/1596 3347/2386/1596
f 3239/1801/1599 3296/2922/1599 3336/1801/1599
f 3236/2931/1596 3307/2577/1596 3237/2577/1596
f 2861/2527/1604 3356/3079/1604 3194/3079/1604
f 3194/3079/1604 3386/2538/1604 3195/2538/1604
f 3192/2925/1599 3326/1781/1599 3193/1781/1599
f 3190/2924/1603 3385/2535/1603 3191/2535/1603
f 3014/3105/1597 3410/2873/1597 3322/2506/1597
f 3188/1814/1605 3390/2562/1605 3189/2562/1605
f 3187/2860/1597 3419/2858/1597 3398/2860/1597
f 3184/2509/1597 3436/2507/1597 3365/2509/1597
f 3181/1807/1596 3312/2542/1596 3313/1807/1596
f 3165/2873/1597 3409/2872/1597 3410/2873/1597
f 3241/2390/1579 2411/1794/1579 2838/2541/1579
f 2841/2548/1579 2838/2541/1579 2447/3100/1579
f 2354/3084/1579 3241/2390/1579 2841/2548/1579
f 3242/2387/1579 2410/1814/1579 2842/2550/1579
f 2845/2557/1579 2842/2550/1579 2448/3094/1579
f 2409/3103/1579 3242/2387/1579 2845/2557/1579
f 3051/2928/1599 3297/1804/1599 3163/1804/1599
f 3049/2926/1605 3389/2559/1605 3050/2559/1605
f 3048/2858/1597 3304/2857/1597 3419/2858/1597
f 3244/2382/1579 2407/1755/1579 2850/2567/1579
f 2853/2574/1579 2850/2567/1579 2450/3087/1579
f 2347/3139/1579 3244/2382/1579 2853/2574/1579
f 3245/2379/1579 2406/1774/1579 2854/2576/1579
f 2857/2583/1579 2854/2576/1579 2451/3080/1579
f 2405/3090/1579 3245/2379/1579 2857/2583/1579
f 3046/2930/1599 3291/1785/1599 3047/1785/1599
f 3016/1769/1606 3343/2378/1606 3017/2378/1606
f 3015/2507/1597 3322/2506/1597 3436/2507/1597
f 3247/2374/1579 2403/3065/1579 2862/2589/1579
f 2865/2596/1579 2862/2589/1579 2453/3076/1579
f 2357/3113/1579 3247/2374/1579 2865/2596/1579
f 3248/2371/1579 2402/3066/1579 2866/2598/1579
f 2869/2605/1579 2866/2598/1579 2454/3071/1579
f 2401/3077/1579 3248/2371/1579 2869/2605/1579
f 2915/2689/1580 3547/2694/1580 3121/2694/1580
f 2229/1872/1584 3539/2683/1584 3211/1872/1584
f 2523/3013/1584 3211/1872/1584 3213/3013/1584
f 3255/2355/1584 2452/2354/1584 3463/2355/1584
f 2877/2622/1579 2874/2514/1579 2456/3060/1579
f 2358/2648/1579 3250/2518/1579 2877/2622/1579
f 3251/2366/1579 2399/3047/1579 2878/2624/1579
f 2881/2631/1579 2878/2624/1579 2457/3052/1579
f 2398/3063/1579 3251/2366/1579 2881/2631/1579
f 3252/2363/1579 2320/3072/1579 2882/2633/1579
f 2885/2404/1579 2882/2633/1579 2458/3046/1579
f 2602/2361/1582 2329/2937/1582 2264/2937/1582
f 2886/2616/1582 2998/1842/1582 2396/1842/1582
f 3253/2286/1584 2999/2360/1584 2705/2286/1584
f 2350/3098/1579 3253/2286/1579 2889/2285/1579
f 3254/2358/1579 2395/2936/1579 2890/2400/1579
f 2893/2650/1579 2890/2400/1579 2460/3035/1579
f 2394/3045/1579 3254/2358/1579 2893/2650/1579
f 3160/2597/1580 2260/2595/1580 2703/2595/1580
f 2897/2654/1579 2894/2397/1579 2461/2938/1579
f 2393/2941/1579 3255/2355/1579 2897/2654/1579
f 3256/3119/1579 2392/2945/1579 2898/2656/1579
f 2901/2661/1579 2898/2656/1579 2462/3033/1579
f 2361/2351/1579 3256/3119/1579 2901/2661/1579
f 3134/2659/1584 3469/2658/1584 3480/2659/1584
f 2670/2339/1582 3478/3034/1582 3130/3034/1582
f 2902/2663/1582 3468/3023/1582 2391/3023/1582
f 3258/2348/1579 2290/3140/1579 2906/2670/1579
f 2909/2676/1579 2906/2670/1579 2464/3021/1579
f 2389/2947/1579 3258/2348/1579 2909/2676/1579
f 3259/2613/1581 3005/2615/1581 2910/2615/1581
f 2913/2684/1579 2910/2615/1579 2465/3018/1579
f 2362/3001/1579 3259/2613/1579 2913/2684/1579
f 3260/2343/1579 2387/3005/1579 2914/2686/1579
f 2917/2693/1579 2914/2686/1579 2466/3011/1579
f 2386/3020/1579 3260/2343/1579 2917/2693/1579
f 3261/2340/1579 2324/3029/1579 2918/2695/1579
f 2921/2702/1579 2918/2695/1579 2467/3004/1579
f 2385/2951/1579 3261/2340/1579 2921/2702/1579
f 3262/2337/1579 2384/2954/1579 2922/2704/1579
f 2925/2711/1579 2922/2704/1579 2468/3002/1579
f 2349/2985/1579 3262/2337/1579 2925/2711/1579
f 3263/2334/1579 2383/2997/1579 2926/2713/1579
f 2929/2718/1579 2926/2713/1579 2469/2999/1579
f 2382/3003/1579 3263/2334/1579 2929/2718/1579
f 2269/1851/1581 3493/2330/1581 2671/2330/1581
f 2933/2725/1579 2930/2467/1579 2470/2996/1579
f 2381/2956/1579 3264/2331/1579 2933/2725/1579
f 3265/2328/1579 2380/2959/1579 2934/2727/1579
f 2937/2733/1579 2934/2727/1579 2471/2994/1579
f 2365/3132/1579 3265/2328/1579 2937/2733/1579
f 3266/2325/1579 2379/2989/1579 2938/2735/1579
f 2941/2741/1579 2938/2735/1579 2472/2992/1579
f 2378/2995/1579 3266/2325/1579 2941/2741/1579
f 3267/2322/1579 2294/3141/1579 2942/2743/1579
f 2945/2749/1579 2942/2743/1579 2473/2988/1579
f 2377/2961/1579 3267/2322/1579 2945/2749/1579
f 3268/2320/1579 2376/2965/1579 2946/2751/1579
f 2949/2758/1579 2946/2751/1579 2474/2986/1579
f 2366/2976/1579 3268/2320/1579 2949/2758/1579
f 3269/2317/1579 2375/2980/1579 2950/2760/1579
f 2953/2767/1579 2950/2760/1579 2475/2984/1579
f 2374/2987/1579 3269/2317/1579 2953/2767/1579
f 3270/2314/1579 2328/1819/1579 2954/2769/1579
f 2957/2775/1579 2954/2769/1579 2476/2979/1579
f 2373/2967/1579 3270/2314/1579 2957/2775/1579
f 3271/2311/1579 2372/1761/1579 2958/2777/1579
f 2961/2784/1579 2958/2777/1579 2477/2977/1579
f 2343/3142/1579 3271/2311/1579 2961/2784/1579
f 3272/2308/1579 2371/2973/1579 2962/2786/1579
f 2965/2793/1579 2962/2786/1579 2478/2974/1579
f 2370/2978/1579 3272/2308/1579 2965/2793/1579
f 2828/2795/1584 2621/2305/1584 2623/2795/1584
f 2574/2921/1584 2820/1764/1584 2821/2921/1584
f 2369/2971/1579 3273/2585/1579 2969/2565/1579
f 3274/2303/1579 2368/1760/1579 2970/2798/1579
f 2973/2805/1579 2970/2798/1579 2480/2969/1579
f 2304/3143/1579 3274/2303/1579 2973/2805/1579
f 2969/2565/1581 2750/2525/1581 2479/2525/1581
f 2977/2534/1579 2974/2526/1579 2481/2964/1579
f 3221/2586/1582 2661/2445/1582 2784/2445/1582
f 3276/2298/1579 2334/3144/1579 2978/2813/1579
f 2981/2819/1579 2978/2813/1579 2482/2958/1579
f 2326/3130/1579 3276/2298/1579 2981/2819/1579
f 3277/3145/1579 2364/1837/1579 2982/2821/1579
f 2985/2828/1579 2982/2821/1579 2483/2953/1579
f 2310/2981/1579 3277/3145/1579 2985/2828/1579
f 3278/2294/1579 2363/1876/1579 2986/2830/1579
f 2989/2836/1579 2986/2830/1579 2484/2950/1579
f 2323/2998/1579 3278/2294/1579 2989/2836/1579
f 3279/2291/1579 2330/3146/1579 2990/2837/1579
f 2993/2843/1579 2990/2837/1579 2485/2943/1579
f 2322/3117/1579 3279/2291/1579 2993/2843/1579
f 3280/2289/1579 2360/3115/1579 2994/2845/1579
f 2997/2852/1579 2994/2845/1579 2486/2939/1579
f 2311/3092/1579 3280/2289/1579 2997/2852/1579
f 2863/2592/1580 3457/2597/1580 3160/2597/1580
f 2874/2514/1581 3456/2516/1581 3153/2516/1581
f 2563/2517/1581 3461/2518/1581 3250/2518/1581
f 3154/2932/1581 3530/2610/1581 2871/2610/1581
f 2262/2934/1584 3521/3019/1584 3538/2934/1584
f 3124/2685/1580 3539/2683/1580 2708/2683/1580
f 3283/2282/1579 2356/3109/1579 3006/2856/1579
f 3009/2863/1579 3006/2856/1579 2488/2927/1579
f 2308/3147/1579 3283/2282/1579 3009/2863/1579
f 3013/1766/1599 3325/2975/1599 3299/1766/1599
f 3010/2929/1600 3382/2530/1600 3011/2530/1600
f 2860/3078/1604 3381/2527/1604 2861/2527/1604
f 2859/2568/1597 3418/2861/1597 3309/2568/1597
f 2849/1794/1596 3349/2389/1596 3350/1794/1596
f 2833/2857/1597 3435/2510/1597 3304/2857/1597
f 3286/2274/1579 2352/1762/1579 3018/2868/1579
f 3021/2875/1579 3018/2868/1579 2491/2918/1579
f 2296/3148/1579 3286/2274/1579 3021/2875/1579
f 3287/2271/1579 2351/1839/1579 3022/2877/1579
f 3025/2884/1579 3022/2877/1579 2492/2914/1579
f 2299/3106/1579 3287/2271/1579 3025/2884/1579
f 3288/2268/1579 2341/3149/1579 3026/2886/1579
f 3029/2892/1579 3026/2886/1579 2493/2908/1579
f 2298/2990/1579 3288/2268/1579 3029/2892/1579
f 3289/1994/1579 2345/3150/1579 3030/2894/1579
f 3033/2900/1579 3030/2894/1579 2494/2902/1579
f 2292/3151/1579 3289/1994/1579 3033/2900/1579
f 3292/3152/1579 3335/2930/1579 3445/3153/1579
f 3293/3154/1579 3339/3155/1579 3444/3156/1579
f 3306/3157/1579 3333/3158/1579 3443/3159/1579
f 3311/3160/1579 3331/3161/1579 3442/3162/1579
f 3314/3163/1579 3323/2928/1579 3441/3164/1579
f 3315/3165/1579 3355/3166/1579 3440/3167/1579
f 3300/3168/1579 3357/3169/1579 3439/3170/1579
f 3318/3171/1579 3325/2975/1579 3438/3172/1579
f 3319/3173/1579 3363/3174/1579 3437/3175/1579
f 3366/3176/1579 3321/3177/1579 3434/3178/1579
f 3367/3179/1579 3369/3180/1579 3433/3181/1579
f 3361/3182/1579 3370/3183/1579 3432/3184/1579
f 3371/3185/1579 3290/2925/1579 3431/3186/1579
f 3372/3187/1579 3374/3188/1579 3430/3189/1579
f 3359/3190/1579 3375/3191/1579 3429/3192/1579
f 3376/3193/1579 3317/3194/1579 3428/3195/1579
f 3377/3196/1579 3379/3197/1579 3427/3198/1579
f 3337/3199/1579 3380/3200/1579 3426/3201/1579
f 3353/3202/1579 3384/3203/1579 3425/3204/1579
f 3351/3205/1579 3388/3206/1579 3424/3207/1579
f 3345/3208/1579 3392/3209/1579 3423/3210/1579
f 3393/3211/1579 3295/3212/1579 3422/3213/1579
f 3394/3214/1579 3396/3215/1579 3421/3216/1579
f 3341/3217/1579 3397/3218/1579 3420/3219/1579
f 3399/3220/1579 3302/3221/1579 3417/3222/1579
f 3400/3223/1579 3402/3224/1579 3416/3225/1579
f 3329/3226/1579 3403/3227/1579 3415/3228/1579
f 3404/3229/1579 3296/2922/1579 3414/3230/1579
f 3405/3231/1579 3407/3232/1579 3413/3233/1579
f 3327/3234/1579 3408/3235/1579 3412/3236/1579
f 3410/2873/1579 3360/3237/1579 3359/3190/1579
f 3322/2506/1579 3359/3190/1579 3320/3238/1579
f 3411/2870/1579 3299/1766/1579 3318/3171/1579
f 3409/2872/1579 3318/3171/1579 3360/3237/1579
f 3412/3236/1579 3406/3239/1579 3405/3231/1579
f 3357/3169/1579 3405/3231/1579 3358/3240/1579
f 3301/3241/1579 3412/3236/1579 3357/3169/1579
f 3413/3233/1579 3352/3242/1579 3351/3205/1579
f 3317/3194/1579 3351/3205/1579 3316/3243/1579
f 3358/3240/1579 3413/3233/1579 3317/3194/1579
f 3414/3230/1579 3297/1804/1579 3314/3163/1579
f 3407/3232/1579 3314/3163/1579 3352/3242/1579
f 3406/3239/1579 3414/3230/1579 3407/3232/1579
f 3415/3228/1579 3401/3244/1579 3400/3223/1579
f 3349/2389/1579 3400/3223/1579 3350/1794/1579
f 3308/1788/1579 3415/3228/1579 3349/2389/1579
f 3416/3225/1579 3346/3245/1579 3345/3208/1579
f 3312/2542/1579 3345/3208/1579 3313/1807/1579
f 3350/1794/1579 3416/3225/1579 3312/2542/1579
f 3417/3222/1579 3303/3246/1579 3311/3160/1579
f 3402/3224/1579 3311/3160/1579 3346/3245/1579
f 3401/3244/1579 3417/3222/1579 3402/3224/1579
f 3418/2861/1579 3342/3247/1579 3341/3217/1579
f 3309/2568/1579 3341/3217/1579 3310/1769/1579
f 3419/2858/1579 3305/3248/1579 3306/3157/1579
f 3398/2860/1579 3306/3157/1579 3342/3247/1579
f 3420/3219/1579 3395/3249/1579 3394/3214/1579
f 3343/2378/1579 3394/3214/1579 3344/1774/1579
f 3310/1769/1579 3420/3219/1579 3343/2378/1579
f 3421/3216/1579 3330/3250/1579 3329/3226/1579
f 3307/2577/1579 3329/3226/1579 3308/1788/1579
f 3344/1774/1579 3421/3216/1579 3307/2577/1579
f 3422/3213/1579 3294/3251/1579 3293/3154/1579
f 3396/3215/1579 3293/3154/1579 3330/3250/1579
f 3395/3249/1579 3422/3213/1579 3396/3215/1579
f 3423/3210/1579 3391/2926/1579 3390/2562/1579
f 3347/2386/1579 3390/2562/1579 3348/1814/1579
f 3313/1807/1579 3423/3210/1579 3347/2386/1579
f 3424/3207/1579 3387/2924/1579 3386/2538/1579
f 3355/3166/1579 3386/2538/1579 3356/3079/1579
f 3316/3243/1579 3424/3207/1579 3355/3166/1579
f 3425/3204/1579 3383/3078/1579 3382/2530/1579
f 3331/3161/1579 3382/2530/1579 3332/2929/1579
f 3303/3246/1579 3425/3204/1579 3331/3161/1579
f 3426/3201/1579 3378/3252/1579 3377/3196/1579
f 3339/3155/1579 3377/3196/1579 3340/3253/1579
f 3294/3251/1579 3426/3201/1579 3339/3155/1579
f 3427/3198/1579 3354/3254/1579 3353/3202/1579
f 3302/3221/1579 3353/3202/1579 3303/3246/1579
f 3340/3253/1579 3427/3198/1579 3302/3221/1579
f 3428/3195/1579 3316/3243/1579 3315/3165/1579
f 3379/3197/1579 3315/3165/1579 3354/3254/1579
f 3378/3252/1579 3428/3195/1579 3379/3197/1579
f 3429/3192/1579 3373/3255/1579 3372/3187/1579
f 3363/3174/1579 3372/3187/1579 3364/3256/1579
f 3320/3238/1579 3429/3192/1579 3363/3174/1579
f 3430/3189/1579 3328/3257/1579 3327/3234/1579
f 3321/3177/1579 3327/3234/1579 3301/3241/1579
f 3364/3256/1579 3430/3189/1579 3321/3177/1579
f 3431/3186/1579 3291/1785/1579 3292/3152/1579
f 3374/3188/1579 3292/3152/1579 3328/3257/1579
f 3373/3255/1579 3431/3186/1579 3374/3188/1579
f 3432/3184/1579 3368/3258/1579 3367/3179/1579
f 3333/3158/1579 3367/3179/1579 3334/3259/1579
f 3305/3248/1579 3432/3184/1579 3333/3158/1579
f 3433/3181/1579 3338/3260/1579 3337/3199/1579
f 3295/3212/1579 3337/3199/1579 3294/3251/1579
f 3334/3259/1579 3433/3181/1579 3295/3212/1579
f 3434/3178/1579 3301/3241/1579 3300/3168/1579
f 3369/3180/1579 3300/3168/1579 3338/3260/1579
f 3368/3258/1579 3434/3178/1579 3369/3180/1579
f 3435/2510/1579 3362/3261/1579 3361/3182/1579
f 3304/2857/1579 3361/3182/1579 3305/3248/1579
f 3436/2507/1579 3320/3238/1579 3319/3173/1579
f 3365/2509/1579 3319/3173/1579 3362/3261/1579
f 3437/3175/1579 3364/3256/1579 3366/3176/1579
f 3370/3183/1579 3366/3176/1579 3368/3258/1579
f 3362/3261/1579 3437/3175/1579 3370/3183/1579
f 3438/3172/1579 3326/1781/1579 3371/3185/1579
f 3375/3191/1579 3371/3185/1579 3373/3255/1579
f 3360/3237/1579 3438/3172/1579 3375/3191/1579
f 3439/3170/1579 3358/3240/1579 3376/3193/1579
f 3380/3200/1579 3376/3193/1579 3378/3252/1579
f 3338/3260/1579 3439/3170/1579 3380/3200/1579
f 3440/3167/1579 3356/3079/1579 3381/2527/1579
f 3384/3203/1579 3381/2527/1579 3383/3078/1579
f 3354/3254/1579 3440/3167/1579 3384/3203/1579
f 3441/3164/1579 3324/1821/1579 3385/2535/1579
f 3388/3206/1579 3385/2535/1579 3387/2924/1579
f 3352/3242/1579 3441/3164/1579 3388/3206/1579
f 3442/3162/1579 3332/2929/1579 3389/2559/1579
f 3392/3209/1579 3389/2559/1579 3391/2926/1579
f 3346/3245/1579 3442/3162/1579 3392/3209/1579
f 3443/3159/1579 3334/3259/1579 3393/3211/1579
f 3397/3218/1579 3393/3211/1579 3395/3249/1579
f 3342/3247/1579 3443/3159/1579 3397/3218/1579
f 3444/3156/1579 3340/3253/1579 3399/3220/1579
f 3403/3227/1579 3399/3220/1579 3401/3244/1579
f 3330/3250/1579 3444/3156/1579 3403/3227/1579
f 3445/3153/1579 3336/1801/1579 3404/3229/1579
f 3408/3235/1579 3404/3229/1579 3406/3239/1579
f 3328/3257/1579 3445/3153/1579 3408/3235/1579
f 2534/3262/1579 3449/2278/1579 2416/2275/1579
f 3450/2384/1579 2417/3263/1579 2418/2403/1579
f 2520/2515/1579 2418/2403/1579 2519/1885/1579
f 2415/2277/1579 3450/2384/1579 2520/2515/1579
f 3451/2393/1579 2329/2937/1579 2522/2361/1579
f 2285/2383/1579 2522/2361/1579 2417/3263/1579
f 2286/2279/1579 3451/2393/1579 2285/2383/1579
f 3452/2396/1579 2489/3264/1579 2490/2375/1579
f 2558/2401/1579 2490/2375/1579 2534/3262/1579
f 2408/2936/1579 3452/2396/1579 2558/2401/1579
f 3453/2399/1579 2968/3265/1579 3084/2519/1579
f 2317/2395/1579 3084/2519/1579 2489/3264/1579
f 2353/2938/1579 3453/2399/1579 2317/2395/1579
f 3454/2402/1579 2534/3262/1579 2827/2517/1579
f 2519/1885/1579 3455/2405/1579 2258/2365/1579
f 2443/2520/1579 3447/2592/1579 2442/3266/1579
f 2968/3265/1579 3457/2597/1579 2443/2520/1579
f 2532/2392/1579 2231/2604/1579 2329/2937/1579
f 2442/3266/1579 3458/2594/1579 2532/2392/1579
f 2452/2354/1579 3446/2491/1579 2444/3267/1579
f 2966/2398/1579 2260/2595/1579 2968/3265/1579
f 2444/3267/1579 3460/2493/1579 2966/2398/1579
f 3461/2518/1579 2415/2277/1579 2413/2514/1579
f 2417/3263/1579 3462/2363/1579 3448/2404/1579
f 3463/2355/1579 2444/3267/1579 2404/2397/1579
f 3464/2521/1579 2442/3266/1579 2315/2391/1579
f 2261/2376/1579 2315/2391/1579 2286/2279/1579
f 2489/3264/1579 3464/2521/1579 2261/2376/1579
f 2889/2285/1581 2742/2617/1581 2459/2617/1581
f 2459/2617/1582 2896/2616/1582 2886/2616/1582
f 2524/3036/1579 2400/3042/1579 2359/3268/1579
f 2359/3268/1579 2526/2648/1579 2564/2621/1579
f 2665/3040/1579 2564/2621/1579 2600/3041/1579
f 2397/3038/1579 2359/3268/1579 2665/3040/1579
f 2222/3041/1582 2564/2621/1582 2704/2621/1582
f 2305/3038/1581 2665/3040/1581 2510/3040/1581
f 2892/3042/1580 2487/3035/1580 2460/3035/1580
f 2891/3036/1584 2487/3035/1584 2524/3036/1584
f 2319/3269/1579 3467/3022/1579 3482/3270/1579
f 3465/3271/1579 3473/3272/1579 3478/3034/1579
f 3478/3034/1579 3472/2669/1579 3471/2666/1579
f 2321/1890/1579 3478/3034/1579 3474/2339/1579
f 3472/2669/1579 3479/2665/1579 3477/2667/1579
f 3480/2659/1579 3466/3273/1579 3465/3271/1579
f 3140/2831/1579 3465/3271/1579 2321/1890/1579
f 3481/2349/1579 2263/2948/1579 2319/3269/1579
f 3469/2658/1579 2319/3269/1579 3466/3273/1579
f 3475/3033/1579 3481/2349/1579 3469/2658/1579
f 3482/3270/1579 3468/3023/1579 3470/2663/1579
f 3473/3272/1579 3470/2663/1579 3472/2669/1579
f 3466/3273/1579 3482/3270/1579 3473/3272/1579
f 2391/3023/1580 3467/3022/1580 2736/3022/1580
f 2462/3033/1584 3476/2656/1584 3475/3033/1584
f 2462/3033/1581 3469/2658/1581 2900/2658/1581
f 2268/1890/1581 3474/2339/1581 2670/2339/1581
f 3135/2349/1580 3476/2656/1580 2898/2656/1580
f 3257/2983/1579 3483/2993/1579 3490/3145/1579
f 2595/2463/1579 3487/3127/1579 3489/3274/1579
f 2735/2295/1579 2595/2463/1579 2905/2982/1579
f 3489/3274/1579 3486/3126/1579 3485/2460/1579
f 3483/2993/1579 3485/2460/1579 3484/1837/1579
f 2905/2982/1579 3489/3274/1579 3483/2993/1579
f 2364/1837/1582 3485/2460/1582 2791/2460/1582
f 2791/2460/1582 3486/3126/1582 2435/3126/1582
f 2515/2983/1581 3490/3145/1581 3277/3145/1581
f 3277/3145/1582 3483/2993/1582 2710/2993/1582
f 2684/2463/1580 3488/2296/1580 3104/2296/1580
f 2515/2983/1584 2905/2982/1584 3257/2983/1584
f 3214/2352/1579 3507/2944/1579 3514/3119/1579
f 3497/2468/1579 3492/3118/1579 3512/3275/1579
f 3499/3276/1579 3501/3125/1579 3511/3123/1579
f 3495/3124/1579 3503/3121/1579 3510/3277/1579
f 3498/2469/1579 3509/2475/1579 3492/3118/1579
f 3510/3277/1579 3500/3278/1579 3499/3276/1579
f 3493/2330/1579 3499/3276/1579 3494/2465/1579
f 3506/1851/1579 3510/3277/1579 3493/2330/1579
f 3494/2465/1579 3511/3123/1579 3505/2466/1579
f 3512/3275/1579 3491/2946/1579 3214/2352/1579
f 3501/3125/1579 3214/2352/1579 3502/2351/1579
f 3500/3278/1579 3512/3275/1579 3501/3125/1579
f 3503/3121/1579 3497/2468/1579 3500/3278/1579
f 3515/2331/1579 3494/2465/1579 3504/2467/1579
f 2426/2469/1584 3508/2473/1584 3498/2469/1584
f 2796/3125/1581 3502/2351/1581 2361/2351/1581
f 2631/3118/1582 3509/2475/1582 3209/2475/1582
f 2930/2467/1582 3494/2465/1582 2325/2465/1582
f 2269/1851/1584 3495/3124/1584 3506/1851/1584
f 3256/3119/1582 3507/2944/1582 2737/2944/1582
f 3209/2475/1580 3508/2473/1580 2799/2473/1580
f 2266/2946/1580 3492/3118/1580 2631/3118/1580
f 3213/3013/1579 3523/3279/1579 3552/3280/1579
f 3516/3281/1579 3519/3282/1579 3551/3283/1579
f 3525/3284/1579 3532/3285/1579 3550/2932/1579
f 3533/3286/1579 2795/3287/1579 3546/3288/1579
f 3534/3289/1579 3536/3290/1579 3545/3291/1579
f 3521/3019/1579 3537/3292/1579 3544/3293/1579
f 3544/3293/1579 3535/3294/1579 3534/3289/1579
f 3527/2373/1579 3534/3289/1579 3528/3065/1579
f 3538/2934/1579 3544/3293/1579 3527/2373/1579
f 3545/3291/1579 3526/3295/1579 3525/3284/1579
f 3517/2590/1579 3525/3284/1579 3518/2933/1579
f 3528/3065/1579 3545/3291/1579 3517/2590/1579
f 3546/3288/1579 2436/3296/1579 3516/3281/1579
f 3536/3290/1579 3516/3281/1579 3526/3295/1579
f 3535/3294/1579 3546/3288/1579 3536/3290/1579
f 3519/3282/1579 3543/2689/1579 3520/1896/1579
f 2436/3296/1579 3547/2694/1579 3519/3282/1579
f 3523/3279/1579 3542/2680/1579 3524/3297/1579
f 3211/1872/1579 3548/2685/1579 3523/3279/1579
f 2795/3287/1579 3540/2692/1579 2436/3296/1579
f 3524/3297/1579 3549/2682/1579 2795/3287/1579
f 3550/2932/1579 3531/2935/1579 3530/2610/1579
f 3518/2933/1579 3550/2932/1579 3541/2370/1579
f 3551/3283/1579 3520/1896/1579 3529/2607/1579
f 3532/3285/1579 3529/2607/1579 3531/2935/1579
f 3526/3295/1579 3551/3283/1579 3532/3285/1579
f 3552/3280/1579 3524/3297/1579 3533/3286/1579
f 3537/3292/1579 3533/3286/1579 3535/3294/1579
f 3522/3012/1579 3552/3280/1579 3537/3292/1579
f 3114/2367/1584 3057/2284/1584 2873/2367/1584
f 2388/2614/1582 3003/2833/1582 2987/2833/1582
f 2267/2283/1584 3004/2345/1584 3249/2283/1584
f 3841/2146/1607 3839/2146/1607 4637/2146/1607
f 3846/2146/1607 3843/2146/1607 4636/2146/1607
f 3847/2146/1608 4044/2146/1608 4635/2146/1608
f 3845/2146/1607 4045/2146/1607 4634/2146/1607
f 4633/2146/1609 3569/2146/1609 4033/2146/1609
f 4632/2146/1610 3570/2146/1610 4048/2146/1610
f 3857/2146/1607 4049/2146/1607 4631/2146/1607
f 3866/2146/1607 4032/2146/1607 4630/2146/1607
f 3867/2146/1607 4052/2146/1607 4629/2146/1607
f 4628/2146/1611 3567/2146/1611 4053/2146/1611
f 3870/2146/1607 3855/2146/1607 4627/2146/1607
f 3871/2146/1612 4056/2146/1612 4626/2146/1612
f 4625/2146/1613 3566/2146/1613 4057/2146/1613
f 3874/2146/1607 3851/2146/1607 4624/2146/1607
f 3875/2146/1614 4060/2146/1614 4623/2146/1614
f 3853/2146/1607 4061/2146/1607 4622/2146/1607
f 3918/2146/1607 4021/2146/1607 4621/2146/1607
f 3919/2146/1607 4064/2146/1607 4620/2146/1607
f 3893/2146/1607 4065/2146/1607 4619/2146/1607
f 3922/2146/1615 4020/2146/1615 4618/2146/1615
f 3923/2146/1616 4068/2146/1616 4617/2146/1616
f 4616/2146/1617 3611/2146/1617 4069/2146/1617
f 3926/2146/1607 3891/2146/1607 4615/2146/1607
f 4614/2146/1607 3616/2146/1607 4072/2146/1607
f 3914/2146/1618 4073/2146/1618 4613/2146/1618
f 4612/2146/1619 3609/2146/1619 4017/2146/1619
f 4611/2146/1620 3617/2146/1620 4076/2146/1620
f 4610/2146/1621 3594/2146/1621 4077/2146/1621
f 3934/2146/1607 4016/2146/1607 4609/2146/1607
f 3935/2146/1607 4080/2146/1607 4608/2146/1607
f 3911/2146/1622 4081/2146/1622 4607/2146/1622
f 3938/2146/1607 3895/2146/1607 4606/2146/1607
f 3939/2146/1607 4084/2146/1607 4605/2146/1607
f 3910/2146/1623 4085/2146/1623 4604/2146/1623
f 4603/2146/1624 3605/2146/1624 4013/2146/1624
f 3943/2146/1607 4088/2146/1607 4602/2146/1607
f 3899/2146/1607 4089/2146/1607 4601/2146/1607
f 3946/2146/1607 4012/2146/1607 4600/2146/1607
f 3947/2146/1607 4092/2146/1607 4599/2146/1607
f 3907/2146/1607 4093/2146/1607 4598/2146/1607
f 3950/2146/1607 3992/2146/1607 4597/2146/1607
f 3951/2146/1607 4096/2146/1607 4596/2146/1607
f 3906/2146/1607 4097/2146/1607 4595/2146/1607
f 4594/2146/1625 3601/2146/1625 4009/2146/1625
f 3955/2146/1607 4100/2146/1607 4593/2146/1607
f 3897/2146/1607 4101/2146/1607 4592/2146/1607
f 4591/2146/1626 3600/2146/1626 4008/2146/1626
f 3959/2146/1622 4104/2146/1622 4590/2146/1622
f 4589/2146/1627 3599/2146/1627 4105/2146/1627
f 4588/2146/1628 3585/2146/1628 3993/2146/1628
f 3963/2146/1629 4108/2146/1629 4587/2146/1629
f 3902/2146/1630 4109/2146/1630 4586/2146/1630
f 3966/2146/1631 4005/2146/1631 4585/2146/1631
f 3967/2146/1632 4112/2146/1632 4584/2146/1632
f 3885/2146/1607 4113/2146/1607 4583/2146/1607
f 4582/2146/1633 3596/2146/1633 4004/2146/1633
f 3971/2146/1634 4116/2146/1634 4581/2146/1634
f 4580/2146/1635 3583/2146/1635 4117/2146/1635
f 3974/2146/1607 3883/2146/1607 4579/2146/1607
f 4578/2146/1636 3628/2146/1636 4120/2146/1636
f 3886/2146/1607 4121/2146/1607 4577/2146/1607
f 3978/2146/1607 3879/2146/1607 4576/2146/1607
f 3979/2146/1607 4124/2146/1607 4575/2146/1607
f 3881/2146/1607 4125/2146/1607 4574/2146/1607
f 4126/2146/1607 3981/2146/1607 4573/2146/1607
f 4127/2146/1607 4128/2146/1607 4572/2146/1607
f 4025/2146/1607 4129/2146/1607 4571/2146/1607
f 4130/2146/1607 3980/2146/1607 4570/2146/1607
f 4569/2146/1607 3775/2146/1607 4132/2146/1607
f 4123/2146/1607 4133/2146/1607 4568/2146/1607
f 4134/2146/1607 4023/2146/1607 4567/2146/1607
f 4135/2146/1607 4136/2146/1607 4566/2146/1607
f 4122/2146/1607 4137/2146/1607 4565/2146/1607
f 4138/2146/1607 3977/2146/1607 4564/2146/1607
f 4139/2146/1607 4140/2146/1607 4563/2146/1607
f 4562/2146/1607 3678/2146/1607 4141/2146/1607
f 4561/2146/1637 3768/2146/1637 3976/2146/1637
f 4560/2146/1638 3778/2146/1638 4144/2146/1638
f 4559/2146/1639 3767/2146/1639 4145/2146/1639
f 4146/2146/1607 4027/2146/1607 4558/2146/1607
f 4147/2146/1607 4148/2146/1607 4557/2146/1607
f 4118/2146/1607 4149/2146/1607 4556/2146/1607
f 4555/2146/1640 3765/2146/1640 3973/2146/1640
f 4554/2146/1641 3780/2146/1641 4152/2146/1641
f 4031/2146/1642 4153/2146/1642 4553/2146/1642
f 4552/2146/1643 3764/2146/1643 3972/2146/1643
f 4551/2146/1644 3781/2146/1644 4156/2146/1644
f 4550/2146/1645 3763/2146/1645 4157/2146/1645
f 4549/2146/1646 3652/2146/1646 3860/2146/1646
f 4159/2146/1612 4160/2146/1612 4548/2146/1612
f 4114/2146/1612 4161/2146/1612 4547/2146/1612
f 4162/2146/1647 3969/2146/1647 4546/2146/1647
f 4163/2146/1648 4164/2146/1648 4545/2146/1648
f 4029/2146/1607 4165/2146/1607 4544/2146/1607
f 4543/2146/1649 3760/2146/1649 3968/2146/1649
f 4167/2146/1650 4168/2146/1650 4542/2146/1650
f 4541/2146/1651 3759/2146/1651 4169/2146/1651
f 4170/2146/1652 3861/2146/1652 4540/2146/1652
f 4539/2146/1653 3785/2146/1653 4172/2146/1653
f 4538/2146/1654 3758/2146/1654 4173/2146/1654
f 4537/2146/1655 3757/2146/1655 3965/2146/1655
f 4536/2146/1656 3786/2146/1656 4176/2146/1656
f 4535/2146/1657 3694/2146/1657 4177/2146/1657
f 4534/2146/1658 3756/2146/1658 3964/2146/1658
f 4533/2146/1659 3787/2146/1659 4180/2146/1659
f 4107/2146/1660 4181/2146/1660 4532/2146/1660
f 4531/2146/1661 3641/2146/1661 3849/2146/1661
f 4530/2146/1662 3788/2146/1662 4184/2146/1662
f 4106/2146/1663 4185/2146/1663 4529/2146/1663
f 4528/2146/1664 3753/2146/1664 3961/2146/1664
f 4527/2146/1665 3789/2146/1665 4188/2146/1665
f 4526/2146/1666 3695/2146/1666 4189/2146/1666
f 4190/2146/1667 3960/2146/1667 4525/2146/1667
f 4191/2146/1668 4192/2146/1668 4524/2146/1668
f 4103/2146/1669 4193/2146/1669 4523/2146/1669
f 4194/2146/1670 3864/2146/1670 4522/2146/1670
f 4195/2146/1622 4196/2146/1622 4521/2146/1622
f 4102/2146/1671 4197/2146/1671 4520/2146/1671
f 4198/2146/1607 3957/2146/1607 4519/2146/1607
f 4199/2146/1607 4200/2146/1607 4518/2146/1607
f 4041/2146/1607 4201/2146/1607 4517/2146/1607
f 4202/2146/1607 3956/2146/1607 4516/2146/1607
f 4203/2146/1607 4204/2146/1607 4515/2146/1607
f 4099/2146/1607 4205/2146/1607 4514/2146/1607
f 4206/2146/1672 3865/2146/1672 4513/2146/1672
f 4207/2146/1607 4208/2146/1607 4512/2146/1607
f 4098/2146/1607 4209/2146/1607 4511/2146/1607
f 4210/2146/1607 3953/2146/1607 4510/2146/1607
f 4211/2146/1607 4212/2146/1607 4509/2146/1607
f 4050/2146/1607 4213/2146/1607 4508/2146/1607
f 4214/2146/1607 3952/2146/1607 4507/2146/1607
f 4215/2146/1607 4216/2146/1607 4506/2146/1607
f 4095/2146/1607 4217/2146/1607 4505/2146/1607
f 4218/2146/1607 3848/2146/1607 4504/2146/1607
f 4219/2146/1607 4220/2146/1607 4503/2146/1607
f 4094/2146/1607 4221/2146/1607 4502/2146/1607
f 4222/2146/1607 3949/2146/1607 4501/2146/1607
f 4223/2146/1607 4224/2146/1607 4500/2146/1607
f 4051/2146/1607 4225/2146/1607 4499/2146/1607
f 4226/2146/1607 3948/2146/1607 4498/2146/1607
f 4227/2146/1607 4228/2146/1607 4497/2146/1607
f 4091/2146/1607 4229/2146/1607 4496/2146/1607
f 4230/2146/1607 3868/2146/1607 4495/2146/1607
f 4231/2146/1607 4232/2146/1607 4494/2146/1607
f 4090/2146/1607 4233/2146/1607 4493/2146/1607
f 4234/2146/1607 3945/2146/1607 4492/2146/1607
f 4235/2146/1607 4236/2146/1607 4491/2146/1607
f 4043/2146/1607 4237/2146/1607 4490/2146/1607
f 4238/2146/1607 3944/2146/1607 4489/2146/1607
f 4239/2146/1607 4240/2146/1607 4488/2146/1607
f 4087/2146/1607 4241/2146/1607 4487/2146/1607
f 4242/2146/1607 3869/2146/1607 4486/2146/1607
f 4243/2146/1607 4244/2146/1607 4485/2146/1607
f 4086/2146/1607 4245/2146/1607 4484/2146/1607
f 4246/2146/1673 3941/2146/1673 4483/2146/1673
f 4247/2146/1674 4248/2146/1674 4482/2146/1674
f 4054/2146/1675 4249/2146/1675 4481/2146/1675
f 4250/2146/1607 3940/2146/1607 4480/2146/1607
f 4251/2146/1607 4252/2146/1607 4479/2146/1607
f 4083/2146/1607 4253/2146/1607 4478/2146/1607
f 4254/2146/1607 4039/2146/1607 4477/2146/1607
f 4255/2146/1607 4256/2146/1607 4476/2146/1607
f 4082/2146/1607 4257/2146/1607 4475/2146/1607
f 4258/2146/1667 3937/2146/1667 4474/2146/1667
f 4259/2146/1668 4260/2146/1668 4473/2146/1668
f 4055/2146/1669 4261/2146/1669 4472/2146/1669
f 4262/2146/1607 3936/2146/1607 4471/2146/1607
f 4263/2146/1607 4264/2146/1607 4470/2146/1607
f 4079/2146/1607 4265/2146/1607 4469/2146/1607
f 4266/2146/1607 3872/2146/1607 4468/2146/1607
f 4267/2146/1607 4268/2146/1607 4467/2146/1607
f 4078/2146/1607 4269/2146/1607 4466/2146/1607
f 4465/2146/1676 3725/2146/1676 3933/2146/1676
f 4464/2146/1677 3810/2146/1677 4272/2146/1677
f 4042/2146/1678 4273/2146/1678 4463/2146/1678
f 4462/2146/1679 3724/2146/1679 3932/2146/1679
f 4461/2146/1680 3811/2146/1680 4276/2146/1680
f 4075/2146/1681 4277/2146/1681 4460/2146/1681
f 4459/2146/1682 3665/2146/1682 3873/2146/1682
f 4458/2146/1683 3812/2146/1683 4280/2146/1683
f 4457/2146/1684 3722/2146/1684 4281/2146/1684
f 4456/2146/1685 3721/2146/1685 3929/2146/1685
f 4455/2146/1686 3813/2146/1686 4284/2146/1686
f 4454/2146/1687 3706/2146/1687 4285/2146/1687
f 4286/2146/1607 3928/2146/1607 4453/2146/1607
f 4452/2146/1688 3814/2146/1688 4288/2146/1688
f 4071/2146/1689 4289/2146/1689 4451/2146/1689
f 4290/2146/1607 4035/2146/1607 4450/2146/1607
f 4291/2146/1607 4292/2146/1607 4449/2146/1607
f 4070/2146/1607 4293/2146/1607 4448/2146/1607
f 4294/2146/1690 3925/2146/1690 4447/2146/1690
f 4446/2146/1691 3816/2146/1691 4296/2146/1691
f 4445/2146/1692 3707/2146/1692 4297/2146/1692
f 4298/2146/1693 3924/2146/1693 4444/2146/1693
f 4443/2146/1694 3817/2146/1694 4300/2146/1694
f 4442/2146/1695 3715/2146/1695 4301/2146/1695
f 4302/2146/1696 3876/2146/1696 4441/2146/1696
f 4303/2146/1697 4304/2146/1697 4440/2146/1697
f 4439/2146/1698 3714/2146/1698 4305/2146/1698
f 4306/2146/1607 3921/2146/1607 4438/2146/1607
f 4307/2146/1607 4308/2146/1607 4437/2146/1607
f 4037/2146/1607 4309/2146/1607 4436/2146/1607
f 4310/2146/1699 3920/2146/1699 4435/2146/1699
f 4311/2146/1700 4312/2146/1700 4434/2146/1700
f 4063/2146/1701 4313/2146/1701 4433/2146/1701
f 4314/2146/1607 3877/2146/1607 4432/2146/1607
f 4315/2146/1702 4316/2146/1702 4431/2146/1702
f 4062/2146/1607 4317/2146/1607 4430/2146/1607
f 4318/2146/1607 3917/2146/1607 4429/2146/1607
f 4319/2146/1607 4320/2146/1607 4428/2146/1607
f 3997/2146/1607 4321/2146/1607 4427/2146/1607
f 4426/2146/1703 3708/2146/1703 3916/2146/1703
f 4425/2146/1704 3823/2146/1704 4324/2146/1704
f 4019/2146/1705 4325/2146/1705 4424/2146/1705
f 4326/2146/1607 3995/2146/1607 4423/2146/1607
f 4327/2146/1607 4328/2146/1607 4422/2146/1607
f 4018/2146/1607 4329/2146/1607 4421/2146/1607
f 4330/2146/1706 3913/2146/1706 4420/2146/1706
f 4419/2146/1707 3825/2146/1707 4332/2146/1707
f 4418/2146/1708 3650/2146/1708 4333/2146/1708
f 4334/2146/1612 3912/2146/1612 4417/2146/1612
f 4335/2146/1612 4336/2146/1612 4416/2146/1612
f 4015/2146/1612 4337/2146/1612 4415/2146/1612
f 4338/2146/1607 3999/2146/1607 4414/2146/1607
f 4339/2146/1607 4340/2146/1607 4413/2146/1607
f 4014/2146/1607 4341/2146/1607 4412/2146/1607
f 4342/2146/1709 3909/2146/1709 4411/2146/1709
f 4410/2146/1710 3828/2146/1710 4344/2146/1710
f 4003/2146/1711 4345/2146/1711 4409/2146/1711
f 4346/2146/1607 3908/2146/1607 4408/2146/1607
f 4347/2146/1607 4348/2146/1607 4407/2146/1607
f 4011/2146/1607 4349/2146/1607 4406/2146/1607
f 4350/2146/1607 3888/2146/1607 4405/2146/1607
f 4351/2146/1607 4352/2146/1607 4404/2146/1607
f 4010/2146/1607 4353/2146/1607 4403/2146/1607
f 4354/2146/1712 3905/2146/1712 4402/2146/1712
f 4355/2146/1607 4356/2146/1607 4401/2146/1607
f 4001/2146/1607 4357/2146/1607 4400/2146/1607
f 4358/2146/1713 3904/2146/1713 4399/2146/1713
f 4398/2146/1714 3832/2146/1714 4360/2146/1714
f 4397/2146/1715 3655/2146/1715 4361/2146/1715
f 4362/2146/1716 3889/2146/1716 4396/2146/1716
f 4395/2146/1717 3833/2146/1717 4364/2146/1717
f 4006/2146/1718 4365/2146/1718 4394/2146/1718
f 4366/2146/1607 3901/2146/1607 4393/2146/1607
f 4367/2146/1607 4368/2146/1607 4392/2146/1607
f 3989/2146/1607 4369/2146/1607 4391/2146/1607
f 4390/2146/1719 3692/2146/1719 3900/2146/1719
f 4371/2146/1720 4372/2146/1720 4389/2146/1720
f 4388/2146/1721 3639/2146/1721 4373/2146/1721
f 4374/2146/1607 3987/2146/1607 4387/2146/1607
f 4375/2146/1607 4376/2146/1607 4386/2146/1607
f 3990/2146/1607 4377/2146/1607 4385/2146/1607
f 4378/2146/1607 3983/2146/1607 4384/2146/1607
f 4379/2146/1607 4380/2146/1607 4383/2146/1607
f 3985/2146/1607 4381/2146/1607 4382/2146/1607
f 4382/2146/1607 3837/2146/1607 4379/2146/1607
f 4125/2146/1607 4379/2146/1607 3773/2146/1607
f 3577/2146/1607 4382/2146/1607 4125/2146/1607
f 4383/2146/1607 3770/2146/1607 4122/2146/1607
f 3981/2146/1607 4122/2146/1607 3629/2146/1607
f 3773/2146/1607 4383/2146/1607 3981/2146/1607
f 4384/2146/1607 3575/2146/1607 3978/2146/1607
f 4380/2146/1607 3978/2146/1607 3770/2146/1607
f 3837/2146/1607 4384/2146/1607 4380/2146/1607
f 4385/2146/1607 3836/2146/1607 4375/2146/1607
f 4121/2146/1607 4375/2146/1607 3769/2146/1607
f 3582/2146/1607 4385/2146/1607 4121/2146/1607
f 4386/2146/1607 3766/2146/1607 4118/2146/1607
f 3977/2146/1607 4118/2146/1607 3628/2146/1607
f 3769/2146/1607 4386/2146/1607 3977/2146/1607
f 4387/2146/1607 3579/2146/1607 3974/2146/1607
f 4376/2146/1607 3974/2146/1607 3766/2146/1607
f 3836/2146/1607 4387/2146/1607 4376/2146/1607
f 4388/2146/1722 3835/2146/1722 4371/2146/1722
f 4117/2146/1723 4371/2146/1723 3765/2146/1723
f 4117/2146/1724 3991/2146/1724 4388/2146/1724
f 4114/2146/1725 4372/2146/1725 3762/2146/1725
f 3627/2146/1726 4389/2146/1726 4114/2146/1726
f 3765/2146/1727 4389/2146/1727 3973/2146/1727
f 3970/2146/1728 3900/2146/1728 3596/2146/1728
f 3762/2146/1729 4390/2146/1729 3970/2146/1729
f 4372/2146/1730 4370/2146/1730 4390/2146/1730
f 4391/2146/1607 3834/2146/1607 4367/2146/1607
f 4113/2146/1607 4367/2146/1607 3761/2146/1607
f 3581/2146/1607 4391/2146/1607 4113/2146/1607
f 4392/2146/1731 3758/2146/1731 4110/2146/1731
f 3969/2146/1732 4110/2146/1732 3626/2146/1732
f 3761/2146/1607 4392/2146/1607 3969/2146/1607
f 4393/2146/1733 3597/2146/1733 3966/2146/1733
f 4368/2146/1734 3966/2146/1734 3758/2146/1734
f 3834/2146/1607 4393/2146/1607 4368/2146/1607
f 4363/2146/1735 4365/2146/1735 3833/2146/1735
f 3757/2146/1607 4394/2146/1607 4363/2146/1607
f 4109/2146/1736 4006/2146/1736 4394/2146/1736
f 4106/2146/1737 4364/2146/1737 3754/2146/1737
f 3625/2146/1738 4395/2146/1738 4106/2146/1738
f 3965/2146/1739 4363/2146/1739 4395/2146/1739
f 4396/2146/1740 3585/2146/1740 3962/2146/1740
f 3754/2146/1741 4396/2146/1741 3962/2146/1741
f 4364/2146/1742 4362/2146/1742 4396/2146/1742
f 4359/2146/1714 4361/2146/1714 3832/2146/1714
f 3753/2146/1743 4397/2146/1743 4359/2146/1743
f 4105/2146/1744 4007/2146/1744 4397/2146/1744
f 4102/2146/1745 4360/2146/1745 3750/2146/1745
f 3624/2146/1746 4398/2146/1746 4102/2146/1746
f 3961/2146/1743 4359/2146/1743 4398/2146/1743
f 3958/2146/1747 3904/2146/1747 3600/2146/1747
f 3750/2146/1748 4399/2146/1748 3958/2146/1748
f 4360/2146/1714 4358/2146/1714 4399/2146/1714
f 4400/2146/1607 3831/2146/1607 4355/2146/1607
f 4101/2146/1607 4355/2146/1607 3749/2146/1607
f 3593/2146/1607 4400/2146/1607 4101/2146/1607
f 4401/2146/1607 3746/2146/1607 4098/2146/1607
f 3957/2146/1607 4098/2146/1607 3623/2146/1607
f 3749/2146/1607 4401/2146/1607 3957/2146/1607
f 4402/2146/1749 3601/2146/1749 3954/2146/1749
f 4356/2146/1607 3954/2146/1607 3746/2146/1607
f 3831/2146/1607 4402/2146/1607 4356/2146/1607
f 4403/2146/1607 3830/2146/1607 4351/2146/1607
f 4097/2146/1607 4351/2146/1607 3745/2146/1607
f 3602/2146/1607 4403/2146/1607 4097/2146/1607
f 4404/2146/1607 3742/2146/1607 4094/2146/1607
f 3953/2146/1607 4094/2146/1607 3622/2146/1607
f 3745/2146/1607 4404/2146/1607 3953/2146/1607
f 4405/2146/1607 3584/2146/1607 3950/2146/1607
f 4352/2146/1607 3950/2146/1607 3742/2146/1607
f 3830/2146/1607 4405/2146/1607 4352/2146/1607
f 4406/2146/1607 3829/2146/1607 4347/2146/1607
f 4093/2146/1607 4347/2146/1607 3741/2146/1607
f 3603/2146/1607 4406/2146/1607 4093/2146/1607
f 4407/2146/1607 3738/2146/1607 4090/2146/1607
f 3949/2146/1607 4090/2146/1607 3621/2146/1607
f 3741/2146/1607 4407/2146/1607 3949/2146/1607
f 4408/2146/1607 3604/2146/1607 3946/2146/1607
f 4348/2146/1607 3946/2146/1607 3738/2146/1607
f 3829/2146/1607 4408/2146/1607 4348/2146/1607
f 4409/2146/1750 3828/2146/1750 4343/2146/1750
f 4089/2146/1751 4343/2146/1751 3737/2146/1751
f 3595/2146/1752 4409/2146/1752 4089/2146/1752
f 4086/2146/1753 4344/2146/1753 3734/2146/1753
f 3945/2146/1607 4086/2146/1607 3620/2146/1607
f 3737/2146/1754 4410/2146/1754 3945/2146/1754
f 4411/2146/1755 3605/2146/1755 3942/2146/1755
f 3734/2146/1756 4411/2146/1756 3942/2146/1756
f 3828/2146/1757 4411/2146/1757 4344/2146/1757
f 4412/2146/1607 3827/2146/1607 4339/2146/1607
f 4085/2146/1607 4339/2146/1607 3733/2146/1607
f 3606/2146/1607 4412/2146/1607 4085/2146/1607
f 4413/2146/1607 3730/2146/1607 4082/2146/1607
f 3941/2146/1607 4082/2146/1607 3619/2146/1607
f 3733/2146/1607 4413/2146/1607 3941/2146/1607
f 4414/2146/1607 3591/2146/1607 3938/2146/1607
f 4340/2146/1607 3938/2146/1607 3730/2146/1607
f 3827/2146/1607 4414/2146/1607 4340/2146/1607
f 4415/2146/1612 3826/2146/1612 4335/2146/1612
f 4081/2146/1612 4335/2146/1612 3729/2146/1612
f 3607/2146/1612 4415/2146/1612 4081/2146/1612
f 4416/2146/1612 3726/2146/1612 4078/2146/1612
f 3937/2146/1612 4078/2146/1612 3618/2146/1612
f 3729/2146/1612 4416/2146/1612 3937/2146/1612
f 4417/2146/1612 3608/2146/1612 3934/2146/1612
f 4336/2146/1612 3934/2146/1612 3726/2146/1612
f 3826/2146/1612 4417/2146/1612 4336/2146/1612
f 4331/2146/1758 4333/2146/1758 3825/2146/1758
f 3725/2146/1759 4418/2146/1759 4331/2146/1759
f 4077/2146/1760 4002/2146/1760 4418/2146/1760
f 4074/2146/1761 4332/2146/1761 3722/2146/1761
f 3933/2146/1762 4074/2146/1762 3617/2146/1762
f 3933/2146/1763 4331/2146/1763 4419/2146/1763
f 3930/2146/1764 3913/2146/1764 3609/2146/1764
f 3722/2146/1765 4420/2146/1765 3930/2146/1765
f 3825/2146/1766 4420/2146/1766 4332/2146/1766
f 4421/2146/1607 3824/2146/1607 4327/2146/1607
f 4073/2146/1767 4327/2146/1767 3721/2146/1767
f 3610/2146/1768 4421/2146/1768 4073/2146/1768
f 4422/2146/1607 3718/2146/1607 4070/2146/1607
f 3616/2146/1607 4422/2146/1607 4070/2146/1607
f 3929/2146/1769 4327/2146/1769 4422/2146/1769
f 4423/2146/1607 3587/2146/1607 3926/2146/1607
f 4328/2146/1607 3926/2146/1607 3718/2146/1607
f 3824/2146/1607 4423/2146/1607 4328/2146/1607
f 4424/2146/1770 3823/2146/1770 4323/2146/1770
f 4069/2146/1771 4323/2146/1771 3717/2146/1771
f 3611/2146/1772 4424/2146/1772 4069/2146/1772
f 4066/2146/1773 4324/2146/1773 3714/2146/1773
f 3615/2146/1774 4425/2146/1774 4066/2146/1774
f 3925/2146/1775 4323/2146/1775 4425/2146/1775
f 3922/2146/1776 3916/2146/1776 3612/2146/1776
f 3714/2146/1777 4426/2146/1777 3922/2146/1777
f 4324/2146/1778 4322/2146/1778 4426/2146/1778
f 4427/2146/1607 3822/2146/1607 4319/2146/1607
f 4065/2146/1607 4319/2146/1607 3713/2146/1607
f 3589/2146/1607 4427/2146/1607 4065/2146/1607
f 4428/2146/1607 3710/2146/1607 4062/2146/1607
f 3921/2146/1607 4062/2146/1607 3614/2146/1607
f 3713/2146/1607 4428/2146/1607 3921/2146/1607
f 4429/2146/1607 3613/2146/1607 3918/2146/1607
f 4320/2146/1607 3918/2146/1607 3710/2146/1607
f 3822/2146/1607 4429/2146/1607 4320/2146/1607
f 4430/2146/1607 3821/2146/1607 4315/2146/1607
f 4064/2146/1607 4315/2146/1607 3712/2146/1607
f 3614/2146/1607 4430/2146/1607 4064/2146/1607
f 4431/2146/1779 3667/2146/1779 4019/2146/1779
f 3920/2146/1780 4019/2146/1780 3611/2146/1780
f 3712/2146/1781 4431/2146/1781 3920/2146/1781
f 4432/2146/1782 3573/2146/1782 3875/2146/1782
f 4316/2146/1783 3875/2146/1783 3667/2146/1783
f 3821/2146/1784 4432/2146/1784 4316/2146/1784
f 4433/2146/1785 3820/2146/1785 4311/2146/1785
f 4005/2146/1786 4311/2146/1786 3653/2146/1786
f 3597/2146/1787 4433/2146/1787 4005/2146/1787
f 4059/2146/1788 4312/2146/1788 3707/2146/1788
f 3569/2146/1789 4434/2146/1789 4059/2146/1789
f 3653/2146/1790 4434/2146/1790 3861/2146/1790
f 3915/2146/1791 3920/2146/1791 3611/2146/1791
f 3707/2146/1792 4435/2146/1792 3915/2146/1792
f 3820/2146/1793 4435/2146/1793 4312/2146/1793
f 4436/2146/1607 3819/2146/1607 4307/2146/1607
f 4045/2146/1607 4307/2146/1607 3693/2146/1607
f 3556/2146/1607 4436/2146/1607 4045/2146/1607
f 4437/2146/1607 3711/2146/1607 4063/2146/1607
f 3901/2146/1607 4063/2146/1607 3597/2146/1607
f 3693/2146/1607 4437/2146/1607 3901/2146/1607
f 4438/2146/1607 3614/2146/1607 3919/2146/1607
f 4308/2146/1607 3919/2146/1607 3711/2146/1607
f 3819/2146/1607 4438/2146/1607 4308/2146/1607
f 4439/2146/1794 3818/2146/1794 4303/2146/1794
f 4068/2146/1795 4303/2146/1795 3716/2146/1795
f 4068/2146/1796 4066/2146/1796 4439/2146/1796
f 4440/2146/1797 3650/2146/1797 4002/2146/1797
f 3924/2146/1798 4002/2146/1798 3594/2146/1798
f 3716/2146/1799 4440/2146/1799 3924/2146/1799
f 4441/2146/1607 3566/2146/1607 3858/2146/1607
f 4304/2146/1800 3858/2146/1800 3650/2146/1800
f 3818/2146/1801 4441/2146/1801 4304/2146/1801
f 4299/2146/1802 4301/2146/1802 3817/2146/1802
f 3641/2146/1803 4442/2146/1803 4299/2146/1803
f 3993/2146/1804 4067/2146/1804 4442/2146/1804
f 4042/2146/1805 4300/2146/1805 3690/2146/1805
f 3557/2146/1806 4443/2146/1806 4042/2146/1806
f 3849/2146/1807 4299/2146/1807 4443/2146/1807
f 4444/2146/1808 3594/2146/1808 3898/2146/1808
f 3690/2146/1809 4444/2146/1809 3898/2146/1809
f 4300/2146/1810 4298/2146/1810 4444/2146/1810
f 4295/2146/1811 4297/2146/1811 3816/2146/1811
f 4033/2146/1812 4295/2146/1812 3681/2146/1812
f 4033/2146/1813 4059/2146/1813 4445/2146/1813
f 4446/2146/1814 3715/2146/1814 4067/2146/1814
f 3889/2146/1815 4067/2146/1815 3585/2146/1815
f 3681/2146/1816 4446/2146/1816 3889/2146/1816
f 4447/2146/1817 3615/2146/1817 3923/2146/1817
f 4296/2146/1818 3923/2146/1818 3715/2146/1818
f 3816/2146/1819 4447/2146/1819 4296/2146/1819
f 4448/2146/1607 3815/2146/1607 4291/2146/1607
f 4072/2146/1607 4291/2146/1607 3720/2146/1607
f 3616/2146/1607 4448/2146/1607 4072/2146/1607
f 4449/2146/1607 3638/2146/1607 3990/2146/1607
f 3928/2146/1607 3990/2146/1607 3582/2146/1607
f 3720/2146/1607 4449/2146/1607 3928/2146/1607
f 4450/2146/1607 3554/2146/1607 3846/2146/1607
f 4292/2146/1607 3846/2146/1607 3638/2146/1607
f 3815/2146/1607 4450/2146/1607 4292/2146/1607
f 4451/2146/1820 3814/2146/1820 4287/2146/1820
f 3668/2146/1821 4451/2146/1821 4287/2146/1821
f 3612/2146/1822 4451/2146/1822 4020/2146/1822
f 4030/2146/1823 4288/2146/1823 3678/2146/1823
f 3566/2146/1824 4452/2146/1824 4030/2146/1824
f 3668/2146/1825 4452/2146/1825 3876/2146/1825
f 4453/2146/1607 3582/2146/1607 3886/2146/1607
f 3678/2146/1607 4453/2146/1607 3886/2146/1607
f 4288/2146/1826 4286/2146/1826 4453/2146/1826
f 4454/2146/1827 3813/2146/1827 4283/2146/1827
f 3708/2146/1828 4454/2146/1828 4283/2146/1828
f 4060/2146/1829 4058/2146/1829 4454/2146/1829
f 4455/2146/1830 3719/2146/1830 4071/2146/1830
f 3916/2146/1831 4071/2146/1831 3612/2146/1831
f 3708/2146/1832 4455/2146/1832 3916/2146/1832
f 3927/2146/1833 3929/2146/1833 3616/2146/1833
f 3719/2146/1834 4456/2146/1834 3927/2146/1834
f 3813/2146/1835 4456/2146/1835 4284/2146/1835
f 4279/2146/1836 4281/2146/1836 3812/2146/1836
f 3724/2146/1837 4457/2146/1837 4279/2146/1837
f 4076/2146/1838 4074/2146/1838 4457/2146/1838
f 4015/2146/1839 4280/2146/1839 3663/2146/1839
f 3607/2146/1840 4458/2146/1840 4015/2146/1840
f 3932/2146/1841 4279/2146/1841 4458/2146/1841
f 3871/2146/1744 3873/2146/1744 3572/2146/1744
f 3663/2146/1842 4459/2146/1842 3871/2146/1842
f 4280/2146/1843 4278/2146/1843 4459/2146/1843
f 4275/2146/1844 4277/2146/1844 3811/2146/1844
f 3652/2146/1845 4460/2146/1845 4275/2146/1845
f 3596/2146/1846 4460/2146/1846 4004/2146/1846
f 4461/2146/1847 3703/2146/1847 4055/2146/1847
f 3860/2146/1848 4055/2146/1848 3568/2146/1848
f 3860/2146/1849 4275/2146/1849 4461/2146/1849
f 3911/2146/1850 3932/2146/1850 3607/2146/1850
f 4276/2146/1851 3911/2146/1851 3703/2146/1851
f 4276/2146/1852 4274/2146/1852 4462/2146/1852
f 4463/2146/1853 3810/2146/1853 4271/2146/1853
f 3692/2146/1854 4463/2146/1854 4271/2146/1854
f 4044/2146/1855 4042/2146/1855 4463/2146/1855
f 4464/2146/1856 3723/2146/1856 4075/2146/1856
f 3900/2146/1857 4075/2146/1857 3596/2146/1857
f 3900/2146/1858 4271/2146/1858 4464/2146/1858
f 3931/2146/1859 3933/2146/1859 3617/2146/1859
f 3723/2146/1860 4465/2146/1860 3931/2146/1860
f 3810/2146/1861 4465/2146/1861 4272/2146/1861
f 4466/2146/1607 3809/2146/1607 4267/2146/1607
f 4080/2146/1607 4267/2146/1607 3728/2146/1607
f 3618/2146/1607 4466/2146/1607 4080/2146/1607
f 4467/2146/1607 3642/2146/1607 3994/2146/1607
f 3936/2146/1607 3994/2146/1607 3586/2146/1607
f 3728/2146/1607 4467/2146/1607 3936/2146/1607
f 4468/2146/1607 3558/2146/1607 3850/2146/1607
f 4268/2146/1607 3850/2146/1607 3642/2146/1607
f 3809/2146/1607 4468/2146/1607 4268/2146/1607
f 4469/2146/1607 3808/2146/1607 4263/2146/1607
f 3992/2146/1607 4263/2146/1607 3640/2146/1607
f 3584/2146/1607 4469/2146/1607 3992/2146/1607
f 4470/2146/1607 3682/2146/1607 4034/2146/1607
f 3848/2146/1607 4034/2146/1607 3553/2146/1607
f 3640/2146/1607 4470/2146/1607 3848/2146/1607
f 4471/2146/1607 3586/2146/1607 3890/2146/1607
f 4264/2146/1607 3890/2146/1607 3682/2146/1607
f 3808/2146/1607 4471/2146/1607 4264/2146/1607
f 4472/2146/1862 3807/2146/1862 4259/2146/1862
f 4032/2146/1751 4259/2146/1751 3680/2146/1751
f 3568/2146/1752 4472/2146/1752 4032/2146/1752
f 4473/2146/1776 3727/2146/1776 4079/2146/1776
f 3888/2146/1607 4079/2146/1607 3584/2146/1607
f 3680/2146/1754 4473/2146/1754 3888/2146/1754
f 4474/2146/1863 3618/2146/1863 3935/2146/1863
f 4260/2146/1864 3935/2146/1864 3727/2146/1864
f 3807/2146/1865 4474/2146/1865 4260/2146/1865
f 4475/2146/1607 3806/2146/1607 4255/2146/1607
f 4084/2146/1607 4255/2146/1607 3732/2146/1607
f 3619/2146/1607 4475/2146/1607 4084/2146/1607
f 4476/2146/1607 3630/2146/1607 3982/2146/1607
f 3940/2146/1607 3982/2146/1607 3574/2146/1607
f 3732/2146/1607 4476/2146/1607 3940/2146/1607
f 4477/2146/1607 1835/2146/1607 3838/2146/1607
f 4256/2146/1607 3838/2146/1607 3630/2146/1607
f 3806/2146/1607 4477/2146/1607 4256/2146/1607
f 4478/2146/1607 3805/2146/1607 4251/2146/1607
f 4016/2146/1607 4251/2146/1607 3664/2146/1607
f 3608/2146/1607 4478/2146/1607 4016/2146/1607
f 4479/2146/1607 3670/2146/1607 4022/2146/1607
f 3872/2146/1607 4022/2146/1607 3558/2146/1607
f 3664/2146/1607 4479/2146/1607 3872/2146/1607
f 4480/2146/1607 3574/2146/1607 3878/2146/1607
f 4252/2146/1607 3878/2146/1607 3670/2146/1607
f 3805/2146/1607 4480/2146/1607 4252/2146/1607
f 4481/2146/1866 3804/2146/1866 4247/2146/1866
f 4056/2146/1867 4247/2146/1867 3704/2146/1867
f 3572/2146/1868 4481/2146/1868 4056/2146/1868
f 4482/2146/1863 3731/2146/1863 4083/2146/1863
f 3912/2146/1612 4083/2146/1612 3608/2146/1612
f 3704/2146/1869 4482/2146/1869 3912/2146/1869
f 4483/2146/1776 3619/2146/1776 3939/2146/1776
f 4248/2146/1864 3939/2146/1864 3731/2146/1864
f 3804/2146/1870 4483/2146/1870 4248/2146/1870
f 4484/2146/1607 3803/2146/1607 4243/2146/1607
f 4088/2146/1607 4243/2146/1607 3736/2146/1607
f 3620/2146/1607 4484/2146/1607 4088/2146/1607
f 4485/2146/1607 3659/2146/1607 4011/2146/1607
f 3944/2146/1607 4011/2146/1607 3603/2146/1607
f 3736/2146/1607 4485/2146/1607 3944/2146/1607
f 4486/2146/1607 3571/2146/1607 3867/2146/1607
f 4244/2146/1607 3867/2146/1607 3659/2146/1607
f 3803/2146/1607 4486/2146/1607 4244/2146/1607
f 4487/2146/1607 3802/2146/1607 4239/2146/1607
f 3996/2146/1607 4239/2146/1607 3644/2146/1607
f 3588/2146/1607 4487/2146/1607 3996/2146/1607
f 4488/2146/1607 3699/2146/1607 4051/2146/1607
f 3852/2146/1607 4051/2146/1607 3560/2146/1607
f 3644/2146/1607 4488/2146/1607 3852/2146/1607
f 4489/2146/1607 3603/2146/1607 3907/2146/1607
f 4240/2146/1607 3907/2146/1607 3699/2146/1607
f 3802/2146/1607 4489/2146/1607 4240/2146/1607
f 4490/2146/1607 3801/2146/1607 4235/2146/1607
f 4036/2146/1607 4235/2146/1607 3684/2146/1607
f 3555/2146/1607 4490/2146/1607 4036/2146/1607
f 4491/2146/1607 3735/2146/1607 4087/2146/1607
f 3892/2146/1607 4087/2146/1607 3588/2146/1607
f 3684/2146/1607 4491/2146/1607 3892/2146/1607
f 4492/2146/1607 3620/2146/1607 3943/2146/1607
f 4236/2146/1607 3943/2146/1607 3735/2146/1607
f 3801/2146/1607 4492/2146/1607 4236/2146/1607
f 4493/2146/1607 3800/2146/1607 4231/2146/1607
f 4092/2146/1607 4231/2146/1607 3740/2146/1607
f 3621/2146/1607 4493/2146/1607 4092/2146/1607
f 4494/2146/1607 3646/2146/1607 3998/2146/1607
f 3948/2146/1607 3998/2146/1607 3590/2146/1607
f 3740/2146/1607 4494/2146/1607 3948/2146/1607
f 4495/2146/1607 3562/2146/1607 3854/2146/1607
f 4232/2146/1607 3854/2146/1607 3646/2146/1607
f 3800/2146/1607 4495/2146/1607 4232/2146/1607
f 4496/2146/1607 3799/2146/1607 4227/2146/1607
f 3984/2146/1607 4227/2146/1607 3632/2146/1607
f 3576/2146/1607 4496/2146/1607 3984/2146/1607
f 4497/2146/1607 3686/2146/1607 4038/2146/1607
f 3840/2146/1607 4038/2146/1607 1838/2146/1607
f 3632/2146/1607 4497/2146/1607 3840/2146/1607
f 4498/2146/1607 3590/2146/1607 3894/2146/1607
f 4228/2146/1607 3894/2146/1607 3686/2146/1607
f 3799/2146/1607 4498/2146/1607 4228/2146/1607
f 4499/2146/1607 3798/2146/1607 4223/2146/1607
f 4024/2146/1607 4223/2146/1607 3672/2146/1607
f 3560/2146/1607 4499/2146/1607 4024/2146/1607
f 4500/2146/1607 3739/2146/1607 4091/2146/1607
f 3880/2146/1607 4091/2146/1607 3576/2146/1607
f 3672/2146/1607 4500/2146/1607 3880/2146/1607
f 4501/2146/1607 3621/2146/1607 3947/2146/1607
f 4224/2146/1607 3947/2146/1607 3739/2146/1607
f 3798/2146/1607 4501/2146/1607 4224/2146/1607
f 4502/2146/1607 3797/2146/1607 4219/2146/1607
f 4096/2146/1607 4219/2146/1607 3744/2146/1607
f 3622/2146/1607 4502/2146/1607 4096/2146/1607
f 4503/2146/1607 3634/2146/1607 3986/2146/1607
f 3952/2146/1607 3986/2146/1607 3578/2146/1607
f 3744/2146/1607 4503/2146/1607 3952/2146/1607
f 4504/2146/1607 3553/2146/1607 3842/2146/1607
f 4220/2146/1607 3842/2146/1607 3634/2146/1607
f 3797/2146/1607 4504/2146/1607 4220/2146/1607
f 4505/2146/1607 3796/2146/1607 4215/2146/1607
f 4012/2146/1607 4215/2146/1607 3660/2146/1607
f 3604/2146/1607 4505/2146/1607 4012/2146/1607
f 4506/2146/1607 3674/2146/1607 4026/2146/1607
f 3868/2146/1607 4026/2146/1607 3562/2146/1607
f 3660/2146/1607 4506/2146/1607 3868/2146/1607
f 4507/2146/1607 3578/2146/1607 3882/2146/1607
f 4216/2146/1607 3882/2146/1607 3674/2146/1607
f 3796/2146/1607 4507/2146/1607 4216/2146/1607
f 4508/2146/1607 3795/2146/1607 4211/2146/1607
f 4052/2146/1607 4211/2146/1607 3700/2146/1607
f 3571/2146/1607 4508/2146/1607 4052/2146/1607
f 4509/2146/1607 3743/2146/1607 4095/2146/1607
f 3908/2146/1607 4095/2146/1607 3604/2146/1607
f 3700/2146/1607 4509/2146/1607 3908/2146/1607
f 4510/2146/1607 3622/2146/1607 3951/2146/1607
f 4212/2146/1607 3951/2146/1607 3743/2146/1607
f 3795/2146/1607 4510/2146/1607 4212/2146/1607
f 4511/2146/1607 3794/2146/1607 4207/2146/1607
f 4100/2146/1607 4207/2146/1607 3748/2146/1607
f 3623/2146/1607 4511/2146/1607 4100/2146/1607
f 4512/2146/1607 3655/2146/1607 4007/2146/1607
f 3956/2146/1607 4007/2146/1607 3599/2146/1607
f 3748/2146/1607 4512/2146/1607 3956/2146/1607
f 3863/2146/1871 3865/2146/1871 3570/2146/1871
f 4208/2146/1607 3863/2146/1607 3655/2146/1607
f 3794/2146/1607 4513/2146/1607 4208/2146/1607
f 4514/2146/1607 3793/2146/1607 4203/2146/1607
f 4000/2146/1607 4203/2146/1607 3648/2146/1607
f 3592/2146/1607 4514/2146/1607 4000/2146/1607
f 4515/2146/1607 3695/2146/1607 4047/2146/1607
f 3856/2146/1607 4047/2146/1607 3564/2146/1607
f 3648/2146/1607 4515/2146/1607 3856/2146/1607
f 4516/2146/1607 3599/2146/1607 3903/2146/1607
f 4204/2146/1607 3903/2146/1607 3695/2146/1607
f 3793/2146/1607 4516/2146/1607 4204/2146/1607
f 4517/2146/1607 3792/2146/1607 4199/2146/1607
f 4040/2146/1607 4199/2146/1607 3688/2146/1607
f 1840/2146/1607 4517/2146/1607 4040/2146/1607
f 4518/2146/1607 3747/2146/1607 4099/2146/1607
f 3896/2146/1607 4099/2146/1607 3592/2146/1607
f 3688/2146/1607 4518/2146/1607 3896/2146/1607
f 4519/2146/1607 3623/2146/1607 3955/2146/1607
f 4200/2146/1607 3955/2146/1607 3747/2146/1607
f 3792/2146/1607 4519/2146/1607 4200/2146/1607
f 4520/2146/1872 3791/2146/1872 4195/2146/1872
f 4104/2146/1873 4195/2146/1873 3752/2146/1873
f 3624/2146/1874 4520/2146/1874 4104/2146/1874
f 4521/2146/1875 3651/2146/1875 4003/2146/1875
f 3960/2146/1848 4003/2146/1848 3595/2146/1848
f 3752/2146/1876 4521/2146/1876 3960/2146/1876
f 3859/2146/1877 3864/2146/1877 3567/2146/1877
f 4196/2146/1878 3859/2146/1878 3651/2146/1878
f 4196/2146/1879 4194/2146/1879 4522/2146/1879
f 4523/2146/1862 3790/2146/1862 4191/2146/1862
f 3988/2146/1751 4191/2146/1751 3636/2146/1751
f 3580/2146/1752 4523/2146/1752 3988/2146/1752
f 4524/2146/1776 3691/2146/1776 4043/2146/1776
f 3844/2146/1607 4043/2146/1607 3555/2146/1607
f 3636/2146/1754 4524/2146/1754 3844/2146/1754
f 4525/2146/1863 3595/2146/1863 3899/2146/1863
f 4192/2146/1864 3899/2146/1864 3691/2146/1864
f 3790/2146/1865 4525/2146/1865 4192/2146/1865
f 4187/2146/1880 4189/2146/1880 3789/2146/1880
f 3676/2146/1881 4526/2146/1881 4187/2146/1881
f 4028/2146/1882 4047/2146/1882 4526/2146/1882
f 4103/2146/1883 4188/2146/1883 3751/2146/1883
f 3580/2146/1884 4527/2146/1884 4103/2146/1884
f 3884/2146/1885 4187/2146/1885 4527/2146/1885
f 3959/2146/1886 3961/2146/1886 3624/2146/1886
f 3751/2146/1887 4528/2146/1887 3959/2146/1887
f 4188/2146/1888 4186/2146/1888 4528/2146/1888
f 4529/2146/1889 3788/2146/1889 4183/2146/1889
f 3756/2146/1890 4529/2146/1890 4183/2146/1890
f 3625/2146/1891 4529/2146/1891 4108/2146/1891
f 3991/2146/1892 4184/2146/1892 3639/2146/1892
f 3583/2146/1893 4530/2146/1893 3991/2146/1893
f 3964/2146/1894 4183/2146/1894 4530/2146/1894
f 4531/2146/1895 3557/2146/1895 3847/2146/1895
f 4184/2146/1896 3847/2146/1896 3639/2146/1896
f 3788/2146/1897 4531/2146/1897 4184/2146/1897
f 4179/2146/1898 4181/2146/1898 3787/2146/1898
f 4008/2146/1899 4179/2146/1899 3656/2146/1899
f 4008/2146/1900 4107/2146/1900 4532/2146/1900
f 4031/2146/1901 4180/2146/1901 3679/2146/1901
f 3567/2146/1902 4533/2146/1902 4031/2146/1902
f 3656/2146/1903 4533/2146/1903 3864/2146/1903
f 3887/2146/1904 3964/2146/1904 3583/2146/1904
f 3679/2146/1905 4534/2146/1905 3887/2146/1905
f 4180/2146/1906 4178/2146/1906 4534/2146/1906
f 4535/2146/1907 3786/2146/1907 4175/2146/1907
f 4048/2146/1908 4175/2146/1908 3696/2146/1908
f 4048/2146/1909 4046/2146/1909 4535/2146/1909
f 4536/2146/1910 3755/2146/1910 4107/2146/1910
f 3600/2146/1911 4536/2146/1911 4107/2146/1911
f 3696/2146/1912 4536/2146/1912 3904/2146/1912
f 4537/2146/1913 3625/2146/1913 3963/2146/1913
f 4176/2146/1914 3963/2146/1914 3755/2146/1914
f 4176/2146/1915 4174/2146/1915 4537/2146/1915
f 4171/2146/1916 4173/2146/1916 3785/2146/1916
f 3760/2146/1917 4538/2146/1917 4171/2146/1917
f 4112/2146/1918 4110/2146/1918 4538/2146/1918
f 4539/2146/1919 3654/2146/1919 4006/2146/1919
f 3968/2146/1920 4006/2146/1920 3598/2146/1920
f 3968/2146/1921 4171/2146/1921 4539/2146/1921
f 3862/2146/1922 3861/2146/1922 3569/2146/1922
f 4172/2146/1923 3862/2146/1923 3654/2146/1923
f 4172/2146/1924 4170/2146/1924 4540/2146/1924
f 4167/2146/1925 4169/2146/1925 3784/2146/1925
f 4009/2146/1926 4167/2146/1926 3657/2146/1926
f 4009/2146/1927 4111/2146/1927 4541/2146/1927
f 4542/2146/1928 3694/2146/1928 4046/2146/1928
f 3570/2146/1929 4542/2146/1929 4046/2146/1929
f 3865/2146/1930 4167/2146/1930 4542/2146/1930
f 4543/2146/1931 3598/2146/1931 3902/2146/1931
f 4168/2146/1932 3902/2146/1932 3694/2146/1932
f 3784/2146/1933 4543/2146/1933 4168/2146/1933
f 4544/2146/1607 3783/2146/1607 4163/2146/1607
f 4049/2146/1607 4163/2146/1607 3697/2146/1607
f 3565/2146/1607 4544/2146/1607 4049/2146/1607
f 4545/2146/1934 3759/2146/1934 4111/2146/1934
f 3601/2146/1935 4545/2146/1935 4111/2146/1935
f 3697/2146/1936 4545/2146/1936 3905/2146/1936
f 4546/2146/1937 3626/2146/1937 3967/2146/1937
f 4164/2146/1938 3967/2146/1938 3759/2146/1938
f 3783/2146/1939 4546/2146/1939 4164/2146/1939
f 4547/2146/1612 3782/2146/1612 4159/2146/1612
f 3764/2146/1940 4547/2146/1940 4159/2146/1940
f 3627/2146/1941 4547/2146/1941 4116/2146/1941
f 4548/2146/1612 3658/2146/1612 4010/2146/1612
f 3972/2146/1612 4010/2146/1612 3602/2146/1612
f 3972/2146/1612 4159/2146/1612 4548/2146/1612
f 4549/2146/1612 3568/2146/1612 3866/2146/1612
f 4160/2146/1612 3866/2146/1612 3658/2146/1612
f 3782/2146/1612 4549/2146/1612 4160/2146/1612
f 4550/2146/1942 3781/2146/1942 4155/2146/1942
f 3661/2146/1943 4550/2146/1943 4155/2146/1943
f 4013/2146/1944 4115/2146/1944 4550/2146/1944
f 4551/2146/1776 3698/2146/1776 4050/2146/1776
f 3869/2146/1607 4050/2146/1607 3571/2146/1607
f 3869/2146/1945 4155/2146/1945 4551/2146/1945
f 4552/2146/1946 3602/2146/1946 3906/2146/1946
f 4156/2146/1864 3906/2146/1864 3698/2146/1864
f 4156/2146/1947 4154/2146/1947 4552/2146/1947
f 4553/2146/1948 3780/2146/1948 4151/2146/1948
f 4053/2146/1949 4151/2146/1949 3701/2146/1949
f 3567/2146/1950 4553/2146/1950 4053/2146/1950
f 4115/2146/1951 4152/2146/1951 3763/2146/1951
f 3605/2146/1952 4554/2146/1952 4115/2146/1952
f 3909/2146/1953 4151/2146/1953 4554/2146/1953
f 4555/2146/1954 3627/2146/1954 3971/2146/1954
f 4152/2146/1955 3971/2146/1955 3763/2146/1955
f 4152/2146/1956 4150/2146/1956 4555/2146/1956
f 4556/2146/1607 3779/2146/1607 4147/2146/1607
f 4120/2146/1607 4147/2146/1607 3768/2146/1607
f 3628/2146/1607 4556/2146/1607 4120/2146/1607
f 4557/2146/1607 3662/2146/1607 4014/2146/1607
f 3976/2146/1607 4014/2146/1607 3606/2146/1607
f 3768/2146/1607 4557/2146/1607 3976/2146/1607
f 4558/2146/1607 3563/2146/1607 3870/2146/1607
f 4148/2146/1607 3870/2146/1607 3662/2146/1607
f 3779/2146/1607 4558/2146/1607 4148/2146/1607
f 4143/2146/1957 4145/2146/1957 3778/2146/1957
f 3665/2146/1958 4559/2146/1958 4143/2146/1958
f 4017/2146/1959 4119/2146/1959 4559/2146/1959
f 4054/2146/1960 4144/2146/1960 3702/2146/1960
f 3572/2146/1961 4560/2146/1961 4054/2146/1961
f 3873/2146/1962 4143/2146/1962 4560/2146/1962
f 3910/2146/1769 3976/2146/1769 3606/2146/1769
f 3702/2146/1963 4561/2146/1963 3910/2146/1963
f 4144/2146/1964 4142/2146/1964 4561/2146/1964
f 4562/2146/1607 3777/2146/1607 4139/2146/1607
f 4057/2146/1607 4139/2146/1607 3705/2146/1607
f 4057/2146/1965 4030/2146/1965 4562/2146/1965
f 4563/2146/1607 3767/2146/1607 4119/2146/1607
f 3913/2146/1607 4119/2146/1607 3609/2146/1607
f 3705/2146/1607 4563/2146/1607 3913/2146/1607
f 4564/2146/1607 3628/2146/1607 3975/2146/1607
f 4140/2146/1607 3975/2146/1607 3767/2146/1607
f 3777/2146/1607 4564/2146/1607 4140/2146/1607
f 4565/2146/1607 3776/2146/1607 4135/2146/1607
f 4124/2146/1607 4135/2146/1607 3772/2146/1607
f 3629/2146/1607 4565/2146/1607 4124/2146/1607
f 4566/2146/1607 3666/2146/1607 4018/2146/1607
f 3980/2146/1966 4018/2146/1966 3610/2146/1966
f 3772/2146/1607 4566/2146/1607 3980/2146/1607
f 4567/2146/1607 3559/2146/1607 3874/2146/1607
f 4136/2146/1607 3874/2146/1607 3666/2146/1607
f 3776/2146/1607 4567/2146/1607 4136/2146/1607
f 4568/2146/1607 3775/2146/1607 4131/2146/1607
f 4021/2146/1607 4131/2146/1607 3669/2146/1607
f 3613/2146/1607 4568/2146/1607 4021/2146/1607
f 4058/2146/1967 4132/2146/1967 3706/2146/1967
f 3573/2146/1968 4569/2146/1968 4058/2146/1968
f 3669/2146/1607 4569/2146/1607 3877/2146/1607
f 4570/2146/1969 3610/2146/1969 3914/2146/1969
f 4132/2146/1970 3914/2146/1970 3706/2146/1970
f 4132/2146/1607 4130/2146/1607 4570/2146/1607
f 4571/2146/1607 3774/2146/1607 4127/2146/1607
f 4061/2146/1607 4127/2146/1607 3709/2146/1607
f 3561/2146/1607 4571/2146/1607 4061/2146/1607
f 4572/2146/1607 3771/2146/1607 4123/2146/1607
f 3917/2146/1607 4123/2146/1607 3613/2146/1607
f 3709/2146/1607 4572/2146/1607 3917/2146/1607
f 4573/2146/1607 3629/2146/1607 3979/2146/1607
f 4128/2146/1607 3979/2146/1607 3771/2146/1607
f 3774/2146/1607 4573/2146/1607 4128/2146/1607
f 4574/2146/1607 3773/2146/1607 4126/2146/1607
f 4129/2146/1607 4126/2146/1607 3774/2146/1607
f 3673/2146/1607 4574/2146/1607 4129/2146/1607
f 4575/2146/1607 3772/2146/1607 4130/2146/1607
f 4133/2146/1607 4130/2146/1607 3775/2146/1607
f 3771/2146/1607 4575/2146/1607 4133/2146/1607
f 4576/2146/1607 3671/2146/1607 4134/2146/1607
f 4137/2146/1607 4134/2146/1607 3776/2146/1607
f 3770/2146/1607 4576/2146/1607 4137/2146/1607
f 4577/2146/1607 3769/2146/1607 4138/2146/1607
f 4141/2146/1607 4138/2146/1607 3777/2146/1607
f 3678/2146/1607 4577/2146/1607 4141/2146/1607
f 4142/2146/1971 4120/2146/1971 3768/2146/1971
f 3778/2146/1972 4578/2146/1972 4142/2146/1972
f 4145/2146/1966 3975/2146/1966 4578/2146/1966
f 4579/2146/1607 3675/2146/1607 4146/2146/1607
f 4149/2146/1607 4146/2146/1607 3779/2146/1607
f 3766/2146/1607 4579/2146/1607 4149/2146/1607
f 4150/2146/1973 4117/2146/1973 3765/2146/1973
f 4153/2146/1974 4150/2146/1974 3780/2146/1974
f 3679/2146/1975 4580/2146/1975 4153/2146/1975
f 4154/2146/1976 4116/2146/1976 3764/2146/1976
f 3781/2146/1977 4581/2146/1977 4154/2146/1977
f 3763/2146/1978 4581/2146/1978 4157/2146/1978
f 4158/2146/1979 4004/2146/1979 3652/2146/1979
f 3782/2146/1980 4582/2146/1980 4158/2146/1980
f 3762/2146/1981 4582/2146/1981 4161/2146/1981
f 4583/2146/1607 3761/2146/1607 4162/2146/1607
f 4165/2146/1607 4162/2146/1607 3783/2146/1607
f 3677/2146/1607 4583/2146/1607 4165/2146/1607
f 4166/2146/1982 4112/2146/1982 3760/2146/1982
f 3784/2146/1983 4584/2146/1983 4166/2146/1983
f 3759/2146/1984 4584/2146/1984 4169/2146/1984
f 4585/2146/1985 3653/2146/1985 4170/2146/1985
f 3785/2146/1986 4585/2146/1986 4170/2146/1986
f 4173/2146/1987 3966/2146/1987 4585/2146/1987
f 4174/2146/1988 4109/2146/1988 3757/2146/1988
f 3786/2146/1989 4586/2146/1989 4174/2146/1989
f 3694/2146/1990 4586/2146/1990 4177/2146/1990
f 4178/2146/1991 4108/2146/1991 3756/2146/1991
f 3787/2146/1992 4587/2146/1992 4178/2146/1992
f 3755/2146/1993 4587/2146/1993 4181/2146/1993
f 4182/2146/1994 3993/2146/1994 3641/2146/1994
f 4185/2146/1995 4182/2146/1995 3788/2146/1995
f 3754/2146/1996 4588/2146/1996 4185/2146/1996
f 4186/2146/1997 4105/2146/1997 3753/2146/1997
f 3789/2146/1998 4589/2146/1998 4186/2146/1998
f 4189/2146/1999 3903/2146/1999 4589/2146/1999
f 4590/2146/2000 3752/2146/2000 4190/2146/2000
f 4193/2146/2001 4190/2146/2001 3790/2146/2001
f 3751/2146/2002 4590/2146/2002 4193/2146/2002
f 4591/2146/2003 3656/2146/2003 4194/2146/2003
f 4197/2146/2004 4194/2146/2004 3791/2146/2004
f 4197/2146/2005 3958/2146/2005 4591/2146/2005
f 4592/2146/1607 3749/2146/1607 4198/2146/1607
f 4201/2146/1607 4198/2146/1607 3792/2146/1607
f 3689/2146/1607 4592/2146/1607 4201/2146/1607
f 4593/2146/1607 3748/2146/1607 4202/2146/1607
f 4205/2146/1607 4202/2146/1607 3793/2146/1607
f 3747/2146/1607 4593/2146/1607 4205/2146/1607
f 4206/2146/2006 4009/2146/2006 3657/2146/2006
f 4209/2146/1607 4206/2146/1607 3794/2146/1607
f 3746/2146/1607 4594/2146/1607 4209/2146/1607
f 4595/2146/1607 3745/2146/1607 4210/2146/1607
f 4213/2146/1607 4210/2146/1607 3795/2146/1607
f 3698/2146/1607 4595/2146/1607 4213/2146/1607
f 4596/2146/1607 3744/2146/1607 4214/2146/1607
f 4217/2146/1607 4214/2146/1607 3796/2146/1607
f 3743/2146/1607 4596/2146/1607 4217/2146/1607
f 4597/2146/1607 3640/2146/1607 4218/2146/1607
f 4221/2146/1607 4218/2146/1607 3797/2146/1607
f 3742/2146/1607 4597/2146/1607 4221/2146/1607
f 4598/2146/1607 3741/2146/1607 4222/2146/1607
f 4225/2146/1607 4222/2146/1607 3798/2146/1607
f 3699/2146/1607 4598/2146/1607 4225/2146/1607
f 4599/2146/1607 3740/2146/1607 4226/2146/1607
f 4229/2146/1607 4226/2146/1607 3799/2146/1607
f 3739/2146/1607 4599/2146/1607 4229/2146/1607
f 4600/2146/1607 3660/2146/1607 4230/2146/1607
f 4233/2146/1607 4230/2146/1607 3800/2146/1607
f 3738/2146/1607 4600/2146/1607 4233/2146/1607
f 4601/2146/1607 3737/2146/1607 4234/2146/1607
f 4237/2146/1607 4234/2146/1607 3801/2146/1607
f 3691/2146/1607 4601/2146/1607 4237/2146/1607
f 4602/2146/1607 3736/2146/1607 4238/2146/1607
f 4241/2146/1607 4238/2146/1607 3802/2146/1607
f 3735/2146/1607 4602/2146/1607 4241/2146/1607
f 4603/2146/1607 3661/2146/1607 4242/2146/1607
f 4245/2146/1607 4242/2146/1607 3803/2146/1607
f 4245/2146/2007 3942/2146/2007 4603/2146/2007
f 4604/2146/2008 3733/2146/2008 4246/2146/2008
f 4249/2146/2009 4246/2146/2009 3804/2146/2009
f 3702/2146/2010 4604/2146/2010 4249/2146/2010
f 4605/2146/1607 3732/2146/1607 4250/2146/1607
f 4253/2146/1607 4250/2146/1607 3805/2146/1607
f 3731/2146/1607 4605/2146/1607 4253/2146/1607
f 4606/2146/1607 3687/2146/1607 4254/2146/1607
f 4257/2146/1607 4254/2146/1607 3806/2146/1607
f 3730/2146/1607 4606/2146/1607 4257/2146/1607
f 4607/2146/2000 3729/2146/2000 4258/2146/2000
f 4261/2146/2001 4258/2146/2001 3807/2146/2001
f 3703/2146/2002 4607/2146/2002 4261/2146/2002
f 4608/2146/1607 3728/2146/1607 4262/2146/1607
f 4265/2146/1607 4262/2146/1607 3808/2146/1607
f 3727/2146/1607 4608/2146/1607 4265/2146/1607
f 4609/2146/1607 3664/2146/1607 4266/2146/1607
f 4269/2146/1607 4266/2146/1607 3809/2146/1607
f 3726/2146/1607 4609/2146/1607 4269/2146/1607
f 4270/2146/2011 4077/2146/2011 3725/2146/2011
f 4273/2146/2012 4270/2146/2012 3810/2146/2012
f 3690/2146/2013 4610/2146/2013 4273/2146/2013
f 4274/2146/2014 4076/2146/2014 3724/2146/2014
f 3811/2146/2015 4611/2146/2015 4274/2146/2015
f 3723/2146/2016 4611/2146/2016 4277/2146/2016
f 4278/2146/2017 4017/2146/2017 3665/2146/2017
f 3812/2146/2018 4612/2146/2018 4278/2146/2018
f 4281/2146/2019 3930/2146/2019 4612/2146/2019
f 4282/2146/2020 4073/2146/2020 3721/2146/2020
f 3813/2146/2021 4613/2146/2021 4282/2146/2021
f 4285/2146/2022 3914/2146/2022 4613/2146/2022
f 4614/2146/1607 3720/2146/1607 4286/2146/1607
f 4289/2146/2023 4286/2146/2023 3814/2146/2023
f 3719/2146/2024 4614/2146/2024 4289/2146/2024
f 4615/2146/1607 3683/2146/1607 4290/2146/1607
f 4293/2146/1607 4290/2146/1607 3815/2146/1607
f 3718/2146/1607 4615/2146/1607 4293/2146/1607
f 4294/2146/2025 4069/2146/2025 3717/2146/2025
f 3816/2146/2026 4616/2146/2026 4294/2146/2026
f 4297/2146/2027 3915/2146/2027 4616/2146/2027
f 4617/2146/2028 3716/2146/2028 4298/2146/2028
f 3817/2146/2029 4617/2146/2029 4298/2146/2029
f 4301/2146/2030 3923/2146/2030 4617/2146/2030
f 4302/2146/2031 4020/2146/2031 3668/2146/2031
f 4305/2146/2032 4302/2146/2032 3818/2146/2032
f 4305/2146/1607 3922/2146/1607 4618/2146/1607
f 4619/2146/1607 3713/2146/1607 4306/2146/1607
f 4309/2146/1607 4306/2146/1607 3819/2146/1607
f 3685/2146/1607 4619/2146/1607 4309/2146/1607
f 4620/2146/1607 3712/2146/1607 4310/2146/1607
f 4313/2146/1607 4310/2146/1607 3820/2146/1607
f 3711/2146/1607 4620/2146/1607 4313/2146/1607
f 4621/2146/1607 3669/2146/1607 4314/2146/1607
f 4317/2146/1607 4314/2146/1607 3821/2146/1607
f 3710/2146/1607 4621/2146/1607 4317/2146/1607
f 4622/2146/1607 3709/2146/1607 4318/2146/1607
f 4321/2146/1607 4318/2146/1607 3822/2146/1607
f 3645/2146/1607 4622/2146/1607 4321/2146/1607
f 4623/2146/2033 3708/2146/2033 4322/2146/2033
f 4325/2146/2034 4322/2146/2034 3823/2146/2034
f 3667/2146/2035 4623/2146/2035 4325/2146/2035
f 4624/2146/1607 3643/2146/1607 4326/2146/1607
f 4329/2146/1607 4326/2146/1607 3824/2146/1607
f 3666/2146/1607 4624/2146/1607 4329/2146/1607
f 4625/2146/2036 3705/2146/2036 4330/2146/2036
f 3825/2146/2037 4625/2146/2037 4330/2146/2037
f 4333/2146/2038 3858/2146/2038 4625/2146/2038
f 4626/2146/1612 3704/2146/1612 4334/2146/1612
f 4337/2146/1612 4334/2146/1612 3826/2146/1612
f 3663/2146/1612 4626/2146/1612 4337/2146/1612
f 4627/2146/1607 3647/2146/1607 4338/2146/1607
f 4341/2146/1607 4338/2146/1607 3827/2146/1607
f 3662/2146/1607 4627/2146/1607 4341/2146/1607
f 4342/2146/2039 4053/2146/2039 3701/2146/2039
f 3828/2146/2040 4628/2146/2040 4342/2146/2040
f 4345/2146/2041 3859/2146/2041 4628/2146/2041
f 4629/2146/1607 3700/2146/1607 4346/2146/1607
f 4349/2146/1607 4346/2146/1607 3829/2146/1607
f 3659/2146/1607 4629/2146/1607 4349/2146/1607
f 4630/2146/1607 3680/2146/1607 4350/2146/1607
f 4353/2146/1607 4350/2146/1607 3830/2146/1607
f 3658/2146/1607 4630/2146/1607 4353/2146/1607
f 4631/2146/1607 3697/2146/1607 4354/2146/1607
f 4357/2146/1607 4354/2146/1607 3831/2146/1607
f 3649/2146/1607 4631/2146/1607 4357/2146/1607
f 4632/2146/2042 3696/2146/2042 4358/2146/2042
f 3832/2146/1714 4632/2146/1714 4358/2146/1714
f 4361/2146/1715 3863/2146/1715 4632/2146/1715
f 4633/2146/2043 3681/2146/2043 4362/2146/2043
f 3833/2146/2044 4633/2146/2044 4362/2146/2044
f 3654/2146/2045 4633/2146/2045 4365/2146/2045
f 4634/2146/1607 3693/2146/1607 4366/2146/1607
f 4369/2146/1607 4366/2146/1607 3834/2146/1607
f 3637/2146/1607 4634/2146/1607 4369/2146/1607
f 4370/2146/2046 4044/2146/2046 3692/2146/2046
f 3835/2146/2047 4635/2146/2047 4370/2146/2047
f 3639/2146/2048 4635/2146/2048 4373/2146/2048
f 4636/2146/1607 3635/2146/1607 4374/2146/1607
f 4377/2146/1607 4374/2146/1607 3836/2146/1607
f 3638/2146/1607 4636/2146/1607 4377/2146/1607
f 4637/2146/1607 3631/2146/1607 4378/2146/1607
f 4381/2146/1607 4378/2146/1607 3837/2146/1607
f 3633/2146/1607 4637/2146/1607 4381/2146/1607
f 1545/1664/2049 1554/1682/2049 1555/1665/2049
f 1546/1666/2050 1555/1665/2050 1556/1670/2050
f 1828/1667/1294 1548/1669/1294 1549/1672/1294
f 1543/1674/1295 1829/1673/1295 1549/1672/1295
f 1543/1674/1296 1550/1675/1296 1551/1676/1296
f 1830/1677/1297 1551/1676/1297 1552/1678/1297
f 1544/1679/1298 1552/1678/1298 1553/1680/1298
f 1831/1681/1299 1553/1680/1299 1554/1682/1299
f 1553/1680/1300 1562/1692/1300 1563/1683/1300
f 1554/1682/1301 1563/1683/1301 1564/1684/1301
f 1555/1665/1303 1564/1684/1303 1565/1687/1303
f 1548/1669/1304 1557/1686/1304 1558/1688/1304
f 1550/1675/1305 1549/1672/1305 1558/1688/1305
f 1550/1675/1306 1559/1689/1306 1560/1690/1306
f 1551/1676/1307 1560/1690/1307 1561/1691/1307
f 1552/1678/1308 1561/1691/1308 1562/1692/1308
f 1558/1688/2051 1567/1702/2051 1568/1693/2051
f 1559/1689/1310 1568/1693/1310 1569/1694/1310
f 1560/1690/1311 1569/1694/1311 1570/1695/1311
f 1561/1691/1312 1570/1695/1312 1571/1696/1312
f 1562/1692/1313 1571/1696/1313 1572/1697/1313
f 1563/1683/1314 1572/1697/1314 1573/1698/1314
f 1564/1684/1316 1573/1698/1316 1574/1701/1316
f 1557/1686/1317 1566/1700/1317 1567/1702/1317
f 1571/1696/1318 1580/1712/1318 1581/1703/1318
f 1572/1697/1319 1581/1703/1319 1582/1704/1319
f 1573/1698/1321 1582/1704/1321 1583/1707/1321
f 1566/1700/1322 1575/1706/1322 1576/1708/1322
f 1567/1702/1323 1576/1708/1323 1577/1709/1323
f 1568/1693/1324 1577/1709/1324 1578/1710/1324
f 1569/1694/1325 1578/1710/1325 1579/1711/1325
f 1570/1695/1326 1579/1711/1326 1580/1712/1326
f 1577/1709/1327 1586/1722/1327 1587/1713/1327
f 1578/1710/1328 1587/1713/1328 1588/1714/1328
f 1579/1711/1329 1588/1714/1329 1589/1715/1329
f 1581/1703/1330 1580/1712/1330 1589/1715/1330
f 1581/1703/1331 1590/1716/1331 1591/1717/1331
f 1582/1704/1333 1591/1717/1333 1592/1720/1333
f 1575/1706/1334 1584/1719/1334 1585/1721/1334
f 1576/1708/1335 1585/1721/1335 1586/1722/1335
f 1590/1716/1336 1600/1732/1336 1601/1723/1336
f 1591/1717/1338 1601/1723/1338 1602/1726/1338
f 1584/1719/1339 1594/1725/1339 1595/1727/1339
f 1586/1722/2052 1585/1721/2052 1595/1727/2052
f 1586/1722/1341 1596/1728/1341 1597/1729/1341
f 1587/1713/1342 1597/1729/1342 1598/1730/1342
f 1588/1714/1343 1598/1730/1343 1599/1731/1343
f 1590/1716/1344 1589/1715/1344 1599/1731/1344
f 1597/1729/1345 1606/1742/1345 1607/1733/1345
f 1598/1730/1346 1607/1733/1346 1608/1734/1346
f 1599/1731/1347 1608/1734/1347 1609/1735/1347
f 1600/1732/1348 1609/1735/1348 1610/1736/1348
f 1601/1723/2053 1610/1736/2053 1611/1739/2053
f 1594/1725/1351 1603/1738/1351 1604/1740/1351
f 1595/1727/1352 1604/1740/1352 1605/1741/1352
f 1596/1728/1353 1605/1741/1353 1606/1742/1353
f 1610/1736/1355 1619/1752/1355 1620/1745/1355
f 1603/1738/1356 1612/1744/1356 1613/1746/1356
f 1604/1740/1357 1613/1746/1357 1614/1747/1357
f 1605/1741/1358 1614/1747/1358 1615/1748/1358
f 1606/1742/1359 1615/1748/1359 1616/1749/1359
f 1607/1733/1360 1616/1749/1360 1617/1750/1360
f 1608/1734/1361 1617/1750/1361 1618/1751/1361
f 1609/1735/1362 1618/1751/1362 1619/1752/1362
f 1615/1748/1363 1624/1762/1363 1625/1753/1363
f 1616/1749/1364 1625/1753/1364 1626/1754/1364
f 1617/1750/1365 1626/1754/1365 1627/1755/1365
f 1618/1751/1366 1627/1755/1366 1628/1756/1366
f 1619/1752/1368 1628/1756/1368 1629/1759/1368
f 1612/1744/1369 1621/1758/1369 1622/1760/1369
f 1614/1747/1370 1613/1746/1370 1622/1760/1370
f 1615/1748/1371 1614/1747/1371 1623/1761/1371
f 1628/1756/1372 1637/1770/1372 1638/1763/1372
f 1621/1758/1373 1630/1772/1373 1631/1764/1373
f 1622/1760/1374 1631/1764/1374 1632/1765/1374
f 1624/1762/1375 1623/1761/1375 1632/1765/1375
f 1624/1762/1376 1633/1766/1376 1634/1767/1376
f 1625/1753/1377 1634/1767/1377 1635/1768/1377
f 1626/1754/1378 1635/1768/1378 1636/1769/1378
f 1627/1755/2054 1636/1769/2054 1637/1770/2054
f 1634/1767/1381 1643/1782/1381 1644/1773/1381
f 1636/1769/1382 1635/1768/1382 1644/1773/1382
f 1636/1769/1383 1645/1774/1383 1646/1775/1383
f 1637/1770/1385 1646/1775/1385 1647/1778/1385
f 1630/1772/1386 1639/1777/1386 1640/1779/1386
f 1631/1764/1387 1640/1779/1387 1641/1780/1387
f 1632/1765/1388 1641/1780/1388 1642/1781/1388
f 1633/1766/1389 1642/1781/1389 1643/1782/1389
f 1639/1777/1390 1648/1791/1390 1649/1783/1390
f 1640/1779/1391 1649/1783/1391 1650/1784/1391
f 1642/1781/1392 1641/1780/1392 1650/1784/1392
f 1642/1781/1393 1651/1785/1393 1652/1786/1393
f 1644/1773/1394 1643/1782/1394 1652/1786/1394
f 1644/1773/1395 1653/1787/1395 1654/1788/1395
f 1645/1774/1396 1654/1788/1396 1655/1789/1396
f 1647/1778/1398 1646/1775/1398 1655/1789/1398
f 1652/1786/1399 1661/1802/1399 1662/1793/1399
f 1653/1787/1400 1662/1793/1400 1663/1794/1400
f 1654/1788/1401 1663/1794/1401 1664/1795/1401
f 1655/1789/1403 1664/1795/1403 1665/1798/1403
f 1648/1791/1404 1657/1797/1404 1658/1799/1404
f 1650/1784/1405 1649/1783/1405 1658/1799/1405
f 1651/1785/1406 1650/1784/1406 1659/1800/1406
f 1651/1785/1407 1660/1801/1407 1661/1802/1407
f 1658/1799/1408 1667/1812/1408 1668/1803/1408
f 1660/1801/1409 1659/1800/1409 1668/1803/1409
f 1660/1801/1410 1669/1804/1410 1670/1805/1410
f 1661/1802/1411 1670/1805/1411 1671/1806/1411
f 1662/1793/1412 1671/1806/1412 1672/1807/1412
f 1663/1794/1413 1672/1807/1413 1673/1808/1413
f 1664/1795/1415 1673/1808/1415 1674/1811/1415
f 1657/1797/1416 1666/1810/1416 1667/1812/1416
f 1672/1807/2055 1671/1806/2055 1680/1813/2055
f 1672/1807/1418 1681/1814/1418 1682/1815/1418
f 1673/1808/1420 1682/1815/1420 1683/1818/1420
f 1666/1810/1421 1675/1817/1421 1676/1819/1421
f 1667/1812/1422 1676/1819/1422 1677/1820/1422
f 1669/1804/1423 1668/1803/1423 1677/1820/1423
f 1669/1804/1424 1678/1821/1424 1679/1822/1424
f 1670/1805/1425 1679/1822/1425 1680/1813/1425
f 1678/1821/1426 1677/1820/1426 1686/1823/1426
f 1678/1821/1427 1687/1824/1427 1688/1825/1427
f 1679/1822/1428 1688/1825/1428 1689/1826/1428
f 1681/1814/1429 1680/1813/1429 1689/1826/1429
f 1681/1814/1430 1690/1827/1430 1691/1828/1430
f 1682/1815/1432 1691/1828/1432 1692/1831/1432
f 1675/1817/1433 1684/1830/1433 1685/1832/1433
f 1676/1819/1434 1685/1832/1434 1686/1823/1434
f 1690/1827/1435 1699/1842/1435 1700/1833/1435
f 1691/1828/1437 1700/1833/1437 1701/1836/1437
f 1684/1830/1438 1693/1835/1438 1694/1837/1438
f 1685/1832/1439 1694/1837/1439 1695/1838/1439
f 1687/1824/1440 1686/1823/1440 1695/1838/1440
f 1687/1824/1441 1696/1839/1441 1697/1840/1441
f 1688/1825/1442 1697/1840/1442 1698/1841/1442
f 1690/1827/1443 1689/1826/1443 1698/1841/1443
f 1695/1838/1444 1704/1852/1444 1705/1843/1444
f 1696/1839/1445 1705/1843/1445 1706/1844/1445
f 1697/1840/1446 1706/1844/1446 1707/1845/1446
f 1698/1841/2056 1707/1845/2056 1708/1846/2056
f 1699/1842/1448 1708/1846/1448 1709/1847/1448
f 1700/1833/1450 1709/1847/1450 1710/1850/1450
f 1693/1835/1451 1702/1849/1451 1703/1851/1451
f 1694/1837/1452 1703/1851/1452 1704/1852/1452
f 1708/1846/2057 1717/1862/2057 1718/1853/2057
f 1709/1847/2058 1718/1853/2058 1719/1856/2058
f 1702/1849/1456 1711/1855/1456 1712/1857/1456
f 1703/1851/2059 1712/1857/2059 1713/1858/2059
f 1704/1852/1458 1713/1858/1458 1714/1859/1458
f 1705/1843/1459 1714/1859/1459 1715/1860/1459
f 1706/1844/1460 1715/1860/1460 1716/1861/1460
f 1707/1845/1461 1716/1861/1461 1717/1862/1461
f 1714/1859/1462 1723/1872/1462 1724/1863/1462
f 1715/1860/1463 1724/1863/1463 1725/1864/1463
f 1716/1861/1464 1725/1864/1464 1726/1865/1464
f 1717/1862/1465 1726/1865/1465 1727/1866/1465
f 1718/1853/1467 1727/1866/1467 1728/1869/1467
f 1711/1855/1468 1720/1868/1468 1721/1870/1468
f 1712/1857/1469 1721/1870/1469 1722/1871/1469
f 1713/1858/1470 1722/1871/1470 1723/1872/1470
f 1727/1866/1472 1736/1882/1472 1737/1875/1472
f 1720/1868/1473 1729/1874/1473 1730/1876/1473
f 1721/1870/1474 1730/1876/1474 1731/1877/1474
f 1722/1871/1475 1731/1877/1475 1732/1878/1475
f 1723/1872/1476 1732/1878/1476 1733/1879/1476
f 1724/1863/1477 1733/1879/1477 1734/1880/1477
f 1725/1864/1478 1734/1880/1478 1735/1881/1478
f 1726/1865/1479 1735/1881/1479 1736/1882/1479
f 1732/1878/1480 1741/1892/1480 1742/1883/1480
f 1733/1879/1481 1742/1883/1481 1743/1884/1481
f 1734/1880/1482 1743/1884/1482 1744/1885/1482
f 1735/1881/1483 1744/1885/1483 1745/1886/1483
f 1736/1882/1485 1745/1886/1485 1746/1889/1485
f 1729/1874/1486 1738/1888/1486 1739/1890/1486
f 1730/1876/1487 1739/1890/1487 1740/1891/1487
f 1731/1877/2060 1740/1891/2060 1741/1892/2060
f 1745/1886/1489 1754/1900/1489 1755/1893/1489
f 1738/1888/1490 1747/1902/1490 1748/1894/1490
f 1739/1890/1491 1748/1894/1491 1749/1895/1491
f 1740/1891/1492 1749/1895/1492 1750/1896/1492
f 1741/1892/1493 1750/1896/1493 1751/1897/1493
f 1742/1883/1494 1751/1897/1494 1752/1898/1494
f 1743/1884/1495 1752/1898/1495 1753/1899/1495
f 1744/1885/1496 1753/1899/1496 1754/1900/1496
f 1751/1897/1498 1760/1912/1498 1761/1903/1498
f 1752/1898/1499 1761/1903/1499 1762/1904/1499
f 1753/1899/1500 1762/1904/1500 1763/1905/1500
f 1754/1900/1502 1763/1905/1502 1764/1908/1502
f 1747/1902/1503 1756/1907/1503 1757/1909/1503
f 1749/1895/1504 1748/1894/1504 1757/1909/1504
f 1750/1896/1505 1749/1895/1505 1758/1910/1505
f 1750/1896/1506 1759/1911/1506 1760/1912/1506
f 1758/1913/1507 1757/1931/1507 1766/1914/1507
f 1759/1916/1508 1758/1913/1508 1767/1915/1508
f 1759/1916/1509 1768/1917/1509 1769/1918/1509
f 1760/1919/1510 1769/1918/1510 1770/1920/1510
f 1761/1921/1511 1770/1920/1511 1771/1922/1511
f 1762/1923/1512 1771/1922/1512 1772/1924/1512
f 1763/1925/1514 1772/1924/1514 1773/1929/1514
f 1756/1926/1515 1765/1928/1515 1766/1914/1515
f 1770/1920/1516 1779/1941/1516 1780/1932/1516
f 1771/1922/1517 1780/1932/1517 1781/1933/1517
f 1772/1924/2061 1781/1933/2061 1782/1936/2061
f 1765/1928/1520 1774/1935/1520 1775/1937/1520
f 1766/1914/1521 1775/1937/1521 1776/1938/1521
f 1767/1915/1522 1776/1938/1522 1777/1939/1522
f 1768/1917/1523 1777/1939/1523 1778/1940/1523
f 1769/1918/1524 1778/1940/1524 1779/1941/1524
f 1775/1937/2062 1784/1951/2062 1785/1942/2062
f 1777/1939/1526 1776/1938/1526 1785/1942/1526
f 1777/1939/1527 1786/1943/1527 1787/1944/1527
f 1778/1940/1528 1787/1944/1528 1788/1945/1528
f 1779/1941/1529 1788/1945/1529 1789/1946/1529
f 1780/1932/1530 1789/1946/1530 1790/1947/1530
f 1781/1933/1532 1790/1947/1532 1791/1950/1532
f 1774/1935/1533 1783/1949/1533 1784/1951/1533
f 1788/1945/1534 1797/1961/1534 1798/1952/1534
f 1789/1946/1535 1798/1952/1535 1799/1953/1535
f 1790/1947/1537 1799/1953/1537 1800/1956/1537
f 1783/1949/1538 1792/1955/1538 1793/1957/1538
f 1784/1951/1539 1793/1957/1539 1794/1958/1539
f 1785/1942/1540 1794/1958/1540 1795/1959/1540
f 1786/1943/1541 1795/1959/1541 1796/1960/1541
f 1787/1944/1542 1796/1960/1542 1797/1961/1542
f 1796/1960/1543 1805/1970/1543 1806/1962/1543
f 1797/1961/1544 1806/1962/1544 1807/1963/1544
f 1798/1952/1545 1807/1963/1545 1808/1964/1545
f 1799/1953/1546 1808/1964/1546 1809/1965/1546
f 1794/1958/1548 1803/1971/1548 1804/1968/1548
f 1792/1955/1549 1801/1967/1549 1802/1969/1549
f 1795/1959/1550 1804/1968/1550 1805/1970/1550
f 1793/1957/1551 1802/1969/1551 1803/1971/1551
f 1802/1969/2063 1811/1981/2063 1812/1972/2063
f 1804/1968/2064 1803/1971/2064 1812/1972/2064
f 1804/1968/1554 1813/1973/1554 1814/1974/1554
f 1805/1970/1555 1814/1974/1555 1815/1975/1555
f 1806/1962/1556 1815/1975/1556 1816/1976/1556
f 1807/1963/1557 1816/1976/1557 1817/1977/1557
f 1808/1964/1559 1817/1977/1559 1818/1980/1559
f 1801/1967/1560 1810/1979/1560 1811/1981/1560
f 1815/1975/1561 1824/1991/1561 1825/1982/1561
f 1816/1976/1562 1825/1982/1562 1826/1983/1562
f 1817/1977/1564 1826/1983/1564 1827/1986/1564
f 1810/1979/1565 1819/1985/1565 1820/1987/1565
f 1811/1981/1566 1820/1987/1566 1821/1988/1566
f 1812/1972/1567 1821/1988/1567 1822/1989/1567
f 1813/1973/1568 1822/1989/1568 1823/1990/1568
f 1814/1974/1569 1823/1990/1569 1824/1991/1569
f 1821/1988/1570 1820/1987/1570 1829/1673/1570
f 1822/1989/1571 1821/1988/1571 1543/1674/1571
f 1822/1989/1572 1830/1677/1572 1544/1679/1572
f 1823/1990/1573 1544/1679/1573 1831/1681/1573
f 1824/1991/1574 1831/1681/1574 1545/1664/1574
f 1825/1982/1575 1545/1664/1575 1546/1666/1575
f 1826/1983/1577 1546/1666/1577 1547/1671/1577
f 1819/1985/1578 1828/1667/1578 1829/1673/1578
f 2497/1993/1579 1839/3298/1579 2691/1757/1579
f 1836/1905/1579 1832/2146/1579 1837/2259/1579
f 1837/2259/1583 1976/2215/1583 1880/1995/1583
f 1880/1995/1583 1936/2216/1583 1852/2211/1583
f 1852/2211/1582 1964/2139/1582 1868/2140/1582
f 1868/2140/1583 1924/2213/1583 1843/2212/1583
f 1843/2212/1584 1972/2227/1584 1876/2226/1584
f 1876/2226/1582 1932/2228/1582 1848/2221/1582
f 1848/2221/1582 1960/2220/1582 1864/1745/1582
f 1920/2223/1579 1840/2222/1579 2694/3088/1579
f 1876/2226/1584 1848/2221/1584 1864/1745/1584
f 1864/1745/1579 1920/2223/1579 2694/3088/1579
f 1864/1745/1579 2694/3088/1579 2348/3089/1579
f 1868/2140/1582 1843/2212/1582 1876/2226/1582
f 1876/2226/1579 1864/1745/1579 2348/3089/1579
f 1876/2226/1579 2348/3089/1579 2553/3091/1579
f 1868/2140/1579 1876/2226/1579 2553/3091/1579
f 1868/2140/1579 2553/3091/1579 2253/3083/1579
f 1852/2211/1579 1868/2140/1579 2253/3083/1579
f 1852/2211/1579 2253/3083/1579 2655/3081/1579
f 1836/1905/1579 1837/2259/1579 1880/1995/1579
f 1880/1995/1579 1852/2211/1579 2655/3081/1579
f 1880/1995/1579 2655/3081/1579 2309/3082/1579
f 2498/3058/1579 1836/1905/1579 1880/1995/1579
f 2293/3054/1579 2498/3058/1579 1880/1995/1579
f 1880/1995/1579 2309/3082/1579 2514/3085/1579
f 1880/1995/1579 2514/3085/1579 2226/3086/1579
f 2640/3053/1579 2293/3054/1579 1880/1995/1579
f 2238/3055/1579 2640/3053/1579 1880/1995/1579
f 1880/1995/1579 2226/3086/1579 2683/3101/1579
f 1880/1995/1579 2683/3101/1579 2337/3102/1579
f 2538/3064/1579 2238/3055/1579 1880/1995/1579
f 2333/3062/1579 2538/3064/1579 1880/1995/1579
f 1880/1995/1579 2337/3102/1579 2542/3104/1579
f 1880/1995/1579 2542/3104/1579 2242/3097/1579
f 2679/3061/1579 2333/3062/1579 1880/1995/1579
f 2222/3041/1579 2679/3061/1579 1880/1995/1579
f 1880/1995/1579 2242/3097/1579 2644/3095/1579
f 1880/1995/1579 2644/3095/1579 2297/3096/1579
f 2510/3040/1579 2222/3041/1579 1880/1995/1579
f 2305/3038/1579 2510/3040/1579 1880/1995/1579
f 1880/1995/1579 2297/3096/1579 2502/3099/1579
f 1880/1995/1579 2502/3099/1579 2217/3044/1579
f 2651/3037/1579 2305/3038/1579 1880/1995/1579
f 2249/3039/1579 2651/3037/1579 1880/1995/1579
f 1880/1995/1579 2217/3044/1579 2690/3043/1579
f 1880/1995/1579 2690/3043/1579 2344/1996/1579
f 2549/1997/1579 2249/3039/1579 1880/1995/1579
f 1919/1998/1579 1838/1925/1579 1977/1999/1579
f 1926/2001/1579 1844/1666/1579 1973/1665/1579
f 1927/2003/1579 1845/2201/1579 1980/2004/1579
f 1923/2006/1579 1842/2239/1579 1981/2007/1579
f 1942/2009/1579 1857/2196/1579 1969/2010/1579
f 1943/2012/1579 1858/2194/1579 1984/2013/1579
f 2071/2015/1580 2201/2015/1580 2198/2016/1580
f 1946/2017/1579 1856/2185/1579 1968/2018/1579
f 1947/2020/1579 1859/2183/1579 1988/2021/1579
f 1939/2023/1579 1855/2179/1579 1989/2024/1579
f 1950/2026/1579 1849/1704/1579 1961/1717/1579
f 1951/2028/1579 1860/2175/1579 1992/2029/1579
f 1938/2031/1579 1854/2174/1579 1993/2032/1579
f 1954/2034/1579 1853/2172/1579 1965/2035/1579
f 1955/2037/1579 1861/2171/1579 1996/2038/1579
f 1931/2040/1579 1847/2169/1579 1997/2041/1579
f 1998/2043/1579 1901/2168/1579 1957/2044/1579
f 1999/2046/1579 1902/2237/1579 2000/2047/1579
f 1971/2049/1579 1875/2241/1579 2001/2050/1579
f 2002/2052/1579 1900/2233/1579 1956/2053/1579
f 2003/2055/1579 1903/2234/1579 2004/2056/1579
f 1995/2058/1579 1899/2240/1579 2005/2059/1579
f 2006/2061/1579 1869/2242/1579 1925/2062/1579
f 2007/2064/1579 1904/2232/1579 2008/2065/1579
f 1994/2067/1579 1898/2170/1579 2009/2068/1579
f 2010/2070/1579 1897/2173/1579 1953/2071/1579
f 2011/2073/1579 1905/2229/1579 2012/2074/1579
f 1978/2076/1579 1882/2236/1579 2013/2077/1579
f 2014/2079/1579 1896/2219/1579 1952/2080/1579
f 2015/2082/1579 1906/2224/1579 2016/2083/1579
f 1991/2085/1579 1895/2231/1579 2017/2086/1579
f 2018/2088/1579 1865/1723/1579 1921/1736/1579
f 2019/2090/1579 1907/1726/1579 2020/1739/1579
f 1990/2092/1579 1894/1707/1579 2021/1720/1579
f 2022/2094/1579 1893/2178/1579 1949/2095/1579
f 2023/2097/1579 1908/2217/1579 2024/2098/1579
f 1979/2100/1579 1883/2204/1579 2025/2101/1579
f 2026/2103/1579 1892/2208/1579 1948/2104/1579
f 2027/2106/1579 1909/2214/1579 2028/2107/1579
f 1987/2109/1579 1891/2218/1579 2029/2110/1579
f 2030/2112/1579 1872/2225/1579 1928/2113/1579
f 2048/2115/1580 2180/2115/1580 2179/2116/1580
f 2051/2117/1583 2068/2118/1583 2186/2118/1583
f 2034/2119/1579 1889/2191/1579 1945/2120/1579
f 2035/2122/1579 1911/2206/1579 2036/2123/1579
f 2037/2125/1582 2200/2125/1582 2203/2126/1582
f 2038/2127/1579 1888/2198/1579 1944/2128/1579
f 2039/2130/1579 1912/2203/1579 2040/2131/1579
f 1983/2133/1579 1887/2207/1579 2041/2134/1579
f 2042/2136/1579 1873/2235/1579 1929/2137/1579
f 1964/2139/1582 2162/2139/1582 2163/2140/1582
f 2044/2141/1583 1871/2142/1583 2165/2142/1583
f 2046/2143/1579 1885/2238/1579 1941/2144/1579
f 1963/2016/1581 2160/2016/1581 2188/2015/1581
f 1963/2146/1584 1867/2146/1584 2161/2146/1584
f 2050/2147/1579 1884/2230/1579 1940/2148/1579
f 2033/2150/1580 2173/2150/1580 2169/2151/1580
f 2071/2015/1581 2188/2015/1581 2178/2152/1581
f 2054/2153/1579 1877/1684/1579 1933/1698/1579
f 2055/2155/1579 1916/1687/1579 2056/1701/1579
f 1966/2157/1579 1870/1671/1579 2057/1670/1579
f 2058/2159/1579 1881/2245/1579 1937/2160/1579
f 2059/2162/1579 1917/2167/1579 2060/1950/1579
f 1959/2164/1579 1863/1930/1579 2061/2165/1579
f 2062/2166/1579 2061/2165/1579 1917/2167/1579
f 1997/2041/1579 2062/2166/1579 2059/2162/1579
f 1847/2169/1579 1959/2164/1579 2062/2166/1579
f 2063/2163/1579 2060/1950/1579 1898/2170/1579
f 1957/2044/1579 2063/2163/1579 1994/2067/1579
f 1901/2168/1579 2059/2162/1579 2063/2163/1579
f 2064/2161/1579 1937/2160/1579 1853/2172/1579
f 2060/1950/1579 2064/2161/1579 1954/2034/1579
f 1917/2167/1579 2058/2159/1579 2064/2161/1579
f 2065/2158/1579 2057/1670/1579 1916/1687/1579
f 1993/2032/1579 2065/2158/1579 2055/2155/1579
f 1854/2174/1579 1966/2157/1579 2065/2158/1579
f 2066/2156/1579 2056/1701/1579 1894/1707/1579
f 1953/2071/1579 2066/2156/1579 1990/2092/1579
f 1897/2173/1579 2055/2155/1579 2066/2156/1579
f 2067/2154/1579 1933/1698/1579 1849/1704/1579
f 2056/1701/1579 2067/2154/1579 1950/2026/1579
f 1916/1687/1579 2054/2153/1579 2067/2154/1579
f 1982/2176/1581 2166/2176/1581 2190/2177/1581
f 1989/2024/1579 2068/2118/1579 2051/2117/1579
f 1855/2179/1579 1967/2199/1579 2068/2118/1579
f 2031/2180/1581 2170/2180/1581 2193/2181/1581
f 1949/2095/1579 2069/2184/1579 1986/2182/1579
f 1893/2178/1579 2051/2117/1579 2069/2184/1579
f 2070/2149/1579 1940/2148/1579 1856/2185/1579
f 2052/2186/1579 2070/2149/1579 1946/2017/1579
f 1915/2187/1579 2050/2147/1579 2070/2149/1579
f 2032/2188/1580 2172/2188/1580 2171/2189/1580
f 1985/2190/1579 2071/2015/1579 2047/2152/1579
f 1935/2146/1584 1851/2146/1584 2195/2146/1584
f 2045/2192/1580 2177/2192/1580 2167/2193/1580
f 1945/2120/1579 2072/2195/1579 1982/2176/1579
f 1889/2191/1579 2047/2152/1579 2072/2195/1579
f 2073/2145/1579 1941/2144/1579 1857/2196/1579
f 2048/2115/1579 2073/2145/1579 1942/2009/1579
f 1914/2116/1579 2046/2143/1579 2073/2145/1579
f 2074/2177/1581 2190/2177/1581 2174/2197/1581
f 1984/2013/1579 2074/2177/1579 2043/2197/1579
f 1858/2194/1579 1982/2176/1579 2074/2177/1579
f 2084/2181/1581 2193/2181/1581 2162/2139/1581
f 1944/2128/1579 2075/2200/1579 1967/2199/1579
f 1888/2198/1579 2043/2197/1579 2075/2200/1579
f 2076/2138/1579 1929/2137/1579 1845/2201/1579
f 2044/2141/1579 2076/2138/1579 1927/2003/1579
f 1913/2202/1579 2042/2136/1579 2076/2138/1579
f 2077/2135/1579 2041/2134/1579 1912/2203/1579
f 1874/2146/1581 2139/2146/1581 2138/2146/1581
f 2086/2111/1580 2156/2111/1580 2147/2109/1580
f 2078/2132/1579 2040/2131/1579 1883/2204/1579
f 2027/2106/1580 2149/2106/1580 2156/2111/1580
f 2089/2102/1580 2158/2102/1580 2145/2100/1580
f 2079/2129/1579 1944/2128/1579 1855/2179/1579
f 2040/2131/1579 2079/2129/1579 1939/2023/1579
f 1912/2203/1579 2038/2127/1579 2079/2129/1579
f 2080/2205/1579 2037/2125/1579 1911/2206/1579
f 1918/2146/1581 2126/2146/1581 2135/2146/1581
f 1958/2146/1581 2134/2146/1581 2131/2146/1581
f 2081/2124/1579 2036/2123/1579 1887/2207/1579
f 2023/2097/1580 2148/2097/1580 2158/2102/1580
f 1930/2146/1581 2130/2146/1581 2139/2146/1581
f 2082/2121/1579 1945/2120/1579 1858/2194/1579
f 2036/2123/1579 2082/2121/1579 1943/2012/1579
f 1911/2206/1579 2034/2119/1579 2082/2121/1579
f 1913/2202/1583 2044/2141/1583 2176/2141/1583
f 1988/2021/1579 2083/2209/1579 2031/2180/1579
f 1859/2183/1579 1986/2182/1579 2083/2209/1579
f 2053/2210/1580 1915/2187/1580 2183/2187/1580
f 1852/2211/1582 2205/2211/1582 2210/2139/1582
f 1892/2208/1579 2031/2180/1579 2084/2181/1579
f 2085/2114/1579 1928/2113/1579 1843/2212/1579
f 2032/2188/1579 2085/2114/1579 1924/2213/1579
f 1910/2189/1579 2030/2112/1579 2085/2114/1579
f 2086/2111/1579 2029/2110/1579 1909/2214/1579
f 1970/2146/1581 2138/2146/1581 2129/2146/1581
f 2078/2132/1580 2153/2132/1580 2151/2130/1580
f 2087/2108/1581 2212/2108/1581 2207/2215/1581
f 1833/2146/1581 2127/2146/1581 2126/2146/1581
f 1979/2100/1580 2145/2100/1580 2153/2132/1580
f 1880/1995/1582 2208/1995/1582 2204/2216/1582
f 2028/2107/1584 2088/2105/1584 2213/2105/1584
f 1909/2214/1579 2026/2103/1579 2088/2105/1579
f 2089/2102/1579 2025/2101/1579 1908/2217/1579
f 2081/2124/1580 2155/2124/1580 2150/2122/1580
f 1983/2133/1580 2146/2133/1580 2155/2124/1580
f 2090/2099/1579 2024/2098/1579 1891/2218/1579
f 1841/2146/1581 2129/2146/1581 2128/2146/1581
f 1866/2146/1581 2137/2146/1581 2136/2146/1581
f 2091/2096/1579 1949/2095/1579 1859/2183/1579
f 2024/2098/1579 2091/2096/1579 1947/2020/1579
f 1908/2217/1579 2022/2094/1579 2091/2096/1579
f 2092/2093/1579 2021/1720/1579 1907/1726/1579
f 1992/2029/1579 2092/2093/1579 2019/2090/1579
f 1860/2175/1579 1990/2092/1579 2092/2093/1579
f 2093/2091/1579 2020/1739/1579 1864/1745/1579
f 1952/2080/1579 2093/2091/1579 1960/2220/1579
f 1896/2219/1579 2019/2090/1579 2093/2091/1579
f 2094/2089/1579 1921/1736/1579 1840/2222/1579
f 2020/1739/1579 2094/2089/1579 1920/2223/1579
f 1907/1726/1579 2018/2088/1579 2094/2089/1579
f 2095/2087/1579 2017/2086/1579 1906/2224/1579
f 1968/2018/1579 2095/2087/1579 2015/2082/1579
f 1856/2185/1579 1991/2085/1579 2095/2087/1579
f 2096/2084/1579 2016/2083/1579 1876/2226/1579
f 1928/2113/1579 2096/2084/1579 1972/2227/1579
f 1872/2225/1579 2015/2082/1579 2096/2084/1579
f 2097/2081/1579 1952/2080/1579 1848/2221/1579
f 2016/2083/1579 2097/2081/1579 1932/2228/1579
f 1906/2224/1579 2014/2079/1579 2097/2081/1579
f 2098/2078/1579 2013/2077/1579 1905/2229/1579
f 1980/2004/1579 2098/2078/1579 2011/2073/1579
f 1845/2201/1579 1978/2076/1579 2098/2078/1579
f 2099/2075/1579 2012/2074/1579 1895/2231/1579
f 1940/2148/1579 2099/2075/1579 1991/2085/1579
f 1884/2230/1579 2011/2073/1579 2099/2075/1579
f 2100/2072/1579 1953/2071/1579 1860/2175/1579
f 2012/2074/1579 2100/2072/1579 1951/2028/1579
f 1905/2229/1579 2010/2070/1579 2100/2072/1579
f 2101/2069/1579 2009/2068/1579 1904/2232/1579
f 1996/2038/1579 2101/2069/1579 2007/2064/1579
f 1861/2171/1579 1994/2067/1579 2101/2069/1579
f 2102/2066/1579 2008/2065/1579 1870/1671/1579
f 1956/2053/1579 2102/2066/1579 1966/2157/1579
f 1900/2233/1579 2007/2064/1579 2102/2066/1579
f 2103/2063/1579 1925/2062/1579 1844/1666/1579
f 2008/2065/1579 2103/2063/1579 1926/2001/1579
f 1904/2232/1579 2006/2061/1579 2103/2063/1579
f 2104/2060/1579 2005/2059/1579 1903/2234/1579
f 1969/2010/1579 2104/2060/1579 2003/2055/1579
f 1857/2196/1579 1995/2058/1579 2104/2060/1579
f 2105/2057/1579 2004/2056/1579 1882/2236/1579
f 1929/2137/1579 2105/2057/1579 1978/2076/1579
f 1873/2235/1579 2003/2055/1579 2105/2057/1579
f 2106/2054/1579 1956/2053/1579 1854/2174/1579
f 2004/2056/1579 2106/2054/1579 1938/2031/1579
f 1903/2234/1579 2002/2052/1579 2106/2054/1579
f 2107/2051/1579 2001/2050/1579 1902/2237/1579
f 1981/2007/1579 2107/2051/1579 1999/2046/1579
f 1842/2239/1579 1971/2049/1579 2107/2051/1579
f 2108/2048/1579 2000/2047/1579 1899/2240/1579
f 1941/2144/1579 2108/2048/1579 1995/2058/1579
f 1885/2238/1579 1999/2046/1579 2108/2048/1579
f 2109/2045/1579 1957/2044/1579 1861/2171/1579
f 2000/2047/1579 2109/2045/1579 1955/2037/1579
f 1902/2237/1579 1998/2043/1579 2109/2045/1579
f 2110/2042/1579 1997/2041/1579 1901/2168/1579
f 2001/2050/1579 2110/2042/1579 1998/2043/1579
f 1875/2241/1579 1931/2040/1579 2110/2042/1579
f 2111/2039/1579 1996/2038/1579 1900/2233/1579
f 2005/2059/1579 2111/2039/1579 2002/2052/1579
f 1899/2240/1579 1955/2037/1579 2111/2039/1579
f 2112/2036/1579 1965/2035/1579 1869/2242/1579
f 2009/2068/1579 2112/2036/1579 2006/2061/1579
f 1898/2170/1579 1954/2034/1579 2112/2036/1579
f 2113/2033/1579 1993/2032/1579 1897/2173/1579
f 2013/2077/1579 2113/2033/1579 2010/2070/1579
f 1882/2236/1579 1938/2031/1579 2113/2033/1579
f 2114/2030/1579 1992/2029/1579 1896/2219/1579
f 2017/2086/1579 2114/2030/1579 2014/2079/1579
f 1895/2231/1579 1951/2028/1579 2114/2030/1579
f 2115/2027/1579 1961/1717/1579 1865/1723/1579
f 2021/1720/1579 2115/2027/1579 2018/2088/1579
f 1894/1707/1579 1950/2026/1579 2115/2027/1579
f 2116/2025/1579 1989/2024/1579 1893/2178/1579
f 2025/2101/1579 2116/2025/1579 2022/2094/1579
f 1883/2204/1579 1939/2023/1579 2116/2025/1579
f 2117/2022/1579 1988/2021/1579 1892/2208/1579
f 2029/2110/1579 2117/2022/1579 2026/2103/1579
f 1891/2218/1579 1947/2020/1579 2117/2022/1579
f 2118/2019/1579 1968/2018/1579 1872/2225/1579
f 2033/2150/1579 2118/2019/1579 2030/2112/1579
f 1890/2151/1579 1946/2017/1579 2118/2019/1579
f 2119/2126/1579 1985/2190/1579 1889/2191/1579
f 2037/2125/1579 2119/2126/1579 2034/2119/1579
f 2080/2205/1582 2202/2205/1582 2200/2125/1582
f 2120/2014/1579 1984/2013/1579 1888/2198/1579
f 2041/2134/1579 2120/2014/1579 2038/2127/1579
f 1887/2207/1579 1943/2012/1579 2120/2014/1579
f 2121/2011/1579 1969/2010/1579 1873/2235/1579
f 2045/2192/1579 2121/2011/1579 2042/2136/1579
f 1886/2193/1579 1942/2009/1579 2121/2011/1579
f 2122/2008/1579 1981/2007/1579 1885/2238/1579
f 2049/2243/1579 2122/2008/1579 2046/2143/1579
f 1867/2244/1579 1923/2006/1579 2122/2008/1579
f 2123/2005/1579 1980/2004/1579 1884/2230/1579
f 2053/2210/1579 2123/2005/1579 2050/2147/1579
f 1871/2142/1579 1927/2003/1579 2123/2005/1579
f 2124/2002/1579 1973/1665/1579 1877/1684/1579
f 2057/1670/1579 2124/2002/1579 2054/2153/1579
f 1870/1671/1579 1926/2001/1579 2124/2002/1579
f 2125/2000/1579 1977/1999/1579 1881/2245/1579
f 2061/2165/1579 2125/2000/1579 2058/2159/1579
f 1863/1930/1579 1919/1998/1579 2125/2000/1579
f 2130/2246/1579 2152/2135/1579 2151/2130/1579
f 2131/2248/1579 2146/2133/1579 2152/2135/1579
f 2138/2249/1579 2153/2132/1579 2145/2100/1579
f 2139/2247/1579 2151/2130/1579 2153/2132/1579
f 2126/2251/1579 2154/2205/1579 2150/2122/1579
f 2127/2253/1579 2143/2263/1579 2154/2205/1579
f 2134/2254/1579 2155/2124/1579 2146/2133/1579
f 2135/2252/1579 2150/2122/1579 2155/2124/1579
f 2132/2255/1579 2156/2111/1579 2149/2106/1579
f 2133/2257/1579 2147/2109/1579 2156/2111/1579
f 2140/2258/1579 2157/2108/1579 2144/2215/1579
f 2141/2256/1579 2149/2106/1579 2157/2108/1579
f 2128/2260/1579 2158/2102/1579 2148/2097/1579
f 2129/2250/1579 2145/2100/1579 2158/2102/1579
f 2136/2262/1579 2159/2099/1579 2147/2109/1579
f 2137/2261/1579 2148/2097/1579 2159/2099/1579
f 1846/2146/1581 2131/2146/1581 2130/2146/1581
f 1974/2146/1581 2140/2146/1581 2142/2146/1581
f 1934/2146/1581 2132/2146/1581 2141/2146/1581
f 1862/2146/1581 2135/2146/1581 2134/2146/1581
f 1987/2109/1580 2147/2109/1580 2159/2099/1580
f 1833/2146/1584 1975/2146/1584 2143/2146/1584
f 2035/2122/1580 2150/2122/1580 2154/2205/1580
f 1962/2146/1581 2136/2146/1581 2133/2146/1581
f 1922/2146/1581 2128/2146/1581 2137/2146/1581
f 2090/2099/1580 2159/2099/1580 2148/2097/1580
f 1837/2259/1582 2142/2259/1582 2144/2215/1582
f 2080/2205/1580 2154/2205/1580 2143/2263/1580
f 1976/2215/1580 2144/2215/1580 2157/2108/1580
f 2039/2130/1580 2151/2130/1580 2152/2135/1580
f 2087/2108/1580 2157/2108/1580 2149/2106/1580
f 1878/2146/1581 2141/2146/1581 2140/2146/1581
f 2077/2135/1580 2152/2135/1580 2146/2133/1580
f 1850/2146/1581 2133/2146/1581 2132/2146/1581
f 2170/2180/1579 2171/2189/1579 2172/2188/1579
f 2168/2182/1579 2169/2151/1579 2173/2150/1579
f 2191/2200/1585 2174/2197/1585 2175/2202/1585
f 2166/2176/1579 2167/2193/1579 2177/2192/1579
f 2178/2152/1579 2179/2116/1579 2180/2115/1579
f 2160/2016/1579 2161/2244/1579 2181/2243/1579
f 2182/2117/1579 2183/2187/1579 2184/2186/1579
f 2164/2199/1579 2165/2142/1579 2185/2210/1579
f 2186/2118/1586 2185/2210/1586 2183/2187/1586
f 2187/2184/1579 2184/2186/1579 2169/2151/1579
f 2188/2015/1579 2181/2243/1579 2179/2116/1579
f 2189/2195/1579 2180/2115/1579 2167/2193/1579
f 2190/2177/1579 2177/2192/1579 2175/2202/1579
f 2191/2200/1579 2176/2141/1579 2165/2142/1579
f 2192/2209/1579 2173/2150/1579 2171/2189/1579
f 2193/2181/1579 2172/2188/1579 2163/2140/1579
f 1913/2202/1580 2175/2202/1580 2177/2192/1580
f 2068/2118/1583 1967/2199/1583 2164/2199/1583
f 1868/2140/1580 2163/2140/1580 2172/2188/1580
f 1967/2199/1583 2075/2200/1583 2191/2200/1583
f 2049/2243/1580 2181/2243/1580 2161/2244/1580
f 1910/2189/1580 2171/2189/1580 2173/2150/1580
f 2075/2200/1581 2043/2197/1581 2174/2197/1581
f 2072/2195/1581 2189/2195/1581 2166/2176/1581
f 2047/2152/1581 2178/2152/1581 2189/2195/1581
f 1886/2193/1580 2167/2193/1580 2180/2115/1580
f 2069/2184/1581 2187/2184/1581 2168/2182/1581
f 2052/2186/1580 2184/2186/1580 2183/2187/1580
f 1914/2116/1580 2179/2116/1580 2181/2243/1580
f 2051/2117/1581 2182/2117/1581 2187/2184/1581
f 1871/2142/1583 2053/2210/1583 2185/2210/1583
f 2083/2209/1581 2192/2209/1581 2170/2180/1581
f 1986/2182/1581 2168/2182/1581 2192/2209/1581
f 1890/2151/1580 2169/2151/1580 2184/2186/1580
f 2194/2264/1579 2195/2265/1579 2199/2190/1579
f 2196/2263/1579 2197/2266/1579 2200/2125/1579
f 2195/2265/1579 2198/2016/1579 2201/2015/1579
f 2197/2266/1579 2194/2264/1579 2203/2126/1579
f 1879/2146/1584 1935/2146/1584 2194/2146/1584
f 1985/2190/1582 2199/2190/1582 2201/2015/1582
f 1851/2146/1584 1963/2146/1584 2198/2146/1584
f 2119/2126/1582 2203/2126/1582 2199/2190/1582
f 1975/2263/1581 2196/2263/1581 2202/2205/1581
f 1975/2146/1584 1879/2146/1584 2197/2146/1584
f 2206/2104/1579 2211/2181/1579 2210/2139/1579
f 2212/2108/1579 2209/2107/1579 2208/1995/1579
f 2213/2105/1579 2206/2104/1579 2205/2211/1579
f 2209/2107/1579 2213/2105/1579 2204/2216/1579
f 1948/2104/1584 2084/2181/1584 2211/2181/1584
f 1976/2215/1582 2207/2215/1582 2208/1995/1582
f 2087/2108/1584 2028/2107/1584 2209/2107/1584
f 1964/2139/1580 2210/2139/1580 2211/2181/1580
f 1936/2216/1582 2204/2216/1582 2205/2211/1582
f 2088/2105/1584 1948/2104/1584 2206/2104/1584
f 2503/2267/1579 2214/2991/1579 2687/1834/1579
f 2504/2269/1579 2218/1824/1579 2697/2270/1579
f 2501/2272/1579 2216/1748/1579 2698/2273/1579
f 2416/2275/1579 3449/2278/1579 2314/2276/1579
f 3449/2278/1579 2261/2376/1579 2286/2279/1579
f 2513/2280/1579 2225/1750/1579 2702/2281/1579
f 2267/2283/1580 3249/2283/1580 3057/2284/1580
f 2889/2285/1584 3253/2286/1584 2705/2286/1584
f 2516/2287/1579 2228/3093/1579 2706/2288/1579
f 2527/2290/1579 2219/3120/1579 2676/1873/1579
f 2528/2292/1579 2233/1870/1579 2709/2293/1579
f 2533/2295/1584 3104/2296/1584 3488/2296/1584
f 2531/2297/1579 2223/3131/1579 2680/1796/1579
f 3083/2299/1581 2618/2299/1581 2819/2300/1581
f 2509/2301/1579 2221/1746/1579 2714/2302/1579
f 2826/2304/1580 2622/2304/1580 2621/2305/1580
f 2575/2306/1579 2274/2972/1579 2717/2307/1579
f 2548/2309/1579 2248/2970/1579 2718/2310/1579
f 2578/2312/1579 2272/1812/1579 2674/2313/1579
f 2579/2315/1579 2275/2968/1579 2721/2316/1579
f 2571/2318/1579 2271/2966/1579 2722/2319/1579
f 2582/2321/1579 2239/2963/1579 2641/1816/1579
f 2583/2323/1579 2276/2962/1579 2725/2324/1579
f 2570/2326/1579 2270/2960/1579 2726/2327/1579
f 2586/2329/1579 2269/1851/1579 2671/2330/1579
f 2587/2332/1579 2277/2957/1579 2729/2333/1579
f 2554/2335/1579 2254/2955/1579 2730/2336/1579
f 2590/2338/1579 2268/1890/1579 2670/2339/1579
f 2591/2341/1579 2278/2952/1579 2733/2342/1579
f 3067/2344/1580 3002/2344/1580 3004/2345/1580
f 2594/2346/1579 2235/2949/1579 2637/2347/1579
f 3135/2349/1584 2597/2350/1584 2232/2350/1584
f 2361/2351/1582 3502/2351/1582 3214/2352/1582
f 2598/2353/1579 2265/2942/1579 2667/2354/1579
f 2599/2356/1579 2280/1846/1579 2740/2357/1579
f 2555/2359/1579 2255/2940/1579 2741/2360/1579
f 2602/2361/1579 2264/2937/1579 2666/2362/1579
f 2603/2364/1579 2281/1885/1579 2744/2365/1579
f 2396/1842/1580 2998/1842/1580 2999/2360/1580
f 3114/2367/1581 2873/2367/1581 3282/2368/1581
f 2606/2369/1579 2282/2933/1579 2748/2370/1579
f 2562/2372/1579 2262/2934/1579 2749/2373/1579
f 2490/2375/1579 2489/3264/1579 2261/2376/1579
f 2610/2377/1579 2283/1769/1579 2752/2378/1579
f 2552/2380/1579 2252/1751/1579 2753/2381/1579
f 2314/2276/1579 2286/2279/1579 2285/2383/1579
f 2614/2385/1579 2284/1807/1579 2756/2386/1579
f 2559/2388/1579 2259/1788/1579 2757/2389/1579
f 2315/2391/1579 2442/3266/1579 2532/2392/1579
f 2355/2394/1579 2353/2938/1579 2317/2395/1579
f 2404/2397/1579 2444/3267/1579 2966/2398/1579
f 2412/2400/1579 2408/2936/1579 2558/2401/1579
f 2418/2403/1579 2417/3263/1579 3448/2404/1579
f 2541/2406/1579 2241/2920/1579 2765/2407/1579
f 2625/2409/1579 2256/1843/1579 2658/2410/1579
f 2809/2412/1582 3058/2412/1582 3000/2413/1582
f 2544/2414/1579 2244/2916/1579 2769/2415/1579
f 2629/2417/1579 2246/2913/1579 2648/1854/1579
f 2630/2419/1579 2288/2912/1579 2772/2420/1579
f 2543/2422/1579 2243/2910/1579 2773/2423/1579
f 2633/2425/1579 2250/2907/1579 2652/1776/1579
f 2634/2427/1579 2289/2906/1579 2776/2428/1579
f 2537/2430/1579 2237/2904/1579 2777/2431/1579
f 2778/2433/1579 2431/2903/1579 2636/2434/1579
f 2779/2436/1579 2432/3133/1579 2780/2437/1579
f 2678/2439/1579 2332/3135/1579 2781/2440/1579
f 2782/2442/1579 2430/3129/1579 2635/2443/1579
f 2784/2445/1580 2661/2445/1580 2759/2446/1580
f 2775/2447/1579 2429/3134/1579 2785/2448/1579
f 2786/2449/1579 2306/3136/1579 2511/1790/1579
f 2787/2451/1579 2434/3128/1579 2788/2452/1579
f 2774/2454/1579 2428/2905/1579 2789/2455/1579
f 2790/2457/1579 2427/2909/1579 2632/2458/1579
f 2791/2460/1579 2435/3126/1579 2792/2461/1579
f 2684/2463/1584 2338/2464/1584 2390/2464/1584
f 2325/2465/1581 3494/2465/1581 3505/2466/1581
f 3264/2331/1581 3515/2331/1581 3504/2467/1581
f 2794/2468/1584 2426/2469/1584 3498/2469/1584
f 2798/2470/1579 2302/3137/1579 2507/2471/1579
f 2799/2473/1579 2437/3116/1579 2800/2474/1579
f 2770/2476/1579 2424/2911/1579 2801/2477/1579
f 2802/2479/1579 2423/2915/1579 2628/2480/1579
f 2803/2482/1579 2438/3114/1579 2804/2483/1579
f 2685/2485/1579 2339/3107/1579 2805/2486/1579
f 2806/2488/1579 2422/3111/1579 2627/2489/1579
f 2807/2491/1579 2439/3112/1579 2808/2492/1579
f 2767/2494/1579 2421/2854/1579 2809/2412/1579
f 2810/2496/1579 2312/3000/1579 2517/2497/1579
f 2811/2499/1579 2440/3110/1579 2812/2500/1579
f 2766/2502/1579 2420/2917/1579 2813/2503/1579
f 2814/2505/1579 2419/2919/1579 2624/2506/1579
f 2815/2508/1579 2441/3108/1579 2816/2509/1579
f 2682/2511/1579 2336/3138/1579 2817/2512/1579
f 2413/2514/1579 2415/2277/1579 2520/2515/1579
f 2827/2517/1579 2534/3262/1579 2416/2275/1579
f 3084/2519/1579 2968/3265/1579 2443/2520/1579
f 2783/2304/1584 2433/2446/1584 2759/2446/1584
f 2967/2522/1581 2754/2522/1581 2618/2299/1581
f 2713/2523/1580 2762/2523/1580 2823/1783/1580
f 2673/2300/1582 2819/2300/1582 2818/2524/1582
f 2967/2522/1584 2479/2525/1584 2750/2525/1584
f 2974/2526/1582 2663/2526/1582 2761/1799/1582
f 2830/2527/1579 2414/3079/1579 2619/2528/1579
f 2831/2530/1579 2445/3078/1579 2832/2531/1579
f 2818/2524/1579 2824/2867/1579 2560/2533/1579
f 2834/2535/1579 2301/1821/1579 2506/2536/1579
f 2835/2538/1579 2446/2924/1579 2836/2539/1579
f 2560/2533/1579 2762/2523/1579 2761/1799/1579
f 2838/2541/1579 2411/1794/1579 2616/2542/1579
f 2839/2544/1579 2447/3100/1579 2840/2545/1579
f 2700/2547/1579 2354/3084/1579 2841/2548/1579
f 2842/2550/1579 2410/1814/1579 2615/2551/1579
f 2843/2553/1579 2448/3094/1579 2844/2554/1579
f 2755/2556/1579 2409/3103/1579 2845/2557/1579
f 2846/2559/1579 2316/2929/1579 2521/2560/1579
f 2847/2562/1579 2449/2926/1579 2848/2563/1579
f 2699/2565/1579 2609/2585/1579 2758/2566/1579
f 2850/2567/1579 2407/1755/1579 2612/2568/1579
f 2851/2570/1579 2450/3087/1579 2852/2571/1579
f 2693/2573/1579 2347/3139/1579 2853/2574/1579
f 2854/2576/1579 2406/1774/1579 2611/2577/1579
f 2855/2579/1579 2451/3080/1579 2856/2580/1579
f 2751/2582/1579 2405/3090/1579 2857/2583/1579
f 2609/2585/1579 2764/2795/1579 2763/1779/1579
f 2763/1779/1579 2760/2304/1579 2613/2586/1579
f 2822/2587/1579 2613/2586/1579 2662/2588/1579
f 2862/2589/1579 2403/3065/1579 2608/2590/1579
f 2863/2592/1579 2453/3076/1579 2864/2593/1579
f 2703/2595/1579 2357/3113/1579 2865/2596/1579
f 2866/2598/1579 2402/3066/1579 2607/2599/1579
f 2867/2601/1579 2454/3071/1579 2868/2602/1579
f 2747/2604/1579 2401/3077/1579 2869/2605/1579
f 2870/2607/1579 2300/1896/1579 2505/2608/1579
f 2871/2610/1579 2455/2935/1579 2872/2611/1579
f 2746/2613/1579 3056/2855/1579 3055/2614/1579
f 2745/2285/1579 2705/2286/1579 2896/2616/1579
f 2875/2618/1579 2456/3060/1579 2876/2619/1579
f 2704/2621/1579 2358/2648/1579 2877/2622/1579
f 2878/2624/1579 2399/3047/1579 2604/2625/1579
f 2879/2627/1579 2457/3052/1579 2880/2628/1579
f 2743/2630/1579 2398/3063/1579 2881/2631/1579
f 2882/2633/1579 2320/3072/1579 2525/2634/1579
f 2883/2636/1579 2458/3046/1579 2884/2637/1579
f 2705/2286/1579 2999/2360/1579 2998/1842/1579
f 2886/2616/1579 2396/1842/1579 2601/2639/1579
f 2887/2641/1579 2459/2617/1579 2888/2642/1579
f 2696/2644/1579 2350/3098/1579 2889/2285/1579
f 2768/2646/1580 3059/2646/1580 3138/2647/1580
f 2704/2621/1582 2564/2621/1582 2526/2648/1582
f 2739/2649/1579 2394/3045/1579 2893/2650/1579
f 3233/2413/1582 3000/2413/1582 3059/2646/1582
f 2626/2652/1584 2287/2647/1584 3138/2647/1584
f 2738/2653/1579 2393/2941/1579 2897/2654/1579
f 2898/2656/1579 2392/2945/1579 2597/2350/1579
f 2899/2657/1579 2462/3033/1579 2900/2658/1579
f 2707/2660/1579 2361/2351/1579 2901/2661/1579
f 2902/2663/1579 2391/3023/1579 2596/2664/1579
f 2903/2666/1579 2463/2669/1579 2904/2667/1579
f 2463/2669/1581 3472/2669/1581 3477/2667/1581
f 2906/2670/1579 2290/3140/1579 2495/1906/1579
f 2907/2672/1579 2464/3021/1579 2908/2673/1579
f 2734/2675/1579 2389/2947/1579 2909/2676/1579
f 2910/2615/1579 2388/2614/1579 2593/2678/1579
f 2911/2680/1579 2465/3018/1579 2912/2681/1579
f 2708/2683/1579 2362/3001/1579 2913/2684/1579
f 2914/2686/1579 2387/3005/1579 2592/2687/1579
f 2915/2689/1579 2466/3011/1579 2916/2690/1579
f 2732/2692/1579 2386/3020/1579 2917/2693/1579
f 2918/2695/1579 2324/3029/1579 2529/2696/1579
f 2919/2698/1579 2467/3004/1579 2920/2699/1579
f 2731/2701/1579 2385/2951/1579 2921/2702/1579
f 2922/2704/1579 2384/2954/1579 2589/2705/1579
f 2923/2707/1579 2468/3002/1579 2924/2708/1579
f 2695/2710/1579 2349/2985/1579 2925/2711/1579
f 2926/2713/1579 2383/2997/1579 2588/2284/1579
f 2927/2714/1579 2469/2999/1579 2928/2715/1579
f 2728/2717/1579 2382/3003/1579 2929/2718/1579
f 2930/2467/1579 2325/2465/1579 2530/2466/1579
f 2931/2721/1579 2470/2996/1579 2932/2722/1579
f 2727/2724/1579 2381/2956/1579 2933/2725/1579
f 2934/2727/1579 2380/2959/1579 2585/2728/1579
f 2935/2730/1579 2471/2994/1579 2936/2731/1579
f 2711/2588/1579 2365/3132/1579 2937/2733/1579
f 2938/2735/1579 2379/2989/1579 2584/2736/1579
f 2939/2738/1579 2472/2992/1579 2940/2739/1579
f 2724/2740/1579 2378/2995/1579 2941/2741/1579
f 2942/2743/1579 2294/3141/1579 2499/1829/1579
f 2943/2745/1579 2473/2988/1579 2944/2746/1579
f 2723/2748/1579 2377/2961/1579 2945/2749/1579
f 2946/2751/1579 2376/2965/1579 2581/2752/1579
f 2947/2754/1579 2474/2986/1579 2948/2755/1579
f 2712/2757/1579 2366/2976/1579 2949/2758/1579
f 2950/2760/1579 2375/2980/1579 2580/2761/1579
f 2951/2763/1579 2475/2984/1579 2952/2764/1579
f 2720/2766/1579 2374/2987/1579 2953/2767/1579
f 2954/2769/1579 2328/1819/1579 2533/2295/1579
f 2955/2771/1579 2476/2979/1579 2956/2772/1579
f 2719/2774/1579 2373/2967/1579 2957/2775/1579
f 2958/2777/1579 2372/1761/1579 2577/2778/1579
f 2959/2780/1579 2477/2977/1579 2960/2781/1579
f 2689/2783/1579 2343/3142/1579 2961/2784/1579
f 2962/2786/1579 2371/2973/1579 2576/2787/1579
f 2963/2789/1579 2478/2974/1579 2964/2790/1579
f 2716/2792/1579 2370/2978/1579 2965/2793/1579
f 2234/1783/1582 2823/1783/1582 2662/2588/1582
f 2675/2795/1580 2764/2795/1580 2820/1764/1580
f 2715/2796/1579 2369/2971/1579 2969/2565/1579
f 2970/2798/1579 2368/1760/1579 2573/2799/1579
f 2971/2801/1579 2480/2969/1579 2972/2802/1579
f 2650/2804/1579 2304/3143/1579 2973/2805/1579
f 2974/2526/1579 2367/1799/1579 2572/2807/1579
f 2975/2809/1579 2481/2964/1579 2976/2810/1579
f 2673/2300/1579 2327/2524/1579 2977/2534/1579
f 2978/2813/1579 2334/3144/1579 2539/1809/1579
f 2979/2815/1579 2482/2958/1579 2980/2816/1579
f 2672/2818/1579 2326/3130/1579 2981/2819/1579
f 2982/2821/1579 2364/1837/1579 2569/2822/1579
f 2983/2824/1579 2483/2953/1579 2984/2825/1579
f 2656/2827/1579 2310/2981/1579 2985/2828/1579
f 2986/2830/1579 2363/1876/1579 2568/2831/1579
f 2987/2833/1579 2484/2950/1579 2988/2834/1579
f 2669/2345/1579 2323/2998/1579 2989/2836/1579
f 2990/2837/1579 2330/3146/1579 2535/1887/1579
f 2991/2839/1579 2485/2943/1579 2992/2840/1579
f 2668/2842/1579 2322/3117/1579 2993/2843/1579
f 2994/2845/1579 2360/3115/1579 2565/2846/1579
f 2995/2848/1579 2486/2939/1579 2996/2849/1579
f 2657/2851/1579 2311/3092/1579 2997/2852/1579
f 2421/2854/1581 3060/2854/1581 3058/2412/1581
f 2626/2652/1580 3281/2652/1580 3001/2481/1580
f 3060/2854/1579 3281/2652/1579 3000/2413/1579
f 2873/2367/1579 3057/2284/1579 3249/2283/1579
f 3249/2283/1579 3004/2345/1579 3002/2344/1579
f 3056/2855/1579 3002/2344/1579 3003/2833/1579
f 3006/2856/1579 2356/3109/1579 2561/2857/1579
f 3007/2859/1579 2488/2927/1579 3008/2860/1579
f 2654/2862/1579 2308/3147/1579 3009/2863/1579
f 2750/2525/1579 2758/2566/1579 2617/2865/1579
f 2701/2866/1579 2617/2865/1579 2824/2867/1579
f 2617/2865/1579 2822/2587/1579 2823/1783/1579
f 2618/2299/1579 2701/2866/1579 2818/2524/1579
f 2623/2795/1579 2621/2305/1579 2622/2304/1579
f 2763/1779/1583 2764/2795/1583 2623/2795/1583
f 3018/2868/1579 2352/1762/1579 2557/2869/1579
f 3019/2871/1579 2491/2918/1579 3020/2872/1579
f 2643/2874/1579 2296/3148/1579 3021/2875/1579
f 3022/2877/1579 2351/1839/1579 2556/2878/1579
f 3023/2880/1579 2492/2914/1579 3024/2881/1579
f 2646/2883/1579 2299/3106/1579 3025/2884/1579
f 3026/2886/1579 2341/3149/1579 2546/1848/1579
f 3027/2888/1579 2493/2908/1579 3028/2889/1579
f 2645/2891/1579 2298/2990/1579 3029/2892/1579
f 3030/2894/1579 2345/3150/1579 2550/1771/1579
f 3031/2896/1579 2494/2902/1579 3032/2897/1579
f 2639/2899/1579 2292/3151/1579 3033/2900/1579
f 3034/2901/1579 3033/2900/1579 2494/2902/1579
f 2777/2431/1579 3034/2901/1579 3031/2896/1579
f 2237/2904/1579 2639/2899/1579 3034/2901/1579
f 3035/2898/1579 3032/2897/1579 2428/2905/1579
f 2636/2434/1579 3035/2898/1579 2774/2454/1579
f 2431/2903/1579 3031/2896/1579 3035/2898/1579
f 3036/2895/1579 2550/1771/1579 2250/2907/1579
f 3032/2897/1579 3036/2895/1579 2633/2425/1579
f 2494/2902/1579 3030/2894/1579 3036/2895/1579
f 3037/2893/1579 3029/2892/1579 2493/2908/1579
f 2773/2423/1579 3037/2893/1579 3027/2888/1579
f 2243/2910/1579 2645/2891/1579 3037/2893/1579
f 3038/2890/1579 3028/2889/1579 2424/2911/1579
f 2632/2458/1579 3038/2890/1579 2770/2476/1579
f 2427/2909/1579 3027/2888/1579 3038/2890/1579
f 3039/2887/1579 2546/1848/1579 2246/2913/1579
f 3028/2889/1579 3039/2887/1579 2629/2417/1579
f 2493/2908/1579 3026/2886/1579 3039/2887/1579
f 3040/2885/1579 3025/2884/1579 2492/2914/1579
f 2769/2415/1579 3040/2885/1579 3023/2880/1579
f 2244/2916/1579 2646/2883/1579 3040/2885/1579
f 3041/2882/1579 3024/2881/1579 2420/2917/1579
f 2628/2480/1579 3041/2882/1579 2766/2502/1579
f 2423/2915/1579 3023/2880/1579 3041/2882/1579
f 3042/2879/1579 2556/2878/1579 2256/1843/1579
f 3024/2881/1579 3042/2879/1579 2625/2409/1579
f 2492/2914/1579 3022/2877/1579 3042/2879/1579
f 3043/2876/1579 3021/2875/1579 2491/2918/1579
f 2765/2407/1579 3043/2876/1579 3019/2871/1579
f 2241/2920/1579 2643/2874/1579 3043/2876/1579
f 2760/2304/1583 2763/1779/1583 2660/1779/1583
f 2754/2522/1579 2750/2525/1579 2701/2866/1579
f 2419/2919/1579 3019/2871/1579 3044/2873/1579
f 2758/2566/1579 2763/1779/1579 2822/2587/1579
f 2760/2304/1579 2759/2446/1579 2661/2445/1579
f 2491/2918/1579 3018/2868/1579 3045/2870/1579
f 2821/2921/1579 2820/1764/1579 2764/2795/1579
f 2824/2867/1579 2823/1783/1579 2762/2523/1579
f 2574/2921/1581 2821/2921/1581 2609/2585/1581
f 2675/2795/1583 3220/2305/1583 2825/2305/1583
f 2826/2304/1583 2783/2304/1583 2760/2304/1583
f 3275/2533/1581 2560/2533/1581 2663/2526/1581
f 2612/2568/2065 2859/2568/2065 3016/1769/2065
f 3053/2861/1588 3008/2860/1588 3187/2860/1588
f 2756/2386/2066 3240/2386/2066 3188/1814/2066
f 3197/2510/1588 2816/2509/1588 3184/2509/1588
f 2545/2922/1589 2245/1804/1589 3163/1804/1589
f 2611/2577/1587 3237/2577/1587 3284/1788/1587
f 2411/1794/1587 2849/1794/1587 3172/2542/1587
f 2835/2538/2067 3195/2538/2067 3190/2924/2067
f 2230/1785/2068 3047/1785/2068 3192/2925/2068
f 2257/1766/2068 3013/1766/2068 3243/2869/2068
f 2834/2535/1590 3191/2535/1590 3285/1821/1590
f 2847/2562/2069 3189/2562/2069 3049/2926/2069
f 3052/2864/1579 3009/2863/1579 2488/2927/1579
f 2753/2381/1579 3052/2864/1579 3007/2859/1579
f 2252/1751/1579 2654/2862/1579 3052/2864/1579
f 2647/2928/1589 2301/1821/1589 3285/1821/1589
f 2846/2559/1590 3050/2559/1590 3010/2929/1590
f 2407/1755/1579 3007/2859/1579 3053/2861/1579
f 2340/1801/2070 3239/1801/2070 3046/2930/2070
f 2752/2378/2066 3017/2378/2066 3236/2931/2066
f 2488/2927/1579 3006/2856/1579 3054/2858/1579
f 3282/2368/1579 3249/2283/1579 3056/2855/1579
f 2748/2370/1582 3541/2370/1582 3550/2932/1582
f 2300/1896/1582 3520/1896/1582 3543/2689/1582
f 2911/2680/1580 3542/2680/1580 3548/2685/1580
f 2608/2590/1581 3517/2590/1581 3518/2933/1581
f 2262/2934/1581 3538/2934/1581 3527/2373/1581
f 2455/2935/1582 3531/2935/1582 3529/2607/1582
f 2871/2610/1582 3530/2610/1582 3531/2935/1582
f 2282/2933/1581 3518/2933/1581 3541/2370/1581
f 3137/2483/1579 3001/2481/1579 3281/2652/1579
f 3281/2652/1579 3138/2647/1579 3059/2646/1579
f 3203/2493/1580 3460/2493/1580 3446/2491/1580
f 2890/2400/1584 2395/2936/1584 2408/2936/1584
f 3250/2518/1581 3461/2518/1581 2413/2514/1581
f 2395/2936/1584 2895/2394/1584 2355/2394/1584
f 2703/2595/1580 2260/2595/1580 3460/2493/1580
f 2264/2937/1582 2329/2937/1582 2231/2604/1582
f 2461/2938/1584 2894/2397/1584 2404/2397/1584
f 3061/2853/1579 2997/2852/1579 2486/2939/1579
f 2741/2360/1579 3061/2853/1579 2995/2848/1579
f 2255/2940/1579 2657/2851/1579 3061/2853/1579
f 3062/2850/1579 2996/2849/1579 2393/2941/1579
f 2601/2639/1579 3062/2850/1579 2738/2653/1579
f 2396/1842/1579 2995/2848/1579 3062/2850/1579
f 3063/2847/1579 2565/2846/1579 2265/2942/1579
f 2996/2849/1579 3063/2847/1579 2598/2353/1579
f 2486/2939/1579 2994/2845/1579 3063/2847/1579
f 3064/2844/1579 2993/2843/1579 2485/2943/1579
f 2737/2944/1579 3064/2844/1579 2991/2839/1579
f 2266/2946/1579 2668/2842/1579 3064/2844/1579
f 3065/2841/1579 2992/2840/1579 2389/2947/1579
f 2597/2350/1579 3065/2841/1579 2734/2675/1579
f 2392/2945/1579 2991/2839/1579 3065/2841/1579
f 3066/2838/1579 2535/1887/1579 2235/2949/1579
f 2992/2840/1579 3066/2838/1579 2594/2346/1579
f 2485/2943/1579 2990/2837/1579 3066/2838/1579
f 3067/2344/1579 2989/2836/1579 2484/2950/1579
f 2910/2615/1582 3005/2615/1582 3055/2614/1582
f 2567/2368/1581 3282/2368/1581 2746/2613/1581
f 3068/2835/1579 2988/2834/1579 2385/2951/1579
f 2593/2678/1579 3068/2835/1579 2731/2701/1579
f 2388/2614/1579 2987/2833/1579 3068/2835/1579
f 3069/2832/1579 2568/2831/1579 2268/1890/1579
f 2988/2834/1579 3069/2832/1579 2590/2338/1579
f 2484/2950/1579 2986/2830/1579 3069/2832/1579
f 3070/2829/1579 2985/2828/1579 2483/2953/1579
f 2730/2336/1579 3070/2829/1579 2983/2824/1579
f 2254/2955/1579 2656/2827/1579 3070/2829/1579
f 3071/2826/1579 2984/2825/1579 2381/2956/1579
f 2589/2705/1579 3071/2826/1579 2727/2724/1579
f 2384/2954/1579 2983/2824/1579 3071/2826/1579
f 3072/2823/1579 2569/2822/1579 2269/1851/1579
f 2984/2825/1579 3072/2823/1579 2586/2329/1579
f 2483/2953/1579 2982/2821/1579 3072/2823/1579
f 3073/2820/1579 2981/2819/1579 2482/2958/1579
f 2726/2327/1579 3073/2820/1579 2979/2815/1579
f 2270/2960/1579 2672/2818/1579 3073/2820/1579
f 3074/2817/1579 2980/2816/1579 2377/2961/1579
f 2585/2728/1579 3074/2817/1579 2723/2748/1579
f 2380/2959/1579 2979/2815/1579 3074/2817/1579
f 3075/2814/1579 2539/1809/1579 2239/2963/1579
f 2980/2816/1579 3075/2814/1579 2582/2321/1579
f 2482/2958/1579 2978/2813/1579 3075/2814/1579
f 3076/2812/1579 2977/2534/1579 2481/2964/1579
f 2722/2319/1579 3076/2812/1579 2975/2809/1579
f 2271/2966/1579 2673/2300/1579 3076/2812/1579
f 3077/2811/1579 2976/2810/1579 2373/2967/1579
f 2581/2752/1579 3077/2811/1579 2719/2774/1579
f 2376/2965/1579 2975/2809/1579 3077/2811/1579
f 3078/2808/1579 2572/2807/1579 2272/1812/1579
f 2976/2810/1579 3078/2808/1579 2578/2312/1579
f 2481/2964/1579 2974/2526/1579 3078/2808/1579
f 3079/2806/1579 2973/2805/1579 2480/2969/1579
f 2718/2310/1579 3079/2806/1579 2971/2801/1579
f 2248/2970/1579 2650/2804/1579 3079/2806/1579
f 3080/2803/1579 2972/2802/1579 2369/2971/1579
f 2577/2778/1579 3080/2803/1579 2715/2796/1579
f 2372/1761/1579 2971/2801/1579 3080/2803/1579
f 3081/2800/1579 2573/2799/1579 2273/1764/1579
f 2972/2802/1579 3081/2800/1579 2574/2921/1579
f 2480/2969/1579 2970/2798/1579 3081/2800/1579
f 3082/2797/1579 2969/2565/1579 2479/2525/1579
f 2717/2307/1579 3082/2797/1579 2967/2522/1579
f 2274/2972/1579 2715/2796/1579 3082/2797/1579
f 2977/2534/1582 2620/2534/1582 2560/2533/1582
f 2576/2787/1579 3083/2299/1579 2673/2300/1579
f 2371/2973/1579 2967/2522/1579 3083/2299/1579
f 2367/1799/1580 2761/1799/1580 2762/2523/1580
f 2711/2588/1580 2662/2588/1580 2613/2586/1580
f 2969/2565/1584 3273/2585/1584 2609/2585/1584
f 3085/2794/1579 2965/2793/1579 2478/2974/1579
f 2659/2975/1579 3085/2794/1579 2963/2789/1579
f 2257/1766/1579 2716/2792/1579 3085/2794/1579
f 3086/2791/1579 2964/2790/1579 2366/2976/1579
f 2518/2925/1579 3086/2791/1579 2712/2757/1579
f 2313/1781/1579 2963/2789/1579 3086/2791/1579
f 3087/2788/1579 2576/2787/1579 2271/2966/1579
f 2964/2790/1579 3087/2788/1579 2571/2318/1579
f 2478/2974/1579 2962/2786/1579 3087/2788/1579
f 3088/2785/1579 2961/2784/1579 2477/2977/1579
f 2698/2273/1579 3088/2785/1579 2959/2780/1579
f 2216/1748/1579 2689/2783/1579 3088/2785/1579
f 3089/2782/1579 2960/2781/1579 2370/2978/1579
f 2557/2869/1579 3089/2782/1579 2716/2792/1579
f 2352/1762/1579 2959/2780/1579 3089/2782/1579
f 3090/2779/1579 2577/2778/1579 2274/2972/1579
f 2960/2781/1579 3090/2779/1579 2575/2306/1579
f 2477/2977/1579 2958/2777/1579 3090/2779/1579
f 3091/2776/1579 2957/2775/1579 2476/2979/1579
f 2721/2316/1579 3091/2776/1579 2955/2771/1579
f 2275/2968/1579 2719/2774/1579 3091/2776/1579
f 3092/2773/1579 2956/2772/1579 2310/2981/1579
f 2580/2761/1579 3092/2773/1579 2656/2827/1579
f 2375/2980/1579 2955/2771/1579 3092/2773/1579
f 3093/2770/1579 2533/2295/1579 2227/2982/1579
f 2956/2772/1579 3093/2770/1579 2515/2983/1579
f 2476/2979/1579 2954/2769/1579 3093/2770/1579
f 3094/2768/1579 2953/2767/1579 2475/2984/1579
f 2647/2928/1579 3094/2768/1579 2951/2763/1579
f 2245/1804/1579 2720/2766/1579 3094/2768/1579
f 3095/2765/1579 2952/2764/1579 2349/2985/1579
f 2506/2536/1579 3095/2765/1579 2695/2710/1579
f 2301/1821/1579 2951/2763/1579 3095/2765/1579
f 3096/2762/1579 2580/2761/1579 2254/2955/1579
f 2952/2764/1579 3096/2762/1579 2554/2335/1579
f 2475/2984/1579 2950/2760/1579 3096/2762/1579
f 3097/2759/1579 2949/2758/1579 2474/2986/1579
f 2686/2930/1579 3097/2759/1579 2947/2754/1579
f 2230/1785/1579 2712/2757/1579 3097/2759/1579
f 3098/2756/1579 2948/2755/1579 2374/2987/1579
f 2545/2922/1579 3098/2756/1579 2720/2766/1579
f 2340/1801/1579 2947/2754/1579 3098/2756/1579
f 3099/2753/1579 2581/2752/1579 2275/2968/1579
f 2948/2755/1579 3099/2753/1579 2579/2315/1579
f 2474/2986/1579 2946/2751/1579 3099/2753/1579
f 3100/2750/1579 2945/2749/1579 2473/2988/1579
f 2725/2324/1579 3100/2750/1579 2943/2745/1579
f 2276/2962/1579 2723/2748/1579 3100/2750/1579
f 3101/2747/1579 2944/2746/1579 2298/2990/1579
f 2584/2736/1579 3101/2747/1579 2645/2891/1579
f 2379/2989/1579 2943/2745/1579 3101/2747/1579
f 3102/2744/1579 2499/1829/1579 2214/2991/1579
f 2944/2746/1579 3102/2744/1579 2503/2267/1579
f 2473/2988/1579 2942/2743/1579 3102/2744/1579
f 3103/2742/1579 2941/2741/1579 2472/2992/1579
f 2674/2313/1579 3103/2742/1579 2939/2738/1579
f 2272/1812/1579 2724/2740/1579 3103/2742/1579
f 3104/2296/1579 2940/2739/1579 2338/2464/1579
f 2710/2993/1581 3483/2993/1581 3484/1837/1581
f 2328/1819/1579 2939/2738/1579 3104/2296/1579
f 3105/2737/1579 2584/2736/1579 2243/2910/1579
f 2940/2739/1579 3105/2737/1579 2543/2422/1579
f 2472/2992/1579 2938/2735/1579 3105/2737/1579
f 3106/2734/1579 2937/2733/1579 2471/2994/1579
f 2713/2523/1579 3106/2734/1579 2935/2730/1579
f 2234/1783/1579 2711/2588/1579 3106/2734/1579
f 3107/2732/1579 2936/2731/1579 2378/2995/1579
f 2572/2807/1579 3107/2732/1579 2724/2740/1579
f 2367/1799/1579 2935/2730/1579 3107/2732/1579
f 3108/2729/1579 2585/2728/1579 2276/2962/1579
f 2936/2731/1579 3108/2729/1579 2583/2323/1579
f 2471/2994/1579 2934/2727/1579 3108/2729/1579
f 3109/2726/1579 2933/2725/1579 2470/2996/1579
f 2729/2333/1579 3109/2726/1579 2931/2721/1579
f 2277/2957/1579 2727/2724/1579 3109/2726/1579
f 3110/2723/1579 2932/2722/1579 2323/2998/1579
f 2588/2284/1579 3110/2723/1579 2669/2345/1579
f 2383/2997/1579 2931/2721/1579 3110/2723/1579
f 3111/2720/1579 2530/2466/1579 2233/1870/1579
f 2932/2722/1579 3111/2720/1579 2528/2292/1579
f 2470/2996/1579 2930/2467/1579 3111/2720/1579
f 3112/2719/1579 2929/2718/1579 2469/2999/1579
f 2658/2410/1579 3112/2719/1579 2927/2714/1579
f 2256/1843/1579 2728/2717/1579 3112/2719/1579
f 3113/2716/1579 2928/2715/1579 2362/3001/1579
f 2517/2497/1579 3113/2716/1579 2708/2683/1579
f 2312/3000/1579 2927/2714/1579 3113/2716/1579
f 2987/2833/1580 3003/2833/1580 3002/2344/1580
f 2928/2715/1579 3114/2367/1579 2567/2368/1579
f 2469/2999/1579 2926/2713/1579 3114/2367/1579
f 3115/2712/1579 2925/2711/1579 2468/3002/1579
f 2697/2270/1579 3115/2712/1579 2923/2707/1579
f 2218/1824/1579 2695/2710/1579 3115/2712/1579
f 3116/2709/1579 2924/2708/1579 2382/3003/1579
f 2556/2878/1579 3116/2709/1579 2728/2717/1579
f 2351/1839/1579 2923/2707/1579 3116/2709/1579
f 3117/2706/1579 2589/2705/1579 2277/2957/1579
f 2924/2708/1579 3117/2706/1579 2587/2332/1579
f 2468/3002/1579 2922/2704/1579 3117/2706/1579
f 3118/2703/1579 2921/2702/1579 2467/3004/1579
f 2733/2342/1579 3118/2703/1579 2919/2698/1579
f 2278/2952/1579 2731/2701/1579 3118/2703/1579
f 3119/2700/1579 2920/2699/1579 2335/3006/1579
f 2592/2687/1579 3119/2700/1579 2540/3007/1579
f 2387/3005/1579 2919/2698/1579 3119/2700/1579
f 3120/2697/1579 2529/2696/1579 2224/3009/1579
f 2920/2699/1579 3120/2697/1579 2681/3010/1579
f 2467/3004/1579 2918/2695/1579 3120/2697/1579
f 3121/2694/1579 2917/2693/1579 2466/3011/1579
f 2870/2607/1582 3529/2607/1582 3520/1896/1582
f 2318/3012/1584 2523/3013/1584 3213/3013/1584
f 3122/2691/1579 2916/2690/1579 2295/3014/1579
f 2505/2608/1579 3122/2691/1579 2500/3015/1579
f 2300/1896/1579 2915/2689/1579 3122/2691/1579
f 3123/2688/1579 2592/2687/1579 2240/3008/1579
f 2916/2690/1579 3123/2688/1579 2642/3017/1579
f 2466/3011/1579 2914/2686/1579 3123/2688/1579
f 3124/2685/1579 2913/2684/1579 2465/3018/1579
f 2664/3019/1584 2318/3012/1584 3522/3012/1584
f 3125/2682/1580 3549/2682/1580 3542/2680/1580
f 3125/2682/1579 2912/2681/1579 2386/3020/1579
f 2732/2692/1580 3540/2692/1580 3549/2682/1580
f 3121/2694/1580 3547/2694/1580 3540/2692/1580
f 3126/2679/1579 2593/2678/1579 2278/2952/1579
f 2912/2681/1579 3126/2679/1579 2591/2341/1579
f 2465/3018/1579 2910/2615/1579 3126/2679/1579
f 3127/2677/1579 2909/2676/1579 2464/3021/1579
f 2736/3022/1579 3127/2677/1579 2907/2672/1579
f 2279/2948/1579 2734/2675/1579 3127/2677/1579
f 3128/2674/1579 2908/2673/1579 2346/3024/1579
f 2596/2664/1579 3128/2674/1579 2551/3025/1579
f 2391/3023/1579 2907/2672/1579 3128/2674/1579
f 3129/2671/1579 2495/1906/1579 1834/3027/1579
f 2908/2673/1579 3129/2671/1579 2692/3028/1579
f 2464/3021/1579 2906/2670/1579 3129/2671/1579
f 3132/2665/1580 3479/2665/1580 3470/2663/1580
f 2670/2339/1579 3130/3034/1579 2903/2666/1579
f 2568/2831/1581 3140/2831/1581 2321/1890/1581
f 3131/2668/1579 2904/2667/1579 2307/3030/1579
f 2529/2696/1579 3131/2668/1579 2512/3031/1579
f 2324/3029/1579 2903/2666/1579 3131/2668/1579
f 3132/2665/1579 2596/2664/1579 2251/3026/1579
f 2904/2667/1579 3132/2665/1579 2653/3032/1579
f 2279/2948/1580 2263/2948/1580 2232/2350/1580
f 3133/2662/1579 2901/2661/1579 2462/3033/1579
f 2709/2293/1579 3133/2662/1579 2899/2657/1579
f 2233/1870/1579 2707/2660/1579 3133/2662/1579
f 2568/2831/1584 3134/2659/1584 3480/2659/1584
f 3130/3034/1581 3478/3034/1581 3471/2666/1581
f 2363/1876/1579 2899/2657/1579 3134/2659/1579
f 2903/2666/1582 3471/2666/1582 3472/2669/1582
f 2736/3022/1580 3467/3022/1580 2263/2948/1580
f 2904/2667/1582 3477/2667/1582 3479/2665/1582
f 3136/2655/1579 2897/2654/1579 2461/2938/1579
f 2740/2357/1579 3136/2655/1579 2895/2394/1579
f 2280/1846/1579 2738/2653/1579 3136/2655/1579
f 3153/2516/1582 3456/2516/1582 2520/2515/1582
f 2281/1885/1581 2519/1885/1581 2258/2365/1581
f 2807/2491/1580 3446/2491/1580 3459/2495/1580
f 3252/2363/1580 3462/2363/1580 2522/2361/1580
f 2667/2354/1584 3202/2495/1584 3459/2495/1584
f 2744/2365/1582 2258/2365/1582 3455/2405/1582
f 3139/2651/1579 2893/2650/1579 2460/3035/1579
f 2651/3037/1579 3139/2651/1579 2891/3036/1579
f 2249/3039/1579 2739/2649/1579 3139/2651/1579
f 2510/3040/1581 2665/3040/1581 2600/3041/1581
f 2358/2648/1580 2526/2648/1580 2400/3042/1580
f 2305/3038/1584 2891/3036/1584 2524/3036/1584
f 2890/2400/1581 2412/2400/1581 3454/2402/1581
f 2892/3042/1579 3141/2402/1579 2563/2517/1579
f 2460/3035/1579 2890/2400/1579 3141/2402/1579
f 3142/2645/1579 2889/2285/1579 2459/2617/1579
f 2690/3043/1579 3142/2645/1579 2887/2641/1579
f 2217/3044/1579 2696/2644/1579 3142/2645/1579
f 3143/2643/1579 2888/2642/1579 2394/3045/1579
f 2549/1997/1579 3143/2643/1579 2739/2649/1579
f 2344/1996/1579 2887/2641/1579 3143/2643/1579
f 3144/2640/1579 2601/2639/1579 2280/1846/1579
f 2888/2642/1579 3144/2640/1579 2599/2356/1579
f 2459/2617/1579 2886/2616/1579 3144/2640/1579
f 3145/2405/1579 2885/2404/1579 2458/3046/1579
f 2744/2365/1579 3145/2405/1579 2883/2636/1579
f 2885/2404/1582 3448/2404/1582 3462/2363/1582
f 3146/2638/1579 2884/2637/1579 2331/3048/1579
f 2604/2625/1579 3146/2638/1579 2536/3049/1579
f 2399/3047/1579 2883/2636/1579 3146/2638/1579
f 3147/2635/1579 2525/2634/1579 2220/3050/1579
f 2884/2637/1579 3147/2635/1579 2677/3051/1579
f 2458/3046/1579 2882/2633/1579 3147/2635/1579
f 3148/2632/1579 2881/2631/1579 2457/3052/1579
f 2640/3053/1579 3148/2632/1579 2879/2627/1579
f 2238/3055/1579 2743/2630/1579 3148/2632/1579
f 3149/2629/1579 2880/2628/1579 2291/3056/1579
f 2498/3058/1579 3149/2629/1579 2496/3057/1579
f 2293/3054/1579 2879/2627/1579 3149/2629/1579
f 3150/2626/1579 2604/2625/1579 2236/1904/1579
f 2880/2628/1579 3150/2626/1579 2638/3059/1579
f 2457/3052/1579 2878/2624/1579 3150/2626/1579
f 3151/2623/1579 2877/2622/1579 2456/3060/1579
f 2679/3061/1579 3151/2623/1579 2875/2618/1579
f 2222/3041/1579 2704/2621/1579 3151/2623/1579
f 3152/2620/1579 2876/2619/1579 2398/3063/1579
f 2538/3064/1579 3152/2620/1579 2743/2630/1579
f 2333/3062/1579 2875/2618/1579 3152/2620/1579
f 3153/2516/1579 2605/2515/1579 2281/1885/1579
f 2876/2619/1579 3153/2516/1579 2603/2364/1579
f 2456/3060/1579 2874/2514/1579 3153/2516/1579
f 2403/3065/1581 3528/3065/1581 3517/2590/1581
f 2748/2370/1579 3154/2932/1579 2871/2610/1579
f 2749/2373/1581 3527/2373/1581 3528/3065/1581
f 3155/2612/1579 2872/2611/1579 2342/3067/1579
f 2607/2599/1579 3155/2612/1579 2547/3068/1579
f 2402/3066/1579 2871/2610/1579 3155/2612/1579
f 3156/2609/1579 2505/2608/1579 2215/3016/1579
f 2872/2611/1579 3156/2609/1579 2688/3070/1579
f 2455/2935/1579 2870/2607/1579 3156/2609/1579
f 3157/2606/1579 2869/2605/1579 2454/3071/1579
f 2666/2362/1579 3157/2606/1579 2867/2601/1579
f 2264/2937/1579 2747/2604/1579 3157/2606/1579
f 3158/2603/1579 2868/2602/1579 2303/3073/1579
f 2525/2634/1579 3158/2603/1579 2508/3074/1579
f 2320/3072/1579 2867/2601/1579 3158/2603/1579
f 3159/2600/1579 2607/2599/1579 2247/3069/1579
f 2868/2602/1579 3159/2600/1579 2649/3075/1579
f 2454/3071/1579 2866/2598/1579 3159/2600/1579
f 3160/2597/1579 2865/2596/1579 2453/3076/1579
f 3161/2594/1580 3458/2594/1580 3447/2592/1580
f 3145/2405/1582 3455/2405/1582 3448/2404/1582
f 3161/2594/1579 2864/2593/1579 2401/3077/1579
f 3255/2355/1581 3463/2355/1581 2404/2397/1581
f 3141/2402/1581 3454/2402/1581 2827/2517/1581
f 3162/2591/1579 2608/2590/1579 2282/2933/1579
f 2864/2593/1579 3162/2591/1579 2606/2369/1579
f 2453/3076/1579 2862/2589/1579 3162/2591/1579
f 3020/2872/1588 3045/2870/1588 3246/2870/1588
f 2259/1788/2065 3284/1788/2065 2837/2389/2065
f 3045/2870/1588 2557/2869/1588 3243/2869/1588
f 2313/1781/2068 3193/1781/2068 3012/2975/2068
f 2831/2530/1590 3011/2530/1590 2860/3078/1590
f 2284/1807/2065 3181/1807/2065 3240/2386/2065
f 2545/2922/1589 3238/2923/1589 3239/1801/1589
f 2406/1774/2065 3236/2931/2065 3237/2577/2065
f 2830/2527/1590 2861/2527/1590 3194/3079/1590
f 3166/2584/1579 2857/2583/1579 2451/3080/1579
f 2655/3081/1579 3166/2584/1579 2855/2579/1579
f 2253/3083/1579 2751/2582/1579 3166/2584/1579
f 3167/2581/1579 2856/2580/1579 2354/3084/1579
f 2514/3085/1579 3167/2581/1579 2700/2547/1579
f 2309/3082/1579 2855/2579/1579 3167/2581/1579
f 3168/2578/1579 2611/2577/1579 2259/1788/1579
f 2856/2580/1579 3168/2578/1579 2559/2388/1579
f 2451/3080/1579 2854/2576/1579 3168/2578/1579
f 3169/2575/1579 2853/2574/1579 2450/3087/1579
f 2694/3088/1579 3169/2575/1579 2851/2570/1579
f 1840/2222/1579 2693/2573/1579 3169/2575/1579
f 3170/2572/1579 2852/2571/1579 2405/3090/1579
f 2553/3091/1579 3170/2572/1579 2751/2582/1579
f 2348/3089/1579 2851/2570/1579 3170/2572/1579
f 3171/2569/1579 2612/2568/1579 2283/1769/1579
f 2852/2571/1579 3171/2569/1579 2610/2377/1579
f 2450/3087/1579 2850/2567/1579 3171/2569/1579
f 2414/3079/2067 3194/3079/2067 3195/2538/2067
f 2518/2925/2070 3192/2925/2070 3193/1781/2070
f 2446/2924/1590 3190/2924/1590 3191/2535/1590
f 3173/2564/1579 2848/2563/1579 2311/3092/1579
f 2615/2551/1579 3173/2564/1579 2657/2851/1579
f 2410/1814/1579 2847/2562/1579 3173/2564/1579
f 3174/2561/1579 2521/2560/1579 2228/3093/1579
f 2848/2563/1579 3174/2561/1579 2516/2287/1579
f 2449/2926/1579 2846/2559/1579 3174/2561/1579
f 3175/2558/1579 2845/2557/1579 2448/3094/1579
f 2644/3095/1579 3175/2558/1579 2843/2553/1579
f 2242/3097/1579 2755/2556/1579 3175/2558/1579
f 3176/2555/1579 2844/2554/1579 2350/3098/1579
f 2502/3099/1579 3176/2555/1579 2696/2644/1579
f 2297/3096/1579 2843/2553/1579 3176/2555/1579
f 3177/2552/1579 2615/2551/1579 2255/2940/1579
f 2844/2554/1579 3177/2552/1579 2555/2359/1579
f 2448/3094/1579 2842/2550/1579 3177/2552/1579
f 3178/2549/1579 2841/2548/1579 2447/3100/1579
f 2683/3101/1579 3178/2549/1579 2839/2544/1579
f 2226/3086/1579 2700/2547/1579 3178/2549/1579
f 3179/2546/1579 2840/2545/1579 2409/3103/1579
f 2542/3104/1579 3179/2546/1579 2755/2556/1579
f 2337/3102/1579 2839/2544/1579 3179/2546/1579
f 3180/2543/1579 2616/2542/1579 2284/1807/1579
f 2840/2545/1579 3180/2543/1579 2614/2385/1579
f 2447/3100/1579 2838/2541/1579 3180/2543/1579
f 2624/2506/1588 3044/2873/1588 3165/2873/1588
f 2410/1814/1590 3188/1814/1590 3189/2562/1590
f 3008/2860/1588 3054/2858/1588 3048/2858/1588
f 3182/2540/1579 2836/2539/1579 2299/3106/1579
f 2619/2528/1579 3182/2540/1579 2646/2883/1579
f 2414/3079/1579 2835/2538/1579 3182/2540/1579
f 3183/2537/1579 2506/2536/1579 2218/1824/1579
f 2836/2539/1579 3183/2537/1579 2504/2269/1579
f 2446/2924/1579 2834/2535/1579 3183/2537/1579
f 2816/2509/1588 3198/2507/1588 3015/2507/1588
f 2616/2542/1587 3172/2542/1587 3181/1807/1587
f 3044/2873/1588 3020/2872/1588 3164/2872/1588
f 3185/2532/1579 2832/2531/1579 2339/3107/1579
f 2521/2560/1579 3185/2532/1579 2685/2485/1579
f 2316/2929/1579 2831/2530/1579 3185/2532/1579
f 3186/2529/1579 2619/2528/1579 2244/2916/1579
f 2832/2531/1579 3186/2529/1579 2544/2414/1579
f 2445/3078/1579 2830/2527/1579 3186/2529/1579
f 2647/2928/1589 3051/2928/1589 3163/1804/1589
f 2449/2926/1590 3049/2926/1590 3050/2559/1590
f 3054/2858/1588 2561/2857/1588 2833/2857/1588
f 2686/2930/1589 3046/2930/1589 3047/1785/1589
f 2283/1769/2066 3016/1769/2066 3017/2378/2066
f 3198/2507/1588 2624/2506/1588 3014/3105/1588
f 2659/2975/1589 3012/2975/1589 3013/1766/1589
f 2316/2929/2071 3010/2929/2071 3011/2530/2071
f 2445/3078/2072 2860/3078/2072 2861/2527/2072
f 2612/2568/1588 3053/2861/1588 2858/2861/1588
f 2757/2389/2066 2837/2389/2066 2849/1794/2066
f 2561/2857/1588 3197/2510/1588 2829/2510/1588
f 2859/2568/1596 3309/2568/1596 3310/1769/1596
f 2858/2861/2073 3187/2860/2073 3398/2860/2073
f 3240/2386/1596 3347/2386/1596 3348/1814/1596
f 2829/2510/1597 3184/2509/1597 3365/2509/1597
f 3238/2923/1599 3163/1804/1599 3297/1804/1599
f 3237/2577/1596 3307/2577/1596 3308/1788/1596
f 3172/2542/1596 2849/1794/1596 3350/1794/1596
f 3195/2538/1604 3386/2538/1604 3387/2924/1604
f 3192/2925/1599 3047/1785/1599 3291/1785/1599
f 3243/2869/1599 3013/1766/1599 3299/1766/1599
f 3191/2535/1604 3385/2535/1604 3324/1821/1604
f 3189/2562/1604 3390/2562/1604 3391/2926/1604
f 3285/1821/1599 3324/1821/1599 3323/2928/1599
f 3050/2559/1604 3389/2559/1604 3332/2929/1604
f 3239/1801/1599 3336/1801/1599 3335/2930/1599
f 3196/2513/1579 2817/2512/1579 2441/3108/1579
f 2702/2281/1579 3196/2513/1579 2815/2508/1579
f 2225/1750/1579 2682/2511/1579 3196/2513/1579
f 3017/2378/1596 3343/2378/1596 3344/1774/1596
f 3164/2872/2073 3246/2870/2073 3411/2870/2073
f 2356/3109/1579 2815/2508/1579 3197/2510/1579
f 3284/1788/1596 3308/1788/1596 3349/2389/1596
f 3246/2870/2074 3243/2869/2074 3298/2869/2074
f 2441/3108/1579 2814/2505/1579 3198/2507/1579
f 3199/2504/1579 2813/2503/1579 2440/3110/1579
f 2768/2646/1579 3199/2504/1579 2811/2499/1579
f 2287/2647/1579 2766/2502/1579 3199/2504/1579
f 3200/2501/1579 2812/2500/1579 2318/3012/1579
f 2627/2489/1579 3200/2501/1579 2664/3019/1579
f 2422/3111/1579 2811/2499/1579 3200/2501/1579
f 3201/2498/1579 2517/2497/1579 2229/1872/1579
f 2812/2500/1579 3201/2498/1579 2523/3013/1579
f 2440/3110/1579 2810/2496/1579 3201/2498/1579
f 3202/2495/1579 2809/2412/1579 2439/3112/1579
f 2605/2515/1581 2520/2515/1581 2519/1885/1581
f 2265/2942/1579 2767/2494/1579 3202/2495/1579
f 3203/2493/1579 2808/2492/1579 2357/3113/1579
f 2747/2604/1580 2231/2604/1580 3458/2594/1580
f 2895/2394/1584 2461/2938/1584 2353/2938/1584
f 3204/2490/1579 2627/2489/1579 2262/2934/1579
f 2808/2492/1579 3204/2490/1579 2562/2372/1579
f 2439/3112/1579 2806/2488/1579 3204/2490/1579
f 3205/2487/1579 2805/2486/1579 2438/3114/1579
f 2706/2288/1579 3205/2487/1579 2803/2482/1579
f 2228/3093/1579 2685/2485/1579 3205/2487/1579
f 3206/2484/1579 2804/2483/1579 2421/2854/1579
f 2565/2846/1579 3206/2484/1579 2767/2494/1579
f 2360/3115/1579 2803/2482/1579 3206/2484/1579
f 3207/2481/1579 2628/2480/1579 2287/2647/1579
f 2804/2483/1581 3137/2483/1581 3060/2854/1581
f 2438/3114/1579 2802/2479/1579 3207/2481/1579
f 3208/2478/1579 2801/2477/1579 2437/3116/1579
f 2772/2420/1579 3208/2478/1579 2799/2473/1579
f 2288/2912/1579 2770/2476/1579 3208/2478/1579
f 3209/2475/1579 2800/2474/1579 2322/3117/1579
f 2631/3118/1579 3209/2475/1579 2668/2842/1579
f 2566/2352/1581 3214/2352/1581 3514/3119/1581
f 3210/2472/1579 2507/2471/1579 2219/3120/1579
f 2800/2474/1579 3210/2472/1579 2527/2290/1579
f 2437/3116/1579 2798/2470/1579 3210/2472/1579
f 2797/3121/1580 3503/3121/1580 3496/3122/1580
f 2530/2466/1582 3505/2466/1582 3511/3123/1582
f 2771/3124/1584 2425/3122/1584 3496/3122/1584
f 3212/3123/1579 2796/3125/1579 2361/2351/1579
f 2530/2466/1579 3212/3123/1579 2707/2660/1579
f 3264/2331/1584 2671/2330/1584 3493/2330/1584
f 2737/2944/1580 3507/2944/1580 3491/2946/1580
f 3212/3123/1582 3511/3123/1582 3501/3125/1582
f 2794/2468/1580 3497/2468/1580 3513/2421/1580
f 2533/2295/1581 2735/2295/1581 2905/2982/1581
f 2435/3126/1580 3486/3126/1580 3487/3127/1580
f 2793/3127/1580 3487/3127/1580 2390/2464/1580
f 3215/2462/1579 2792/2461/1579 2425/3122/1579
f 2569/2822/1579 3215/2462/1579 2771/3124/1579
f 2364/1837/1579 2791/2460/1579 3215/2462/1579
f 3216/2459/1579 2632/2458/1579 2288/2912/1579
f 2792/2461/1579 3216/2459/1579 2630/2419/1579
f 2435/3126/1579 2790/2457/1579 3216/2459/1579
f 3217/2456/1579 2789/2455/1579 2434/3128/1579
f 2776/2428/1579 3217/2456/1579 2787/2451/1579
f 2289/2906/1579 2774/2454/1579 3217/2456/1579
f 3218/2453/1579 2788/2452/1579 2326/3130/1579
f 2635/2443/1579 3218/2453/1579 2672/2818/1579
f 2430/3129/1579 2787/2451/1579 3218/2453/1579
f 3219/2450/1579 2511/1790/1579 2223/3131/1579
f 2788/2452/1579 3219/2450/1579 2531/2297/1579
f 2434/3128/1579 2786/2449/1579 3219/2450/1579
f 3220/2305/1579 2785/2448/1579 2433/2446/1579
f 3220/2305/1583 2783/2304/1583 2826/2304/1583
f 2273/1764/1579 2775/2447/1579 3220/2305/1579
f 3221/2586/1579 2784/2445/1579 2365/3132/1579
f 2327/2524/1581 2818/2524/1581 2620/2534/1581
f 2675/2795/1583 2828/2795/1583 2623/2795/1583
f 3222/2444/1579 2635/2443/1579 2270/2960/1579
f 2784/2445/1579 3222/2444/1579 2570/2326/1579
f 2433/2446/1579 2782/2442/1579 3222/2444/1579
f 3223/2441/1579 2781/2440/1579 2432/3133/1579
f 2714/2302/1579 3223/2441/1579 2779/2436/1579
f 2221/1746/1579 2678/2439/1579 3223/2441/1579
f 3224/2438/1579 2780/2437/1579 2429/3134/1579
f 2573/2799/1579 3224/2438/1579 2775/2447/1579
f 2368/1760/1579 2779/2436/1579 3224/2438/1579
f 3225/2435/1579 2636/2434/1579 2289/2906/1579
f 2780/2437/1579 3225/2435/1579 2634/2427/1579
f 2432/3133/1579 2778/2433/1579 3225/2435/1579
f 3226/2432/1579 2777/2431/1579 2431/2903/1579
f 2781/2440/1579 3226/2432/1579 2778/2433/1579
f 2332/3135/1579 2537/2430/1579 3226/2432/1579
f 3227/2429/1579 2776/2428/1579 2430/3129/1579
f 2785/2448/1579 3227/2429/1579 2782/2442/1579
f 2429/3134/1579 2634/2427/1579 3227/2429/1579
f 3228/2426/1579 2652/1776/1579 2306/3136/1579
f 2789/2455/1579 3228/2426/1579 2786/2449/1579
f 2428/2905/1579 2633/2425/1579 3228/2426/1579
f 3229/2424/1579 2773/2423/1579 2427/2909/1579
f 2793/3127/1579 3229/2424/1579 2790/2457/1579
f 2338/2464/1579 2543/2422/1579 3229/2424/1579
f 3230/2421/1579 2772/2420/1579 2426/2469/1579
f 2797/3121/1584 3230/2421/1584 3513/2421/1584
f 2425/3122/1579 2630/2419/1579 3230/2421/1579
f 3231/2418/1579 2648/1854/1579 2302/3137/1579
f 2801/2477/1579 3231/2418/1579 2798/2470/1579
f 2424/2911/1579 2629/2417/1579 3231/2418/1579
f 3232/2416/1579 2769/2415/1579 2423/2915/1579
f 2805/2486/1579 3232/2416/1579 2802/2479/1579
f 2339/3107/1579 2544/2414/1579 3232/2416/1579
f 3233/2413/1579 2768/2646/1579 2422/3111/1579
f 2809/2412/1579 3233/2413/1579 2806/2488/1579
f 2804/2483/1584 3207/2481/1584 3001/2481/1584
f 3234/2411/1579 2658/2410/1579 2312/3000/1579
f 2813/2503/1579 3234/2411/1579 2810/2496/1579
f 2420/2917/1579 2625/2409/1579 3234/2411/1579
f 3235/2408/1579 2765/2407/1579 2419/2919/1579
f 2817/2512/1579 3235/2408/1579 2814/2505/1579
f 2336/3138/1579 2541/2406/1579 3235/2408/1579
f 3193/1781/1599 3326/1781/1599 3325/2975/1599
f 3011/2530/1604 3382/2530/1604 3383/3078/1604
f 3240/2386/1596 3181/1807/1596 3313/1807/1596
f 3239/1801/1599 3238/2923/1599 3296/2922/1599
f 3236/2931/1596 3344/1774/1596 3307/2577/1596
f 2861/2527/1604 3381/2527/1604 3356/3079/1604
f 3194/3079/1604 3356/3079/1604 3386/2538/1604
f 3192/2925/1599 3290/2925/1599 3326/1781/1599
f 3190/2924/1604 3387/2924/1604 3385/2535/1604
f 3014/3105/1597 3165/2873/1597 3410/2873/1597
f 3188/1814/1604 3348/1814/1604 3390/2562/1604
f 3187/2860/2075 3048/2858/2075 3419/2858/2075
f 3184/2509/1597 3015/2507/1597 3436/2507/1597
f 3181/1807/1596 3172/2542/1596 3312/2542/1596
f 3165/2873/2076 3164/2872/2076 3409/2872/2076
f 3241/2390/1579 2757/2389/1579 2411/1794/1579
f 2841/2548/1579 3241/2390/1579 2838/2541/1579
f 2354/3084/1579 2559/2388/1579 3241/2390/1579
f 3242/2387/1579 2756/2386/1579 2410/1814/1579
f 2845/2557/1579 3242/2387/1579 2842/2550/1579
f 2409/3103/1579 2614/2385/1579 3242/2387/1579
f 3051/2928/1599 3323/2928/1599 3297/1804/1599
f 3049/2926/1604 3391/2926/1604 3389/2559/1604
f 3048/2858/2077 2833/2857/2077 3304/2857/2077
f 3244/2382/1579 2753/2381/1579 2407/1755/1579
f 2853/2574/1579 3244/2382/1579 2850/2567/1579
f 2347/3139/1579 2552/2380/1579 3244/2382/1579
f 3245/2379/1579 2752/2378/1579 2406/1774/1579
f 2857/2583/1579 3245/2379/1579 2854/2576/1579
f 2405/3090/1579 2610/2377/1579 3245/2379/1579
f 3046/2930/1599 3335/2930/1599 3291/1785/1599
f 3016/1769/1596 3310/1769/1596 3343/2378/1596
f 3015/2507/1597 3014/3105/1597 3322/2506/1597
f 3247/2374/1579 2749/2373/1579 2403/3065/1579
f 2865/2596/1579 3247/2374/1579 2862/2589/1579
f 2357/3113/1579 2562/2372/1579 3247/2374/1579
f 3248/2371/1579 2748/2370/1579 2402/3066/1579
f 2869/2605/1579 3248/2371/1579 2866/2598/1579
f 2401/3077/1579 2606/2369/1579 3248/2371/1579
f 2915/2689/1580 3543/2689/1580 3547/2694/1580
f 2229/1872/1584 2708/2683/1584 3539/2683/1584
f 2523/3013/1584 2229/1872/1584 3211/1872/1584
f 3255/2355/1584 2667/2354/1584 2452/2354/1584
f 2877/2622/1579 3250/2518/1579 2874/2514/1579
f 2358/2648/1579 2563/2517/1579 3250/2518/1579
f 3251/2366/1579 2744/2365/1579 2399/3047/1579
f 2881/2631/1579 3251/2366/1579 2878/2624/1579
f 2398/3063/1579 2603/2364/1579 3251/2366/1579
f 3252/2363/1579 2666/2362/1579 2320/3072/1579
f 2885/2404/1579 3252/2363/1579 2882/2633/1579
f 2602/2361/1582 2522/2361/1582 2329/2937/1582
f 2886/2616/1582 2896/2616/1582 2998/1842/1582
f 3253/2286/1584 2741/2360/1584 2999/2360/1584
f 2350/3098/1579 2555/2359/1579 3253/2286/1579
f 3254/2358/1579 2740/2357/1579 2395/2936/1579
f 2893/2650/1579 3254/2358/1579 2890/2400/1579
f 2394/3045/1579 2599/2356/1579 3254/2358/1579
f 3160/2597/1580 3457/2597/1580 2260/2595/1580
f 2897/2654/1579 3255/2355/1579 2894/2397/1579
f 2393/2941/1579 2598/2353/1579 3255/2355/1579
f 3256/3119/1579 2737/2944/1579 2392/2945/1579
f 2901/2661/1579 3256/3119/1579 2898/2656/1579
f 2361/2351/1579 2566/2352/1579 3256/3119/1579
f 3134/2659/1584 2900/2658/1584 3469/2658/1584
f 2670/2339/1582 3474/2339/1582 3478/3034/1582
f 2902/2663/1582 3470/2663/1582 3468/3023/1582
f 3258/2348/1579 2637/2347/1579 2290/3140/1579
f 2909/2676/1579 3258/2348/1579 2906/2670/1579
f 2389/2947/1579 2594/2346/1579 3258/2348/1579
f 3259/2613/1581 2746/2613/1581 3005/2615/1581
f 2913/2684/1579 3259/2613/1579 2910/2615/1579
f 2362/3001/1579 2567/2368/1579 3259/2613/1579
f 3260/2343/1579 2733/2342/1579 2387/3005/1579
f 2917/2693/1579 3260/2343/1579 2914/2686/1579
f 2386/3020/1579 2591/2341/1579 3260/2343/1579
f 3261/2340/1579 2670/2339/1579 2324/3029/1579
f 2921/2702/1579 3261/2340/1579 2918/2695/1579
f 2385/2951/1579 2590/2338/1579 3261/2340/1579
f 3262/2337/1579 2730/2336/1579 2384/2954/1579
f 2925/2711/1579 3262/2337/1579 2922/2704/1579
f 2349/2985/1579 2554/2335/1579 3262/2337/1579
f 3263/2334/1579 2729/2333/1579 2383/2997/1579
f 2929/2718/1579 3263/2334/1579 2926/2713/1579
f 2382/3003/1579 2587/2332/1579 3263/2334/1579
f 2269/1851/1581 3506/1851/1581 3493/2330/1581
f 2933/2725/1579 3264/2331/1579 2930/2467/1579
f 2381/2956/1579 2586/2329/1579 3264/2331/1579
f 3265/2328/1579 2726/2327/1579 2380/2959/1579
f 2937/2733/1579 3265/2328/1579 2934/2727/1579
f 2365/3132/1579 2570/2326/1579 3265/2328/1579
f 3266/2325/1579 2725/2324/1579 2379/2989/1579
f 2941/2741/1579 3266/2325/1579 2938/2735/1579
f 2378/2995/1579 2583/2323/1579 3266/2325/1579
f 3267/2322/1579 2641/1816/1579 2294/3141/1579
f 2945/2749/1579 3267/2322/1579 2942/2743/1579
f 2377/2961/1579 2582/2321/1579 3267/2322/1579
f 3268/2320/1579 2722/2319/1579 2376/2965/1579
f 2949/2758/1579 3268/2320/1579 2946/2751/1579
f 2366/2976/1579 2571/2318/1579 3268/2320/1579
f 3269/2317/1579 2721/2316/1579 2375/2980/1579
f 2953/2767/1579 3269/2317/1579 2950/2760/1579
f 2374/2987/1579 2579/2315/1579 3269/2317/1579
f 3270/2314/1579 2674/2313/1579 2328/1819/1579
f 2957/2775/1579 3270/2314/1579 2954/2769/1579
f 2373/2967/1579 2578/2312/1579 3270/2314/1579
f 3271/2311/1579 2718/2310/1579 2372/1761/1579
f 2961/2784/1579 3271/2311/1579 2958/2777/1579
f 2343/3142/1579 2548/2309/1579 3271/2311/1579
f 3272/2308/1579 2717/2307/1579 2371/2973/1579
f 2965/2793/1579 3272/2308/1579 2962/2786/1579
f 2370/2978/1579 2575/2306/1579 3272/2308/1579
f 2828/2795/1584 2825/2305/1584 2621/2305/1584
f 2574/2921/1584 2273/1764/1584 2820/1764/1584
f 2369/2971/1579 2574/2921/1579 3273/2585/1579
f 3274/2303/1579 2714/2302/1579 2368/1760/1579
f 2973/2805/1579 3274/2303/1579 2970/2798/1579
f 2304/3143/1579 2509/2301/1579 3274/2303/1579
f 2969/2565/1581 2699/2565/1581 2750/2525/1581
f 2977/2534/1579 3275/2533/1579 2974/2526/1579
f 3221/2586/1582 2613/2586/1582 2661/2445/1582
f 3276/2298/1579 2680/1796/1579 2334/3144/1579
f 2981/2819/1579 3276/2298/1579 2978/2813/1579
f 2326/3130/1579 2531/2297/1579 3276/2298/1579
f 3277/3145/1579 2710/2993/1579 2364/1837/1579
f 2985/2828/1579 3277/3145/1579 2982/2821/1579
f 2310/2981/1579 2515/2983/1579 3277/3145/1579
f 3278/2294/1579 2709/2293/1579 2363/1876/1579
f 2989/2836/1579 3278/2294/1579 2986/2830/1579
f 2323/2998/1579 2528/2292/1579 3278/2294/1579
f 3279/2291/1579 2676/1873/1579 2330/3146/1579
f 2993/2843/1579 3279/2291/1579 2990/2837/1579
f 2322/3117/1579 2527/2290/1579 3279/2291/1579
f 3280/2289/1579 2706/2288/1579 2360/3115/1579
f 2997/2852/1579 3280/2289/1579 2994/2845/1579
f 2311/3092/1579 2516/2287/1579 3280/2289/1579
f 2863/2592/1580 3447/2592/1580 3457/2597/1580
f 2874/2514/1581 2413/2514/1581 3456/2516/1581
f 2563/2517/1581 2827/2517/1581 3461/2518/1581
f 3154/2932/1581 3550/2932/1581 3530/2610/1581
f 2262/2934/1584 2664/3019/1584 3521/3019/1584
f 3124/2685/1580 3548/2685/1580 3539/2683/1580
f 3283/2282/1579 2702/2281/1579 2356/3109/1579
f 3009/2863/1579 3283/2282/1579 3006/2856/1579
f 2308/3147/1579 2513/2280/1579 3283/2282/1579
f 3013/1766/1599 3012/2975/1599 3325/2975/1599
f 3010/2929/1604 3332/2929/1604 3382/2530/1604
f 2860/3078/1604 3383/3078/1604 3381/2527/1604
f 2859/2568/2073 2858/2861/2073 3418/2861/2073
f 2849/1794/1596 2837/2389/1596 3349/2389/1596
f 2833/2857/2074 2829/2510/2074 3435/2510/2074
f 3286/2274/1579 2698/2273/1579 2352/1762/1579
f 3021/2875/1579 3286/2274/1579 3018/2868/1579
f 2296/3148/1579 2501/2272/1579 3286/2274/1579
f 3287/2271/1579 2697/2270/1579 2351/1839/1579
f 3025/2884/1579 3287/2271/1579 3022/2877/1579
f 2299/3106/1579 2504/2269/1579 3287/2271/1579
f 3288/2268/1579 2687/1834/1579 2341/3149/1579
f 3029/2892/1579 3288/2268/1579 3026/2886/1579
f 2298/2990/1579 2503/2267/1579 3288/2268/1579
f 3289/1994/1579 2691/1757/1579 2345/3150/1579
f 3033/2900/1579 3289/1994/1579 3030/2894/1579
f 2292/3151/1579 2497/1993/1579 3289/1994/1579
f 3292/3152/1579 3291/1785/1579 3335/2930/1579
f 3293/3154/1579 3294/3251/1579 3339/3155/1579
f 3306/3157/1579 3305/3248/1579 3333/3158/1579
f 3311/3160/1579 3303/3246/1579 3331/3161/1579
f 3314/3163/1579 3297/1804/1579 3323/2928/1579
f 3315/3165/1579 3316/3243/1579 3355/3166/1579
f 3300/3168/1579 3301/3241/1579 3357/3169/1579
f 3318/3171/1579 3299/1766/1579 3325/2975/1579
f 3319/3173/1579 3320/3238/1579 3363/3174/1579
f 3366/3176/1579 3364/3256/1579 3321/3177/1579
f 3367/3179/1579 3368/3258/1579 3369/3180/1579
f 3361/3182/1579 3362/3261/1579 3370/3183/1579
f 3371/3185/1579 3326/1781/1579 3290/2925/1579
f 3372/3187/1579 3373/3255/1579 3374/3188/1579
f 3359/3190/1579 3360/3237/1579 3375/3191/1579
f 3376/3193/1579 3358/3240/1579 3317/3194/1579
f 3377/3196/1579 3378/3252/1579 3379/3197/1579
f 3337/3199/1579 3338/3260/1579 3380/3200/1579
f 3353/3202/1579 3354/3254/1579 3384/3203/1579
f 3351/3205/1579 3352/3242/1579 3388/3206/1579
f 3345/3208/1579 3346/3245/1579 3392/3209/1579
f 3393/3211/1579 3334/3259/1579 3295/3212/1579
f 3394/3214/1579 3395/3249/1579 3396/3215/1579
f 3341/3217/1579 3342/3247/1579 3397/3218/1579
f 3399/3220/1579 3340/3253/1579 3302/3221/1579
f 3400/3223/1579 3401/3244/1579 3402/3224/1579
f 3329/3226/1579 3330/3250/1579 3403/3227/1579
f 3404/3229/1579 3336/1801/1579 3296/2922/1579
f 3405/3231/1579 3406/3239/1579 3407/3232/1579
f 3327/3234/1579 3328/3257/1579 3408/3235/1579
f 3410/2873/1579 3409/2872/1579 3360/3237/1579
f 3322/2506/1579 3410/2873/1579 3359/3190/1579
f 3411/2870/1579 3298/2869/1579 3299/1766/1579
f 3409/2872/1579 3411/2870/1579 3318/3171/1579
f 3412/3236/1579 3408/3235/1579 3406/3239/1579
f 3357/3169/1579 3412/3236/1579 3405/3231/1579
f 3301/3241/1579 3327/3234/1579 3412/3236/1579
f 3413/3233/1579 3407/3232/1579 3352/3242/1579
f 3317/3194/1579 3413/3233/1579 3351/3205/1579
f 3358/3240/1579 3405/3231/1579 3413/3233/1579
f 3414/3230/1579 3296/2922/1579 3297/1804/1579
f 3407/3232/1579 3414/3230/1579 3314/3163/1579
f 3406/3239/1579 3404/3229/1579 3414/3230/1579
f 3415/3228/1579 3403/3227/1579 3401/3244/1579
f 3349/2389/1579 3415/3228/1579 3400/3223/1579
f 3308/1788/1579 3329/3226/1579 3415/3228/1579
f 3416/3225/1579 3402/3224/1579 3346/3245/1579
f 3312/2542/1579 3416/3225/1579 3345/3208/1579
f 3350/1794/1579 3400/3223/1579 3416/3225/1579
f 3417/3222/1579 3302/3221/1579 3303/3246/1579
f 3402/3224/1579 3417/3222/1579 3311/3160/1579
f 3401/3244/1579 3399/3220/1579 3417/3222/1579
f 3418/2861/1579 3398/2860/1579 3342/3247/1579
f 3309/2568/1579 3418/2861/1579 3341/3217/1579
f 3419/2858/1579 3304/2857/1579 3305/3248/1579
f 3398/2860/1579 3419/2858/1579 3306/3157/1579
f 3420/3219/1579 3397/3218/1579 3395/3249/1579
f 3343/2378/1579 3420/3219/1579 3394/3214/1579
f 3310/1769/1579 3341/3217/1579 3420/3219/1579
f 3421/3216/1579 3396/3215/1579 3330/3250/1579
f 3307/2577/1579 3421/3216/1579 3329/3226/1579
f 3344/1774/1579 3394/3214/1579 3421/3216/1579
f 3422/3213/1579 3295/3212/1579 3294/3251/1579
f 3396/3215/1579 3422/3213/1579 3293/3154/1579
f 3395/3249/1579 3393/3211/1579 3422/3213/1579
f 3423/3210/1579 3392/3209/1579 3391/2926/1579
f 3347/2386/1579 3423/3210/1579 3390/2562/1579
f 3313/1807/1579 3345/3208/1579 3423/3210/1579
f 3424/3207/1579 3388/3206/1579 3387/2924/1579
f 3355/3166/1579 3424/3207/1579 3386/2538/1579
f 3316/3243/1579 3351/3205/1579 3424/3207/1579
f 3425/3204/1579 3384/3203/1579 3383/3078/1579
f 3331/3161/1579 3425/3204/1579 3382/2530/1579
f 3303/3246/1579 3353/3202/1579 3425/3204/1579
f 3426/3201/1579 3380/3200/1579 3378/3252/1579
f 3339/3155/1579 3426/3201/1579 3377/3196/1579
f 3294/3251/1579 3337/3199/1579 3426/3201/1579
f 3427/3198/1579 3379/3197/1579 3354/3254/1579
f 3302/3221/1579 3427/3198/1579 3353/3202/1579
f 3340/3253/1579 3377/3196/1579 3427/3198/1579
f 3428/3195/1579 3317/3194/1579 3316/3243/1579
f 3379/3197/1579 3428/3195/1579 3315/3165/1579
f 3378/3252/1579 3376/3193/1579 3428/3195/1579
f 3429/3192/1579 3375/3191/1579 3373/3255/1579
f 3363/3174/1579 3429/3192/1579 3372/3187/1579
f 3320/3238/1579 3359/3190/1579 3429/3192/1579
f 3430/3189/1579 3374/3188/1579 3328/3257/1579
f 3321/3177/1579 3430/3189/1579 3327/3234/1579
f 3364/3256/1579 3372/3187/1579 3430/3189/1579
f 3431/3186/1579 3290/2925/1579 3291/1785/1579
f 3374/3188/1579 3431/3186/1579 3292/3152/1579
f 3373/3255/1579 3371/3185/1579 3431/3186/1579
f 3432/3184/1579 3370/3183/1579 3368/3258/1579
f 3333/3158/1579 3432/3184/1579 3367/3179/1579
f 3305/3248/1579 3361/3182/1579 3432/3184/1579
f 3433/3181/1579 3369/3180/1579 3338/3260/1579
f 3295/3212/1579 3433/3181/1579 3337/3199/1579
f 3334/3259/1579 3367/3179/1579 3433/3181/1579
f 3434/3178/1579 3321/3177/1579 3301/3241/1579
f 3369/3180/1579 3434/3178/1579 3300/3168/1579
f 3368/3258/1579 3366/3176/1579 3434/3178/1579
f 3435/2510/1579 3365/2509/1579 3362/3261/1579
f 3304/2857/1579 3435/2510/1579 3361/3182/1579
f 3436/2507/1579 3322/2506/1579 3320/3238/1579
f 3365/2509/1579 3436/2507/1579 3319/3173/1579
f 3437/3175/1579 3363/3174/1579 3364/3256/1579
f 3370/3183/1579 3437/3175/1579 3366/3176/1579
f 3362/3261/1579 3319/3173/1579 3437/3175/1579
f 3438/3172/1579 3325/2975/1579 3326/1781/1579
f 3375/3191/1579 3438/3172/1579 3371/3185/1579
f 3360/3237/1579 3318/3171/1579 3438/3172/1579
f 3439/3170/1579 3357/3169/1579 3358/3240/1579
f 3380/3200/1579 3439/3170/1579 3376/3193/1579
f 3338/3260/1579 3300/3168/1579 3439/3170/1579
f 3440/3167/1579 3355/3166/1579 3356/3079/1579
f 3384/3203/1579 3440/3167/1579 3381/2527/1579
f 3354/3254/1579 3315/3165/1579 3440/3167/1579
f 3441/3164/1579 3323/2928/1579 3324/1821/1579
f 3388/3206/1579 3441/3164/1579 3385/2535/1579
f 3352/3242/1579 3314/3163/1579 3441/3164/1579
f 3442/3162/1579 3331/3161/1579 3332/2929/1579
f 3392/3209/1579 3442/3162/1579 3389/2559/1579
f 3346/3245/1579 3311/3160/1579 3442/3162/1579
f 3443/3159/1579 3333/3158/1579 3334/3259/1579
f 3397/3218/1579 3443/3159/1579 3393/3211/1579
f 3342/3247/1579 3306/3157/1579 3443/3159/1579
f 3444/3156/1579 3339/3155/1579 3340/3253/1579
f 3403/3227/1579 3444/3156/1579 3399/3220/1579
f 3330/3250/1579 3293/3154/1579 3444/3156/1579
f 3445/3153/1579 3335/2930/1579 3336/1801/1579
f 3408/3235/1579 3445/3153/1579 3404/3229/1579
f 3328/3257/1579 3292/3152/1579 3445/3153/1579
f 2534/3262/1579 2490/2375/1579 3449/2278/1579
f 3450/2384/1579 2285/2383/1579 2417/3263/1579
f 2520/2515/1579 3450/2384/1579 2418/2403/1579
f 2415/2277/1579 2314/2276/1579 3450/2384/1579
f 3451/2393/1579 2532/2392/1579 2329/2937/1579
f 2285/2383/1579 3451/2393/1579 2522/2361/1579
f 2286/2279/1579 2315/2391/1579 3451/2393/1579
f 3452/2396/1579 2317/2395/1579 2489/3264/1579
f 2558/2401/1579 3452/2396/1579 2490/2375/1579
f 2408/2936/1579 2355/2394/1579 3452/2396/1579
f 3453/2399/1579 2966/2398/1579 2968/3265/1579
f 2317/2395/1579 3453/2399/1579 3084/2519/1579
f 2353/2938/1579 2404/2397/1579 3453/2399/1579
f 3454/2402/1579 2558/2401/1579 2534/3262/1579
f 2519/1885/1579 2418/2403/1579 3455/2405/1579
f 2443/2520/1579 3457/2597/1579 3447/2592/1579
f 2968/3265/1579 2260/2595/1579 3457/2597/1579
f 2532/2392/1579 3458/2594/1579 2231/2604/1579
f 2442/3266/1579 3447/2592/1579 3458/2594/1579
f 2452/2354/1579 3459/2495/1579 3446/2491/1579
f 2966/2398/1579 3460/2493/1579 2260/2595/1579
f 2444/3267/1579 3446/2491/1579 3460/2493/1579
f 3461/2518/1579 2416/2275/1579 2415/2277/1579
f 2417/3263/1579 2522/2361/1579 3462/2363/1579
f 3463/2355/1579 2452/2354/1579 2444/3267/1579
f 3464/2521/1579 2443/2520/1579 2442/3266/1579
f 2261/2376/1579 3464/2521/1579 2315/2391/1579
f 2489/3264/1579 3084/2519/1579 3464/2521/1579
f 2889/2285/1581 2745/2285/1581 2742/2617/1581
f 2459/2617/1582 2742/2617/1582 2896/2616/1582
f 2524/3036/1579 2487/3035/1579 2400/3042/1579
f 2359/3268/1579 2400/3042/1579 2526/2648/1579
f 2665/3040/1579 2359/3268/1579 2564/2621/1579
f 2397/3038/1579 2524/3036/1579 2359/3268/1579
f 2222/3041/1582 2600/3041/1582 2564/2621/1582
f 2305/3038/1581 2397/3038/1581 2665/3040/1581
f 2892/3042/1580 2400/3042/1580 2487/3035/1580
f 2891/3036/1584 2460/3035/1584 2487/3035/1584
f 2319/3269/1579 2263/2948/1579 3467/3022/1579
f 3465/3271/1579 3466/3273/1579 3473/3272/1579
f 3478/3034/1579 3473/3272/1579 3472/2669/1579
f 2321/1890/1579 3465/3271/1579 3478/3034/1579
f 3472/2669/1579 3470/2663/1579 3479/2665/1579
f 3480/2659/1579 3469/2658/1579 3466/3273/1579
f 3140/2831/1579 3480/2659/1579 3465/3271/1579
f 3481/2349/1579 2232/2350/1579 2263/2948/1579
f 3469/2658/1579 3481/2349/1579 2319/3269/1579
f 3475/3033/1579 3476/2656/1579 3481/2349/1579
f 3482/3270/1579 3467/3022/1579 3468/3023/1579
f 3473/3272/1579 3482/3270/1579 3470/2663/1579
f 3466/3273/1579 2319/3269/1579 3482/3270/1579
f 2391/3023/1580 3468/3023/1580 3467/3022/1580
f 2462/3033/1584 2898/2656/1584 3476/2656/1584
f 2462/3033/1581 3475/3033/1581 3469/2658/1581
f 2268/1890/1581 2321/1890/1581 3474/2339/1581
f 3135/2349/1580 3481/2349/1580 3476/2656/1580
f 3257/2983/1579 2905/2982/1579 3483/2993/1579
f 2595/2463/1579 2390/2464/1579 3487/3127/1579
f 2735/2295/1579 3488/2296/1579 2595/2463/1579
f 3489/3274/1579 3487/3127/1579 3486/3126/1579
f 3483/2993/1579 3489/3274/1579 3485/2460/1579
f 2905/2982/1579 2595/2463/1579 3489/3274/1579
f 2364/1837/1582 3484/1837/1582 3485/2460/1582
f 2791/2460/1582 3485/2460/1582 3486/3126/1582
f 2515/2983/1581 3257/2983/1581 3490/3145/1581
f 3277/3145/1582 3490/3145/1582 3483/2993/1582
f 2684/2463/1580 2595/2463/1580 3488/2296/1580
f 2515/2983/1584 2227/2982/1584 2905/2982/1584
f 3214/2352/1579 3491/2946/1579 3507/2944/1579
f 3497/2468/1579 3498/2469/1579 3492/3118/1579
f 3499/3276/1579 3500/3278/1579 3501/3125/1579
f 3495/3124/1579 3496/3122/1579 3503/3121/1579
f 3498/2469/1579 3508/2473/1579 3509/2475/1579
f 3510/3277/1579 3503/3121/1579 3500/3278/1579
f 3493/2330/1579 3510/3277/1579 3499/3276/1579
f 3506/1851/1579 3495/3124/1579 3510/3277/1579
f 3494/2465/1579 3499/3276/1579 3511/3123/1579
f 3512/3275/1579 3492/3118/1579 3491/2946/1579
f 3501/3125/1579 3512/3275/1579 3214/2352/1579
f 3500/3278/1579 3497/2468/1579 3512/3275/1579
f 3503/3121/1579 3513/2421/1579 3497/2468/1579
f 3515/2331/1579 3493/2330/1579 3494/2465/1579
f 2426/2469/1584 2799/2473/1584 3508/2473/1584
f 2796/3125/1581 3501/3125/1581 3502/2351/1581
f 2631/3118/1582 3492/3118/1582 3509/2475/1582
f 2930/2467/1582 3504/2467/1582 3494/2465/1582
f 2269/1851/1584 2771/3124/1584 3495/3124/1584
f 3256/3119/1582 3514/3119/1582 3507/2944/1582
f 3209/2475/1580 3509/2475/1580 3508/2473/1580
f 2266/2946/1580 3491/2946/1580 3492/3118/1580
f 3213/3013/1579 3211/1872/1579 3523/3279/1579
f 3516/3281/1579 2436/3296/1579 3519/3282/1579
f 3525/3284/1579 3526/3295/1579 3532/3285/1579
f 3533/3286/1579 3524/3297/1579 2795/3287/1579
f 3534/3289/1579 3535/3294/1579 3536/3290/1579
f 3521/3019/1579 3522/3012/1579 3537/3292/1579
f 3544/3293/1579 3537/3292/1579 3535/3294/1579
f 3527/2373/1579 3544/3293/1579 3534/3289/1579
f 3538/2934/1579 3521/3019/1579 3544/3293/1579
f 3545/3291/1579 3536/3290/1579 3526/3295/1579
f 3517/2590/1579 3545/3291/1579 3525/3284/1579
f 3528/3065/1579 3534/3289/1579 3545/3291/1579
f 3546/3288/1579 2795/3287/1579 2436/3296/1579
f 3536/3290/1579 3546/3288/1579 3516/3281/1579
f 3535/3294/1579 3533/3286/1579 3546/3288/1579
f 3519/3282/1579 3547/2694/1579 3543/2689/1579
f 2436/3296/1579 3540/2692/1579 3547/2694/1579
f 3523/3279/1579 3548/2685/1579 3542/2680/1579
f 3211/1872/1579 3539/2683/1579 3548/2685/1579
f 2795/3287/1579 3549/2682/1579 3540/2692/1579
f 3524/3297/1579 3542/2680/1579 3549/2682/1579
f 3550/2932/1579 3532/3285/1579 3531/2935/1579
f 3518/2933/1579 3525/3284/1579 3550/2932/1579
f 3551/3283/1579 3519/3282/1579 3520/1896/1579
f 3532/3285/1579 3551/3283/1579 3529/2607/1579
f 3526/3295/1579 3516/3281/1579 3551/3283/1579
f 3552/3280/1579 3523/3279/1579 3524/3297/1579
f 3537/3292/1579 3552/3280/1579 3533/3286/1579
f 3522/3012/1579 3213/3013/1579 3552/3280/1579
f 3114/2367/1584 2588/2284/1584 3057/2284/1584
f 2388/2614/1582 3055/2614/1582 3003/2833/1582
f 2267/2283/1584 2669/2345/1584 3004/2345/1584
f 3841/2146/1607 1839/2146/1607 3839/2146/1607
f 3846/2146/1607 3554/2146/1607 3843/2146/1607
f 3847/2146/2078 3557/2146/2078 4044/2146/2078
f 3845/2146/1607 3556/2146/1607 4045/2146/1607
f 4633/2146/2079 3862/2146/2079 3569/2146/2079
f 4632/2146/2080 3863/2146/2080 3570/2146/2080
f 3857/2146/1607 3565/2146/1607 4049/2146/1607
f 3866/2146/1607 3568/2146/1607 4032/2146/1607
f 3867/2146/1607 3571/2146/1607 4052/2146/1607
f 4628/2146/2081 3859/2146/2081 3567/2146/2081
f 3870/2146/1607 3563/2146/1607 3855/2146/1607
f 3871/2146/1612 3572/2146/1612 4056/2146/1612
f 4625/2146/1946 3858/2146/1946 3566/2146/1946
f 3874/2146/1607 3559/2146/1607 3851/2146/1607
f 3875/2146/2082 3573/2146/2082 4060/2146/2082
f 3853/2146/1607 3561/2146/1607 4061/2146/1607
f 3918/2146/1607 3613/2146/1607 4021/2146/1607
f 3919/2146/1607 3614/2146/1607 4064/2146/1607
f 3893/2146/1607 3589/2146/1607 4065/2146/1607
f 3922/2146/2083 3612/2146/2083 4020/2146/2083
f 3923/2146/2084 3615/2146/2084 4068/2146/2084
f 4616/2146/2085 3915/2146/2085 3611/2146/2085
f 3926/2146/1607 3587/2146/1607 3891/2146/1607
f 4614/2146/2086 3927/2146/2086 3616/2146/2086
f 3914/2146/2087 3610/2146/2087 4073/2146/2087
f 4612/2146/2088 3930/2146/2088 3609/2146/2088
f 4611/2146/2089 3931/2146/2089 3617/2146/2089
f 4610/2146/2090 3898/2146/2090 3594/2146/2090
f 3934/2146/1607 3608/2146/1607 4016/2146/1607
f 3935/2146/1607 3618/2146/1607 4080/2146/1607
f 3911/2146/1848 3607/2146/1848 4081/2146/1848
f 3938/2146/1607 3591/2146/1607 3895/2146/1607
f 3939/2146/1607 3619/2146/1607 4084/2146/1607
f 3910/2146/1769 3606/2146/1769 4085/2146/1769
f 4603/2146/2091 3942/2146/2091 3605/2146/2091
f 3943/2146/1607 3620/2146/1607 4088/2146/1607
f 3899/2146/1607 3595/2146/1607 4089/2146/1607
f 3946/2146/1607 3604/2146/1607 4012/2146/1607
f 3947/2146/1607 3621/2146/1607 4092/2146/1607
f 3907/2146/1607 3603/2146/1607 4093/2146/1607
f 3950/2146/1607 3584/2146/1607 3992/2146/1607
f 3951/2146/1607 3622/2146/1607 4096/2146/1607
f 3906/2146/1607 3602/2146/1607 4097/2146/1607
f 4594/2146/1749 3954/2146/1749 3601/2146/1749
f 3955/2146/1607 3623/2146/1607 4100/2146/1607
f 3897/2146/1607 3593/2146/1607 4101/2146/1607
f 4591/2146/2092 3958/2146/2092 3600/2146/2092
f 3959/2146/1848 3624/2146/1848 4104/2146/1848
f 4589/2146/2093 3903/2146/2093 3599/2146/2093
f 4588/2146/2094 3962/2146/2094 3585/2146/2094
f 3963/2146/2095 3625/2146/2095 4108/2146/2095
f 3902/2146/2096 3598/2146/2096 4109/2146/2096
f 3966/2146/2097 3597/2146/2097 4005/2146/2097
f 3967/2146/2098 3626/2146/2098 4112/2146/2098
f 3885/2146/1607 3581/2146/1607 4113/2146/1607
f 4582/2146/2099 3970/2146/2099 3596/2146/2099
f 3971/2146/2100 3627/2146/2100 4116/2146/2100
f 4580/2146/2101 3887/2146/2101 3583/2146/2101
f 3974/2146/1607 3579/2146/1607 3883/2146/1607
f 4578/2146/2102 3975/2146/2102 3628/2146/2102
f 3886/2146/1607 3582/2146/1607 4121/2146/1607
f 3978/2146/1607 3575/2146/1607 3879/2146/1607
f 3979/2146/1607 3629/2146/1607 4124/2146/1607
f 3881/2146/1607 3577/2146/1607 4125/2146/1607
f 4126/2146/1607 3773/2146/1607 3981/2146/1607
f 4127/2146/1607 3774/2146/1607 4128/2146/1607
f 4025/2146/1607 3673/2146/1607 4129/2146/1607
f 4130/2146/1607 3772/2146/1607 3980/2146/1607
f 4569/2146/1607 4131/2146/1607 3775/2146/1607
f 4123/2146/1607 3771/2146/1607 4133/2146/1607
f 4134/2146/1607 3671/2146/1607 4023/2146/1607
f 4135/2146/1607 3776/2146/1607 4136/2146/1607
f 4122/2146/1607 3770/2146/1607 4137/2146/1607
f 4138/2146/1607 3769/2146/1607 3977/2146/1607
f 4139/2146/1607 3777/2146/1607 4140/2146/1607
f 4562/2146/2103 4030/2146/2103 3678/2146/2103
f 4561/2146/1972 4142/2146/1972 3768/2146/1972
f 4560/2146/1958 4143/2146/1958 3778/2146/1958
f 4559/2146/2093 4119/2146/2093 3767/2146/2093
f 4146/2146/1607 3675/2146/1607 4027/2146/1607
f 4147/2146/1607 3779/2146/1607 4148/2146/1607
f 4118/2146/1607 3766/2146/1607 4149/2146/1607
f 4555/2146/2104 4150/2146/2104 3765/2146/2104
f 4554/2146/2105 4151/2146/2105 3780/2146/2105
f 4031/2146/2106 3679/2146/2106 4153/2146/2106
f 4552/2146/2107 4154/2146/2107 3764/2146/2107
f 4551/2146/2108 4155/2146/2108 3781/2146/2108
f 4550/2146/2109 4115/2146/2109 3763/2146/2109
f 4549/2146/2110 4158/2146/2110 3652/2146/2110
f 4159/2146/1612 3782/2146/1612 4160/2146/1612
f 4114/2146/1612 3762/2146/1612 4161/2146/1612
f 4162/2146/1607 3761/2146/1607 3969/2146/1607
f 4163/2146/2111 3783/2146/2111 4164/2146/2111
f 4029/2146/1607 3677/2146/1607 4165/2146/1607
f 4543/2146/2112 4166/2146/2112 3760/2146/2112
f 4167/2146/2113 3784/2146/2113 4168/2146/2113
f 4541/2146/2114 4111/2146/2114 3759/2146/2114
f 4170/2146/2115 3653/2146/2115 3861/2146/2115
f 4539/2146/2116 4171/2146/2116 3785/2146/2116
f 4538/2146/2117 4110/2146/2117 3758/2146/2117
f 4537/2146/2118 4174/2146/2118 3757/2146/2118
f 4536/2146/2119 4175/2146/2119 3786/2146/2119
f 4535/2146/2120 4046/2146/2120 3694/2146/2120
f 4534/2146/2121 4178/2146/2121 3756/2146/2121
f 4533/2146/2122 4179/2146/2122 3787/2146/2122
f 4107/2146/2123 3755/2146/2123 4181/2146/2123
f 4531/2146/2124 4182/2146/2124 3641/2146/2124
f 4530/2146/2125 4183/2146/2125 3788/2146/2125
f 4106/2146/2126 3754/2146/2126 4185/2146/2126
f 4528/2146/1998 4186/2146/1998 3753/2146/1998
f 4527/2146/1881 4187/2146/1881 3789/2146/1881
f 4526/2146/2102 4047/2146/2102 3695/2146/2102
f 4190/2146/2127 3752/2146/2127 3960/2146/2127
f 4191/2146/2001 3790/2146/2001 4192/2146/2001
f 4103/2146/2128 3751/2146/2128 4193/2146/2128
f 4194/2146/2129 3656/2146/2129 3864/2146/2129
f 4195/2146/2130 3791/2146/2130 4196/2146/2130
f 4102/2146/2131 3750/2146/2131 4197/2146/2131
f 4198/2146/1607 3749/2146/1607 3957/2146/1607
f 4199/2146/1607 3792/2146/1607 4200/2146/1607
f 4041/2146/1607 3689/2146/1607 4201/2146/1607
f 4202/2146/1607 3748/2146/1607 3956/2146/1607
f 4203/2146/1607 3793/2146/1607 4204/2146/1607
f 4099/2146/1607 3747/2146/1607 4205/2146/1607
f 4206/2146/2132 3657/2146/2132 3865/2146/2132
f 4207/2146/1607 3794/2146/1607 4208/2146/1607
f 4098/2146/1607 3746/2146/1607 4209/2146/1607
f 4210/2146/1607 3745/2146/1607 3953/2146/1607
f 4211/2146/1607 3795/2146/1607 4212/2146/1607
f 4050/2146/1607 3698/2146/1607 4213/2146/1607
f 4214/2146/1607 3744/2146/1607 3952/2146/1607
f 4215/2146/1607 3796/2146/1607 4216/2146/1607
f 4095/2146/1607 3743/2146/1607 4217/2146/1607
f 4218/2146/1607 3640/2146/1607 3848/2146/1607
f 4219/2146/1607 3797/2146/1607 4220/2146/1607
f 4094/2146/1607 3742/2146/1607 4221/2146/1607
f 4222/2146/1607 3741/2146/1607 3949/2146/1607
f 4223/2146/1607 3798/2146/1607 4224/2146/1607
f 4051/2146/1607 3699/2146/1607 4225/2146/1607
f 4226/2146/1607 3740/2146/1607 3948/2146/1607
f 4227/2146/1607 3799/2146/1607 4228/2146/1607
f 4091/2146/1607 3739/2146/1607 4229/2146/1607
f 4230/2146/1607 3660/2146/1607 3868/2146/1607
f 4231/2146/1607 3800/2146/1607 4232/2146/1607
f 4090/2146/1607 3738/2146/1607 4233/2146/1607
f 4234/2146/1607 3737/2146/1607 3945/2146/1607
f 4235/2146/1607 3801/2146/1607 4236/2146/1607
f 4043/2146/1607 3691/2146/1607 4237/2146/1607
f 4238/2146/1607 3736/2146/1607 3944/2146/1607
f 4239/2146/1607 3802/2146/1607 4240/2146/1607
f 4087/2146/1607 3735/2146/1607 4241/2146/1607
f 4242/2146/1607 3661/2146/1607 3869/2146/1607
f 4243/2146/1607 3803/2146/1607 4244/2146/1607
f 4086/2146/1607 3734/2146/1607 4245/2146/1607
f 4246/2146/1971 3733/2146/1971 3941/2146/1971
f 4247/2146/2009 3804/2146/2009 4248/2146/2009
f 4054/2146/2133 3702/2146/2133 4249/2146/2133
f 4250/2146/1607 3732/2146/1607 3940/2146/1607
f 4251/2146/1607 3805/2146/1607 4252/2146/1607
f 4083/2146/1607 3731/2146/1607 4253/2146/1607
f 4254/2146/1607 3687/2146/1607 4039/2146/1607
f 4255/2146/1607 3806/2146/1607 4256/2146/1607
f 4082/2146/1607 3730/2146/1607 4257/2146/1607
f 4258/2146/2127 3729/2146/2127 3937/2146/2127
f 4259/2146/2001 3807/2146/2001 4260/2146/2001
f 4055/2146/2128 3703/2146/2128 4261/2146/2128
f 4262/2146/1607 3728/2146/1607 3936/2146/1607
f 4263/2146/1607 3808/2146/1607 4264/2146/1607
f 4079/2146/1607 3727/2146/1607 4265/2146/1607
f 4266/2146/1607 3664/2146/1607 3872/2146/1607
f 4267/2146/1607 3809/2146/1607 4268/2146/1607
f 4078/2146/1607 3726/2146/1607 4269/2146/1607
f 4465/2146/2134 4270/2146/2134 3725/2146/2134
f 4464/2146/2135 4271/2146/2135 3810/2146/2135
f 4042/2146/2136 3690/2146/2136 4273/2146/2136
f 4462/2146/2137 4274/2146/2137 3724/2146/2137
f 4461/2146/2138 4275/2146/2138 3811/2146/2138
f 4075/2146/2139 3723/2146/2139 4277/2146/2139
f 4459/2146/2018 4278/2146/2018 3665/2146/2018
f 4458/2146/2140 4279/2146/2140 3812/2146/2140
f 4457/2146/2141 4074/2146/2141 3722/2146/2141
f 4456/2146/2142 4282/2146/2142 3721/2146/2142
f 4455/2146/2143 4283/2146/2143 3813/2146/2143
f 4454/2146/2144 4058/2146/2144 3706/2146/2144
f 4286/2146/1607 3720/2146/1607 3928/2146/1607
f 4452/2146/2145 4287/2146/2145 3814/2146/2145
f 4071/2146/2146 3719/2146/2146 4289/2146/2146
f 4290/2146/1607 3683/2146/1607 4035/2146/1607
f 4291/2146/1607 3815/2146/1607 4292/2146/1607
f 4070/2146/1607 3718/2146/1607 4293/2146/1607
f 4294/2146/2147 3717/2146/2147 3925/2146/2147
f 4446/2146/2148 4295/2146/2148 3816/2146/2148
f 4445/2146/2149 4059/2146/2149 3707/2146/2149
f 4298/2146/2150 3716/2146/2150 3924/2146/2150
f 4443/2146/2151 4299/2146/2151 3817/2146/2151
f 4442/2146/2152 4067/2146/2152 3715/2146/2152
f 4302/2146/2153 3668/2146/2153 3876/2146/2153
f 4303/2146/2154 3818/2146/2154 4304/2146/2154
f 4439/2146/2155 4066/2146/2155 3714/2146/2155
f 4306/2146/1607 3713/2146/1607 3921/2146/1607
f 4307/2146/1607 3819/2146/1607 4308/2146/1607
f 4037/2146/1607 3685/2146/1607 4309/2146/1607
f 4310/2146/2156 3712/2146/2156 3920/2146/2156
f 4311/2146/2157 3820/2146/2157 4312/2146/2157
f 4063/2146/1607 3711/2146/1607 4313/2146/1607
f 4314/2146/1607 3669/2146/1607 3877/2146/1607
f 4315/2146/2158 3821/2146/2158 4316/2146/2158
f 4062/2146/1607 3710/2146/1607 4317/2146/1607
f 4318/2146/1607 3709/2146/1607 3917/2146/1607
f 4319/2146/1607 3822/2146/1607 4320/2146/1607
f 3997/2146/1607 3645/2146/1607 4321/2146/1607
f 4426/2146/2159 4322/2146/2159 3708/2146/2159
f 4425/2146/2160 4323/2146/2160 3823/2146/2160
f 4019/2146/2161 3667/2146/2161 4325/2146/2161
f 4326/2146/1607 3643/2146/1607 3995/2146/1607
f 4327/2146/1607 3824/2146/1607 4328/2146/1607
f 4018/2146/1607 3666/2146/1607 4329/2146/1607
f 4330/2146/2162 3705/2146/2162 3913/2146/2162
f 4419/2146/2163 4331/2146/2163 3825/2146/2163
f 4418/2146/2164 4002/2146/2164 3650/2146/2164
f 4334/2146/1612 3704/2146/1612 3912/2146/1612
f 4335/2146/1612 3826/2146/1612 4336/2146/1612
f 4015/2146/1612 3663/2146/1612 4337/2146/1612
f 4338/2146/1607 3647/2146/1607 3999/2146/1607
f 4339/2146/1607 3827/2146/1607 4340/2146/1607
f 4014/2146/1607 3662/2146/1607 4341/2146/1607
f 4342/2146/2165 3701/2146/2165 3909/2146/2165
f 4410/2146/1750 4343/2146/1750 3828/2146/1750
f 4003/2146/2166 3651/2146/2166 4345/2146/2166
f 4346/2146/1607 3700/2146/1607 3908/2146/1607
f 4347/2146/1607 3829/2146/1607 4348/2146/1607
f 4011/2146/1607 3659/2146/1607 4349/2146/1607
f 4350/2146/1607 3680/2146/1607 3888/2146/1607
f 4351/2146/1607 3830/2146/1607 4352/2146/1607
f 4010/2146/1607 3658/2146/1607 4353/2146/1607
f 4354/2146/2167 3697/2146/2167 3905/2146/2167
f 4355/2146/1607 3831/2146/1607 4356/2146/1607
f 4001/2146/1607 3649/2146/1607 4357/2146/1607
f 4358/2146/2168 3696/2146/2168 3904/2146/2168
f 4398/2146/1743 4359/2146/1743 3832/2146/1743
f 4397/2146/1744 4007/2146/1744 3655/2146/1744
f 4362/2146/2169 3681/2146/2169 3889/2146/2169
f 4395/2146/2170 4363/2146/2170 3833/2146/2170
f 4006/2146/2171 3654/2146/2171 4365/2146/2171
f 4366/2146/1607 3693/2146/1607 3901/2146/1607
f 4367/2146/1607 3834/2146/1607 4368/2146/1607
f 3989/2146/1607 3637/2146/1607 4369/2146/1607
f 4390/2146/2172 4370/2146/2172 3692/2146/2172
f 4371/2146/2173 3835/2146/2173 4372/2146/2173
f 4388/2146/2174 3991/2146/2174 3639/2146/2174
f 4374/2146/1607 3635/2146/1607 3987/2146/1607
f 4375/2146/1607 3836/2146/1607 4376/2146/1607
f 3990/2146/1607 3638/2146/1607 4377/2146/1607
f 4378/2146/1607 3631/2146/1607 3983/2146/1607
f 4379/2146/1607 3837/2146/1607 4380/2146/1607
f 3985/2146/1607 3633/2146/1607 4381/2146/1607
f 4382/2146/1607 4381/2146/1607 3837/2146/1607
f 4125/2146/1607 4382/2146/1607 4379/2146/1607
f 3577/2146/1607 3985/2146/1607 4382/2146/1607
f 4383/2146/1607 4380/2146/1607 3770/2146/1607
f 3981/2146/1607 4383/2146/1607 4122/2146/1607
f 3773/2146/1607 4379/2146/1607 4383/2146/1607
f 4384/2146/1607 3983/2146/1607 3575/2146/1607
f 4380/2146/1607 4384/2146/1607 3978/2146/1607
f 3837/2146/1607 4378/2146/1607 4384/2146/1607
f 4385/2146/1607 4377/2146/1607 3836/2146/1607
f 4121/2146/1607 4385/2146/1607 4375/2146/1607
f 3582/2146/1607 3990/2146/1607 4385/2146/1607
f 4386/2146/1607 4376/2146/1607 3766/2146/1607
f 3977/2146/1607 4386/2146/1607 4118/2146/1607
f 3769/2146/1607 4375/2146/1607 4386/2146/1607
f 4387/2146/1607 3987/2146/1607 3579/2146/1607
f 4376/2146/1607 4387/2146/1607 3974/2146/1607
f 3836/2146/1607 4374/2146/1607 4387/2146/1607
f 4388/2146/2175 4373/2146/2175 3835/2146/2175
f 4117/2146/2176 4388/2146/2176 4371/2146/2176
f 4117/2146/2177 3583/2146/2177 3991/2146/2177
f 4114/2146/2178 4389/2146/2178 4372/2146/2178
f 3627/2146/2179 3973/2146/2179 4389/2146/2179
f 3765/2146/2180 4371/2146/2180 4389/2146/2180
f 3970/2146/2181 4390/2146/2181 3900/2146/2181
f 3762/2146/2182 4372/2146/2182 4390/2146/2182
f 4372/2146/2183 3835/2146/2183 4370/2146/2183
f 4391/2146/1607 4369/2146/1607 3834/2146/1607
f 4113/2146/1607 4391/2146/1607 4367/2146/1607
f 3581/2146/1607 3989/2146/1607 4391/2146/1607
f 4392/2146/2184 4368/2146/2184 3758/2146/2184
f 3969/2146/1607 4392/2146/1607 4110/2146/1607
f 3761/2146/1607 4367/2146/1607 4392/2146/1607
f 4393/2146/1607 3901/2146/1607 3597/2146/1607
f 4368/2146/2185 4393/2146/2185 3966/2146/2185
f 3834/2146/1607 4366/2146/1607 4393/2146/1607
f 4363/2146/2186 4394/2146/2186 4365/2146/2186
f 3757/2146/2187 4109/2146/2187 4394/2146/2187
f 4109/2146/2188 3598/2146/2188 4006/2146/2188
f 4106/2146/2189 4395/2146/2189 4364/2146/2189
f 3625/2146/2190 3965/2146/2190 4395/2146/2190
f 3965/2146/1607 3757/2146/1607 4363/2146/1607
f 4396/2146/2191 3889/2146/2191 3585/2146/2191
f 3754/2146/2192 4364/2146/2192 4396/2146/2192
f 4364/2146/2193 3833/2146/2193 4362/2146/2193
f 4359/2146/1744 4397/2146/1744 4361/2146/1744
f 3753/2146/1744 4105/2146/1744 4397/2146/1744
f 4105/2146/1744 3599/2146/1744 4007/2146/1744
f 4102/2146/1743 4398/2146/1743 4360/2146/1743
f 3624/2146/1743 3961/2146/1743 4398/2146/1743
f 3961/2146/1743 3753/2146/1743 4359/2146/1743
f 3958/2146/2194 4399/2146/2194 3904/2146/2194
f 3750/2146/1714 4360/2146/1714 4399/2146/1714
f 4360/2146/1714 3832/2146/1714 4358/2146/1714
f 4400/2146/1607 4357/2146/1607 3831/2146/1607
f 4101/2146/1607 4400/2146/1607 4355/2146/1607
f 3593/2146/1607 4001/2146/1607 4400/2146/1607
f 4401/2146/1607 4356/2146/1607 3746/2146/1607
f 3957/2146/1607 4401/2146/1607 4098/2146/1607
f 3749/2146/1607 4355/2146/1607 4401/2146/1607
f 4402/2146/2195 3905/2146/2195 3601/2146/2195
f 4356/2146/1607 4402/2146/1607 3954/2146/1607
f 3831/2146/1607 4354/2146/1607 4402/2146/1607
f 4403/2146/1607 4353/2146/1607 3830/2146/1607
f 4097/2146/1607 4403/2146/1607 4351/2146/1607
f 3602/2146/1607 4010/2146/1607 4403/2146/1607
f 4404/2146/1607 4352/2146/1607 3742/2146/1607
f 3953/2146/1607 4404/2146/1607 4094/2146/1607
f 3745/2146/1607 4351/2146/1607 4404/2146/1607
f 4405/2146/1607 3888/2146/1607 3584/2146/1607
f 4352/2146/1607 4405/2146/1607 3950/2146/1607
f 3830/2146/1607 4350/2146/1607 4405/2146/1607
f 4406/2146/1607 4349/2146/1607 3829/2146/1607
f 4093/2146/1607 4406/2146/1607 4347/2146/1607
f 3603/2146/1607 4011/2146/1607 4406/2146/1607
f 4407/2146/1607 4348/2146/1607 3738/2146/1607
f 3949/2146/1607 4407/2146/1607 4090/2146/1607
f 3741/2146/1607 4347/2146/1607 4407/2146/1607
f 4408/2146/1607 3908/2146/1607 3604/2146/1607
f 4348/2146/1607 4408/2146/1607 3946/2146/1607
f 3829/2146/1607 4346/2146/1607 4408/2146/1607
f 4409/2146/2196 4345/2146/2196 3828/2146/2196
f 4089/2146/1669 4409/2146/1669 4343/2146/1669
f 3595/2146/2197 4003/2146/2197 4409/2146/2197
f 4086/2146/2198 4410/2146/2198 4344/2146/2198
f 3945/2146/1668 4410/2146/1668 4086/2146/1668
f 3737/2146/1862 4343/2146/1862 4410/2146/1862
f 4411/2146/2199 3909/2146/2199 3605/2146/2199
f 3734/2146/2200 4344/2146/2200 4411/2146/2200
f 3828/2146/2201 4342/2146/2201 4411/2146/2201
f 4412/2146/1607 4341/2146/1607 3827/2146/1607
f 4085/2146/1607 4412/2146/1607 4339/2146/1607
f 3606/2146/1607 4014/2146/1607 4412/2146/1607
f 4413/2146/1607 4340/2146/1607 3730/2146/1607
f 3941/2146/1607 4413/2146/1607 4082/2146/1607
f 3733/2146/1607 4339/2146/1607 4413/2146/1607
f 4414/2146/1607 3999/2146/1607 3591/2146/1607
f 4340/2146/1607 4414/2146/1607 3938/2146/1607
f 3827/2146/1607 4338/2146/1607 4414/2146/1607
f 4415/2146/1612 4337/2146/1612 3826/2146/1612
f 4081/2146/1612 4415/2146/1612 4335/2146/1612
f 3607/2146/1612 4015/2146/1612 4415/2146/1612
f 4416/2146/1612 4336/2146/1612 3726/2146/1612
f 3937/2146/1612 4416/2146/1612 4078/2146/1612
f 3729/2146/1612 4335/2146/1612 4416/2146/1612
f 4417/2146/1612 3912/2146/1612 3608/2146/1612
f 4336/2146/1612 4417/2146/1612 3934/2146/1612
f 3826/2146/1612 4334/2146/1612 4417/2146/1612
f 4331/2146/2202 4418/2146/2202 4333/2146/2202
f 3725/2146/2203 4077/2146/2203 4418/2146/2203
f 4077/2146/2204 3594/2146/2204 4002/2146/2204
f 4074/2146/2205 4419/2146/2205 4332/2146/2205
f 3933/2146/2206 4419/2146/2206 4074/2146/2206
f 3933/2146/2207 3725/2146/2207 4331/2146/2207
f 3930/2146/2208 4420/2146/2208 3913/2146/2208
f 3722/2146/2209 4332/2146/2209 4420/2146/2209
f 3825/2146/2210 4330/2146/2210 4420/2146/2210
f 4421/2146/1607 4329/2146/1607 3824/2146/1607
f 4073/2146/2211 4421/2146/2211 4327/2146/2211
f 3610/2146/1636 4018/2146/1636 4421/2146/1636
f 4422/2146/1607 4328/2146/1607 3718/2146/1607
f 3616/2146/2212 3929/2146/2212 4422/2146/2212
f 3929/2146/2213 3721/2146/2213 4327/2146/2213
f 4423/2146/1607 3995/2146/1607 3587/2146/1607
f 4328/2146/1607 4423/2146/1607 3926/2146/1607
f 3824/2146/1607 4326/2146/1607 4423/2146/1607
f 4424/2146/2214 4325/2146/2214 3823/2146/2214
f 4069/2146/2215 4424/2146/2215 4323/2146/2215
f 3611/2146/2216 4019/2146/2216 4424/2146/2216
f 4066/2146/2217 4425/2146/2217 4324/2146/2217
f 3615/2146/2218 3925/2146/2218 4425/2146/2218
f 3925/2146/2219 3717/2146/2219 4323/2146/2219
f 3922/2146/2220 4426/2146/2220 3916/2146/2220
f 3714/2146/2221 4324/2146/2221 4426/2146/2221
f 4324/2146/2222 3823/2146/2222 4322/2146/2222
f 4427/2146/1607 4321/2146/1607 3822/2146/1607
f 4065/2146/1607 4427/2146/1607 4319/2146/1607
f 3589/2146/1607 3997/2146/1607 4427/2146/1607
f 4428/2146/1607 4320/2146/1607 3710/2146/1607
f 3921/2146/1607 4428/2146/1607 4062/2146/1607
f 3713/2146/1607 4319/2146/1607 4428/2146/1607
f 4429/2146/1607 3917/2146/1607 3613/2146/1607
f 4320/2146/1607 4429/2146/1607 3918/2146/1607
f 3822/2146/1607 4318/2146/1607 4429/2146/1607
f 4430/2146/1607 4317/2146/1607 3821/2146/1607
f 4064/2146/1607 4430/2146/1607 4315/2146/1607
f 3614/2146/1607 4062/2146/1607 4430/2146/1607
f 4431/2146/2223 4316/2146/2223 3667/2146/2223
f 3920/2146/2224 4431/2146/2224 4019/2146/2224
f 3712/2146/2225 4315/2146/2225 4431/2146/2225
f 4432/2146/1607 3877/2146/1607 3573/2146/1607
f 4316/2146/2226 4432/2146/2226 3875/2146/2226
f 3821/2146/1607 4314/2146/1607 4432/2146/1607
f 4433/2146/2227 4313/2146/2227 3820/2146/2227
f 4005/2146/2228 4433/2146/2228 4311/2146/2228
f 3597/2146/2229 4063/2146/2229 4433/2146/2229
f 4059/2146/2230 4434/2146/2230 4312/2146/2230
f 3569/2146/2231 3861/2146/2231 4434/2146/2231
f 3653/2146/2232 4311/2146/2232 4434/2146/2232
f 3915/2146/2233 4435/2146/2233 3920/2146/2233
f 3707/2146/2234 4312/2146/2234 4435/2146/2234
f 3820/2146/2235 4310/2146/2235 4435/2146/2235
f 4436/2146/1607 4309/2146/1607 3819/2146/1607
f 4045/2146/1607 4436/2146/1607 4307/2146/1607
f 3556/2146/1607 4037/2146/1607 4436/2146/1607
f 4437/2146/1607 4308/2146/1607 3711/2146/1607
f 3901/2146/1607 4437/2146/1607 4063/2146/1607
f 3693/2146/1607 4307/2146/1607 4437/2146/1607
f 4438/2146/1607 3921/2146/1607 3614/2146/1607
f 4308/2146/1607 4438/2146/1607 3919/2146/1607
f 3819/2146/1607 4306/2146/1607 4438/2146/1607
f 4439/2146/2236 4305/2146/2236 3818/2146/2236
f 4068/2146/2237 4439/2146/2237 4303/2146/2237
f 4068/2146/2238 3615/2146/2238 4066/2146/2238
f 4440/2146/2239 4304/2146/2239 3650/2146/2239
f 3924/2146/2240 4440/2146/2240 4002/2146/2240
f 3716/2146/2241 4303/2146/2241 4440/2146/2241
f 4441/2146/2242 3876/2146/2242 3566/2146/2242
f 4304/2146/2243 4441/2146/2243 3858/2146/2243
f 3818/2146/2244 4302/2146/2244 4441/2146/2244
f 4299/2146/2245 4442/2146/2245 4301/2146/2245
f 3641/2146/2246 3993/2146/2246 4442/2146/2246
f 3993/2146/2247 3585/2146/2247 4067/2146/2247
f 4042/2146/2248 4443/2146/2248 4300/2146/2248
f 3557/2146/2249 3849/2146/2249 4443/2146/2249
f 3849/2146/2250 3641/2146/2250 4299/2146/2250
f 4444/2146/2251 3924/2146/2251 3594/2146/2251
f 3690/2146/2252 4300/2146/2252 4444/2146/2252
f 4300/2146/2253 3817/2146/2253 4298/2146/2253
f 4295/2146/2254 4445/2146/2254 4297/2146/2254
f 4033/2146/2255 4445/2146/2255 4295/2146/2255
f 4033/2146/2256 3569/2146/2256 4059/2146/2256
f 4446/2146/2257 4296/2146/2257 3715/2146/2257
f 3889/2146/2258 4446/2146/2258 4067/2146/2258
f 3681/2146/2259 4295/2146/2259 4446/2146/2259
f 4447/2146/2260 3925/2146/2260 3615/2146/2260
f 4296/2146/2261 4447/2146/2261 3923/2146/2261
f 3816/2146/2262 4294/2146/2262 4447/2146/2262
f 4448/2146/1607 4293/2146/1607 3815/2146/1607
f 4072/2146/1607 4448/2146/1607 4291/2146/1607
f 3616/2146/1607 4070/2146/1607 4448/2146/1607
f 4449/2146/1607 4292/2146/1607 3638/2146/1607
f 3928/2146/1607 4449/2146/1607 3990/2146/1607
f 3720/2146/1607 4291/2146/1607 4449/2146/1607
f 4450/2146/1607 4035/2146/1607 3554/2146/1607
f 4292/2146/1607 4450/2146/1607 3846/2146/1607
f 3815/2146/1607 4290/2146/1607 4450/2146/1607
f 4451/2146/2263 4289/2146/2263 3814/2146/2263
f 3668/2146/2264 4020/2146/2264 4451/2146/2264
f 3612/2146/2265 4071/2146/2265 4451/2146/2265
f 4030/2146/2266 4452/2146/2266 4288/2146/2266
f 3566/2146/2267 3876/2146/2267 4452/2146/2267
f 3668/2146/2268 4287/2146/2268 4452/2146/2268
f 4453/2146/1607 3928/2146/1607 3582/2146/1607
f 3678/2146/2269 4288/2146/2269 4453/2146/2269
f 4288/2146/2270 3814/2146/2270 4286/2146/2270
f 4454/2146/2271 4285/2146/2271 3813/2146/2271
f 3708/2146/2272 4060/2146/2272 4454/2146/2272
f 4060/2146/2273 3573/2146/2273 4058/2146/2273
f 4455/2146/2274 4284/2146/2274 3719/2146/2274
f 3916/2146/2275 4455/2146/2275 4071/2146/2275
f 3708/2146/2276 4283/2146/2276 4455/2146/2276
f 3927/2146/2277 4456/2146/2277 3929/2146/2277
f 3719/2146/2278 4284/2146/2278 4456/2146/2278
f 3813/2146/2279 4282/2146/2279 4456/2146/2279
f 4279/2146/2280 4457/2146/2280 4281/2146/2280
f 3724/2146/2281 4076/2146/2281 4457/2146/2281
f 4076/2146/2282 3617/2146/2282 4074/2146/2282
f 4015/2146/1841 4458/2146/1841 4280/2146/1841
f 3607/2146/2283 3932/2146/2283 4458/2146/2283
f 3932/2146/2284 3724/2146/2284 4279/2146/2284
f 3871/2146/1843 4459/2146/1843 3873/2146/1843
f 3663/2146/1683 4280/2146/1683 4459/2146/1683
f 4280/2146/2285 3812/2146/2285 4278/2146/2285
f 4275/2146/2286 4460/2146/2286 4277/2146/2286
f 3652/2146/2287 4004/2146/2287 4460/2146/2287
f 3596/2146/2288 4075/2146/2288 4460/2146/2288
f 4461/2146/2289 4276/2146/2289 3703/2146/2289
f 3860/2146/2290 4461/2146/2290 4055/2146/2290
f 3860/2146/2291 3652/2146/2291 4275/2146/2291
f 3911/2146/1852 4462/2146/1852 3932/2146/1852
f 4276/2146/1852 4462/2146/1852 3911/2146/1852
f 4276/2146/2292 3811/2146/2292 4274/2146/2292
f 4463/2146/2293 4273/2146/2293 3810/2146/2293
f 3692/2146/2294 4044/2146/2294 4463/2146/2294
f 4044/2146/2295 3557/2146/2295 4042/2146/2295
f 4464/2146/2296 4272/2146/2296 3723/2146/2296
f 3900/2146/2297 4464/2146/2297 4075/2146/2297
f 3900/2146/2298 3692/2146/2298 4271/2146/2298
f 3931/2146/2299 4465/2146/2299 3933/2146/2299
f 3723/2146/2300 4272/2146/2300 4465/2146/2300
f 3810/2146/2301 4270/2146/2301 4465/2146/2301
f 4466/2146/1607 4269/2146/1607 3809/2146/1607
f 4080/2146/1607 4466/2146/1607 4267/2146/1607
f 3618/2146/1607 4078/2146/1607 4466/2146/1607
f 4467/2146/1607 4268/2146/1607 3642/2146/1607
f 3936/2146/1607 4467/2146/1607 3994/2146/1607
f 3728/2146/1607 4267/2146/1607 4467/2146/1607
f 4468/2146/1607 3872/2146/1607 3558/2146/1607
f 4268/2146/1607 4468/2146/1607 3850/2146/1607
f 3809/2146/1607 4266/2146/1607 4468/2146/1607
f 4469/2146/1607 4265/2146/1607 3808/2146/1607
f 3992/2146/1607 4469/2146/1607 4263/2146/1607
f 3584/2146/1607 4079/2146/1607 4469/2146/1607
f 4470/2146/1607 4264/2146/1607 3682/2146/1607
f 3848/2146/1607 4470/2146/1607 4034/2146/1607
f 3640/2146/1607 4263/2146/1607 4470/2146/1607
f 4471/2146/1607 3936/2146/1607 3586/2146/1607
f 4264/2146/1607 4471/2146/1607 3890/2146/1607
f 3808/2146/1607 4262/2146/1607 4471/2146/1607
f 4472/2146/2002 4261/2146/2002 3807/2146/2002
f 4032/2146/1669 4472/2146/1669 4259/2146/1669
f 3568/2146/2197 4055/2146/2197 4472/2146/2197
f 4473/2146/1865 4260/2146/1865 3727/2146/1865
f 3888/2146/1668 4473/2146/1668 4079/2146/1668
f 3680/2146/1862 4259/2146/1862 4473/2146/1862
f 4474/2146/2302 3937/2146/2302 3618/2146/2302
f 4260/2146/1667 4474/2146/1667 3935/2146/1667
f 3807/2146/2000 4258/2146/2000 4474/2146/2000
f 4475/2146/1607 4257/2146/1607 3806/2146/1607
f 4084/2146/1607 4475/2146/1607 4255/2146/1607
f 3619/2146/1607 4082/2146/1607 4475/2146/1607
f 4476/2146/1607 4256/2146/1607 3630/2146/1607
f 3940/2146/1607 4476/2146/1607 3982/2146/1607
f 3732/2146/1607 4255/2146/1607 4476/2146/1607
f 4477/2146/1607 4039/2146/1607 1835/2146/1607
f 4256/2146/1607 4477/2146/1607 3838/2146/1607
f 3806/2146/1607 4254/2146/1607 4477/2146/1607
f 4478/2146/1607 4253/2146/1607 3805/2146/1607
f 4016/2146/1607 4478/2146/1607 4251/2146/1607
f 3608/2146/1607 4083/2146/1607 4478/2146/1607
f 4479/2146/1607 4252/2146/1607 3670/2146/1607
f 3872/2146/1607 4479/2146/1607 4022/2146/1607
f 3664/2146/1607 4251/2146/1607 4479/2146/1607
f 4480/2146/1607 3940/2146/1607 3574/2146/1607
f 4252/2146/1607 4480/2146/1607 3878/2146/1607
f 3805/2146/1607 4250/2146/1607 4480/2146/1607
f 4481/2146/2010 4249/2146/2010 3804/2146/2010
f 4056/2146/1675 4481/2146/1675 4247/2146/1675
f 3572/2146/2303 4054/2146/2303 4481/2146/2303
f 4482/2146/1870 4248/2146/1870 3731/2146/1870
f 3912/2146/1674 4482/2146/1674 4083/2146/1674
f 3704/2146/1866 4247/2146/1866 4482/2146/1866
f 4483/2146/1636 3941/2146/1636 3619/2146/1636
f 4248/2146/1673 4483/2146/1673 3939/2146/1673
f 3804/2146/2008 4246/2146/2008 4483/2146/2008
f 4484/2146/1607 4245/2146/1607 3803/2146/1607
f 4088/2146/1607 4484/2146/1607 4243/2146/1607
f 3620/2146/1607 4086/2146/1607 4484/2146/1607
f 4485/2146/1607 4244/2146/1607 3659/2146/1607
f 3944/2146/1607 4485/2146/1607 4011/2146/1607
f 3736/2146/1607 4243/2146/1607 4485/2146/1607
f 4486/2146/1607 3869/2146/1607 3571/2146/1607
f 4244/2146/1607 4486/2146/1607 3867/2146/1607
f 3803/2146/1607 4242/2146/1607 4486/2146/1607
f 4487/2146/1607 4241/2146/1607 3802/2146/1607
f 3996/2146/1607 4487/2146/1607 4239/2146/1607
f 3588/2146/1607 4087/2146/1607 4487/2146/1607
f 4488/2146/1607 4240/2146/1607 3699/2146/1607
f 3852/2146/1607 4488/2146/1607 4051/2146/1607
f 3644/2146/1607 4239/2146/1607 4488/2146/1607
f 4489/2146/1607 3944/2146/1607 3603/2146/1607
f 4240/2146/1607 4489/2146/1607 3907/2146/1607
f 3802/2146/1607 4238/2146/1607 4489/2146/1607
f 4490/2146/1607 4237/2146/1607 3801/2146/1607
f 4036/2146/1607 4490/2146/1607 4235/2146/1607
f 3555/2146/1607 4043/2146/1607 4490/2146/1607
f 4491/2146/1607 4236/2146/1607 3735/2146/1607
f 3892/2146/1607 4491/2146/1607 4087/2146/1607
f 3684/2146/1607 4235/2146/1607 4491/2146/1607
f 4492/2146/1607 3945/2146/1607 3620/2146/1607
f 4236/2146/1607 4492/2146/1607 3943/2146/1607
f 3801/2146/1607 4234/2146/1607 4492/2146/1607
f 4493/2146/1607 4233/2146/1607 3800/2146/1607
f 4092/2146/1607 4493/2146/1607 4231/2146/1607
f 3621/2146/1607 4090/2146/1607 4493/2146/1607
f 4494/2146/1607 4232/2146/1607 3646/2146/1607
f 3948/2146/1607 4494/2146/1607 3998/2146/1607
f 3740/2146/1607 4231/2146/1607 4494/2146/1607
f 4495/2146/1607 3868/2146/1607 3562/2146/1607
f 4232/2146/1607 4495/2146/1607 3854/2146/1607
f 3800/2146/1607 4230/2146/1607 4495/2146/1607
f 4496/2146/1607 4229/2146/1607 3799/2146/1607
f 3984/2146/1607 4496/2146/1607 4227/2146/1607
f 3576/2146/1607 4091/2146/1607 4496/2146/1607
f 4497/2146/1607 4228/2146/1607 3686/2146/1607
f 3840/2146/1607 4497/2146/1607 4038/2146/1607
f 3632/2146/1607 4227/2146/1607 4497/2146/1607
f 4498/2146/1607 3948/2146/1607 3590/2146/1607
f 4228/2146/1607 4498/2146/1607 3894/2146/1607
f 3799/2146/1607 4226/2146/1607 4498/2146/1607
f 4499/2146/1607 4225/2146/1607 3798/2146/1607
f 4024/2146/1607 4499/2146/1607 4223/2146/1607
f 3560/2146/1607 4051/2146/1607 4499/2146/1607
f 4500/2146/1607 4224/2146/1607 3739/2146/1607
f 3880/2146/1607 4500/2146/1607 4091/2146/1607
f 3672/2146/1607 4223/2146/1607 4500/2146/1607
f 4501/2146/1607 3949/2146/1607 3621/2146/1607
f 4224/2146/1607 4501/2146/1607 3947/2146/1607
f 3798/2146/1607 4222/2146/1607 4501/2146/1607
f 4502/2146/1607 4221/2146/1607 3797/2146/1607
f 4096/2146/1607 4502/2146/1607 4219/2146/1607
f 3622/2146/1607 4094/2146/1607 4502/2146/1607
f 4503/2146/1607 4220/2146/1607 3634/2146/1607
f 3952/2146/1607 4503/2146/1607 3986/2146/1607
f 3744/2146/1607 4219/2146/1607 4503/2146/1607
f 4504/2146/1607 3848/2146/1607 3553/2146/1607
f 4220/2146/1607 4504/2146/1607 3842/2146/1607
f 3797/2146/1607 4218/2146/1607 4504/2146/1607
f 4505/2146/1607 4217/2146/1607 3796/2146/1607
f 4012/2146/1607 4505/2146/1607 4215/2146/1607
f 3604/2146/1607 4095/2146/1607 4505/2146/1607
f 4506/2146/1607 4216/2146/1607 3674/2146/1607
f 3868/2146/1607 4506/2146/1607 4026/2146/1607
f 3660/2146/1607 4215/2146/1607 4506/2146/1607
f 4507/2146/1607 3952/2146/1607 3578/2146/1607
f 4216/2146/1607 4507/2146/1607 3882/2146/1607
f 3796/2146/1607 4214/2146/1607 4507/2146/1607
f 4508/2146/1607 4213/2146/1607 3795/2146/1607
f 4052/2146/1607 4508/2146/1607 4211/2146/1607
f 3571/2146/1607 4050/2146/1607 4508/2146/1607
f 4509/2146/1607 4212/2146/1607 3743/2146/1607
f 3908/2146/1607 4509/2146/1607 4095/2146/1607
f 3700/2146/1607 4211/2146/1607 4509/2146/1607
f 4510/2146/1607 3953/2146/1607 3622/2146/1607
f 4212/2146/1607 4510/2146/1607 3951/2146/1607
f 3795/2146/1607 4210/2146/1607 4510/2146/1607
f 4511/2146/1607 4209/2146/1607 3794/2146/1607
f 4100/2146/1607 4511/2146/1607 4207/2146/1607
f 3623/2146/1607 4098/2146/1607 4511/2146/1607
f 4512/2146/1607 4208/2146/1607 3655/2146/1607
f 3956/2146/1607 4512/2146/1607 4007/2146/1607
f 3748/2146/1607 4207/2146/1607 4512/2146/1607
f 3863/2146/1672 4513/2146/1672 3865/2146/1672
f 4208/2146/1607 4513/2146/1607 3863/2146/1607
f 3794/2146/1607 4206/2146/1607 4513/2146/1607
f 4514/2146/1607 4205/2146/1607 3793/2146/1607
f 4000/2146/1607 4514/2146/1607 4203/2146/1607
f 3592/2146/1607 4099/2146/1607 4514/2146/1607
f 4515/2146/1607 4204/2146/1607 3695/2146/1607
f 3856/2146/1607 4515/2146/1607 4047/2146/1607
f 3648/2146/1607 4203/2146/1607 4515/2146/1607
f 4516/2146/1607 3956/2146/1607 3599/2146/1607
f 4204/2146/1607 4516/2146/1607 3903/2146/1607
f 3793/2146/1607 4202/2146/1607 4516/2146/1607
f 4517/2146/1607 4201/2146/1607 3792/2146/1607
f 4040/2146/1607 4517/2146/1607 4199/2146/1607
f 1840/2146/1607 4041/2146/1607 4517/2146/1607
f 4518/2146/1607 4200/2146/1607 3747/2146/1607
f 3896/2146/1607 4518/2146/1607 4099/2146/1607
f 3688/2146/1607 4199/2146/1607 4518/2146/1607
f 4519/2146/1607 3957/2146/1607 3623/2146/1607
f 4200/2146/1607 4519/2146/1607 3955/2146/1607
f 3792/2146/1607 4198/2146/1607 4519/2146/1607
f 4520/2146/2304 4197/2146/2304 3791/2146/2304
f 4104/2146/1671 4520/2146/1671 4195/2146/1671
f 3624/2146/2305 4102/2146/2305 4520/2146/2305
f 4521/2146/2306 4196/2146/2306 3651/2146/2306
f 3960/2146/1622 4521/2146/1622 4003/2146/1622
f 3752/2146/1872 4195/2146/1872 4521/2146/1872
f 3859/2146/2307 4522/2146/2307 3864/2146/2307
f 4196/2146/2308 4522/2146/2308 3859/2146/2308
f 4196/2146/2004 3791/2146/2004 4194/2146/2004
f 4523/2146/2002 4193/2146/2002 3790/2146/2002
f 3988/2146/1669 4523/2146/1669 4191/2146/1669
f 3580/2146/2197 4103/2146/2197 4523/2146/2197
f 4524/2146/1865 4192/2146/1865 3691/2146/1865
f 3844/2146/1668 4524/2146/1668 4043/2146/1668
f 3636/2146/1862 4191/2146/1862 4524/2146/1862
f 4525/2146/2302 3960/2146/2302 3595/2146/2302
f 4192/2146/1667 4525/2146/1667 3899/2146/1667
f 3790/2146/2000 4190/2146/2000 4525/2146/2000
f 4187/2146/1882 4526/2146/1882 4189/2146/1882
f 3676/2146/1754 4028/2146/1754 4526/2146/1754
f 4028/2146/1607 3564/2146/1607 4047/2146/1607
f 4103/2146/1885 4527/2146/1885 4188/2146/1885
f 3580/2146/1752 3884/2146/1752 4527/2146/1752
f 3884/2146/1751 3676/2146/1751 4187/2146/1751
f 3959/2146/1888 4528/2146/1888 3961/2146/1888
f 3751/2146/1665 4188/2146/1665 4528/2146/1665
f 4188/2146/1880 3789/2146/1880 4186/2146/1880
f 4529/2146/2309 4185/2146/2309 3788/2146/2309
f 3756/2146/1891 4108/2146/1891 4529/2146/1891
f 3625/2146/2310 4106/2146/2310 4529/2146/2310
f 3991/2146/2311 4530/2146/2311 4184/2146/2311
f 3583/2146/2312 3964/2146/2312 4530/2146/2312
f 3964/2146/2313 3756/2146/2313 4183/2146/2313
f 4531/2146/2314 3849/2146/2314 3557/2146/2314
f 4184/2146/2315 4531/2146/2315 3847/2146/2315
f 3788/2146/2316 4182/2146/2316 4531/2146/2316
f 4179/2146/2317 4532/2146/2317 4181/2146/2317
f 4008/2146/2318 4532/2146/2318 4179/2146/2318
f 4008/2146/2319 3600/2146/2319 4107/2146/2319
f 4031/2146/2320 4533/2146/2320 4180/2146/2320
f 3567/2146/2321 3864/2146/2321 4533/2146/2321
f 3656/2146/2322 4179/2146/2322 4533/2146/2322
f 3887/2146/2323 4534/2146/2323 3964/2146/2323
f 3679/2146/2324 4180/2146/2324 4534/2146/2324
f 4180/2146/2325 3787/2146/2325 4178/2146/2325
f 4535/2146/2326 4177/2146/2326 3786/2146/2326
f 4048/2146/2327 4535/2146/2327 4175/2146/2327
f 4048/2146/2328 3570/2146/2328 4046/2146/2328
f 4536/2146/2329 4176/2146/2329 3755/2146/2329
f 3600/2146/2330 3904/2146/2330 4536/2146/2330
f 3696/2146/2331 4175/2146/2331 4536/2146/2331
f 4537/2146/1655 3965/2146/1655 3625/2146/1655
f 4176/2146/2332 4537/2146/2332 3963/2146/2332
f 4176/2146/2333 3786/2146/2333 4174/2146/2333
f 4171/2146/2334 4538/2146/2334 4173/2146/2334
f 3760/2146/2335 4112/2146/2335 4538/2146/2335
f 4112/2146/2336 3626/2146/2336 4110/2146/2336
f 4539/2146/2337 4172/2146/2337 3654/2146/2337
f 3968/2146/2338 4539/2146/2338 4006/2146/2338
f 3968/2146/2339 3760/2146/2339 4171/2146/2339
f 3862/2146/2340 4540/2146/2340 3861/2146/2340
f 4172/2146/2341 4540/2146/2341 3862/2146/2341
f 4172/2146/2342 3785/2146/2342 4170/2146/2342
f 4167/2146/2343 4541/2146/2343 4169/2146/2343
f 4009/2146/2344 4541/2146/2344 4167/2146/2344
f 4009/2146/2345 3601/2146/2345 4111/2146/2345
f 4542/2146/2346 4168/2146/2346 3694/2146/2346
f 3570/2146/2347 3865/2146/2347 4542/2146/2347
f 3865/2146/2348 3657/2146/2348 4167/2146/2348
f 4543/2146/1649 3968/2146/1649 3598/2146/1649
f 4168/2146/2349 4543/2146/2349 3902/2146/2349
f 3784/2146/2350 4166/2146/2350 4543/2146/2350
f 4544/2146/1607 4165/2146/1607 3783/2146/1607
f 4049/2146/1607 4544/2146/1607 4163/2146/1607
f 3565/2146/1607 4029/2146/1607 4544/2146/1607
f 4545/2146/2351 4164/2146/2351 3759/2146/2351
f 3601/2146/2352 3905/2146/2352 4545/2146/2352
f 3697/2146/2353 4163/2146/2353 4545/2146/2353
f 4546/2146/2354 3969/2146/2354 3626/2146/2354
f 4164/2146/2355 4546/2146/2355 3967/2146/2355
f 3783/2146/2356 4162/2146/2356 4546/2146/2356
f 4547/2146/1612 4161/2146/1612 3782/2146/1612
f 3764/2146/2357 4116/2146/2357 4547/2146/2357
f 3627/2146/2358 4114/2146/2358 4547/2146/2358
f 4548/2146/1612 4160/2146/1612 3658/2146/1612
f 3972/2146/1612 4548/2146/1612 4010/2146/1612
f 3972/2146/2359 3764/2146/2359 4159/2146/2359
f 4549/2146/1612 3860/2146/1612 3568/2146/1612
f 4160/2146/1612 4549/2146/1612 3866/2146/1612
f 3782/2146/2360 4158/2146/2360 4549/2146/2360
f 4550/2146/2361 4157/2146/2361 3781/2146/2361
f 3661/2146/2362 4013/2146/2362 4550/2146/2362
f 4013/2146/2363 3605/2146/2363 4115/2146/2363
f 4551/2146/1865 4156/2146/1865 3698/2146/1865
f 3869/2146/1668 4551/2146/1668 4050/2146/1668
f 3869/2146/2364 3661/2146/2364 4155/2146/2364
f 4552/2146/2365 3972/2146/2365 3602/2146/2365
f 4156/2146/2366 4552/2146/2366 3906/2146/2366
f 4156/2146/2367 3781/2146/2367 4154/2146/2367
f 4553/2146/2368 4153/2146/2368 3780/2146/2368
f 4053/2146/2369 4553/2146/2369 4151/2146/2369
f 3567/2146/2370 4031/2146/2370 4553/2146/2370
f 4115/2146/2371 4554/2146/2371 4152/2146/2371
f 3605/2146/2372 3909/2146/2372 4554/2146/2372
f 3909/2146/2373 3701/2146/2373 4151/2146/2373
f 4555/2146/2374 3973/2146/2374 3627/2146/2374
f 4152/2146/2375 4555/2146/2375 3971/2146/2375
f 4152/2146/2376 3780/2146/2376 4150/2146/2376
f 4556/2146/1607 4149/2146/1607 3779/2146/1607
f 4120/2146/1607 4556/2146/1607 4147/2146/1607
f 3628/2146/1607 4118/2146/1607 4556/2146/1607
f 4557/2146/1607 4148/2146/1607 3662/2146/1607
f 3976/2146/1607 4557/2146/1607 4014/2146/1607
f 3768/2146/1607 4147/2146/1607 4557/2146/1607
f 4558/2146/1607 4027/2146/1607 3563/2146/1607
f 4148/2146/1607 4558/2146/1607 3870/2146/1607
f 3779/2146/1607 4146/2146/1607 4558/2146/1607
f 4143/2146/1959 4559/2146/1959 4145/2146/1959
f 3665/2146/2377 4017/2146/2377 4559/2146/2377
f 4017/2146/1744 3609/2146/1744 4119/2146/1744
f 4054/2146/1962 4560/2146/1962 4144/2146/1962
f 3572/2146/2378 3873/2146/2378 4560/2146/2378
f 3873/2146/1619 3665/2146/1619 4143/2146/1619
f 3910/2146/1964 4561/2146/1964 3976/2146/1964
f 3702/2146/1638 4144/2146/1638 4561/2146/1638
f 4144/2146/1957 3778/2146/1957 4142/2146/1957
f 4562/2146/1607 4141/2146/1607 3777/2146/1607
f 4057/2146/1607 4562/2146/1607 4139/2146/1607
f 4057/2146/2379 3566/2146/2379 4030/2146/2379
f 4563/2146/1607 4140/2146/1607 3767/2146/1607
f 3913/2146/1607 4563/2146/1607 4119/2146/1607
f 3705/2146/1607 4139/2146/1607 4563/2146/1607
f 4564/2146/1607 3977/2146/1607 3628/2146/1607
f 4140/2146/1607 4564/2146/1607 3975/2146/1607
f 3777/2146/1607 4138/2146/1607 4564/2146/1607
f 4565/2146/1607 4137/2146/1607 3776/2146/1607
f 4124/2146/1607 4565/2146/1607 4135/2146/1607
f 3629/2146/1607 4122/2146/1607 4565/2146/1607
f 4566/2146/1607 4136/2146/1607 3666/2146/1607
f 3980/2146/1607 4566/2146/1607 4018/2146/1607
f 3772/2146/1607 4135/2146/1607 4566/2146/1607
f 4567/2146/1607 4023/2146/1607 3559/2146/1607
f 4136/2146/1607 4567/2146/1607 3874/2146/1607
f 3776/2146/1607 4134/2146/1607 4567/2146/1607
f 4568/2146/1607 4133/2146/1607 3775/2146/1607
f 4021/2146/1607 4568/2146/1607 4131/2146/1607
f 3613/2146/1607 4123/2146/1607 4568/2146/1607
f 4058/2146/2380 4569/2146/2380 4132/2146/2380
f 3573/2146/1607 3877/2146/1607 4569/2146/1607
f 3669/2146/1607 4131/2146/1607 4569/2146/1607
f 4570/2146/2102 3980/2146/2102 3610/2146/2102
f 4132/2146/2381 4570/2146/2381 3914/2146/2381
f 4132/2146/1607 3775/2146/1607 4130/2146/1607
f 4571/2146/1607 4129/2146/1607 3774/2146/1607
f 4061/2146/1607 4571/2146/1607 4127/2146/1607
f 3561/2146/1607 4025/2146/1607 4571/2146/1607
f 4572/2146/1607 4128/2146/1607 3771/2146/1607
f 3917/2146/1607 4572/2146/1607 4123/2146/1607
f 3709/2146/1607 4127/2146/1607 4572/2146/1607
f 4573/2146/1607 3981/2146/1607 3629/2146/1607
f 4128/2146/1607 4573/2146/1607 3979/2146/1607
f 3774/2146/1607 4126/2146/1607 4573/2146/1607
f 4574/2146/1607 4125/2146/1607 3773/2146/1607
f 4129/2146/1607 4574/2146/1607 4126/2146/1607
f 3673/2146/1607 3881/2146/1607 4574/2146/1607
f 4575/2146/1607 4124/2146/1607 3772/2146/1607
f 4133/2146/1607 4575/2146/1607 4130/2146/1607
f 3771/2146/1607 3979/2146/1607 4575/2146/1607
f 4576/2146/1607 3879/2146/1607 3671/2146/1607
f 4137/2146/1607 4576/2146/1607 4134/2146/1607
f 3770/2146/1607 3978/2146/1607 4576/2146/1607
f 4577/2146/1607 4121/2146/1607 3769/2146/1607
f 4141/2146/1607 4577/2146/1607 4138/2146/1607
f 3678/2146/1607 3886/2146/1607 4577/2146/1607
f 4142/2146/1966 4578/2146/1966 4120/2146/1966
f 3778/2146/1639 4145/2146/1639 4578/2146/1639
f 4145/2146/2382 3767/2146/2382 3975/2146/2382
f 4579/2146/1607 3883/2146/1607 3675/2146/1607
f 4149/2146/1607 4579/2146/1607 4146/2146/1607
f 3766/2146/1607 3974/2146/1607 4579/2146/1607
f 4150/2146/2383 4580/2146/2383 4117/2146/2383
f 4153/2146/2384 4580/2146/2384 4150/2146/2384
f 3679/2146/2385 3887/2146/2385 4580/2146/2385
f 4154/2146/2386 4581/2146/2386 4116/2146/2386
f 3781/2146/2387 4157/2146/2387 4581/2146/2387
f 3763/2146/2388 3971/2146/2388 4581/2146/2388
f 4158/2146/2389 4582/2146/2389 4004/2146/2389
f 3782/2146/1981 4161/2146/1981 4582/2146/1981
f 3762/2146/2390 3970/2146/2390 4582/2146/2390
f 4583/2146/1607 4113/2146/1607 3761/2146/1607
f 4165/2146/1607 4583/2146/1607 4162/2146/1607
f 3677/2146/1607 3885/2146/1607 4583/2146/1607
f 4166/2146/2391 4584/2146/2391 4112/2146/2391
f 3784/2146/2392 4169/2146/2392 4584/2146/2392
f 3759/2146/2393 3967/2146/2393 4584/2146/2393
f 4585/2146/2394 4005/2146/2394 3653/2146/2394
f 3785/2146/2395 4173/2146/2395 4585/2146/2395
f 4173/2146/2396 3758/2146/2396 3966/2146/2396
f 4174/2146/2397 4586/2146/2397 4109/2146/2397
f 3786/2146/2398 4177/2146/2398 4586/2146/2398
f 3694/2146/2399 3902/2146/2399 4586/2146/2399
f 4178/2146/2400 4587/2146/2400 4108/2146/2400
f 3787/2146/2401 4181/2146/2401 4587/2146/2401
f 3755/2146/2402 3963/2146/2402 4587/2146/2402
f 4182/2146/2403 4588/2146/2403 3993/2146/2403
f 4185/2146/2404 4588/2146/2404 4182/2146/2404
f 3754/2146/2405 3962/2146/2405 4588/2146/2405
f 4186/2146/1999 4589/2146/1999 4105/2146/1999
f 3789/2146/1666 4189/2146/1666 4589/2146/1666
f 4189/2146/2382 3695/2146/2382 3903/2146/2382
f 4590/2146/1876 4104/2146/1876 3752/2146/1876
f 4193/2146/1622 4590/2146/1622 4190/2146/1622
f 3751/2146/1875 3959/2146/1875 4590/2146/1875
f 4591/2146/2406 4008/2146/2406 3656/2146/2406
f 4197/2146/2407 4591/2146/2407 4194/2146/2407
f 4197/2146/2408 3750/2146/2408 3958/2146/2408
f 4592/2146/1607 4101/2146/1607 3749/2146/1607
f 4201/2146/1607 4592/2146/1607 4198/2146/1607
f 3689/2146/1607 3897/2146/1607 4592/2146/1607
f 4593/2146/1607 4100/2146/1607 3748/2146/1607
f 4205/2146/1607 4593/2146/1607 4202/2146/1607
f 3747/2146/1607 3955/2146/1607 4593/2146/1607
f 4206/2146/2409 4594/2146/2409 4009/2146/2409
f 4209/2146/1607 4594/2146/1607 4206/2146/1607
f 3746/2146/1607 3954/2146/1607 4594/2146/1607
f 4595/2146/1607 4097/2146/1607 3745/2146/1607
f 4213/2146/1607 4595/2146/1607 4210/2146/1607
f 3698/2146/1607 3906/2146/1607 4595/2146/1607
f 4596/2146/1607 4096/2146/1607 3744/2146/1607
f 4217/2146/1607 4596/2146/1607 4214/2146/1607
f 3743/2146/1607 3951/2146/1607 4596/2146/1607
f 4597/2146/1607 3992/2146/1607 3640/2146/1607
f 4221/2146/1607 4597/2146/1607 4218/2146/1607
f 3742/2146/1607 3950/2146/1607 4597/2146/1607
f 4598/2146/1607 4093/2146/1607 3741/2146/1607
f 4225/2146/1607 4598/2146/1607 4222/2146/1607
f 3699/2146/1607 3907/2146/1607 4598/2146/1607
f 4599/2146/1607 4092/2146/1607 3740/2146/1607
f 4229/2146/1607 4599/2146/1607 4226/2146/1607
f 3739/2146/1607 3947/2146/1607 4599/2146/1607
f 4600/2146/1607 4012/2146/1607 3660/2146/1607
f 4233/2146/1607 4600/2146/1607 4230/2146/1607
f 3738/2146/1607 3946/2146/1607 4600/2146/1607
f 4601/2146/1607 4089/2146/1607 3737/2146/1607
f 4237/2146/1607 4601/2146/1607 4234/2146/1607
f 3691/2146/1607 3899/2146/1607 4601/2146/1607
f 4602/2146/1607 4088/2146/1607 3736/2146/1607
f 4241/2146/1607 4602/2146/1607 4238/2146/1607
f 3735/2146/1607 3943/2146/1607 4602/2146/1607
f 4603/2146/1607 4013/2146/1607 3661/2146/1607
f 4245/2146/1607 4603/2146/1607 4242/2146/1607
f 4245/2146/2410 3734/2146/2410 3942/2146/2410
f 4604/2146/1637 4085/2146/1637 3733/2146/1637
f 4249/2146/1623 4604/2146/1623 4246/2146/1623
f 3702/2146/2411 3910/2146/2411 4604/2146/2411
f 4605/2146/1607 4084/2146/1607 3732/2146/1607
f 4253/2146/1607 4605/2146/1607 4250/2146/1607
f 3731/2146/1607 3939/2146/1607 4605/2146/1607
f 4606/2146/1607 3895/2146/1607 3687/2146/1607
f 4257/2146/1607 4606/2146/1607 4254/2146/1607
f 3730/2146/1607 3938/2146/1607 4606/2146/1607
f 4607/2146/1876 4081/2146/1876 3729/2146/1876
f 4261/2146/1622 4607/2146/1622 4258/2146/1622
f 3703/2146/1875 3911/2146/1875 4607/2146/1875
f 4608/2146/1607 4080/2146/1607 3728/2146/1607
f 4265/2146/1607 4608/2146/1607 4262/2146/1607
f 3727/2146/1607 3935/2146/1607 4608/2146/1607
f 4609/2146/1607 4016/2146/1607 3664/2146/1607
f 4269/2146/1607 4609/2146/1607 4266/2146/1607
f 3726/2146/1607 3934/2146/1607 4609/2146/1607
f 4270/2146/2412 4610/2146/2412 4077/2146/2412
f 4273/2146/2413 4610/2146/2413 4270/2146/2413
f 3690/2146/2414 3898/2146/2414 4610/2146/2414
f 4274/2146/2415 4611/2146/2415 4076/2146/2415
f 3811/2146/2416 4277/2146/2416 4611/2146/2416
f 3723/2146/2417 3931/2146/2417 4611/2146/2417
f 4278/2146/2418 4612/2146/2418 4017/2146/2418
f 3812/2146/2419 4281/2146/2419 4612/2146/2419
f 4281/2146/2420 3722/2146/2420 3930/2146/2420
f 4282/2146/2421 4613/2146/2421 4073/2146/2421
f 3813/2146/2422 4285/2146/2422 4613/2146/2422
f 4285/2146/2423 3706/2146/2423 3914/2146/2423
f 4614/2146/1607 4072/2146/1607 3720/2146/1607
f 4289/2146/2424 4614/2146/2424 4286/2146/2424
f 3719/2146/2086 3927/2146/2086 4614/2146/2086
f 4615/2146/1607 3891/2146/1607 3683/2146/1607
f 4293/2146/1607 4615/2146/1607 4290/2146/1607
f 3718/2146/1607 3926/2146/1607 4615/2146/1607
f 4294/2146/2425 4616/2146/2425 4069/2146/2425
f 3816/2146/2426 4297/2146/2426 4616/2146/2426
f 4297/2146/2427 3707/2146/2427 3915/2146/2427
f 4617/2146/2428 4068/2146/2428 3716/2146/2428
f 3817/2146/2429 4301/2146/2429 4617/2146/2429
f 4301/2146/2430 3715/2146/2430 3923/2146/2430
f 4302/2146/2431 4618/2146/2431 4020/2146/2431
f 4305/2146/2432 4618/2146/2432 4302/2146/2432
f 4305/2146/2433 3714/2146/2433 3922/2146/2433
f 4619/2146/1607 4065/2146/1607 3713/2146/1607
f 4309/2146/1607 4619/2146/1607 4306/2146/1607
f 3685/2146/1607 3893/2146/1607 4619/2146/1607
f 4620/2146/1607 4064/2146/1607 3712/2146/1607
f 4313/2146/1607 4620/2146/1607 4310/2146/1607
f 3711/2146/1607 3919/2146/1607 4620/2146/1607
f 4621/2146/1607 4021/2146/1607 3669/2146/1607
f 4317/2146/1607 4621/2146/1607 4314/2146/1607
f 3710/2146/1607 3918/2146/1607 4621/2146/1607
f 4622/2146/1607 4061/2146/1607 3709/2146/1607
f 4321/2146/1607 4622/2146/1607 4318/2146/1607
f 3645/2146/1607 3853/2146/1607 4622/2146/1607
f 4623/2146/2434 4060/2146/2434 3708/2146/2434
f 4325/2146/2435 4623/2146/2435 4322/2146/2435
f 3667/2146/2436 3875/2146/2436 4623/2146/2436
f 4624/2146/1607 3851/2146/1607 3643/2146/1607
f 4329/2146/1607 4624/2146/1607 4326/2146/1607
f 3666/2146/1607 3874/2146/1607 4624/2146/1607
f 4625/2146/1613 4057/2146/1613 3705/2146/1613
f 3825/2146/2437 4333/2146/2437 4625/2146/2437
f 4333/2146/2438 3650/2146/2438 3858/2146/2438
f 4626/2146/1612 4056/2146/1612 3704/2146/1612
f 4337/2146/1612 4626/2146/1612 4334/2146/1612
f 3663/2146/1612 3871/2146/1612 4626/2146/1612
f 4627/2146/1607 3855/2146/1607 3647/2146/1607
f 4341/2146/1607 4627/2146/1607 4338/2146/1607
f 3662/2146/1607 3870/2146/1607 4627/2146/1607
f 4342/2146/2439 4628/2146/2439 4053/2146/2439
f 3828/2146/2440 4345/2146/2440 4628/2146/2440
f 4345/2146/2441 3651/2146/2441 3859/2146/2441
f 4629/2146/1607 4052/2146/1607 3700/2146/1607
f 4349/2146/1607 4629/2146/1607 4346/2146/1607
f 3659/2146/1607 3867/2146/1607 4629/2146/1607
f 4630/2146/1607 4032/2146/1607 3680/2146/1607
f 4353/2146/1607 4630/2146/1607 4350/2146/1607
f 3658/2146/1607 3866/2146/1607 4630/2146/1607
f 4631/2146/1607 4049/2146/1607 3697/2146/1607
f 4357/2146/1607 4631/2146/1607 4354/2146/1607
f 3649/2146/1607 3857/2146/1607 4631/2146/1607
f 4632/2146/2442 4048/2146/2442 3696/2146/2442
f 3832/2146/1715 4361/2146/1715 4632/2146/1715
f 4361/2146/1715 3655/2146/1715 3863/2146/1715
f 4633/2146/2443 4033/2146/2443 3681/2146/2443
f 3833/2146/2444 4365/2146/2444 4633/2146/2444
f 3654/2146/2445 3862/2146/2445 4633/2146/2445
f 4634/2146/1607 4045/2146/1607 3693/2146/1607
f 4369/2146/1607 4634/2146/1607 4366/2146/1607
f 3637/2146/1607 3845/2146/1607 4634/2146/1607
f 4370/2146/2446 4635/2146/2446 4044/2146/2446
f 3835/2146/2447 4373/2146/2447 4635/2146/2447
f 3639/2146/2448 3847/2146/2448 4635/2146/2448
f 4636/2146/1607 3843/2146/1607 3635/2146/1607
f 4377/2146/1607 4636/2146/1607 4374/2146/1607
f 3638/2146/1607 3846/2146/1607 4636/2146/1607
f 4637/2146/1607 3839/2146/1607 3631/2146/1607
f 4381/2146/1607 4637/2146/1607 4378/2146/1607
f 3633/2146/1607 3841/2146/1607 4637/2146/1607
